org_name,bills_supported
California Federation of Teachers,5574
"National Association of Social Workers, California Chapter",3277
Disability Rights California,2943
Friends Committee on Legislation of California,2560
Health Access California,2667
Association for Los Angeles Deputy Sheriffs,1947
League of Women Voters of California,1712
American Civil Liberties Union of California,1811
Peace Officers Research Association of California (PORAC),910
"American Academy of Pediatrics, California",1004
Los Angeles Area Chamber of Commerce,1282
Older Women's League of California,1056
San Bernardino County Sheriff's Department,812
Los Angeles County,927
Health Officers Association of California,1307
"American Legion, Department of California",473
UNITE HERE,735
Union of American Physicians and Dentists,858
Midpeninsula Regional Open Space District,615
"Vietnam Veterans of America, California State Council",429
NextGen California,505
American Lung Association of California,529
California State Council of Service Employees International Union,470
"Employees, AFL-CIO",424
"AMVETS, Department of California",376
California Pan - Ethnic Health Network,318
California Fence Contractors' Association,691
Los Angeles County Probation Officers Union,383
Nextgen California,309
Employees (AFSCME),269
First 5 California,383
Cal-Tax,648
AMVETS-Department of California,320
American Lung Association in California,465
American Association of University Women - California,328
Jewish Public Affairs Committee of California,300
American Legion-Department of California,262
American Nurses Association of California,342
American Civil Liberties Union (ACLU),381
Vietnam Veterans of America-California State Council,230
Lutheran Office of Public Policy - California,251
"Veterans of Foreign Wars, Department of California",210
The Education Trust - West,227
Planned Parenthood Mar Monte,282
Physicians for Social Responsibility - Los Angeles,324
First 5 Association of California,263
California Federation of Teachers (CFT),145
California Association of Public Authorities for IHSS,236
Association of Los Angeles Deputy Sheriffs,210
Peralta Community College District,267
"California Association of County Veterans Service Officers, Inc",164
California State Teachers' Retirement System,338
Torrance Area Chamber of Commerce,451
American Nurses Association/California,188
Orange County Sheriff's Department,202
Greater Riverside Chambers of Commerce,340
California Nurses Association/National Nurses Organizing Committee,207
California Chapter of the American Fence Contractors' Association,246
National Council of Jewish Women Los Angeles,166
American Nurses Association California,140
California Fence Contractors Association,203
Fight Crime: Invest in Kids California,125
San Bernardino County Sheriff's Office,128
National Council of Jewish Women California,135
Association of California Insurance Companies (ACIC),131
"California Police Chiefs Association, Inc",103
California Department of Forestry Firefighters,141
Asian Americans Advancing Justice-southern California,80
"Physicians for Social Responsibility, Los Angeles",123
California State Council of Service Employees,131
AMVETS- Department of California,67
"Council on American-Islamic Relations, California",104
Oxnard Chamber of Commerce,376
"Service Employees International Union, California State Council",117
Military Officers Association of America - California Council of Chapters,83
California Association of Clerks and Election Officials (CACEO),65
Asian Americans Advancing Justice - Los Angeles,101
State Building and Construction Trades Council of CA,93
Leading Age California,122
Children's Defense Fund - CA,97
Asian Americans Advancing Justice-Southern California,87
San Diego District Attorney's Office,108
"Los Angeles Deputy Sheriffs, Inc",97
Girl Scout Councils of California,82
CAL FIRE Local 2881,132
"American Nurses Association, California",103
"Amvets, Department of California",54
Empowering Pacific Islander Communities (EPIC),54
Veterans of Foreign Wars - Department of California,84
"National Council of Jewish Women, California",91
Re:store Justice,80
National Council of Jewish Women-California,105
American Legion- Department of California,51
State Building and Construction Trades Council of Ca,69
California Hawaii State Conference of the NAACP,66
American Nurses Association\California,66
Air-conditioning & Refrigeration Contractors Association,78
Vietnam Veterans of America- California State Council,42
Triple-A Council of California,63
Showing Up for Racial Justice (SURJ) Bay Area,41
"Service Employees International Union, AFL-CIO",109
Riverside County Sheriff's Office,136
American Planning Association-California Chapter,125
Santa Clara Valley Audubon Society,119
National Council of Jewish Women CA,64
California State University Employees Union (CSUEU),47
Alameda County Sheriff,75
Insurance Commissioner Ricardo Lara / California Department of Insurance,71
Indivisible East Bay,90
"American Association of University Women, California",67
Sierra Club-California,79
San Bernardino County District Attorney,81
American Association of University Women California,58
Sacramento Hispanic Chamber of Commerce,82
"American Council of Engineering Companies, California",97
Re:Store Justice,55
Los Angeles Alliance for a New Economy (LAANE),39
Cal Fire Local 2881,76
"American Federation of State, County and Municipal: Employees (AFSCME)",66
"American Federation of State, County and Municipal Employees (AFL-CIO)",36
National Association of Social Workers California Chapter,48
California Firefighters Association,60
Asian Pacific Environmental Network (APEN),50
"AMVETs, Department of California",39
WateReuse Association of California,134
Hemet City Fire Fighters Association,63
American Legion Department of California,53
"American College of Emergency Physicians, California",55
AMVETS Department of California,51
The Transformative In-prison Workgroup,46
El Monte/South El Monte Chamber of Commerce,81
California Labor Federation (AFL-CIO),85
"The Climate Reality Project, Los Angeles Chapter",55
"League of California Cities, Los Angeles County Division",61
District Council of Iron Workers of the State of California and Vicinity,67
Office of Ratepayer Advocates (ORA),46
National Multiple Sclerosis Society - California Action Network,51
Auto Club of Southern California (AAA),51
"Service Employees International Union, AFL-CIO, CLC",78
Friends Committee on Legislation in California,56
"Coalition for Economic Survival, Los Angeles",89
"American Subcontractors Association California, Inc",67
American Planning Association - California Chapter,66
"State Public Affairs Committee, Junior Leagues of California",39
Power California,46
Physicians for Social Responsibility Los Angeles,47
National Electrical Contractors Association (NECA),53
California Continuing Care Residents Association (CALCRA),33
California Competes: Higher Education for a Strong Economy,61
California Citizens Against Lawsuit Abuse,112
California Association of County Veterans Service Officers (CACVSO),25
WateReuse California,64
Service Employees International Union - California,41
San Bernardino County Sheriffs Department,46
Lutheran Office of Public Policy-California,45
American Jewish Committee - Los Angeles,44
"American Federation of State, County and Municipal Employees, AFL- CIO",29
Acterra: Action for a Healthy Planet,33
Picayune Rancheria of the Chukchansi Indians,40
Los Angeles County Sheriff's Office,39
Los Angeles County Probation Officers' Union,36
California Chapter of the American Fence Contractors Association,48
"American Academy Of Pediatrics, California",29
United Chambers of Commerce of the San Fernando Valley,78
Toward Utility Rate Normalization (TURN),75
"The American Legion, Department of California",36
Plumbing-Heating-Cooling Contractors of California,40
National Federation of Independent Business - California,61
"National Association Of Social Workers, California Chapter",22
Asian Americans Advancing Justice - Southern California,40
Air-Conditioning & Refrigeration Contractors Association,40
Utility Consumers' Action Network (UCAN),49
San Bernardino County Sheriff-Coroner,32
Peace Officers' Research Association of California (PORAC),25
Murrieta Wildomar Chamber of Commerce,172
County of Los Angeles Sheriff's Department,50
Children's Defense Fund- California,40
"Children's Defense Fund, California",35
"Assembly Committee on Jobs, Economic Development, and the Economy",43
Acterra: Action for A Healthy Planet,41
"National Council of Jewish Women, Los Angeles",40
California Rural Legal Assistance Foundation (CRLAF),32
American Academy of Pediatrics - California,34
The Wall Las Memorias Project,50
Northern California District Council - ILWU,34
"NAIOP of California, the Commercial Real Estate Development Association",102
Mothers Against Drunk Driving (MADD),29
"Long Beach Firefighters, Local 372",33
District Council of Iron Workers of The State of California and Vicinity,40
Cerritos Regional Chamber of Commerce,79
California Rural Legal Assistance Foundation (CRLA),30
California Employment Lawyers Association (CELA),25
CFT- a Union of Educators & Classified Professionals,18
Non-toxic Neighborhoods,38
Mid-Peninsula Housing Coalition,33
Long Beach Fire Fighters,36
California Attorneys for Criminal Justice (CACJ),145
"Attorney General, State of California",20
American Association of Retired Persons California,26
"People's Self-Help Housing Corporation, San Luis Obispo",34
Orange County Sheriff,35
National Association of Social Workers - California,35
E2 (Environmental Entrepreneurs),31
Community Associations Institute - California Legislative Action Committee,117
California Taxpayers Association (Cal-Tax),89
California National Organization for Women (CA NOW),17
"American Federation of State, County and Municipal Employees, Local 3299",25
American Academy of Pediatrics California,28
University of San Francisco School of Law | Racial Justice Clinic,32
Sonoma County Sheriff's Department,29
"Skid Row Housing Trust, Los Angeles",38
Sheriff of San Bernardino County,29
San Bernardino Valley Audubon Society,48
"Public Risk Innovation, Solutions, and Management (PRISM)",99
Older Womens League of California,25
National Organization for Women (NOW),30
National Association of Social Workers- California Chapter,22
"Long Beach Fire Fighters, Local 372",22
"American Federation of State, County and Municipal Employees, Local 685",22
American Association of University Women-California,22
Wilmington Chamber of Commerce,73
United Teachers of Los Angeles (UTLA),26
Service Employees International Union (SEIU) California,20
Physicians for Social Responsibility San Francisco Bay Area Chapter,17
Physicians for Social Responsibility - Sacramento Chapter,25
Murrieta/Wildomar Chamber of Commerce,84
Friends Committee On Legislation Of California,21
"Citizens for the ""Right to Know",24
Central Coast Alliance United for a Sustainable Economy (CAUSE),19
California State Teachers Retirement System,29
California Fence Contractor's Association,34
American Council of Engineering Companies California,47
Alliance for Community Transit - Los Angeles,35
University Council-American Federation of Teachers,28
Service Employees International Union - California State Council,22
San Bernadino County Sheriff,24
STAND! Against Domestic Violence,27
Organization of Farmworker Women Leaders in California,24
League Of Women Voters Of California,14
Election Integrity Project California,41
California ProLife Council,82
California Competes: Higher Education for A Strong Economy,21
California Association of County Veterans Service,15
"Brady Campaign to Prevent Gun Violence, California Chapters",33
Asociacion De Emprendedor@s,31
"Asian Americans Advancing Justice, California",20
American Red Cross California Chapter,25
American Nurses Association - California,23
American Civil Liberties Union Of California,16
"American Association of Retired Persons, California",22
United Domestic Workers of America/AFSCME,26
"The American Federation of State, County and Municipal Employees (AFSCME), AFL-CIO",17
Service Employees International Union California State Council,18
Physicians for Social Responsibility - San Francisco Bay,27
National Association of Women Business Owners - California,23
National Action Network - Sacramento Chapter,28
Las Virgenes - Triunfo Joint Powers Authority,23
California Lawyers Association - Family Law Section,17
California Federation Of Teachers,11
California Chapter of the American Fence Contractor's Association,20
Associated General Contractors - San Diego Chapter,32
Asian Americans Advancing Justice-Los Angeles,28
American Council of Engineering Companies - California,29
U.S. Green Building Council - Los Angeles,19
Southern California Association of Non-Profit,13
Sierra Club - California,25
San Luis Obispo County District Attorney,24
San Bernardino County Sheriffs' Department,15
San Bernadino County Sheriff's Department,13
Plumbing Heating Cooling Contractors of California,15
Physicians for Social Responsibility - San Francisco Bay Area,20
Military Officers Association- California Council of Chapters,13
Mazon: a Jewish Response to Hunger,17
Los Angeles County Inter-Agency Council on Child Abuse and Neglect,15
Japanese American Citizens League - San Jose Chapter,12
Housing Equality & Advocacy Resource Team (HEART),10
Elected Officials to Protect America - Code Blue,21
Educators for Excellence - Los Angeles,20
"Council on American-islamic Relations, California",11
California Taxpayers Association (CalTax),17
"California ProLife Council, Inc",42
California Hawaii State Conference of The NAACP,11
California Council/American Society of Landscape Architects,17
"California Attorneys, Administrative Law Judges and Hearing Officers in",27
Association of California State Supervisors (ACSS),17
American Nurses Association/california,11
"American Federation of State, County, Municipal Employees",15
"American Congress of Obstetricians and Gynecologists, District IX (California)",20
American Academy of Pediatrics - California District,13
Air-conditioning and Refrigeration Contractors Association,22
Watereuse California,18
Veterans of Foreign Wars-Department of California,10
"The Climate Reality Project, San Fernando Valley",16
"The Climate Reality Project, Bay Area Chapter",20
The Climate Reality Project Los Angeles Chapter,15
Su Casa - Ending Domestic Violence,19
San Diego City Fire Fighters,20
Physicians for Social Responsibility- Los Angeles,18
National Multiple Sclerosis Society-California Action Network,13
Mission Readiness,16
Jewish Community Relations Council (SACRAMENTO),10
International Brotherhood of Electrical Workers (IBEW),14
Humboldt County Sheriff's Office,18
Human Rights/Fair Housing Commission of the City and County: of Sacramento,11
E2 (environmental Entrepreneurs),10
DIR/Floortime Coalition of California,43
"Cruz Bustamante, Lieutenant Governor",13
County Alcohol and Drug Program Administrators Association,22
Community Overcoming Relationship Abuse (CORA),9
California State Council Of Service Employees,9
California Nurses Association/ National Nurses United,17
California National Organization for the Reform of Marijuana Laws,21
California Law Enforcement Association of Records Supervisors (CLEARS),21
California Association of Public Authorities for Ihss,9
Browning Ferris Industries,23
Asian Pacific Islander American Health Forum,27
Asian Americans Advancing Justice - Sacramento,15
"American College of Obstetricians and Gynecologists, District IX (California)",14
American Association of University Women - San Jose,15
AFL-CIO Housing Investment Trust,26
The Legal Aid Society-Employment Law Center,11
"Stockton Professional Firefighters, Local 456",18
Sonoma County Climate Activist Network (SOCOCAN!),22
"Sherman Block, Sheriff of Los Angeles County",15
San Francisco Bay Area Chapter - Safari Club International,34
STAND! For Families Free of Violence,10
Protection of the Educational Rights of Kids - Advocacy,12
Physicians for Social Responsibility - LA,14
Non-Toxic Neighborhoods,13
National Council of Jewish Women-california,8
"County of Los Angeles, Sheriff's Department",14
Construction Employers' Association (CEA),17
Computing Technology Industry Association (CompTIA),13
Chicano Latino Caucus of the California Democratic Party,10
California Police Chief Association,12
"California HIV Advocacy Coalition, Southern California",12
CA-Nevada Conference of Operating Engineers,11
Asian Americans Advancing Justice- California,14
"American Red Cross, California Chapter",19
"American Federation of State, County and Municipal Employees (AFSCME), AFL- CIO",3
American Clean Power- California,19
American Association of University Women San Jose,9
Wild Sheep Foundation - California Chapter,21
"Vietnam Veterans Of America, California State Council",8
University Council - American Federation of Teachers,19
The Riverside Sheriffs Association,9
Teach Plus California,14
Students Against Animal Cruelty Club - Hueneme High School,16
Southern California Contractors Association (SCCA),14
Sonoma County Sheriff's Office,15
Services Employees International Union California,17
Service Employees International Union of California,14
Service Employees International Union (SEIU California),9
San Bernardino District Attorney,12
SEIU-California,11
Reclaim Our Power: Utility Justice Campaign,14
Older Women's League of California (OWL-CA),10
Office of the Sheriff of San Bernardino County,8
Northern California District Council of the International Longshore and Warehouse Union (ILWU),11
Northern California District Council of The International Longshore and Warehouse Union (ILWU),7
National Multiple Sclerosis Society - CA Action Network,14
"National Federation of Independent Business, California",13
National Council of Jewish Women/Los Angeles,14
National Council of Jewish Women-CA,15
National Association of Social Workers - CA Chapter,11
Mazon: A Jewish Response to Hunger,8
Lutheran Office Of Public Policy - California,7
Long Beach Fire Fighters Local 372,12
Laguna Woods Village,44
International Brotherhood of Electrical Workers Local 11,17
Hispanic Chamber of Commerce,10
"Habitat for Humanity, California",12
Glenn County Sheriff's Office,10
Engineering Contractors' Association (ECA),10
Danville Area Chamber of Commerce,84
Council on American-Islamic Relations California,11
Corporations Committee of the Business Law Section of the California State Bar,34
Community Services Employment Training,15
Child Care Coordinating Council of San Mateo County,14
Central American Resource Center - Carecen - of California,10
California Solar Energy Industries Association (CALSEIA),10
California Police Chiefs Associations,11
California Association of Resource Specialists and Special: Education Teachers,12
American Nurses' Association\California,14
American Lung Association In California,11
American Institute of Architects-California Council,14
"American Federation of State, County, and Municipal: Employees (AFSCME)",11
"American Federation of State, County and Municipal: Employees, AFL-CIO",11
American Academy of Pediatrics-California,8
Advanced Medical Technology Association (AdvaMed),16
Vietnam Veterans of America California State Council,5
United Professional Fire Fighters of Contra Costa County,14
UNITE HERE! Local 11,10
The Education Trust - West Unidosus,10
The American Legion - Department of California,5
Teamsters Local 856,16
Teach Plus - Calfornia,7
TACC Triple-A Council of California,6
"St. Peter?s Housing Committee, San Francisco",8
Screen Actors Guild‐American Federation of Television and Radio Artists,9
Santa Barbara County Sheriff's Office,12
San Bernardino County Sheriffs' Office,7
"Safari Club International, San Francisco Bay Area Chapter",10
"Safari Club International, California Chapters",13
Redwood Community Action Agency - Youth Services Bureau,7
Public Interest Law Project (PILP),5
"Plumbing, Heating, Cooling Contractors of California",8
Physicians for Social Responsibility - Sacramento,12
Older Women's League of California (OWL/CA),8
National Rifle Association - Institute for Legislative Action,65
National Electrical Contractors Association - California Chapter,9
"National Association of Insurance and Financial Advisors, California",11
Military Officers Association of America- California Council of Chapters,5
Los Angeles County Fair Association (Fairplex),11
Los Angeles Area Chamber Of Commerce,10
"International Brotherhood of Electrical Workers, Local Union 569",11
International Brotherhood of Electrical Workers Local Union 569,10
"International Association of Firefighters, Local 55",11
GLMA: Health Professionals Advancing LGBT Equality,11
Foothill - De Anza Community College District,7
"Fight Crime, Invest in Kids",13
Fight Crime Invest in Kids,6
Democrats for Israel - Los Angeles,10
Common Ground - The Westside HIV Community Center,14
Child Care Coordinating Council of San Mateo,18
"Central Labor Council of Contra Costa County, AFL-CIO",14
Central American Resource Center- Carecen- of California,9
California Taxpayers' Association (Cal-Tax),56
"California Labor Federation, AFL- CIO",6
California Labor Federation - AFL-CIO,18
California Independent Oil Marketers Association (CIOMA),11
California Grocers Association (CGA),12
Cal-Tash,6
Cal-EPA,10
CA Credit Union League,9
CA Chapter of the American Fence Contractors' Association,7
Building Healthy Communities: Long Beach,9
Automotive Service Council of California,16
"Association of the United States Army, Central California",9
Association for Los Angeles Deputy Sheriff's,8
Association for Los Angeles Deputy Sheriff,9
Asian Americans Advancing Justice- Los Angeles,17
American Massage Therapy Association - California Chapter,11
American Jewish Committee - San Diego,5
"American Federation of State, County and Municipal Employees (AFSCME, AFL-CIO)",5
American College of Obstetricians and Gynecologists-District IX,14
"American College of Obstetricians and Gynecologists, District IX California",11
American College of OB/GYN's District IX,12
American College of Emergency Physicians - California Chapter,10
Alameda Fire Fighters,10
Agency on Aging \ Area 4,10
Advanced Medical Technology Association (ADVAMED),19
"AMVETS, Department Of California",5
(ACTR),5
#HalfTheStory,13
Westchester-Playa Democratic Club,5
United Professional Fire Fighters,15
United Food and Commercial Workers Union - Western States Council,6
UNITE HERE! AFL-CIO,17
"The Climate Reality Project, California Coalition",8
"The American Institute of Architects, California Council",13
Stockton Professional Firefighters Local 456,14
State Building And Construction Trades Council Of Ca,5
So-Cal Families for Safe Streets,4
Seventh Day Adventist Church State Council,13
"Service Employees International Union (SEIU), California",7
Safari Club International - California Coalition,9
"Project Rebound, Sacramento State University",5
Placer County Sheriff-Coroner-Marshal,10
Placer County Sheriff Coroner-Marshal,10
Picayune Rancheria of The Chukchansi Indians,7
"Physicians for Social Responsibility, San Francisco Bay Chapter",7
"People?s Self-Help Housing Corporation, San Luis Obispo",7
Pacific Media Workers Guild (the Newsguild-communications Workers of America Local 39521),10
Non-Toxic Schools,8
New Way of Life Re-Entry Project,5
National City Firefighters,5
National Association of Women Business Owners California,5
"National Association of Social workers, California Chapter",5
National Association of Social Workers - California Chapter (NASW-CA),5
National Association of Social Workers (California Chapter),14
"Naiop of California, the Commercial Real Estate Development Association",20
NAMI-California,5
Maternal and Child Health Access (Los Angeles),9
MAZON: A Jewish Response to Hunger,9
Lutheran Office of Public Policy?California,8
Los Angeles Unified School District Board of Education,11
Los Angeles County Police Chiefso Association,4
"LGBTQ+ Inclusivity, Visibility, and Empowerment (LIVE)",7
Hemet City Firefighters Association,10
Hearing Healthcare Providers/California,10
Friends Committee on Legislation Of California,4
"Fight Crime: Invest in Kids, California",4
Engineering Utility Contractors Association,12
Ecology Center (Berkeley),4
Culver City Fire Fighters,14
County Alcohol and Drug Program Administrators Association: of California,6
Counties of: Alameda,2
Consumer Coalition of California,12
Coalition of California Utility Employees (CUE),9
Clue (Clergy and Laity United for Economic Justice),4
Children (LA-NACC),4
CaliforniaHealth Advocates,4
California Taxpayers Association (CALTAX),20
"California Public Health Association, North",9
California Nurses Association/ National Nurses Organizing Committee,7
"California Military Department, Office of the Adjutant General",5
California Child Development Administrators Association (CCDAA),5
California Chapters of the National Electrical Contractors Association (co,4
California Association of Public Authorities for In-Home: Supportive Services,9
CCNMA: Latino Journalists of California,16
CA Association of County Veterans Service Officers,7
Brady Campaign to Prevent Gun Violence - California Chapters,9
"Black American Political Association of California, Sacramento Chapter",5
Automotive Services Councils of California,10
American Nurses Association / California,9
American Lung Association - California,9
American Jewish Committee - San Francisco,8
American International Group (AIG),20
"American Institute of Architects, California Chapter",11
American Institute of Architects - California Council,14
"American Federation of State, County, and Municipal Employees (AFSCME, AFL-CIO)",5
"American Federation of State, County, Municipal Employees (AFSCME)",6
"American Federation of State, County and Municipal: Employees (AFSCME), AFL-CIO",10
American Federation of State County Municipal Employees (AFSCME),5
"American Congress of Obstetricians and Gynecologists, District IX, California",19
"American Congress of Obstetricians and Gynecologists, District IX California",8
American College of Emergency Physicians (California Chapter),12
"American Civil Liberties Union, Southern California",12
American Association of Retired Persons - California,4
American Academy of Pediatrics - California District IX,6
APLUS+ Personalized Learning Network Association,11
#OaklandUndivided,11
Z-Best Composting,7
Women's Employment Rights Clinic - Golden Gate University School of Law,3
Veterans of Foreign Wars- Department of California,4
Utility Consumers Action Network (UCAN),9
"United Cerebral Palsy, California",4
Union of American Physicians and Dentist,7
US Green Building Council - Los Angeles,4
"UNITE-HERE, Local 11",5
UNITE-HERE! AFL-CIO,7
"The Vons Companies, Inc",13
The Transformative In-Prison Workgroup,4
The Climate Reality Project Bay Area Chapter,4
Teamsters Local 853,9
Surfrider Foundation (Newport Beach Chapter),7
StopWaste.Org (Alameda County Waste Management Authority),6
State Public Affairs Committee Junior Leagues of California,4
State Public Affairs Committee - Junior Leagues of California,3
State Building and Construction Trades Council of,6
Southern California Nevada Conference of the United Church of Christ,6
Southern California Nevada Conference United Church of Christ,8
Showing Up for Racial Justice - Marin,4
Service Employees International Union-California,5
San Bernardino County Sheriffs Office,6
San Bernardino County Sheriffs,3
San Bernardino County Sheriff's,3
Sacramento County Deputy Sheriffs' Assoc,6
Sacramento Area Fire Fighters,13
Reinsurance Association of America (RAA),3
"Radio Bilingüe, INC",5
Physicians for a National Health Program -- California Chapter,5
"Physicians For Social Responsibility, Los Angeles",6
Physicians For Social Responsibility - Los Angeles,5
Paso Robles Public Schools,9
Older Women?s League,6
Older Women's league of California,3
Older Women League,4
"New Directions, Inc., Los Angeles",11
"New Directions Inc, Los Angeles",10
National Wild Turkey Federation - California State Chapter,8
National Council of Senior Citizens--LA Chapter,3
National Council of Jewish Women- California,7
"National Association of Women Business Owners, California",4
National Association of Social Workers - CA chapter,4
National Association of Social Workers (NASW) - California Chapter,3
National Association of Counsel for Children - Los Angeles,5
Military Officers Association of America - CA Council of Chapters,3
MidPeninsula Regional Open Space District,6
Mexican-american Legal Defense and Ed Fund [maldef,3
Mexican-American Legal Defense and Ed Fund [MALDEF,3
"Media Guild of The West, Newsguild-cwa Local 39213",3
March of Dimes Foundation - California Chapter,3
March of Dimes - California Chapter,3
MAZON - A Jewish Response to Hunger,10
Lutheran Office of Public Policy- California,5
Lutheran Office of Public Policy -- California,3
"Los Angeles Deputy Sheriffs, INC",6
Los Angeles County Bar Association - Family Law Section,6
Los Angeles Alliance for A New Economy (LAANE),4
League of Humane Voters - California Chapter,13
League of California Cities - Los Angeles County Division,6
"K"" Line America, Inc",9
"Hotel Employees, Restaurant Employees",3
Hermandad Los Angeles Economic and Community Development: Corporation,4
Hearing HealthCare Providers/California,16
Health Officer's Association of California,11
Health Care for All California,8
"Golden State Manufactured Home Owners League, Inc",5
Friends of Public Banking - Santa Rosa,7
Federation for American Immigration Reform (FAIR),16
Familia: Trans Queer Liberation Movement,9
Epic (environmental Protection Information Center),4
Engineering & Utility Contractors Association (EUCA),10
Empowerment (dess Perkins Foundation),7
Employment Law Center - Legal Aid Society of San Francisco,4
El Monte/south El Monte Chamber of Commerce,6
Ecology Center (BERKELEY),3
Developmental Disabilities Board - Area XIII,3
County Welfare Directoros Association of California,3
County Alcohol and Drug Program Administrators: Association of California,4
Council on American-Islamic Relations - California,11
"Council of American-Islamic Relations, California",3
Contra Costa Move On,4
City of Oakland - Department of Violence Prevention,5
Chula Vista Firefighters Local 2180,8
"Central American Resource Center, Los Angeles",7
Ccnma: Latino Journalists of California,7
California- Stop Terrorism and Oppression by Police Coalition,5
California Taxpayer's Association (Cal-Tax),5
California State University - Fullerton,3
California State Sheriffs'Association,3
California Society of Physical Medicine and Rehabilitation (CSPMR),6
California Society of Health-System,5
California Society of Association Executives (CalSAE),9
California Self-Insurers Association (CSIA),5
California Public Interest Research Group (CALPRIG),4
California Native Plant Society - Orange County Chapter,7
California Mobilehome Resource Action Association,12
California Labor Federation-AFL-CIO,3
California Labor Federation / AFL-CIO,7
California District Council of Iron Workers,11
California Chamber,18
California Association of Winegrape Growers (CAWG),6
CLUE (Clergy and Laity United for Economic Justice),3
CA Association of County Veterans Service Officers (CACVSO),3
Bicycle Kitchen/la Bici-cocina,7
Associated General Contractors - San Diego,20
Asociacion de Emprendedor@s,4
Asian Prisoners Support Committee,6
Asian Americans Advancing Justice-Asian Law Caucus,7
"Amvets, Department Of California",6
American Redress Coalition of California - Sacramento,8
American Nurses Association of California (ANA\C),6
"American Legion, Department Of California",7
American Legion - Department of CA,3
American Heart Association/ American Stroke Association,4
"American Federation of State, County, and Municipal Employees, Local 3299",4
"American Federation of State, County, Municipal Employees, AFL-CIO",6
"American Federation of State, County and Municipal Employees (AFSCME), Local 3299",7
American Congress of Obstetricians and Gynecologists District IX California,4
American College of Physicians - California Services Chapter,5
American College of Cardiology - California Chapter,6
American Career College/West Coast University,8
American Brotherhood Aimed Toward Education (ABATE),5
"American Association of University Women, San Jose",6
American Association for Marriage and Family Therapy - California Division,4
American Association Of University Women - California,3
American Academy of Pediatrics (California District),6
"Alliance for the Mentally Ill, Lake County",3
Agency on Aging / Area 4,3
Adrienne Arsht - Rockefeller Foundation Resilience Center,7
API Equality Northern California,6
"AMVETS, Department of CA",4
"AFSCME (American Federation of State, County and Municipal Employees)",6
ACT LA,5
911 Ambulance Provider's Medi-Cal Alliance,26
(CAR),3
(AFSCME),3
#oaklandundivided Coalition,3
#oaklandundivided,7
#halfthestory,7
interACT: Advocates for Intersex Youth,7
Z-best Composting,2
Yolo County Clerk-Recorder,14
"Women's Center High Desert, Inc",5
Women Organized to Make Abuse Non-existent (woman Inc.),2
Women Organized to Make Abuse Non-existent (WOMAN Inc),2
"Vietnam Veterans of America, Inc., South Bay Chapter",3
Vietnam Veterans of America - California Council,4
Vietnam Veterans of America - CA State Council,2
"Veterans of Foreign Wars of the United States, Department",2
Veterans of Foreign Wars Department of California,5
"Vasquez & Company, LLC",2
"University Professional and Technical Employees-CWA, Local 9119",2
University Professional and Technical Employees-CWA Local 9119,5
"United States Green Building Council, California",5
United Food & Commercial Workers Union - Western States Council,3
"United Domestic Workers of America, AFSCME",3
United Chamber of Commerce of San Fernando Valley,2
Unite Here! Local 11,7
Unitarian Universalist Legislative Ministry Action Network-CA,5
UPTE/CWA,2
"UNITE/HERE, Local 2",2
UNITE-HERE Local 11,7
UNITE HERE! Local 19,3
UFCW- Western States Council,2
U.S. Green Building Council-California,4
U-tu Utu Gwaitu Paiute Tribe,5
The Legal Aid Society Employment Law Center,5
The Education Trust--West,2
The Education Trust - West UnidosUS,2
The California Chapters of the Brady Campaign to Prevent Gun Violence,2
The American Institute of Architects California Council,3
The Alliance Supporting People with Intellectual and Developmental,9
Tenderloin Housing Clinic (San Francisco),4
Teamsters Local 396,9
Teamsters Local 386,4
Table Bluff Reservation - Wiyot Tribe,4
Surj North County San Diego (SURJNCSD),2
Students for Qualify Education at Sacramento State,2
Stop PG&E,5
States Council of the United Food & Commercial Workers,2
"State Public Affairs Committee, Junior Leagues of CA",5
State Building And Construction Trades Council of CA,3
State Bar of California - Family Law Section,11
Stand! For Families Free of Violence,2
Stand! Against Domestic Violence,4
"St. Mary's Center, Oakland",2
South Bayside Waste Management Authority (SBWMA) DBA Rethinkwaste,3
South Bay Chamber of Commerce,4
South Bay Association Chamber of Commerce,4
Solano County Deputy Sheriff Association,9
Sierra Club-Santa Lucia Chapter,4
Sierra Club- California,2
Sierra Club - Santa Lucia Chapter,3
Sierra Club (California),6
Showing Up for Racial Justice - San Francisco,2
Showing Up for Racial Justice - North County,3
"Services Employees International Union, California",3
Services Employees International Union (SEIU) Local 1000,4
Service Employees International Union SEIU Local 1000,2
"Service Employees International Union AFL-CIO, CLC",11
Service Employees International Union - California (SEIU),3
Service Employees,5
Screen Actors Guild-American Federation of Television and Radio Artist,2
Sausalito),2
"Santa Clara Valley Water District , Association of California Water Agencies",6
Santa Clara County Transit District),2
Santa Clara County District Attorneyos Office,6
Sanitary District,2
San José - Evergreen Community College District,2
San Francisco Bay Area Physicians for Social Responsibility (SF Bay Area PSR),5
San Diego District Attorneys Office,5
San Diego City Councilmember Toni Atkins,5
San Bernardino county Sheriff's Department,2
San Bernandino County District Attorney,2
SEIU/UHW,3
SEIU-USWW,8
SEIU - United Service Workers West,3
SEIU - United Long Term Care Workers,7
Rutherford & Chekene,3
Riverside Sheriffs,2
Riverside City College - Guardian Scholars Program,2
"Richard Riordan, Mayor",2
Ricardo Lara - Insurance Commissioner,4
Restaurant Opportunities Center - Los Angeles,6
Regional Council of Rural Counties: Urban Counties Caucus,2
Rebuild So-Cal Partnership,3
Rancho Cucamonga Firefighters Association,4
"Project Rebound, California State University Fullerton",5
Progressive Democrats of America-California,4
"Professional and Technical Engineers, IFPTE Local",2
Presbyterian Church (USA),6
"Plymouth United Church of Christ, Oakland",2
Planned Parenthood mar Monte,3
Physicians for Social Responsibility- San Francisco Bay Area,3
Physicians for Social Responsibility- Sacramento,4
"Physicians for Social Responsibility, Los Angeles Chapter",4
Physicians for A National Health Program -- California Chapter,3
Peace Officer's Research Association of California (PORAC),4
"Paul Koretz, Los Angeles City Council",6
"Parents, Families and Friends of Lesbians and Gays, Central",2
Pajaro/Sunny Mesa Community Services District,2
PRC|Black Leadership Council,6
PFLAG Oakland/East Bay,1
PAAW - People Advocating for Animal Welfare,2
Outdoor Sportsmen Coalition of California,7
Outdoor Sportmen's Coalition of California,7
Officers' Association,3
Officers in: State Employment,10
"Office of the Mayor, Antonio R. Villaraigosa",2
OCA- Asian Pacific American Advocates,2
North Valley Property Owners Association (Chico),9
Non-Profit Housing of Northern California,4
New Way of Life Re-entry Project,6
"National Sojourners, Inc. (Fresno Chapter)",2
National Organization for Women - Hollywood Chapter,3
National Multiple Sclerosis Society - California Action,2
"National Lawyers Guild, San Francisco/Bay Area Chapter",6
National Lawyers Guild - San Francisco Bay Area Chapter,5
National Lawyers Guild - Los Angeles Chapter,4
National Federation of Independent Business/California,16
National Federation of Independent Business - CA,2
National Electrical Contractors Association (California Chapter),2
National Council Of Jewish Women Ca,2
National Association of Women Business Owners - Sacramento Valley,2
"National Association of Social Workers, California Chapter (NASW- CA)",1
National Association of Pediatric Nurse Practitioners - California Chapters,2
"National Association of Industrial and Office Properties, California",4
NAIFA-California,2
NAACP Legal Defense and Education Fund,7
Multiple Sclerosis Society - California Action Network,3
Mothers of Marin Against the Spray (MOMAS),3
Mission Readiness: Council for a Strong America,7
Military Officers Association-California Council of Chapters,3
"Military Officers Association of American, California Council of Chapters",2
Military Officers Association of America-California Council,4
Mendocino-Humboldt Redwood Companies,3
"Mayor Frank Jordan, San Francisco",2
MOMS (Making Our Milk Safe),2
MALDEF (Mexican American Legal Defense and Education Fund),5
Los Angeles Turf Club (Santa Anita),3
Los Angeles County Sheriffs Office,3
Los Angeles County Probation Officers Union (AFSCME),2
Los Angeles County Probation Officer's Union,3
Los Angeles County Inter-agency Council on Child Abuse and Neglect,5
Los Angeles County Fair: Fairplex,3
Los Angeles County Fair Association - Fairplex,4
Los Angeles Affiliate of the National Association of Counsel: for Children,2
"Lgbtq+ Inclusivity, Visibility, and Empowerment (LIVE)",3
League of Women Voters' of California,3
League of Women Voters Of California,7
League of California Cities (Orange County Division),5
League of California Cities (Los Angeles County Division),4
Leadership Public Schools-Hayward,3
Laborers' Local 777 and 792,2
"Laborers' International Union of North America, Local 777, 792",3
"Labor Council for Latin American Advancement, Los Angeles Chapter",4
"LIFE, California's Lesbian/Gay and AIDS Lobby",4
LAX Coastal Area Chamber of Commerce,7
Kings River Conservation District (KRCD),5
Kings Community Action Organization's Rape Crisis Program,2
"Kate Harrison, Berkeley City Councilmember",5
KAYA - Filipino Americans for Progress,3
K-16 Bridge Program,4
Joint Venture: Silicon Valley,5
Jewish Vocational Service - Los Angeles,2
Jewish Community Relations Council - Sacramento,2
Japanese American Citizens League - Pacific Southwest District,6
International Union: of North America,4
"International Brotherhood of Electrical Workers, Local 6",5
International Brotherhood of Electrical Workers Local 47,2
International Brotherhood of Electrical Workers Local 40,3
"International Brotherhood of Electrical Workers (IBEW), Local 11",5
"International Association of Sheet Metal, Air, Rail and Transportation Workers, Sheet Metal Workers' Local Union No. 104",4
International Association of Firefighters Local 55,7
International Association of Fire Fighters (Local 55),4
International Anti-Counterfeiting Coalition,7
International Alliance of Theatrical Stage Employees Local 80,5
Implement Workers of America (UAW),3
House of Ruth (Claremont),8
"Hotel Employees, Restaurant Employees, Local 49",3
"Hotel Employees & Restaurant Employees International Union, AFL-CIO",9
Hearts United: Grandparents/Grandchildren,6
Health officers Association of California,3
Health Officers' Association of California,12
Health Officers Association Of California,2
"Health Care for All, Sacramento Valley",3
"Health Care for All, Marin",3
"Health Care for All, California",3
Heals Project - Helping End All Life Sentences,3
"Healing H2)s, LLC",2
Heal the Bay (Santa Monica),6
Hanford Chamber of Commerce,7
Hadassah (Sacramento Chapter),8
Grace Institute-End Child Poverty in CA,4
Glendale Fire Fighters' Association,5
GRACE- End Child Poverty in California,5
Friends Committee on legislation of California,2
Friends Committee On Legislation of California,2
First 5 California (California Children and Families Commission),3
Fight Crime: Invest In Kids California,9
Fair Housing Council of San Bernardino County,2
FIGHT CRIME: Invest in Kids California,2
Epic (Environmental Protection Information Center),3
Employees AFSCME),2
Employees (AFSCME): AFL-CIO,2
Emergency Medical Services Administrators' Association: of California,3
"Election Integrity Project, California",2
Elder and Dependent Adult Abuse Prevention Council of Santa: Barbara County,4
El Dorado County Joint Chamber Commission,13
"Edmund G. ""Pat"" Brown Institute of Public Affairs",3
Economic Development Collaborative - Ventura County,2
EPIC (Environmental Protection Information Center),5
Dominican Hospital (Santa Cruz),3
Division of Ratepayer Advocates (CPUC),3
Disabled American Veterans - Department of California,3
Disability Rights CA,4
Dirfloortime Coalition of California,3
Dir/floortime Coalition of California,3
Depression and Bipolar Alliance California,2
DeMenno-Kerdoon,5
County of Santa Cruz - Health Services Agency,3
County of Los Angeles Sheriffs Department,3
County Behavioral Health Director Association of California,4
County Alcohol and Drug Program Administrator Association of California,2
Council on American- Islamic Relations,2
Council of Asian American Business Association of California,3
Contra Costa County Office of the District Attorney,5
Community School Solutions of California,3
"Community Associations Institute, California Legislative Action Committee",9
Commonweal - The Juvenile Justice Program,6
Coalition of Labor Union Women - California Capital Chapter,3
Coalition for Economic Survival (Los Angeles),7
Clue (clergy and Laity United for Economic Justice),2
Clergy and Laity United for Economic Justice-Los Angeles,2
Clergy and Laity United for Economic Justice - Los Angeles,2
City of Torrance - Fire Department,2
City of La Habra Police Department,9
City of Carlsbad - Housing & Redevelopment Department,7
City and County of San Francisco- Office of the City Attorney,3
City and County of San Francisco - Department on the Status of Women,3
"Citizens for ""The Right to Know",5
Children's Advocacy Institute/University of San Diego,9
Children's Advocacy Institute - University of San Diego School of Law,5
Chief Probation Officer of California,3
Chicken Ranch Rancheria of Me Wuk Indians of California,6
Cheap School (Traffic School),7
Chancellor's Office - California Community Colleges,4
"Chambers of Commerce Alliance, Ventura & Santa Barbara Counties",2
California-Nevada Community Action Association,5
California Teachers of English to Speakers of Other: Languages,3
California Teachers Association/Community College Association,5
California Teachers Association Community College Association,2
California Tax Reform Association (CTRA),12
California State University - Office of the Chancellor,2
California State Legislative Board of SMART - Transportation Division,3
California State Council of the Service Employees International Union (co,2
California Solar Energy Industries Association (CalSEIA),2
California Schools Voluntary Employees Benefit Association,2
California School- Based Health Alliance,4
"California School Employees Association, AFL- CIO",2
California Public Interest Research Group-CalPIRG,4
California Public Interest Research Group - CALPIRG,4
California Professional Firefights,3
"California Peace Officers"" Association",2
"California Nurses Association, National Nurses Organizing Committee",3
California Nurses Association /National Nurses Organizing Committee,3
California Nurses Association / National Nurses Organizing Committee,2
California Medial Association,5
California Legislative LGBTQ+ Caucus,4
"California Labor Federation, AFL/CIO",4
"California Labor Federation, (AFL-CIO)",2
California HIV Advocacy Coalition (Southern California Region),7
California Firefighters' Association,4
California Fire Fighters,3
"California Fence Contractors"" Association",2
California Dental Assistant Association,3
California Council of the Service Employees: International Union,2
California Correctional Peace Officerso Association,2
California Coalition of Grandparent and Relative Caregivers,4
California Chapters of the National Electrical: Contractors Association,2
California Chapter - Wild Sheep Foundation,5
"California Attorneys, Administrative Law Judges and Hearing: Officers in State Employment",8
California Association of Sheet Metal and Air: Conditioning Contractors,2
California Association of Public Authorities for In-Home Support Services,5
California Association of Public Authorities For IHSS,2
California Association of Psychiatric Mental Health Nurses in,2
Cal-tash,2
Cal-Trout,3
CFT- A Union of Educators & Classified Professionals,3
CFT - a Union of Educators & Classified Professionals,2
CFT - A Union of Educators & Classified Professionals,3
Brady Campaign to Prevent Gun Violence (California Chapters),4
Black Lives Matter California,10
BizFed (Los Angeles County Business Federation),7
"Bill Wilson Center, Santa Clara",4
Bet Tzedek Legal Services (Los Angeles),5
Bernardino County Sheriff,2
"Bennett Kayser, Board Member, Los Angeles Unified School District",2
Being Alive: People with HIV/AIDS Action Coalition,9
Being Alive- Los Angeles,2
Association of Professional Landscape Designers - California Chapter,4
"Association of Family and Conciliation Courts, California",5
"Association of Children for Enforcement of Support, Inc",7
"Association of California Water Agencies, San",4
Association of California Cities Orange County,7
Association for Los Angles Deputy Sheriffs,6
Associated General Contractors of America (San Diego Chapter),4
Assoc. for Los Angeles Deputy Sheriffs,6
Asian Americans Advancing Justice -- Southern California,4
Amvets Department of California,3
"American Subcontractors Association CA, Inc",3
American Planning Association (California Chapter),9
American Nurses Association\California (ANA\C),2
American Nurses Association\ California,2
American Nurses Association-California,11
American Lung Association-California,2
American Legion - Alexander Hamilton Post 448,5
California Common Cause,1094
Pacific Gas and Electric Company,892
Sierra Club of California,460
"Association for Los Angeles Deputy Sheriffs, Inc",386
350 Bay Area Action,537
Placer County Deputy Sheriffs' Association,416
Asian Americans Advancing Justice - California,446
NARAL Pro-Choice California,499
San Francisco Chamber of Commerce,516
Lawyers' Committee for Civil Rights of the San Francisco Bay Area,405
Association of Orange County Deputy Sheriffs,508
San Diego County District Attorney's Office,422
County Welfare Directors Association of California (CWDA),200
Children's Defense Fund-California,263
Habitat for Humanity California,448
California State Council of Service Employees International Union (SEIU California),195
United Nurses Associations of California/Union of Health Care Professionals,379
California Medical Association (CMA),313
"Service Employees International Union, Local 1000",345
Orange County,291
Secretary of State Debra Bowen,266
"California Federation of Teachers, AFT, AFL-CIO",250
Asian Law Caucus,358
California Attorney General,271
Children's Defense Fund - California,233
ACLU of California,277
Alameda County District Attorney,332
South Bay YIMBY,253
San Diego County Sheriff's Department,250
California State Conference of the NAACP,245
Mountain View YIMBY,229
Santa Cruz YIMBY,244
Long Beach Area Chamber of Commerce,538
CalChamber,286
Deputy Sheriffs' Association of Monterey County,247
United Domestic Workers of America,298
San Francisco YIMBY,217
Ventura County YIMBY,203
South Bay Yimby,161
Office of Lieutenant Governor Eleni Kounalakis,176
State Controller John Chiang,266
Santa Cruz Yimby,159
San Francisco District Attorney's Office,209
Mountain View Yimby,168
State Treasurer Bill Lockyer,273
Monterey County,199
California Attorney General's Office,158
"Elders Climate Action, Norcal and Socal Chapters",131
San Mateo County Central Labor Council,179
Simi Valley Chamber of Commerce,536
Ventura County Yimby,152
Los Angeles County Federation of Labor,199
Riverside County District Attorney,193
Santa Clara County District Attorney,174
San Francisco Yimby,131
Placer County Deputy Sheriffs' Assocation,91
Union of American Physicians & Dentists,157
Los Angeles Chamber of Commerce,147
Sacramento Metropolitan Chamber of Commerce,225
"Elders Climate Action, NorCal and SoCal Chapters",90
California State Conference of the National Association for the Advancement of Colored People,134
SoCal 350 Climate Action,126
Mayor Eric Garcetti,7
United Nurses Association of California/Union of Health Care Professionals,150
San Jose Silicon Valley Chamber of Commerce,235
"Los Angeles County Federation of Labor, AFL-CIO",163
Lieutenant Governor Eleni Kounalakis,143
Lieutenant Governor Cruz Bustamante,193
L.A. County Probation Officers Union,91
Fresno Chamber of Commerce,290
Indivisible Marin,188
American Civil Liberties Union California Action,172
Pacific Environment,176
Service Employees International Union Local 1000,108
San Francisco District Attorney,146
California Nurses Association/National Nurses United,188
Indivisible Ventura,143
Ventura County,112
Redondo Beach Chamber of Commerce,369
California State Council of Service Employees International Union (seiu California),61
UFCW - Western States Council,112
"Planned Parenthood Affiliates of California, Inc",135
Yolo County,117
San Francisco Labor Council,112
San Diego District Attorney,127
Children's Defense Fund California,107
California ACORN,131
Planned Parenthood Advocacy Project Los Angeles County,113
NARAL Pro-choice California,80
Indivisible South Bay LA,121
Attorney General of California,99
San Luis Obispo YIMBY,109
Office of the San Bernardino County Sheriff,115
Lawyers Committee for Civil Rights of the San Francisco Bay Area,74
Indivisible Yolo,104
Indivisible San Jose,145
Greater Bakersfield Chamber of Commerce,310
County Welfare Directors Association of CA (CWDA),65
Marin Professional Firefighters,101
Alameda County Sheriff's Office,103
"Sheriff, San Bernardino County",82
Lawyers' Committee for Civil Rights of The San Francisco Bay Area,88
California IATSE Council,134
"CFT- a Union of Educators & Classified Professionals, AFT, AFL-CIO",67
"CFT - A Union of Educators & Classified Professionals, AFT, AFL-CIO",71
Santa Clarita Valley Chamber of Commerce,217
Los Angeles Deputy Sheriffs,75
Hillcrest Indivisible,108
Six Rivers Planned Parenthood,98
San Luis Obispo Yimby,68
"San Diego, County of",49
"Calpirg, California Public Interest Research Group",52
Socal 350 Climate Action,83
Pacific Gas & Electric Company,107
"Cft- a Union of Educators & Classified Professionals, Aft, Afl-cio",51
Orange County District Attorney's Office,99
Naral Pro-choice California,52
Indivisible Stanislaus,94
Indivisible Sausalito,93
Greater Fresno Area Chamber of Commerce,194
"Eric Garcetti, Mayor of Los Angeles",73
Calchamber,95
CA Business Properties Association,96
North Orange County Chamber,153
Naral Pro-Choice California,27
Marin County Sheriff's Office,48
Kern County Hispanic Chamber of Commerce,85
Indivisible North San Diego County,44
Indivisible Los Angeles,49
Indivisible Euclid,44
Indivisible Elmwood,43
Habitat for Humanity Greater San Francisco,46
El Concilio of San Mateo County,44
Center for Public Interest Law/children's Advocacy Institute/university of San Diego,25
California NAACP,35
California Abortion and Reproductive Rights Action League,73
American Civil Liberties Union of California (ACLU),23
United Nurses Association of California/Union of Health,32
"Secretary of State Shirley N. Weber, Ph.D",54
San Diego Indivisible Downtown,45
Salinas Valley Chamber of Commerce,53
Planned Parenthood Pasadena and San Gabriel Valley,53
Napa Chamber of Commerce,43
Modesto Chamber of Commerce,84
Los Angeles Probation Officers' Union,35
Lieutenant Governor,47
Indivisible Suffragists,42
Indivisible North Oakland Resistance,43
Indivisible Colusa County,44
Indivisible CA-39,35
Indivisible CA-33,41
California National Organization for Women (NOW),36
CDF Firefighters Local 2881,62
Associated Builders and Contractors Northern California Chapter,60
"Assembly Committee on Jobs, Economic Development and the Economy",44
AAPIs for Civic Empowerment Education Fund,27
Yuba County,36
United Nurses Associations of California/union of Health Care Professionals,28
The Resistance Northridge-indivisible,30
The Association for Los Angeles Deputy Sheriffs,31
So Cal 350 Climate Action,42
Santa Barbara County District Attorney,39
San Francisco Democratic Party,50
SFV Indivisible,39
Norco,18
"National Alliance on Mental Illness, California",28
Money Out Voters In,52
Mayor Antonio Villaraigosa,12
League of Women Voters of California (prior version),17
Indivisible OC 48,34
Indivisible OC 46,37
Indivisible Lorin,46
Elders Climate Action Socal Chapter,25
Elders Climate Action SoCal Chapter,27
"American Institute of Architects, California",34
350 Conejo,30
YIMBY Democrats of San Diego County,33
"VFW, Department of California",21
United Nurses Associations of California,42
Planned Parenthood of San Diego and Riverside Counties,41
National Alliance on Mental Illness-California,39
Mayor of Los Angeles,38
"Los Angeles Probation Officers Union, AFSCME, Local 685",35
Los Angeles County Sheriff Lee Baca,34
"Kern County Fire Fighters Union, Inc",31
Indivisible Santa Cruz County,40
Indivisible SF Peninsula and CA-14,26
Indivisible Manteca,39
Indivisible El Dorado Hills,39
Indivisible CA-37,31
Indivisible CA-3,32
Gardena Valley Chamber of Commerce,49
Deputy Sheriffs' Association of San Diego County,50
Contra Costa County District Attorney,36
Congress of California Seniors (prior version),16
Community Action Fund of Planned Parenthood of Orange and San Bernardino Counties,37
Center for Public Interest Law/Children's Advocacy Institute/University of San Diego,22
California State Council of the Service Employees International Union (SEIU),25
United Domestic Workers of America/AFSCME Local 3930,28
Ufcw - Western States Council,23
San Francisco District Attorney Brooke Jenkins,31
San Diego and Imperial Counties Labor Council,35
San Diego Chamber of Commerce,50
Newport Beach Chamber of Commerce,113
"Marin Professional Firefighters, Local 1775",34
Lawyers Committee for Civil Rights of The San Francisco Bay Area,30
Kern County District Attorney,36
Indivisible CA-7,33
Elders Climate Action NorCal Chapter,25
"City of Los Angeles, Mayor Eric Garcetti",27
California Medical Association (prior version),15
CTIA - The Wireless Association,122
CA Business Properties Assoc,20
AFSCME CA,29
Upland Chamber of Commerce,52
Together We Will/Indivisible - Los Gatos,34
Teamsters Local 399,26
South Bay Latino Chamber of Commerce,40
"Service Employees International Union, Local 1000 (SEIU)",26
Santa Cruz Indivisible,32
Santa Clara District Attorney's Office,41
San Jose/Silicon Valley NAACP,37
Prevent Child Abuse - California,40
Older Women's League of CA,21
"Los Angeles County Probation Officers Union, AFSCME, Local 685",24
Los Angeles County Probation Department Union,25
Greater Irvine Chamber of Commerce,87
Depression and Bipolar,23
County Welfare Directors Association of CA,20
Coalition of Parent Support,43
"California State Legislative Board, Sheet Metal, Air, Rail and Transportation Workers - Transportation Division (SMART-TD)",19
Cal Chamber,63
"CFT - a Union of Educators & Classified Professionals, AFT, AFL-CIO",22
CA Fence Contractors' Association,20
United Nurses Associations of California/Union of Health,26
Temecula Valley Chamber of Commerce,53
Shingle Springs/Cameron Park Chamber of Commerce,56
"San Bernardino County, Office of the Sheriff",19
Pepperdine University,41
Nurse - Family Partnership,23
Mayor Darrell Steinberg,13
Los Angeles Latino Chamber of Commerce,60
"Los Angeles County Fire Fighters, Local 1014",23
Lawyers' Committee for Civil Rights of the San Francisco,27
Laguna Niguel Chamber of Commerce,87
"Goleta, City of",21
Sacramento County District Attorney,119
Lt. Governor Cruz Bustamante,91
Los Angeles Probation Officers Union,55
Veterans Caucus of the California Democratic Party,80
Santa Maria Valley Chamber of Commerce,320
Planned Parenthood Action Fund of the Pacific Southwest,98
Indivisible Alta Pasadena,97
"CALPIRG, California Public Interest Research Group",52
Brady California,83
Kern County Fire Fighters Union Inc,84
Greater Coachella Valley Chamber of Commerce,372
American Civil Liberties Union/northern California/southern California/san Diego and Imperial Counties,54
San Bernardino County Office of the Sheriff,56
Mayor of City & County of San Francisco London Breed,64
Golden Gate Audubon Society,107
"Los Angeles Probation Officers' Union, AFSCME, Local 685",68
Indivisible Sonoma County,93
Greater Conejo Valley Chamber of Commerce,279
"Elders Climate Action, NorCal Chapter",62
South Bay Labor Council,74
San Francisco Fire Fighters Local 798,66
San Diego Audubon Society,103
Reproductive Freedom for All California,90
Planned Parenthood of California,74
"Orange County Professional Firefighters Association, Local 3631",94
Los Angeles Mayor Eric Garcetti,61
"Elders Climate Action, SoCal Chapter",61
East Valley Indivisibles,70
Carlsbad Chamber of Commerce,342
California Police Chiefs Association Inc,64
AeA,73
The Parent Company,90
The League of Women Voters of California,51
National Alliance on Mental Illness California,69
Irvine Chamber of Commerce,151
Audobon California,52
American Subcontractors Association of California,101
Yolo County Sheriff's Department,74
Prevent Child Abuse California,76
Clean Water Action California,71
Anaheim Chamber of Commerce,156
Orange County Professional Firefighters Association,75
Los Angeles County Fire Fighters Local 1014,64
Livermore Indivisible,75
California State Sheriffs' Association (CSSA),47
South Bay AFL-CIO Labor Council,75
Sacramento Central Labor Council,45
Planned Parenthood Golden Gate,83
Indivisible SF,59
Housing Now! CA,62
Brady California United Against Gun Violence,78
Association for Los Angeles Deputy Sheriffs (ALADS),55
American Civil Liberties Union/Northern California/Southern California/San Diego and Imperial Counties,2
Sonoma County District Attorney,74
Planned Parenthood of Orange and San Bernardino Counties,61
Planned Parenthood Affiliates of California (PPAC),45
Otay Mesa Chamber of Commerce,83
Mojave Water Agency,157
Lieutenant Governor Cruz M. Bustamante,68
Greater Riverside Chamber of Commerce,149
"Family Law Section, State Bar of California",65
Culver City Chamber of Commerce,119
California Hospital Association/California Association of Hospitals and Health Systems,47
"CFT- A Union of Educators & Classified Professionals, AFT, AFL-CIO",49
Brady Campaign California,75
Association for Los Angeles County Deputy Sheriffs,50
Asian Americans Advancing Justice-California,52
"Strategic Committee of Public Employees, Laborers' International Union of North America",57
Mendocino County,57
Indivisible Sebastopol,54
Indivisible CA-43,53
Deputy Sheriffs Association of San Francisco,71
Burbank Chamber of Commerce,106
Yolo County District Attorney,65
Ventura County District Attorney's Office,65
United Domestic Workers,93
Nevada County,59
Indivisible 41,55
Attorney General Dan Lungren,49
VFW - Department of California,47
Stockton Professional Firefighters,58
Planned Parenthood Advocates Pasadena and San Gabriel Valley,55
National Council of Jewish Women - California,37
National Alliance on Mental Illness - California,51
"Monterey, County of",34
Los Angeles Mayor Antonio Villaraigosa,39
Indivisible: San Diego Central,51
Indivisible 36,54
Contra Costa Council,74
American Subcontractors Association-California,51
American Institute of Architects California,69
Stanislaus County District Attorney,63
Santa Clara District Attorney,69
Planned Parenthood of the Pacific Southwest,59
Palos Verdes Peninsula Chamber of Commerce,145
Indivisible San Pedro,49
Indivisible Petaluma,51
Indivisible Normal Heights,57
California Asian Chamber of Commerce,72
Yalla Indivisible,51
Visalia Chamber of Commerce,116
Secretary of State Kevin Shelley,37
Indivisible Auburn CA,47
Greater San Fernando Valley Chamber of Commerce,230
City of Santa Ana Police Department,52
AFSCME California,63
and Municipal Employees,20
United Nurses Association,28
Tehama Indivisible,48
Los Angeles Deputy Sheriffs Association,34
Los Angeles County Probation Department Union Local 685,36
Indivisible Windsor,48
Indivisible San Bernardino,48
Greater San Diego Chamber of Commerce,70
"Eric Garcetti, Mayor",20
Democrats for Israel - CA,50
City of Gilroy Council Member Zach Hilton,47
Change Begins With Me Indivisible Group,47
"San Jose, City of",24
San Jose Metropolitan Chamber of Commerce,35
"San Francisco Fire Fighters, Local 798",28
"Sacramento Central Labor Council, AFL-CIO",54
Orange County Hispanic Chamber of Commerce,95
Friends of the Earth - US,29
Fresno County District Attorney's Office,28
"Election Integrity Project California, Inc",68
Elders Climate Action Norcal Chapter,21
Board of Equalization Member Fiona Ma,36
"American Fence Contractors' Association, California Chapter",45
"Advocacy, Inc",36
Adventist Healthcare Coalition,57
9 to 5 California,30
United Domestic Workers of America-AFSCME Local 3930/AFL-CIO,20
Tulare County District Attorney,38
The California Chamber of Commerce,31
State Controller Kathleen Connell,42
"Secretary of State, Debra Bowen",25
Secretary of State Bruce McPherson,29
San Diego-Imperial Counties Labor Council,33
"San Bernardino, County of",17
Merced County District Attorney,33
Los Angeles Gay & Lesbian Chamber of Commerce,29
"Los Angeles County Probation Department Union, AFSCME, Local 685",28
LAX Coastal Chamber of Commerce,34
Kern County Fire Fighters Union,30
Indivisible 30/Keep Sherman Accountable,21
California Secretary of State Alex Padilla,25
California Police Chiefs Association (CPCA),15
CALPIRG Students,23
Alhambra Chamber of Commerce,94
AFL-CIO California Labor Federation,19
"9to5 California, National Association of Working Women",27
350 South Bay LA,27
Yimby Democrats of San Diego County,22
VFW- Department of California,15
"United Domestic Workers of America, AFSCME Local 3930",23
Union of American Physicians and Dentists (UAPD),41
USGBC California,22
Tuolumne County Sheriff's Office,19
Sierra Foothills Audubon Society,35
Santa Barbara South Coast Chamber of Commerce,107
Santa Barbara Audubon Society,37
"San Francisco Firefighters, Local 798",30
"San Diego, City of",13
SMART - Transportation Division,16
Planned Parenthood Affiliates of CA,23
Planned Parenthood Affiliates,28
Pacific Coast Regional Small Business Development Corporation,16
National Council of Jewish Women (NCJW) CA,14
Monterey County District Attorney,48
Mayor Antonio R. Villaraigosa,7
Los Angeles Mayor Antonio R. Villaraigosa,26
"Los Angeles County Probation Officers' Union, AFSCME, Local 685",21
"Los Angeles County Firefighters, Local 1014",30
Lawyers' Committee for Civil Rights - San Francisco,29
Indivisible Sf,16
IATSE Local 80,25
Health Officers Association of California (HOAC),17
"Eric Garcetti, Mayor of the City of Los Angeles",19
"District Attorney, City and County of San Francisco",20
"Dave Jones, Insurance Commissioner",17
Council on Aging,19
Costa Mesa Chamber of Commerce,44
City of Sacramento Police Department,26
Change Begins With Me (INDIVISIBLE),20
California Iatse Council,18
California Common CAUSE,24
California Chamber of Commerce (CalChamber),29
California Association of Homes and Services for,11
California Acorn,17
CA Medical Association,22
CA Bankers Association,25
Azusa Chamber of Commerce,39
"Association of Los Angeles Deputy Sheriffs, Inc",23
American Red Cross of California,29
American Civil Liberties Union (ACLU) of California,18
AFSCME Council 57,29
AAUW California,23
YIMBY LA,11
Working Solutions,20
Vision Y Compromiso (UNREG),10
"Tri-valley Cities of Dublin, Livermore, Pleasanton, San Ramon, and Town of Danville",33
The Resistance Northridge-Indivisible,22
The Greater Coachella Valley Chamber of Commerce,29
State Attorney General Bill Lockyer,21
Shasta County District Attorney,36
Sfv Indivisible,14
Santa Cruz County District Attorney,26
San Joaquin County District Attorney's Office,16
Sacramento District Attorney,48
Riverside City Firefighters' Association,27
Redondo Beach Chamber of Commerce and Visitors Bureau,43
Redondo Beach Chamber of Commerce & Visitors Bureau,54
Planned Parenthood Advocacy Project of Los Angeles County,27
"Peninsula Sanitary Service, Inc",29
Orange County Professional Firefighters' Association,18
Orange County Labor Federation,21
Orange County Chamber of Commerce,24
Northridge Indivisible,30
Napa County District Attorney,31
Mount Diablo Audubon Society,28
"Los Angeles County Probation Union, AFSCME, Local 685",28
Los Angeles County Probation Officers Union AFSCME Local 685,37
Long Beach Firefighters,21
Lawyers' Committee for Civil Rights of the San Francisco Bay,18
Lake Tahoe South Shore Chamber of Commerce,33
Indivisible Ross Valley,37
Indivisible Oc 46,16
IC Ricardo Lara,20
Habitat for Humanity East Bay/Silicon Valley,30
Greater Merced Chamber of Commerce,46
El Dorado County Sheriff-Coroner,13
Crime Victims United of California (CVUC),13
"Council on American-Islamic Relations, California Chapter",29
"American Federation of State, County, and Municipal: Employees, AFL-CIO",6
"American Federation of State, County, and Municipal: Employees (AFSCME), AFL-CIO",2
"American Federation of State, County, and Municipal Employees, AFL-: CIO",2
"American Federation of State, County, and Municipal Employees, AFL- CIO",2
"American Federation of State, County, and Municipal Employees (AFSCME), AFL- CIO",2
"American Federation of State, County, and Municipal Employees (AFL-CIO)",4
"American Federation of State, County, Municipal Employees (AFSCME), AFL-CIO",3
"American Federation of State, County and Municipal Employees, Local 1902",2
"American Federation of State, County and Municipal Employees, District Council 36",3
"American Federation of State, County and Municipal Employees, AFSCME",3
"American Federation of State, County and Municipal Employees, AFL-: CIO",2
"American Federation of State, County and Municipal Employees, (AFSCME, AFL-CIO)",3
"American Federation of State, County and Municipal Employees, (AFL-CIO)",2
"American Federation of State, County and Municipal Employees Local 57",3
"American Federation of State, County and Municipal Employees (AFSCME) Local 57",4
"American Federation Of State, County And Municipal Employees Local 3299",2
"American Congress of Obstetricians and Gynecologists, District IX - California",2
"American College of Physicians, California Chapters",3
American College of Physicians - California Chapter,7
American College of Obstetrics and Gynecology - District IX,2
"American College of Obstetricians and Gynecologists, District IX/ CA",4
"American College of Obstetricians and Gynecologists, District IX, CA",8
"American College of Obstetricians and Gynecologists, District IX (co",2
American College of Ob-gyn's District Ix,7
American College of Emergency Physicians -- State Chapter of California,2
"American Clean Power, California",5
"American Civil Liberties Union, San Luis Obispo County",8
American Civil Liberties Union Northern California,10
American Association of University of Women of California,4
American Association of University Women- California,3
American Association of University Women (California),2
American Academy of Pediatrics--California District,3
"American Academy of Pediatrics, Orange County Chapter",5
American Academy of Pediatrics - California Chapter,6
"Alliance for the Mentally Ill, (San Rafael)",2
Alliance for the Mentally Ill (Marin),2
Alliance for the Mentally Ill (Clearlake Oaks),2
Alliance for Community Transit - Los Angeles (ACT-LA),3
"Alexandria House, Los Angeles",2
Alameda- Contra Costa Transit District,1
Alameda Corridor - East Construction Authority,3
AeA - Advancing the Business of Technology,3
Advancment Project California,2
Advanced Medical Technology Association (Advamed),4
Acalanes Union High School District website,10
AMVETs- Department of California,2
"AFSCME - American Federation of State, County and Municipal",2
"100% Campaign, (Children Now, Children's Defense Fund and the Children's Partnership)",2
1) Sunset Extension for Board of Guide Dogs for the Blind,2
(SPI),2
(PORAC),2
(LACOE),2
(CTLA),2
(CRLAF),2
(CCEEB),2
#Out4MentalHealth,6
#OneContraCosta Coalition,2
the Riverside Sheriff's Association,2
see Comment 5),1
private attorneys,2
"nited Food and Commercial Workers, Region 8",1
interact: Advocates for Intersex Youth,1
iCAN ‒ International Cancer Advocacy Network,1
emPOWERment Dress Perkins Foundation,1
emPOWERment DRess Perkins Foundation,1
"eBlue Wave Solutions, Inc",2
betterTogether Forever,3
arc After School & Experiential Education,2
and Western Center on Law & Poverty (supporting bill as introduced) AB 891 (Goldberg),1
and West Covina The South Coast Air Quality Management District Independent Cities Association,1
aint-Gobain Containers,1
a coalition of civil rights organizations,2
Youth and Education Law Project (Stanford Law School),1
Youth Climate Strike Los Angles,1
Yolo County's Assessor/Clerk Recorder Elections Office,2
Yolo County Board of Supervisor,2
YWCA Santa Monica /Westside,1
YWCA Pasadena Foothill Valley,1
Wyeth/Ayerst Laboratories,1
WuYee Children's Services,3
World Resources Institutes,1
Worksafe! A Coalition for Cal-OSHA,1
Workmen's Circle/Arbeter Ring (Southern California District),1
Women's Policy Institute/Women's Foundation of California,6
Women's International League for Peace and Freedom -Santa,2
Women's International League for Peace and Freedom - Peninsula Branch,2
Women's International League for Peace and Freedom (Santa Cruz Branch),1
Women's Foundation California/Women's Policy Institute,1
Women's Employment Rights Clinic (Golden Gate School of Law),2
Women's Crisis Center (Salinas),1
"Women's Center, High Desert, Inc",1
"Women's Center -High Desert, Inc",2
"Women's Center -High Desert, INC",1
Women at Risk - Culver City,1
"Women Organizing Resources, Knowledge and Services (WORK",1
Women Organized to Respond to Life-Threatening Diseases (oWORLDo),1
Women Organized to Make Abuse Non-existent (WOMAN Inc.),1
Women For: (Beverly Hills),1
Woman For: Orange County,1
Winnemem Winte Tribe- Middle River People,1
"WinWinWeb, LLC (dba Everything Grows Interior Landscaping)",1
William W. Abbott ( Abbott & Kindermann,1
Will Travis (Executive Director,1
Westside Regional Center (Culver City),2
Westside Community Healthcare District,1
Western States Council of Sheet Metal Workers Unions,5
"Western States Council Sheet Metal, Air, Rail and Transportation Workers",1
"Western Electrical Contractors Association, Independent Electrical",2
Western Centers on Law & Poverty,1
Western Center on Law and Poverty (cosource),1
Western Center on Law and Poverty (Secs,1
"Western Center on Law Poverty, Inc",1
Western Additional Senior Center - San Francisco,1
West Hollywood Travel + Tourism Board,1
Wesley United Methodist Church (Fresno),4
Weaverville Community Services District,4
We the People San Diego,1
We The People San Diego,1
Watsonville/Santa Cruz,1
Waterways Restoration Insitute,1
Watereuse Association of California,1
WaterReuse Association of California,1
WaterReUse Association of California,6
Walmart Stores Inc,3
WEAVE - Women Escaping A Violent Environment,1
WEAVE (Women Escaping a Violent Environment),1
WEAVE (Women Escaping A Violent Environment),1
"Vietnam Veterans of California - North Bay: Resouce Center, Santa Rosa",1
Vietnam Veterans of California - California State Council,1
"Vietnam Veterans of American, Inc., Tuolumne County Chapter",2
"Vietnam Veterans of American, California Council",1
Vietnam Veterans of America-California state council,1
Vietnam Veterans of America-California State Council[1,1
"Vietnam Veterans of America, Inc., South Bay Chapter 53",1
Vietnam Veterans of America -California State Council,2
Vietnam Veterans of America (CA State Council),1
"Victorville Chapter, Southern Christian Leadership: Conference",1
Veterans of foreign Wards of the United States,2
"Veterans of Foreignn Wars, Department of California",1
"Veterans of Foreign Wars, Wasco Post No. 6742",1
"Veterans of Foreign Wars, Department o/California",2
"Veterans of Foreign Wars on the United States, Department of California",2
Veterans of Foreign Wars of the Untied States (Department of California),1
Veterans of Foreign Wars of the United States- Department of California,1
"Veterans of Foreign Wars of the United States, Department: of California",2
Veterans of Foreign Wars of the United States (Department of California),1
"Veterans of Foreign War, Department of California",2
Veterans for Peace - Jon Castro Chapter 19,3
Veterans Advisory Council - Orange County,1
Veterans Advisor Council,1
Vesper Hospice & Home Health of the East Bay,2
Ventura County Sheriffos Department,1
Vaugn Next Century learning Center,1
Valley Industry Commerce Assoc. (VICA).),1
"Valley Economic Development Center, Inc. --Van Nuys",1
"Valley ""Clean Air Now",2
Vallergas market,1
Urban Corps- San Diego County,4
Upper Salinas/Las Tablas Resource Conservation District,1
University of the Philippines Alumni Association - Sacramento & Vicinity,1
"University of San Diego, Hahn School: of Nursing",1
University of San Diego School of Law's Children's Advocacy Institute (co,1
University of San Diego School of Law - Children's Advocacy Institute,2
"University of California, San Francisco - Diabetes Center",1
"University of California, Riverside - College of Engineering",1
"University of California, Berkeley)",1
"University of California Cooperative Extension, Tulare County",1
University YWCA (Berkeley),3
"University Professional and Technical Employees/Communications Workers of America, Local 9119",1
University Professional and Technical Employees/Communications Workers of America Local 9119,1
University Professional and Technical Employees-Communications Workers of America Local 9119,1
University Professional and Technical Employees- Communication Workers of America,1
"University Professional and Technical Employees, UPTE-CWA Local 919",2
University Professional and Technical Employees - Communication Workers of American Local 9119,1
University Professional and Technical Employees - Communication Workers of America Local 9119,2
"University Professional and Technical Employees - CWA, Local 9119",2
University Professional and Technical Employees - CWA Local 9119,2
University Professional and Technical Employees (CWA Local 9119),2
University Lutheran Chapel (Berkeley),4
University Council-american Federation of Teachers,1
University Council- American Federation of Teachers,2
United Way- Fresno and Madera Counties,2
"United Translators and Interpreters of New Jersey, CWA: Locals 1034, 9400, 9415, 9423",5
United States Green Building Council- California Advocacy Committee,1
United States Green Building Council - Los Angeles Chapter,1
United Professional Fire fighters of Contra Costa County,2
United Professional Fire Fighters - Contra Costa County Local,1
United Nurses Associations of California/Union of Health Care Professionals (UNAC/UHCP/AFSCME),1
United Nations Association - USA & UNESCO Santa Barbara County: Chapters,1
United Long Term Care Workers (SEIU Local 6434),1
United Here Local 11,2
United HERE Local 11,1
United Food and commercial Workers-Western States Conferences,3
"United Food and Commercial works Union, Western States Council",1
"United Food and Commercial Workers, Region 8 States: Council",1
United Food and Commercial Workers - Local 5,2
United Food and Commercial Workers (UFCW) - Western States Council,1
United Food & Commercial Workers Union: Western States Council,2
United Food & Commercial Workers - Western States Council,1
"United Filipino&American World War II Veterans, Inc",1
"United Educators of San Francisco, Retired Division",2
United Domestic Workers of America /AFSCME,1
United Chambers of Commerce: San Fernando Valley and Region,1
United Chambers of Commerce: San Fernando Valley & Region,1
United Chambers of Commerce - San Fernando Valley & Region,1
"United Chamber of Commerce, San Fernando Valley & Region",1
United Chamber of Commerce of the San Fernando Valley & Region,3
United Chamber of Commerce of the San Fernando Valley,3
United Chamber of Commerce San Fernando Valley and Region,2
"United Cerebral Palsy of Los Angeles, Ventura & Santa Barbara: Counties",1
"United Cerebral Palsy Associations, California Coalition",2
United Cerebral Palsy Association (California Coalition),1
United Association of Journeyman and Apprentices of the Plumbing and Pipe Fitting Industry,2
"Unitarian Universalist Service Committee at Neighborhood: Church, Pasadena",2
Unitarian Universalist Legislative Ministry CA Action Network,1
Unitarian Universalist Church of Berkeley,1
Unitarian Universalist,1
Union Rescue Mission of Los Angeles,1
Union Pacific Railroad Company),1
Union Of American Physicians and Dentists,2
Underground Scholars Initiative - Riverside,2
"USTelecom, the Broadband Association",3
"USTelecom, The Broadband Association",2
USC Schwarznegger Institute,1
USA Shooting (National Governing Body for the Olympic,1
"UPTE-CWA, Local 9119",1
UPTE-CWA Local 9119,8
"UNITE-HERE, Local 30",3
"UNITE-HERE, AFL- CIO",1
UNITE-HERE! Local 11,1
UNITE-HERE - AFL-CIO,2
"UNITE- HERE, AFL-CIO",1
UNITE! Western States Regional Joint Board,3
"UNITE HERE, AFL/CIO",1
UNITE HERE! Local 49,1
UNITE HERE! Local 30,1
UNITE HERE! Local 2850,1
UNITE HERE - AFL-CIO,4
UCLA- School of Nursing,1
UCLA- Labor Occupational Safety and Health Program,1
UCLA OB/GYN Clinic,1
UCLA American Indian Students Association,1
UCLA - Center for Behavioral and Addiction Medicine,2
UC Student Workers Union - UAW Local 2865,2
UC Berkeley- Underground Scholars Initiative,1
UC Berkeley - Underground Scholars Initiative,2
UC Berkeley - Sagehen Creek Field Station,2
"UAW International Union, United Automobile, Aerospace and Agricultural: Implement",2
U.s. Green Building Council - Los Angeles,1
U.S. Green building Council - Los Angeles,2
Sacramento Area Fire Fighters Local 522,30
"Sacramento Area Fire Fighters, Local 522",25
211 LA County,20
"Libby Schaaf, Mayor of Oakland",10
CA Retailers Assoc,12
San Miguel Fire Fighters,8
Laborers' Local 792,10
"Ontario Professional Firefighters, Local 1430",5
Ontario Professional Firefighters Local 1430,9
Ontario Professional Firefighters,12
Ninth District PTA,8
"j2 Global Communications, Inc",5
San Francisco Fire Fighters IAFF Local 798,3
Sacramento Mayor Kevin McCarty,6
"Mayor of Oakland, Libby Schaaf",4
Indian Valley Indivisibe,2
Chief's of Milpitas,2
World Huaren Federation,3
"Watsonville Professional Firefighters, Local 1272",1
Worksafe,578
WORKSAFE,140
Wildcoast,133
WILDCOAST,123
WEAVE,105
State Treasurer Phil Angelides,106
State Treasurer John Chiang,75
"Secretary of State, Alex Padilla",61
State Controller Steve Westly,92
California State Controller John Chiang,46
Lieutenant Governor Gavin Newsom,56
Governor Gray Davis,71
Attorney General Xavier Becerra,92
Mayor Todd Gloria,26
PG&E,133
"Oakland, City of",47
ETTA,62
California State Conference of the National Association for,21
Agriculture Council of California,73
Affordable Housing Network of Santa Clara County,66
Mono County,43
OCHIN,48
Consumers Attorneys of California,51
#cut50,65
"Thousand Oaks, City of",24
Office of Los Angeles Mayor Karen Bass,40
"Buena Park, City of",20
San Francisco Mayor London Breed,21
Rural County Representative of California,20
Lassen County,27
"Darrell Steinberg, Mayor of Sacramento",32
Intergroup Clearinghouse,30
Governor Arnold Schwarzenegger,57
"John Chiang, California State Controller",31
California Attorney General Rob Bonta,21
California Attorney General Bill Lockyer,17
Tuolomne County School Attendance Review,1
"Tribes: Big Pine Paiute, Bishop Paiute, Lone Pine, Shoshone-Paiute, Timbisha Shoshone Tribe of Death Valley",1
Tri- County Crisis Center,1
Tri- Counties Building and Construction Trades Council,1
Tracy Thomas (identity theft victim),1
The Women's Council of the California Chapter of the National Association of Social Workers,3
The Police Chiefos Association of Santa Clara County,2
The Money Services Round Table (TMSRT),1
"The California State Association of Public Administrators, Public Guardians, and Public Conservators",4
The California Speech-Language Pathology and Audiology and Hearing Aid Dispensers Board,1
"The California Alliance of Licensed Security and Guard Agencies, Inc",1
The Board of Sueprvisors of San Luis Obispo County,1
SunRidge Farm/Falcon Trading Company,1
Student Senate of California Community College,1
Street Alternative,2
"Strategic Committees of Public Employees, Laborers International Union",1
"Steve Magarian, Sheriff, Fresno County",2
States Council of the United Food and Commercial,1
States Council of Sheetmetal Workers,1
State Public Affairs Committees of the Junior Leagues of California,2
State Public Affairs Committee/Junior Leagues of California,1
State Public Affairs Committee for the Junior Leagues of California,1
State Pubic Affairs Committee for the Junior Leagues of California,1
State Department of Veterans Affair,2
State Department of Justices,4
State Board of Equalization Member John Klehs,2
State Bar of California's Conference of,2
State Bar Committee on the Administration of Justice (nonsuit provision),1
State Authorized Risk Assessment tool for Sex Offenders review Committee,1
"State Association of Public Administrators, Public Guardians, and Public Conservators",7
St. Anselm's Cross Cultural Community Center,1
Southern California Edision Company,1
South County Citizens against Gun Violence of Orange County,1
Sonoma County Transportation/Land Use Coalition,2
Sonoma County In-Home Support Services Advisory Committee,3
Sonoma County District Attorneyos Office,1
Sojurn Services for Battered Women and their Children,2
Sisters of the Holy Name Justice and Peace Committee,1
Sisters of the Holy Name,1
SierraPine Composite Solutions,2
Sheriffs of the County of Alameda,1
Sheriff Sherman Block of Los Angeles County,1
"Sheet Metal Workers' International Association, Local 105",4
Shasta Community Health Centers,1
Service Employees International Union - Sponsor,1
Service Employees International Union (on behalf of the SEIU Nurse Alliance),1
Service Employees International Union (SEIU) Local 100,1
Attorney General Bill Lockyer,271
Attorney General Rob Bonta,381
Secretary of State Alex Padilla,305
Attorney General Kamala Harris,200
State Treasurer Fiona Ma,142
California State Treasurer Bill Lockyer,47
State Treasurer Philip Angelides,58
Governor Wilson,61
Attorney General Kamala D. Harris,34
"Bill Lockyer, California State Treasurer",31
Pacific Life,24
PPIC,24
"Ochin, Inc",22
San Francisco Mayor Gavin Newsom,35
San Francisco Mayor Edwin Lee,15
Mayor of San Francisco,22
Mayor Matt Mahan,11
"Fullerton, City of",16
"Emeryville, City of",13
City of Oakland Mayor Sheng Thao,19
Governor Davis,37
"Fiona Ma, California State Treasurer",24
Treasurer Bill Lockyer,24
California State Controller Steve Westly,17
Maryvale,24
"Past-President, California Police Chiefs Association",1
"Parents, Families, and Friends of Lesbian and Gays, Ventura County",1
"Parents, Families and Friends of Lesbians and Gays(PFLAG)",1
"Parents, Families & Friends of Gays & Lesbians - Sacramento (PFLAG- Sacramento)",1
"Parents, Families & Friends of Gays & Lesbians - Pasadena (PFLAG- Pasadena)",1
Palms Springs Cemetery district,1
"Organization of SMUD Employees, Organize Sacramento",1
Organization of Areas Boards on Developmental Disabilities,1
Organization of Area Boards on Development: Disabilities (OAB),2
Organization of Area Boards of Developmental Disabilities,2
"Organizaci?n en California de Lideres Campesinas, Inc. (Organization of Farmworker Women Leaders in California)",1
Operation Care of Crisis Intervention for Amador County,1
"Old Adobe Developmental Service, Inc",2
Office of Restorative Justice of the Archdioceses of Los Angeles,1
Office of Rate Payer Advocates (ORA),1
"Office & Professional Employees International Union, Local 3, AFL-CIO",1
Ocean Beach Main Street Association Executive Director Denny Knox,1
Oakland Free Library-Golden Gate Branch,1
Northern California Council/Federation of Fly Fishers,7
NorCal Chapter Elders Climate Action,1
Non-Commissioned Officers Association of the United States of America,1
No Nuts Moms Group,1
National Network of Hospital- based Violence Intervention Programs,1
National Multiple Sclerosis Society - California Action Network (MS-CAN),1
National Lawyers Guild - SF/Bay Area Chapter,1
National LGBTQ Cancer Network,1
National Electrical Contractors Assn,1
National Council on Alcoholism and Drug Dependence of Orange County,1
National Association of Theatre Owners/California/Nevada,1
National Association of Locum Tenens Organizations,2
National Association of Counsel for Children/Los Angeles Affiliate,1
"National Association of Counsel for Children, Los Angeles Affiliates",6
"National Association Uniformed Services, San Joaquin Valley Chapter",1
"National Association Counsel for Children, Los Angeles Affiliate",1
"National Alliance on Mental Illness, Orange County National Alliance on",1
"National Alliance of Mental Illness, Santa Clara County",2
Napa- Solano Counties Building and Construction Trades Council,1
NC Broadcast and Network Operations,1
NARAL Pro- Choice America,1
"Municipal Court, El Cahon Judicial District",1
Municipal Court Judges' Ass'n of Los Angeles County,1
Senior Gleaners of Sacramento,1
"Sempra Energy and its affiliates: San Diego Gas & Electric Company, Southern California Gas Company",1
Second Harvest Food Banks of Santa Cruz and San Benito Counties,2
Screen Actors Guild/American Federation of Television and Radio Artists (SAG-AFTRA),1
Screen Actors Guild-American Federation of Television and Radio Artists (SAG-AFTRA),1
Savings Lives Camarillo,1
Santa Cruz Human Resource Agency,1
Santa Clara County Victim/Witness Assistance Center,3
Santa Barbara County Public Health Department's,1
San Rafael and Yuba-Sutter Santa Barbara County Taxpayers Association Cities of Adelanto,1
San Mateo County/Silicon Valley Film Commission,4
"San Mateo Central Labor Council, AFL- CIO",1
San Luis Obispo County Cattle Women,1
San Juan Capitstrano,1
San Francisco Socieity for the Prevention of Cruelty to Animals (SPCA),1
San Diego City Council Member Lorie Zapf,1
San Clarita Community College District,1
San Bernardino County Police Chief and Sheriff Association,2
San Bernardino Associated Governments (SANDAG),1
San Bernadino School Police Officer's Association,1
San Bernadino County Sheriffos Department,2
Sacramento Off-Road Equestrian Association,1
Sacramento County Supervisor District 2 Rich Desmond,1
"SCR Intervention and Prevention Services for Battered Women, Batterers, Children and the Community",1
"SB Verdes Estates, Placentia, Poway, Rancho Cucamonga, Redwood City, Riverside, Rolling Hills, Rolling Hills",1
"SB United Church of Christ, Southern California Conference",1
SB San Diego Metropolitan Transit Development Board,1
SB California Correctional Peace Officers Association,1
SB California Conference Board of Amalgamated Transit Union,1
"SB American Planning Association, California Chapter",2
"Robert Chalk, Chief of Police, Clearlake Police Department",1
Revenue-Based Finance Coalition,4
Regional Pacific Islander Task Force,2
Regional Council of Rural Counties California Cattlemenos Association County of Amador,1
Rape Treatment Center at Santa Monica-UCLA,1
Rancho Santiago Community College District's Board of Trustees,1
Quick Stop Markets,1
Public Council (Public Interest Law of the Los Angeles and Beverly Hills Association),3
"Professional and Tehnical Engineers, Local 21, IFPTE",1
Professional Engineers in Ca,2
"Professional & Technical Engineer, Local 21",1
Pro Tones Automotive Refinishing & Body Repair,1
"PowerLight Corporation, Berkeley",1
Portview Preparatory School,2
Plumbing-Heating- Cooling Contractors of California,1
Plumas- Sierra Cattlemen's Association,1
Placer County Clerk-Recorder,1
Place County Transportation Planning Agency,1
Piedmont Gardens Next Generation,1
Physicians for Social Responsibility-San Francisco-Bay Area Chapter,1
Physicians for Social Responsibility-San,1
"Physicians for Social Responsibility, Los",1
Physicians for Social Responsibility - Los,1
"Phil Ting, Assessor-Recorder of San Francisco",2
Pediatric Community Alliance,1
SOS Shirley N,18
"Mayor of Los Angeles, Eric Garcetti",15
Chief Probation Officers,18
"California Secretary of State Shirley N. Weber, Ph.D",26
Wild Iris,13
North Fork Rancheria,18
Los Angeles Affiliate of the National Association of Counsel for,8
Lieutenant Governor John Garamendi,20
LA County,13
County of Riverside Supervisor V. Manuel Perez,14
California Insurance Commissioner Dave Jones,17
"Santa Barbara, County of",14
"Tulare, County of",19
"San Mateo, County of",13
Mariposa County,23
"Long Beach, City of",11
"Mission Viejo, City of",14
Orange County Board of Supervisors - Supervisor Vicente Sarmiento,13
LA Metro,23
Hazardous Waste Association of California,12
San Francisco District Attorney Kamala Harris,29
Office of Attorney General Bill Lockyer,10
"Mayor Daniel Lurie, City and County of San Francisco",26
Laborers' Local 777,18
Judge Quentin Kopp,24
Insurance Commissioner Ricardo Lara/California Department of Insurance,13
"Honorable Eric Garcetti, Mayor",7
Children's Advocacy Institute Center for Public Interest Law,11
Association of Korean Oriental Medicine & Acupuncture of California,10
Association for Children for Enforcement of Support (ACES),17
AG Rob Bonta,22
AFL-CIO California School Employees Association,14
Youth Together,26
Western Water Company,28
State Controller Betty T. Yee,11
Sand City,11
"SEIU 535 (American Federation of Nurses, Social Service Workers Union)",9
"Pleasanton, City of",14
"Plastic Pollution Coalition, a Project of Earth Island Institute",13
Office of Mayor Antonio Villaraigosa,6
Office of Attorney General Rob Bonta,12
"Obispo Counties, Inc",10
"John Chiang, State Controller",9
"Fiona Ma, State Board of Equalization Member",10
"Debra Bowen, Secretary of State",13
CommuniCare+OLE,19
California Nurses Association/National Nurses Organizing,7
California Association of Area Agencies on,7
California Association for Health Services at,12
"Bill Lockyer, State Treasurer",10
"Bill Leonard, Board of Equalization Member",9
Agromin,15
Access Support Network of San Luis Obispo and Monterey Counties,14
AFL-CIO American Federation of State,13
Association of Korean Oriental Medicine and Acupuncture of California,12
"West Hollywood, City of",6
"State Building and Construction Trades Council of California, sponsor of the bill",9
"Santa Barbara, City of",8
San Luis Obispo County Community College District / Cuesta College,13
"San Francisco District Attorney, George Gascon",8
Planned Parenthood of Santa Barbara,5
"Planned Parenthood Action Fund of Santa Barbara, Ventura, and San Luis",9
Mission Blue,15
Mayor of Oakland,10
Mayor Jerry Brown,9
Lt. Governor John Garamendi,12
Lt. Governor Cruz M. Bustamante,13
Los Angeles Mayor Richard Riordan,8
Legislative Committee of the County Clerks Association of California,9
Laborers Local 724,10
"David Chiu, San Francisco City Attorney",10
"Cruz M. Bustamante, Lieutenant Governor",11
Coalition of Parental Support,13
"City of Los Angeles, Office of the Chief Legislative Analyst",6
California Secretary of State Shirley N,12
California Council for Environmental and,14
"Bill Leonard, Member, State Board of Equalization",9
Baldwin Park Chief of Police,10
Asian Pacific Islander Re-entry and Inclusion Through Support and Empowerment,12
"Alex Padilla, California Secretary of State",5
Administrators Association of California,13
YWCA of San Diego,17
"Wildlands Conservancy, The",4
Western Center on Law and Poverty - sponsor,4
West Hollywood,21
Welcoming Neighbors Home,18
Weed for Warriors,9
WAVES National,8
Tom Torlakson,5
"Supervisor Jaron Brandon, Tuolumne County",7
"Strategic Committee of Public Employees, Laborers' International Union of N. America",11
"Stockton, City of",6
State of California Attorney General Rob Bonta,19
State Building and Construction Trades Council - Sponsor,4
Sonoma County Transportation Authority/Regional Climate Protection Authority,6
"Sen. George Runner, Member, State Board of Equalization",6
Santa Clara County Supervisor Dave Cortese,5
Santa Clara County Board of Supervisors (prior version),4
San Mateo City/County Association of Governments,8
San Luis Obispo County Employees Association (prior version),4
San Francisco District Attorney George Gascón,15
San Francisco District Attorney George Gascon,8
San Francisco City and County District Attorney,5
Western Milling,13
Strawberry Creek Monthly Meeting of the Religious Society of Friends,4
"The honorable Willie Brown, Mayor of San Francisco",5
"The Honorable Heather Fargo, Mayor of Sacramento",4
"The Honorable Edwin Lee, Mayor of San Francisco",1
State Teachers Retirement System (STRS) - Co-sponsor (staff recommendation),1
State Teachers Retirement System (STRS) (staff recommendation),1
"Scott Weiner, Supervisor - District 8, San Francisco",3
San Francisco Mayor's Office on Disability,2
San Francisco Mayor's Office of Disability,1
Sacramento Mayor Kevin Johnson,1
Sacramento Mayor Heather Fargo,1
"Robert Garcia, Mayor of Long Beach",4
Office of San Francisco Mayor London Breed,1
Oakland City Mayor Jerry Brown,3
"Natural Resouirces Defense Council, San Francisco",1
Native Directions Inc./Three Rivers Indian Lodge,4
"National Baptist Convention USA, Inc, Dr. Willie Gable, Jr., Pastor",1
"Mr. William F. Ardizzone, President, Long Beach Firefighters",1
"Mendocino County Librarian, Mindy Kittay",1
Public Employee Retirement System Board of,2
Older Women's League (previous version),1
"Orange County Reclamation Authority, Sunnyslope",1
"Schbolfield Solar Energy Company, Inc., San Buena Ventura",3
Renton &ferry Farms,2
"Pico Union/Westlake Cluster Network, Inc",3
Sudwerk Brewery,2
Punk Voter,1
Open Medicine Foundation,2
Overseas Vote Foundation,1
New Breath Foundation,2
NeuroRelational Framework Institute,1
Pomona Library Foundation,3
Pacifica Library Foundation,1
Morgan Hill Library Foundation,1
"Orange City Firefighters, Local 2384",1
Santa Ynez Chumash Teen Program,2
Second Wives Crusade,2
"Rape of Nanking"" Redress Coalition",4
REV Ocean,3
OpenSea,1
San Diego Pro Chapter of the Society of Professional Journalists,11
"San Diego County District Attorney, Bonnie Dumanis",6
SB California Medical Association,10
"Ricardo Lara, Insurance Commissioner/California Department of Insurance",16
Retired Peace Officers Association of California,13
Police Officers Research Association of,8
"Planned Parenthood of Santa Barbara, Ventura, and San Luis",8
Oracle,6
Office of Mayor Antonio R. Villaraigosa,9
"Norwalk, City of",10
"Nevada, County of",6
Modoc County,8
"Mendocino, County of",6
Mayor Richard Riordan,4
"Mayor London Breed, City & County of San Francisco",6
Mainstream Energy,5
"MOVI, Money Out Voters In",8
Lt. Gov. Cruz Bustamante,6
"Los Angeles, City of",6
Los Angeles County Hotel/Motel Group,8
"Los Angeles City Council, Office of the Chief Legislative Analyst",6
Local Initiatives Support Corporation,6
League of California Cities (Cal Cities) is pleased,5
Laborers Local 261,5
La Cooperativa,6
Kern County Supervisor Jon McQuiston,4
Inc. American Federation of State,9
"Huntington Beach, City of",8
"Humboldt, County of",8
"Fiona Ma, State Board of Equalization",8
California Attorney General Kamala Harris,24
"Agriculture Council of California (""In Concept"")",10
"Ventura, County of",10
"Laguna Beach, City of",19
"Santa Monica, City Of",9
Mayor Robert Garcia,9
Mayor Libby Schaaf,8
"Coalition of California Welfare Rights Organizations, Inc. - sponsor",9
REI,13
Stand Up For California,36
"London Breed, Mayor of San Francisco",17
Lieutenant Governor Leo McCarthy,16
Governor Schwarzenegger,25
Governor Gavin Newsom,32
California Attorney General Xavier Becerra,12
Attorney General Jerry Brown,14
"WEAVE, Inc",17
Secretary of State Bill Jones,23
"Santa Clarita, City of",16
San Francisco Mayor Edwin M. Lee,19
PICO,16
Mayor of the City of Los Angeles,14
Life Support Alliance,8
"Lafayette, City of",15
California Lieutenant Governor Gavin Newsom,9
"Betty Yee, California State Controller",8
"Betty T. Yee, California State Controller",10
Treasurer Phil Angelides,17
"Steve Westly, California State Controller",8
State Controller Malia M. Cohen,20
State Controller Gray Davis,20
Secretary of State Shirley N,15
"Chino Hills, City of",17
"Visalia, City of",17
"Soledad, City of",6
California State Employees Association (CSEA) - Sponsor,7
California Senior Legislature - Sponsor,7
Pacific Mutual,16
Unitarian Universalist Justice Ministry of California,16
Lt. Governor Leo McCarthy,12
Los Angeles Mayor Karen Bass,12
Long Beach Mayor Robert Garcia,14
Lieutenant Governor Gray Davis,9
"John Chiang, California State Treasurer",10
"Hayward, City of",9
Governor Pete Wilson,21
"Gavin Newsom, Lieutenant Governor",6
"Daniel E. Lungren, Attorney General",6
"Camarillo, City of",11
"California-Nevada Conference of Operating Engineers, sponsor of the bill",8
sf.citi,12
Morro Bay Commerical Fisherman's Organization,1
Montery County Board of Supervisors,1
"Monterey Bay Central Labor Council, AFL- CIO",1
Mission Peak Unitarian Univeralist Congregation,1
"Mimi Silbert, Delancey Street Foundation",1
"Military Officers Association of America, California-Council",3
Midpeninsula Regional Open Space District (Midpen),1
Mexican-American Bar Association of Los Angeles County,1
Merritt Construction Inc,1
Mellssa Joan Hart,1
Maternal Outreach Management Systems,1
"Martin Tucker, Senior Assemblymember",3
"Martin Operating, Inc",1
Madera Probation Peace Officer Association,1
Madera County Community Action Agency-Victim Services,1
Low Income Families' Empowerment through Education,2
Los Gatos Chief of Police,2
Los Angels County Professional Peace Officers Ass'n,1
Los Angeles/Orange Counties Building and Construction Trade Council,1
Los Angeles District Attorneyos Association,2
Los Angeles County/Department of Health Services,2
Los Angeles County Superintendents of Schools,4
Los Angeles County Sheriffs' Department California Public Parking Association Police Departments of the Cities of Alhambra,2
"Los Angeles City Council Member, Ret., Nick Pacheco",1
Los Angeles Chapter of the National Organization for Women,1
Los Angeles Affiliates of the National Association of Counsel for Children,1
Los Angeles Affiliate of the National Association of Council for Children,3
Los Angeles Affiliate,1
Los Angele County Police Chiefs Association,2
"Long Each Fire Fighters, Local 372",3
Long Beach Senior Citizens' Advisory Commission,1
"London Breed, Mayor, City and County of San Francisco",1
Lockwood perSisters,1
Legislative Committee of the California Peace Officerso Association,3
Legal Aid Society of San Francisco/Employment Law Center,2
"League of Volunteers-Fremont, Union City, Newark",2
Law and Legislative Committee of the California Peace Officerso association,1
Law and Legislative Committee of the California Peace Officerso Association,1
Law Offices of Christopher Sutton,1
Latinx Physicians of California (LPOC),1
Latino Coalition for a Healthy Family,1
"Lake, Mendocino and Sonoma County Office of Education",1
Lake County Employees Association (Operating Engineers Local 3),1
"Ladies Auxiliary to the Veterans of Foreign Wars of the United State, Kearny Mesa Post 3788, San Diego",1
Laborers Local 777 & 792,1
La Mesa Foothills Democratic Club,1
La Mesa Community Church (Santa Barbara),1
La Casa delas Madres,1
L. A. Care Health Plan,2
Korean-American Grocers Association of California,10
King Canyon Unified Transportation,1
Kid Connection Preschool,1
Kehila Community Synagogue,1
Junior League of Napa- Sonoma,1
"Jim Pope, Sheriff-Coroner, Shasta County",2
"Jewish Community Relations Council of San Francisco, the Peninsula, Marin, Sonoma, Alameda and Contra Cost counties",1
Jewish Community Relations Committee of the Los Angeles Jewish Federation,6
Jewish Community Relations Committee of the Jewish Federation,2
"James P. Lingl, Attorney, Le Parc Homeowners Association",1
Iu-Mien Community Services,2
"International Union, United Automobile, Aerospace and Agricultural Implement Workers of America, UAW, Region 5",1
"International Union, United Automobile, Aerospace and Agricultural Implement Workers of America (UAW) Region 5",1
"International Union of Painters and Allied Traders, District council 36",2
"International Brotherhood of Electrical Workers, Local Union No",1
"International Association of Bridge, Structural, Ornamental and Reinforcing: Iron Workers, Local 155",4
"International Association of Bridge, Structural, Ornamental and Reinforcing Iron Workers, Local 155",1
"International Alliance of Theatrical Stage Employees, Moving Picture Technicians, and Allied Crafts, IATSE: Local 16",3
"International Alliance of Theatrical Stage Employees, Locals 44, 80, 600, 695, 700, 705, 706, 728, 729, 767, 800, 871, 884, 892",1
"Inland Boatman's Union of the Pacific, Marine Division of the International Longshore and Warehouse Union",1
Infant of Prague Counselling and Adoption Services,1
Independent Merging Parent Associations of California,2
Independent Insurance Agents,1
Imperial County Area Agency of Aging,1
Hundai Motor America,1
Humbolt county Department of Health and Human Services,1
Human Rights/ Fair Housing Commission of the City and County of Sacramento,1
Human Rights / Fair Housing Commission of the City and County of Sacramento,1
Human Resources Council of Calveras County,1
"Hotel Employees & Restaurant Employees Union, Local 11 in",4
"Hotel Employees & Resaurant Employees Union, AFL-CIO",1
High Street Neighborhood Alliance-Oakland,1
"Henry T. Perea, Councilmember 7th District",3
Healthy Child/Healthy World,1
Hadassah Southern California Nurses Council of San Diego County,1
Gurudwara Sant Sagar,2
Guru Nanak Sat Sangat of California,3
Guayakí Sustainable Rainforest Products,1
"Gresham, Savage, Nolan % Tilden, LLP",1
Greater Los Angeles Disabled Veterans Business Enterprise Network,2
Governor's Commission on California Veterans Home,2
Girl Scout Councils of CA,2
Giarreto Institute,1
"Georgette Gomez, Councilmember",1
"General Federation of Womenos Clubs, Sutter District",1
"G.A.B. Construction,Inc",1
French-Gulch-Whiskeytown School District,1
"Forest Bazat, PharmD, Assistant Clinical Professor, School of Pharmacy, University of California, San Francisco",2
"For Our Future, A California Tribal Domestic Violence and Sexual Assault Prevention Coalition",1
Firebaugh- Las Deltas Unified School District,1
Filipino American State Employees association,1
Federation of Indo-American Association of Southern California,3
Farmer and Merchants Bank,1
Family Services Council of California,3
Family Law Section of the State Bar (see Comment 9),1
Family Caregiver Alliance/National Center on Caregiving,1
Fairmede-Hilltop Neighborhood Council-Oakland,1
FORCES (Fight Ordinances & Restrictions to Control & Eliminate Smoking),1
"FOR OUR FUTURE, A California Tribal Domestic Violence and Sexual Assault: Prevention Coalition",1
Extended Opportunity Program & Services Association,3
"Estate Planning, Trust and Probate Law Section of the California State Bar",2
Equality California (EQ CA),1
"Epilepsy Foundation-Los Angeles, Orange, San Bernardino, and Ventura Counties",1
"Engineers and Scientists of California, Local 20, IFPTE, AFL-CIO)",1
Emergency Nurses Association/California State,1
Embracing Latina Leadership Alliances,2
Elm Indian colony of Pomo Indians,1
Ella Baker Center's Green collar Jobs Campaign,1
El Dorado/ Amador Counties Indian Education Project,1
El Dorado County Treasurer-Tax Collector C.L. Raffety,1
El Dorado County Treasurer-Tax Collcetor C.L. Raffety,1
"El Dorado County Sheriff, Coroner, Public Administrator",1
"El Dorado County Sheriff - Coroner, Public Administrator",2
El Dorado County District Attorneyos Office,1
"Edwin Lee, Mayor, City and County of San Francisco",1
"Educational Enrichments Systems, Inc",1
"Dr. Jerome Engel, Chief, Division of Epilepsy and Clinical Neurophysiology, UCLA and Director, UCLA",1
Domestic Violence Coordinating Council of El Dorado County,2
Division of Rate Payer Advocates-California Public Utilities Commission,1
District 5280 Rotary International,4
Developmental Disabilities Board Area 12,2
Dept. of Mental HealthCA Assn. of Mental Health,1
Deposition Reporters Assn.California Court Reporters Assn,1
"Department of Ethnic Studies, California State University Sacramento",2
Department of Agriculture/Weights and Measures,2
"Delaine Eastin, State Superintendent of Public Instructions",1
Deer Springs Fire Protections district,1
Cubic Corporation,1
Crittenon Services for Children & families,1
Creighton University - Department of Pharmacy Sciences,1
County of Santa Barbara-KIDS NETWORK,1
"County of San Bernadino, Board of Supervisors",1
County of MendocinoS,1
"County of Los Angeles - Studio City, lendale, West Van Nuys, Van Nuys, and Sherman Oaks",1
County of Fresno Assessor- Recorder,1
County of Contra Costa (Stephen L. Weir/County Clerk-Recorder),1
Counties of Placer and SacramentoS,1
Counties of Placer and Sacramento S,2
"Corporation Committee and Nonprofit Organizations Committee, Business Law Section, California Lawyers Association",1
Cornerstone Commuities,1
Contra Costa S,1
Contra Costa County Library Commision,2
Consumer Protection Policy Center/University of San Diego School of Law,1
Consumer Protection Policy Center/University San Diego School of Law,2
"Consumer Protection Policy Center-University of San Diego, School of Law",1
"Consumer Financial Services Committee, Business Law Section of the State Bar",2
Consulting Engineer and Land Surveyors of California,3
Conselho Supremo da Uniao Portuguesa Protectora do Estado da,1
Concerns: California State Association of Counties,1
Community-Labor-Environmental Action Network,1
Community Service Programs - Sexual Assault Victim Services,1
Community Adult Day Care of Community Hospital of San Bernardino,1
"Communications Workers of America, AFL-CIO District 0",1
"Communications Workers of America, AFL- IO, District 9",2
Communications Workers of America Local 9119,1
Commission of older Americans of the City of Santa Monica,3
Commercial Transaction Committee of the Business Law Section of the State Bar,2
"Coalition of Entertainment, Music and Literary GuildsS",1
"Coalition of Entertainment, Music and Literary Guilds S",2
"Clinicas Del Salud Del Pueblo, Inc",1
Clare|Matrix,1
Civil Justice Association of California (formerly Association for California Tort Reform),2
City/County of San Francisco Department on the Status of Women,4
City of West Hollywood-Department of Rent Stabilization,1
City of Southgate Police Department,1
City of Solana Beach Fire Department,1
City of Petaluma Police Department,2
City of Los Angeles/Department of Aging,1
City of Long Beach - Robert Garcia,1
Citizenso Commission on Ballot Initiatives,2
Chinatown Transportation Research Improvement Project,1
Childrenos Convalescent Hospital of San Diego,2
Children's Advocacy Institute/Center for Public Interest,3
Children's Advocacy Institute at the University of the San Diego School of Law,2
Child development Program Advisory Committee,5
Child Protection Center Department of Pediatrics Unitversity of California - Davis Medical Center,2
Centro Binacional de Desarrollo Indígena Oaxaqueño,1
Central Valley Disabled Veterans Business Enterprise Network,2
"Central Labor Council of Fresno, Madera, Tulare and Kings Counties, AFL-CIO",1
Central Basis Municipal Water District,1
Center for Public Interest Law/University of San Diego,1
"Center for Ignatian Spirituality, Loyola Marymount University",2
Center for Environmental HealthClean Water Action,1
"Catholic War Veterans of the United States, Coachella Valley Chapter",1
"Catholic Charities, San Francisco County",1
"Catholic Charities, San Diego",1
Caregiver Resource Center-Orange County,1
"Cardinal Roger Mahoney, Archbishop of Los Angeles",2
Car and Truck Renting and Leasing Association of Californian,4
California-Pacific Annual Conference of the United Methodist Church,1
California Travel Industry Association (Cal TIA),1
California Teamsters Public Affair Council,2
California Taxpayers,3
California Structure Settlements Coalition,4
California State Student Association of of Community Colleges,1
California State Shriff's Association,1
California State Parent Teachers Association (CAPTA),1
California State Firefighters'Association,1
California State Association of CountiesCalifornia,1
"California State Association of Counties, County of",3
"California Society, Certified Public",1
California Society of Dermatology and Dermatological Surgery,2
California Service Station and Automotive Repair Asso,1
"California Rural Legal Assistance Foundation, Western Center on",1
California Public Utilities Commission Division of Ratepayer Advocates,1
"California Professional Firefighters, State Council of the International Association of Fire Fighters",1
California Police Chiefs' Associations (approve in principle),1
California Peace Officerso Assn,1
California Peace Officers' Associaton,1
California Peace Offcers' Association,1
California Pawnbrokers Association (CPA),2
California Off Road Vehicle Associaion,2
California Nurses Association/National Nurses,2
"California Legislative Conference of Plumbing, Heating and Piping Industries",2
California Law Center on Long-Term Care,1
California Judges Associations,1
California Insurance Commissioner Richard Lara,1
California Insurance Commissioner Ricard Lara,4
California Independent Pubic Employees,1
"California Health+Advocates, a subsidiary of The California Primary Care Association",1
"California Health+ Advocates, Subsidiary of The California Primary Care Association",1
California Health+ Advocates (subsidiary of the California Primary Care Association),1
"California HIV Advocacy Coalition, So Ca Region",1
California Fly Fishers,1
California Federation of Labor AFL/CIO),1
"Eleni Kounalakis, California Lieutenant Governor",4
"California Lieutenant Governor, Eleni Kounalakis",7
California Lieutenant Governor Eleni Kounalakis,7
"Cruz Bustamante, Lieutenant Governor, State of California",7
"Dean Andal, Member, State Board of Equalization",7
Controller John Chiang,9
Commissioner Lara,4
"California Department of Insurance, Commissioner Ricardo Lara",9
"Bill Leonard, Member, Board of Equalization",7
"Attorney General Rob Bonta, State of California",13
"Xavier Becerra, Attorney General, State of California",8
City of San Diego Mayor Todd Gloria,8
Vallejo Mayor Robert Mcconnell,3
City of Berkeley Mayor Jesse Arreguin,7
"Councilmember Paul Koretz, 5th District",2
Councilmember Marti Emerald,4
Zach Hilton City Council Member,3
"Elk Grove, City of",7
"Walnut Creek, City of",5
Department of California California Association of County Veterans Service Officers Vietnam Veterans of America,8
California Nurses Association/National Nurses United (CNA),16
California Professional Firefighters - Sponsor,4
California Optometric Association (COA - sponsor),4
California Dental Association (CDA - sponsor),4
Children's Advocacy Institute/Center for Public Interest Law,8
"Christi Baker, Chrysalis Consulting Group, LLC",4
Citizens for the oRight to Knowo,7
Yuba College,7
Youth Law Center - sponsor,3
World Relief,4
West Oakland Health,6
Weatherford,7
Women's Crisis Support - Defensa de Mujeres,3
Association for the Advancement of Colored People,4
20/20 Recycle Centers,18
"Mayor of San Jose, Sam Liccardo",3
"Mayor of Sacramento, Darrell Steinberg",4
Mayor of Richmond Tom Butt,4
Mayor of Half Moon Bay Deborah Penrose,3
Mayor Jesse Arreguin,1
Mayor Jean Quan,3
Mayor Helene Schneider,3
Mayor Gayle McLaughlin,3
"Mayor Eric Garcetti, Los Angeles",7
Los Angeles Mayor James Hahn,6
Los Angeles Mayor,4
Los Angeles City Council President Alex Padilla,12
"London Breed, Mayor of City & County of San Francisco",5
Lieutenant Governor of California Eleni Kounalakis,7
Judge Quentin L. Kopp,10
Judge Larry Stirling,4
"Hon. Dean Andal, Member, Board of Equalization",6
"Fiona Ma, Member, State Board of Equalization",3
"Fiona Ma, Board of Equalization Member",4
"Monterey Bay Chapter, National Association for Uniformed Services",4
Lake County/City Area Planning Council,7
Equality California (EQCA) - Sponsor,3
Estate Planning Section of the State Bar of,8
Medical Oncology Association of California,6
Money Out Voters In (prior version),3
"The Honorable Eleni Kounalakis, Lieutenant Governor, State of California",4
Support Network for Battered Women,11
State Teachers' Retirement System (STRS) - Sponsor,3
State Public Employees' Retirement System Board of Administration,5
Sponsor American Federation of State,3
"Southern California Housing Development Corporation, Rancho Cucamonga",5
South San Francisco Councilmember James Coleman,8
"Shirley Horton, Mayor of Chula Vista",5
Sheriffs of Los Angeles and San Bernardino,8
"Service Employees International Union, Local 1000 - Sponsor",3
Sempra Energy and its Affiliates: San Diego Gas & Electric Company and Southern California Gas Company - sponsor,3
"Santa Rosa, City of",5
"Santa Cruz, County of",3
"Santa Ana, City of",5
Santa Ana Mayor Miguel Pulido,9
"San Rafael/Marin County Council of Mayors & Council Members, City of",6
San Jose Mayor Sam Liccardo,11
"San Joaquin, County of",8
San Joaquin County Supervisor Robert Rickman,7
San Francisco Mayor's Office,13
San Francisco District Attorney Terence Hallinan,13
San Diego Community College District wrote,5
San Diego City Councilmember David Alvarez,4
"Sacramento, City of",5
SB California Peace Officers Association,5
Roots Community Health Center/Roots Community Health Alliance,4
Richmond City Councilmember Gayle Mclaughlin,5
"Reserve Officers Association of the United States, Department of California",7
Public Employees Retirement System Board of,12
Professional Investigators of California,11
Planned Parenthood Advocacy Project,6
"Peace and Justice Center of Southern California, Los Angeles",10
Parent Leadership Action Network,12
"Palm Springs, City of",6
"Oakley, City of",3
Northern California Carpenters,9
North San Diego County Transit Development,4
Nonprofit and Unincorporated Organizations Committee of the,8
Depression and Bipolar Support Alliance California,3
"Department of Justice, Office of the Attorney General",6
Department of California California State Commanders Veterans Council Military Officers Association of America,6
County Welfare Directors Association of California (in concept),3
County Welfare Directors Assoc. None to date,3
County Alcohol and Drug Program Administrators Assoc. of California,5
Councilmember Toni Atkins,3
Councilmember Darrell Steinberg,3
"Continuing the Dream, California Department of Corrections & Rehabilitation",4
County and Municipal Employees American Federation of State,5
City of Oakland Mayor Libby Schaaf,9
City of Los Angeles Mayor Karen Bass,6
"City of Fresno, Mayor Ashley Swearengin",3
"City of Chula Vista, Mayor Casillas Salas",6
"City and County of San Francisco, Mayor Edwin M. Lee",9
City Council Member Zach Hilton,3
Child Support Directors Association of California,4
California-Nevada Conference of Operating Engineers (Sponsors),3
California Teachers' Association (CTA) - Sponsor,3
California State Attorney General's Office,7
California State Attorney General Bill Lockyer,4
"California State Association of Counties, sponsor of this measure",3
California Senior Legislature (CSL) - Co-Sponsor,3
"California Nurses Association/National Nurses United, AFL-CIO",6
California Long-Term Care Ombudsman Association (prior version),3
"California Labor Federation, AFL-CIO - Sponsor",3
"California Labor Federation, AFL-CIO (co sponsor)",3
California Interfaith Partnership for,3
"California Insurance Commissioner, John Garamendi",3
"California Department of Education, State Superintendent of Public Instruction",6
California Council of Community Mental Health Agencies (prior version),3
California Council of Churches and California IMPACT,4
California Conference of Local Directors of Health Education,5
California Bowman Hunters Association and State Archery Association,8
Business Law Section of the California State Bar - Sponsor,3
Bluewater Network/Friends of the Earth,27
"Bill Lockyer, Treasurer, State of California",6
"Bill Lockyer, Attorney General, State of California",4
"Betty Yee, Acting Member, Board of Equalization",5
Association for Children for Enforcement of Support,10
Area Agency on Aging of Lake and,5
Apartment Association of San Fernando Valley/Ventura County,4
"Antonio Villaraigosa, Mayor",3
"American Lung Association of California, Bay",3
Agricultural Council of California - Support in Concept,5
"100% Campaign, a collaborative of Children Now, Children's",3
i-Stat Corporation,15
"Zach Hilton, Member, Gilroy City Council",7
"Zach Hilton, Gilroy City Council Member",3
"Zach Hilton - Councilmember, Gilroy",3
Zach Hilton - City of Gilroy Councilmember,2
Yuba County Victim/Witness Assistance Program,5
Youth Power Project (YPP),2
"Yolo County Supervisor, Jim Provenza",2
What's Up Dog LA,3
Western Contract,2
West Hollywood Councilmember John Erickson,3
Vietnam Veterans of California - Sacramento Veterans Resource Center,4
Victims Empowerment Support Team,3
"Vice Chair Michelle Steel, California State Board of Equalization",3
Veterans Exploring Treatment Solutions (VETS),3
Ventura County California Alzheimer's Association,3
"University of San Francisco School of Law, Center for Law and Global Justice",1
"University of California, Los Angeles, American Indian Studies Center",2
UFCW Western,2
UCLA cityLAB,3
UAW Local 4811 (UNREG),2
"U.S. Department of Justice/FBI, San Francisco Office",2
"Trustee John Norman, San Jacinto Unified School District",3
Triple P,4
Tri-Counties Association for the Developmentally,3
"Todd Spitzer, Orange County Supervisor",2
The San Francisco Lesbian Gay Bisexual Transgender Community Center,2
The Latino Coalition,5
The DIR/Floortime Coalition of California,4
"The Association for Children for Enforcement of Support, Inc",3
TVG,4
"Surfrider Foundation, West LA/Malibu Chapter",4
"Supervisor Nathan Fletcher, District 4",2
"Supervisor Greg Cox, San Diego County",5
"Supervisor Eric Mar, San Francisco Board of Supervisors",4
"Supervisor Bill Horn, San Diego County Board of Supervisors",4
"Superior Court of California, Contra Costa County",2
"Summer Stephan, San Diego District Attorney",2
Student Senate for California Community Colleges (Sponsors),2
"Student HOMES Coalition, the bill sponsor",2
"Strategic Committee on Public Employees, Laborers' International Union of North America",3
"Stop Gun Violence, Orange County Citizens for the Prevention of Gun Violence",3
State of California Advisory Commission on Special Education,3
"State Building and Construction Trades Council, in support",3
"State Building and Construction Trades Council, AFL-CIO, a co-sponsor of the bill",2
State Attorney General Office,5
"Stanislaus, County of",4
"Specifically, CCOF",3
Southern Indian Health Council Sycuan Band of the Kumeyaay Nation,2
South Coast Air Quality Management District and,6
Tri-County Economic Development Corporation,3
"Tri-City Prevention Collaboration (Cities of Carlsbad, Oceanside & Vista)",4
The Greenspan Co./Adjusters International,9
Support Network for Battered Women (Mountain View),3
State Controller Steve Westley,14
Office of Governor Gray Davis,9
"John Chiang, Treasurer, State of California",17
"Honorable John Chiang, California State Controller",12
Controller of the State of California,12
Mayor Karen Bass,5
Mayor Jerry Sanders,5
Sheriff Leroy D. Baca,2
"West Sacramento, City of",5
"Lakewood, City of",11
"Encinitas, City of",7
"W.O.M.A.N., Inc",12
Volunteer Centers of California,10
Inland Agency,9
High Tech Los Angeles,22
LA Mas,6
"Mayor of Sacramento, Kevin Johnson",1
"Mayor of Long Beach, Robert Garcia",1
Mayor Stephen Pougnet,1
Mayor Robert Garcia of Long Beach,1
Mayor Libby Schaaf of Oakland,1
"Mayor Kevin Johnson, Sacramento",2
Lucito Insurance Agency,1
Leonard Padilla Bail Bonds,2
L.A. DA,3
L.A. D.A.'s Office,1
"Kevin Johnson, Mayor of Sacramento",4
Innavision Preparation Foundation,1
InnaVision Preparation Foundation,1
Inc. (dba Holiday and SAV MOR Foods) PAQ,1
Hypnosis Motivation Institute,1
"Honorable London Breed, San Francisco Mayor",2
"Honorable Libby Schaaf, Mayor of Oakland",1
"Honorable Dean Andal, Member BOE",2
"Hon. Joan Darrah, Mayor, Stockton",1
Help Is Hope Foundation,2
Heartwood Institute,1
Healthy Parks Healthy Communties,1
Government Finance Officers Association,1
Ghost Pine Native Plant Nursery,2
"City of Los Angeles, Mayor Antonio Villaraigosa",15
"Bill Lockyer, Attorney General",8
Attorney General Becerra,7
"Todd Gloria, Mayor",4
"The Hon. Daniel E. Lungren, Attorney General",5
"Beverly Hills, City of",12
"Alameda, County of",6
"Torrance, City of",13
California Rural Legal Assistance Foundation - Sponsor,5
CA Bridge,16
State Treasurer Matt Fong,7
State Treasurer Kathleen Brown,17
"Santa Clara, City of",8
"SEIU California, sponsor of the bill",6
SB California State Association of Counties,5
"Rob Bonta, Attorney General",7
Public Employees Retirement System (PERS) - Sponsor,4
"Placentia, City of",9
"Philip Angelides, State Treasurer",5
"Office of the Attorney General, Bill Lockyer",7
Oakland Mayor Libby Schaaf,6
Mayor of San Diego,5
Mayor Lesa Heebner,4
Mayor Gavin Newsom,4
MCHA,21
Lieutenant Governor Bustamante,7
"Libby Schaaf, Mayor",4
"Kathleen Connell, State Controller",10
"Jerry Dyer, Mayor of City of Fresno",11
Indivisible El Dorado,4
Honorable Quentin Kopp,35
"Honorable Dan Albert, Mayor of Monterey",14
Governor Jerry Brown,8
"Darrell Steinberg, Mayor",4
"City of Sacramento, Mayor Darrell Steinberg",4
California Attorney General Kamala D. Harris,8
Attorney General Daniel E. Lungren,4
"Glendale, City of",6
"Concord, City of",9
California School Employees Association (CSEA) - Sponsor,4
"California Labor Federation, in support",5
California Labor Federation - Sponsor,4
California Labor Federation - Co-Sponsor,4
California Council of Land Trust,8
California Association of Public Authorities for,4
Californians for Safety and Justice - Timedone,7
Association of California State Attorneys and,6
Black Women Organizing for Political Action,4
Asian Pacific Islander Small Business Program WBC/LTSC Community Development Corp,1
Asian Pacific Islander Bar Association of Los Angeles County,1
Area I Agency on Aging's Advisory Council,1
Area I Agency on Aging Advisory Council,2
Area Agency on Aging for San Luis Obispo and Santa Barbara County,3
Area Agency on Aging Advisory Council/Los Angeles County,2
Anne Martin Center,1
Ann Margret,2
American Renegade Theater Company (North Hollywood),3
American Nurses Association\California chapter,1
American Nurses Association/California Chapter,3
American Heart Association-California and Greater Los Angeles Affiliates (co,1
American Federation of State/County Employees,2
"American Federation of State, County, and Municipal Employees (AFSCME), Local 399",1
"American Federation of State, County and Municipal employees (AFSCMEE), AFL",1
"American Federation of State, County and Municipal Employess",2
"American Federation of State, County and Municipal Employees, Local 3993",1
"American Federation of State, County and Municipal Employees, AFL- CIO (AFSCME)",1
"American Federation of State, County and Municipal Employees(AFSCME)",1
"American Federation of Stare, County, and Municipal: Employees (AFSCME), AFL-CIO",1
"American Federation of Stare, County, and Municipal Employees (AFSCME), AFL-CIO",1
"American Federation of Sate, County and Municipal Employees, AFL-CIO",1
American Feceration of State County and Municipal Employees (AFSCME),1
"American Congress of Obstetricians and Gynecologists, District IX/California",2
American College of Emergency Physicians-California,2
American College of Emergency Physicians State Chapter of,2
American Academy of Pediatrics/California District IX,2
Amador County Sheriff- Coroner,1
"Alliance for the Mentally Ill, Orange County",1
Alliance Against Family Violence and Sexual Assault (Bakersfield),1
Alliance Against Familly Violence,1
Alameda Unified School District/Woodstock Child Developmental Center,1
"Alameda County Labor Council, AFL- CIO",1
After school All-Starts LA,1
Afghans for aBetter Tomorrow,1
Advisory Council to the Area Agency on Aging,5
AIDS Emergency Fund/Breast Cancer Emergency Fund,1
"AFMSME American Federation of State, County and Municipal Employees",1
California Crime victims for Alternative to the Death Penalty,3
"California Council Chapters, Military Officers Association of America",2
California Correctional Peace Officers Assoc. [CCPOA,1
California Continuing Care Retirement Residents Association,2
California Conference the Amalgamated Transit Union,2
California Conference of Local Health Offices,1
California Conference of Local Health Department of Nursing Directors,4
California Community Colleges Student Financial Aid Administrators,1
California Community Choice Association (CalCCA),5
California Commission Aging,1
"California Coalition of Agencies serving Deaf and Hard of Hearing, Inc",1
"California Coalition of Agencies Serving Deaf and Hard of Hearing, Inc",2
California Chapter of the Institute of Scrap Recycling Industries,1
California Chapter of the American Fence Contractors Asssociation,1
California Chapter of American College of Emergency Physicians CALACEP,2
California Cerebral Palsy Associations,2
California Cattleman's Asso,1
California Cable TV Association,3
California Attorney,2
California Association of public Authorities for In-Home Support,1
California Association of State Hospital/Parents Council,2
California Association of Resources Conservation District,1
California Association of Public Hospitals and Health Systems (CAHP),2
California Association of Public Authorities for In-Home Support,1
California Association of Local Agency Formation: Commissions (CAL-LAFCO),1
California Association of Hospital and Health System,2
California Association of County Veterans Services Officer,1
"California Association of Councils of Government, American",1
California Association of Certified Family Law Specialist,2
California Association of Bicycling Association,1
California Association for Homes and Services for the Aged,2
California Associatin of Thrift and Loan Companies,2
California Assn. of Life Underwrithers,1
California Assn. of Harbor Masters and Port Captains,1
California Art Council,2
"California Animal Control Directoros Association, Inc",1
California Agricultural Teachers Associaition,4
California Academy of Child and Adolescent Psychiatry (Cal- ACAP),1
California AIDS Healthcare Foundation,2
"Calif. Association of Sheet Metal and Air Conditioning Contractors, National Association",2
Calif- ornia Library Services Board,1
"Calfiornia Conference Board, amalgamated Transit Union",2
Calfiornia College and University Police,4
Calaveras County Clerk- Recorder,1
"Cal Chapter, American College of Emergency Physicians",1
CSP-Victim Assistance Programs (Santa Ana),1
Building Industry Association - Los Angeles/ Ventura Chapter,1
"Bruce Bayaert (Chair, Trails for Richmond Action Committee)",1
Bright STAR Care,1
Bricklayers and Allied Craftworkers Local,2
"Board of Supervisors, San Diego County",2
Board of Governors of the California Community Colleges/Chancellor's Office,3
"Board member Gay Plair Cobb, Alameda County Board of Education",2
"Board member Christopher Dobbins, Oakland School Board",1
"Board member Alice Spearman, Oakland Board of Education",2
Bluewater Nework,2
"Big Sur Land Trust, California Association of Local Conservation Corps",1
BiRite Foodservice Distributors,2
Beverly Hills Fire fighters Association,1
"Betty Yee, Acting Member State Board of Equalization",1
Bellflower Motor Sports,1
Bell South Cellular Corporation,1
Bar Association of San Francisco-Family Law Section,1
BSA|The Software Alliance,3
Attorneyos Office,1
"Association of Sheet Metal and Air Conditioning Contractors, National Association",1
Association of Homeless and Housing Services Providers of Contra,1
Association of California Cities Allied With Prisons (ACCAP),1
Association for Los Angeles Deputy Sheriffos,1
"Association for Commuter Transportation, Southern Cal. Chapter",1
"Associated Students, CSU Northridge",2
Associated Students of UCSD,1
"Associated General Contractors, California and San Diego chapters",1
Asian Students Promoting Immigrants Rights through Education,2
Asian Students Promoting Immigrant Rights through Education,3
Asian Southeast Asain Society International Policy Institute,1
"AB The American College of Obstetrics and Gynecologists, District 1",1
AB Humboldt County Planning and Building Department,1
AB California Service Station and Automotive Repair and Association,1
5California State Board of Equalization,1
1)The Santa Barbara County Taxpayers Association,1
S.E.E. Citizens for Responsible Growth in the Santa Monica Mountains,5
"Rockard J. Delgadillo, City Attorney",2
"Riverside, City of",4
Rocklin Mayor Brett Storey,2
Redding Mayor Dick Dickerson,2
Pismo Beach Mayor Dwayne Chisam,2
Ralphs/Food 4 Less,4
Rental Property Assn. of Central California,2
Rental Housing Owners Assn. of Southern Alameda County,2
"Rental Housing Assn., Contra Costa County",2
Region 8 States Council of the United Food and Commercial: Workers (UFCW),4
Public Affairs Committee of the Junior Leagues of California,3
Project APPLE/Project REACH,3
Progressive Democrats of California,9
"Professional and Technical Engineers, International Federation of Professional and Technical Engineers Local 21",3
People Improving Communities through Organizing,2
PFLAG | Palos Verdes/South Bay,2
PFLAG | Palm Springs/Desert,2
PAL Humane Society,3
Pacific Institute for Studies in Development,2
"One supporter, Alliance of American Insurers (AIA)",2
Office of the Mayor of the City of San Francisco,4
Office of the Mayor of the City of Los Angeles,2
Office of the Mayor Antonio Villaraigosa,2
Phil Ting,2
Rev Renewables,3
Professional Firefighters of Sonoma County Local 1401,6
Sheriff Sherman Block,1
Sheriff Dick Williams,2
Service Employees International Union (SEIU) and,4
Senior Citizens' Housing Protection Committee of the City of Hemet,3
Senior Citizens' Housing Protection Committee of,6
Senator Quentin L. Kopp,3
Senate Public Safety Committee,13
Secretary of State Shirley Weber,7
Santa Maria Mayor Larry Lavagnino,2
"Santa Cruz, City Of",2
Santa Cruz County Clerk Gail Pellerin,2
"Santa Clara, County of",2
"Santa Clara, County Of",2
Santa Clara County Supervisor Blanca Alvarado,9
Santa Barbara Rental Property Assn,2
"Santa Barbara County Second District Supervisor, Susan J. Rose",3
Santa Barbara City Councilwoman Helene Schneider,3
"San Pablo, City of",2
San Mateo County/Silicon Valley Convention & Visitors Bureau,9
San Jose Unified School District administrators,2
San Jose Mayor Chuck Reed,6
San Francisco Mayor's Hepatitis C Task Force,10
San Franciscans for Reasonable Growth,2
San Diego Mayor Todd Gloria,6
San Diego County Supervisor Ron Roberts,3
San Diego County Supervisor Greg Cox,2
San Bernardino County Auditor-Controller/Treasurer/Tax Collector Oscar Valdez,2
Sacramento-Sierra Building and Construction,2
Sacramento Councilmember Caity Maple,2
Sacramento City/County Hunger Commission,3
"Sacramento City Unified School District, Board Member Manny Hernandez",4
SB California Taxpayers Association,2
SB California Chamber of Commerce,2
Office of the District Attorney of the City and the County of San Francisco,2
Office of Supervisor Nora Vargas,2
Office of Sacramento Mayor Darrell Steinberg,4
Oakland Municipal Court Judge Jeffrey Tauber,6
National Organization for Women (committee analysis),2
National Conference of Commissioners on,8
"National Association of Industrial and Office Properties of California, Commercial Real Estate Development Association",3
National Alliance on Mental Illness California (NAMI-CA) also,2
National Alliance on Mental Health,2
National Alliance for the Mentally,2
"Mr. Joel Marshall, President, Atomic Film Company",2
Mosquito and Vector Control Association of,4
Monterey County Office of Supervisor Luis A. Alejo,3
Milton Marks Commission on State Government Organization and Economy,3
Milton Marks Commission on California State Government Organization and Economy (oLittle Hoover Commissiono),2
Milton Marks Commission on California State Government Organization and Economy,2
Milton Marks Commission on California,8
Milpitas Councilmember Anthony Phan,3
"Michael Antonovich, Mayor",2
"Metropolitan Water District of Southern California, sponsor of this measure",2
Menlo Park Mayor Jen Wolosin,3
"Melissa Blaustein, Mayor of Sausalito",3
Mayor of Santa Monica,6
Mayor of San Bernardino,7
"Mayor of Los Angeles, Antonio Villaraigosa",2
Mayor of Chula Vista,7
Mayor and Council of the City of Sacramento,3
Mayor and City Council of Oakland,6
Mayor Ronald O. Loveridge,2
Mayor Robert Whalen City of Laguna Beach,3
Mayor Richard J. Riordan,1
"Mayor London Breed, City and County of San Francisco",3
Mayor London Breed,2
Mayor Libby Schaaf- City of Oakland,3
Mayor Kevin Johnson,2
Mayor John Bauters,2
"Mayor Edwin M. Lee, City and County of San Francisco",3
"Matt Mahan, Mayor City of San Jos",3
"Maria Pacheco, Mayor, Kerman",4
Los Angeles Superior and Municipal Courts,2
Los Angeles Solid Waste Management Committee/Integrated Waste Management Task Force,2
Los Angeles Mayor's Office,2
Los Angeles Mayor Antonio Villaraigosa (former),2
"Los Angeles County Supervisor, Michael Antonovich",2
Los Angeles County Office of Education writes,2
"Los Angeles County Drainage Area Alliance (coalition of seven cities--Bellflower, Carson, Downey, Lakewood, Paramount, Pico Rivera, and South Gate)",3
Los Angeles County District Attorneyos Office (in principle),2
Los Angeles County Board of Supervisors (LA County),2
Los Angeles City/County Native American Indian Commission,5
Los Angeles City Councilmember Jose Huizar,7
Los Angeles Affiliate of the National Association of Children's Counsel,6
Local 3299 American Federation of State,4
"Light Energy Systems, Concord",5
Lieutenant Governor Cruz Bustamente,2
"Leonard Dart, Mayor City of Greenfield",2
Learning Disabilities Association of CA,3
"League of Conservation Voters, California",2
League of California Cities Inland Empire Division,8
League of California Cities (Inland Empire Div),3
Latin American Professional Women of Los Angeles,2
Larry Stone,2
"Lake Forest, City of",2
Laborers Local 300,3
"La Raza Student Organization, San Francisco State University",4
LA County Supervisor Michael Antonovich,2
Korean Drycleaners-Laundry Association + 284 individual members,3
Komen,4
"Kids in Common, a program of Planned Parenthood Mar Monte",3
Kidde,5
Kene Me-Wu American Indian DV/SA Program,2
"Kamala D. Harris, San Francisco District Attorney",3
"Justin Massey, Mayor, Hermosa Beach",4
"Judge Quentin Kopp, San Mateo Superior Court",8
John Kautz Farms,2
John Chiang,2
"Jewish Federation of Greater Los Angeles, the",3
Jewish Community Foundation of the Jewish Federation Council of Greater Los Angeles,2
"Jesse Arreguin, Mayor",2
"Jen Cavenaugh, Mayor, Piedmont",4
"Jean Quan, Mayor",2
"Irvine, City of",7
International Union of Painters and Allied Trades are,2
International Association of EMTs and Paramedics (IAEP),5
Gardens Casino,2
Franchise Tax Board - Sponsor,2
Fox Foundation for Parkinson's Research (MJFF),4
Federation of Retired Union Members of Santa Clara and San Benito Counties,4
Feather River Hospital/Adventist Health,3
Faculty Association of California Community Colleges (sponsors),2
"Estate Planning, Trust and Probate Law Section of",10
"Employment Development Department, State of California",3
"Eric Garcetti, Mayor, Los Angeles",2
"Elizabeth Williams, Mayor City of Gonzales",2
Eleni Kounalakis-Lieutenant Governor of California,2
Eleni Kounalakis - Lieutenant Governor of California,2
"Deborah Penrose, Mayor of Half Moon Bay",2
"Cruz M. Bustamante, Lieutenant Governor, State of California",3
Cruz Bustamante,4
"Dan Lungren, Attorney General",3
"Dean Andal, Member, Board of Equalization",4
"Dean Andal, Board of Equalization member",4
Dr. Debra Duardo - Los Angeles County Superintendent of Schools,2
"Donna Gerber, Supervisor, Contra Costa County",7
Donna Gerber,2
"David L. Snowden, Chief of Police",2
Dave Cortese,2
"E. Randol Schoenberg, Esq",4
"Fiona Ma, Chair, Board of Equalization",2
"Department of Food and Agriculture (DFA, sponsor)",2
Department of General Services on behalf of the Board of Control,4
"Department of Industrial Relations, Governor Davis Administration",4
Department of California California Association of County Veterans Service Officers Military Officers Association of America,2
Divine Truth Unity Fellowship Church Dba Rainbow Pride Youth Alliance,3
Danielle Legacy Foundation/Brenda van Dam,6
"Donald Chaiken, Pres., Davidon Homes",4
DBSA,9
EDITORIAL - Sacramento Bee,2
Criminal Justice Task Force for Persons with Developmental Disabilities,10
Criminal Justice Task Force for Persons with,8
Diageo Distilled Spirits Council of the United,4
Disability Rights California - Sponsor,2
Domenigoni family,10
Inter-Insurance Exchange of the Auto Club of Southern California,5
Independent Maintenance Contractors Association (IMCA),2
Inc. Protection and Advocacy,3
"IATSE Local 800 - Art Directors Guild and Scenic, Title, and Graphic Artists",5
Human Rights/Fair Housing Commission of the City and,6
"Honorable Jim Costa, Member of the United States Congress",4
"Honorable Eric Garcetti, Mayor of Los Angeles",2
"Honorable Anna G. Eshoo, Member of the United States Congress",3
"Honorable Anna G. Eshoo, Member of Congress",6
"Hon. Gil Garcetti, Los Angeles District Attorney",3
"Hispanics for Political Action, Irene Andes, Vice Pres., Stockton",6
Hercules City Council Member Sherry McCoy,2
Habitat for Humanity of Santa Cruz,2
Gyres,4
"Gray Davis, Lieutenant Governor, State of California",4
Governor's Public Employee Post-Employment Benefits,12
Government Relations Oversight,3
"Governing Board President Robert Shield, Grossmont Union High School District",2
Goleta Mayor Edward Easton,2
Gilroy City Council Member Zach Hilton,2
City of Wes Sacramento Mayor Martha Guerro,1
Earth Discovery Institute,2
Dr. Lorna Breen Heroes' Foundation,2
AFL-CIO California Rural Legal Assistance Foundation,6
West Marine,8
"Watsonville, City of",6
Supervisor Greg Cox,2
State Treasurer Angelides,8
Signal Hill Mayor Larry Forester,4
San Francisco Mayor Ed Lee,9
San Francisco Mayor Daniel Lurie,6
"Truckee, Town of",13
"Salinas, City Of",3
"State Building and Construction Trades Council, sponsor of the bill",5
State Board of Equalization - Sponsor,3
State Association of County Retirement Systems (SACRS) - Sponsor,3
Sacramento Area Flood Control Agency - Sponsor,3
SPONSOR!Assoc. of CA Water Agencies,4
SB California Special Districts Association,3
The ACLU,6
State Department of Child Support Services,8
Tri-County GLAD,9
"Roseville, City of",3
Roseville Mayor Pauline Roccucci,4
"Riverside, County of",3
Public Health Institute (PHI),6
"Palo Alto, City of",10
"Ontario, City of",12
Northern California District Council of the Int'l Longshore and Warehouse Union,4
"Nature Conservancy, The",3
"Miguel Pulido, Mayor",3
"Mayor of San Francisco, London Breed",4
"Mayor of San Francisco, Gavin Newsom",5
Mayor Tom Butt,3
Mayor Sheng Thao,3
Mayor Randy Voepel,3
Mayor Paula Perotte,3
Mayor Jerry Dyer,3
Mayor Heather Fargo,3
Mayor Farrah N. Khan,3
Mayor Ed Lee,3
Mayor Art Madrid,1
"Matt Fong, State Treasurer",4
"Matt Fong, California State Treasurer",7
Lt. Governor Gray Davis,4
Lt. Governor Bustamante,4
Lt. Governor,10
"Kamala D. Harris, Attorney General",7
"Jerry Sanders, Mayor",3
"Hon. Daniel E. Lungren, Attorney General",3
Governor Newsom,8
"Edwin Lee, Mayor of San Francisco",3
Councilmember Todd Gloria,3
"Fairfield, City of",6
"Department of Consumer Affairs (DCA, sponsor)",3
"Crown Castle, sponsor of this measure",4
La Miranda Chamber of Commerce,3
Dr. Lewis Dolphin Stallworth Charter School,12
Kokatat Inc,4
"City of San Jose, Mayor Sam Liccardo",2
City of San Jose Mayor Sam Liccardo,4
"City of San Francisco, Mayor Edwin Lee",4
"City of Richmond, Mayor Gayle McLaughlin",1
"City of Richmond Mayor, Gayle McLaughlin",2
"City of Perris, Mayor Michael Vargas",2
"City of Oakland Mayor, Jean Quan",2
"City of Carson Mayor, Jim Dear",4
City of Carson Mayor Jim Dear,3
"City of Berkeley Mayor, Tom Bates",3
"City and County of San Francisco, Mayor Gavin Newsom",3
"City and County of San Francisco, Edwin M. Lee, Mayor",4
Chula Vista Mayor Mary Casillas Salas,5
City of Chula Vista Mayor Cheryl Cox,2
Commissioner John Garamendi,2
Commissioner Commissioner Lara,2
County Welfare Directors Association of California (CWDA) - Sponsor,2
County Welfare Directors Association (CWDA) - sponsor,2
"Climate Reality Project, Los Angeles and San Fernando Valley Chapters",3
Co-sponsor Root & Rebound,2
Co-sponsor American Federation of State,2
Co-sponsor Consumer Attorneys of California,3
Construction Industry Crime Prevention Program of Northern California,2
Coalition for Career Technical Education in California,4
Conference of Social Justice Coordinators of Southern California,2
"Coronado, City of",4
Controller Betty Yee,3
Congresswoman Anna Eshoo,3
City of Oakland Mayor Kevin Jenkins,3
California State Employees Association - Sponsor,3
California State Controller Malia M. Cohen,7
California Lieutenant Governor,4
"California Labor Federation, a sponsor of the bill",5
California Commission on Aging - Co-Sponsor,3
California Bankers Association (CBA) - Sponsor,3
California Advocates for Nursing Home Reform (CANHR) - Sponsor,3
CA State Controller,6
California Teamsters Public Affairs Council - Sponsor,2
California State Council of the Service Employees International Union (SEIU CA),2
"California State Council of Service Employees International Union (SEIU), sponsor to the bill",2
"California Nurses Association/National Nurses United, sponsor of the bill",2
California Nurses Association (CNA) - Sponsor,2
California Long-Term Care Ombudsman Association (CLTCOA) - Sponsor,2
California Federation of Teachers (CFT) - Sponsor,2
California Chamber of Commerce - Sponsor,2
California Commission on Aging (CCoA) - Co-Sponsor,2
California Alcohol and Drug Program Administrators Association of California,3
Calif. Conference of Machinists,2
Calif. Conference Board of Amalgamated Transit Union,2
Calaveras County Assessor Leslie K. Davis,3
CIWMB Member Cheryl Peace,4
CA Beer and Beverage Distributors - Support in Concept,3
CA Assoc. of Professional Liability,1
CA Assoc. of Nurseries and Garden Centers - Support in,3
CA Assoc. of Marriage and Family Therapists,4
CA Ass'n. of Catholic Hospitals,2
Business Law Section of the State Bar of,18
"Burbank/Burbank Redevelopment Agency, City of",3
Brady Campaign and Brady California,4
"Bonnie Dumanis, San Diego County District Attorney",3
"Board of Equalization Member, District 1",2
"Betty Yee, Chairwoman, State Board of Equalization",2
"Betty Yee, Chair, Board of Equalization",4
"Betty Yee, Board of Equalization (BOE) Chairwoman",3
"Betty T. Yee, Vice Chairwoman, State Board of Equalization",6
"Betty T. Yee, Chairwoman, State Board of Equalization",2
"Betty T. Yee, Chairwoman, Board of Equalization",2
Berkeley Society of Friends Peace & Social Order Committee,2
"Berkeley Emergency Food and Housing Project, Berkeley",2
"Bellflower, City of",4
Bell Gardens Mayor Pedro Aceituno,5
"Bay Oaks Apartments, East Palo Alto",2
"Baker Park Apartments, San Jose",2
Automobile Club of Southern California California State Automobile Association,2
"Attorney General Bill Lockyer, State of California",5
Athletic Commission,3
"Association of the United States Army, Central California Chapter 6105",2
Association of Southern California,2
Association of Korean Driving Schools in Southern California,4
Association of Independent California Colleges and,5
Association of Harbor Masters and Port,2
Association of California State Employees with Disabilities (ACSED),3
Association of California Cities Allied with,2
Asian Pacific Islander Trustee and Administrator Caucus of the Community College League of California,2
Asian Pacific American Legal Center of Southern California (APALC),2
"Asian Pacific American Labor Alliance, AFL-CIO, Los Angeles Chapter",3
"Arthur Andersen & Co. LLP, Coopers and Lybrand LLP",2
Artesia Mayor John P. Lyon,2
Apartment Assn. of Greater Fresno,2
"Anna G. Eshoo, Member of Congress",3
"Anderson Valley Viticultural Services, Inc., Philo",2
"Anderson Valley Viticultural Services, Inc",2
"Anderson Valley Housing Association, Boonville",2
"American Federal of State, County and Municipal Employees (AFSCME), AFL-CIO",2
"AFSCME Retiree Chapter 144, San Diego",2
"AFSCME (American Federation of State, County and Municipal Employees, AFL-CIO)",2
AFL-CIO California Teachers Association,3
AFL-CIO Peace Officers Research Association of California,3
"Adventist Health, Feather River Hospital",5
"Access Support Network of San Luis Obispo, Monterey, and Santa Barbara Counties",3
America's Physician Groups (APG),8
ACLU California Action (ACLU),2
American Society for Reproductive Medicine (ASRM),3
the United Steelworkers,1
the UCLA Neuro-psychiatric Department,1
the Superior Court of San Joaquin County,1
the Superior Court of San Francisco County,1
the Superior Court of Placer County,1
the Superior Court of Marin County,1
the Superior Court of El Dorado County,1
the Sheriff-Coroner of San Joaquin County,3
the Proposition 103 Enforcement Project,1
the Nature Conservancy and Pacific Forest Trust,1
the Los Angeles County Assessor,1
the Governor of the State of Baja California,2
the Central San Joaquin Water Conservation District,1
the California Automobile Association Clubs,1
the Antelope Valley Healthcare District,4
spcalLA,1
spcaLA (Society for the Prevention of Cruelty to Animals Los Angeles),1
nited Cerebral Palsy California,1
"iDirections.com, Inc",2
i.am College Track,1
"hSquared Technology, Inc",3
hSquared Technology Inc,1
h2hotel,1
f.lux softwere LLC,2
ePaint,1
car2go North America,6
"de Vere's Irish Pub, Sacramento",3
Assurant Preneed,1
"Association, Inc. Sacramento Area Fire Fighters, Local 522",2
Arlington Mortuary,1
Amos Temple Christian Methodist,1
Alchemical Hypnotherapy Institute of Sacramento,1
AB Trans2 Corporation,1
4th Avenue Homeowners' Association (FAHA),1
Attorney General Lockyer,9
Attorney General Bonta,8
"Antonio R. Villaraigosa, Mayor of Los Angeles",8
Alzheimer's Association - Sponsor,3
"Alameda, City of",5
Aging Services of CA,6
AFL-CIO California Federation of Teachers,6
Access Support Network,6
#cut 50,5
the Advancement of Colored People (NAACP),2
i-5 Freedom Network,4
Yreka Mayor David Simmen,2
Yucca Valley,7
YWCA-WINGS,5
Treasurer Fiona Ma,6
"The Honorable Eric Garcetti, Mayor",2
"The Honorable Eleni Kounalakis, Lieutenant Governor of California",5
"The Honorable Cruz Bustamante, Lieutenant Governor",3
"The Honorable Betty T. Yee, California State Controller",13
"Teresa Onoda, Mayor, Moraga",4
UCSA,3
The State Bar of California - Sponsor,2
Yuba Sutter Foster Parent Association,1
YMCA of Sonoma County,1
"Zona Seca, Lompoc",2
Zeneca,1
"Zack Scrivner, Supervisor, 2nd District",1
Zach Hilton-City Council Member,1
"Zach Hilton, Member, Gilroy City Counsel",1
"Zach Hilton, Councilmember - City of Gilroy",1
Zach Hilton,1
"Yvonne Brathwaite Burke, Supervisor, L.A. County",1
"Yvonne Brathwaite Burke, Supervisor, L.A",1
"Yvonne Brathwaite Burke, Los Angeles County Supervisor, 2nd",2
"Yvonne Brathwaite Burke, Los Angeles County",2
"Yvonne Braithwaite Burke, Chair of Los Angeles County Board of Supervisors",1
"Yuba, County of",1
Yuba County Sheriff- Coroner Steven L. Durfor,1
Yuba Community College YESS ILP,5
Yuba College Youth Empowerment Strategies,1
Yuba City Fire Department,1
Yuba CCD,5
Youth Speak Collective,1
"Youth Educating & Advocating for Health Program, Encinal High School",1
Youth Commission San Francisco,1
"Youth Advocates, Inc. (San Francisco and Marin Counties)",2
Your ALERT (Adult Liberties & Erotic Rights are Threatened),1
Yosemite Concession Services Corporation,1
Yolo County Clerk Freddie Oakley,3
"Yolo County Board of Supervisors, Mariko Yamada",1
"Yimbyadu, INC. ""jumpstart Adu",1
"Yasmine-imani Mcmorrin, Mayor, Culver City",3
YWCA-WINGS San Gabriel Valley,1
"YWCA of San Diego County, Domestic Violence Services",1
YWCA Santa Monica,2
YWCA - WINGS For Battered Women and their Children,3
YMCA Sonoma County,1
Wyland,1
Wyeth-Ayerst Div. of American Home Products Co,1
"Writers Guild of America, West, Consulting",1
Working to Enhance Care and Resources of our Elders,1
Woods Cove Conservancy Homeowners Association,1
"WindLite Corporation, Mountain View",3
Will Rogers Polo Club,1
Wilderness Horse Owners Association,1
Westport Fire Protection District,1
"Western Solar Services, Mission Viejo",4
Western Region Asians in Teleco and Energy,1
"Western Energy Services, Inc., Laguna Hills",1
Workers California Teamsters Public Affairs Council,1
Woodside,3
"Woodland Hills Homeowners Organization Councilman Marvin Braude, Los Angeles City Council",1
"Woodland Community College, Foster & Kinship Care Education and Independent",1
Women's Shelter Program of San Luis Obispo County,1
Women's Employment Rights Clinic of Golden Gate University Woodenship,2
Women's Council of the CA Chapter of the National Association of Social Workers,1
"Women's Caucus of the AIDS Regional Board and HIV: Planning Council, Los Angeles",2
"Women's Army Corps Veterans Association, San Diego Mission",2
Women's Action Coalition - Sponsor,1
"Women and Religion Task Force, Pacific Central District",1
"Women and Religion Task Force, Pacific",1
Women Organized to Make Abuse Nonexistent (San Francisco),4
Women Escaping A Violent Environment (WEAVE [Sacramento]),3
Women Are Real (WAR),4
"Women Advancing the Valley through Education, Economics, and Empowerment",2
Wisk,2
"Wire Cut Company, Inc., Buena Park, California (*representing professional, technical and administrative employees)",2
"Winston Hickox, former Secretary of the California",1
"Windsor, Town of",2
"Wildomar, City of",1
Wilderness Unlimited,1
Westrux,1
Westley Allen: Individuals,2
"Western University of Health Services, Center for",1
"Western University of Health Sciences, College of Osteopathic Medicine of the Pacific",1
Western Union,4
Western Regional Alliance of Organizations Against Police Brutality,1
"Western Methods Company, Gardena, California",2
"Western Line Construction Chapter, Inc",1
Western Electrical Contractors Association- Independent Electrical Contractor,2
Western Electrical Contractors Association - Independent Electrical Contractors,10
Western Council of Engineers (WCE),1
"WAVES National, Unit 126, San Luis Obispo",2
WATTS Health Center,1
Volunteer Center of San Fernando Valley,2
Visalia Rescue Mission,1
Victoria Beach Homeowners Association,1
Victor Valley Community Services Council,2
"Via Rehabilitation Services, Inc",2
"Verity, Sonoma County's Rape Crisis, and Healing Center",1
WIND Youth Center (Sacramento),4
Volunteer Center of Napa Valley/Sexual Assault Victim Services Program,1
Viva!USA - International Voice for Animals Silverstone,2
"Vista Hill Foundation, Sam and Rose Stein Education Center",1
Virginia Smith Trust (VST),1
Virgin Orbit - SPONSOR,1
"Village Community Services District, Victor",1
Villa Emperanza,2
Vietnamese Buddhist Youth Association in the United States: at Dieu Ngu Temple,1
"Vietnam Veterans of California - Sacramento Veterans: Resource Center, Sacramento",2
Vietnam Veterans of America-CA State Council sponsor,1
"Viet Lam, MD",1
Viejas Band of Kumeyaay Indians: Tribal Organizations,4
"Victorville, City of",1
"Victor Valley Domestic Violence/""A Better Way"" Program",2
Vicky and Bryan Myrick,3
"Vice Mayor of the City of Santa Cruz, Martine Watkins",4
Vice Mayor Martine Watkins,1
"Veterans of Foreign Wars, Post 1129, Hayward",1
"Veterans of Foreign Wars, Department of California District 17",1
"Veterans of Foreign Wars of the United States, Dept. of Cal",1
"Veterans Program Director Consortium, Region 8",1
"Veterans Advisory Commission, Los Angeles County, Veterans Advisory Council",1
Veterans Advisory Commission of Chula Vista,1
Veteran Strong USA -SPONSOR,1
"Veronica Kessler Thomas, Ph.D",3
Ventura Supervisors,1
Ventura Mayor Mike Tracy,1
"Ventura County Supervisor, 5th District, John C. Zaragoza",2
Ventura County Supervisor Steve Bennett,2
"Ventura County Parents, Families and Friends of Lesbians and Gays (PFLAG)",4
"Western Center on Law and Poverty, the bill's co-sponsor",1
"Western Center on Law and Poverty, Inc. (committee",1
"Western Center on Law and Poverty, Co-sponsors",1
Western Center on Law and Poverty support,2
Western Center on Law and Poverty 13 individuals (residential hotel residents),1
Western Center on Law and Poverty - Sponsor/support,1
Western Center on Law and Poverty (cosponsors),1
Western Center on Law & Poverty SB 1218 (Romero),1
Western Center on Law & Poverty - sponsor,1
Western Center on Law & Poverty - cosponsor,1
Western Center on Law & Poverty - co-sponsor,1
Western Center on Law & Poverty (WCLP) writes,3
Western Auto,3
"Westcliff Medical Laboratories, Inc: 7 individuals",1
Westburne,1
"West Whittier Paint Co.: Individuals, Claude Turpin",1
West Hollywood Rent Stabilization Board,2
West Hollywood City Council (Mayor John Heilman),1
West Coast Recycling Company,1
We Think Global,2
"WattsHealth Foundation, Inc., Tobacco",1
WaterKeepers Northern California / DeltaKeeper / San Francisco BayKeeper,2
Water Replenishment District of Southern California - SPONSOR,1
"Water District, Central Contra Costa Sanitary",1
"Water Committee, Southern California Water",1
Water Collaborative Delivery Association - SPONSOR,1
"Waste, Central Contra Costa Solid Waste",1
Washington State Maritime,1
Washington Mutual,5
"Warren, McVeigh & Griffin, Inc. (risk management consultants)",1
"Warren Rupe, Sheriff of Contra Costa County",2
"Warren E. Rupf, Sheriff-Coroner",1
"Warranty Escrow Co., Inc., Torrance",2
"Warehouse Union Local 6, International Longshoreman's & Warehousemen's Union",1
"Warehouse Union Local 6 (Oakland), I.L.W. U",1
Walter C. Smith Co.: Western Stabilization,1
"Walker Corporation, Ontario, California",2
Wagon Wheel Casino,1
Valley View Casino,1
"Valley Truck and Tractor Co. (Yuba City, Robbins, Woodland, Dixon, and Elk Grove)",1
Vacaville Sanitary Service,1
"Utility Power Group, Chatsworth",4
Upper Mesa Property Owners Association,1
University of Southern California School of Dentistry,4
"Ventura County PFLAG (Parents, Families, and Friends of Lesbians and Gays)",1
Ventura County Jewish Council - Temple Beth,1
Ventura County Human Services Agency,1
Ventura County Employees' Retirement Association (VCERA),1
"Ventura County Department of Public Health, Children's",4
Ventura County Auditor-Controller Jeffrey S. Burgh,1
Ventura County Assessor Glenn Gray,1
Ventura County Assessor Dan Goodwin,1
Ventura County Alcohol/Drug Advisory Board,1
Ventura Council,1
Ventura Center for Dispute Settlement,1
Van Nuys Airport Citizens Advisory Council,1
"Valley Water Association, San Gabriel Valley",1
Valley Vista Services,1
Valley Mobilehome Residents Association (VMRA),1
Valley Medical Center North Tower Project (County of Santa Clara),4
Valley Can dba clean Air Now,1
"Valley Air Pollution Control District, Antelope",3
Vallejo Mayor Robert H. McConnell,2
Vallejo Garbage Service,1
Valerie Harper,1
Valente Marini Perata & Company,1
Vacaville Mayor Steve Hardy,1
VICA - Valley Industry and Commerce Assn. (Bonnie Herman - President),3
"VFW Post 2324, Sacramento",1
"V. Manual Perez, 4th District Supervisor, Riverside County",2
"V Manuel Perez, Riverside County Supervisor, District 4",1
Utility Consumers' Action Network (UCAN) - Sponsor,1
"Utility Consumer's Action Network, San Diego",1
Urban and Environmental Policy Institute - Community Food: Security Project,1
"Urban Wildland Group, The",1
Urban Counties of California - CO- SPONSOR,1
"Upper Valley Recycling, Inc",1
"University of the Pacific, Communication Disorders Graduate Program",1
"University of Southern California, Keck",2
"University of Southern California, Gould School of Law, The Post-Conviction Justice Project",3
University of Southern California Master of Public Health (USC MPH) Program,1
University of Pittsburgh School of Medicine Professor Mossesso,2
"United Defense, a subsidiary of FMC Corporation",2
United Church of Christ National Justice and Witness Ministries,1
Unitarian Universalist Service Committee (Pasadena),1
Union City Fire Department,1
"United Domestic Workers of America, American Federation of State, County and Municipal Employees (AFSCME)",2
"United Church of Christ: First Congregational Long Beach, First Congregational San Francisco, Fremont Congregational, Pioneer Congregational Sacramento",1
United Cerebral Palsy of San Diego County,2
United Cerebral Palsy Association of Santa Clara/San Mateo Counties,1
United Cerebral Palsey LA/Ventura/Santa Barb,1
"United Automobile, Aerospace, and Agricultural Implement Workers of America (UAW), Local 2685",2
"United Association of Plumbers, Pipe Fitters and Sprinkler Fitters of the U.S. Sprinkler Fitters and Apprentices",1
"United Association Union of Plumbers, Fitters, Welders, & Service techs",5
United Anglers of California and its 76 local constituent groups,2
United American Energy Operations Corp,2
"Unitarian Universalist Church of the Monterey Peninsula, Social Justice/Faith in Action",1
"Union, Butchers' Union Local 120, Oakland",1
Union of Physicians and Dentists - Sponsor,1
Union de Guatemaltecos Emigrantes (UGE),1
Union Civica Primero De Mayo,1
Union Bet Tzedek Legal Services,2
"University of California, Santa Cruz, Marine Mammal Stranding Network 2 individuals",1
"University of California, San Diego Medical Center's Ethics Committee",1
"University of California, Riverside, Department of Soil and environmental Sciences",2
"University of California, Merced Small Business Development Center Regional Network",1
"University of California, Los Angeles, School of Public Health",4
"University of California, Legislative Affairs",2
"University of California, Davis, Care",1
"University of California, Berkeley Child Care Services",1
"University of California at San Francisco, Surgery Faculty Practice",1
University of California at San Francisco Dental Alumni Association,4
University of California at San Francisco American Student,4
"University of California at Davis, Calif. Medical Training Center",4
"University of California Los Angeles, School of Public",1
"University of California Los Angeles, Neurology Dept. Stroke Center: Movement Disorders Clinic",1
"University of California Lesbian, Gay Bisexual, Transgender and AIDS",2
University of California Irvine Medical Center Neuropsychiatric Center,1
University of California Davis Medical Center Spinal Cord Injury,1
University of California Cooperative Extension School: Nutrition Education Program,2
University of California Cooperative Extension School Nutrition Education Program,1
University of California - sponsor,1
University of CA All Campus Consortium on Research for,2
University Students' Cooperative Association,2
University Professional and,1
"University Professional & Technical Employees-Communications Workers of American, L.9119",1
University California Los Angeles Obstetrician-Gynecologist Clinic,1
"Unitrans, Associated Students of the University of California, Davis",1
Unites Professional Horsemen's Association,1
"United food and Commercial Workers International Union, Distillery, Wine & Allied Workers 45",3
United Ways of California (UWCA) - Sponsor,1
"United Union of Roofers, Waterproofers and Allied: Workers, Local Union 95",5
"United Steelworkers of America, AFL-CIO, CLC, District 39",2
United States Telecom|The Broadband Association,1
United States Secret Service,1
United States Olympic Committee Athletes' Advisory Council Leadership Team,1
United States Marine Repair,1
United States Coast Guard Home Chief Petty Officers Association,1
"United State Green Building Council, California",1
United State Department of Commerce,1
United Professional Fire Fighters - Contra Costa County: Local 1230,3
"United Nurses Associations of California/Union of Health: Care Professionals, AFSCME",1
United Nurses Associations of California/Union of Heal Care Professionals,1
United Nurses Associations of California/Union,1
United Nurses Association/Union of Health,1
United Nurses Association of California/Union of Health Care Professionals: Numerous Individuals,1
United Nurses Association of California/Union Health Care Professionals,1
United Nurses Association of California/Union,2
United Nurses Association of California (committee,1
United Nurses Association of CA,1
United Nurses Assns. of California/Union of Health Care Professionals Neutral,1
United Nurse Associations of California/Union of Health Care Professionals,1
United Nurse Association of California/Union of Health Care,3
"United Methodist Church, California-Nevada Conference",1
United Long-Term Care Workers Union (SEIU-ULTCW) - Co-Sponsor,1
"United Food and Commercial Workers, Western States Council - SPONSOR",1
"United Food and Commercial Workers Western States Council, Co-sponsors",1
"United Food and Commercial Workers International, Local 1179, Martinez",1
United Food and Commercial Workers International Union: Local 1442,3
"United Food and Commercial Workers International Union, Distillery, Wine & Allied Workers: Division, Local 45D, Fresno",1
"United Food and Commercial Workers International Union, Butchers' Union: Local 120, Oakland",4
"United Food and Commercial Workers (UFCW), Local 1442 (Santa Monica)",1
"United Food and Commercial Worker Union Local 428, San Jose",3
"United Food and Commercial Worker Union Local 1442, El Segundo",1
United Food and,4
"United Food & Commercial Workers, Western States Council - Sponsor",1
"United Food & Commercial Workers Union, Locals 101, 120, 373R, 428, 648, 839, 870",1
"United Food & Commercial Workers Retiree's Club Locals: 373R, 532",3
"United Firefighter of Los Angeles City, Local 112",1
Society for Cannabis Physicians,4
Socially Active Youth of California,2
"Steve Westly, State Controller",2
State Controller Malia Cohen,6
State Compensation Insurance Fund (SCIF)/Sponsor,2
"South San Francisco, City of",3
San Francisco Police Officerso Association,3
Undocumented/AB 540 Educational Equity Task Force at San Francisco State University,1
Underground Service Alert of Southern California - SPONSOR,1
"Ulis C. Williams, Superintendent/President, Compton College District",1
Ukiah Unified School District Garden-Enhanced Nutrition: Education Program,2
USL Capital's Fleet Services,1
USA Shooting (National Governing Body for the Olympic Shooting Sports),3
"US Social Security Administration, District",1
"US Dept of Interior, National Park Service (Favors creation)",2
"UNITE HERE, Local",2
"UNITE HERE! Locals 30, 49, 483",4
"UNITE HERE! Local 30, Local 49, Local 483, and 1 individual",1
"UNITE HERE Local 49, Sacramento",3
UNITE HERE International Union states,1
"UFCW Western States, San Diego/Imperial Counties Joint Labor Management Cannabis Committee",2
"UE Western Regional Council - United Electrical, Radio and Machine Workers of America",3
UCSF School of Nursing,3
UCSF Medical School,1
UCOP,2
UCLA Recycling and Municipal Solid Waste Management: Certificate Training Program,1
UCLA Division of Geriatrics and the Geriatrics Clinical Program of UCLA Medical Center,1
"UCLA Dept. of Social Welfare, School of Public Policy & Social Research",4
UCLA American Indian Graduate Students Association,1
UC San Diego HIV Neurobehavioral Research,2
UC Riverside Graduate Student Association,1
UC Office of the President wrote,2
UC Davis Medical Center Numerous small,1
UC Davis Center for Equine Health,1
UC Davis 4-H Youth Development Program,1
UC Cooperative Extension School Nutrition,1
UC Berkeley Law - New Business Community Law Clinic,1
UA Local Union 250,1
"U.S. Submarine Veterans, WWII",1
U.S. Representatives Charlie Melancon and Charles Boustany,1
"U.S. National Park Service, Santa Monica Mountains: National Recreation Area",2
"U.S. Department of Health and Human Services, Region IX",1
"U.S. Department of Defense, Office of the Deputy Assistant Secretary of Defense (Military Community and Family Policy)",1
U.S. Consumer Protection Safety Commission,2
"U.S. Air Force Plant 42 Fire Department Employees, as follows",1
"U.C. San Diego, Center for Public Interest Law, Children's",1
"U. C. San Diego, Center for Public Interest Law, Children's",2
"Two Professors from the School of Public Health, University of California, Berkeley",2
Two Feathers Native American Family Services (Two Feathers-NAFS),1
Twenty-eighth Assembly District Committee of the California: Democratic Party,2
"Tustin, City of",4
Turlock Scavenger Co,1
Turlock Fire Department,2
Turlock City Fire Department,2
Tuolumne-me-wuk AB 65 (Ducheny) Rancheria,1
Tuolumne Rancheria,1
Tuolumne County Treasurer-Tax Collector Shelley Piech,1
Tuolumne County Treasurer- Tax Collector Shelley Piech,1
"Tuolumne County Supervisor, Jaron E. Brandon",1
Tuolumne County Supervisor Jaron E. Brandon,1
"Tuolumne County Alliance for Resources and Environment, Inc. 1 individual",1
"Tulare County Public Law Library, Anne R. Bernardo, Director",1
Tulare County Health and Human Services Agency Integrated Advisory Council,1
Tulare County District Attorney (Contingent upon Tulare County's funding not being reduced),1
Tulare County Auditor- Controller-Treasurer-Tax Collector Rita Woodard,1
Tulare Basin Wildlife PartnersPeople,2
Trustees to the Union Heritage Trust (UHT),1
RetireSafe,9
"San Clemente, City of",4
"San Carlos, City of",2
"Sam Liccardo, Mayor",2
"Rosemead, City Of",2
"Robert Garcia, Mayor",2
"Rob Bonta, California Attorney General",3
"Pismo Beach, City of",3
"Philip Angelides, Treasurer of the State of California",4
"Philip Angelides, California State Treasurer",2
"Phil Angelides, State Treasurer",3
"Phil Angelides, California State Treasurer",3
Pacific Grove Mayor Carmelita Garcia,2
National Consumer Voice,2
Movimiento Estudiantil Chicano de Aztlan of California,3
Nature Conservancy (TNC),3
National Alliance on Mental Illness CA,3
"Morgan Hill, City Of",2
Monterey Mayor Chuck Della Sala,2
Mayor of the City of San Diego,5
Mayor of the City of Oakland,4
Mayor of West Hollywood Chelsea Byers,3
Mayor of Redwood City,3
Mayor of Long Beach,2
"Mayor of Fresno, Jerry Dyer",2
Mayor of Burbank,7
"Mayor of Berkeley, Jesse Arreguin",2
Mayor Zareh Sinanyan,2
Mayor Tom Bates,2
Mayor Sam T. Liccardo,2
Mayor Sam Liccardo,2
Mayor Rusty Bailey,2
Mayor Ronald V. Dellums,2
Mayor Rick Bonilla,2
Mayor Randon K. Lane,2
Mayor Patrick J. Morris,2
Mayor Miguel Pulido,2
Mayor Michael Vargas,2
Mayor Michael Tubbs,2
Mayor Mary Casillas Salas,2
Mayor Mark Arapostathis,2
Mayor Leroy Mills,2
Mayor Kevin L. Faulconer,2
Mayor Jen Wolosin,2
Mayor Don Higginson,2
Mayor Deborah Penrose,2
"Matt Mahan, Mayor",2
"Orinda, City of",4
Orange County Transportation,6
Orange County Employees Association - Sponsor,2
"Office of the Attorney General, Dan Lungren",4
Office of the Attorney General Kamala Harris,4
Office of Environmental Health Hazard,4
Nexcycle,3
NexCycle,5
Hopcraft Communications,2
"Honorable Tom Butt, Mayor",2
"Honorable Rob Bonta, Attorney General, State of California",2
"Honorable John Chiang, State Controller",5
"Honorable Jerry Brown, Mayor",2
"Honorable Bill Lockyer, State Treasurer",5
"Honorable Bill Lockyer, California State Treasurer",3
"Hon. Dan Lungren, Attorney General",3
"Heather Fargo, Mayor",2
Lt. Governor Gavin Newsom,2
Little Hoover Commission (LHC),2
"Lieutenant Governor, State of California",3
Lieutenant Governor Gavin Newsome,2
League of United Latin America Citizens,3
Lakewood Mayor Diane DuBois,2
"LACCD, the Sponsor of this legislation",2
Kingsburg Mayor Bruce Blayney,2
"Kevin Mcdonnell, Mayor, Petaluma",4
"Kern, County of",4
"Kathleen Brown, State Treasurer",2
"Kamala Harris, California Attorney General",3
"John Myers, Mayor City of King",2
Insight Center for Community and Economic Development - Sponsor,2
"Inglewood, City of",5
Truckers against Trafficking,1
Trinity County Transportation Commission,2
"Tri-County Economic Development Corporation, Chico",2
Translational Pulmonary and Immunology Research Center,5
Tibetan Cultural and Community Service Center,2
Trust and Probate Law Section of the State Bar of California,2
Tru- Form Construction Corp,1
Triple-A Council of California (The Area Agency on Aging Council of California),6
Trinity Youth Services/Trinity Sacramento,1
Tribal Chairman of the Coyote Valley Band of Pomo Indians,2
Tri-Valley Regional Occupational Center/Program,2
Tri-Valley Haven for Women (Livermore),1
"Tri-Valley Cities of Dublin, Livermore, Pleasanton, San Ramon and the Town of Danville",1
"Tri-Counties Veterans Home Coalition of San Luis Obispo, Santa Barbara and Ventura Counties",1
Tri-Counties Equipment Co. (Hanford),1
Tri-Community Adult Education (Charter Oak-Covina Valley-West Covina),4
Tri-City health Center-Hayward,1
Tri-Cities Childrenos Centers,1
"Travelodge, Monterey",1
"Transportation and Land Use Coalition, Alameda",2
"Transport Workers Union of America, Cal. State Conference: AFL-CIO",3
"Transitional Living and Community Support, Sacramento",2
"Trade Show and Sign Crafts, Local 831",3
Town of Fairfax Mayor Chance Cutrano,1
Touchstone Family Development Center,1
Torres Martinez Tribal TANF,1
"Torrance Firefighters Association, Local 1138",1
"Tony Thurmond, State Superintendent of Public Instruction - cosponsor",1
"Tony Ayala, Mayor of Norwalk",1
"Tom Wheeler, former chair of the FCC",2
"Tom Sawyer, Sheriff-Coroner, Merced County",2
"Tom O'Malley, Mayor",1
"Tom O'Malley, Atascadero City Council Member and former Mayor of Atascadero",1
"Tom Cavallero, Sheriff-Coroner, Merced County Sheriff's",1
"Tom Butt, Mayor",1
"Tom Bordonaro, Jr., San Luis Obispo County Assessor",4
"Tolman and Wiker Insurance, Ventura, CA",1
"Together to End Solitary, Santa Cruz",1
"Todd Spitzer, Orange County Supervisor, Third District",1
Todd Gloria,1
"Thrive, an alliance of Nonprofits for San Mateo County",1
"Three Valleys Municipal Water District, sponsor of this measure",2
"Three Valleys Municipal Water District, Claremont (4/12/94) (see attached lists for other Support)",1
Thoroughbred Owners,2
"Thor Tool Corporation, San Leandro, California",2
"Thomas Papageorge, Contractors' State License Board: Enforcement Monitor",6
"Thomas J. Garite, M.D. (Chairman, Department of Obstetrics and Gynecology - UC Irvine)",1
"Thomas Bodenheimer, M.D., Professor of Medicine, University: of California San Francisco",2
"Thomas B. Klein, Owner & Proprietor, Rodney Strong Vineyards CleanTech",1
Thermostat Recycling Corporation (TRC),2
"The sponsors, the California State Association of Counties and the Regional Council of Rural Counties",1
The office of Riverside County Superintendent of Schools,1
The diaTribe Foundation,2
The Women's Employment Rights Clinic of Golden Gate University,1
The Women's Center Youth and Family Services,1
"The White House, Nat'l Economic Council",1
The West Third Street Business Association,1
"The Wage Justice Center, UCLA Labor Center",1
"The Valley Fever Project, California State Bakersfield Foundation",2
The Utility Reform Network (TURN) - sponsor,1
The Utility Reform Network (TURN) - co-sponsor,1
The United Nurses Association of California/Union of Health Care Professionals,1
"The Tri- Counties Association for the Developmentally Disabled, Inc",2
The Travelers Insurance Company,1
The Therapeutic Recreation Section of the California Park and Recreation Society (source of recreation therapists provisions),1
The Survivors Network of those Abused by Priests,2
"The State Bar of California, Committee on Administration of Justice",5
The Sports and Arms Producers of America submitted,2
The South Los Angeles Immunization Coalition,1
"The Society of Hispanic Professional Engineers, Inc.: Greater Los Angeles Chapter",1
The Sexual Orientation Bias Committee of the Los Angeles: County Bar Association,1
The Sexual Orientation Bias Committee of the LA County Bar Association,1
The Sexual Orientation Bias Committee of the (Goldberg) County Bar Association,1
"The Service Employees International Union (SEIU), sponsors of this measure",1
The San Mateo County Central Labor Council,2
The San Francisco Office of early Care and Education,1
The San Francisco Maritime national Park Association,1
The San Francisco Marina Small Craft Harbor,2
The San Diego County Apartment Association,1
The Saint Andrews Society of Los Angeles,2
The Rural County Representatives of California and the California State Association of Counties state in,1
The Ripple Effects,2
"The Retired Officers Association (TROA), Mojave Desert Chapter",2
"The Retired Officers Association (TROA), California Council of Chapters",2
The ResCoalition,2
The Progressive Vietnamese American Organization,2
The Port San Luis Harbor Commission,2
The Pink Cross Foundation,1
The Pharmacy & Therapeutics Committee (Santa Clara Valley Medical Center),2
The Peter A. and Vernice H. Gasser Foundation,1
The Pet Rottweiler Rescue,3
The Pacific ALS Consortium,1
The Morning Star Institute,1
The Humboldt Library Foundation,3
The FPIES Foundation,3
The North Coast Restoration Jobs Initiative Of the Alliance for,1
The NorCal Center on Deafness,1
"The National Latina/o Lesbian, Gay, Bisexual & Transgender Organization",1
The National Conference for Community and Justice (Susan M. Smith),2
The Music Center of Los Angeles County,3
The Municipal Court of Orange County Harbor Judicial District,2
The Monterey County Rape Crisis Center,1
The Milton Marks oLittle Hoovero Commission on,1
The Miles Hall Foundation-CO-SPONSOR,1
The Mexican American Legal Defense and Educational Fund (MALDEF),1
The Metropolitan Transportation Commission,1
The Merced County Law Enforcement Chief's Association,1
The Marin Institute for the Prevention of Alcohol and other Drug,1
The Los Angeles Superior Court,1
The Los Angeles SPCA/So. California (with concern),1
The Los Angeles SPCA/So. California,1
The Los Angeles Coalition of Service Providers,2
The Local Early Education Planning Council,1
The Legal Aid Society/Employment Law Center of San Francisco,1
The Lanterman Coalition,1
The John Randolph Haynes and Dora Haynes,3
"The International Association of Bridge, Structural, Ornamental and Reinforcing Iron Workers: Local Union 155, Fresno",1
The Inland Valley Development Agency,1
"The Huntingtonos Disease Society of America, California Chapter",4
"The Hilliard Group - Representing the Emergency Medical: Services Group, Inc",1
The Hill SF,2
The Health Consumer Center of Los Angeles,1
The Hawkins Center for Law and Services to People with,1
"The Greenspan Company, public adjusters (based upon May 12th version)",1
"The Gay, Lesbian, Bisexual, and Transgender Legislative Caucus",2
The First 5 Contra Costa Children and Families Commission,1
The Farmworker Institute for Education and Leadership Development,2
The Fair Housing Center,1
"The Estate Planning, Trust & Probate law section, State Bar",1
The Emergency Medical Services Administrators Association of California,1
The East Los Angeles Community Union (TELACU) - Sponsor,1
The Dorsey Group LLC CA Leadership,1
"The Honorable Rockard J. Delgadillo, Los Angeles City Attorney",4
"The Honorable Richard Alatorre, Los Angeles City Councilman",1
"The Honorable Michael Antonovich, Supervisor",1
"The Honorable Georgette Gomez, City Council President, San Diego",1
"The Honorable Eleni Kounalakis, Lieutenant Governor",2
"The Honorable Dean F. Andal, Member, Board of Equalization",1
"The Honorable Bill Leonard, Member, State Board of Equalization",1
"The Honorable Betty Yee, State Board of Equalization Member",1
"The Honorable Betty Yee, First District Member, State Board of Equalization",1
"The Honorable Betty Yee, Board of Equalization",2
"The Honorable Tony Thurmond, Superintendent of Public Instruction",2
"The Honorable Serge Dedina, Mayor of Imperial Beach",1
"The Honorable Mary Salas, Mayor of Chula Vista",1
"The Honorable Lupe Alvarez, Mayor of the City of Guadalupe",2
The Honorable Eric Garcetti,2
"The Honorable Edwin M. Lee, Mayor City of San Francisco",1
"The Honorable Alejandra Sotelo-Solis, Mayor of National City",1
The Dayle McIntosh Center for Independent Living,1
"The County of San Luis Obispo, the bill's sponsor",1
The County Sanitation districts of Orange County,1
The Council on Naturopathic Medical Education (CNME),1
The Council of Mexican Federations (COFEM),1
The Corporations Committee of the California State Bar Association,2
The Controller's office,1
The Community Associations Institute - Sponsor,1
"The Collateral Loan and Secondhand Dealers Association: Opposition, unless amended",1
"The Collateral Loan and Secondhand Dealers Association : Opposition, unless amended",2
The Coalition for a Tobacco-Free San Bernardino County,1
The Clovis High Instrumental Music Program,1
The Clearinghouse CDFI,1
The Chiefs of Police of the University of California,2
The Chief Probation Officers of California,1
The Center for Public Interest Law (CPIL),1
The Center Against Sexual Assault of Southwest Riverside County,1
The California State Council on Developmental Disabilities,1
The California Special Districts Association (CSDA),2
The California Emergency Nurses Association,1
The California Child Care Coordinators Association,1
The California Big City Mayors coalition,1
The California Association of Legal Support Professionals,2
The California Association of Harbor Masters and Port Captains,2
"The California Abortion and Reproductive Rights Action: League, North and South",1
"The California Abortion and Reproductive Rights Action League, North and South",1
The CTA,1
The Business Law Section of the State Bar,2
The Building and Owners and Managers Association of California,1
The Breastfeeding Task Force of Los Angeles,3
The Beacon House Association of San Pedro,1
"The Asthma and Allergy Foundation of America, Los Angeles Chapter",2
The Association of Criminalists-Department of Justice,1
The Association of California Health Care Districts (ACHD),2
The Assoc. of CA Surety Companies,2
"The Assn. for Los Angeles Deputy Sheriffs, City",1
"The Assembly Committee on Jobs, Economic Development and",1
The Asian Pacific American Legal Center,1
The Area Agency on Aging Council of CA (TACC),1
"The American Massage Therapy Association, California",1
"The American Legion, Alexander Hamilton Post 448, San Francisco",3
The American Homebrewers Association (AHA),1
"The American College of Emergency Physicians, California State Chapter",6
The American Cancer Society (ACS),1
The Advisory Council to the Sonoma County Area Agency on Aging,1
The Adjutant general- California National Guard/California Military,2
The 50th Chicano Moratorium Committee,1
The 100% Campaign: Health Insurance for,1
"The 100% Campaign (The Children's Partnership, Children Now, Children's Defense Fund-California, and PICO California)",1
"The 100% Campaign (The Children's Partnership, Children NOW, Children's Defense Fund-California United Ways of California",1
"The ""Ministry In Action Commission"" of St. Mark's United Methodist Church",1
"Thai Community Development Center, Chanchanit Martorell, Executive Director",1
"Terry Taplin, Member, Berkeley City Council",4
"Terry Taplin, City Council Member",1
"Terence Hallinan, District Attorney, City and County of San Francsico",1
"Terence Hallinan, District Attorney, City and County of San Francisco",1
Tenet Healthcare (Tenet),4
"Tenants Together, California",1
"Tel Phil Enterprises, Inc. (Owner, Orange County Market Place)",2
Technologist Chapter: California Medical Association,1
Technologist Chapter : California Medical Association,2
"Teamsters Warehouse Union, Local 853, San Francisco, San Mateo, Alameda, Marin, and Contra Costa Counties",1
"Teamsters Union Local 896, Brewery Soda and Mineral Water: Bottlers of California",3
Teamsters Union Local 853,3
"Teamsters Union Local 683, San Diego",4
"Teamsters Union Local 542, San Diego",4
Teamsters Local No. 853,1
Team Response: Indians Against Defamation (TRIAD),1
Team Response: Indians Against Defamation,1
"Taxation Section, State Bar of California",1
Taxation Section of the California Lawyers Association,1
"Taormina Industries, Inc",1
Tahoe Transportation Coalition and Tahoe Transportation,2
TXI,1
TRANE- a brand of Ingersoll Rand,1
TMM,2
TACC Triple-A Council of California (Area Agencies on Aging),2
TACC Triple-A Council of CA,1
"T.E.R.I., Inc. (Training and Education for Retarded Individuals)",2
Syndicat national de la Librarie Ancienne et Moderne (SLAM),1
Syndicat national de la Ancienne et Moderne,1
"Sweetwater Union High School District, Office of the Board of Trustees",2
"Sweetwater Union High School District, Chula",1
"Sweetwater Authority Board Member, Jess Van Deventer",1
Suzanne Martin,1
Sutter Creek,1
Sustainable Conservation on behalf of the Brake Pad,2
Susan Mandel,1
"Susan Hammer, San Jose",1
Susan G. Komen (cosponsors),1
Survivors of Unconstitutional Deportation and Coerced: Emigration of the 1930's,2
Surfrider Foundation/Malibu Project,2
Surfrider Foundation West Los Angeles/Malibu Chapter,1
"Supervisor, Third District, Orange County Board of Supervisors",1
"Supervisor Zev Yaroslavsky, Board of Supervisors County of Los Angeles",2
Supervisor Zev Yaroslavsky,1
"Supervisor V. Manuel Perez, Riverside County 4th District",1
Supervisor V. Manuel Perez,1
"Supervisor Steven Brandau, Fresno County, District 2",1
"Supervisor Ross Mirkarimi, San Francisco Board of Supervisors",2
"Supervisor Ron Roberts, San Diego County",1
"Supervisor Roger Dickinson, Sacramento County",2
Supervisor Richard Gordon - County of San Mateo,2
"Supervisor Rich Desmond, Sacramento County District 3",1
"Supervisor Rich Desmond, Sacramento County Board of Supervisors",1
Supervisor Rich Desmond,1
Supervisor Ray Nutting (El Dorado County District 2),1
"Supervisor Phil Serna, Sacramento County",2
"Supervisor Michael Rubio, Kern County",1
"Supervisor Michael Nevin, San Mateo County",2
"Supervisor Michael J. Rubio, Supervisor, Fifth District, Kern County",1
"Supervisor Michael D. Antonovich, Los Angeles County Board of Supervisors",1
"Supervisor Michael D. Antonovich, Board of Supervisors, County",1
"Supervisor Michael Antonovich, Los Angeles Board of Supervisors",1
Supervisor Michael Antonovich,3
"Supervisor Marian Bergeson, Orange County Supervisor",1
"Supervisor Laura Capps, Santa Barbara County",1
"Supervisor Judy Arnold, 5th District",1
"Supervisor John Peschong, District One",1
"Supervisor Jeff Grover, Stanislaus County",2
Supervisor Jeff Grover of Stanislaus County,1
"Supervisor Jaron E. Brandon, Tuolumne County- District 5",3
Supervisor Jaron Brandon - County of Tuolumne,2
"Supervisor Jane Parker, Monterey County, Fourth District",2
"Supervisor Jane Parker, Monterey County Board of Supervisors (previous version)",1
"Supervisor Jane Parker, Monterey County",3
"Supervisor James Ramos, Third District, San Bernardino County",1
"Supervisor Greg Caput, District 4 - Santa Cruz County",1
"Supervisor Dianne Jacob, San Diego County Board of Supervisors",5
"Supervisor Dianne Jacob, San Diego County",3
"Supervisor Dianne Jacob, 2nd District, San Diego County Board of Supervisors",1
"Supervisor Diane Jacob, San Diego County",1
"Supervisor Diana Jacob, San Diego County",2
"Supervisor David Chiu, San Francisco",1
"Supervisor David Chiu, District 3, City and County of San Francisco",1
"Supervisor Dave Cortese, Santa Clara County Board of Supervisors",2
"Supervisor Bruce Gibson, District Two",1
"Supervisor Brad Wagenknecht, Napa County District 1",2
Supervisor Anthony W. Farrington,1
"Superior Mold Company, Ontario, California",2
Superior Court of Riverside,2
Superior Court of California -: County of Alameda,1
Superior Court Judge Ricardo Torres,1
"Superior Court Judge Quentin Kopp, San Mateo County",2
Superintendent of the Murrieta Valley Unified School District,1
"Superintendent of Schools, Siskiyou County Office of Education",8
"Superintendent of Public Instruction, Honorable Jack O'Connell",1
Superintendent of Public Instruction Thurmond,1
Superintendent of Public Instruction Jack,2
Superintendent of Fresno County Office of Education,4
Superintendent Tom Torlakson,1
Superintendent Delaine Eastin,2
"Superintendent David J. Murphy, Davis Joint Unified School District",1
Sunset Scavenger,1
"Sunset Gondola (Huntington Beach, CA)",1
Sunnyvale School District - Board of Trustees,1
"Sunita Jain Anti-Trafficking Initiative, sponsor of the bill",2
"Sun Utility Network, Inc., Glendale",1
Suicide Prevention Program-Orange County Chapter,1
"Sue Griffith, Ph.D",4
"Sue Griffith, Ph. D",1
Submarine Veterans: WWII,3
"Students and Families for Tuition Relief Now, Sonoma State University Chapter",1
"Students and Families for Tuition Relief Now, San Jose State University Chapter",1
"Students and Families for Tuition Relief Now, San Diego State University Chapter",1
"Students and Families for Tuition Relief Now, Sacramento State University Chapter",1
"Students and Families for Tuition Relief Now, Humboldt State University Chapter",1
"Students and Families for Tuition Relief Now, Cal Poly San Luis Obispo Chapter",1
"Students Programs and Services, Allan Hancock College",1
"Student Voice, CSU Monterey Bay",2
Student Senate of the California Community Colleges (SSCCC),1
"Streets for All, sponsor of this measure",1
"Strategic Committee of Public Employees, Laborers' International Union of N.A",1
"Strategic Committee of Public Employees, Laborers' International Union of N. A",1
"Strategic Committee of Public Employees, Laborer's International Union of the North",1
"Strategic Cmte of Public Employees, Laborers Int'l Union of N. America",1
"Strategic Actions for a Just Economy, Los AB 1169 (Torrico) Angeles",1
"Stone Street Capital, LLC",1
Stockton-East Water Conservation District,1
"Steven W. Murray, Esq",2
Steven Choi,1
Steve Young - Mayor of Benicia,1
Steve Young - City of Benicia Mayor,1
"Steve Warner, President, Marin Professional Firefighters, Local 1775",1
Steve Freitas,1
"Steve Fioretti, Senior Director Product Marketing, Siebel Systems",1
"Steve Farrell, Chairman Emeritus, Netigy Corporation, ENS Inc",1
"Steve Cooley, Los Angeles District Attorney",1
"Stephen O. Hedstrom, District Attorney, Lake County",3
Stephanie Marie Frazier Memorial Foundation (Support),1
Steinberg Institute - Co-Sponsor,1
"Steam-Refrigeration-Air Conditioning-Pipefitters, Apprentices of the United Association Local 250",3
"Stategic Committee of Public Employees, Laborers' International Union of North America",1
"State of California, Lieutenant Governor, Cruz Bustamante",1
State of California Commission on the Status of,2
State of (Havice) Commission on Special Education,2
"State University, Chico - Graduate Program in",1
State Teachers' Retirement System (STRS) co-sponsor,1
State Teachers' Retirement System (STRS) co-sonsor,1
State Teachers' Retirement System (STRS) Board of,2
State Teachers Retirement System Board of,2
State Teacher Retirement Board of,2
"State Superintendent of Public Instruction, the Honorable Tom Torlakson - sponsor",1
"State Superintendent of Public Instruction, Tony Thurmond, sponsor of the bill",2
State Superintendent of Public Instruction - On previous version,2
State Special Education Local Plan Area Administrators Organization,1
State Public Affairs of the Junior Leagues of California,4
"State Public Affairs Committee, Junior Leagues of",1
"State Public Affairs Committee, Junior Association",1
State Public Affairs Committee of the Junior Leagues Palo Alto Mid Peninsula,1
State League of Women Voters of California,6
"State Insurance Commissioner Ricardo Lara, sponsor of the bill",2
State Humane Association of,2
State Fire Marshal Note,1
State Farm Insurance - co-sponsor,1
State Employees' Trade Council (SETC- United),1
State Department of Transportation and Santa,2
State Department of Social Services (SDSS)-- Sponsor,1
"State Department of Insurance, Insurance Commissioner John Garamendi",4
State Department of Forestry and Fire Protection firefighters,4
State Department of Forestry and Fire Protection Firefighters,2
State Department of Forestry and Fire,2
State Department of Education and,2
"State Council on Developmental Disabilities, Area Board 10 (Los Angeles County)",1
"State Council on Developmental Disabilities Area Board 2, 9, XII, and XIII",1
"State Controller's Office, the bill's sponsor",1
State Center Regional Training Facility (Fresno City College Police Academy),1
"State Center CCD, the sponsor of AB 2104 (Soria)",2
State Building and Constructions Trades Council - Co-Sponsor,1
"State Building and Construction Trades, a sponsor of the bill",1
"State Building and Construction Trades Council, AFL-CIO - Sponsor",1
"State Building and Construction Trades Council, AFL-CIO - Co-Sponsor",1
"State Building and Construction Trades Council of California, co-sponsor of the bill",1
State Building and Construction Trades Council of California - sponsor,1
State Building and Construction Trades Council of California (SBCTC),1
"State Building and Construction Trades Council of CA, AFL-CIO - co-sponsor",1
State Building and Construction Trades Council - Co-Sponsor,1
"State Building and Construction Trade Council, Charlie Reiter, Sacramento",3
"State Board of Guide Dogs for the Blind (including individual letters from the board president, a guide dog user member, and the executive officer)",2
State Board of Equalization Chairwoman Fiona Ma,2
"State Bar of California, Committee on: the Administration of Justice",2
"State Bar of California, Committee on Alternative Dispute Resolution",2
"State Bar of California, Business Law Section, UCC Committee",1
State Bar of California Standing Committee on Professional Responsibility and Conduct,2
"State Bar of California Corporations Committee, Business Law Section",2
State Bar of California Committee on Administration of,2
"State Association of County Retirement Systems on behalf of the 20, '37 Act systems",1
"State Association of County Auditors, sponsor of this measure",1
"State Association of Counties (CSAC), Regional Council of Rural Counties (RCRC), League of California Cities (League) and the California Chapter",1
"State Assistance Fund for Enterprise, Business and Industrial Development Corporation (SAFE-BIDCO)",1
State Advisory Group on Juvenile Justice & Delinquency Prevention: Crime Victims Bureau,1
Stanley Foundation Research Programs/NAMI Research Institute (Maryland),1
Stanley Foundation Research Programs/NAMI Research Institute,2
Stanislaus Economic Development & Workforce Alliance,1
Stanislaus Department of Aging and Veterans,1
Stanislaus County Supervisor Jeff Grover,1
"Stanislaus County Police Chiefs, Sheriffs and District Attorneys Association",1
"Stanislaus County Police Chiefs', Sheriffs' and District Attorneys' Association",1
"Stanislaus County Police Chiefs', Sheriffs' and Dist. Attorneys",1
"Stanislaus County Police Chiefs', Sheriff's and District Attorneys Association",2
"Stanislaus County Police Chiefs', Sheriff's and District Attorney's Association",2
Stanislaus County Police Chiefs' Sheriff's and District Attorney's Association,1
"Stanislaus County Library Advisory Board, Sheridan Beuving, Chairman",1
Stanford University's Extreme Environment Microsystems Lab & nano@stanford,1
Stanford Stroke,1
Stanford Health Care (One individual),1
"Staib Insurance Service, Fullerton, CA",1
Stags Leap District (representing 12 vintners and 13 grape growers),1
"St. Rose of Lima Catholic Church, Simi Valley, CA",2
"St. Mark Presbyterian Church, Newport Beach, Peace and Justice Commission",1
St. Joseph The Worker Social Justice Committee,1
St. Joseph Health System (President & CEO and Vice President of Advocacy & Community Development),4
St. John's Regional Medical Center/St. John's Pleasant Valley Hospital,1
St. Francis of Animal Rescue,1
"St. Cloud Capital, LLC",1
St. Athanasius Church/Parish,1
Springfield College School of Human Services,1
Spreckels Sugar Company,1
"Sports Club Company, Inc.: Neutral",1
Sporting Goods Manufacturers Association: 5.11 Tactical,3
Sponsor: Mortgage Institute of California,1
Sponsor Starting Over Strong,1
Sponsor Service Employees International Union (SEIU),1
Sponsor Contra Costa County Employees Retirement Association (CCCERA),1
Sponsor California State Firefighter' Association,1
Sponsor California Mobilehome Guardians,1
Sponsor California Attorneys,1
Sponsor Association of California State Employees with Disabilities (ACSED),1
Sponsor American Cancer Society,1
Speech-Language Pathologists at the University of the Pacific - Graduate Program in Communication Disorders,1
Specialty Coatings & Chemicals Inc. - north Hollywood,1
Special Needs Network - co sponsor,1
Special Education Local Plan Area Administrators: 1 individual,1
"Speaker's Commission on Regionalism, American",1
Spaceship Company,1
Southern Low Desert Resource Conservation and Development: Council (Coachella),1
"Southern California Pipe Trades, District Council 16, Los Angeles",1
"Southern California Pipe Trades District Council 16, LA",3
Southern California Painters and Allied Trades District Council 36,1
Southern California Painters and Allied Trades District,2
Southern California Painters & Allied Trades District Council 36,1
Southern California Mediation Ass'n,1
Southern California HIV Advocacy Coalition: Tri-City Health Center,1
"Southern California Gathering of the Goats, GTO Association of America",2
Southern California District Council International Longshoremen's and Warehousemen's Union,2
Southern California Coalition of Heritage Commissions and,1
Southern California Chapter of the National Association of Minority Contractors,2
Southern California Cease Fire Committee,1
"Southern California Black Worker Hub for Regional Organizing, sponsor of the bill",2
"Southern California Association of Code Enforcement Officials, Inc",1
Southern California Assn. of Governments,1
Southern California Assn of Non-Profit Housing,1
Southern California Assemblies of God,2
Southern CA Nevada Conference United Church of Christ,1
Southern CA Assn of Non-Profit Housing,2
Southern Area Clergy Council (SACC),1
"South of Market Child Care, Inc",1
"Governor Gavin Newsom, State of California",10
Global Alliance for Preserving the History of WW II in Asia,8
"Gavin Newsom, California Lieutenant Governor",3
"GO-Biz, accessed April",4
"Fresno, City of",2
Erotic Service Providers Legal Educational Research Project (ESPLERP),2
Episcopal Diocese of Los Angeles Aid Ministries,2
ESPLERP,2
"Don Horsley, San Mateo County Sheriff",2
Department of Personnel Administration (DPA) - Sponsor,2
Department of Insurance - Sponsor,2
"Delano, City of",3
Defense of Animals,6
"David Polivy, Mayor, Truckee",4
"Darrell Steinberg, Mayor of the City of Sacramento",3
"Daniel E. Lungren, California Attorney General",4
County of Urban Counties Caucus,5
"County of Humboldt, Sheriff Dennis H. Lewis",3
Controller Steve Westly,3
Controller Kathleen Connell,2
Controller Connell,4
Commerce Mayor Joe Aguilar,2
Collateral Loan and Secondhand Dealers Association of,6
City of Torrance Mayor Frank Scotto,2
City of Stockton Mayor Michael Tubbs,3
"City of San Jose, Mayor Chuck Reed",4
City of Sacramento Municipal Utility District (SMUD),2
City of Roseville Mayor Susan Rohan,2
City of Norwalk Mayor Michael Mendez,5
"City of Bakersfield, Mayor Karen Goh",2
"City and County of San Francisco, Mayor Gavin",2
City College of San Jose-evergreen Community College District,4
"Chino, City of",6
Children Now - co-sponsor,2
Catholic Charities of California - Co-Sponsor,2
"Carson, City of",4
Carmel-by-the-Sea City Administrator Jason Stilwell,2
"Carlsbad, City of",4
"California Teachers Association, Governmental Relations Division, Sacramento",9
"California State University, Monterey Bay, College Support Programs",4
California State Treasurer Phil Angelides,3
California State Controller Malia Cohen,4
California State Association of Counties (CSAC) - Sponsor,2
California Senior Legislature - Co-Sponsor,2
California Organized Investment Network (COIN) - Sponsor,2
"California Labor Federation, AFL-CIO, John F. Henning, San Francisco",9
"California Judges Association (in support of increase to $7,500)",2
California Financial Services Association (consumer,2
California Elder Justice Coalition - Co-Sponsor,2
California Department of Veterans Affairs - Sponsor,2
California Continuing Care Residents Association - Sponsor,2
California Continuing Care Residents Association (CALCRA) - Sponsor,2
"California Coastkeeper Alliance, California",2
"California Association of Professional Scientists, UAW",3
"California Association of Marriage and Family Therapists, San Francisco Chapter",2
California Association of Joint Powers Association,3
California Association of Community Organizations for Reform Now (California ACORN),2
California Apartment Association (if statutory rather than constitutional),2
California Advocates for Nursing Home Reform (CANHR) - Co-Sponsor,2
COIN within the Department of Insurance,6
CA Agricultural Aircraft Association - Support in Concept,3
"Butte, County Of",3
Building Industry Association of Southern California (and its Orange County chapter),2
"Brady Campaign to Prevent Violence, United with the",8
Brady Campaign to Prevent Gun Violence united with the Million Mom March,6
"Biocom, in support",2
"Bill Lockyer, Attorney General of California",7
Bellflower Mayor Scott A. Larsen,2
Bakersfield Mayor Karen Goh,6
Attorney General of California Xavier Becerra,3
Attorney General Kamala D,4
Association for Children for the Enforcement of Support (ACES),5
Anit-Defamation League,2
American Red Cross of CA,3
"American GI Forum of California, San Francisco",2
South Santa Clara County Fire Department District,1
South San Francisco Mayor Richard Garbarino,3
South Orange County Democratic Club (SOCDC),1
South Gate Mayor Maria Davila,1
South County (San Diego) Economic Development Council,1
South Coast Air Quality (LIEBER),1
South Central Community Family Services,1
South Carolina Campaign to End AIDS (SC-C2EA),1
South Bay Cities Council of Governments (representing 15 cities in the South Bay),1
Source: Bet Tzedek Legal Services,2
Sor Juana Ines Services for,1
Sonoma/Mendocino/Lake Building and Construction Trades Council,1
Sonoma-Mendocino-Lake Counties Building and Construction: Trades Council,1
Sonoma State University Seawolf Scholars Foster Youth Support Program,1
Sonoma County Recorder,1
Sonoma County Office of Education Teenage Pregnancy: Prevention Program,5
"Sonoma County Maternal, Child and Adolescent Health Advisory Board",1
Sonoma County Maternal Child Health Advisory Board,1
"Sonoma County 4th District Supervisor, James Gore",1
Solono County Supervisor Jim Spering,1
"Solid Waste Policy Committee, California Conference of Directors of Environmental Health",1
Soledad Apostolic Church,1
Solar Turbines of San Diego,1
"Solar Electrical Systems, Westlake",4
"Solano, County of",1
Solano County Supervisor Jim Spering,1
Solano County Supervisor James P. Spering,1
Solano County Police Chiefs and Sheriff Association,2
Solano County Office of Family (Wolk),1
Solano County Board Supervisor James Spering,1
Society of Professionals in Dispute Resolution,1
Society of Professionals in,1
"Society of Nuclear Medicine, Pacific Southwest: Technologists Chapter",2
Society of Human Resources Management of Tulare/Kings County,1
Society of Critical Medicine,2
"Society for the Prevention of Cruelty towards Animals, LA",2
Society for Human Resource Management of Tulare/Kings County,1
Social Workers' Network for the Elimination of the Oral Examination,4
"Social Service Ministry Office, Catholic Diocese of Sacramento",5
Social Responsibility-San Francisco Bay Area,1
Social Justice Caucus at the UCLA School of Public Affairs,1
Social Justice Alliance of the Interfaith Council of Contra Costa Sol2Economics,1
"Social Action and Missions Team of Bloom in the Desert Ministries United Church of Christ, Palm Springs, California",1
Social Action Committee of the Unitarian Universalist Fellowship of Redwood City,1
Social Action Committee of the Unitarian Universalist Church of Ventura,1
"Social Action Committee Temple Beth Torah, Ventura California",1
"Soboba Band of Luiseño Indians (Soboba), sponsor of the bill",1
"Snyder Systems, Benicia. California",2
Smoking &Tobacco Outreach/Prevention Program (STOPP),1
"Small Business Development Centers, U.C. Merced Regional Network",1
Small Business Alliance on,1
SkatePark Association United States of America (SPAUSA),1
"Six Rivers Solar, Inc., Eureka",1
"Shasta, County of",9
"Shasta County Superior Court, Orange County Superior Court",1
"Shasta County Board of Supervisors, Public Health Advisory: Board",2
Sharon Arpoika,2
"Share Pregnancy and Infant Loss Support, Inc",1
Sexual Assault Recovery and Prevention Center of San Louis Obispo County,1
Sexual (Chu) PageB & Prevention Center of San Luis Obispo,1
Services: County of Del Norte,1
Services for Battered Women and their,1
"Services District, Sacramento Metropolitan Air",1
Service International Employees Union (SEIU) - Sponsor,1
Service Employer's International Union Local,2
"Service Employees Union International (SIEU), Local 1000",2
Service Employees International Union: Received 5/24/04,1
Service Employees International Union/United Healthcare Workers (SEIU-UHW),1
"Service Employees International Union, a number of individuals",1
"Service Employees International Union, Sacramento, Los: Angeles, and Oakland",1
"Service Employees International Union, Local 660 (Los Angeles County), AFL-CIO",1
"Service Employees International Union, Local 6434 - United Long Term Care Workers",18
"Service Employees International Union, Local 6434 - ULTCW (United Long Term Care Workers)",1
"Service Employees International Union, Local 1021 (SEIU)",2
"Service Employees International Union, Joint Council of Interns and Residents",1
"Service Employees International Union, California (SEIU CA)",1
Service Employees International Union Local 660 Board of Directors,4
Service Employees International Union Local 1000 Women's Committee,1
"Service Employees International Union CA State Council, AFL-CIO",1
Siskyou County Sheriff Jon E. Lopey,1
Siskiyou County of Public Works,2
Siskiyou County District Attorney Victim/Witness Center,1
Silicon Valley Leadership Group (previous version),1
Silicon Valley Community Foundation - Support with Caution,1
Silicon Valley Alliance of Adult Education and ROC/P Educators,4
Silicon Valley Alliance for Immigrant Reform,1
"Sierra, County of",1
"Sierra Pacific Orthopaedic Center Medical Group, In",1
Sierra Dawn North Home Owners Association,1
Sierra Club: Local Governments,1
Sierra Club: 1 individual,1
Sierra Club Range of Light Group representing Mono and Inyo,1
Sierra Club California: Allied Waste,1
Sierra Club California : Allied Waste,2
Sierra Club 13 individuals,1
Sierra Club (coho provisions),1
Sierra Club (8/30/93),1
"Siemens Solar Industries, Camarillo",1
"Siemens (ROLM Communications), Santa Clara",1
Siam Spoon Thai Cuisine,2
"Shriners Hospitals for Children, Northern California, Chief: of Burns, David G. Greenhalgh",2
Showing Up for Racial Justice Bay Area Chapter,1
"Short Electric, Anza",1
"Shirrell Consulting Services, Inc. (8/21/00)",1
"Shirley Horton, Mayor of the City of Chula Vista",2
"Shirley Horton, Former Assemblymember 78th AD, and Mayor of Chula Vista",1
"Sheriff, Trinity County",1
"Sheriff, Shasta County Fire Department",1
"Sheriff, AB 854 (Koretz) Los Angeles County",1
Sheriff of the Shasta County Sheriff's Department Robert Blankenship,1
Sheriff of Yolo County,1
Sheriff Sherman Blook,5
"Sheriff Sherman Block, Los Angeles",1
"Sheriff Rodney K. Mitchell, Lake County Sheriff's Department",3
Sheriff Michael Hennessey,1
"Sheriff Larry Smith, Riverside County",1
Sheriff John L. Scott,1
Sheriff Gary Penrod,1
"Sheriff Donny Youngblood, Kern County Sheriff",1
Sheriff Don McDonald,1
Sheriff Dick Williams of San Bernardino,1
Sheriff Bob Brooks (Ventura),3
Shelters Against Violent Environments (SAVE) (6/3/94),1
Sheet Metal and Air Conditioning Contractors Associations (SMACNA),1
Sheet Metal and Air Conditioning Contractors,1
"Sheet Metal Worker's Local Union 104, San Ramon",4
Sierra Club - Sacramento Valley Group,3
Sincere Orient Food Company (prior version),1
"Silver Service Escrow Corporation, Garden Grove",2
Silver Lake Neighborhood Council (current version),1
Sierra Systems Consultants,2
"Sierra Pacific Home and Comfort, Rancho Cordova",4
Sierra Nevada Alliance (Committee analysis),1
Sierra Kings District Hospital (prior version),1
Sierra Dental Study Club,4
Sierra College Guardian Scholars Program,5
Shingle Springs Band,1
Service Employees International Union - United Long-Term Care Workers' Union,2
Service Employees International Union (on behalf of Local 347),1
Service Employees International Union (on behalf of,1
Service Employees International Union (SEIU): SEIU Local 434B,1
Service Employees International Union (SEIU)-UHW,1
"Service Employees International Union (SEIU), State Council, and Locals",1
"Service Employees International Union (SEIU), Co-Sponsors",1
Service Employees International Union (SEIU) Sponsor,1
Service Employees International Union (SEIU) Local 660 (Los Angeles),1
Service Employees International Union (SEIU) Local 347 (Los Angeles),1
Service Employees International Union (SEIU) Campaign to Improve Assisted Living,4
Service Employees International Union (SEIU) : SEIU Local 434B,2
"Service Employees International Union (SEIU) 1000, the labor",1
Seniors Commission/County of Santa Cruz,2
Senior Community Centers of San Diego - co-sponsor,1
"Senior Citizens Advisory Council, Orange County Area Agency on",1
"Seneca One Finance, Inc",1
"Senator George Runner, Member, California Board of Equalization",1
"Senator George Runner (Retired), BOE Member",1
"Senator George Runner (Ret.), Member, Board of Equalization",1
"Senator George Runner (Ret.), BOE Member",1
Senate Task Force on a New Los Angeles,2
Senate Select Committee on Mobile and,2
Senate Environmental Quality Committee,5
Senate Appropriations Committee Subcommittee on,1
Senate Advisory Commission on Cost Control in,1
Sempra Energy Utility,1
"Sellwood Cycle Repair, Inc.: 2 Individuals",1
"Self Help For Hard of Hearing People - Long Beach/Lakewood, San Fernando Valley, and Diablo Valley Chapters",2
Self Help For Hard of Hearing People - Long,2
"Seirra Telephone Co., Inc",1
Security Life Insurance Agency,1
Securities Industry and,2
Section 5: Committee on Appellate Courts of the State Bar,1
"Section 4: Steven W. Murray, Esq",2
"Section 2: Steven W. Murray, Esq",2
Section 2: Committee on Appellate Courts of the State Bar,2
Section 1: California Commission on Peace Officer,2
"Secretary of State Shirley N. Weber, Ph. D",1
"Secretary of State Dr. Shirley N. Weber, Ph.D",4
Secretary of State Deborah Bowen,5
"Sebastopol, City of",3
"Sealed Air Corporation, Hayward",3
Sea Urchin Harvester's Processors' Association of California,7
Script Supervisors/Continuity and allied Production: Specialists Guild Local 871,3
Scripps Memorial Hospital,1
Scripps Health (prior version) (no letter),1
Screen Actors Guild - American Federation of Television and Radio Teamsters,1
"Scott Schmerelson, Los Angeles Unified School District Board Member, District 3",2
"Scott Matas, Mayor, Desert Hot Springs",1
"Scot Matas, Mayor, City Desert Hot Springs",1
"Scleroderma Research Foundation, Southern California Chapter",1
"Science Applications International Corporation (SAIC), San",1
Schools Insurance Authorities,1
"School of Social Welfare, University of California, Berkeley",1
"School of Science, Department of Biological Sciences, Robert A. Main, Ph.D., Professor of Zoology (Emeritus) California State University, Hayward",1
"School of Science, Department of Biological Sciences, Robert A. Main, PH.D., Professor of Zoology (Emeritus) California State University, Hayward",1
"Schofield Solar Energy Company, San Buena Ventura - 2 letters",1
"Schobers Machine & Engineering, Alhambra, California",2
Saviers Road Design Team,1
"Save the American River Assoc., Inc",3
Save San Francisco Bay Association - sponsor,1
"Sarah-Jeanne Royer, Phd",1
Santa Rosa City Employees Assoc,1
Santa Rosa Bill of Rights Defense Committee (Santa Rosa BORDC),1
Santa Monica-Malibu Unified School District Adult Education: Center,1
Santa Monica-Malibu Unified School District Adult Education Center,1
"Santa Monica Mayor, Kevin McKeown",1
"Santa Monica Escrow Company, Santa Monica",2
"Santa Maria Public Airport District, Santa",1
Santa Cruz Scaside Company,1
Santa Cruz Public Libraries Joint Powers Authority Board,3
"Santa Cruz County Sheriff-Coroner, Mark",1
Santa Cruz County Convention and Visitors Council,2
Santa Cruz Actors and Others for Animals,1
Santa Clarita Valley Sanitation District and,4
Santa Clara Mayor Patricia M. Mahan,2
"Santa Clara County Supervisor District 2, Cindy Chavez",1
Santa Clara County Supervisor District 2 Cindy Chavez,1
Santa Clara County Supervisor Cindy Chavez,1
Santa Clara County Superior Court/Juvenile Court,1
"Santa Clara County Sheriff's Office, Surviving Parents Coalition",1
"Santa Clara County Office of Education, a co-sponsor",1
Santa Clara County Office of Education - co-sponsor,1
Santa Clara County Board of Supervisors - co-sponsor,1
Santa Clara County Board of Supervisor Blanca Alvarado,1
Santa Clara County Abandoned Vehicle Abatement Authority,1
Santa Clara Council of Churches,1
Santa Clara Board of Supervisors: Santa Clara County,1
Santa Barbara Student Housing Cooperative,2
San Jose Yu-Ai Kai: Japanese American Community Senior: Service,2
San Jose Women's Int'l League for Peace and Freedom,1
San Jose Unified School District: Several Individuals,1
San Jose Mayor Ron Gonzales,5
San Jose Councilmember Sergio Jimenez,1
San Jose City Mayor Ron Gonzalez,3
"San Jose City College, Division of Humanities and Social Science, Director of Dance",2
"San Joaquin Valley Chapter, National Association for",1
San Joaquin Supervisors,1
"San Joaquin District, Associated General Contractors of California",6
San Joaquin County Urban Forest Council,1
San Joaquin County Sheriff-Coroner Baxter Dunn,1
"San Joaquin Board of Supervisors, Vice Chair",1
San Jacinto Mayor Alonzo Ledezma,2
San Jacinto Cemetery District,1
San Gabriel Valley/Whittier Chapter National Organization for Women,1
San Gabriel Valley National Association for the Advancement of Colored People (NAACP),1
San Gabriel Valley Economic Council Hacienda Heights Improvement Association,1
"San Gabriel Valley Council, Scouts of America Orange County Council",1
"San Gabriel Valley Chapter, International Association of Workforce Professionals",1
San Gabriel Drowning Prevention Task Force,2
"San Francisco, City of",1
San Francisco Unified School District Excelsior Child: Development Center,1
San Francisco Supervisor Barbara Kaufman,2
"San Francisco Small Business Network - Representing 19,000: small businesses",3
San Francisco Pride at Work and HAVOQ (Horizontal Alliance of Very Organized Queers),1
"San Francisco Mayor Willie L. Brown, Jr",4
San Francisco Mayor Willie L. Brown,3
San Francisco Mayor Willie Brown,1
San Francisco Lodge Chinese American Citizens | |Alliance,1
San Francisco Lesbian Gay Bisexual Transgender Pride: Celebration Committee,1
San Francisco Giants are,2
San Francisco General Hospital Trauma Recovery Center,1
San Francisco Friends of the Library,1
San Francisco Foster Youth Services Program Steering Committee,1
"San Francisco District Attorney, Victim Witness Assistance Program",1
"San Francisco District Attorney, Kamala D. Harris",1
"San Francisco District Attorney's Office, Victim Witness Assistance Program/Family Violence Project",2
"San Francisco District Attorney's Office, Victim Witness",6
San Francisco District Attorney's Office (Section,1
San Francisco District Attorney Kamala,1
San Francisco District Attorney David Chiu,4
San Francisco District Attorney Chesa Boudin,1
San Francisco District Attorney - sponsor,1
Santa Barbara Sheriff Bill Brown,1
Santa Barbara San Luis Obispo County Building Trades Council,1
Santa Barbara Rape Crisis Center (7 letters from different individuals),1
Santa Barbara Film Commissioner,1
Santa Barbara Department of Social Services,1
Santa Barbara County Sheriffs' Association,1
Santa Barbara County Public Health Department's Healthcare: for the Homeless Program,1
Santa Barbara County Dept. of Social Services,1
"Santa Barbara County Clerk, Recorder, Assessor, and",1
"Santa Barbara County Clerk, Recorder and Assessor: Registrar of Voters",1
Santa Barbara AREA Council of PTA's Safety SB 10 (Soto),1
"Santa Ana Public Works, City of",1
Santa Ana Police Officer Ass'n,1
Sansum/Santa Barbara Medical Foundation Clinic,1
Sandis,1
"Sana Rosa City Employees Association, more than 400 individuals",1
San Mateo County Sheriff's Office: Sheriff Robert Doyle,2
"Sand City, City Of",1
"San Rafael, City Of",1
"San Rafael Public Library, Volunteer",1
"San Rafael Public Library, Sarah Houghton, Director",1
"San Rafael Public Library Foundation, Jeffrey Schoppert, President",1
San Pasqual Tribe,1
San Pablo City Council,1
San Mateo Gardeners Association,1
"San Mateo County, Chief Elections Officer and Assessor --: County Clerk -- Recorder",2
San Mateo County Task Force on Violence,1
San Mateo County Health Services Agencies,1
San Mateo County Environmental Services Agency,1
San Mateo County Deputy Sheriffso Association,2
San Mateo County Deputy Sheriffs Association,1
San Mateo County Child Care Partnership Council (co-sponsorship),1
"San Mateo County Central Labor Council, Julie Lind, Executive Secretary-Treasurer",1
San Mateo County Board of Supervisors: Health Services Agency,1
"San Mateo County Board of Supervisors, County of",1
San Mateo County Board of Supervisors - Co-sponsor,1
San Mateo Board of Supervisors Ruben Barrales,1
San Luis Obispo/Santa Barbara Counties Area Agency on Aging,1
"San Luis Obispo, County of",1
"San Luis Obispo, City of",3
San Luis Obispo County Victim/Witness Program,4
San Luis Obispo County Victim/Welfare Program,1
San Luis Obispo County First Responder Group for Incidents Involving Elders and Dependent Adults,4
San Luis Obispo County Employees Association (support seek amendments to add CSIs),1
San Luis Obispo County Employees Association (6/8/12),1
San Luis Obispo County Employees Assoc,1
San Luis Obispo County Emergency Medical Services,1
San Luis Obispo County District Attorney's Victim/Witness Assistance Center,2
San Luis Obispo County Board of Supervisors: Secretary of State,1
San Luis Obispo County Board of Supervisors (previous version),1
San Luis Obispo County Board of Supervisors (Sponsors),1
San Luis Obispo County Auditor-Controller-Treasurer-Tax Collector James Erb,1
San Luis Obispo Co. Cattlemen's Assoc,1
San Lorenzo Valley Charter School,1
"San Leandro Mayor, Pauline Cutter",2
"San Juan Capistrano Mayor, David Swerdlin",2
Santa Barbara County Treasurer-Tax Collector,1
Santa Barbara County Girl Scout Council,2
San Pablo Senior Center,1
San Pablo Police Employees Association,2
San Mateo County/Silicon Valley Convention and Visitors Bureau,1
San Mateo County Housing Division,1
San Mateo County Board of Law Library Trustees,2
San Luis Obispo County Farmers' Market Association,1
"San Luis Obisbo County, Dept. of General Services",1
San Luis County Housing Trust Fund,1
"San Lorenzo Valley Elementary School, Parents and Staff",1
San Leandro Recreation and Human Services Department,1
San Francisco Dependency Mediation Program,1
San Francisco Department and Commission on the Status of Women,1
"San Francisco Day Labor Program, Dolores Street Community Services",2
San Francisco Day Labor Program and Women's Collective,3
"San Francisco Day Labor Program & Women's Collective, a program of Dolores Street",1
"San Francisco Day Labor Program & Women's Collective, a program of Dolores",6
San Francisco County Transit Authority,1
San Francisco County Public Defender,2
San Francisco County Adult Probation Department,2
"San Francisco City and County District Attorney, Kamala D. Harris",3
San Francisco City and County District Attorney's Office,9
San Francisco City and County District Attorney George Gascon,1
San Francisco City and County Department on the Status of Women,2
San Francisco City and County Aging and Adult Services Commission,3
San Francisco Chapter of the Japanese American Citizens League (JACL),1
San Francisco Building and Construction Trades Council and affiliated local unions,1
San Francisco Bicycle Coalition (SFBC),1
San Francisco Bay Conservation,1
San Francisco Bay Area chapter of the National Association of Pediatric Nurse Practitioners,1
San Francisco Bay Area Water Emergency Transportation Agency,2
"San Francisco Bay Area Section, Institute of Transportation Engineers",1
San Francisco Bay Area Chapter of the National Lawyers Guild,1
San Francisco Bay Area Chapter Frederick Vars,1
San Fire Fighters Local 798,1
San Fernando Valley/Northeast Los Angeles and San Gabriel Valley/Whittier Chapters of the National Organization for Women,1
"San Fernando Valley Interfaith Council, Bernardi Mutilpurpose Senior Center",1
San Fernando Valley Green Team,1
San Fernando Valley Community Coalition for Substance Abuse Prevention,2
San Fernando Mayor Nury Martinez,1
San Fernando Mayor Mario F. Hernandez,1
San District Attorney Terence Hallihan,1
San Diego-Based Solar Turbines,1
"San Diego, Councilmember Chris Cate",2
San Diego's Center for Public Interest Law,1
San Diego and Imperial Counties Chapter of the American Red Cross,2
"San Diego Unified School District, sponsor of this measure",1
San Diego Supervisor Greg Cox,2
"San Diego State University, Institute for",1
San Diego State Graduate School of Public Health,4
San Diego State Alumni Assoc,3
San Diego Rock Producers Association,1
San Diego Regional Economic Corp,2
"San Diego Regional Chamber of Commerce (SD Chamber), in oppose unless amended",1
San Diego Police Department Sharon Wilson,1
San Diego Office of the District Attorney,1
"San Diego North Convention and Visitors Bureau, Viviani, Inc",1
San Diego New Hope Church,4
San Diego Municipal Diego County Superior Court,1
San Diego Metropolitan Transit Development Board and North,2
San Diego Mayor Kevin L. Faulconer,2
San Diego Mayor Jerry Sanders,6
San Diego Mayor Bob Filner,2
San Diego Marshal's Association and Deputy Sheriff's,1
"San Diego Lesbian, Gay, Bisexual, and Transgender Community Center",1
San Diego Jewelry and Loan,1
San Diego Gas and Electric and the Southern California Gas Company,1
San Diego Gas & Electric (SDG&E) writes,1
San Diego Economic Development Corp,1
"San Diego District of the Pest Control Operators of California, Inc",2
San Diego District Attorney (SDDA),1
San Diego County Water Authority: Opposition (unless amended),1
San Diego County Supervisor Roberts,2
San Diego County Supervisor Dianne Jacob,3
San Diego County Sheriff William D. Gore,1
San Diego County Policy Panel on Youth Access to Alcohol: Problems AB 2334 (Nakano) continued,1
San Diego County Policy Panel on Youth Access to Alcohol Problems,1
San Diego County Police Chiefs' & Sheriff's Assn,1
San Diego County Investigators Association,1
San Diego County Division of the league of California Cities,4
San Diego County District Attorney 3 individuals,1
San Diego County District Attorney - Co-Sponsor,1
San Diego County Coalition for Education (Higher Education Committee),1
San Diego County Chapter of the Huntington's Disease Society of America,2
San Diego County Board of Supervisors/Pam Slater-Rice,1
San Diego County Bike Coalition,2
"San Diego County Bar, Certified Family Law Specialists Committee",2
San Diego County Aging and Independence Services Advisory Council,2
San Diego Councilmember Toni Atkins,1
San Diego Councilmember Marni Von Wilpert,2
San Diego Consolidated Transportation,6
"San Diego Community College District, Educational Cultural Complex",3
San Diego City-County Reinvestment Task Force (RTF),1
San Diego City Councilmember Marni von Wilpert,1
San Diego City Councilmember Marni Von Wilpert,2
San Diego City Councilmember Mark Kersey,2
San Diego Children's Hospital and Medical Center,4
San Diego Chapter of the National Association of Retired Federal Employees,2
San Diego Chapter - National Organization for the Reform of Marijuana Laws Women's Alliance,1
"San Diego Bus Drivers Union, Local 1309",4
"San Diego Baykeeper, Baykeepers-North Sierra Club",3
San Diego Assessors Office,2
San Diego Air Pollution Control District - County of San Diego,2
San Diego & Imperial Regional SBDC network,1
San Diego & Imperial Counties Joint Labor Management Cannabis Committee (JLM),4
San Clemente Mayor Chris Duncan,1
"San Clemente Alcohol, Tobacco, and Other Drug Prevention Coalition",2
San Bernardino/Riverside Building and Construction Trades Council,1
"San Bernardino, City of",1
San Bernardino's Community Safety and Violence Prevention,2
San Bernardino and Riverside Counties Building and Construction Trades,1
San Bernardino Public Employees Assoc,1
San Bernardino Probation Department,4
San Bernardino Mayor Patrick J. Morris,3
San Bernardino Mayor Judith Valles,4
"San Bernardino Downtown Business Association, Inc",2
San Bernardino County Sheriffs' Office (all from the,1
San Bernardino County Medical Society One individual,1
San Bernardino County Marshal's Department,2
San Bernardino County Homeless Coalition,1
"San Bernardino County Fire-Arson Investigators Association (April 20, 1995)",1
San Bernardino County Fire Chief's Assn,1
San Bernardino County Consumer Attorneys of California,2
San Bernardino Board of San Bernardino County Sheriff's Department,1
San Bernandino County Sheriff,1
San Bernadino County Safety Employees Assoc,4
San Benito Sheriff-Coroner,1
San Benito County Treasurer-Tax Collector's Office,1
San Benito County Health Services,4
"A Better Way, Inc., Berkeley",2
"American Federation of State, County and Municipal: Employees (committee analysis)",2
"American Federation of State, County and Municipal Employees, AFL-CIO, International",4
"American Federation of State, County and Municipal Employees, AFL-CIO (Prior version)",2
Alzheimer's Association (AA),2
"Alex Padilla, Secretary of State",3
AG Xavier Becerra,3
ACLU California Action (prior version),2
AAP-CA,2
von Strasser Winery,2
Sam Pahlavan,1
"Sam Liccardo, Mayor of San Jose",1
Salinas Mayor Dennis Donohue,3
Salinas Council Member Steve Mcshane,2
Saint Clare's Home,2
Safety Net for All Coalition - Sponsor,1
Safe Return Project (prior version),1
Safari Club International/Safari Club International Foundation,6
"Safari Club International (April 9, 1998)",1
Saddleback Canyon Riders,1
Sacramento Veterans of Foreign Wars,2
Sacramento Valley Regional Forest Council,1
Sacramento Valley Fire Prevention Officers Association,1
Sacramento Valley Chapter Navy League of the U.S,2
Sacramento Regional Wastewater Treatment Plant,1
Sacramento Mutual Housing Assoc,1
Sacramento Metropolitan Water Authority NOTE,1
Sacramento Mayor Joe Serna,1
Sacramento Mayor Darrell Steinberg,2
Sacramento Local Conservation Corps - Sponsor,1
Sacramento Letters Project,1
"Sacramento Housing Alliance, Darryl Rutherford, Executive Director",1
Sacramento Deputy Sheriffs Assoc,1
Sacramento Deputy Sheriff's Association,6
Sacramento Court Appointed Special Advocate Program,1
"Sacramento County Supervisor Roger Dickinson, District 1",3
Sacramento County Supervisor Roger Dickinson,3
Sacramento County Supervisor Roger,1
"Sacramento County Supervisor Rich Desmond, District 3",1
Sacramento County Supervisor Rich Desmond,2
"Sacramento County Supervisor Phil Serna, District 1",1
Sacramento County Supervisor Phil Serna,3
"Sacramento County Supervisor Patrick Kennedy, District 2",1
Sacramento County Supervisor Patrick Kennedy,3
"Sacramento County Supervisor Pat Hume, District 5",1
"Sacramento County Sheriffos Department, City of",2
"Sacramento County Sheriff's Department, High Tech Division",3
Sacramento County Local Child Care and Development Planning Council,1
Sacramento County Law Enforcement Managers' Association (LEMA),1
Sacramento County Housing and Redevelopment Agency,1
Sacramento County Deputy Sheriffs' Ass'n,1
Sacramento County Board of Supervisors (support in concept),1
Sacramento County Board of Supervisors (seek amendment),1
Sacramento City and County Human Rights/Fair Housing Commission,2
"Sacramento City Vice Mayor Caity Maple, District 5",1
"Sacramento City Unified School District, Student Support and Health",1
Sacramento City Unified School District Special: Education Department,2
"Sacramento City Mayor Joe Serna, Jr",2
Sacramento City Mayor Heather Fargo,3
Sacramento City & County Human Rights/Fair Housing Commission,2
"Sacramento Branch, National Association for Advancement of Colored People",2
"SPONSOR) California HIV Advocacy Coalition, Southern California Region",1
SPONSOR!Santa Cruz County,1
SPONSOR!Napa Valley Exposition,1
SPONSOR!Lassen County Board of Supervisors,1
SPONSOR!Gold Ridge Resource Conservation District,1
SPONSOR!CA Library Association,1
SPONSOR!CA Downtown Assoc,1
SPONSOR!CA Assoc. of County Treasurers and Tax Collectors,2
SPONSOR!Alameda County Planning Department,1
SPONSOR! CA State Council of Laborers,2
SPONSOR! CA Independent Public Employees,1
Samoa Peninsula Fire District,2
"Salinas Firefighters, Local 1270",1
Salida Union School District Child Development Programs,1
Saint Vincent de Paul Catholic Church,1
"Saint Mark United Methodist Church Los Angeles, Gary Bernard Williams, Reverend",1
"Saint Joseph Radio, Orange",1
Safety Net Clinic Coalition of Santa Cruz County,3
"Sacramento State University, Guardian Scholars Program",1
Sacramento District Dental Foundation,4
Sacramento County Deputy Peace Officers Association,1
Sacramento City/County Solid Waste Advisory Committee,3
STARS Community Services - San Leandro,1
SPONSOR! Assoc. of CA Water AgenciesAlliance of CA Taxpayers and Involved,1
SPONSOR! Assoc. of CA Water AgenciesAlliance of CA Taxpayers and American Assoc. of Retired Persons,1
SPARC (Scholarly Publishing & Academic Resources Coalition),1
SOS Shirley Weber,2
"SOLutions in Solar Electricity, Culver City",1
SMART-Transportation Division Local 0023,1
"SJR Cotabato Association, USA",1
SIGNIFICANT CONCERNS Agricultural Council of California,1
SFCO Women Lawyers Alliance,1
SF Women Lawyers' Alliance,1
"SF District Attorney, Kamala Harris",2
SEUI Local 1000,1
SENATE APPROPRIATIONS SUBCOMMITTEE ON BONDED INDEBTEDNESS AND METHODS OF FINANCING,4
SELPA Facilities Coalition (Antelope Valley and Santa Clarita Valley SELPAs),1
SEIU United Long Term Care Workers (ULTCW),2
"SEIU Local 87, sponsor of the bill",1
"SEIU Local 535, David C. Aroner, Exec. Director, Oakland",3
SEIU Co-Sponsor,1
SEIU California and Health Access California,1
SEIU -Co-Sponsor,1
SEIU - Sponsor,1
SCR Navy League of the United States,2
SCR 39 PEMHCA Advisory Panel,1
SCI California Funeral Directors,1
SCAN Health Plan writes,2
"SCA 14 - Morrow Armed Forces Retirees Association, California",1
SB1x Employers (AFSCME),1
SB Western Sunrise Mortgage,1
SB Western Propane Gas Association,1
SB Weinstocks,1
SB WMX Technologies,1
SB Vulcan Chemicals,6
SB VFW Post 1999,1
SB University of California,2
SB United Water Conservation District,2
SB Tutor Saliba Construction Company,1
SB Tranquillity Irrigation District,2
SB The Ponderosa Telephone Co,1
SB The New World Power Corporation,1
"SB Supervisor Marian Bergeson, Orange County Supervisor",1
SB Southwestern Cable TV,1
SB School Services of California,1
SB Santa Clara Unified School District,1
SB San Mateo Transit District,1
SB San Diego County Board of Supervisors,1
SB San Diego City Schools,1
SB Sacramento Unified School District,2
SB Sacramento NEXUS,1
SB SPH Associates,1
SB Riverside County,2
SB Regional Council of Rural Counties,6
SB Procter & Gamble,1
SB Placer County Municipal Court,1
SB Perris Union High School District,3
SB Oceanside Unified School District,1
SB North Communications,1
SB North American Mortgage Company,1
"SB New United Motor Manufacturing, Inc",2
"SB National Association of Social Workers, California Chapter",1
SB Mobile Recycling Corporation,1
SB Magnussen Auto Body,1
SB Los Angeles Turf Club,3
SB Los Angeles County Law Library,2
SB Los Angeles Alliance Against Domestic Violence,1
SB Independent Power Providers,1
SB Hacienda Heights Improvement Association,2
SB Environmental Products Corporation,1
SB El Dorado Women's Center,2
SB Eagles Nest Golf Links,1
SB Domestic Abuse Center (Reseda),1
SB Disabled Veterans,1
SB Department of Justice,2
"SB Daubenbis, Lunden & Co",1
SB County of San Bernardino,1
SB Consumers Union,5
SB Community Associations Institute,1
SB Coalition for Government Procurement,1
SB City of Anaheim Public Utilities Department,2
SB Century Communications,1
SB Central Pacific Mortgage,1
SB California State Employees Association,1
SB California State Council of Carpenters,1
SB California Retail Air Quality Coalition,1
"SB California Labor Federation, AFL-CIO",1
SB California Association for Coordinated Transit,1
SB California Advocates,1
SB Broadwater Insurance Agency,2
SB Black Network Alliance,1
SB Becoming Independent,1
SB American Cancer Society,1
SB Alandale Mutual Water Company,2
"SB 921, Page National Council of Jewish Women, Sacramento",1
"SB 921, Page California Independent Public Employees Legislative Counsel",1
"SB 691, Page Consumer Attorneys of California",1
SB 68XX Desert Healthcare District,2
SB 68XX Desert Challenge Merchandising Company,1
"SB 59, Page Family Health Centers of San Diego",1
"SB 551, Page Advanced Auto Body Center",1
SB 549 - Ortiz Alameda County Child Care Planning Council,1
"SB 364 (Perata), Page American College of Emergency Physicians, California Chapter",1
SB 331 - Wright Joe VanDerBos Illustration,1
SB 2XX Western Center on Law & Poverty,1
"SB 2XX Veterans In Community Service, Inc",1
"SB 283, Page Mexican-American Legal Defense and Educational Fund",1
"SB 2093, Page Employers Health Care Coalition of Los Angeles",1
"SB 2, Page Planned Parenthood",1
"SB 1936, California Professional Firefighters",1
"SB 1913, Page Congress of California Seniors",1
SB 1909 - Dills California Professional Firefighters,1
"SB 1890 - Ortiz American Heart Association, Western States Affiliate",1
SB 1876 - Alpert AFSCME,1
"SB 1807, Page American Agents Alliance",1
SB 17x -- Brulte Small Turbine Committee of the American Wind Energy Assn,1
SB 17XX Green Mountain Energy,2
"SB 1665, Page Association of California Healthcare Districts",1
SB 1582 - O'Connell Astrotech Space Operations,1
SB 1455 - Leslie American Association of Retired Persons Chapter,1
SB 145- Perata Pleiades Shipping Agents,1
SB 1208-Ortiz California Conference of Local Health Department Nursing Directors,1
"SB 1136, Insurance Agents and Brokers Legislative Council (ABL)",1
"SB 1092, Consumers Union",1
"SB 103, Page Older Women's League of California",1
"SAJE (Strategic Actions for a Just Economy), Cynthia Strathmann, Executive Director",1
S. Napa County Probation Department,3
S E Pipe Line Construction Company,1
"Ruth Ann Rosenberg Adult Day Health Center, San",1
"Russell Shields, Attorney at Law 48 individuals",1
"Rural Fire Association, California State",1
Rural Communities Housing Corporation,1
Runner,2
"Roundhouse Council, Indian Education & Family Resource Center",1
Rotary Club of Brawley Smith-Kandal Insurance,1
Ross Valley Unified School District,2
Ross School (Marin County) Safe Routes Program,1
"Ross Mirkarimi, Member, San Francisco Board of Supervisors",2
Roseville Telephone (Surewest Communications),2
"Rosa G. Perez, Chancellor, San Jose/Evergreen Community College District",1
Roofing Contractors Asso,1
"Ronald L. Loveridge, Mayor",1
"Ronald C. Taylor, Vice President, Academic Services, Chabot College",1
"Ron Roberts, San Diego County Board of Supervisor",2
"Ron Morrison, Mayor, National City",1
Rolltronics Corporation,1
"Rohnert Park, City Of",1
Roger Hernandez,1
Rocky Delgadillo Chief Operating Officer of the Los Angeles Unified School District,2
"Rockard Delgadillo, City Attorney",1
"Robinsons-May Department Stores - May 24, 1999 version",1
"Robert Shield, Governing Board President, Grossmont Union High School District",1
"Robert L. Weinmann, M.D",4
"Robert Hall, Kern Council of Governments",1
"Robert Garcia, Mayor of the City of Long Beach",1
"Robert E. Hulbert, President, Sacramento Council, Navy League of the U.S",1
Robert Akeley,1
"Rob S. McConnell, M.D. (Professor, Department of Preventive Medicine, Keck School of Medicine University of Southern California)",1
"Rob Bonta, Attorney General, State of California",2
Rob Bonta - State of California Attorney General,2
Riverside Sheriffs' Association - Co-sponsor,1
Riverside Sheriffs' Association (All law enforcement in Riverside County),2
"Riverside County Supervisors Mullen, Tavaglione, Venable and Wilson",1
Riverside County Supervisor Jeff Stone,3
Riverside County Superintendent of Schools: GOVERNOR'S VETO MESSAGE,1
Riverside County Presiding Judge of the Juvenile Court,1
"Riverside County 4th District Supervisor, V. Manual Perez",1
Rita Woodard,1
"Rita Walters, Los Angeles City Council",1
"Rincon Band of Luiseño Indians, sponsor of this measure",2
Rincon Band of Luiseno Indians writing,1
"Ridgecrest, City of",2
Ride to Heal TRC of Los Angeles,1
"Rick Hauptman, Computer and Internet Caucus, California: Democratic Party",1
"Rick Hauptman, Computer and Internet Caucus, California Democratic Party",1
"Richmond Mayor, Tom Butt",1
Richmond Mayor Tom Butt,1
Richmond Area Multi-services,2
"Richard V. Swan & Associates and approximately 300 form letters from various contractors, subcontractors and material suppliers",1
"Richard Riordan, Mayor of Los Angeles",2
"Richard Polanco, Chairman of the California Legislative Latino Institute for Public Policy",1
"Richard Montes, Presiding Judge for Los Angeles County Juvenile Court",1
"Richard J. Jackson, M.d., MPH (Professor and Chair, Environmental Health Sciences, School of Public Health, UCLA)",1
"Rich Tran, Mayor, Milpitas",4
"Rich Herczog, Director of Compliance, UCLA Intercollegiate Athletics",1
"Ricardo Lara, Insurance Commissioner /California Department of Insurance",2
"Ricardo Lara, California Department of Insurance - CO-SPONSOR",1
"Rex Parris, Mayor",1
Revision Commission,1
"Rev. Diane Weible, Northern California Nevada Conference, United Church of Christ",4
"Rev. Diane Weible, Northern CA Nevada Conference, United Church of Christ",1
Retired and Senior Volunteer Program of Nevada County (2 individuals),1
"Retired Senior and Volunteer Program of Downtown Los Angeles, Glendale, Hollywood, Long Beach, Oxnard, San Fernando, Santa Clarita Valley",1
Retired Public Employees Assn. of CA,1
Responsibility/Sacramento,1
"Responsibility-Los Angeles, Physicians for",1
Resources Agency and California Department of Forestry and Fire Protection (sponsors),1
Resource Recovery Coalition of California RethinkWaste,2
Resource Protection Associates (provisions relating to concealed weapons permit exemption),1
Resource Center for Survivors and Family Violence,1
"Resolient Floor & Decorative Covering Workers, Local 1711",3
"Resilient Floor & Decorating Covering Workers, Local 1247",3
"Research Institute, Stanley Foundation",3
Research Group (CALPIRG),2
Reputable Tile Co. SB 134 (Figueroa) Inc,1
Republicans for Environmental Protection (REP America): Business Organizations,1
"Representative Nanette Diaz Barragan, California's 44th Congressional District",2
"Renee Miller, President/Creative Director, The Miller Group Advertising",1
"Religious of the Sacred Heart of Mary, Western American Province",2
"Reid Dennis, Managing Director, Institutional Venture Partners",1
Regional Transportation Planning Agency for,1
Regional Psychological Society of Kaiser Permanente Northern California,1
Regional Law Enforcement Training Center and Police Academy at Rio Hondo College,1
Regional Economic Association Leaders of California (REAL Coalition),1
Regional Economic Association Leaders (R.E.A.L.),1
"Regional Councils of Rural Counties, Alpine",1
Regional Council of the So. Calif. Association of Governments,2
"Regional Council of Rural Counties, County of Lake",1
Regional Congregations and Neighborhood Organizations,1
Regional Bicycle Advocacy Coalition of the San Francisco Bay Area,3
Regional Asthma Management & Prevention Initiative (RAMP): Faith-Based Organizations,1
Regent and States Council of the United Food and Commercial Workers,2
"Refuse Removal Council, Californians Against",1
Refugee Educators' Network/Southeast Asia Community Resource Center,1
Reflex Sympathetic Dystrophy Syndrome Association of California,1
"Reedley College, NextUp/EOPS",1
"Reedley College, NextUp & Extended Opportunity Programs and Services",2
"Reed Tukson, M.D., President Charles Drew University of Medicine",2
Redwood Empire Business Association (prior version),1
Redwood Empire Business Association,2
Redevelopment agency of Visalia,1
Recreation and Dance California Council of the Blind Individuals,1
Recreation Vehicle Industry Association (RVIA) - sponsor,1
Recorder & Assessor/Registrar of Voters,1
"Reckitt & Colman, Inc",4
"Rear Admiral Hering, (Navy - Commander, Navy Region Southwest)",4
"Real Property Section, California State BarNone on",1
"Real Property Section, California State Bar None on",2
"Rape Treatment Center, Santa Monica UCLA Medical Center",2
Rape Crisis Intervention and Prevention- Safequest Solano,1
"Randy Sekany, President, San Jose Fire Fighters IAFF, Local 230",1
Office of the District Attorney of Santa Cruz County,1
Office of the City Attorney for the City and County of San Francisco,1
Office of the Chief Legislative Analyst - City of Los Angeles,1
Office of the Chancellor California State University Sonoma,1
Office of the Chancellor California Public Utilities Commission,1
"Office of the Attorney General, Attorney General Bill Lockyer",1
Office of Ratepayer Advocates of the California Public: Utilities Commission,1
Office of Public Policy & Social Concerns of the Archdiocese of San Francisco,1
Office of Los Angeles Mayor Antonio R. Villaraigosa,2
Office of Kern County Superintendent of Schools (committee,1
Office of Kern County Superintendent of Schools,1
Office of Information Services within the Department of Consumer Affairs,2
Office of California Attorney General Bill Lockyer,4
Office of Attorney General Kamala D. Harris,4
Office of Attorney General (amendments requested),1
Office and Professional Employees International Union Local: 29 AFL-CIO and CLC,3
Of Inyo-Mono,1
Oceans Eleven Casino: Hustler Club,1
Oceanic Research Vessel Alguita,1
Ocean Voyage Institute/Project Kaisei,5
"Occidental Power, San Francisco",3
Obispo County Integrated Waste Management,1
"Oakland, Port of Oakland Redevelopment Authority",1
"Oakland, Mayor Jean Quan",4
Oakland Mayor Jean Quan,2
"Oakland Councilmembers Mary Moore, Shiela Jordan, and Ignacio: de La Fuente",1
Oakland City Councilmember McElhaney,1
Oakland Business Development Corporation - Oakland,1
Oak Chan Elementary School,1
OPPOSITION (UNLESS AMENDED) Acclimation Insurance Management Services,1
"ONTRACK Program Resources, INC",1
"OMI, Inc. AB 1772 (Committee on Banking and Finance)",1
"Nursing Mothers Counsel, Inc., San Mateo/San Francisco Chapter",1
Numerous U.S. Air Force Plant 42 Fire Department Employees,1
Norwood & Pedrotti Government Relations,1
"Nuestra Casa de East Palo Alto, Andres R. Connell, Executive Director",1
"Oakley School, Santa Maria, CA",1
Nut Free Wok: Allergy Aware Asian Fare,1
Northstar Fire Department,1
"Rancho Cucamonga, City of",5
Rancho Cordova Incorporation CommitteeCordova,1
Rancho Cordova Incorporation Committee Cordova,2
Rancho California Water District (RCWD/District),2
"Rancheria, Hopland Band of Pomo Indians, Los",1
Ramon Chapter (PFLAG-Danville/San Ramon Chapter),1
"Ralph R. Ramirez, Major, AG, Deputy Commander, So. Area OPS unit, State of CA Center for Military History, Armed Forces Reserve",1
Rabies Challenge Fund Charitable Trust: Save Our Dogs,2
READ Institute (The Institute for Research in English Acquisition),1
REACH 2010 African Americans Building a Legacy of Health,1
Quest Diagnostics An individual,1
"Queen of the Valley Hospital, Napa (President & CEO, among others)",3
Qico,8
Pupil Services and Attendance Division of the Los Angeles Unified School District,1
Pupil Services Department of San Francisco Unified School District,1
"Pullias Center for Higher Education, USC Rossier School of Education",4
Pueblo Unido Community Development Corporation - sponsor,1
Public Works Department of Los Angeles County,2
"Public Interest Research Group, Children's",1
Public Interest Law Firm and Legal Advocates for Children and Youth,2
"Public Health Foundation Enterprises, Inc. Program",1
Public Health Advocates (PHA),2
Public Employees' Retirement System (CalPERS) sponsor,1
Public Employees' Retirement System (CalPERS) co-sponsor,1
Public Employees Retirement System Board of Administration (PERS Board),3
Public Employees District Council (Pacific Southwest Region),4
Public Counsel for Los Angeles County and Beverly Hills Bar Assn,1
Public Counsel Western Center for Disability Rights,1
Public Counsel Law Center (Los Angeles and Beverly Hills Bar Associations),2
Psychologist & Social Worker Assoc. of Elk Grove Unified School District,2
"Providence Speech and Hearing Center (Orange, CA)",4
"Protective Services, Sacramento County",2
"Protection and Advocacy, Inc. (with suggested",1
"Protection Unit, San Diego County District Attorney's Office",1
Protection One,1
"Protection & Advocacy, Inc.: 3 individuals",1
"Protection & Advocacy, Inc. - co-sponsor",1
"Prosperity Now, Solana Rice, Director of State and Local Policy",1
"Property Tax Solutions, Inc. (Richard Dennis)",1
Project Inform - National HIV/AIDS Advocacy Organization,8
Project A.W.R.E. Foundation (Aquatic World Awareness Responsibility and Education),1
Project A.W.A.R.E. Foundation (Aquatic World Awareness Responsibility and Education),4
Progressive Pawnbrokers Association of,4
Progressive Democrats of America (PDA) California,1
Program Manager of the St. Joseph's Hospital Chemical Dependence,1
"Professor of Law Alan Browenstein, UC Davis",2
"Professor and Chair, School of Nursing, Department of Physiological Nursing, UC San Francisco, Erika S. Froelicher, R.N",1
"Professor Richard Buxbaum, Boalt School of Law",1
"Professor Qibing Pei, Materials Science and Engineering at UCLA",1
"Professor Matthew E. Verbyla, Department of Civil, Construction and Environmental Engineering, San Diego State University",1
"Professor Jeffrey Klausner of Medicine and Public Health, UCLA",1
"Professor Gerald Uelman, Santa Clara University School of Law (with reservation)",1
"Professor Erwin Chemerinsky, USC School of Law SB 1196 (Romero)",1
"Professor Erwin Chemerinsky, USC",4
Professor Barnett,1
"Professional and Technical Engineers, Local 21, IFPTE, AFL-CIO Teamsters",1
"Professional and Technical Engineers, International Federation of Professional & Technical Engineers Local 21",3
Professional Musicians Local 47 Employers' Health and Welfare Fund (AFM Local 47 Fund),1
"Professional Firefighters Local 456, one individual",1
Professional Firefighters California,1
Professional Fiduciary Association of CA,1
Professional Engineers in CA Govt,2
Professional Engineers in,1
"Professional (CARRP), if: amended",1
"Professional & Technical Engineers, IFPTE Local",1
"Prof. Erwin Chemerinsky, USC School of Law",1
Prof. Engineers in CA Government,1
"Products Western Division, Inc., Western",1
Probation Department County of San Diego,1
Probation Department County of Los Angeles,1
"Private Essential Access Community Hospitals (P.E.A.C.H., Inc.) Concern",1
"Priscilla Abercrombie, RN, NP, PhD, UCSF Obstetrics, Gynecology and Reproductive Services",1
"Principals of Stockton, Tracy, Linden, Escalon and Merrill West High Schools",1
Primerica Life Insurance Company - co-sponsor,1
"Pride at Work AFL-CIO, Southern",1
"Presiding Judge, Juvenile Division, San Diego Superior Court",1
President CST soldiers and Airman Association,1
"Presbyterian Church (USA), Bruce Reyes-Chow, Reverend & Mary Lynn Tobin Reverand",1
"Precision Tubedraw & Machining, Inc., Gardena, California",2
Post-Conviction Justice Project at the USC Gould School of Law,1
"Positive Energy, Inc",4
"Port of San Diego, Department",1
Port of Pacific Maritime Association,1
Port of Offshore Wind California,1
Port of Oceantic Network,2
"Port of Norwood Associates, LLC",1
Port of Maersk Shipping,2
"Polytechnic State: University, San Luis Obispo",2
"Polytechnic State University, San Luis Obispo",1
PolicyLink - Sponsor,1
Police Officers Research Association of California (PORAC) - sponsor,1
Police Officers Association of California Calegislation,2
"Police Departments of the Cities of Claremont, El Monte, Irwindale, Pomona, Redding, San Gabriel, San Marino, West",3
"Police Department, Town of Paradise",1
"Police Department, City and County of San Francisco",10
"Police Chiefs of Montclair, Ontario, and Rancho Cucamonga",1
"Police Chiefs of Chino Hills, Ontario, and Rancho Cucamonga",1
Police Chief of Carlsbad,1
Point Arena,1
Plymouth,2
"Plumbing/Hearing/Cooling Contractors, Alameda/Contra Costa County, Los Angeles, Northern California, Sacramento",1
Plumbing Manufacturers Institute - sponsor,1
"Northern, Greater Los Angeles & San Diego Chapters",2
Northern San Joaquin Valley Chapter,1
Northern Chapter of the California Chinese Medicine Association (California Certified Acupuncturists Association),1
Northern California-Western Nevada-Pacific Japanese: American Citizens League,2
Northern California Voluntary Organizations Active in Disaster (VOAD),1
Northern California Society of Public Health Education,1
Northern California Livery Group,2
"Northern California Life Sales Office, CNA Insurance",5
Northern California Division Navy League of the U.S,2
Northern California Child Protective Services Supervisors Exchange Group,1
Northern California Chapter of the Society for Public Health: Education,1
Northern California Chapter of the National Multiple Sclerosis Society,1
"Northern California Carpenters Regional Council, Northern California Glass Management Association",1
Northern California Area Council of the Boys and Girls Club: of America,2
Northern California Allergy & Asthma Advocates (NCAAA),1
Northern California (Koretz) of the International Longshore and Warehouse Union,2
Northern CA Engineering Contractors Assn,1
Northern CA Drywall Assn,1
Northern CA District Council of the International Longshore & Warehouse Union (co sponsor),1
Northeastern Rural Health,1
North Valley Property Owners Ass'n,1
North San Diego County Transit,1
North San Diego County Apartment Managers Association,2
North Fork Rancheria of Mono Indians of California's Tribal TANF program,2
North Fork Rancheria of Mono Indian of CA - cosponsor,1
"North East Valley Health Corporation, Driving Under the Influence Program",1
North County Rape Crisis & Child Protection Center (Santa SB 261 (Speier) PageB Barbara County),1
North Coast Breast Cancer Early Detection Program: Regional Partnership,1
North Coast Breast Cancer Early Detection Program Regional Partnership,1
North American Taiwanese Women's Association (NATWA),1
North American Taiwanese Medical Association (NATMA) - So. California Chapter,1
North American Aerospace Defense Command & United Northern Command,1
North (Los Angeles) County Transportation Coalition,1
"Norma Martinez, Superintendent, Alum Rock Union Elementary School District",1
"Norcal, Association of Waste Hazardous Materials",1
"Norcal Waste Systems, Inc., Santa Clara County",2
"Norcal Waste Systems, Inc. TeraMeth",2
"Norcal Waste Systems, In",1
Norcal Waste,2
"Nora Campos, Councilmember, San Jose City Council",1
Nopa/Nopalito,3
Nonprofit & Unincorporated Organizations Committee of the Business Law Section of the State Bar of California,1
Nonprofit & Unincorporated Organizations Committee of the,2
"Nielsen, Merksamer, Parrinello, Mueller & Naylor",1
"Nichols Insurance Agency, Montebello, CA",1
"Nicol Jones, Mayor of Villa Park",1
"New Economics for Women, Maggie Cervantes, Executive Director",1
Newt Gingrich,1
News Guild local Pacific Media Workers Guild,2
"Newport Beach, City of",6
Newport Beach Utilities Department,1
"Newman Machine Works, Burbank, California",2
"Newhall Escrow Co., Newhall",2
New Women Center of Stanislaus County,1
New Jersey Innovation Institute,1
New Hope Crises Counseling Center,1
New Day Solar,1
"New America Foundation, Sponsors",1
New America Foundation - Sponsor,1
Nevada County Substance Abuse Treatment and Recovery Programs,1
"Nevada County Housing Dev, Nevada City",2
Nevada County Housing & Community Services - Nevada City,1
Nevada City,3
Northgate Terrace Residents Association,1
Northern California Coalition for Battered Women & their Children,1
Northern California Chapter of the Association of Occupational Health Professionals,4
Northern Alliance for Traditional Chinese Medicine,4
North Laguna Community Association,1
Nonprofit Connection Santa Cruz County,2
New Mount Calvary Baptist Church,1
New Millennium Community Care Coalition (based on previous amended version),1
New Leaf Solutions,1
New City Church of Los Angeles,1
Nevada County Victim/Witness Assistance Center,4
Nevada City Broadcast Group,2
"Plumbers, Steamfitters and Refrigeration Fitters U.A, Local Union 393",1
"Plumbers and Steamfitters Local Union 398, Montclair",3
"Plumbers and Pipefitters Local Union 230, San Diego",4
"Plumas District Hospital, also a sponsor",1
Plumas Crisis Intervention & Resource Center's Rape Crisis Center,1
Plumas Court Appointed Special Advocates (CASA),1
Pleasant Hill CASA (Community Against Substance Abuse),3
"Plastic Tenders, Construction and General Laborers, Local 802",1
"Plaster Tenders, Construction and General Laborers, Local 802",3
"Planning and Conservation League, sponsors",1
"Planning and Conservation League, San Jose",2
"Planning Report, The States Council United Food and Commercial Workers, Region 8",1
"Planned Parenthood- Golden Gate, Orange and San Bernardino",1
"Planned Parenthood, Santa Barbara, Ventura and San Luis: Obispo Counties, Inc",2
"Planned Parenthood, Santa Barbara, Ventura & San Luis",2
"Planned Parenthood of Santa Barbara, Ventura and Planned Parenthood Orange and San Bernardino Counties",2
"Planned Parenthood of Santa Barbara, Ventura & San Luis",2
"Planned Parenthood of Orange and San Bernardino Counties, Community Action Fund",2
Planned Parenthood of Orange and San Bernardino Counties Community Action Fund,1
Planned Parenthood of Orange and San Bernardino,1
Planned Parenthood of Mar Monte and Orange and San Bernardino Counties,2
"Planned Parenthood of Los Angeles, Mira Monte, Pasadena, San Luis Obispo, Santa Barbara, and Ventura",1
Planned Parenthood Orange and San Bernardino,1
"Planned Parenthood Golden Gate, and Mar Monte",1
Planned Parenthood Fund of the Pacific Southwest,2
Planned Parenthood Community Action Fund of Orange and San Bernardino,1
Planned Parenthood Affiliation,1
Planned Parenthood Affiliates of California (and seeks,1
Planned Parenthood Affiliates of California (Late),1
Planned Parenthood Affiliates of California (Committee,1
Planned Parenthood Affiliates of,2
Planned Parenthood Affiliates Of California Individuals (35),1
Planned Parenthood Afffo,1
Planned Parenthood Advocacy Project Los Angeles County Action Fund,2
"Planned Parenthood Action Fund, Santa Barbara, Ventura and San Luis Bispo Counties",1
"Planned Parenthood Action Fund, Inc. of Santa Barbara, Ventura and San Luis Obispo Counties, Inc",1
"Planned Parenthood Action Fund, Inc. of Santa Barbara, Ventura",1
"Planned Parenthood Action Fund, Inc",1
"Planned Parenthood Action Fund of Santa Barbara, Ventura and San",1
Planned Parenthood Action Fund of Santa Barbara,2
Planned Parent Affiliates of California,1
Placer County Water Agency (PCWA),2
Placer County Trial Courts,1
Placer County Transportation Planning,1
Placer County Sheriff-Coroner-Marshal Edward N. Bonner,1
Placer County Juvenile Justice/Delinquency Prevention: Commission,1
Pilipino Workers Center of Southern,2
"Picture Technicians, Artists, and Allied Crafts of the United States",2
Pico Union Housing Corporation - Los Angeles,1
Physicians for a AB 35 (Shelley) Violence-Free Society,1
Physicians for Social Responsibility (San Francisco Bay Area Chapter and Los Angeles),1
Physicians for Social Responsibility (Sacramento and San Francisco chapters),3
Physicians for Social Responsibility (SF-Bay Area Chapter & Sacramento Chapter),1
Physicians for Social Responsibility ( (Koretz) Bay Area Chapter),1
Physicians for Social AB 2861 (Ridley-Thomas) PageB Responsibility,1
Physicians Psychiatric Alliance of California,2
Physician Assistant Committee of the Medical Board of California,3
"Physician Assistant Class of 1995, College of Osteopathic Medicine of the Pacific",1
Phoenix Business Development Group,1
Phillips Lighting Corp,4
"Phillip V. Coleman, Police Chief",1
Philip Angelides,2
"Phil Wowak, Acting Sheriff of Santa Cruz County",2
"Phil Ting, Assessor - Recorder of San Francisco",1
PetersenDean,1
"Peter G. Keane, Attorney, Office of the San Francisco Public Defender",2
"Petaluma Coalition to Prevent Alcohol, Tobacco and Other Drug: Problems",1
"Pesticide Action Network of North America, Physicians for",2
Peskin,1
Persons (AARP),1
Personnel Commission of the Los Angeles Unified School District,1
Personal Growth Services,1
Perris Union High School District Board of Trustees,1
Perinatal Advisory Council,1
"Performance Solar Inc., Escondido",1
Peralta (Cedillo) District,1
Per Senate Health and Human Services Committee,1
People Serving a Larger Mission,1
People Power LA | West,2
People Power LA - West,1
People Organizing to Demand Environmental and Economic Right (PODER),1
"Pennoyer-Dodge, Glendale, California",2
Peninsula University 52 law students from Peninsula University,2
Peninsula Traffic Congestion relief Alliance,1
National Organization of Parents of Murdered Association,1
Nehemiah Progressive Housing Development Corp. - Sacramento,1
National roofing Contractors Assoc,1
National Fire Sprinklers Assn,1
Neutral : Center for Public Interest Law,1
"Nelson Esparza Fresno City Council, District 7",1
Neighbors United Against Crime - (65 letters),1
Neighbors United (Vecinos Unidos Committee),1
Neighborhood Unitarian Universalist Church,1
Neighborhood House,1
Neighbor to Neighbor -- L.A. Chapter,1
"Navy League of the United Sates, Central California Coast Council",1
"Naval Medical Center, Department of Otolaryngology, Head and Neck Surgery, San Diego",3
"Nature Conservancy, California, The",2
Natural Resources Defense Council/NRDC Action Fund,1
"Natural Resources Defense Council, in support of the bill",1
"Natural Resources Defense Council, San Francisco, Los",1
Natural Resources Defense Council - seek additional amendments,1
"Natural Resources Defense Council (NRDC) and NRDC Action Fund, in support of SB 406",1
Natividad,12
National Writers Union - San Francisco Bay Area Chapter 3,1
National Women's Political Caucus-Fresno County,1
"National Women's Political Caucus of California, in support",1
National Women's Political Caucus of California (NWPC-CA),4
"National Vision, Inc. and its subsidiaries",1
"National Trust for Historic Preservation, Western Region (5/14/93)",1
National Tooling & Machining Association -- Los Angeles Chapter,2
National Taiwanese American Citizens League (TACL),1
National Staffing Workers Alliance,1
"National Social Workers, California Chapter",1
National Salvage Vehicle Reporting Program (NSVRP),1
National Safe Workplace Institute,2
"National SB 1441 (Kuehl) Association of Social Workers, California Chapter",1
National Rifle AssociationNone on file,1
"National Rifle Association, California Rifle and",2
National Prison Project of the American Civil Liberties Union Foundation,1
National Partnership for Juvenile Services,1
"National Organization for the Reform of Marijuana Laws (NORML), CA Chapter",1
"National Organization for Women, San Jose/South Bay Chapter",1
"National Organization for Women, San Gabriel Valley/Whittier/Pomona - California Chapters",2
"National Organization for Women, San Gabriel Valley/Whittier Chapter (President)",1
"National Organization for Women, San Gabriel Valley/Whittier Chapter",2
National Organization for Women (San Fernando Valley - Northeast LA Chapter),4
"National Organization for Women (NOW), California and Monterey Peninsula chapters",2
National Organization for Birthfathers and Adoption Reform,2
National Limited English Proiciency Advocacy Task Force,1
National Lawyer's Guild - Bay Area Chapter,1
"National Latino Peace Officers Association, San Diego County Chapter",1
"National Latina/o Lesbian, Gay, Bisexual & Transgender Organization",1
"National Latina/Lesbian, Gay, Bisexual & Transgender Organization",1
National Latina Business Women Association-ie Institute,2
National Korean American Grocers Association,2
"National Institute of Nursing Research, National Institutes of Health",1
National Health Plans (8/21/00),1
National Guard Association of California- Sponsor,1
"National Gay and Lesbian Task Force (NGLTF, Inc.)",2
National Federation of the Blind (sponsors),1
National Federation of Filipino American Associations Region 10 (prior version),1
National Farm to School Network (fiscal sponsor: Tides),1
National Farm to School Network (fiscal Sponsor: Tides),1
"National Emergency Number Association (NENA), California Chapter",1
"National Eligibility Workers Association, California State Chapter",1
National Eligibility Workers Association - California State Chapter,1
"National Electrical Contractors Association, Santa Clara Valley Chapter",1
"National Electrical Contractors Association, California Chapter (NECA)",1
National Electrical Contractors Association (San Diego Chapter),1
National Depressive and Manic-Depressive Association: California Affiliates,1
National Credentialing Agency for Laboratory Personnel Several individuals,1
National Council on Alcoholism and Drug Dependence of the San,2
National Council on Alcoholism and,4
"National Council of Senior Citizens, Westside Chapter Los Angeles",1
National Council of La Raza (prior version),1
National Council of Jewish Women/California State Public Affairs,1
National Council of Jewish Women-California (prior version),1
National Council of Jewish Women California (prior version),1
National Council of Investigation & Security,1
"Neal Aronson, President, Santa Cruz City Fire Fighters IAFF, Local 1716",1
Natural History Museum of Los Angeles County,2
National Treasure Mustang Rescue and Sanctuary,2
"National Motorists Association, California Chapter",2
"National Latino Peace Officers Association, Inland Empire Chapter",1
National Institute of Dental Research,4
National High School Career Day Network,2
National Guard Association of the United States,1
National Federation of Community Development Credit Unions,1
thirdACT PBC,1
thinkParallax,2
thinkPARALLAX,1
National Council of Catholic Women (NCCW) - Province of San Francisco,1
National Council for Diversity in the Health Professions (NCDHP),1
National Conference of State Legislatures and The,2
National Conference for Community and Justice (NCCJ),1
"National Conference for Community & Justice, Central Coast Office",1
National Committee for Employer Support of the Guard and Reserve,1
National College of Naturopathic Medicine (College),1
National Coalition of Free Men (with suggested amendments),1
National Coalition of Black Women,1
National Coalition for Child Support Options,1
"National City, Mayor Ron Morrison",1
"National City, City Of",1
National City Mayor Ron Morrison,1
National Central for Lesbian Rights (NCLR),1
National Center for Missing and,1
National Association of Victims of Crime Act Assistance Administrators,1
National Association of VOCA (Victims of Crime Act) Assistance Administrators (NAVAA),1
"National Association of Social Workers, Santa Barbara County Unit",1
"National Association of Social Workers, California Chapter: of America, Region 5",1
"National Association of Social Workers, California Chapter: of America Region 5",1
"National Association of Social Workers, California Chapter Outreach",2
"National Association of Social Workers, California Chapter (unless amended)",1
National Association of Social Workers California Chapter - Co-Sponsor,1
National Association of Social Workers California Chapter (prior version),1
National Association of Social Workers - California Chapter - Co-Sponsor,1
National Association of Social Workers - California Chapter (PRIOR VERSION),1
National Association of Retired Federal Employees National Association of Retired Federal Employees,3
"National Association of Professional Surplus Lines Offices, Ltd",1
National Association of Insurance and Financial Advisors (NAIFA) of,1
National Association of Industrial and Office Properties - California State Council,1
"National Association of Industrial and Office Properties (NAIOP) of California, Commercial Real Estate Development Association",1
National Association of Industrial and Office Properties (CA. Chapter),1
National Association of Electrical Contractors Association,1
"National Association of Counsel for Children, L.A. Affiliate",3
National Association of Advancement of Colored,1
"National Association for the Advancement of Colored People (NAACP), California State Conference",1
National Association for the Advancement of Colored People (NAACP) (alert),1
National Association for the Advancement of Colored,4
National Association for Protection and Advocacy SB 577 (Kuehl) Systems,1
National Association for Civilian Oversight of Law Enforcement (NACOLE),1
National Association Sons&Daughters of Filipino World War II Veterans,1
"National Association Of Social Workers, California Chapter (prior version)",1
National Assoc. of Social Workers,4
National Assoc. of Industrial and Office Properties (NAIOP) Inland AB 1161 (Yee) Empire,1
"National Assn. of Social Workers, California Chapter",2
National Assn of Advancement of Colored People,1
National Asian Pacific American Women's Forum San Francisco Bay Area,1
National Asian Pacific American Families,1
National Armored Car Association - NACA - Sponsor,1
National Alzheimer's Association - Co-Sponsor,1
National Alliance for the Mentally Ill - California Consumer Council,1
National Alliance for the Mentally Ill (NAMI) Southern Santa Barbara County (prior version),1
National Alliance for Model State Drug Laws (NAMSDL) also a cosponsor,1
National Advisory Council of Filipino-American Veterans Leaders,1
"National AI Youth Council, the sponsor of the bill",1
"Nathan Magsig, Mayor of Clovis",1
"Napa, County Of",1
Napa and Solano Counties,1
Napa Valley Support Services,1
National City CDC,1
"National Association 10th Mountain Division, Inc",1
Napa Valley Community Housing (NVCH),1
"Napa Center for Wine, Food and the Arts",1
Nahas,1
"NRDC - Natural Resources Defense Council, San Francisco",1
NRA (as of 3/30/95),1
NOW--San Gabriel Valley/Whittier NOW-- San Jose/South Bay Chapter,3
NORCAL Rental Property Association (current version),1
"NEUTRAL California Labor Federation, AFL-CIO",1
NCCUSL Commissioners Diane Boyer-Vine,2
NCB,1
NAMI Tri-valley,1
NAACP-CA State Conference,2
"NAACP, San Francisco",1
NAACP California Hawai'i State Conference,4
N.A.A.C.P. - California State Conference,1
"N. Christian Anderson III, Publisher/CEO, Orange County Register",1
"Murrieta Valley Unified School District, Student Support Services",1
Murietta,1
"Municipal Officials for Redevelopment Reform (as amended March 14, 2006)",1
Municipal Court of the Central Orange County Judicial District,1
Municipal Court Judges' Assoc. Kaiser Permanente (unless amended),1
Multiracial Americans of Southern California,1
Multiple Sclerosis Society/California Action Network (MS-CAN),1
"Multicultural Ministries Committee, Lancaster United Methodist Church",1
Multicultural Center of Marin,1
"Muhammad Nassardeen, President/Founder Recycling Black Dollars Communications",1
Mt. Shasta,11
"Mt. San Antonio College, EOPS/CARE Program",2
"MyPath, Margaret Libby, Executive Director",1
Multi-Faith Action Coalition (prior version),1
"Ms. Yvonne Brathwaite Burke, Supervisor",1
"Mrs. Mary Azerbegi, Orinda",1
"Mr. Steve Warner, President, Marin Professional Firefighters",1
"NAI San Diego Commercial Real Estate Services, Worldwide",2
My Friend's House,1
Mustard Seed Tutorial Center,1
"Murrieta Firefighters, Local 3540",1
Mrs. Nelson's Toy and Book Shop,1
Mr. Roofing,6
Peninsula Pet Rescue Placement League,1
Peninsula Interfaith Action (PIA),2
Peninsula Association of General Counsel,1
Peggy Scroggins,1
Pedal On,2
Pechanga Band if Mission Indians,1
Pebble Beach Fire Department,2
"Peace, Greenaction for Health and Environmental",1
Peace Officers' Research Association of California Pennhall,2
Peace Officers' Research Association of California (PORAC) - Sponsor,1
"Peace Officers Research Association, Co-sponsors",1
Peace Officers Research Association of Caliornia AB 1210 (La Suer),1
"Peace Officers Research Association of California, in support",2
Peace Officers Research Association of California AB 893 (Shirley Horton) PageB,1
Peace Officers Research Association of California AB 1949 (Hertzberg),1
Peace Officers Research Association of California - Co-sponsor,1
Peace Officers Research Association of California - Co-Sponsor,1
Peace Officers Research Association of California (all from Assembly,1
Peace Officers Research Association of California (PORAC): GOVERNOR'S VETO MESSAGE,2
Peace Officers Research Association of California (PORAC) AB 2346-Corbett,1
Peace Officers Research Association of California (PORAC) - Sponsor,1
Peace Officers Research Association California,1
Peace Officers Research Association (PORAC) - sponsor,1
Peace Officers Research Assistance Association of California,1
Paul Robeson Chapter of the American Civil Liberties Union of Northern California,2
"Paul M. Walters, Chief of Police",1
"Paul L. Benson, Fire Chief, Chino Valley Independent Fire District",1
"Paul Kelly, Ph.D",1
Paul Gann's Citizen,1
"Patrick McKinely, Chief of Police, Fullerton Police Department",2
"Patrick McCormick, Executive Officer, Santa Cruz LAFCO",4
Patrick Kennedy,2
"Patrick Furey, Mayor",1
"Patrick E. McKinley, Chief of Police",1
"Patricia Wallach, Mayor of El Monte",1
"Patricia Showalter, Councilmember, Mountain View",1
"Patricia Mahan, Mayor of the City of Santa Clara",2
"Patricia Cragar, Director of Social Welfare and Public Guardian/: Administrator, Butte County 7 individuals",1
"Pathway Family Services, INC",2
Pat Brown Institute,1
Past- Police Chiefs Association,1
Past- California Police Chiefs Association,1
"Paso Robles, City of",1
Paso Robles Public Educators,3
Pasadena Public Library Commission,1
Partnerships to Uplift Communities,3
Partnerships and Limited Liability Companies Committee State Bar of California,1
Partnerships With Industry - San Diego,1
"Partnership for Safe, Smoke-Free, and Litter-Free Parks in",1
"Partnership for Children and Youth, a co-sponsor",1
Partnership and Limited Liability Companies Committee of the,2
"Participating Freestanding Cardiac Labs (San Jose, Sacramento, Rancho Mirage, Los Angeles (2), San Ramon and Brea",1
Parole and Correctional Assoc,1
"Parks and Harbors Association, California State",1
"Parents, Families and Friends of Lesbians and Gays, Los Angeles Chapter",1
"Parents, Families and Friends of Lesbians and Gays Central Coast Chapter",1
"Parents, Families & Friends of Lesbians & Gays, San Jose/Peninsula Chapter",3
"Parents, Families & Friends of Gays & Lesbians - Danville/San Ramon Chapter (PFLAG- Danville/San Ramon Chapter)",1
Parent Advocates of Sacramento,1
Paralyzed Veterans of America - Bay Area & Western,1
Paragon Group Property Services,1
"Paradise, Town of",5
Paradise Friends of the Library,2
Papan Livermore/Amador Valley Transit Authority,1
Pamona Public Library Foundation,1
Palos Verdes Peninsula Chamber of Commerce & Visitors Bureau,1
Palo Alto Public Art Commission,3
Palo Alto Mayor Adrian Fine,1
Palo Alto Housing Corp and Mid-Pen Housing,1
"Palm Communities, Palm Desert",1
"Painting and Decorating Contractors: of CA, Inc",1
"Painting & Decorating Contractors Association, Southern California",2
"Painting & Decorating Contractors Association, Northern California",2
"Painting & Decorating Contractors Association, Huntington Beach",2
"Painting & Decorating Contractors Association, East Bay Chapter",2
"Painters, Paperhangers & Drywall Finishers, Local 9254",3
"Painters and Tapers, Local 52",3
"Painters and Drywall Finishers, Local 95",3
Painters and Allied Trades District Council 16-Local 741,5
Painters Local 376,1
"Paint, Varnish & Lacquer Makers, Local 1053",3
PageP San Francisco Organizing Project,1
PageO San Francisco AIDS Foundation,1
PageN Healthy Communities Access Program - Fresno,1
PageF and Government Claims Board,2
PageB Plumas County Sheriff,2
PageB Peace Officers Research Association of California,1
PageB Haven Women's Center of Stanislaus,2
Page n South Kern Municipal Court,1
Page b Anti-Defamation League of the Bonai Borith,1
Page Venice Family Clinic,1
Page United Policyholders,1
Page Tracy Police Department,1
Page M Gateway to Silicon Valley,1
Page K Older Women's League of California,1
Page J Gay-Strait Alliance Network,1
Page J Civic Center Barno Housing Corporation,1
Page J California District Attorneys Association,1
Page I Los Trancos County Water District,1
"Page I American College of Emergency Physicians, California Chapter",1
Page H Southern CA Association of Non-Profit Housing,1
Page H Congress of California Seniors,1
"Page G Solid Waste Association of North America, California Chapters (unless amended)",1
"Page G People?s Self-Help Housing Corporation, San Luis Obispo",1
"Page G Low Income Housing Fund, Oakland",1
Page G California School Finance Authority,1
Page F Lavender Youth Recreation & Information Center,1
"Page F Eden Housing, Hayward",1
Page E Sierra Club California,1
Page D Sierra Pine Ltd,1
"Page D Parents and Friends of Lesbians and Gays, Encino",1
Page D Job Center Housing Coalition,1
Page D Humboldt Co. Dept. of Health and Human Services,1
Page D California Natural Gas Producers Association,1
Page D California Cast Metals Association,1
Page City of San Marcus,1
Page California School Nurses Organization,1
Page C California Large Energy Consumers Association (CLECA) - sponsor,1
Page AARP,1
Page 5p. Grand Lanes,1
Packaging Clearinghouse,1
"Pacifica, LLC",5
"Pacifica Friends of the Library, Fran Larson, Treasurer",1
Pacific Southwest Technologist Chapter of the Society of Nuclear Medicine,4
Pacific Merchant Shipping Association and,2
Pacific Juvenile Defender Center writes,1
Pacific Gas and (Canciamilla) continued,1
"Pacific Coast Renderers Association, Pacific",2
Pacific Coast Horse Shows Assn. (This is a representative sample,1
"Pacific Coast Fish, Wildlife and Wetlands Restoration Association",2
Pacific Coast Federation of Fishermenos Associations (coho provisions),1
Pacific Bell GTE California,1
Pacific Auto,4
Pacific Asian Language Services (PALS) for,1
Paar Center,1
PRISM (Professional Records and Information Services Management) International,1
PORAC strongly,2
PMSA would,1
Mr. Peter Keane,1
"Mr. Paul Bunje, Executive Director, Center for Climate Change Solutions, University of California, Los Angeles, Institute of the Environment and Sustainability",1
"Mr. Bill Cornelius, Superintendent, Sutter County, Superintendent of Schools",1
Moving Picture Technicians,3
Move and Storage Association,1
"Mountains Education Program, sponsors of the bill",1
Mountains Education Program,2
Mountain View Vice Mayor Lucas Ramirez,1
Mountain View Councilmember Patricia Showalter,1
Mountain Mammoth Ski Area,2
Mountain Lion Foundation (committee analysis),1
"Mount San Antonio College, Foster Youth Program",5
Mount Hermon,1
Mount Carmel Holy Assembly Baptist Church,1
Motion Picture Costumers: IATSE Local 705,1
Mothers Against School Hazing (MASH),1
"Mothers Against Drunk Driving (MADD, co-sponsor)",1
Mother's Against Sexual Abuse (for bill as introduced),1
Moss Landing Harbor District's Board of Harbor Commissioners,1
Mosquito and Vector Control Districts Association of California,4
Mosquito and Vector Control Districts Association of CA,1
"Morro Bay, City of",1
"Moreno Valley, City Of",3
Moreno Valley Mayor's Office,2
"Moreno Valley College, Grants and Student Equity Initiatives",2
Moreno Valley College Guardian Scholars Program,5
Moreland Elementary School District (Santa,1
"Moorpark College President, Julius Sokenu, Ed.D",1
Monument Moving and Storage,1
Monterey County Vintners and Growers,1
Monterey County Supervisor Luis A. Alejo,1
Monterey County Supervisor Jane Parker,5
"Monterey County Superintendent of Schools, Dr. William Barr",1
Monterey County Sheriff-Marshal-Coroner-Public: Administrator's Department,2
Monterey County Sheriff-Marshal-Coroner-Public Administrator's Department,2
"Monterey County Public Defender, Susan E. Chapman",1
Monterey County Public Defender Susan E. Chapman,1
Monterey County Public Defender Susan Chapman,1
Monterey County Coalition for Jail Reform,1
Monterey County California Peace Officers' Association,2
Monterey Coastkeeper & Otter Project (prior version),1
Monterey Bay Chapter of National Association for Uniformed Services,2
Montecito Family YMCA,3
Montclair Hospital Medical Center Chief Nursing Officer,1
"Monsignor James Petersen and Juan Jose Gloria, Associate Director, Hispanic Affairs, California Catholic Conference, Sacramento",1
Monrovia Unified School District Vice President,1
Monrovia Chief of Police,1
"Mono and Placer Counties, Regional Council of Rural",1
Mono County WIC (prior version),1
Mono County Sheriff-Coroner Richard C. Scholl,1
Mono County Deputy Sheriff's Association,5
Mono County California,2
"Monica Montgomery Steppe, Supervisor, San Diego County Fourth District",1
"Monica Garcia, member of the Los Angeles Unified School District Board",1
"Monica Garcia, Board Member, District 2, Los Angeles Unified School",1
Monica Garcia,1
Moffatt and Nichol on behalf of the Pacific Merchant Shipping Association,2
Modoc County Department of Health Services (committee analyses),1
"Modoc County Board of Supervisors, California",1
Modesto Junior College Student Success,2
Moby,4
Mobilization Against AIDS Gay,1
Mission Hospice (2 individuals),1
"Mission Economic Development Agency (MEDA), Norma Garcia, Director of Policy and Advocacy",1
"Mission Asset Fund, the sponsor of the bill",1
"Mission Asset Fund, Jose Quinonez, CEO",1
Minority AIDS Project (MAP),2
Minorities in Law Enforcement (MILE),1
Minnesota Western Visual Presentation Systems,1
"Ministry in Action Commission, St. Mark's United Methodist Church",1
"Ministry In Action Commission, St Mark's United Methodist: Church, Sacramento",1
"Ministry In Action Commission, St Mark's United Methodist Church, Sacramento",1
Ministry In Action Commission of St Mark's United Methodist: Church in Sacramento,1
"Mr. Crane, Inc",1
Mountain View Vineyard Casino,1
Mothers Against Violence in America,1
Mother Lode Weavers and Spinners Guild,1
Morning Star Institute,1
Monterey County Local agency Formation Commission,1
Monterey Building and Construction Trades Council,1
Moms for Clean Air,1
Modoc County Trial Courts,1
Modesto Union Gospel Mission,1
Miss Kitty's Rescue - Newport Beach,9
MindsEye Center,1
PG&E Sacramento Builders' Exchange,1
PFLAG | Vacaville/North Solano,1
PFLAG | Temecula Valley,1
PFLAG | Santa Rosa/North Bay,1
PFLAG | Santa Cruz/Santa Cruz County|Universalist,1
PFLAG | San Luis Obispo/Central,1
PFLAG | Ridgecrest,1
PFLAG | National Office,1
PFLAG | Monterey/Monterey County |San,1
PFLAG | Marysville,1
PFLAG Walnut Creek/Diablo Valley,1
PFLAG Santa Rosa/North Bay,1
PFLAG Santa Barbara,1
PFLAG Placerville/El Dorado County,1
PFLAG Laguna Hills/South Orange County,1
PFLAG Greater Placer County,1
PFLAG Central Coast,1
"PFLAG (Parents, Families and Friends of Lesbians and Gays | Bakersfield",1
PERS Board of Administration - Sponsor,1
PERS (DPA),4
PACE (Professional Association for Childhood Education),1
P S Business Parks,1
Oxnard Police Department Community Police,3
Oxnard Mayor Manuel M. Lopez,7
"Owens Valley Career Development Center, Vocational Education",1
Owens Valley Board of Trustees - Pauite-Shoshone Band of Indians,3
"Outdoor Sportsmen's Coalition of California (April 9, 1998)",1
Outdoor Coalition of California,1
Our Garden Villa (Specializing in Alzheimer Care),1
Our Community Works,2
Our Children La,1
Our Children LA,1
"Otto Wm. Giuliani, Chief of Police, Benicia Police Department",1
Orphan Pet Oasis/Humane Society of the Desert - Riverside County/Palm Springs,1
Organization of Farmworker Women Leaders in,1
"Organization of Chinese Americans, San Mateo Chapter",1
"Organization of Chinese Americans, Inc., Greater Sacramento Chapter",1
Organization of Area Boards on,3
Organizacion Nacional de La Salud de La Mujer Latina (National Latina health organization),1
"Oren R. Fox, Imperial County Sheriff",1
Orange Cove Mayor Victor Lopez,4
Orange County/Inland Empire Small Business Development Center,1
Orange County/Inland Empire Regional SBDC Network,1
"Orange County Taxpayers Association, Costa Mesa",2
Orange County Taxpayers Ass'n,1
"Orange County Supervisor, Third District",1
Orange County Supervisor for the Second District,2
Orange County Supervisor Marian Bergeson,1
Orange County Supervisor James Silva,1
Orange County Sheriff's Department (OCSD),2
Milton Markso Commission on California State Government Organization and Economy,1
Milton Marks oLittle Hoovero Commission,1
"Milton Marks Commission on California State Government Organization and Economy (""Little Hoover Commission"")",1
Milton Marks Commission on California State Government (Little Hoover Commission),1
Milton Marks Commission on,1
Milton Marks (oLittle Hoovero) Commission on,1
Milton Marks,4
"Military Order of the Purple Heart, Redding: Shasta County: Veterans Affiliated Council",3
"Military Order of the Purple Heart, Redding: Shasta County Veterans Affiliated Council",1
Military Officers Association of American (co -source),1
"Mike Feuer, City Attorney, Los Angeles",2
"Mike Feuer, City Attorney",1
"Mike Antonovich, Supervisor, Los Angeles County",3
"Mike Antonovich, Los Angeles County Supervisor",1
"Michael D. Antonovich, Supervisor, Los Angeles County Board of Supervisors",1
"Michael D. Antonovich, Board of Supervisors County of Los Angeles",1
"Michael Antonovich, Supervisor, Los Angeles County",3
"Michael Antonovich, Supervisor",1
"Michael Antonovich, Los Angeles County",1
"Michael Antonovich, Chair, Los Angeles County Board of Supervisors",2
"Miguel Contreras, Executive Secretary Treasurer, LA County Federation of Labor, AFL-CIO",1
Miguel Arias - Fresno City Councilmember,1
Midpeninsula Regional Open Space District Board of Supervisors,4
MidAmerican Energy Holdings (owner of CalEnergy facility in Imperial Valley),1
"Mid-Peninsula Housing Coalition, Olive",1
Michele Kirsch Foundation,1
"Michael Schumacher, Orange County Chief Probation Officer",2
"Michael Schumacher, Chief, Orange County Probation Department",4
"Michael Palmer, Member, California Gambling Control Commission",1
"Michael J. Patterson, Individual",3
"Michael Horn, Professor of Biology, Cal State Fullerton",1
"Michael G. Colantuono, Neufeld, Jaffe, Levin & Colantuono, LLP",1
Michael F. Dillon & Associates Inc. for,1
"Michael D. Bradbury, District Attorney",1
Michael Colantuono,1
Michael B. Montgomery (sponsor of referendum portion),1
"Mia Tegner, Research Marine Biologist, Scripps Institution of Oceanography",4
"Mexican American Political Association, San Fernando Valley Chapter",1
"Mexican American Opportunity Foundation, Isaias Hernandez, Community Development Director & Monica Vargas, Financial Coach",1
Mexican American Opportunity Foundation (MAOF),1
Mexican American Legal Defense and Educational Fund (MALDEF) - 06/06/03,1
Mexican American Legal Defense and Education Fund (MALDEF) - Co-Sponsor,1
Metropolitan Water District: of Southern CA Individual letter,2
Metropolitan Water District of Southern Califoria (7/15/93),1
Metropolitan Water District of So. Cal. (support & amend),1
Metropolitan District of Southern California,2
Metropolitan Transportation Commission of San Francisco Bay Area,2
Metropolitan Community Church: New AB 1677 (Koretz) Hope MCC Santa Rosa,1
Metropolitan Community Church in the|San Francisco Human Rights,1
"Metropolitan Area Advisory Committee on Anti-Poverty, National: City",1
"Metropolitan Area Advisory Committee on Anti-Poverty, National City",1
"Metric Machining, Monrovia, California",2
Metal Finishing Association of California,5
Merry Maids - 23 letters,1
"Mercy Housing, San Francisco",1
Mercury Insurance Group - Sponsor,1
Mercury Insurance - Sponsor,1
Mercury Insurance (Sponsor of Section 3 of the bill),1
Mental Health Division of Contra Costa,1
"Mental Health Board for Sacramento County, Aging Committee",2
Mental Health Asson of Orange County,1
Mental Health Assoc. in Santa Barbara,1
Mental Health Assoc. in Los Angeles County,1
Menorah Park,3
Menlo Park Vice-Mayor Jen Wolosin,1
Menlo Park Vice Mayor Jen Wolosin,2
Menifer Union School District,2
Menifee Valley,4
Mendocino Sheriff's Office,1
Mendocino County Youth Operations SafeHouse (Riverside),1
Mendocino County Treasurer-Tax Collector Shari Schapmire,2
Mendocino County Planning and Implementation,1
Millbrae Fire Fighters Association,1
Merced County Community Action Board,1
"Merced County Association of Realtors, Inc",1
Mental Health America of the Central Valley,1
Orange County Public Law Library Board of Trustees,2
Orange County Prevention of Gun Violence,1
Orange County Multi-Ethnic Behavioral Health,1
Orange County MADD,1
Orange County Korean American Health Information and Education,1
Orange County Fire/Arson Investigators Association,1
"Orange County District Attorney's Office, which",6
Orange County Coalition Population Control,1
Orange County Citizens for the,1
"Orange County Chapter, National Association of Industrial Office Properties",1
Orange County Board of Correctional Supervisors Organization,1
"Orange Council Council, Boy Scouts of America",1
"Orange Coast College, Guardian Scholars/NextUp Program",1
"Orange Co. Division, League of Calif. Cities",1
Oppose.: Allied Insurance,1
Oppose California Taxpayers' Association,1
Opportunity For IndependenceOrganizations of Area,1
Opiant,2
"Operating Engineers International Union, Local 3, Public Employees Division",2
OpenAI,1
Open Beach People's Organic Food Market,1
"One opponent, Consumers Union (CU)",2
One by One Leadership,1
"One Treasure Island, Sherryl Williams, Executive Director",1
Older Women's Police of the City of Signal Hill,1
"Older Women's League, Ohlone/East Bay Chapter",1
Older Adult Services Intervention Systems -- Catholic Charities Outreach,1
Ojai Valley Retired Senior and Volunteer Program,1
Ojai Valley Library Friends and Foundation,3
"Ojai Ambulance, Inc",1
Ohra Corporation,1
Offices of Los Angeles City Mayor Eric Garcetti,1
"Officers Research Association of California, Catherine",1
"Officer of Community Service Learning, San Francisco State University",1
"Office, Marin Abused Womenos Services, Women",1
Office of the State Long-Term Care Ombudsman (the Ombudsman),1
Office of the State LTC Ombudsman states,1
"Office of the San Francisco Mayor, London N. Breed",1
Office of the San Francisco Mayor London N. Breed,1
Office of the President Family Winemakers of California,1
Office of the Orange County Superintendent of,2
"Office of the Mayor of San Francisco, Edwin Lee",1
Office of the Mayor Gavin Newsom,1
Office of the Los Angeles County Sheriff,2
"Office of the Insurance Advisor, State and Consumer: Services Agency",1
the Western States Council of Sheetmetal Workers,1
the San Francisco Bay Area Chapter of the American-Arab Anti - Discrimination Committee,1
the Joseph Matteucci Foundation for Youth Non-Violence,1
the California chapter of the American Society of Metabolic and Bariatric Surgery,1
the California Statewide Law Enforcement Association,1
Mendocino County Librarian,2
Mendocino County AIDS Volunteer Network (MCAVN),1
Mendocino College Nursing Program Director,2
Members of the Center for Energy Efficiency & Renewable Technologies,1
Members of the California Juvenile Traffic Hearing Officers Association,2
Members of the 940th Air Refueling Wing,2
Members of Family Day Care Association of California,1
"Member, State Board of Equalization, District 1",1
"Member, Second District, State Board of Equalization",2
"Member, Fourth District, State Board of Equalization",1
"Member, First District, State Board of Equalization",2
"Member, Community Board, Northridge Hospital Medical Center",1
"Member, Board of Directors, Hallwood Irrigation District",1
Member Sonoma County Area Agency on Aging Advisory Council,1
Megan Beaman-Jacinto - Coachella City Councilmember,1
"Medical Students for Choice, USC chapter",2
"Medical Oncology Association of Southern California, Inc. (MOSAC)",1
Medical Board of California and,4
Medical Board of California One individual,1
Medical Board of California (prior version),1
Medical Board of California (in concept),1
Medical Board of California (MBC) writes,1
Medical Board of California (MBC) also,1
Medical Board of California (MBC - sponsor),1
Medical Board of California (MBC - co-sponsor),1
Medical Board of California (MBC - co-sponsor,1
Medical Board of California (In Concept),1
Medical Board of California (5/30/00),1
Medi-Cal CBO coalition CBO Medi-Cal Coalition,1
Medi-Cal CBO coalition (sponsor) CBO Medi-Cal Coalition,2
Mechanical Contractors Council of Central CA,1
"Meals on Wheels California, INC",2
Meals on Wheels California (UNREG),1
Meals on Wheels - Santa Maria Valley,2
"McElroy, Most Reverend Robert W., Auxiliary Bishop of San Francisco",4
"McAlister Institute Treatment and education, Inc",1
"McAlister Institute Treatment and Education, Inc",1
Mayors of the Cities of Carmel-by-the-Sea,1
Mayor of the City of Taft,1
Mayor of the City of Pomona,2
Mayor of the City of Inglewood,1
Mayor of the City of El Monte,2
Mayor of the City of Concord,4
Mayor of the City of Chico,1
Mayor of West Covina Ben Wong,4
"Mayor of Stockton, Kevin Lincoln",1
Mayor of Sonoma,1
"Mayor of Santa Cruz, Martine Watkins",1
Mayor of Santa Cruz,1
"Mayor of Santa Clara, Lisa Gillmor",1
"Mayor of Santa Barbara, Helene Schneider",1
"Mayor of Santa Ana, Vicente Sarmiento",1
Mayor of San Leandro,4
Mayor of San Jacinto,2
"Mayor of San Francisco, Edwin M. Lee",1
"Mayor of San Diego, Todd Gloria",1
Mayor of San Clemente,5
Mayor of Sacramento,3
"Mayor of Ridgecrest, Daniel Clark",1
Mayor of Redondo Beach,5
Mayor of Redlands,5
Mayor of Rancho Cucamonga,1
Mayor of Pomona,2
Mayor of Pasadena,5
Mayor of Oxnard,2
Mayor of Norwalk,5
Mayor of National City,2
"Mayor of Los Angeles, Antonio R. Villaraigosa",2
Mayor of Lancaster,1
Mayor of Irvine Christina L. Shea,1
Mayor of Hesperia,5
Mayor of Fresno,2
Mayor of East Palo Alto,2
Mayor of Del Rey Oaks,1
"Mayor of Daly City, Glenn R. Sylvester",1
"Mayor of Costa Mesa, Gary Monahan",1
Mayor of Coachella Steven A. Hernández (or is it City of Coachella),1
Mayor of Clovis,1
"Mayor of City of San Jose, Sam Liccardo",2
"Mayor of City of Los Angeles, Eric Garcetti",2
Mayor of City of Los Angeles Eric Garcetti,1
Mayor of City of Long Beach Robert Garcia,2
"Mayor of Chula Vista, Mary Casillas Salas",1
Mayor of Chino Hills,5
Mayor of Canyon Lake,5
Mayor of Berkeley,4
Mayor Yvonne Parks (Desert Hot Springs),1
"Mayor Willie Brown, City and County of San Francisco",4
Mayor Victor M. Gordo,1
"Mayor Trevor Evans-Young, Hercules",3
"Mayor Tom Butt, Richmond",1
Mayor Tom Butt - City of Richmond,1
"Mayor Tom Bates, Berkeley",3
Mayor Todd Gloria - City of San Diego,1
"Mayor Susan Golding, San Diego",1
Mayor Susan Golding (San Diego),1
"Mayor Sue Himmelrich, Santa Monica",1
"Mayor Sam Liccardo, San Jose",2
"Mayor Ronald O. Loveridge, Riverside",2
"Mayor Rick DeGolia, Town of Atherton",1
Mayor Rick Bonilla City of San Mateo,2
"Mayor Richard Riordan, Los Angeles",1
Mayor and Sacramento City Council,1
Mayor and City of Santa Monica,3
Mayor and City Council of the City of Sacramento,9
Mayor and City Council of Rancho Palos Verdes,1
Men's Health Network,2
Members of Gold Coast Child Care Association,1
Member of South San Franciso Friends of the Library,2
McHenry House for the Homeless,1
the California Department of Insurance (CDI),1
the Alexis Group,1
the Advancement of Colored People (CANAACP),1
"Mayor Pauline Cutter, San Leandro",1
Mayor Patrick J. Furey,1
Mayor Paloma Aguirre - City of Imperial Beach,2
"Mayor Michael Vargas, Perris",1
"Mayor Matt Mahan, Mayor of San Jos",1
Mayor Matt Mahan - City of San Jos,1
Mayor Mary Teresa Sessom,1
Mayor Marty Blum of the City of Santa Barbara,3
"Mayor Mark Green, Union City",2
"Mayor London N. Breed, City and County of San Francisco",2
Mayor Libby Schaaf and the City of Oakland,2
"Mayor Kathleen J. DeRosa, Cathedral City",1
Mayor Karen Goh,1
"Mayor Julian A. Gold, M.D",1
Mayor Julian A. Gold,1
Mayor John Bauters City of Emeryville,2
Mayor Joe Serna,1
Mayor Jesse Arreguín,1
"Mayor Jerry Sanders, City San Diego",2
Mayor Jen Wolosin City of Menlo Park,1
Mayor Jean Quan - City of Oakland,1
Mayor Harvey L. Hall,1
"Mayor Gayle McLaughlin, Richmond",1
"Mayor Eric Garcetti, Mayor of Los Angeles",1
"Mayor Eric Garcetti, City of Los Angeles",114
Mayor Eric Garcetti of Los Angeles,1
Mayor Emily Reilly of Santa Cruz,1
"Mayor Elihu Harris, Oakland",1
"Mayor Edwin M. Lee, City & County of San Francisco",1
Mayor Edwin M. Lee of the City and County of San Francisco,2
"Mayor Edwin Lee, City and County of San Francisco",1
"Mayor Edwin Lee, City & County of San Francisco",1
Mayor Edwin Lee,1
"Mayor Dick Murphy, San Diego",3
"Mayor David Potter, Carmel By-the-sea",1
"Mayor Chance Cutrano, Town of Fairfax",2
"Mayor Candace Haggard, San Clemente",1
Mayor Bob Foster,1
"Mayor Ariston Julian, Guadalupe",1
Mayor Antonio Villaragosa,1
Mayor Acquanetta Warren,1
Maurice Johannessen AMVETS Post 4,3
"Matt Fong, State Treasurer of California",1
Materials International,2
"Materials Association of California, Enterprise",1
Matched CareGivers Continuous Care - 3 letters,1
Matanzas Creek Winery ( Sandra and Bill MacIver),1
"Masters and Port Captains, California",1
Master machine Products,1
"Master Machine Products, Monrovia, California",2
Master Florists' Assoc,1
"Mason Contractors Exchange of Southern CA, Inc",1
Marygold,1
Mary Bedard,1
"Marty Block, Trustee, San Diego Community College District",3
"Marty Block, President, San Diego Community College District",1
"Marti Emerald, State Building and Trades Council",1
"Marti Emerald, San Diego 9th District Councilmember",2
"Marti Emerald, 7th Dist",1
Marriott International [PRINCIPAL SPONSOR,1
Marriott AB 641 (Monta?ez) Vacation Club International,1
Marriot Courtyard in Larkspur General Manager Sam Pahlavan,1
"Mark Lewis, Mayor City of El Cajon",1
"Mark Farrell, Mayor, City and County of San Francisco",2
"Mariposa, County of",1
Masonry Institute of CA,1
Mariposa County Assessor-Recorder Gary Estep,1
Marine Science Department Orange Coast College,1
Marine Corps Reserve Association,1
Marine Corps Installations West- Sponsor,1
Marin Womenos Commission,2
Marin Institute for the Prevention of Alcohol & Other Drug: Problems,1
Marin Institute for the Prevention of Alcohol & Other Drug Problems,2
Marin Health Care District Board,2
"Marin County Superintendent of Schools, Mary Jane Burke",1
Marin County Health & Human Services,2
MatchBridge,1
Mariposa County District Attorney's Office,1
"Marine Corps League, Antelope Valley Det. 930",2
Marin County DA,1
Marin County Child Protective Services,1
"Marin County Assessor, Joan C. Thayer",1
Marin Convention & Visitors Bureau,1
Marin Building and Construction Trades Council,1
Marin AB 1264 (Benoit) Builders' Exchange,1
"Marilyn Standifer Shreve, Past President, California State: Board of Pharmacy",1
Marianne Rufty-Former Executive Director of U.S. Commission on Child and Family Welfare,1
"Marianne Rufty, Former Executive Director of the U.S. Commission on Child and Family Welfare",1
"Marian Wolfe, Housing Advisory Commissioner",1
"Marian Bergeson, Former State Senator, AARP",2
Mariachi Scholarship Foundation,2
"Margaret Connell, Mayor",1
"Marcus Conant, M.D",1
"Marc Snyder, MD, San Francisco",1
Mape's Ranch,1
Manor Bowl,2
Manhatten Beach,1
Manhattan Beach Unified School District (Los Angeles County),2
"Manchester Community Technologies, Inc",2
Manalive Violence Prevention and Community Advocacy Training Institute,1
Mamava,2
Malibu Coast Land Conservancy,1
Malibu City Councilmember Mike Pierson,1
"Malia Cohen, Member, California State Board of Equalization",1
Major General Lehnert-Commanding General of Marine Corps Installation West,1
Major General Lehnert - Commanding General of Marine Corps Installation,2
"Major General Lehnert (Marines - Commander, Marine Corps Installations West)",4
Mailbu,1
Maid to Order,6
"Madera, County of",5
Madera Unified School District Dept. of SB 650 (Karnette) Public Safety and Security,1
Madera Service,1
Madera County Supervisor Rick Farinelli,1
Madera County Clerk-Recorder and Registrar of Voters Rebecca Martinez,1
"Madera County Board Supervisor, Rick Farinelli, District III",2
Madera County Agricultural Commissioner,3
Macias & Associates,4
Machinists Automotive Trades District Lodge 190 of Northern California,7
MTM Motor Transport Museum,1
MS Management Services,3
MHSOAC additionally,1
"MGEN Paul D. Monroe, Jr., The Adjutant General, California Military Department",2
"MG William Gourley, United States Army, Retired, Chair of the Fort Ord: Area Military Retiree Council",3
"MEChA, San Diego State University Chapter",1
MB- Technology,1
MANALIVE (Men Allied Nationally Against Living In Violent Environments),2
"MALDEF, Mexican American Legal Defense and Educational Fund, Claudia",3
MACC Project,2
M.D. California Legislative Black Caucus Wendy Bloom,2
"M. Margaret Knudson, M.D., Professor of Surgery, University: of California, San Francisco",2
"M. Margaret Knudson, M.D., Professor of Surgery, University of California, San Francisco",1
"Lynwood Unified School District, Office of the Superintendent",2
Lynwood Mayor Fernando Pedroza,5
Lynnwood,1
"Lynette Sonne, granddaughter",1
Lutheran Church of the Master (West Los Angeles),1
"Lutheran Church -: Holy Redeemer, San Jose",1
"Lucy Martin, Mayor of City of Calabasas",1
Lt. Gov. Cruz M. Bustamante,4
Low-Income Families' Empowerment through Education (LIFEtimeE),1
Low-Income Families' Empowerment through Education (LIFETIME),2
Low-Income Families' Empowerment through,1
Low-Income Families Empowerment through Education (LIFETIME),2
Low-Income Familie4s' Empowerment through Education (LIFETIME),1
Louis Calcagno Monterey County Board of Supervisor,1
Lotus Medical Career College,2
Los SCA 16 (Runner and Alarcon) Angeles County Hispanic Managers Association,1
Los SB 57 (Alarcon) Angeles Free Clinic,1
Los SB 1242 (Brulte) Gatos/Monte Sereno Police Department,1
Los Rios Community College District (sponsor of funeral embalming language),1
Los Rios Community College District (6/13/06),1
Los Osos Community Services Districts and Sewers,2
Los Medanos College Professional Development Advisory Committee,2
Los Gatos Unitarian Fellowship Affordable Housing Committee,1
Los Cerritos YMCA,2
Los Angles Unified School District Lincoln/Wilson cluster No. 13,2
Los Angles Mayor Eric Garcetti,2
"Los Angles County Probation Officers Union, AFSCME, local 685",1
Los Angles County Department of Children & Family Services: Kinship Advisory Council,1
Los Angeles/Orange County Biotechnology Center at Pasadena City,1
Los Angeles/Orange County Biotechnology Center at Pasadena,3
Los Angeles-San Diego-San Luis Obispo Rail Corridor (support in concept),1
"Los Angeles, County Of",1
"Los Angeles, AFL-CIO",4
"Los Angeles World Airports, Board of Airport Commissioners",1
Los Angeles Valley College Community Relations Foundation,1
Los Angeles Unified School Group,5
Los Angeles Unified School Districts (Seek amendment),1
Los Angeles Unified School District/AmeriLiterary Program,1
"Los Angeles Unified School District, the sponsor of the bill",1
"Los Angeles Unified School District, District 5 Board Member",2
"Los Angeles Unified School District, Board President Jose PageE Huizar",1
"Los Angeles Unified School District, Board President Jose Huizar",3
"Los Angeles Unified School District, Board Member, Bennett Kayser",1
Los Angeles Unified School District's Commission for Sex Equity,1
Los Angeles Unified School District and the,2
Los Angeles Unified School District Trustees Monica Garcia and Nury,1
Los Angeles Unified School District Trustees Monica Garcia & Nury Martinez,1
"Los Angeles Unified School District Superintendent, Michelle King",1
Los Angeles Unified School District Superintendent Deasy's office,3
Los Angeles Unified School District School Board Member Nury Martinez,3
Los Angeles Unified School District Board Member Nury Martinez,1
Los Angeles Unified School District Board Member Marguerite,2
Los Angeles Unified School District Board Member Jose Huizar,7
"Los Angeles Unified School District Board Member District 3, Scott M. Schmerelson",1
Los Angeles Unified School District (with recommended amendments),1
Los Angeles Unified School District (with,1
Los Angeles Unified School District (previous version),1
Los Angeles Unified School District (Los Angeles Unified),1
Los Angeles Unified School District (And amend),1
"Los Angeles Turf Club, Incorporated (LATC)",1
Los Angeles Times Editorial (3/3/93),1
Los Angeles Taxpayers Association (9/12/97),1
Los Angeles Supervisor Michael Antonovich,2
"Los Angeles Superior Court, Juvenile Division, Hon",4
Los Angeles SPCA/SCHS,1
"Los Angeles Regional Family Planning Council, Inc., Western Area (CHECK THIS|||)",2
Los Angeles Rape Foundation,2
Los Angeles Protective League (2/14/2014 version),1
"Los Angeles Probation Officers' Union, AFSCME Local 685 -Co-sponsor",1
"Los Angeles Probation Officer's Union, AFSCME Local 685",1
"Los Angeles Probation Department Union, AFSCME, Local 685 (original version)",1
Los Angeles Police Protective League and Association for,6
Los Angeles Metropolitan Transportation Authority (support work with,1
Los Angeles Mayoros Task Force on Gun Violence,8
"Los Angeles Mayor, Eric Garett",1
Los Angeles Mayor's Task Force on Gun Violence,2
Los Angeles Mayor Villaraigosa,2
Los Angeles Mayor Riordan,2
Los Angeles Leadership Council of Aging,2
Los Angeles LGBT Center (cosponsors),1
Los Angeles International Airport Advisory Committee,1
Los Angeles Inner City Culturalcenter,1
Los Angeles Inner City CulturalCenter,1
Los Angeles House of Ruth,1
Los Angeles Home Loan Counseling Center,1
Los Angeles General Services Police Officers' Association,1
Los Angeles Gay and Lesbian Center (prior version),1
Los Angeles Gay & Lesbian Center |County,1
Los Angeles Gateway Region,5
Los Angeles Gateway Authority,1
Los Angeles Eye Institute,2
Los Angeles Electric Co,1
Los Angeles District Attorneys General's Office,1
"Los Angeles District Attorneyos Office, County of",1
Los Angeles District Attorneyos Office (in principle),1
"Los Angeles District Attorney George Gascón, the bill's sponsor",1
"Los Angeles Deputy Sheriffs Association (with proposed City of Westminster v. County of Orange (1988) 204 Cal.App.3d 623, review denied",1
Los Angeles County/Department of Agricultural Commissioner,1
"Los Angeles County, which",2
Los Angeles County probation Officers Union AFSME-Local 685,1
"Los Angeles County and Special district Employees: - Local 660, SEIU, AFL-CIO",1
Los Angeles County Supervisor Hilda L. Solis,1
Los Angeles County Sheriff's Department Crime Laboratory Director,3
Los Angeles County Sanitation Districts writes,2
Los Angeles County Registrar-Recorder/County Clerk,4
Los Angeles County Registrar Recorder/County Clerk,8
Los Angeles County Register-Recorder/County Clerk (prior version),1
Los Angeles County Public Defender Michael Judge,2
Los Angeles County Probation Department Union/AFSCME: Local 685,2
Los Angeles County Perinatal Mental Health Task Force American,2
"Los Angeles County Office of the District Attorney, Bureau of",1
Los Angeles County Office of Education: GOVERNOR'S VETO MESSAGE,1
Los Angeles County Museum of Natural History Foundation,2
Los Angeles County Municipal Court Judges' Assn,1
Los Angeles County Inter-Agency Council on,1
Los Angeles County Integrated Management Committee,1
Los Angeles County Hispanic Employees Assoc,1
Los Angeles County Emergency Medical Services (EMS) Agency,1
"Los Angeles County District Attorney's Office, Sacramento Legislative Office",3
"Los Angeles County District Attorney's Office, Sacramento Legislative",1
"Los Angeles County District Attorney's Office, District Attorney Jackie",1
Los Angeles County District Attorney's Office and Los Angeles,2
Los Angeles County District Attorney's AB 1826 (Bogh) Office,1
Los Angeles County District Attorney and,4
"Los Angeles County District Attorney Jackie Lacey, the bill's",1
Los Angeles County District Attorney (on behalf of the,1
Los Angeles County District Attorney (Support in Principle),1
Los Angeles County Dept. of Children and Family Services,2
"Los Angeles County Department of Health Services, Injury and Violence Prevention",2
Los Angeles County Department of Health Services (with,1
Los Angeles County Cosmetology Apprenticeship Council (apparently a private organization not affiliated with Los Angeles County),1
Los Angeles County Coroner,5
Los AB 2224 (Kuehl) Angeles County District Attorneyos Office,1
Los AB 150 (Reyes) PageB Angeles District Attorney,1
Los (Hertzberg) District Attorney,1
Lookup,4
"Loni Hancock, Mayor of the City of Berkeley",1
Long Term Care Ombudsman Association of San Luis Obispo County,1
Long Term Care Ombudsman & Health Insurance Counseling & Advocacy Services of Northern California,1
Long Beach Peace Officers Ass'n,1
Long Beach Councilwoman Suzie A. Price,1
Long Beach Collective Association (LBCA),1
Long Beach City Councilmember Suja Lowenthal,2
Long -Term Care Ombudsman Program for Santa Cruz and San Benito: Counties,1
"London N. Breed, Mayor of the City and County of San Francisco",1
"London Breed, Mayor",1
"Loma Linda University, Department of Speech-Language Pathology and Audiology",1
Loma Linda University Medical Center (8/20/02),1
Loma Linda University Health (previous version),1
Lockheed Martin Missals & Space - co-sponsor,1
Local Union 1245,3
Local Initiative Support Corporation,2
Local Agency Formation Commission of Napa County (support in concept),1
Local 792 Orange County Professional Firefighters Association,1
Local 724,1
Local 700,2
Local 399 Hospital & Service Employees Union (SEIU - AFL-CIO),1
Local 3930,3
Local 3299 United Nurses of California/Union of Health Care Professionals,1
Local 2700 International Federation of Professional and Technical Engineers,2
Local 2620 National Association of Social Worker,1
Local 2620,2
Local 230 Santa Cruz City Firefighters,1
Local 2 Hotel Employees and Restaurant Employees Union,2
"Local 1902, Employees of the Metropolitan Water District of Los Angeles",6
"Local 11, Los Angeles, Maria Elena Durazo, President",1
Living and SEIU-United Long-Term Care Workers' Union (sponsors),1
Living Allergic,3
Livermore Valley Joint Unified School District Superintendent,1
Livermore Heritage Guild local historical,1
"Live Oak Family resource Center (Santa Cruz, CA)",1
"Live Oak Family Resource Center, Santa Cruz",1
"Little Tokyo Service Center, Dean Matsubayashi, Executive Director",1
Little Tokyo Service Center Community Development Corp. (LTSC CDC),2
Little Hoover Commission (as of 3/22/95),1
Little Hoover Commission (as introduced),1
Little Hoover Commission (all provisions of the bill),1
Lit Thinking,2
Lisa Gauthier - Mayor of East Palo Alto,1
Linli Travel (this letter is signed by eight individuals),1
Lindsay Department of Public Safety,3
"Linda Fernandez, Vocational Instructor, Pleasant Valley: State Prison",1
Light for Life Foundation of Southern California/Yellow Ribbon,1
Life after Divorce is Eventually Sane (LADIES),2
"Life Skills Training and Educational Programs, Fair Oaks",1
Life Skills Training and Educational Program (LifeSTEPS),1
"Lieutenant Governor, State of California, Cruz M. Bustamante",2
"Lieutenant Governor, State of California, Cruz Bustamante",3
Lieutenant Governor Garamendi,1
Lieutenant Governor Cruz Bustamonte,6
"Libreria Del Pueblo, Inc., Board of Directors",1
"Life Support Alliance, Rancho Cordova",1
Levee District 1 of Sutter County,2
"Les Weidman, Stanislaus County Sheriff",1
Lorraine Thomas Amador County Animal Shelter,1
Long Beach Community Services Development Corporation,1
Londen Insurance Group,2
Local 372 San Jose Fire Fighters,2
Local 1716 Union City Firefighters,1
Local 1165 Union City Firefighters,1
Lift Love Family Services,2
LifeHouse Health Services,1
"Life Insurance Buyers, Overland Park, KS",2
Los Angeles County Child Care Planning,1
Los Angeles County Chicano Employees Assoc,1
Los Angeles County Chapter of the American Council of Engineering Companies of California,3
"Los Angeles County Board of Supervisors, sponsor of this measure",1
"Los Angeles County Board of Supervisors, co-sponsor of this measure",1
Los Angeles County Board of Supervisors [Board,1
Los Angeles County Board of Supervisors Members,2
Los Angeles County Board of Supervisors Co-sponsor,1
Los Angeles County Board of Supervisors - sponsor,1
Los Angeles County Board of Supervisors (disputes resolution process),2
Los Angeles County Board of Supervisors (and is requesting amendment set out in,1
Los Angeles County Bar Association Barristers Domestic Violence Project,1
Los Angeles County Assessor Rick Auerbach,1
"Los Angeles County Alcohol, Tobacco & Other Drug Policy: Coalition",1
"Los Angeles County Alcohol, Tobacco & Other Drug Policy Coalition",2
Los Angeles County Agricultural Commissioner/Director of Weights & Measures,3
Los Angeles County (Rogan),1
"Los Angeles Country Federation of Labor, AFL-CIO",2
"Los Angeles Councilmember Steven Neal, 9th District",3
Los Angeles Councilmember Ruth Galanter,4
Los Angeles Councilmember Paul Krekorian,2
Los Angeles Councilmember Antonio Villaraigosa,5
Los Angeles Commission on HIV Health Services,2
Los Angeles Commission on Assaults on Women,1
Los Angeles Commission on Assaults Against Women (2 letters from different individuals),1
Los Angeles Comm'n for Children and Families,2
Los Angeles Collaborative Family Law Association (LACFLA),1
"Los Angeles Co. Probation Dept. Union, AFSCME, Local 685",1
Los Angeles City/County Native American Indian Commission stated,1
Los Angeles City/ County Native American Indian Commission,1
Los Angeles City Mayor Karen Bass,2
Los Angeles City Mayor Eric Garcetti,1
Los Angeles City Historical Society,2
Los Angeles City Councilmember Mitchell Englander,4
Los Angeles City Councilmember Mitch O'farrell,1
Los Angeles City Councilman Jose Huizar,2
Los Angeles City Councilman Joe Buscaino,2
"Los Angeles City Council, Office of Chief Legislative Analyst",1
Los Angeles City Council Member Ruth Galanter,2
"Los Angeles City Commission for Children, Youth and Their AB 235 (Kuehl) Families",1
Los Angeles City College CAFYES program,4
Los Angeles City College CAFYES Program,1
Los Angeles City Attorney and the California,2
Los Angeles City Archives,2
Los Angeles Chapter Juvenile Court Judges of California,2
"Los Angeles Business Source, East Los Angeles Region",1
Los Angeles Asian and Pacific Film Festival,1
Los Angeles Area of Chamber of Commerce,1
"Los Angeles Alcohol, Tobacco and Other Drugs Policy Coalition",1
Los Angeles Airport Police Command Officers' Association,1
Los Angeles Affiliate of the National Association of Counsel for Children to help ensure greater coordination of separate dependency proceedings involving siblings,4
Los Angeles Affiliate of the National Association of Counsel for Children (LANACC),1
Los Angeles Affiliate of the National Association of Counsel for Children (LA-NACC),6
Los Angeles Affiliate of the National Association of Counsel,3
Los AB 2238 (Dickerson) Angeles County Bar Association,1
"Leonard Blandina Insurance Agency, Chatsworth",1
Lenders for Community Development - San Jose,1
Lemon Grove Mayor Mary Teresa Sessom,1
Lehigh Hanson Heidelberg cement Group,4
Legislative Screening Committee of the California Federation of Business and Professional Women,1
Legislation Screening Committee of the California Federation of Business and Professional Women,2
Legislation Consortium,1
Legislation Committee of the Los Angeles Municipal Court Judges Association,1
Legal of California,1
Legal Services of Northern CA on behalf of the Avondale-Glen Neighborhood Assoc,1
Legal Services of Northern CA on behalf of the Avondale-Glen,3
Legal Services for Prisoners with Resistance,1
"Legal Services for Children, Inc. Unknown",1
Legal Services Program for Pasadena and San Gabriel-Pomona Valley,1
Legal Police Chiefs Association,1
Legal Enforcement Action Partnership,2
Legal Center Health Insurance Counseling and Advocacy Program,1
Legal Aid Society-Employment Law Center - Sponsor,1
Legal Aid Foundation of LA,1
"Legal Advocates for Children and Youth, a program of the Law Foundation of Silicon Valley",2
"Lee's Enterprise, Northridge, California",2
Leagues of California,1
League of Women Voters of California: Secretary of State,1
League of Women Voters of California (cosource),1
League of Women Voters of California (04/21/14 version),1
"League of United Latin American Citizens (LULAC) Councils 3122, 3036 and",1
"League of United Latin American Citizens (LULAC) (April 2, 2009 version)",1
League of Latin American Citizens (LULAC),1
"League of California Cities, sponsor of this measure",1
League of California Cities Fire Chiefs Department,3
League of California Cities (unless amended),1
League of California Cities (previous version),1
League of California Cities (in concept) (prior version),1
League of California Cities (earlier version),1
League of California Cities (as introduced),1
League of Calif. Cities,1
League of CA Cities Note,1
Leading Scientists (23 Individuals),1
"Leadership through Empowerment, Action, and Dialogue Inc",2
Lawyers' Committee for Civil Rights of The San Francisco Bay Area (prior version),1
Lawyers Mutual Insurance Company - Sponsor,1
"Lawyer's Committee for Civil Rights, San Francisco",2
"Lawyer's Committee for Civil Rights of the San Francisco Bay Area (LCCR) (April 2, 2009 version)",1
Lawyer's Committee for Civil Rights of the San Francisco Bay,4
Lawyer's Committee for Civil Rights of the SF Bay Area,1
Lawyer's Committee for Civil Rights (sponsor of immigration,1
Laws (NORML),1
Laws (NCCUSL),2
"Lawrence Tractor Company: Visalia, CA, Hanford, CA, Tipton, CA",2
Lawrence Tractor Co. (Tulare and Kings),1
Lawrence Stone,1
Lawrence Manion,1
"Law offices of Joseph W. Carroll, P.C",1
Law offices of Barger and Wolen,1
"Law offices of Abdulaziz, Grossbart, and Rudman",1
"Law offices of Abdulaziz, Grossbart and Rudman",1
Leadership Counsel for Justice,1
Lawndale Federation of Classified Employees - Local 4529,4
"In support, Valley Clean Air Now",1
"In support of this measure, Generation Citizen",1
"In support of the bill, the Veterans Legal Institute",1
"In support of the bill, the San Diego County District Attorney",1
"In support of the bill, the Cigar Association of America",1
"In support of the bill, Root & Rebound",1
"In support of the bill, General Atomics",1
Imperial County Medical Society (4/17/23 version),1
Immigrant Legal Resource Center (per author's office),1
"In their sponsor letter, PORAC",1
"In support, the Peace Officers Research Association of California (PORAC)",1
"In support, the National Association of Women Business Owners (NAWBO) California",2
"In support, the Institute for Responsive Government Action",1
"In support, the Harvard Jarvis Taxpayers Association",1
"In support, the Drug Policy Alliance",1
"In support, the Coalition for Humane Immigrant Rights (CHIRLA)",1
"In support, the Civil Justice Association of California",1
"In support, the Catholic Conference",2
"In support, the California Public Defenders Association, who",2
"In support, the California Professional Firefighters",1
"In support, the California Construction and Industrial Materials Association",1
"In support, the Brennan Center for Justice",1
"In support, the Association of Clerks and Election Officials",1
"In support, the American Civil Liberties Union California Action",1
"In support, the American Academy of Pediatrics (AAP)",1
"In support, Meyer Properties",1
"In support, Los Angeles Dependency Lawyers",2
"In support, Disability Rights California",1
In support the New Car Dealers Association,2
In support the California Electric Transportation Coalition,2
"In support of this measure, the bill's sponsor the California Association of Legal Document Assistants",1
"In support of this measure, the Longboard Girls Crew",2
"In support of this measure, the California Teachers Association",1
In support of this measure the Service Employees International Union,2
"In support of the measure, the Electrical Vehicle Charging Association",1
"In support of the measure, the County of Riverside",1
In support of the measure the California State Sheriffs' Association,1
"In support of the bill, the Service Employees International Union (SEIU California)",1
"In support of the bill, the Santa Ynez Band of Chumash Indians",1
"In support of the bill, the Personal Insurance Federation of California",1
"In support of the bill, the Children's Advocacy Institute",1
"In support of the bill, the California Medical Association",1
"In support of the bill, the American Society for the Prevention",1
"In support of the bill, the Academy of California Adoption-ART Lawyers (ACAL)",1
"In support of the bill, Notarize",1
In support of the bill the SEIU,1
In support of the bill the California State Association of Counties,1
In support of the bill the California Association of Nonprofits,1
"In support of AB 723, Consumer Federation of California",1
In support Asian Americans Advancing Justice-California,1
"In particular, TEXCOM",4
"In part, the California Federation of Interpreters, Local 39000",1
"In part, part, the California Federation of Interpreters, Local 39000",1
"In California, the State Treasurer's Office (STO)",2
"Improving Dreams, Equity, Access and Success at San Francisco State (I.D.E.A.S SFSU)",1
Improved Court Access and Reform for Elders and Dependent: Adults,1
Improve Your Tomorrow (IYT),1
"Imperial, County of",1
"Imperial, City of",1
Imperial Valley Equity and Justice Coalition (4/17/23 version),1
Imperial County Veterans Service Officer,1
Imperial County Public Health Department (prior version),1
"Imperial Beach, City Of",1
"Impact, California Interfaith Partnership for",1
Immigration Task Force of California Nevada Annual Conference of the United Methodist Church,1
Immigrant Rights & Civil Rights:: 605 Citizenship Project,4
Immigrant Legal Services,1
"Illece Buckley, Mayor of City of Agoura Hills",1
Ignacio de La Fuente - City Councilman Oakland,1
"Ignacio De La Fuente, President of the Oakland City Council",2
INC. Western Center on Law & Poverty,1
INC. Rural County Representatives of California (RCRC),1
INC. Neutron Holdings,1
INC. National Association of Social Workers,2
INC. Hotel Employees and Restaurant Employees Union,1
INC. (dba Food4Less and Rancho San Miguel),1
INC National Association of Social Workers,1
IMPACT (Independently Merging Parent Associations of California - Together for deaf and hard of hearing children),1
IID pilot: Association for Los Angeles Deputy Sheriffs,1
IHSS providers,1
IBEW Local 551 (prior version),1
IBEW Local 340 (prior version),1
In support the Electric Vehicle Association Sacramento Chapter,1
In support of this measure the County Recorders' Association of California,1
Imperial County Film Commission,1
Idyllwild Forest Health Project,2
"ISG Integrated Property Services Group, Inc (located in Valencia)",1
"IPP - Independent Power Providers, North Fork",1
"LAUSD Board Member District 3, Scott M. Schmerelson",3
LAO report,2
"LACES - Linking Action, Commitment and Education for Solidarity",2
LACERA,1
LAC+USC Violence Intervention Program,2
"LAANE (LA Alliance for a New Economy)¸ James Elmendorf, Deputy Director",1
LA Red Network of Family Child Care Providers,2
"LA Probation Department Union, AFSCME",1
LA Galaxy/LA Galaxy Foundation,1
LA County/Department of Agricultural Commissioner,1
LA County Solid Waste Management |Inc,2
LA County Professional Peace Officers,1
LA County Inter-Agency Council on Child Abuse and Neglect,2
LA County Board of Supervisor Hilda Solis,3
LA City Council (12-0),1
L.A. Office Consumer Affairs,1
L.A. Municipal Court Judge Stephen A. Marcus,1
"L.A. Mayor Antonio Villaraigosa states, ""In 2008 there were",1
L.A. LINK (L.A. Regional Tobacco Control Community Linkage Project),1
L.A. Education Partnership,2
L.A. County Probation (Alpert),1
L.A. County Bicycle Coalition,1
L.A. County Agricultural Commissioner/Director of Weights and Measures,1
L.A. Co. Probation Officers Union,1
L.A. Affiliate of the National Association of Counsel for,1
Kung Fu Records,2
"Kramer Translation, small business",2
"Kraeger Machine Tool Corporation, Redwood City, California",2
Kounkuey,1
Korean-American Federation of LA,2
"Korean War Veterans Association, Northern California Chapter 1",2
Korean Subcommittee of the LA Mayor's Office of International Trade,1
Korean Drycleaners-Laundry Association (on its own behalf and on behalf of 235 businesses),1
"Korean American Coalition, San Francisco/Bay Area Chapter",1
"Koinonia Family Services, Gardena office",1
Kodak,5
"Knights of Columbus, Council No. 11137",2
Kirkwood Meadows Public Utility District,1
Kinship Advisory Council of Los Angeles,1
Kings County Recorder,2
Kings Community Organization,1
Kings Community Action Organization Domestic Violence Prevention Program,1
King Kelly (business,1
Kidsafe,2
Kidango -co-sponsor,1
"Kern, Inyo & Mono counties Sheet Metal and Air Conditioning Contractors",1
"Kern, Inyo & Mono Counties Sheet Metal and Air Conditioning Contractors",2
Kern County Taxpayers Association (KernTax),2
Kern County Superintendent of School Christine Lizardi,2
Kern County Superintendent of District,1
"Kern County Housing Authority, which",2
"Kern County Department of Public Health, Nursing",1
Kern County Chief Law Enforcement Officers Association,1
Kern County Chapter of National electrical contractors Assn,1
Kern County Board of Supervisors writes,2
Kern County Area Agency on Aging,1
Kentucky Circuit Court Clerks Trust for Life (Organ Donor Awareness Program),1
"Kenneth Hunter, Jr., The Hunter Living Trust",2
Kennedy Ranch,4
"Ken County Neighbors for Quality Air, Water and Growth",1
Law Offices of Ronald E. Champoux,1
"Law Office of Endeman, Lincoln, Turek & Heater, San Diego",1
"Law Enforcement Alliance of America (Falls Church, VA)",1
Law Enforcement Action Project,1
Law American Fathers Coalition,1
Law (CURFFL) Review Committee,2
"Laurin Associates, Sacramento",1
"Laura J. Esserman, M.D., UCSF/Mt. Zion Breast Care Center",1
Latinos for a Secure Retirement (LSR),1
"Latina/o Lesbian, Gay, Bisexual, Transgender Organization of California",4
Lassen County Clerk,1
Las Virgenes Unified School District Superintendent,1
"Larry Todd, Chief of the Los Gatos Police Department",1
Larry Stone California Assessors' Association,1
"Larry Smith, Sheriff, Riverside County",1
"Larry J. Todd, Chief of Police, Los Gatos Police Department",1
"Larry J. Shaw, Chief of Police, Brentwood Police Department",1
Landfill Alternative Save Environmental,1
Lamda Letters Project (prior version),1
Lake County Sheriffs' Department,1
"Lake County Sheriff's Department, Lakeport, Calif",3
Lake County Citizen's Committee on Indian Affairs/ Hinthil,1
Ladbroke Racing Corporation/Pacific Racing Association,2
Ladbroke Racing Association/Pacific Racing Association,5
Laborers' Locals 777 &792,1
Laborers' Local's 777 &792,1
Laborers' Int'l Union of North America Local 777 & 792,1
Laborers Local 724 Studio Utility Employees,2
Laborers Local 724 - Studio Utility Employees,1
"Laborer's, Local 777",5
Laborer's Local 777,2
Labor and Delivery Nurses at 47 California hospitals,1
Labor and Delivery Nurses at 47 California hospital,3
Labor Local 777 and 792,1
"La Mesa, City Of",1
"La Clinica De La Raa, Inc., Fruitvale Health",1
La Canada Air Conditioning Inc,1
LIUNA Local 777: LIUNA Local 792,1
LIFT - Los Angeles,2
LAX Airline Airport Affairs Committee,1
LAUSD Superintendent Deasy's office,1
Laborers' Local 185,2
"Laborers' International Union, Local 300",4
Laborers Local 89,1
Laborers Local 792,1
Laborers Local 73,2
Laborers Local 67,2
Laborers Local 652,2
Laborers Local 585,1
Laborers Local 324,2
Laborers Local 304,2
Laborers Local 220,1
Laborers Local 185,5
"Landscape Contractors Association, Contra Costa",1
"Laborers' International Union, Local 802",1
Language Speech Pathologists of Palo Alto Unified School District,2
LIFETIME (Low-income Families' Empowerment Through Education),1
Lassen County Probation Department,1
"Land and Sea Solar, Santa Cruz",1
Lake Tahoe Angels Pug Rescue,2
Lake Natoma Heights Homeowners Assoc,3
"Lake Fire Protection District, Shasta County",1
"Lake County Office of Education, Lakeport, Calif",3
"Lake County Fair, 49th District Agricultural Association",1
Laguna North Community Organization,1
Laguna Beach Taxpayers Association,1
"La Raza Community Resource Center, Melba Maldonado, Executive Director",1
"Laguna Hills chapter, National Audubon",1
"Laguna Hills Chapter, National Audubon Society",3
Laguna Hills Audubon,3
"Lakeside Firefighters Association, Local 4488",1
Lakeside Firefighters Association,1
"Ken Cooley, Mayor of Rancho Cordova",1
Kellly Hayes-Raitt,1
Kehillat Israel Jewish Congregation of Pacific Palisades,1
Keep Coyote Creek Beautiful,2
Keenan,3
Keegan & Coppin Real Estate,2
Kawasaki of Santa Barbara,1
Katie Valenzuela - Sacramento City Councilmember,1
"Kathleen J. DeRosa, Cathedral City Mayor",2
"Kate Meis, Executive Director, Local Government Commission",1
Karina Dominguez - Milpitas City Councilmember,1
"Karen Goh, Mayor",1
"Karen Chapple, Professor, UC Berkeley - City & Regional Planning",1
"Karen Chappelle, Professor of City and Regional Planning, UC Berkeley",1
"Kamala Harris, San Francisco District Attorney",1
"Kamala Harris, San Francisco City and County District Attorney",1
"Kamala Harris, District Attorney, City and County of San Francisco",1
"Kamala Harris, Attorney General of the State of California",2
"Kamala D. Harris, District Attorney, San Francisco",1
"Kamala D. Harris, District Attorney, City and County of San Francisco",2
Kaiser Permanente Medical Care Pros,2
"K.J Killea, Brigadier General, U.S. Marine Corps Commanding General, Marine Corps Installations West-Marine Corps Base, Camp Pendleton",1
"Juvenile Court Judges of California, a section of the California Judges Association",3
Juvenile Court Judges (section of the California Judges Association),1
Justin Cummings - Santa Cruz City Councilmember,1
"Justice, Los Angeles County Solid Waste",1
Justice for Kayla Moore,2
Justice for Angelo Quinto! Justice for All! Coalition-CO-SPONSOR,1
Justice and Witness Ministries of the United Church of Christ,2
"Justice Association of California, Home",1
"Juslyn Manalo, Mayor of Daly City",1
"Jurupa Valley, City of",1
"Junior Leagues of California, State Public Affairs Committee Two individuals",1
Junior Leagues of (Runner) Public Affairs Committee,1
"Junior League, State Public Affairs",1
Junior Achievement of Northern California,2
"Julie L. Rodewald, San Luis Obispo County Clerk-Recorder",1
"Judy Nadler, Santa Clara",1
Judicial District (San Diego),2
"Judicial Council of California (March 24, 1995)",1
Judge Stephen V. Manley,2
Judge Quentin L,2
"Judge Mike Nail, Solano County",2
Judge Jim Brandlin of the Los Angeles Superior,2
Judge Jeffrey Tauber,4
Judge Harlan Grossman (ret.),1
"Judge Eugene M. Hyman, Santa Clara County Superior Court",1
"Judge David O. Carter, Superior Court of Orange County",1
Juane?o Band of Mission Indians,1
Joseph Hospital,1
"Jorgel Chavez, Mayor of Bell Gardens",1
Johns Well Child & Family Center,1
"John and Marilyn Wells Family Foundation, Stories From the Frontline",3
"John Van De Kamp, Chair, California Commission on the Fair Administration of Justice",3
"John Shoals, Mayor of Grover Beach",1
"John S. Keel, President, San Ramon Valley Firefighters Association",1
"John R. Porter, Superintendent of Schools, Franklin-McKinley School District",1
"John Hensley, Chairman, California Gambling Control Commission",1
John Hamon - Mayor Pro Tempore of Paso Robles,1
"John E. Deasy, Superintendent of Los Angeles School District",1
"John Davitt, Superintendent/President, Glendale Community College",2
John Cruikshank - Mayor Pro Tempore of Rancho Palos Verdes,1
John Burton Foundation for Children Without Homes - co-sponsor,1
Joe G. Hernandez,1
Jobs with Justice - San Francisco,1
"Jobs to Move America, in support",1
Jim Roos - Mayor of Palos Verdes Estates,1
"Jim Janney, Mayor of Imperial Beach",1
"Jewish War Veterans of the United States, Post 185, San Diego",1
Jewish War Veterans - Department of California,1
"Jewish War V eterans, USA, Department of California",1
Jewish Family and Children's Services: Korean Resource Center,1
"Jewish Family and Children's Services, Inc. (San Francisco and Los Angeles)",3
Jewish Family Services of Los Angeles Domestic Violence Project,1
"Jewish Community Relations Committee, Jewish Federations of Greater Los Angeles",2
"Jewish Community Relations Committee, Jewish Federation of Greater Los Angeles",1
Jewish Community Relations Committee of The Jewish Federation of Greater Los Angeles,1
Jewish Community Relations Committee (Jewish Federation of Greater Los Angeles),2
"Jerry Sanders, Mayor of San Diego",1
Jefferson Smurfit Corporation/Container Corporation of America,3
Jefferson Smurfit Corporation and Container Corporation of America,1
Jefferson Smurfit Corporation and Container Company,2
Jefferson Smurfit Corporation and Container,3
Jefferson Smurfit Corp./Smurfit Recycling Company,2
Jefferson Smurfit Corp./Container Corporation of America,1
Jefferson Smurfit Corp. & Container Corp. of America,3
"Jim Brazelton, District Attorney of",2
Jill Ravitch Sonoma County Sheriff,1
"Jerry Shadinger, Sheriff, Colusa County",3
"Jovenes, Inc. (Los Angeles)",4
Jody Costello (Contractors from Hell.com),1
Journey House (Sponsors),1
John Tracy Clinic (prior version),1
John Muir Community Health Alliance,1
John Burton Advocates for Youth (Listed as a Sponsor in the Background sheer but not in this letter),1
Joe's Barbershop,2
"Job-Center Housing Coalition (see ""Comments",1
Hypnosis Training Center of Santa Barbara,1
Humboldt State University Institute for Study of ADR,1
Humboldt County Waste Management Authority,1
Humboldt County Department of Agriculture,1
Housing Authority of the County of Stanislaus,1
"Hospitality Escrow, San Bernardino",2
"IATSE Local 871 - Script Supervisors/Continuity, Accountants and Allied Production",2
"IATSE Local 44, 80, 600, 695, 700, 705, 706, 728, 729, 767, 800, 871, 884, 892",1
"I.L.W.U. Local 34, Ship Clerks' Association International Union",1
I.A.T.S.E. Local 729 Motion Picture Set Painters & Sign-Writers,2
Hurley International Nike,1
Huntway Refining Company (committee analysis),1
"Huntington's Disease Society of America, Northern California",1
"Huntington Library, Art Collections and Botanical Gardens",2
Hunger Action LA proudly,1
"Humboldt-Del Norte SELPA director, Mindy Fattig",2
Humboldt county Alcohol/Drug Advisory Board,1
Humboldt and Del Norte Counties Area Agency on Aging: Advisory Council,1
Humboldt and Del Norte Counties Area Agency on Aging Advisory Council,2
Humboldt Wildlife Care Center/bird Ally X,1
Humboldt Wildlife Care Center/Bird Ally X,1
Humboldt Redwood Company and Mendocino Redwood Company,3
Humboldt County Sheriff (as introduced),1
Humboldt County Juvenile Justice and Delinquency Prevention Commissions,1
Humboldt County Growers Alliance (in concept),1
Humboldt County Board of Supervisors (prior version),1
Humboldt Baykeeper (prior version),1
"Humboldt Bay Harbor, Recreation and Conservation District (sponsors)",1
Humboldt Bay Fire Joint Powers Authority,2
Humboldt Arts Council/Morris Graves Museum of Arts,1
Humanist Community of Silicon Valley|Association,1
Humanist Association of Greater,1
Humane World for Animals (co sponsor),1
Human Society of the United States Injured & Orphaned Wildlife,2
Human Rights/Fair Housing Commission|Francisco Bay,1
"Human Rights/Fair Housing Commission, City and County of Sacramento",2
Howard D. Hart - Mayor of San Juan Capistrano,1
"Housing, Burbank Housing Development",1
"Housing and Economic Rights Advocates, Maeve Brown, Executive Direftor",1
"Housing and Economic Rights Advocates (HERA), the bill's sponsor",1
Housing and Economic Rights Advocates (HERA) - Co-sponsor,1
"Housing Rights Center, Chancela Al-Mansour, Executive Director",1
Housing Policy Network of Southern California,2
Housing Equality Law Project/Human Equality Law Project,1
Housing Authority of the County of Alameda (HACA) website,1
Housing Authority of Kings County,1
Housing Authority of Alameda County,1
Housing Authorities of the City of Santa Barbara and the,3
"House of Gordon, United States Branch and California Division",1
"House Association, New York Stock Exchange",1
Hotel Employees and Restaurant Employees Local No. 49 (prior version),1
Hotel Employees and AB 2752 (Alquist) Restaurant Employees Union,1
"Hotel Employees & Restaurant Employees Union, AFL-CIO, Local 11, Maria Elena Durazo, President, Los Angeles Organizations",3
Hotel Employees & Restaurant Employees International Union: plus Locals 49 and 340,1
Hotel Employees & Restaurant Employees International Union and Local 49,2
"Hospital Council, Sacramento Region",4
Hospital Council of San Diego and Imperial,2
Hospital Council (prior version),1
Hospital Association of Southern California-Orange County Region,1
Hospital Association of San Diego,1
Hospice of San Joaquin (2 individuals),1
Horse Shows in the Sun AB 2155 (Committee on Agriculture) continued,1
Horizon Youth Services (joint sponsor),1
"Honorable Tony Cárdenas, Member of the United States Congress",2
"Honorable Tom Torlakson, State Superintendent of Education",1
"Honorable Suzie A. Price, Long Beach City Councilwoman",1
"Honorable Stephen Whitburn, Council President Pro Tem",1
"Honorable Roberta MacGlashan, Sacramento County Supervisor",2
"Honorable Ro Khanna, Member of the United States Congress",2
"Honorable Marian Bergeson, Orange County Supervisor",1
"Honorable John McGinness, Sheriff, Sacramento County",2
"Honorable John Chiang, member, Board of Equalization",2
"Honorable Johan Klehs, member, Board of Equalization",3
"Honorable Jeff Prang, Los Angeles County Office of The Assessor",2
"Honorable Jeff Adachi, San Francisco Public Defender",1
"Honorable Jean Quan, Mayor",1
"Honorable Grace Napolitano, Member of the United States Congress",2
"Honorable Gavin Newsom, Mayor of the City and County of San Francisco",3
"Honorable Emily Reilly, Mayor of Santa Cruz",1
"Honorable Edwin M. Lee, Mayor of San Francisco",2
"Honorable Edwin M. Lee, Mayor",1
"Honorable Delaine Eastin, Superintendent of Public Instruction",1
"Honorable Dean F. Andal, member, Board of Equalization",1
"Honorable Dean F. Andal, Member, Board of Equalization",2
"Honorable Dean Andal, State Board of Equalization - 2nd District",4
Honorable Dean Andal,1
"Honorable Cynthia Mathews, Mayor, city of Santa Cruz",2
"Honorable Cruz M. Bustamante, Lieutenant Governor, State of California",1
"Jay Nolan Community Services, Inc",2
Jay Leno (Individual),1
Jasmin Fairhaven Power Company,2
Jasmin Fairhaven Power Co,2
Japanese Welfare Rights Organization,1
Japanese American Resource Center/Museum,1
Japanese American Citizens League (Northern California/Western Nevada- Pacific Region),1
Japanese American Citizens League (No. Calif.-W. Nevada-Pacific Region),1
Japanese American Citizens League (JACL) Pacific Southwest: District,1
Japanese American Citizens League (JACL) Northern CA-Western Nevada-: Pacific District,1
Japanese American Citizens League (JACL) - Pacific Regional Office,1
Japanese American Bar Association |California,1
Japan Business Association (represents many of the groups listed below),4
"Janet Wolf, Second District Supervisor, the Santa Barbara County Board of Supervisors",1
"Jane Goodall, Jane Goodall Institute",1
"James Tuso, Sheriff-Coroner, Mendocino County",2
"James M. Morris, President, San Joaquin County Branch of the Juvenile Diabetes Research Foundation",2
Jacumba Hot Springs Spa & Cabana Club,1
"Jack O'Connell, former Superintendent of Public Instruction",1
"Jacinto, Nevada County, Orange County, Pomona Valley, Riverside, Sacramento, San Bernardino Area, North Coastal",2
JAMS Endispute James Hogan,1
"JACO Engineering, Anaheim, California",2
"J. Stephen McLauglin, Editor/Publisher, Independent Coast Observer",1
Italian Hall Foundation,1
Italian American Cultural Society,3
Islamic Food and Nutrition Council of America,1
Irvine Ranch Water District and the Association,2
Irvine Mayor Farrah N. Kahn,1
"Irv Schleimer, Dean Pacific Coast University",1
"Irrigation District, Inland Empire Utilities",1
"Iron Workers Local 378, Benicia",3
"Iron Workers Local 378, Benecia",1
Inyo-Mono Counties Veterans Service Officer,1
Interval House Crisis Shelters for Victims of Domestic Violence,3
Intertidal Aquafarms,1
Intersegmental Coordinating Committee's Subcommittee on,2
"Interpersonal Developmental Facilitators, Inc., SB 1593 -- /22/00 Pasadena",1
"International United Automobile, Aerospace & Agricultural Implement Workers of America",1
"International Union, United Automobile, Aerospace and Agricultural Implement Workers of America, Region 5 Jericho",1
"International Union, United Automobile, Aerospace and Agricultural Implement Workers of America - UAW",1
"International Union, United Automobile, Aerospace & Agricultural Implement Workers of A 5",3
"International Union of Security, Police and Fire Professionals of America and Participating Employers Health and Welfare Fund",1
"International Union of Security, Police and Fire Professionals of America and Participating Employers Health & Welfare Fund (SPFPA Fund)",1
"International Union of Security, Police and Fire Professionals of America and Participating Employers Health & Welfare Fund",1
International Union of Painters and Allied Trades Local: Union No. 2345,1
"International Union -: AFL-CIO-CLC, Local 1442",1
International Union (SEIU),2
International Ultraviolet Association,2
"International Trade Education Programs, INC Dba Exp",2
"International Rescue Committee, Los Angeles Regional Office Jericho",1
"International Organization of Masters, SB 145- Perata Mates and Pilots",1
International Mountain Biking Association,1
"International Longshoremen's & Warehousemen's Union, Warehouse Union Local 6, Oakland",3
"International Longshoremen's & Warehousemen's Union, Warehouse",1
"International Longshoremen's & Warehousemen's Union, Local 6 (ILWU)",1
"International Longshoreman's and Warehouseman's Union Local 63, Marine Clerks",2
"International Longshore workers and Warehouse Union Pensioners, San Francisco/Bay Area",1
International Longshore and Warehouse Union - N. California: District Council,3
International Law and Immigration Section,1
"International Federation of Professional and Technical, Local 21 (IFPTE Local 21)",1
"International Federation of Professional and Technical Engineers, AFL-CIO",1
"International Federation of Professional & Technical Engineers, Local 21, AFL-CIO",1
International Child Abuse Network,2
"International Chemical Workers Union Conference/United Food and Commercial Workers Union, Local 78 (Alta Loma)",3
"International Chemical Workers Union Conference/United Food and Commercial Workers Union, Local 58 (La Verne)",3
"International Chemical Workers Union Conference/United Food and Commercial Workers Union, Local 47 (West Covina)",3
"International Chemical Workers Union Conference/United Food and Commercial Workers Union, Local 350 (Temple City)",3
International Chemical Workers Union Conference/United Food and Commercial,8
International Certification Reciprocity Consortium/Alcohol and other,1
International Business Machines,1
International Brotherhood of Paintes and Allied Trades,3
International Brotherhood of Engineers and Architects,1
International Brotherhood of Electrical Workers Local 595 (Alameda/San Joaquin/Calaveras),3
"International Brotherhood of Electrical Workers Local 551, Marin, Sonoma, Mendocino, Lake, Humboldt and Del Norte Counties",1
"International Brotherhood of Electrical Workers (IBEW) Local Union 340, Sacramento",1
International Bodyguard Association (provisions relating to concealed weapons permit exemption),1
International Association of Skateboard Companies (IASC),1
"International Association of Machinists and Aerospace: Workers, Local Lodge W459",1
International Association of Machinists and Aerospace: Workers Local 1528,3
"International Association of Machinists & Aerospace Workers, Air Transport",1
"International Association of Heat & Frost Insulators & Allied Workers, Local 5",4
"International Association of Fire Fighters, state council",1
"International Association of EMTs and Paramedics, co-sponsor of the bill",2
"International Association of Bridge, Structural, Ornamental and Reinforcing Iron Workers Union Locals 155 and 377",2
"International Association of Bridge, Structural, Ornamental Iron Workers, Riggers, Heavy",4
"International Association of Black Professional Fire Fighters, Southwest Region",1
International Assn. of Plumbing & Mechanical Officials,1
"International Alliance of Theatrical Stage Employees, Moving Picture Technicians, Artists, and Allied Crafts of the United States, Its Territories, and Canada, AFL-CIO, CLC",1
"International Alliance of Theatrical Stage Employees, Locals 33, 80, 706, 768, 857",6
International Alliance of Theatrical Stage Employees and SB Moving Picture Machine operators,1
International Alliance of Theatrical Stage Employees and Moving Picture Machine operators,1
"International Airport, Ventura County Transportation Commission",1
Interinsurance Exchange of the Automobile Club of Southern California,1
"Interfaith Ministries, Modesto",1
"Interfaith Council on Religions, Race, Economic and Social Justice",1
Interfaith Communities United for Justice and,2
Intercool Inc,1
Inter-Regional Partnership (counties of San,1
"Inter-Agency Council on Child Abuse, Los Angeles",1
Inter-Agency Council on Child Abuse and Neglect: The Honorable Terry Friedman,2
"Inter-Agency Council on Child Abuse and Neglect, Los Angeles County",1
Intellectual Property Section of the California State Bar Association,2
Intel Corporation - Co-sponsor,1
Integrating Medicine and Public Health,1
"Integrated Filipino American Veterans of Northern California, Inc",1
"Insure the Uninsured Project (July 9, 2007)",1
"Insurance Commissioner Ricardo Lara, in support of the bill",1
Insurance Commissioner Lara/ California Department of Insurance,4
Insurance Commissioner John Garamendi and the Department of Insurance,1
"Insurance Association, National association of Independent",2
Insurance Agents and SB 1229 (Killea) Brokers Legislative Council,1
Insurance Agents and Brokers Legislative Council and an information service company,2
Insurance Agents and Brokers Legislative Council - Sponsor,1
"Historical Justice Now, Los Angeles",3
His Daughters House,2
Hinthil Education Center,1
Hilton Los Angeles/Universal City General Manager Mark Davis,1
Higher Education Opportunities through Empowerment for Undocumented Students,1
Hercules Community Library Foundation,1
"Honorable Brad Sherman, Member of the United States Congress",2
"Honorable Bill Leonard, Member, State Board of Equalization",1
"Honorable Bill Leonard, Member Board of Equalization",1
"Honorable Acquanetta Warren, Mayor",1
Hondurenos Unidos de Los Angeles (HULA),1
"Hon. Tom Torlakson, State Superintendent of Public Instruction",1
"Hon. Tom McCabe, City Manager of National City",4
"Hon. Tad Honeycutt, Mayor of Hesperia",1
"Hon. Susan Goldberg, Mayor of San Diego",1
"Hon. Sam Allevato, Mayor of the City of San Juan",1
"Hon. Ronald Holbrook, Mayor of Santa Monica",1
"Hon. Quentin L. Kopp, Judge of the San Mateo County: Superior Court",1
"Hon. Quentin L. Kopp, Judge of the San Mateo County Superior Court",2
"Hon. Patrick J. Morris, Mayor of San Bernardino",1
"Hon. Muriel P. Johnson, Supervisor, Sacramento County",1
"Hon. Michael F. Prizmich, Sheriff-Coroner, Amador County",3
"Hon. Larry Smith, Sheriff of Riverside County",1
"Hon. James Silva, Supervisor, Orange County",1
"Hon. James Lambden, Associate Justice, Court of Appeal, First Appellate District, Division Two",1
"Hon. Gregory Strickland, District Attorney, Kings County",3
"Hon. Gordon Stefenhagen, Mayor of Norwalk",1
"Hon. Gil Garcetti, Los Angeles County District Attorney",2
"Hon. Ed Graham, Mayor of Chino Hills",1
"Hon. Donald Stahl, D.A. Stanislaus Co",1
"Hon. Don McDonald, Sheriff-Coroner-Public Administrator, El Dorado",3
"Hon. Delaine Eastin, Superintendent of Public Instruction",1
"Hon. Ashley Swearengin, Mayor of Fresno",1
Homie Universidad Popular (prior version),1
Homes for Life Foundation (Section 5),1
"Homeowners of Park Lido Association, Newport Beach (23 individuals)",1
Homeboy Industries - Jobs for a Future,1
Home Instead Senior Care - 19 letters,1
"Holt Transportation, Inc. SB 1135 (CHESBRO)",1
Holocaust Center,2
"Hoag & Robi, CPAs",1
Hmong Innovation Politics,2
"Hivas Magilligan, Ten Percent Newsmagazine",1
Hispanic chambers of Commerce San Francisco,1
Hispanic Chamber of Commerce Contra Costa County,1
"Hispanic Association of Child Care Providers, San Luis Obispo County",1
"Hispanic American Police Command Officers Association, Los Angeles Chapter",1
Hispanic Access Foundation (so-source),1
Hispanic Access Foundation (prior version),1
Hillsides Youth Moving On,2
Hillsides - Youth Moving On,1
Hillcrest Indivisible (prior version),1
Highway to Work,1
"Hey &Hey, Attorneys-at-Law Stonestreet",2
Hero' Circle,2
"Hermandad Mexicana Nactional, several members",1
Hermandad Mexicana Nacional-- several members,1
Hermandad Mexicana Nacional -- several members,2
"Heartland Firefighters of Lemon, Grove Local 2728",1
Hb+a Architects,1
Hayward Police Officerso Association,2
Haven Humane Action Project,1
Handson Central California,2
"Hallmark Escrow Co., Inc., Costa Mesa",2
"Hacienda Heights Area Chinese School, Hacienda Heights",3
"Herbert M. Sandler, Chairman & CEO, Goldern West Financial Corp",1
Hepatitis C Action & Advocacy Coalition (prior version),1
Hepatitis B Foundation (prior version),1
Hep C Advocate Network (prior version),1
"Henry Chang, Jr., Oakland City Council",1
Hemp Roundtable,1
Help Oppose Pornography's Exploitation (HOPE) of Sonoma County,2
Helicon Youth Center County of Riverside,2
"Heartland Firefighters of La Mesa, Local 4759",1
Heart Disease Prevention and Fitness Test Center,3
"Hearing Loss Association of America, Long Beach/Lakewood Chapter",1
"Hearing Loss Association of America, California State Association",3
Hearing Loss Association of America California State Association,1
"Hearing Conservation Office, Ventura County Superintendent of Schools",3
Healthforce Partners Northern San Joaquin Valley,1
Health Plan of San Joaquin (prior version),1
Health Plan of San Joachin,1
"Health Officers Association of California (HOAC, Sponsor)",1
Health Officers Association of California (04/21/14 version),1
Health Insurance Counseling and Advocacy Program Services of Northern California,2
Health Education Student Association of San Francisco State University,2
Health Departments of the Superior Court of Los Angeles County,1
"Health Care for the Homeless Program, Alameda",2
Health Care Services Agency-Public Health,1
Health Care For All - Sacramento,1
Health Care Agency of Orange County,2
Health Administrators (CAEHA) - (Sponsors),1
Health Access: Opposition (unless amended),1
Health Access California - CO-SPONSOR,1
Health Access California (updated 1/4/18),1
Health Access California (suggests,1
Health Access California (letter dated 7/3/07),1
Health Access California (Prior version),1
Health Access California (Late),1
"Health Access California (HAC), states",1
Health Access California (HAC) writes that they,1
Health Access California (HAC) writes,2
Health Access California (HAC) also,1
Healdsberg,1
Hazardous Waste Association of CA,1
Hayward Chapter of the National Association of Retired Federal Employees,2
Hawley Peterson & Snyder AB 573 (Wolk) Architects,1
Having Our Say (prior version),1
"Haven Neighborhood Services, Erika Toriz-Kurkjian, Executive Director",1
"Harvey S. Nyland, San Benito County Sheriff",1
"Harvey Milk Lesbian, Gay, Bisexual, and Transgender Democratic Club",1
Harvey Milk LGBTQ Democratic Club (prior version),1
"Harriet Miller, Mayor of Santa Barbara",1
Harley-Davidson Motorcycle Dealerso Assn. of Southern CA,1
Harley-Davidson Motorcycle Dealers Association of Southern California,1
Harley-Davidson Motorcycle Dealers Association of Northern California,1
Harley-Davidson Motorcycle Dealers Assn. of Southern California,2
Hammer Towing Inc.: I Individual,2
Halladay Incorporated,1
Half Moon Bay Fishermen's Marketing Association (committee analysis),1
Halcumb,1
"Hal Baker, El Dorado County Sheriff",2
"Hackenberg Booksellers (April 24, 2017 version)",1
"Haciendas La Puente Unified School District, Vice President, Anthony Duarte",3
Hacienda LaPuente School Unified School District Boardmember Anthony Duarte,2
Habitat for Humanity San Gorgonio Pass Area,1
"Institute for Sustainable Economic, Educational and Environmental Design (I- SEEED)",1
Institute for Health & Disease Prevention Research at the Keck School of Medicine of the University of Southern California,1
Inspector General,2
"Insolvency Law Committee, State Bar of California",1
Insolvency Law Committee of the Business Law Section of the,2
"Insolvency Committee, Business Law Section, State Bar of California",2
"Insolvency Committee, Business Law Section, State Bar of",2
"Insight Prison Project, Division of Five Keys Schools & Programs",2
Ins. Peninsula Cosmetology Association,2
Innocence Project of Northern California at Santa Clara University School of Law,3
Inner City Business Association - Imperial,1
Inner City Bliss,2
Inner City Advisor Fund Good Jobs,1
"Inlandboatmen's Union of the Pacific (IBU), a sponsor of the bill",2
"Inland Fair Housing and Mediation Board, Marie M Flannery, President and CEO",1
Inland Empire Film Commissioner,1
Inland Empire Division of the League of California Cities,2
Inland Empire Center for Entrepreneurship at Cal State University San Bernardino,1
Inland Boatsman Union,1
"Inland Behavioral Health Services, Inc",1
"Initiating Change in Our Neighborhoods, Community Development Department",1
"Industry Labor Management Committee, Golden",1
"Industrial, Technical and Professional Employees Union: ITPEU, AFL-CIO",1
"Industrial medical Council, State Department of Industrial",1
Industrial Manufacturing Council,1
Indonesian Parrot Project/Project Bird Watch,3
rePLANET Recycling,1
"Indivisible CA: StateStrong, a coalition of over 80 Indivisible groups",1
Indivisible CA: StateStrong - a coalition of the following Indivisible groups,1
Indian Wells Mayor Larry Spicer,1
Indian Wells Groundwater Management Agency (IWGMA),1
Independent automobile Dealers Association of,4
"Independent Power Providers, North Fork",3
"Independent Power Providers (IPP), North Fork",1
"Independent Energy, Inc. - Goldline, San Diego",1
"Independent Energy Producers, California State",1
Independent Automobile Dealers Assn. of CA,1
Inc. Veterans Affiliated Council,2
Inc. Veterans Advisory Council,3
Inc. United Food and Commercial Workers,2
Inc. Solution Transportation Service,1
Inc. Service Employees International Union,1
Inc. Reis Ranch Universal Horsemanship,1
Inc. Outdoor Sportsmen's Coalition of California,2
Inc. National Pony Express Association,1
Inc. Los Angeles County Juvenile Court,2
Inc. Harbor Equity Group,1
Inc. Hanlon's Tire Service Inc,1
Inc. Communities in Schools,2
Inc. Carlsbad Aquafarm,1
Inc. California-Nevada Snowmobile Association,2
Inc. California Student Association of Community Colleges,1
Inc. California State Association of Public Administrators,4
Inc. California Senior Drivers Association,1
Inc. California National Emergency Number Association,2
Inc. California Driving Improvement,1
Inc. California Association of 4 Wheel Drive Clubs,2
Inc. Association for Los Angeles Deputy Sheriffs,2
Inc. American Motorcyclist Association American Motorcyclist Association,1
Inc. American Coatings,1
Inc. 100% Campagin,1
HIV Health Services Planning Council (Sacramento HIV Health Services Planning Council Executive Cmte),2
GreenVolts,2
Green Energy Solutions Holdings LLC,2
Greater Santa Ana Business Alliance,2
Greater Golden Hill - Democratic Club,1
Grace Evangelical Lutheran Church,1
Habitat for Humanity Hemet / San Jacinto,1
Habitat for Humanity (Previous Version),1
Habematolel Pomo of Upper Lake sponsor,1
"Habematolel Pomo of Upper Lake Tribe (also known as Upper Lake Band of Pomo Indians of Upper Lake Rancheria, CA)",1
HSBC Taxpayer Financial Services,1
HR Education and Leadership Foundation,4
HIVE (prior version),1
HERS Foundation (prior version),1
HALT (a self described organization of Americans for Legal Reform),1
Gun Owners of California (1/10/96),1
Gulf of the Farallones National Marine Sanctuary (United States Department of Commerce),1
Gulf of the Farallones National Marine Sanctuary (U.S. Dept. of Commerce),1
Guillain-Barre Syndrome/Chronic Inflammatory Demyelinating Foundation International,1
Guards and Associates Service Employees International Union,2
"Guardian Scholars Program, Cabrillo College",5
Grumman,1
Growers and Shippers Association of Santa Barbara and San: Luis Obispo Counties,2
"Growers Association, California Farm Bureau",2
"Grover Trask, District Attorney, Riverside County",3
"Grover Trask, District Attorney",1
"Grover Beach, City of",1
Group 137 of Amnesty International,1
Group (CALPIRG),1
Grossmont-Cuyamaca Community College District -: Supervisory/Confidential Group,1
Grossmont Healthcare District director James Stieringer,1
Greg Oppenheimer on behalf of O'Melveny & Meyers,1
"Greg Cox, Supervisor, San Diego County",1
"Greg Cox, San Diego County Board of Supervisors",2
Greg Cox,1
"Greenfield Mayor John Huerta, Jr",5
"Greater Sacramento Economic Council, Bay Area Council, and Valley Vision (co-sponsors)",1
Greater Sacramento Disabled Veterans Business Enterprise Network,2
"Greater Los Angeles Chapter, Society of Industrial and Office Realtors",2
Greater Long Beach ICO,1
Greater Bakersfield Chamber of Commerce (as introduced),1
"Gray Panthers of Sacramento, L.A. West, West Contra Costa: County, and El Cerrito",1
"Gray Panthers of Sacramento, L.A. West, West Contra Costa County, and El Cerrito",3
Grasslands Water District (GWD),2
"Graphic Communications Union Local No. 583, San",1
Graphic Communications Union Local No. 583 (prior version),1
Grantville Action Group,1
"Grant School District, Redding",1
"Granite construction Company, Bakersfield",1
Grand Lodge Chinese American Citizens Alliance,3
Graduate Student Social Action Committee of the School of Social Work: at San Diego State University,2
Graduate Student Social Action Committee of the School of Social Work at San Diego State University,1
"Gracie Torres, Director, Western Municipal Water District",1
"Graceful Senesence Adult Day Health Care, Inc.: Madrone Adult Center",1
"Grace Vallejo, Council Member",1
Governor's Office of Criminal Justice Planning (OCJP -sponsor),1
Governor's Office Of Criminal Justice Planning (OCJP - cosponsor),1
Governor's Advisory Board to Agnews Developmental,2
Governor Wilson Office of Child Development & Education,2
Government of Mexico: Oppose,1
"Government Relations Oversight Committee, California Peace Officerso Association",1
"Government Accountability Project, Mike White, Esq",2
"Governing Board Member, Southwestern Community College District, Nora Vargas",1
"Governing Board Member Nora E. Vargas, Southwestern Community College District",1
"Goodwill Serving the People of Southern Los Angeles County, Inc. (Goodwill SOLAC)",1
"Goodwill Industries, Walter Levicki, Prosperity Planner",1
Goodwill Industries of San Diego County,2
"Goodwill Industries of Sacramento Valley & Northern Nevada, Inc. (co",1
"Goodwill Industries of Monterey, San Luis Obispo, San Diego, and Santa Cruz Counties",1
Gonzolas,1
"Gondolas D'Amore (Marina del Rey, CA)",1
"Gondola Romance (Newport Beach, CA)",1
"Gondola Company of Newport (Newport Beach, CA)",1
"Goldline Electronic Controls, East Greenwich, RI (Independent Energy)",3
"Goldfarb & Lipman, HIV Network/Cancer Case Management HomeBase",4
Golden State Opportunity GRACE,2
Gilroy Guitar Gallery,4
Gateway to LA Airport Business District,1
Garden-Enhanced Nutrition Education Program 19 Individuals,1
Garden Grove Women's Medical Clinic (based on previous amended version),1
Galt Joint Union School District (K-8) Outreach Consultants,1
Golden State Opportunity (UNREG),1
"Golden State Manufactured-Home Owners League, Inc. (as amended May 26, 2006)",1
Golden State Bail Agents Association (as proposed to be amended),1
Golden State Association,1
Golden Hills Health Careers Academy (committee analysis),1
Golden Gate University School of Law Dean and Associate Dean for Law Student Support,5
Golden Gate University Law Women's Employment Right's Clinic,1
Golden Gate Cycles LTD,1
Goldberg Holy Redeemer Lutheran Church (San Jose),1
"Gloria Allred, Allred, Maroko & Goldberg",1
"Globe Trading Co. (Pasadena, CA) - sponsor",1
Globe Trading Co,2
Global Program Development Center at San Diego State University,2
Global Green USA (opposed to amendment described in Comment 8),1
Global Exchange (prior version),1
"Glenn R. Kantor, Kantor & Kantor, LLP",2
Glenn County Transportation,2
Glenn County Rangeland Association (as amended April 20,1
Glenn County Health Services (committee analyses),1
Glendale University College of,1
Glendale Community College Guardian Scholars Program,5
Glendale Community College (6/13/06),1
"Glaziers, Architectural Metal and Glass Workers, Locals 636, 169, 767, 1399, 718, and 1621",1
"Glaziers, Architectural Metal and Glass Workers, Locals",2
"Glaziers, Architectural Metal and Glass Workers Union, Local 718, of San Francisco",2
"Glaziers, Architectural Metal and Glass Workers Union, Local 718, of Imperial County and 16 Affiliate Unions",1
"Glass Molders, Pottery Plastics & Allied Workers: International Union",1
"Gilroy Firefighters, IAFF, Local 2805",1
Gilroy City Councilmember Zach Hilton,1
"Gilroy City Council Member Office, Councilmember Zack Hilton",2
Gilroy City Council Member Office of Zach Hilton,1
"Gilmartin, Silicon Valley Law Group",1
Getting Results In After School Effectively and Tangibly (San Joaquin County),1
"German Shepherd Rescue, Burbank",3
German Shepherd Inc,1
Gerard Ange Productions International Inc,1
Gerald P. OoHara. La Raza National Lawyers Association - Sacramento,2
Geothermal Resources Association and the,2
Geothermal Energy Association (unless amended),1
"George Runner, Member, Second District, State Board of Equalization",1
"George Runner, BOE member",3
"George Runner, 2nd District, State Board of Equalization",1
"George L. Perez, Superintendent, Mt. Pleasant School District",1
"Generation Up, a co-sponsor",1
Generation Up (prior version),1
"General Teamsters, Warehousemen, Cannery Workers & Helpers: Union 94",3
"General Teamsters, Warehousemen and Helpers Union, Local 890 Jericho",1
"General Systems Solutions, Inc",2
General Motors Investment Management Corp,2
Genentech (support if broadened to include property tax disputes),1
"Gene's Gundrilling, Alhambra, California",2
"Gen-Sun Electric Solar systems, Lucerne Valley",1
"Gaylesta, the LGBT Psychotherapists Association of the San Francisco Bay Area",1
Gay and Lesbian SB 75 (Murray) Center of Los Angeles,1
"Gavin Newsom, Mayor of the City and County of San Francisco",1
"Gavin Newsom, Lieutenant Governor, State of California",1
Gateway Council of Governments (27 Southeast Los Angeles County Cities),1
"Gateway Center of Monterey County, Inc",2
Gateway Authority (Los Angeles Gateway Region of Integrated Regional Water Management Joint Powers Authority),3
"Gary Yates, Mayor of San Mateo",1
Garner Holt Productions,1
"Gail Gaston, Chair of the City of Fresno Human Relations Commission",1
Friends of the Oakdale Library,2
Friends of Locally Owned Water,2
Freight Transportation Security Consortium,1
Freeman Hospitals Foundation,2
Freedom Riders Foundation,1
Franklin Brass MFG. Co,1
"Gabrielino-Tongva Tribal Council, headquartered in Santa Monica, CA",2
"GRP Resources Agency, Department of Conservation",4
"GRP Business, Transportation and Housing Agency",2
GROW | Planetpov.com,1
GRCN Connecting Communities,1
"GOE Engineering Company, Inc., Ontario, California",2
GAF,2
G.W. Singletary Industrial Land Developer,1
"G. Lynn Sprague, Regional Forester, Pacific Southwest Region",1
Futures without Violence (UNREG),1
Fulton-El Camino Recreation & Park District (4/20/01),1
Fullwell (UNREG),1
Fullerton Recreational Riders,1
"Fullerton Firefighters Association, Local 3421",1
"Fullerton College, EOPS/Foster Youth Success Initiative",2
Fukushima Support Committee,2
Frontline Hepatitis (prior version),1
Friends of the Yucca Valley Library (4/12/94),1
Friends of the St. Helena Public Library,1
"Friends of the San Francisco Public Library, Deborah Doyle, Chair",1
Friends of the River (with Technical Amendment 2),1
Friends of the Museum of Chinese American History,5
"Friends of the Amador County Library, Susan Staggs, Board Member",1
Friends of the Amador County Library,2
Friends of Chinatown Library,3
Friends Committee on Legislation of of California,3
Friends Committee on Legislation of California (prior version),1
Friends Committee on Legislation of California (founded by Quakers),1
"Fresno, Madera, Tulare, Kings Building and Construction Trades Council",1
"Fresno, City and County Convention Visitors Bureau (committee analysis)",1
Fresno Economic Opportunity Commission,1
Fresno County Economic Opportunities Commission's (EOC) Sanctuary Youth Services,1
Fresno Coalition Against the Misuse of Pesticides (FresCAMP: Positive Alternatives),1
Fresno City Councilmember Steve Brandau,2
Fresno City Council Member- Oliver Baines III,1
Fresno City College's Extended Opportunity Programs and Services Program and the Cooperative Agencies Resources for Education,1
Fresno City College Campus Wide Professional Development Coordinating,1
"Fremont City Council (February 23, 2007 version)",1
Freeman and Smiley,2
"Fraternal Order of Police, California State Lodge (prior version)",1
"Frank R. Martinez, President-Superintendent, Cuesta College, Retired",1
"Frank R. Martinez, President-Superintendent, Cuesta",2
"Frank Loy and Associates, Alhambra, California",2
"Francisco, Humboldt Waste Management Authority",1
"Francisco Labor Council, AFL-CIO, San Francisco",1
Francisco (PFLAG- San Francisco),1
Franciscan Action Network (prior version),1
"Francis LaPoll, Los Altos (Mayor Pro Tem)",1
Franchise Tax Board (the bill reflects FTB Legislative Proposals),1
Franchise Tax Board (support),2
Franchise Tax Board (sponsor of the conformity provisions),1
Franchise Tax Board (sponsor of financially disabled taxpayer provision),1
Franchise Tax Board (sponsor of bill's provisions),1
Franchise Tax Board (sponsor of all provisions but the 15-day rule provision),1
Franchise Tax Board (employee relief for unremitted withholding and offers in compromise),2
Franchise Tax Board (conformity provisions only),1
Fort Dick Fire Protection District,2
Food Allergy Support of Sacramento (FASS),1
"First United Methodist Church of San Fernando, Sandie Richards, Rev",1
First New Christian Fellowship Missionary Baptist Church,2
Finishing Trades Institutes of District Council 36/Southern CA Resilient & Decorative Covering Crafts JATC,1
Finishing Trades Institute of District Council 36/Southern California Resilient & Decorative Covering Craft,2
Finishing Trades Institute of District Council 36/ Southern California Resilient & Decorative Covering Craft,1
Fight ALD - Fighting Illness through Education,3
Franchise Tax Board (Sponsor of bill provisions described in,1
Franchise Tax Board (FTB credit card provision and interest abatement),2
Fox Canyon Groundwater Management Agency (FCGMA),1
"Fowler, City of",3
Fowler Chief of Police/Interim City Manager,1
Fourth District Sonoma County Supervisor James Gore,1
"Fountain Valley, City of",3
"Fountain Valley, City Of",1
Founding Principal BVC Architects,1
"Foundation, Merced/Mariposa County Asthma",1
Foundation for the Preservation of the Santa Susana Mountains,1
Foundation for Quality AB 647 (Nunez) Housing Fremont Fair Housing Services,1
Foundation for Integrative Aids Research (prior version),1
"Foster and Kinship Care Education Program, Woodland Community College",1
Foster Farms (15 letters),1
Forward Together (prior version),1
"Fortuna business Management Consulting, Inc",1
Fort Jones,1
Formosan Association for Public Affairs Sacramento Chapter,1
Former Riverside District Attorney Grover Trask,2
Former Mayor Steinberg,4
Former Lassen County District Attorney,4
Former Cerritos Mayor Bruce Barrows,2
Forest Resources Council (Committee Analyses),1
Ford Motor Company (previous version),1
For Inspiration and Recognition of Science And Technology,1
For Grace (an organization,1
Foothill College: Academic Senate and individual letters,1
Foothill College's Financial Aid Outreach,1
Foothill Association of Care Providers for,1
Food Industry and Business Roundtable,2
Food First/Institute for food and policy development,7
"Food Finders, INC",2
Food Chain Workers Alliance (as proposed to be amended),1
Flying Veterans of San Francisco,1
Fluorescent Institute of Traditional Chinese Medicine (FITCM),1
Florin Japanese American Citizen's League,2
"Fleetwood Homes of California, Inc. SB 175-Torlakson Golden West Homes",1
Five Cities Economic Development Authority (Board of Directors),2
Fish and Game Commission (prior version),1
"First Unitarian Church of Oakland, Standing on the Side of Love",1
First Unitarian Church of Oakland Standing on the Side of Love (SIZZLE) Team,1
First Presbyterian Church of Baldwin AJR 60 (Lieber) Park,1
First Presbyterian Church (Palo AB 205 (Goldberg) Alto),1
First Federal Savings and Loan Association of the San Gabriel Valley,2
"First Congregational United Churches of Christ, San Francisco, Oakland, Alameda and Long Beach",1
"First AB 849 (Leno) Congregational Church, Auburn, Santa Cruz",1
First A.M.E. Church (Renaissance Program),1
First 5 of Marin and families Commission,1
"First 5 Riverside, Riverside County Children & Families Commission",2
"First 5 Marin Children and Families Commission (May 11, 2007)",1
"Firefighters, Riverside City Firefighters",1
Firefighters Local 1684,3
Firefighters Local 1186,2
"Firefighters Association, Local 3631",1
Fire Fighters Local 1186,1
"Fire Department, Santa Clara County (a California Fire Protection District)",1
Fire Chief for the City of Oakland,1
Fire Captain of Santa Barbara County Fire Department,2
"Fiona Ma, State Board of Equalization, Second District",1
"Fiona Ma, State Board of Equalization Member, Second District",2
"Fiona Ma, State Board of Equalization Chairwoman",1
"Fiona Ma, Member, Board of Equalization",2
"Fiona Ma, Chairwoman, State Board of Equalization",1
"Fiona Ma, CPA, Vice Chair, State Board of Equalization, District 2",1
"Fiona Ma, CPA, California State Board of Equalization, Member",1
"Fiona Ma, CPA, California State Board of Equalization",2
"Fiona Ma, Board of Equalization District 2",3
Finseca (UNREG),1
Floor Tech America INC Sb 1422 Support Letter,1
Finishing Contractors Association of Southern California (prior version),1
"Financial Abuse Specialist Team, Council of Aging Orange County",3
Fil-Am Star,3
Fight Crime: Invest in Kids California (prior version),1
Ferndale,1
Fenwick,4
Fellowship Center Alcohol and Other Drug Program,1
para el Bienestar de Earlimart/The Committee,1
"Family Law Section, State Bar of California, State of",1
"Family Law Section, State Bar of CA",3
Family Law Section of the State Car (FLEXCOM),1
Family Law Section of the State Bar of California (relevant sections only),3
Family Law Section of the State Bar of California (FLEXCOM) Fools Mission,1
Family Law Section of the State Bar (Flexcom),2
Family Caregiver Alliance (San Francisco),1
"Faculty Association of California Community Colleges (FACCC), the sponsor of this legislation",1
"Federation of Retired Union Members, Santa Clara and San Benito County",1
Federation of Retired Union Members - SF Council of Labor Council,1
"Federation of Retired Union Members (Counties of: Amador, El Dorado, Nevada, Placer, Yolo and Sacramento)",1
Feline Foundation/Valley Animal Center,10
"Federation, California Grain and Feed",2
"Federation of State, County and Municipal Employees, Metropolitan",1
"Federation of State, County and Municipal Employees, League",1
Federation of Fly Fishers - No. California Council,2
Federal Voting Assistance Program (Department of Justice/Department of Defense),1
Federal Osteoporosis Research and Education,2
"Father Bill O'Donnell Social Justice Committee, St. Joseph the Worker Church, Berkeley",1
Farmdale Creamery,2
Family Support Council,4
Family Rights and Dignity project of the San Francisco Coalition,1
Family Law Section of the Los Angeles County Bar Association (FLS-LA),2
Family Law Committee of the State Bar of California (FlexCom),1
Family Child Care Association Public Policy Network of Southern California,1
Families to Amend 3 Strikes,1
Faithful St. Mark M.B.C,1
Faith in Action Commission of the UU Church of Santa Monica,1
Fairfield- Suisun Chamber of Commerce,1
Fairfield Suisun Chamber of Commerce,4
Fairfield - Suisun City Chamber of Commerce,1
"Fair Play for Girls in Sports, Legal Aid Society-Employment Law Center",1
Fair Chance Coalition to Ban the Box Campaign,2
Faculty - Department of Speech-Language Pathology and Audiology at: Loma Linda University,3
FRV,1
"FORUM, the Federation of Retired Union Members of Santa Clara and San Benito Counties",1
"FIGHT CRIME: Invest in Kids, CA",1
FASD Network of Southern California writes that it,1
FACTS Families Advocating for,1
F.u.e.l.- Families United to End LWOP,1
"Extruders & Converters Association, California",1
Exp - the Opportunity Engine,2
Executive Committee of the Trusts & Estates Section of the State Bar of California (TEXCOM),2
Executive Committee of the Medical Board of California,1
Executive Committee of the Family Law Section of the Los Angeles (Dymally) Association,1
Events by Vollette,1
Eureka San Diego-Violence Prevention Initiative,2
"Estate Planning, Trusts and Probate Law Section, State Bar of California",1
"Estate Planning, Trusts and Probate Law Section of",2
"Estate Planning, Trust and Probate Law Section, State Bar of California",3
Estate Planning and Probate Section of the California State Bar,6
Estate Planning and Probate Section of the,2
"Feel the Bern Democratic Club, Orange County",3
Federal Express,2
Fantasy Forest At Santa Village,1
Family Equality in Divorce & Unified Parenting (FED UP),2
Family Court Services of Tehama,1
Family Court Services of Stanislaus,1
Family Court Services of Alameda,1
"Fallbrook Firefighters Association, Local 1622",1
Faith UMC Community Outreach Ministries,1
Fair Chance Project (prior version),1
FIDM Productions,1
Executive Council of Homeowners (as proposed to be amended),1
Executive Committee of the Tax Exempt Organizations Standing Committee of the Taxation Section of the State Bar of California,3
Elite Disabled Veterans Bus. Enterprise Network,2
Elder Abuse Prevention of Contra Costa,2
Elaine's Family Child Care,1
"El Dorado County Indian Council, Inc",1
El Dorado County Indian Council Inc,1
El Cajon Historical Society,1
Educational Insights,1
Emergency Medical Services Administrators' Association in,1
Emergency Medical Services Administrators Association of Page F California,1
Emergency Medical Services Administrators Association (EMSAAC),1
Emergency Medical Services Administrator's Association of California (cosponsors),1
Emergency Medical Services Administrator's Assoc. of California,1
Emergency Medical Services Administration Assoc. of California,5
Emergency Medial Services Admininstrators' Assn. of California,1
"Elwood Moger, President of El Dorado County Association",2
Elsinore Valley,1
Elsinore,1
Ella Baker Center for Human Rights (EBCHR),1
Elk Grove Unified School District Special Education Local Planning Area (previous version),1
"Elite Escrow Services of San Diego, San Diego",2
"Elevator Constructors, Heat and Frost Insulators and Allied Workers",1
"Eleni Kounalakis, Lieutenant Governor",4
Eleni Kounalakis - Lieutenant Governor,1
Elements Behavioral Health - Promises Treatment Centers,1
"Electrical Engineering Department, San Diego State University",1
"Electric Transportation Coalition, Center for",1
Elections Legislative Comm of the California Association of Clerks and Election Officials,2
"Election Law Project, Student Group at Stanford Law School (prior version)",1
"Election Integrity Project California, Inc. (Prior version)",1
Election Integrity Project California (prior version),1
"Elders Climate Action, NorCal and SoCal Chapters (prior version)",1
"Elders Climate Action, Nor-Cal and So-Cal Chapters",1
Elder's Climate Action NorCal,1
Elder and Dependent Adult Abuse Prevention Council of Santa AB 2253 (Jackson) Barbara County,1
Elder & Dependent Adult Abuse Prevention Council of Santa Barbara County - Support with,1
"El Tigre, Inc. FONES4ALL",2
El Paso Natural Gas Company (from committee analysis),1
El Monte/South El Monte (EMSEM) Chamber of Commerce,1
El Monte Mayor Ernie G. Gutierrez,5
El Monte City Mayor Andre Quintero,2
El Dorado Irrigation District (prior version),1
"El Dorado Hills Professional Firefighters, Local 3604",1
El Dorado Hills Chamber of Commerce (prior version),1
El Dorado County Superior Court/Juvenile Court,1
"El Dorado County Sheriff-Coroner-Public Administrator, Jeff Neves",3
El Dorado County Sheriff-Coroner's Office,1
"El Dorado County Sheriff, Coroner, and Public Administrator",1
El Dorado County Public Health Department (committee analyses),1
El Dorado County Pioneer Cemeteries Commission (prior version),1
El Dorado County Commission on Seniors,2
El Dorado County Chamber of Commerce (prior version),1
El Concilio - Council for the Spanish Speaking,1
El Cerrito Progressives (prior version),1
"El Cerrito Commissioner, Steven M. Poulos",1
El Centro Chamber of Commerce & Visitor's Bureau,2
El Cajon Mayor Mark Lewis,1
"El Cajon Firefighters, Local 4603",1
"Edwin Lee, Mayor of the City and County of San Francisco",2
"Edwin Lee, Mayor",1
"Edwards, and N. Hoffman (sponsors)",1
Edward R. Roybal Institute for Applied Gerontology,2
"Edward N. Bonner, Sheriff, Placer County",2
"Edward C. Williams, Sheriff-Coroner, San Luis Obispo",2
Educating for Democracy: The California Campaign for the Civic Mission of Schools,3
Educating for Democracy: California Campaign for the Civic Mission of Schools,1
"Educating for Democracy, the California Campaign for the Civic Mission of Schools",1
Educating for Democracy California Campaign for the Civic Mission of Schools,1
EduVenture Projects (California State University Monterey Bay),2
EduVenture Projects (Calif. State Univ. Monterey Bay),2
"Edmund G. Brown Jr, California Attorney General",1
Editorial: Oakland Tribune,1
Editorial-The San Matean (College of San Mateo),1
Eden Park Illumination,2
Echo Center/Echo Horizon School,2
East Los Angeles Community youth Center,1
"Earth Escrow, Newport Beach",2
ENSR Consulting and Engineering,1
Dr. Yuen's TCM Acupuncture Clinic,1
Dr. Sharp Natural Oral Care,1
Editorial-San Mateo Daily Journal,1
Editorial-San Gabriel Valley Tribune/Pasadena Star News/LA Daily Breeze,1
Editorial-San Francisco Chronicle,1
Editorial-Los Angeles Daily News,1
Editorial-Golden Gate Xpress (San Francisco State University),1
Editorial-California Aggie (UC Davis),1
Editorial - UCLA Daily Bruin,1
Editorial - San Francisco Chronicle,1
Editorial - San Diego Union Tribune,1
Editorial - La Opinión,1
Editorial - Auburn Journal,1
"Ed and Toni Eames (co-chairs, Guide Dog Committee of the National Federation of the Blind of California)",1
Ed Lee,2
"Economic Study Group: Fallbrook Public Utility District, Rainbow",1
Economic Study Group: Fallbrook Public Utility,1
Economic Study Group : Fallbrook Public Utility,2
Economic Resources Corp,1
Economic Opportunity Commission of San Luis Obispo County,1
"Economic Development Corporation, South San",1
Economic Development Corporation serving Tulare County,2
Economic Development Corporation serving Fresno County,1
Economic Development Corporation service Tulare County,2
Economic Development Corporation (prior version),1
Economic & Employment Development Center - Los Angeles,1
"EcoEnergies, Sunnyvale",1
"Ebay, Inc",1
Eaze Solutions,1
Eastern Sierra Transit Authority (ESTA),1
"Easter Seals Bay Area, Central, Northern, Southern and Tri Counties",1
East-West Shrine Football Classic,1
East-West Long Beach Democratic Club,1
East Yard Communities for,1
"East Valley Community Health Center, Inc. (prior version)",1
"East Regional Reclamation Authority, South",1
"East Los Angeles College, NextUp/Foster Youth Program",2
East Los Angeles College CAFYES/Foster Youth Program,5
East County Magazine/East County Publishing Coalition,2
East Bay Municipal Utility District (EBMUD) (conceptual support),1
"East Bay Community Law Center, Miguel Soto, Staff Attorney",1
East Bay Community Law Center HIV/AIDS Law Project,2
East Bay Community Law Center (EBCLC) - Sponsor,1
East Bay Bicycle Coalition - East of the Hills section,1
Earth SB 1462 (Perata) Island Institute,1
"Early Outreach and Support Programs, California State University Monterey Bay",5
EOPS and foster youth at Cerritos College,1
EMPHESYS/Employers Health Insurance,9
"ELC, ELS Educational Services, Inc",2
EDITORIAL: Santa Rosa Press Democrat,1
EDITORIAL-UCLA Daily Bruin,1
EDITORIAL-Chico State University The Orion,1
EDITORIAL - UCLA Daily Bruin,1
EDITORIAL - The Santa Rosa Press Democrat,1
EDITORIAL - The San Jose Mercury News,1
EDITORIAL - The San Francisco Chronicle,1
EDITORIAL - The Sacramento Bee,1
EDITORIAL - The Monterey County Herald,1
EDITORIAL - The Modesto Bee,1
EDITORIAL - The Los Angeles Times,1
EDITORIAL - The Californian (Bakersfield),1
EDITORIAL - The Bakersfield Californian,1
EDITORIAL - Santa Rosa Press Democrat,1
EDITORIAL - Santa Cruz Sentinel,1
EDITORIAL - Riverside Press Enterprise,1
EDITORIAL - Modesto Bee,1
EDITORIAL - Los Angeles Times,1
EDITORIAL - Long Beach State Univ. - Daily 49er,1
EDITORIAL - Korea Daily,1
EDITORIAL - Golden Gate Xpress (San Francisco State University),1
EDITORIAL - Chico State University - The Orion,1
EDITORIAL - California Aggie (UC Davis),1
EDITORIAL - Bay Area News Group Newspapers,1
EDITORIAL - Auburn Journal,1
"E.G. Prieto, Sheriff of Yolo County",1
"E-Coat Recycled Paint Products, division of Kelly-Moore",1
E-BikeAccess.org,1
E - environmental defense,1
Dēmos (prior version),1
Duffin-Adams Orthodontics One individual,1
Duerr Evaluation Resources,1
Drybar Holdings LLC,2
Drug Policy Alliance Network (earlier version of bill),1
Drug Alliance Policy Network (main sponsor),1
"Drew A. Gagner, President/CEO, St. Bernardine: Medical Center Foundation",1
Dr. Wang Acupuncture Clinic,5
"Dr. Vicki Barber, El Dorado County Superintendent of Schools",2
"Dr. Robert Garcia, Long Beach City Council",3
Estate Planning and Probate Law Section of the,4
"Esperanza Community Housing Corporation, Nancy Halpern Ibrahim, Executive Director",1
Escrow Institute of California (EIC) Sponsor,1
Escondido Union School District Preschool Program,1
"Escondido Public Library Board of Trustees, Gary Knight, President",1
"Escondido Police Officer's Association, Inc",1
Escondido Mercado Business Association,1
Escondido City Council,3
"Ernani Bernardi, Former Los Angeles City Counciman",1
"Eric Garcetti, Mayor ff Los Angeles",1
Equality Campaign,1
"Equal Rights Advocates, a cosponsor of the bill",1
"Equal Rights Advocates, Jessica Stender, Senior Counsel",1
Equal Rights Advocates Employment Law Center of the Legal Aid Society of San Francisco,4
Episcopal Diocese of CA,4
"Epilepsy Foundation of Los Angeles, Orange, (Lowenthal) PageO and Ventura",1
Epilepsy Foundation San Diego County,2
"Epilepsy Foundation Los Angeles, sponsor of this measure",1
Environmental: Health Research,1
"Environmental Water Caucus, a consortium of environmental and industry groups that includes",1
Environmental Safety and Toxic Materials Committee to provide authorization for DTSC to administer federal grant funds for a brownfield cleanup program,2
Environmental Resource Council expressly to improve the efficiencies of the UST program and to reduce the burdens on the regulated community associated with the program,4
"Environmental Health Department, Alameda County",1
Environmental Health Committee of the American Academy of Pediatrics,1
"Environmental Data Resources, Inc. (EDR)",1
"Enough is Enough, with a petition of approximately 1150 names",1
"Engineers and Scientists of California, Local 20, IFPTE, AFL-CIO (ESC)",1
"Engineers and Land Surveyors of California (CELSOC), Wagner",1
"Engineers & Scientists of California, Local 20, IFPTE< AFL-CIO",1
"Engineers & Scientists of California, Local 20, IFPTE,AFL-CIO",5
Engineering & Utility Contractors Assn,1
"Engine Fuel, and emissions engineering, incorporated (EF&EE)",1
"End of Life Choices, Greater Bakersfield, Central Coast, Central Valley, Orange County, Sacramento Valley, San: Diego Chapters",2
End Allergies Together,1
Encino Tarzana Regional Medical Center medical staff,4
Encinal Terminals Marine Terminals Corporation,2
"Employees/Communications: Workers of America, Local 9119",3
"Employees, Lodge 1781",1
"Employees, AFL-CIO, Local 3930",1
Empire Municipal Advisory Committee - Sponsor,1
Emergency Services network - Oakland,2
Emergency Medical Services Administrators' Association of California (to previous AB 1026 (Levine) version),1
"Dr. No-Hee Park, Dean of the UCLA School of Dentistry",1
"Dr. Kelly F. Blanton, Kern County Superintendent of Schools",1
"Dr. Forest Tennant, Community Health Projects Medical Group",6
"Dr. Deneen Guss, Monterey County Superintendent of Schools",1
Dr. Bonner's,1
"Dr. Arturo Delgado, Los Angeles County Superintendent of Schools",1
"Dr. Alan Jensen, Superintendent, Palo Verde Unified School District",1
Downtown Los Angeles Chamber of Commerce,2
Downs Memorial United Methodist Church: Education Group,3
Downey Distribution/Manufacturing Center of the Coca-Cola Bottling Company of Southern,1
Doris Tate Crime Victims Bureau: Governor's Office,1
Doris Day Friends for Pets Foundation,2
Doris AB 2510 (Boland) Tate Crime Victims Bureau,1
"Donald R. Burr, Chief of Milpitas Police Department",1
"Donald Nunes, Sheriff-Coroner-Marshall of Placer County",1
"Don Knabe, Chair, Los Angeles County Board of Supervisors",1
"Don Iglesias, Superintendent of Schools, San Jose Unified School District",1
Don Brandel Plumbing Inc,1
Domus Deveop ment,1
"Dominican Sisters of San Rafael, Congregation of the Most Holy Name",1
"Domestic Violence Practicum, Berkeley School of Law, University of California at Berkeley",2
"Domestic Violence Council, Inc., Valley",1
Dolores Huerta Foundation (DHF) states,1
Dollywood Foundation,2
Division of Workers' Compensation/Department of Industrial Relations,1
"Division of Hemotology and Oncology, University of California, San Francisco",4
Diversified printers,1
District Goleta Union School District,1
District Council of Iron Workers of CA,2
District Council 57 Psychology Service at Atascadero State Hospital,2
Dr. Betty Shabazz Family Resource Center,1
"Dr. Ambedkar International Mission, Toronto",2
Downey Education Association,2
Down Syndrome Connection,2
"Doty Bros., Norwalk",2
Domestic Violence Prevention Program of the Berkeley City Health Dept,1
Doctors Ambulance Services,2
"Division of Public Safety Leadership, John Hopkins University School of Education",1
District 5190 Hollister Rotary,4
"Distillery, Wine & Allied Workers Division",4
Director of Friends of the Santa Cruz City/County Public Libraries,1
"District Attorneys, Counties of: Monterey, Sacramento, San Diego, Santa Clara, Sonoma, Stanislaus",1
"District Attorneys, Counties of: Monterey, Sacramento",1
"District Attorneys, Counties of : Monterey, Sacramento, San Diego, Santa Clara, Sonoma, Stanislaus",1
"District Attorneys of Alameda, Contra Costa, Kern, Los Angeles, Santa",5
District Attorneys from County of San Francisco,1
"District Attorneys Association, Californians",1
"District Attorneys Association, California",1
"District Attorney, Yuba County",1
"District Attorney, Santa Clara District",1
"District Attorney, San Francisco City and County",1
"District Attorney, San Bernardino County",1
"District Attorney, Kern County",1
"District Attorney, Inyo County",1
"District Attorney's Office, California",1
District Attorney's Office of Sacramento,1
District Attorney of The City and County of San,2
District Attorney of Shasta County Jim Pope,1
"District Attorney for the City and County of San Francisco, Kamala D. Harris",2
District Attorney Offices of,1
"District Attorney Grover Trask, Riverside County",1
"District Attorney Gil Garcetti, Los Angeles County",1
Disneys World Co,1
Disabled American Veterans/Van Nuys Chapter No. 13,2
Disabled American Veterans - Sponsor,1
Disabled American Veterans (Bill Kinnard Chapter),1
"Disability Rights California (letter submitted for the February 22, 2019 version of the bill)",1
Disability Rights California (c-sponsor),1
Disability Rights California (PRIOR VERSION),1
"Director, Fetal Cardiovascular Program, UCSF Medical Center and Children's Hospital",2
Director of Santa Cruz Community Mental Health Services,1
Director of Golf,1
Director of Emergency Services,1
Director of Detention Ministry,1
"Director of Dental Hygiene, West Los Angeles College",1
"Director of Community Services, Glendale Adventist Medical Center",2
"Director of Community Services, Glendale",2
Director of Clovis Adult Education,1
"Director of Clinical Services, Division of Genetics, University of California, Los Angeles",1
"Director of Child Development Services, Imperial County Office of Education",1
Director Tulare County Public Law Library,2
"Director Steve Palmisano of Public Works, Watsonville",1
"Director James Stieringer, Grossmont Healthcare District",2
"Director James Maletic, Padre Dam Municipal Water District",2
"Dioscese of Northern California, La Mision Hispana el Divino",1
Diocese of Sacramento/St. Francis High School,3
Diocese of Sacramento/Saint Francis High School,1
Dignity Health (8/5/2013),1
Digital Arts Studio Partnership / Tower of Youth,1
Digital Arts Studio Partnership,2
Diego's Scripps In,1
Didi Hirsch Mental Health Services (DHMHS),1
"Dickerson Employee Benefits, Los Angeles",2
"Dick Williams, Sheriff, San Bernardino County",2
"Dick Williams, Sheriff of San Bernardino County",3
"Dick Williams, San Bernardino County Sheriff",1
"Dianne Van Hook, Superintendent-President, College of the Canyons",2
Deputy Sheriff's Association of Santa Clara County,2
"Dianne Jacob, Chairwoman, San Diego County Board of Supervisors",1
"Diane L. Harkey, Board of Equalization Member",1
"Diane E. Everett, Superintendent, Sunol Glen Unified School",1
"Diane E. Everett, Superintendent, Sunol Glen School District",1
"Diana Becton, Contra Costa County District Attorney",1
Diamond Springs Fire District,1
Diabetes Program,1
Diabetes Leadership Council (prior version),1
Developmental Disabilities Council of Contra,2
"Developmental Disabilities Board, Area XI",1
"Developmental Disabilities Board Area 5, Board of Directors",1
"Developmental Disabilities Board Area 10, Board of Directors",1
Developmental Disabilities Area Board XI (in concept),1
Developmental Disabilities Area Board I (in concept),1
"Development, Design & Engineering: Imperial County",1
"Development Corporation, Southern California",1
Desert Water Agency (prior version),1
"Desert Sierra Cancer Surveillance Program, Region 5 of California of the California Cancer Registry",1
"Desert Sierra Cancer Surveillance Program, Region 5 of California of the",1
Desert Aids Project d/b/a Dap Health,1
Desert Aids Project D/b/a DAP Health,1
Desert Aids Project D/B/A Dap Health,1
Desert AIDS Project d/b/a DAP Health,1
Desert AIDS Project D/B/A Dap Health,1
Desert AIDS Project D/B/A DAP Health,1
Deputy Sheriffso Association of Alameda County,2
Deputy Sheriff's Association of Alameda County,4
"Deputy James Ryan, President, Northern Chapter of the Peace Officers",1
"Deputy James Ryan, President of Northern Chapter of the Peace Officers",1
Deputy Fire Marshal,1
"Deputy District Attorney Eugenia Eyherabide, Assistant Chief, Family",1
Deputy Assistant Secretary of Defense (Military Community and Family Policy),2
Dept PORAC,1
Depression and Bipolar Support California,1
Depression and Bipolar Support Alliance (DBSA),2
Deposition Reporters Association of California and,2
"Department of the Navy, Navy Region Southwest and Marine Corps Installations West",1
Department of the California Highway Patrol (as amended),1
"Department of Speech-Pathology and Audiology at California State: University, Sacramento",1
Department of Speech-Pathology and Audiology at,1
"Department of Public Social Services, Riverside",2
Department of Public Health of the City and County of San,1
"Department of Pan-African Studies at California State University, Los",1
Department of OBGYN University of South Carolina School of Medicine,2
Department of Justice/Attorney General's Office,2
"Department of Justice, Attorney General Daniel Lungren",2
Department of Justice - 05/13/03,1
"Department of Internal Medicine, Charles Drew University of Medicine/Science",2
Department of Insurances/Sponsor,1
"Department of Insurance, Insurance Commissioner Ricardo Lara",2
"Department of Insurance, Dave Jones, Insurance Commissioner",1
Department of Housing and Community Development (as proposed to be amended),1
Department of General Services/Calif. Victims Compensation and Government Claims Board,4
Department of General Service on behalf of the Board of Control,2
"Department of Financial Institutions, sponsor of the bill",1
Department of Finance is neutral on the bill,3
Department of Finance (SEE DEPARTMENT OF FINANCE BILL ANALYSIS ATTACHED TO THIS,1
Department of Family and Children's,1
Department of Education's Advisory Commission on Special,1
Department of Education also,1
"Department of Defense-State Liaison Office, Military Community and Family",1
"Department of Defense, Region 9 Regional Environmental Coordinator",1
"Department of Defense, Military Community and Family Policy",4
Department of Conservation SMARA Blue Ribbon Task Force Subcommittee,2
Department of Communicative Sciences and Disorders at,2
Department of Communicative Sciences and Disorders,2
Department of California Veterans of Foreign Wars (VFW),1
Department of California Veterans Advisory Council,1
Department of California The American Legion,1
Department of California California Veterans of America,1
Department of California California State Commanders Veterans Council VFW,1
"Dependency Legal Services (Mendocino, Lake, Solano, Marin, Sonoma, Stanislaus, Yolo, Placer)",1
Department of California California Association of County Veterans Service Officers,1
Department of California American Veterans,1
"Department of Behavioral health, San Bernardino County",1
Dental Hygienists' Society - San Diego County,3
Dental Hygiene Board of California (DHBC),3
Dental Coalition of San Mateo County,4
"Dennis Sheehy, District Attorney of Shasta County",2
"Dennis Revell, Revell Communications",4
"Dennis J. Herrera, San Francisco City Attorney",1
"Dennis Herrera, San Francisco City Attorney",1
"Dennis Gaon, Atnip Co., Inc",1
Democrats of the Napa Valley Club,1
"Democracy Policy Network, co-sponsor of the bill",1
Delano Union School District Assistant Superintendent,1
Delano Joint Union High School,1
Delano Community Correctional Facility,1
"Delaine Eastin, former State Superintendent of Public Instruction",2
"Delaine Eastin, State Superintendent of Public Educaiton",1
Delaine Eastin,1
"Del Norte, Humboldt, Mendocino and Sonoma Counties",1
"Del Norte, County of",1
Del Norte Sheriff-Coroner Dean Wilson,1
"Del Mar, City Of",1
Del Mar Firefighters Association,1
"Defense Language Institute, Mary Kathleen Hanselmann, Chief Librarian",1
Defense Language Institute,2
"Debra Bowen, California Secretary of State",1
Deans of the existing University of California schools of medicine,1
"Dean, College of Engineering, University of California, Riverside",2
"Dean, College of Engineering, University of California, Davis",2
"Dean's Office, Graduate College of Education, San Francisco State University",1
"Dean of the School of Information Management and Systems, UC Berkeley",2
"Dean Logan, Los Angeles County Registrar-Recorder/County Clerk",2
"Dean Logan, Los Angeles County Registrar-Recorder/ County Clerk",2
"Dean James Liontas, Peninsula University College",2
"Dean James Liontas, Peninsula University",4
"Dean James Liontas, Peninsula School of Law",4
"Dean James A. Liotas, Peninsula University College of Law",1
"Dean James A. Liontas, Peninsula University,State Bar",2
"Dean James A. Liontas, Peninsula University College of Law",8
"Dean F. Growdon, Sheriff of Lassen County",1
"Dean F. Andal, Member, State Board of Equalization",1
"Dean F. Andal, Chair: State Board of Equalization",1
"Dean Erwin Chemerinsky (UC Irvine, School of Law)",1
"Dean D. Flippo, District Attorney of Monterey County",1
"Dean Andal, State Board of Equalization Member",3
"Dean Andal, Member of the State Board of Equalization",1
"Dean Anal, Member, State Board of Equalization",1
Deaf and Hard of Hearing Program (Covina Valley Unified School District),1
Deaf Coalition of Agencies Serving the Deaf and Hard of Hearing,2
DeMenno/Kerdoon Oil Co,2
De Anza College Classified Senate,3
"Davis Joint Unified School District, Director of Special Education",1
"David W. Paulson, District Attorney, Solano County",2
"David T. Lewis, Chief of Antioch Police Department",1
"David Rosenstein, President, Intex Solutions",1
"David Robinson, Kings County Sheriff and California",2
"David O'Connor, Managing Partner, Creative Artists Agency",1
"David Newman, Mayor of Thousand Oaks",1
"David Kakishiba, President, Oakland Board of Education",1
"David Jones, Insurance Commissioner, California Department Of Insurance",1
"Dave Jones, Insurance Commissioner, Department of Insurance",1
"Dave Jones, California Insurance Commissioner",2
"Dave Jones, CA Insurance Commissioner",1
Dave Jones,1
"Dave Cortese, President, Board of Supervisors, Santa Clara County",3
Daughters of Charity,2
"Darrell Jobes, Fire Chief, East County Fire Protection District",1
"Danville, Town of",1
Danielle Legacy Foundation/Brenda Van Dam,4
"Dan McAllister, Treasurer-Tax Collector",1
"Dan McAllister, San Diego County Treasurer-Tax Collector",3
"Dan McAllister, San Diego County Treasurer",2
Dan McAllister,1
"Dan Madden, Interim Municipal Services Director",1
Daly City Public Library Associates,2
"Daley Enterprises, Tulare",2
"Dain Insurance Agency, Whittier, CA",1
Daily Fantasy Sports Players Alliance (DFSPA),1
DaZhong Hua Family Tree Development Association,1
DOVES- Domestic Violence Education and Services: Big Bear: Valley Outreach Center,1
DMT,1
DKB,2
DIR/Floortime Coalition of California - sponsor,1
DIR/Floortime Coalition of California (coalition),2
DIR/Floortime Coalition of California (DIR),2
DCM,3
"Cytogenetics Laboratory, University of California, San",2
"Cythia Hubach, Founder Elysian Valley Community Garden",1
Cypress-Freeway Replacement Advisory,2
Cypress College Extended Opportunity Programs and Services and Guardian Scholars Program,1
"Cynthia Simms, Superintendent, Placerville School District",1
"Cynthia Morgan, Chair of the Board of Civic San Diego",1
"Cynthia Coad, Chair, Orange County Board of Supervisors",3
"Curtis Insurance Agency, Chatsworth",1
"Curt Hagman, Chairman, San Bernardino County Board of Supervisors",2
Culver City Police Chief,5
"Cuesta College President, Jill Stearns, Ph.D",1
"Cruz M. Bustamante, Lt. Governor",2
"Cruz M. Bustamante, Lieutenant Governor State of California",1
"Cruz Bustamante, Lt. Governor",2
"Cruz Bustamante, Lieutenant Governor, State of California Encompass",1
"Cruz Bustamante, Lieutenant Governor, State of California Council",2
Curatorial and Museum Management Services (Watsonville),5
"Culver Tire & automotive Co., Inc",1
Culver City Fire Fighters Local 1927,1
Crusader Insurance Company (Section 1 only),1
"Crown Sheet Metal Skylights, Inc",3
Crime Victims United of California County of San Diego,2
Crime United of California,2
"Crescent City, City Of",1
Crescent Bay West Los Angeles Southern Baptist Association,1
Crenshaw Health Partners INC,2
Creative Alternatives East Bay,1
"Craig T. Steckler, Chief of Police - City of Fremont",1
"Craig T. Steckler, Chief of Fremont Police Department",1
"Craig Steckler, Fremont Chief of Police",1
"Craig Steckler, Chief of the Fremont Police",1
"Craig Steckler, Chief of Fremont Police Department",1
"Cow Palace, 1-A District Agricultural Association",3
"Covina Valley Unified School District, Deaf and Hard of Hearing Program",3
Courtroom Television Network (Court TV),1
"Court Appointed Special Advocates, Solano County",2
Court Appointed Special Advocates of Placer County,1
Court Appointed Special Advocates of Contra costa County (CASA),1
Court Appointed Special Advocate Association of Los Angeles,3
"Court Administrator, North Santa Barbara County Municipal court",1
"Court Administrator for Bay, Delta, Mt. Diablo and Walnut Creek-Danville Municipal Courts",1
"Court Administrator for Bay, Delta, Mt. Diablo and Walnut Creek-Danville",1
Countywide Criminal Justice Coordination Committee (County of Los Angeles),1
Countywide Criminal Justice Coordination,1
County of Yolo District Attorney Jeff W. Reisig,2
County of Yolo District Attorney,1
County of West County Health Centers,1
County of Water Replenishment District of Southern California,1
"County of Vote for Progress, California Office",1
County of Vista Irrigation District,1
County of Vista Community Clinic,1
County of Vietnam Veterans of America-California State Council,1
County of Veterans of Foreign Wars (VFW)-Department of California,1
County of Ventura District Attorney,1
"County of Sonoma, Department of Emergency Services",3
County of Shasta District Attorney,1
County of Shasta County Air Quality Management District,1
Crescent City/Del Norte County Chamber of Commerce,1
Crowne Plaza Los Angeles International Airport Hotel,1
Crossroads Umc/Dignity Center Compton,1
Crossroads UMC/Dignity Center Compton,1
Crime Victims United (CVU),1
Creative Property Management,1
Covina Valley Historical Society,1
Coventry First: Neutral,1
"Court Reporters Board (board, sponsor)",1
Court Reporters Association of Inland Counties,1
"Court Appointed Special Education Advocates for Children, Monterey County",1
Court Appointed Special Advocates of Orange County,1
Court Appointed Special Advocates of Imperial County,1
County of Shasta (Cathy Darling Allen/County Clerk/Registrar of Voters),1
"County of Shasta (Cathy Darling Allen, County Clerk/Registrar of Voters)",1
County of Seawest Power Systems,1
"County of Santa Cruz, Board of Supervisor Member Neal Coonerty",1
County of Santa Cruz Board of Supervisor Ryan Coonerty,2
County of Santa Cruz (Gail L. Pellerin/County Clerk),1
"County of Santa Cruz (Gail L. Pellerin, County Clerk)",1
County of Santa Clara office of the Board of Supervisors,1
County of Santa Clara Supervisor Liz Knass,1
County of Santa Clara Supervisor Cindy Chavez,2
County of Santa Clara Office of the County Counsel (prior version),1
County of Santa Clara League of Women Voters of California,1
"County of Santa Clara County, Board of Supervisors",1
County of Santa Barbara First District Supervisor Salud Carbajal,2
County of Santa Barbara (Joseph E. Holland/County Clerk/Assessor/ Recorder/Registrar of Voters),1
"County of Santa Barbara (Joseph E. Holland, County Clerk/Assessor/ Recorder/Registrar of Voters)",1
County of Santa Ana (committee analysis),1
County of San Mateo (prior version),1
County of San Joaquin Veterans Service,2
County of San Joaquin - Child Protective Services,1
County of San Joaquin (prior version),1
County of San Francisco State University,1
County of San Francisco Commission on the Aging (committee,1
County of San Francisco (Sponsors),1
County of San Francisco (Mission),1
"County of San Diego, Ernest J. Dronenburg, Jr",1
"County of San Diego, 5th District Supervisor Bill Horn",1
County of San Diego Supervisor Ron Roberts,5
"County of San Diego Supervisor Nathan Fletcher, District 4",1
County of San Diego None on file,1
County of San Diego Assessor/Recorder/County Clerk David L. Butler,1
County of San Diego Area Agency on Aging,1
County of San Diego - sponsor,1
County of San Diego (prior version),1
County of San Diego (Office of the District Attorney),1
"County of San Bernardino, City of",1
County of San Bernardino None on file,1
County of San Bernardino Building and Safety Department,1
County of San Bernardino (In Concept),1
County of San Benito County Board of Supervisors,1
"County of Sacramento, Economic Development",1
"County of Sacramento Department of Regional Parks, Regional and Open Space",1
County of Sacramento County Sheriff Lou Blanas,1
County of Sacramento Cities of Buena Park,2
County of Sacramento AB 2137 (Steinberg),1
County of Sacramento (prior version),1
County of Rural County Representatives of California (RCRC),1
County of Rural County Representatives of California,1
"County of Riverside, District Attorney's Office",3
County of Riverside 15 individuals,1
County of Riverside (Joint - Sponsor),1
County of Ripon,1
County of Quincy Community Services District,1
County of Public Law Center,5
County of Public Health Advocates,1
County of Planning Agency/Napa Valley Transportation Authority,1
County of Peninsula Bicycle & Pedestrian Coalition of San Mateo County,1
"County of Orange, Claude Parrish",1
"County of Orange, California State Association of Counties",1
County of Orange County Multi-Ethnic Behavioral Health Service Task Force,2
County of Olive Growers Council of California,1
"County of North Coast Energy Services, Ukiah",1
County of North American Insulation Manufacturers Association,1
County of Non-Profit Housing Association of Northern California,1
County of National Guard Association of California,1
County of National Association of Judiciary Interpreters & Translators (NAJIT),1
County of Nabis,1
"County of Monterey, Sheriff-Coroner Normon G. Hicks",1
County of Mission Viejo,1
"County of Military Officers Association of America, California Council of Chapters",1
County of Military Officers Association of America - California Council of Chapters,1
County of Merced Larry Galvan,1
County of Merced (Karen D. Adams/County Clerk),1
"County of Merced (Karen D. Adams, County Clerk)",1
County of Mental Health Division of Contra Costa County Health Services,2
County of Mendocino S,2
"County of Los Angeles, Supervisor Solis",2
"County of Los Angeles, Supervisor Kuehl",2
"County of Los Angeles, Sheriff Leroy D. Baca",1
"County of Los Angeles, Jeffrey Prang",1
"County of Los Angeles, Dept. of Agricultural: Commissioner and Weights & Measures",1
"County of Los Angeles Sheriff, Leroy D. Baca",1
"County of Norcal Phoenix, Inc",1
County of Los Angeles Sheriff Leroy Baca,2
County of Los Angeles Sheriff Lee Baca,1
"County of Los Angeles Sheriff Department, Sheriff Leroy D. Baca",2
County of Los Angeles Registrar-Recorder/County Clerk,1
County of Los Angeles Human Relations commission,2
County of Los Angeles Family Support Advisory Board,2
"County of Los Angeles District Attorney, Jackie Lacey",1
"County of Los Angeles Board of Supervisors, Supervisor Zev Yaroslavsky",4
County of Los Angeles Board of Supervisors - 02/26/03,1
County of Los Angeles Association for Los Angeles Deputy Sheriffs,2
County of Los Angeles Association,1
County of Los Angeles Area Agency on Aging,1
County of Los Angeles 7 individuals,1
"County of Los Angeles (as amended May 9, 2006)",1
County of Los Angeles (Sacramento Legislative Office) - 05/08/03,1
"County of Los Angeles (Prior Version, June 18, 2002)",1
County of Los Angeles (Dean C. Logan/Registrar-Recorder/County Clerk),1
County of League of Women Voters-Los Altos/Mountain View Area,1
County of League of Women Voters of California,1
"County of Lake, Department of Agriculture Dept. of Weights & Measures",3
"County of Lake, Department of Agriculture Department of Weights & Measures",1
"County of Lake, Board of Supervisors, Rob Brown, District 5",3
"County of Lake, Board of Supervisors, Jeff Smith, District 2",3
"County of Lake, Board of Supervisors, Ed Robey, District 1",3
"County of Lake, Board of Supervisors, Anthony W. Farrington, District 4",3
"County of Lake, Administrative Office -Lakeport, Calif",1
"County of Lake, Administrative Office - Lakeport, Calif",2
County of Lake Board of Supervisors-Anthony W. Farrington,4
County of Lake (Diane C. Fridley/Registrar of Voters),1
"County of Lake (Diane C. Fridley, Registrar of Voters)",1
County of L.A. - Dept. of Children and Family Services,2
"County of Kings, Kings County",1
County of KIVA Confections,1
County of Jennings Engstrand & Henrikson,1
County of JP Morgan Chase & Co,1
"County of Imperial, Office of Sheriff Tony L. Rouhotas",1
County of Imperial (Co-Sponsors),1
County of Greater Riverside Chambers of Commerce,2
County of District attorney's office in Los Angeles,1
County of Crestline-Lake Arrowhead Water Agency,1
County of County of Solano,1
County of County of Placer,1
County of County of Nevada,1
County of County of Alameda,1
County of County Sanitation Districts of Los Angeles County,1
County of County Behavioral Health Directors Association,1
County of County Association of Governments of San Mateo County,1
"County of Contra Costa, Contra Costa Board of Supervisors",1
County of Commercial Workers Union Region 8 States: Council,1
County of College of Extended Learning,1
County of City/County Association of Governments of San Mateo County,1
County of City of Yolo,1
County of City of Walnut Creek,2
County of City of Vista,2
County of City of Visalia,2
County of City of Tuolumne,1
County of City of Trinity,1
County of City of The Construction Industry's Crime Prevention Program of Southern California,2
County of City of Tehama,1
County of City of Sutter,2
County of City of Stanislaus,1
County of City of Siskiyou,1
County of City of Sierra,1
County of City of Selma,2
County of City of Santa Fe Springs,2
County of City of Santa Cruz,1
County of City of Santa Barbara,2
County of City of San Pablo,2
County of City of San Marcos,3
County of City of San Leandro,2
County of City of San Jose,1
County of City of San Jos,1
County of City of Redwood City,1
County of City of Redlands,2
County of City of Pasadena,1
County of City of Oakdale,2
County of City of Novato,2
County of City of Norwalk,1
County of City of Napa,2
County of City of Manteca,2
County of City of Long Beach,1
County of City of League of California Cities,1
County of City of Lafayette,1
County of City of La Mirada,2
County of City of Inyo,1
County of City of Howard Jarvis Taxpayers Association,1
County of City of Glendale,2
County of City of Fullerton,2
County of City of Fresno,1
County of City of Fountain Valley,2
County of City of Fairfield,2
County of City of Emeryville,1
County of City of Del Norte,1
County of City of Costa Mesa,2
County of City of Concord,2
County of City of Cerritos,2
County of City of Carlsbad,1
County of City of California Grocers Association,2
County of City of Burbank,2
County of City of Berkeley,1
County of City of Bellflower,2
County of City of Beaumont,2
County of City of Artesia,2
County of City of Albany,2
County of City & County of San Francisco,1
County of Cities of Berkeley,2
County of California Chapters of the National Electrical Contractors Association,1
County of California BlueGreen Alliance,1
County of California Association of Supervisors of Child Welfare,1
County of California Association of Clerks & Election Officials,1
County of Alpine (Barbara Howard/County Clerk/Registrar of Voters),1
"County of Alpine (Barbara Howard, County Clerk/Registrar of Voters)",1
"County of Alameda, Alameda County Flood Control and Water Conservation District Zone 7",1
"County of Alameda, 5th District",1
County of Agency on Aging \ Area 4,1
County of AFL-CIO,1
County and Municipal Employees Martin Tucker,1
County and Municipal Employees Bob Beecher,1
County and Municipal Employees AFL-CIO states,2
County Welfare Directors' Association of CA (CWDA) Sponsor,1
"County Welfare Directors Association of California, County of",2
County Welfare Directors Association of California (CWDA) -co-sponsor,1
County Welfare Directors Association of CA (CWDA) co- sponsor,1
County Welfare Directors Association of CA (CWDA) Sponsor,1
County Welfare Directors Association of CA (CWDA) -sponsor,1
County Welfare Directors Association of CA (CWDA) - sponsor,1
County Welfare Directors Association Of California (Cwda),1
County Welfare Directors Association Of California (CWDA),1
County Welfare Directors Association - sponsor,1
County Welfare Directors Association - co-sponsor,1
County Welfare Directors Association (Co-Sponsors),1
County Welfare Directoros Association (CWDA) -- Sponsor,1
County Welfare Director's Association of California (CWDA),1
"County Waste Management Authority, California",2
County Treasurers and Tax Collectors Association,1
County Sheriff's Departments of,1
County Recorders Association of California and,2
"County Private Sector Task Force, South Coast",2
"County Mobilehome Positive Action Committee, Inc., Santee",1
"County Health Care Services Agency, Alameda",2
County Executive Office/Risk Management County of Orange,2
"County Environmental Health, Alameda County",2
"County District Attorney, Alameda County",1
"County Clerks Association, unless amended",1
County Clerks Association of California (as amended),1
County Clerks Association (as amended),1
County Board of San Bernardino (prior version),1
County Behaviors Health Directors Association Of California,1
"County Behavioral Health Directors Association, also in support",2
County Behavioral Health Directors Association (Co Sponsors),1
County Behavioral Health Directors Assn. of California,1
County Behavioral Health Director's Association also,1
County Behavioral Health Director's Association (CBHDA) states,1
"County Assessor, Santa Clara County",2
County Assessor Larry Stone,1
County Alcohol and Drug Program Administrators Association of,1
County Alcohol and Drug Program Administrations Association of California (prior version),1
County Alcohol and Drug Program Administers Association of California,1
County Alcohol and Drug Administrators Association of California,2
County Alcohol & Drug Program Administrators of California,1
Countrywide,4
Counties Southern California HIV Advocacy,1
Counselos Children's Rights Project Los Angeles,1
"Councilmember Nelson Esparza, Fresno City Council President",1
"Counseling Options and Parent Education Support Center, INC",2
"Correctional Peace Officers Foundation, Inc",1
Corbis Corporation,3
Corazon de La Familia Infant-Child Intervention project,2
Councilmember Jean Quan,1
"Councilmember James Coleman, South San Francisco",1
Councilmember Eric Garcetti,1
"Councilmember Brian Gutierrez, California State Council on Developmental Disabilities",1
"Councilmember Brian Guitierrez, California State Council on Developmental Disabilities",1
Councilmember Antonio Villaraigosa,1
Councilmember Anthony Phan,1
Councilmember Alarcon,1
"Councilman Marvin Braude, Los Angeles City Council",4
"Council, Village Center Westwood",1
"Council, California State Association of Electrical",1
"Council, California Peace Officerso",1
Council on American-Islamic Relations Southern California (CAIR-LA),1
Council of San Benito County Governments (Section 6),1
Council of San Benito County Governments (Section 3),1
Council of Philippine American Organizations of San Diego County (prior version),1
"Council of Engineers and Scientists Organizations*, Seattle, Washington",2
Council of Community Clinics (prior version),1
Council of Churches SB 985 (Kuehl) of Santa Clara County,1
Council of Asian Pacific Islanders Together for,1
Council of American Islamic Relations - California Chapter (prior version),1
"Council of Acupuncture and Oriental Medicine Association: Licensed Acupuncturists, Marian Blum",1
"Council of Acupuncture and Oriental Medicine Association : Licensed Acupuncturists, Marian Blum",2
Council for Tangible Assets - Sponsor,1
Council Santa Clara and San Benito Counties Building and Construction Trades Council,2
Council President Sean Elo Rivera,1
Council National Association of Industrial and Office,1
Council Member Zach Hilton City of Gilroy,1
"Council Member Paul Koretz, City Of Los Angeles",1
Council Member Marti Emerald,1
Council Member Jose Rodriguez,1
Council Member Joe Buscaino,1
Cottonwood Cemetery District Manager Arnie Brinton,1
"Costa County District Attorney, Los Angeles",1
Cosponsor Planned Parenthood Affiliates of California (PPAC),1
Cosponsor Office of the State LTC Ombudsman,1
Corporations Committee of the Business Law Section of the,2
"Corp., Tracy Material Recovery and Solid Waste",1
"Coronado Firefighters Association, Local 1475",1
Cornell University Steve Apfelbaum,1
Cornell University,1
Corinthian Colleges' National Institute of Technology at Long Beach,2
Corinthian Colleges' National Institute of Technology at,2
Corinthian Colleges' Nat'l Institute of Technology at Long Beach,6
"Corcoran, City Of",1
Coordinating Council (previous version),1
Cooperative of American Physicians (with respect to Section 437c summary adjudication provisions only),1
Conty of Los Angeles Human Relations commission,1
Controller of California,4
Controller Wendy Greuel,1
Control: Coordinating Council,2
"Contractorso State License Board (sponsor, CSLB)",1
"Contractors' Association, Engineering & Utility",1
Contractors of the Bay Area Counties (sponsors),1
Contra Costa Public Defenders Union,1
"Contemporary Sino-Japan War Historical Association, Monterey Park",3
Consumer Credit Counseling of Mid-Counties,1
Contractors State License Board Sacramento Nexus,2
Contractors State License Board Enforcement Program Monitor,4
Contractors State License Board (as proposed to be amended),1
Contractors State License Board (Legislative Committee),1
Contractors State License Board (CSLB) has formally adopted a,2
Contra Costa Supervisor Millie Greenberg,6
Contra Costa Supervisor John Gioia,2
Contra Costa MoveOn (prior version),1
"Contra Costa Healthy Services, Public and Environmental Health: Advisory Board",1
Contra Costa Health Plan (prior version),1
"Contra Costa County, Supervisor John Gioia",1
"Contra Costa County, Sheriff's Department",2
Contra Costa County Treasurer-Tax Collector Russell Watts,2
Contra Costa County Treasurer- Tax Collector Russell Watts,1
"Contra Costa County Supervisor, Mary Nejedly Piepho",2
"Contra Costa County Supervisor, John Gioia",1
"Contra Costa County Supervisor, District One, John Gioia",1
Contra Costa County Supervisor Tom Torlakson,5
Contra Costa County Supervisor Millie Greenberg,4
Contra Costa County Supervisor Mark Desaulnier,1
Contra Costa County Supervisor Karen Mitchoff,1
Contra Costa County Supervisor John Gioia,2
Contra Costa County Supervisor Gioia,1
"Contra Costa County Supervisor Donna Gerber, Water Allocation Through Equitable Rates (WATER)",1
Contra Costa County Supervisor Diane Burgis,1
Contra Costa County Superintendents' Coalition (Representing 18 school districts & Contra Costa County Superintendent of Schools),1
Contra Costa County Superintendent of Schools and 18 School District,3
"Contra Costa County Sheriff-Coroner, Warren Rupf",3
Contra Costa County Sheriff David O. Livingston,1
Contra Costa County Public Guardian/Conservators Department,2
Contra Costa County Probation Officer Gerald S. Buck,3
Contra Costa County Office of Sheriff-Coroner,1
Contra Costa County Juvenile Justice Commission/Delinquency Commission,4
Contra Costa County Fair 23rd Dist. Ag. Assoc,1
Contra Costa County District Attorney Mark Peterson,1
Contra Costa County District 3 Supervisor Diane Burgis,2
Contra Costa County Department of Child Support Services,4
Contra Costa County DA,1
"Contra Costa County Clerk-Recorder and Registrar of Voters, Joseph E",1
Contra Costa County Clerk-Recorder (prior version),1
Contra Costa County Children & Family Services,1
"Contra Costa County Board of Supervisors, Chair Federal Glover",3
Contra Costa County Board of Supervisors Chair Federal Glover,1
Contra Costa County Association of Homeless and Housing Service Providers,1
"Contra Costa County Agricultural Commissioner, retired",1
Contra Costa County (prior version),1
Contra Costa County (5/17/05),1
Contra Costa Community Awareness and Emergency Response Group,2
"Contra Costa Board of Supervisors, City of",1
Contra Costa Association,1
Contra Cost County Treasurer-Tax Collector Russell Watts,2
Container Corporation of America (committee analysis),1
"Consumers for Auto Reliability and Safety, Rosemary Shahan, President",1
"Consumers Union, Suzanne Martindale, Senior Attorney",1
"Consumers Union, Michael Terhorst, San Francisco",5
"Consumers Union, Director West Coast",1
Consumers Union Dr. Larry Bowers,1
Consumers Union - 06/04/03,1
Consumers Union (updated 1/4/18),1
Consumers Union (to prior version of the bill),1
Consumers Union (previous version),1
Consumers Union (as introduced),1
"Consumers Union (Letter dated June 23, 2000 for current version of bill)",1
"Consumers Union (August 18, 2003)",1
"Consumers Union (April 2, 2009 version)",1
Consumers Coalition of California (CCC),1
"Consumer Watchdog, sponsor of the bill",1
Consumer Watchdog similarly,1
Consumer Watchdog also,1
Consumer Watchdog (as amended),1
Consumer Union (as amended),1
Consumer Protection Protection Center (CPPC)/ USD School of Law,2
Consumer Protection Policy Center/USD School of Law (prior version),1
Consumer Protection Policy Center at the Center for Public Interest Law,2
Consumer Protection Policy Center (CPPC)/USD School of Law,1
Consumer Protection Policy Center (CPPC) at UC San Diego's Center for Public Interest Law,2
"Consumer Federation of California is the sponsor of AB 3108, and",1
"Consumer Federation of California (August 18, 2003)",1
"Consumer Federation of California (April 2, 2009 version)",1
Consumer Credit Counseling Service of the Twin Cities GreenPath,1
Consumer Credit Counseling Service of the East Bay,1
Consumer Credit Counseling Service of Inland Empire,1
Consumer Attorneys of CaliforniaConsumer Attorneys of California (Sections 1 and 2),1
Consumer Attorneys of California: One individual,1
Consumer Attorneys of California: GOVERNOR'S VETO MESSAGE,1
"Consumer Attorneys of California, a sponsor of the bill",2
"Consumer Attorneys of California, Nancy Peverini, Legislative Director",1
"Consumer Attorneys of California, (CAOC) (as introduced)",1
Consumer Attorneys of California |Policy Education,1
Consumer Attorneys of California writes,1
Consumer Attorneys of California to address concerns about unnecessary court appearances,2
Consumer Attorneys of California strongly,1
Consumer Attorneys of California is pleased,2
Consumer Attorneys of California explain their,3
Consumer Attorneys of California and a coalition of labor organizations,2
Consumer Attorneys of California and California,2
Consumer Attorneys of California SB 1452 (Escutia) PageB,1
Consumer Attorneys of California - Co-Sponsor,1
Consumer Attorneys of California (to the previous version of the,1
Consumer Attorneys of California (CA0C) also,1
Consumer AB 1127 (Steinberg) Attorneys of California,1
Consulting Engineers and Land Surveyors of SCA 6 (Murray),1
Consulate General of Ukraine Sergiy Aloshyn (San Francisco),1
Consul General of Greece Xenia Stefanidou,1
"Construction Legislative Council of the Plumbing, Heating and Piping Industry",3
"Consortium Management Group, on behalf of Caliva",1
Consolidated Superior and Municipal Court of Riverside County,2
Consolidated Firefighters Association IAFF Local 4085,1
Conselho Supremo da Uniao Portuguesa do Estado da,2
"Conscious Cannabis Ventures, support as a work in progress",1
Connecting for Better Health and a nonprofit coalition promoting data exchange,2
Connect Motivate Educate (CME) Society of San Jose State University,1
Congress pf California Seniors,1
Congress of Racial Equality of California (CORE),1
Congress of History of San Diego & Imperial Counties,1
Congress of California Seniors: Counties PSA 26,1
Congress of California Seniors/Sponsor,1
"Congress of California Seniors, Region IV-A, Santa Clara County",2
Congress of California Seniors (support in principle),1
Congress of California SB 90 (Torlakson) Seniors,1
Congress of California AB 860 (Thomson) Seniors,1
Congregation Beth Shalom's Sacramento ACT Local Organizing Committee,1
"Conference on Jewish Material Claims Against Germany, Inc. Six Individuals",1
Conference of Private Organizations in California,4
"Conference of Operating Engineers, California",1
Conference of Delegates of the State Bar of,2
Conference for Integral & Vital Instruction in,1
Concord Police Association,2
"Concord Child Care Setting, Inc",1
"Concerns of Police Survivors, Southern California Chapter",1
Concerns Service Employees International Union California (SEIU),1
Concerns Kaiser Permanente,3
ConcernedCRAs,1
Concept 7 Family Support & Treatment Centers,1
Computerized Vehicle Registration General Systems Solutions,1
Computer Professionals for Social Responsibility (Volunteering technical assistance to enact this legislation),1
"Compton, City of",1
"Compton Unified School District, Board of Trustees President, Micah Ali",1
"Compton Unified School District, Board President, Micah Ali",1
"Compton College President, Keith Curry, Ed.D",1
Compassion In World Farming-Usa,1
"Commuter Transportation, Northern California Inland Chapter",2
"Community Works, more than 60 individuals",1
Community Violence Solutions and Rape Crisis Center of Marin and Contra Costa Counties,2
Community Violence Solutions and AB 898 (Chu) Rape Crisis Center of Marin and Contra Costa Counties,1
Community Violence Solutions (Contra Costa and Marin counties),1
Community Services Agency Area Agency on Aging,1
Community Services Agency - Area Agency on Aging,1
Community Service Programs-Sexual Assault Victim Services-Orange County,1
"Community Service Programs, Victim/Witness Assistance Program",1
"Community Service Programs, Inc. Sexual Assault Victim Services",1
Community Safety Traffic Coalition,2
"Community Perinatal Project, Los Angeles County, Department of Health Services",1
"Community Perinatal Project, Los Angeles County, Department of Health",1
Community Medical Centers Department of Behavioral Health Services,1
"Community Housing Council of Fresno, John Shore, Executive Director",1
"Community Food Bank, Fresno",1
Community Financial Services Assoc. of America,1
"Community Financial Resources, Leon Sompolinsky, CIAO & Parisa Esmaili, Director of Partner Relationships",1
Community Clinic Association of Los Angeles County writes,1
Community Clinic Association of Los Angeles (committee,1
Community Child Care Council 4C's of Alameda County,1
Community Child Care Council (RC's) of Alameda County,1
Community Child Care Council (4C's) of Sonoma County,3
"Community Center Parents, Families, and Friends of Lesbian and Gays, Ventura County",2
"Community Care Council of Sonoma County, Inc",1
"Community Awareness & Emergency Response (CAER) Group, Inc",1
Community Associations Institute - California Legislative Action Committee writes,1
Community Adult Day Care of Community,1
"Community Action, Service & Advocacy",2
Community Action Partnership of Kern |Policy Project,1
Community Action Partnership of Kern (CAPK),1
Communities in Schools of California,2
"Communications Workers of America, District 9, Local 9400, Local 9415",1
"Communications Workers of America, District 9 (prior version)",1
"Communications Workers of America, AFL-CIO Local 9410 (San Francisco)",1
"Communications Workers of America, AFL-CIO District 9 (Sacramento)",1
Communications Workers of America Local 9575 (prior version),1
"Communications Workers of America Local 9423, District I and II:: Santa Clara, San Mateo, Santa Cruz, San Benito, Monterey, and San Luis Obispo Counties",1
Communications Workers of America Local 9423(prior version),1
"Communications Workers of America Local 9404, San Rafael",1
"Communications Workers of America Local 9000, Los Angeles",1
"Communication Workers of America, AFL-CIO, District 9, sponsor of the bill",1
"Communication Workers of America Local 9423, District I and II",3
"Communication Workers of America Local 9412, Hayward",3
"Communication Workers of America Local 9404, San Rafael",3
"Communication Workers of America Local 9400, Paramount",3
Communication Workers of America Local 9199,1
"Communication Workers of America Local 9000, Los Angeles",3
Communicare+ole,5
Communicare+OLE,5
"Committee, West County Toxics Coalition, 30",1
"Committee on the Administration of Justice, State Bar",1
Committee on Natural Resources,2
Committee on Environmental Safety and Toxic,3
Committee on Environmental Safety & Toxic,2
Committee of Interns and Residents/Service Employees International Union,2
Committee of Interns and Residents/Service Employees International,1
Committee for Universal Security (Santa Cruz),1
"Commissioner Ricardo Lara, California Department of Insurance",2
Commissioner Garamendi,1
"Commissioner Becker, San Diego County Cable Television Review Commission",2
"Commissioner Becker, San Diego County Cable TV Review Commission",4
"Commission on the Status of Women, CA",2
Commission on Peace Officer Standards and,2
Commercial Transactions Committee of the Business Law Section of,2
Commercial Real Estate Development Association - National Association of Industrial And Office Properties of California,2
Commercial Energy,2
"Commanding Officer, Naval Air Station Lemoore, CA, Captain Monty Ashliman",1
"Commanding Officer Naval Air Station Lemoore, Captain Monty Ashliman",1
Commander Department of California Highway Patrol Monterey Area,2
"Comite Civico Del Valle, the bill's sponsor",1
Comite Civico (Co-Sponsors),1
Comedy Scholl Traffic Violator School,2
Colusa Indian Community Council (Cachil Dehe Band of Wintun Indians),2
Colusa Indian Community Co,2
Colusa District Attorney John R. Poyner,1
Community Care Solutions/Sunnyview Home CLHF,1
Commissioned Officers Association of the United States Public Health,1
"Commission for Advanced California Paralegal Specialization, Inc. (a private corporation)",1
Colusa Tractor Co,1
Columbine Type and Design,1
"Community Action Fund, Planned Parenthood Orange & San Bernardino Co",1
Community Action Fund of Planned parenthood of Orange and San Bernardino,2
Community Action Fund of Planned Parenthood of Orange and San Bernardino County,1
Community Action Fund of Planned Parenthood of Orange and San Bernadino Counties,1
Community Action Fund of Planned Parenthood of Orange & San Bernardino Counties,2
Community Action Fund of Planned Parenthood Orange and San Bernadino,3
Community Action Fund of Planned Parenthood Orange & San Bernardino Counties,1
Community Action Fund of Planned Parenthood,1
ideas42,1
i.am Angel Foundation,1
Coldwell Banker commercial Brokers of the Valley,1
Coalition to Advance Renewable Energy through Bulk Storage (CAREBS),2
Clovis iPhone & Computer Repair LLC,1
College of the Sequoias Counseling Faculty,3
College of the Sequoias Board of Trustees,3
"College of the Sequoias Administrators, Faculty and Staff",3
"College of the Desert, Foster Youth Success Initiative",2
College of the Desert's Extended Opportunity Programs and Services Program and the Cooperative Agencies Resources for Education,1
College of the Canyons (3/14/06),1
College of Veterinary Medicine at Western University of Health Services,4
College of Engineering and Computer Science University of California Riverside,1
"College of Emergency Physicians, California Chapter",1
"College of Agriculture, California Polytechnic State University",1
College District and Chair of the Economic Workforce Development,2
"Collectors, Central California Valley Flood Control",1
"Collectors and Transporters Association, Onyx",1
"Collective SPACE (Social Power Through Action and Community Education), Los Angeles",1
Collateral Loan and Secondhand Dealers Association (CLSD) - Sponsor,1
Collateral Lenders and Secondhand Dealers Association,2
Collaborative for Tribal Education: GOVERNOR'S VETO MESSAGE,1
Collaborative Council of the Redwood Empire (in support of Sections 1 & 2),1
Colin Parent City Councilmember City of La Mesa,1
Colfax,1
Coles Carpets and fine flooring,1
Coleman Advocates for Children & Youth (prior version),1
"Cois M. Byrd, Sheriff, Riverside County",2
Coastal Environmental Rights Foundation (prior version),1
Coastal Communities Hospital's Department of Maternal Child Health,1
"Coast Wine Growers Association, California",1
"Coast Community College District Student Council (Coastline Community College, Golden West College, Orange Coast College)",2
"Coalition, California Grain and Feed",1
"Coalition, California Association of Environmental Health Administrators",1
"Coalition, Breast Cancer Action, California",1
Coalition to Protect the Family,1
Coalition to Abolish Slavery and Trafficking and supported by the County of Santa Clara and labor organizations,2
Coalition to Abolish Slavery and Trafficking and supported by other entities,2
Coalition to Abolish Slavery & Trafficking (CAST) Coalition to Abolish Slavery and Trafficking,1
Coalition on the Environment and Jewish Life of Southern California Global Green USA,2
Coalition of the Republic of Vietnam Veteran Associations: in Southern California,1
"Coalition of labor, Agriculture and Business (COLAB)",1
Coalition of Small and Disabled Veteran Businesses (joint-sponsor),1
Coalition of Responsible Senior Placement Agencies,1
Coalition of Public Safety Officer Support Services,1
Coalition of Parental Support and the Joint Custody Association support all,2
Coalition of Parental Support (COPS),1
"Coalition of Independent Recyclers, Regional",1
Coalition of Eligible Surplus Lines Insurers and Reinsurers and the Underwriters @ Lloyds of London,1
Coalition of Eligible Surplus Lines Insurers and,2
"Coalition of California, League of California",1
Coalition of California Welfare Rights Organizations/Children's Defense Fund/Western Center on Law and Poverty (Co-Sponsors),1
Coalition of California Welfare Rights Organizations write,1
Coalition of California Labor for Climate Jobs,2
Coalition of California,2
Coalition of CA. Welfare Rights of Organizations(CCWRO),2
Coalition of Actively Treat and Education for,1
Coalition for family Preservation,2
"Coalition for Sustainable Transportation, Santa Barbara",1
"Coalition for Humane Immigrant Rights, the sponsor of the bill",2
"Coalition for Humane Immigrant Rights (CHIRLA), sponsor of the measure",2
Coalition for Humane Immigrant Rights (CHIRLA) Co-sponsor,1
Coalition for Family EquityCoalition of Parent Support,1
Coalition for Family Equity Coalition of Parent Support,1
Coalition for Fairness in Water and Sewer Rates,1
"Coalition for Engaged Education, C/FORWARD Program",3
Coalition for Elder & Dependent Abuse Rights (CEDAR) - Sponsor,1
"Coalition for Economic Survival, Los Angeles Corporation for Supportive Housing, Oakland",1
Coalition for Adequate School Funding,2
Coalition for Acute Resuscitation and Critical Care Researchers,1
Coalition Protect Animals in Entertainment,1
Coalition For a California Earthquake Authority consisting,4
"Coalition Advocating for Rights Empowerment and Services (CARES), includes",1
"Coalition Advocating for Rights Empowerment and Services (CARES) , includes",2
Coalition Advocating for Rights Empowerment and,2
Coachella Valley Unified School District Afterschool Programs Cybermill,1
Coachella Valley Narcotics Task Force,1
Co-sponsors SEIU California,1
Co-sponsor University of California Los Angeles,1
Co-sponsor Disability Rights California,1
Co-sponsor California Correctional Supervisor Organization,1
Co-sponsor Brady Campaign,2
Co-Sponsors: Legal Advocates for Permanent,1
Co-Sponsor Service Employees International Union,2
Co-Sponsor California Department of Human Resources (CalHR),3
Co-Sponsor California Correctional Peace Officers' Association,1
Co-Sponsor California Correctional Peace Officers Association (CCPOA),3
Co-Sponsor AFSCME Local 2700,1
Co-Founder Arena Solutions,1
"Clinicas del Camino Real, Incorporated (prior version)",1
Clinicas del Camino Real (prior version),1
"Clinicas de Salud del Valle de Salinas, Inc. (prior version)",1
Clinica Sierra Vista (prior version),1
Clinica Mons. Oscar A. Romero,1
"Climate Reality Project, San Fernando Valley Climateplan",2
Climate Parents (prior version),1
Clerk/Administrator of Oakland-Piedmont-Emeryville Municipal Court,1
Clearinghouse,2
Clear Channel Outdoor/Northern California (Clear Channel Worldwide),1
Cleantech America LLC,2
Clean Water Action and California League of,2
Clean Water Action (seek amendments),1
Clean Water Action (previous version),1
Clean Water Action (in concept),1
Clean Water Action (called for amendment),1
Clean Water Action (and amend),1
"Clean Power Alliance, sponsor of this measure",1
Clean Power Alliance - sponsor,1
"Clean Harbors Environmental Services, Phibro-Tech, Inc., Safety-Kleen Corporation, Teris LLC, Waste Management",1
Clean Coaliton Coltura,2
Clean Air Action,1
Claypool and Company (committee analysis),1
"Claude Parrish, member, State Board of Equalization",1
"Claude Parrish, member, Board of Equalization",1
"Claude Parrish, Member, Board of Equalization, District 3",1
"Claude Parrish, Board of Equalization",1
Clarita Valley Transportation Management,1
"Civil Service Employees, Local 1991",3
Civil SB 1934 (Polanco) Justice Association of California,1
"Civil Liberties Union, California Medical",1
Civil Justice Association of California (with respect to Section 437c summary adjudication provisions only),1
Civil Justice,3
"Civil Engineering Construction, Inc, Clark Pacific",6
Civic Well - CO-SPONSOR,1
Civic Voice students at Lakewood High School,2
"Civic Center Harris Housing Corporation, Ronnie Sandoval, President",1
"Civic Center (Burton) Corporation, Santa Ana",1
City/County Association of Governments of AB 392 (MONTANEZ),1
City/County Assn. of Govts. of San Mateo County,2
"City of Woodland, City of",1
City of Winters (sponsors),1
City of Westminster (prior version),1
"City of West Sacramento, West Sacramento Chamber of Commerce, Pacific Utility Equipment Company, Warehousemen's Union",1
"City of West Sacramento, Sacramento County, Yolo County, Port of Oakland",1
City of West Sacramento in an effort to enable the city to raise additional general fund revenues,2
City of West Sacramento Councilmember Quirina Orozco,1
City of West Hollywood Councilmember John Erickson,1
City of West,1
City of Vista Mayor Judy Ritter,2
"City of Victorville, City of",1
City of Victorville (See attached list provided by author),1
City of Vernon Fire Department,1
City of Vallejo Mayor Robert Mcconnell,1
City of Vallejo Mayor Robert McConnell,2
City of Vallejo Fire Department,1
City of United States Telecom Association Dba Ustelecom - the Broadband Association,1
City of United Coalition East Prevention Project (Los Angeles),1
City of Twain Harte Community Services District,1
City of Tri-City Ecology Center,1
City of Town of Portola Valley,2
City of Torrence Mayor Patrick Furey,1
City of Torrance Mayor Patrick Furey,1
"City of Sunnyvale, Northcoast",1
City of Stockton Councilmember Kimberly Warmsley,1
City of Stockton Councilmember Dan Wright,1
City of Stockton Council Member Moses Zapien,2
City of Stockton (provisions relating to the Buckley Cove launching facility only),1
City of South Tahoe Refuse Co. Inc,1
"City of South Gate, Councilmember Jorge Morales",1
"City of South Gate, City of",1
"City of South El Monte, Director of Community Services",2
City of Solid Waste Association of North America,1
City of Solana Beach Mayor Lesa Heebner,1
City of Signal (Mayor),1
City of Shatterproof,1
City of Shanti,1
City of Seaside Councilmember Jon Wizard,2
City of Seaside Council member Jon Wizard,1
"City of Seal Beach, Orange Coast Watch, Orange",1
City of Screen Actors Guild - American Federation of Television,1
City of Scotts Valley Police Chief Steven Lind,1
"City of Satellite Housing, Inc",1
"City of Santa Rosa, City of",1
City of Santa Rosa Mayor Scott P. Bartley,1
City of Santa Rosa Councilmember Veronica Jacobi,3
"City of Santa Monica, Mayor, Kevin McKeown",2
"City of Santa Monica, Mayor Tony Vazquez",3
"City of Santa Monica, Mayor Richard Bloom",3
"City of Santa Monica, Mayor Gleam Davis",1
City of Santa Monica Mayor Pro Tempore Caroline Torosis,1
City of Santa Monica Mayor Pam O'Connor,1
City of Santa Monica Councilmember Natalya Zernitskaya,1
City of Santa Monica Chief of Police,1
City of Santa Monica Big Blue Bus,2
City of Santa Monica - SPONSOR,1
City of Santa Monica (prior version),1
"City of Santa Monica (as amended March 28, 2006, with requested amendment)",1
City of Santa Maria Mayor Alice M. Patino,1
City of Santa Margarita Water District,1
City of Santa Fe Springs Santa Rosa,1
City of Santa Fe Springs (5/11/98),1
"City of Santa Cruz, Vice Mayor, Don Lane",1
"City of Santa Cruz, Mayor, Lynn Robinson",1
City of Santa Cruz in order to obtain state authorization for the San Lorenzo flood control project,2
City of Santa Cruz Society for the Prevention of Cruelty to Animals,1
City of Santa Cruz Parks and Recreation District \City of Alhambra,1
City of Santa Cruz Metropolitan Transportation District,1
City of Santa Cruz Mayor Lynn Robinson,1
"City of Santa Clara, Mayor Patricia Mahan",1
City of Santa Clara County Supervisor Liz Kniss,1
City of Santa Clara County Office of Education,1
City of Santa Clara County Board of Supervisors,1
"City of Santa Barbara, Mayor Helene Schneider",1
"City of Santa Barbara Police Department, Chief Cam Sanchez",2
City of Santa Barbara Mayor Helene Schneider,4
City of Santa Barbara County Coalition Counties of Alameda,1
City of Santa Barbara - Office of the Mayor,3
"City of Santa Ana, Mayor Miguel Pulido",1
"City of Santa Ana, Councilmember Vincent F. Sarmiento",2
"City of Santa Ana Police Department, Chief Paul M. Walters",2
"City of Santa Ana Mayor, Miguel A. Pulido",3
City of Sanitation Districts of Los Angeles County,1
City of Sanitary Fill Company,1
"City of Sanger, Mayor Joshua Mitchell",1
City of San Mateo Mayor Rick Bonilla,1
City of San Luis Obispo Chief of Police James,2
City of San Jose-Department of Housing,1
"City of San Jose, Mayor Sam T. Liccardo",1
City of San Jose Police Chief,1
"City of San Joaquin Mayor, Amarpreet Dhaliwal",1
"City of San Gorgonio Farms, Inc",1
City of San Francisco Regional Office of the American Jewish Committee,1
"City of San Francisco Mayor, London N. Breed",2
City of San Fernando Chief of Police Anthony Alba,3
City of San Elsinore,1
City of San Diego Film Commission,1
City of San Diego Chief of Police,2
City of San Diego Attorney General,1
City of San Buenaventura Chief of Police,2
City of San Bernardino Office of the Mayor,1
City of San Bernardino Municipal: Water District,1
City of San Bernardino Mayor Judith Valles,1
"City of Sacramento, Office of the Mayor, Kevin Johnson",1
"City of Sacramento, Mayor Kevin Johnson",2
"City of Sacramento, Mayor Joe Serna",1
City of Rural County Representatives of California,1
"City of Riverside, Office of the Mayor, Rusty Bailey",1
"City of Richmond, Mayor Tom Butt",2
City of Richmond Mayor Tom Butt,1
City of Richmond Mayor Eduardo Martinez,1
City of Redondo Beach Chief of Police,1
City of Redding Chief of Police,2
City of Recyclemore Recyclesmart,1
"City of Rancho Santa Margarita, Mayor Gary Thompson",1
City of Rancho Santa Margarita Mayor L. Anthony Beall,2
"City of Rancho Santa Margarita Honorable Laurie Davies, Mayor",1
City of Rainbow Disposal Co,1
City of Porterville Mayor Martha A. Flores,3
City of Porterville Mayor Cameron J. Hamilton,1
"City of Pismo Beach, sponsor of this measure",1
City of Peace Officers Research Association of California,1
"City of Patterson, Mayor Luis Molina",2
"City of Parlier, City Manager Israel Lara, Jr",1
City of Paramount Pictures,1
"City of Palo Alto, Mayor and Chief of Policy",1
"City of Palo Alto, City of",1
City of Palo Alto Mayor Nancy Shepherd,1
City of Pacific Coast Renderers Association,1
City of Outdoor Heritage Alliance,1
"City of Oceanside, City of",1
"City of Oakland, Libby Schaaf, Mayor",1
City of Oakland's Library Advisory Commission,1
City of Norwalk Department of Public Safety,1
City of Northern Sonoma County Air Pollution Control District,1
City of Norcal Waste,1
City of Non- Profit Housing Assoc. of Northern California,1
"City of Newport Beach, Mayor Keith D. Curry",1
City of Newport Beach Oasis Senior Center,1
City of New Hope Church of San Diego,1
"City of National, Mayor Ron Morrison",1
"City of National City, Mayor Alejandra Sotelo-solis",1
"City of National City, Mayor Alejandra Sotelo-Solis",1
"City of National City Mayor, Ron Morrison",3
City of NBC Universal,1
City of Monterey Park Chief of Police,2
City of Montebello (formerly listed as City of Montebello),1
City of Mogavero Notestine Associates,1
City of Miller Brewing Company,1
City of Millbrae Mayor Wayne J. Lee,1
City of Menlo Park Mayor Jen Wolosin,1
"City of Mendota, City Manager Vince DiMaggio",1
City of Mayor of Santa Cruz,1
City of Mashburn Waste & Recycling Services,1
"City of Marysville City Manager, Marti Brown",1
"City of Mark Beil Accountancy, Sacramento",1
City of Marin Sanitary Services,1
City of Marin Recycling & Resource Recovery Association,1
City of Madera Police Dept,1
"City of Los Angeles, Police Chief Charlie Beck",1
"City of Los Angeles, Office of the Mayor Eric Garcetti",2
"City of Los Angeles, Office of Chief Legislative Analyst",10
"City of Los Angeles, Norm Boyer, Chief Legislative",1
"City of Los Angeles, Mayor, Eric Garcetti",1
"City of Los Angeles, Mayor Garcetti",1
"City of Los Angeles, City Attorney Mike Feuer",2
"City of Los Angeles Police Department Chief, Charlie Beck",1
City of Los Angeles Office of Chief Legislative Analyst,1
City of Los Angeles Mayor Richard Riordan,2
City of Los Angeles Department of Water,1
City of Los Angeles City Attorney Michael N. Feuer,1
City of Los Angeles Area Chamber of Commerce,1
City of Los Angeles - Office of the Chief Legislative Analyst,2
City of Los Angeles - Mayor Eric Garcetti,1
City of Los Altos Police Chief,1
"City of Lancaster, Mayor, Rex Parris",2
City of Laidlaw Waste Systems,1
City of Irvine Mayor Farrah N. Khan,1
City of Inglewood Chief of Police,2
City of Industrial Environmental Association,1
City of Human Services Agency,1
City of Hope National Medical Center and Beckman Research Institute,2
City of HMS Agricultural Corporation,1
City of HMR,1
City of Group San Francisco,1
City of Greater Irvine Chamber of Commerce,1
City of Golden Gate Disposal,1
City of Glendale Police Chief,5
"City of Fresno, Mayor, Ashley Swearengin",2
City of Fresno Mayor Ashley Swearengin,2
"City of Fremont Police Department, Animal Services Unit",10
City of Fontana Rubbish Collectors,1
City of Film Liaisons in California Statewide,1
City of Feather River Fly Fishers,1
"City of Escondido Mayor, Sam Abed",1
"City of Emeryville, Mayor John J. Bauters",2
"City of Emeryville, Mayor John Bauters",2
City of Emeryville Mayor John J. Bauters,1
City of Emeryville Mayor John J Bauters,1
City of Eureka Police Department,9
City of El Cerrito Public Works Department,1
City of El Cerrito Mayor Carolyn Wysinger,2
City of El Cerrito El Cerrito Fire Department Mayor Janet Abelson,1
"City of El Cerrito City Manager, Scott Hanin",2
City of El Cerrito City Manager Scott Hanin,1
City of El Cerrito Chief of Police Sylvia Moir,1
City of El Centro City Manager Ruben A. Duran,3
"City of El Cajon, City of",1
City of Edco Disposal,1
"City of Dos Palos, Mayor Jerry Antonetti",2
City of Distillery No. 209 (San Francisco),1
"City of Dinuba, Mayor Terry McKittrick, Danny Delgado, Chair, Dinuba",1
City of Davis Waste Removal Co,1
City of Davis Police Chief Jim Hyde,3
City of Daly City Redevelopment Agency,1
"City of Culver City, Mayor Jeffrey Cooper",1
City of Cudahy Mayor Osvaldo Conde Jr,5
City of Covina City Manager Daryl Parrish,1
"City of County of San Francisco Mayor, Edwin M. Lee",1
City of Corcoran Police Chief,3
City of Contra Costa Humane Society,1
City of Consolidated Debris Box Services,1
City of Compton to reform the management of private cemeteries,2
"City of Compton Mayor, Eric Perrodin",1
"City of Compton (Resolution rescinded by act of City Council on April 13, 2004)",1
City of Community Housing Development Corporation of Santa Rosa,1
City of Community Alliance with Family,1
City of Committee for Green Foothills,1
City of Colton Community Development,1
City of Coachella Valley Housing Coalition,1
City of Coachelia,1
City of Cleveland National Forest Foundation,1
City of Civic Enterprise Development,1
City of Civic Center Barrio Housing Corporation,1
City of City of Tulare,3
City of City of Torrance,1
City of City of Oakland,1
City of City of Mission Viejo,1
City of City of Laguna Hills,1
City of City of Huntington Park,1
City of City of Gilroy,1
City of City of Cudahy,1
City of City of Compton Redevelopment Agency,1
City of City of Carlsbad - Housing & Redevelopment Department,1
City of City of Burbank Water,1
"City of Chula Vista, Mayor Shirley Horton",2
"City of Chula Vista, Mayor Mary Casillas Salas",1
City of Chula Vista Office of Deputy Mayor Jose Preciado,1
City of Chico Chamber of Commerce,1
City of Center for the Promotion of Democracy and Human Rights,1
City of Carson Association of Management Employees (AME),1
City of Carson Association of Confidential Employees (ACE),1
"City of Carlsbad, Office Fire Prevention: Division",1
City of Calistoga Mayor Donald Williams,1
City of Calabasas Mayor Fred Gaines,4
City of Calabasas Mayor David Shapiro,1
"City of Burbank, City of",1
"City of Buena Park, Mayor Donald W. McCay",1
City of Bourdette & Partners,1
City of Berkeley City Auditor Ann-Marie Hogan,3
City of Benicia Mayor Steve Young,2
"City of Bell Gardens Police Department, Chief Robert E. Barnes",2
City of Bay Area Economic Forum,1
City of Barbara Public Works Department,1
City of Artesia Mayor Ali Sajjad Taj,1
City of Artesia Councilmember,1
City of Angeles County Probation Department,1
City of Alameda Housing Authority,1
Citrus Freeze Task Force,2
"Citizens for Law and Order (As amended September 10, 1997)",1
City of -Yee County of San Bernardino,1
City of -Papan Foothill Transit,1
City if San Diego Mayor Jerry Sanders,1
City and county of SF: District Attorney,1
"City and County of San Francisco: Cope Family Center, Napa",1
"City and County of San Francisco, office of Economic and Workforce Development",3
"City and County of San Francisco, Supervisor Katy Tang",1
"City and County of San Francisco, Mayor Gavin Newson",2
"City and County of San Francisco, Mayor Edwin Lee",1
"City and County of San Francisco, Department of the Environment (SF Environment)",1
City and County of San Francisco and supported by numerous business,2
City and County of San Francisco and Mayor Edwin Lee,1
City and County of San Francisco Supervisor David Chiu,2
City and County of San Francisco Recreation and Parks Dept,2
"City and County of San Francisco Mayor, London N. Breed",2
"City and County of San Francisco Mayor, Edwin Lee",2
City and County of San Francisco Mayor London Breed,1
City and County of San Francisco Human Services Agency (Co-Sponsors),1
City and County of San Francisco - Commission on the Environment,1
City and County of San Attorney,1
City and County of Sacramento Hunan Rights/Fair Housing Commission,3
City Police Departments of,1
City Of Leafly,1
City Of BeGreenLegal,2
City Manager San Rafael Jim Schutz,1
City Council of the City of Mission Viejo,1
City Council of the City of Garden Grove,1
City Council of Cathedral City,1
City Council Member Richard Alarcón - Los Angeles,3
City Council Member Richard Alarcon - Los Angeles,6
City Council Member Mario Beltran - Bell Gardens,9
City Council Member Jose Huizar - Los Angeles,9
City Council Member Jan Perry - Los Angeles,9
City College of Santa Monica College Guardian Scholars,1
City California State Sheriffs' Association,1
City Attorney of San Francisco David Chiu,1
"City Attorney Rocky Delgadillo, Los Angels",3
City Attorney Mike Feuer,1
City & County of San Francisco Mayor London Breed,1
Citrus Valley Health Partners (prior version of bill),1
Citizens' Climate Lobby Socal Tri-counties Chapter Cleanearth4kids.org,1
Citizens' Climate Lobby SoCal Tri-Counties Chapter Cleanearth4kids.org,2
Citizens for the Right to Know (Coalition comprised of 39 organizations),1
Citizens for Reliable SB 278 (Alarcon) and Safe Highways (CRASH),1
Citizens for Property Rights,1
Citizens for Health Care Freedom,2
Citizens for Drug Policy Reform,3
Citizens Economy and Efficiency Commission of Los Angeles County,4
Citizens Commission on Human Rights Los Angeles/Hollywood Chapter,3
Citizens Commission on Human Rights (earlier version of bill),1
"Citizens Against Lawsuit Abuse: Central California, Los Angeles, Northern California, Orange County, San Diego County and Silicon",1
Citizens Against Lawsuit Abuse of Los Angeles,12
"Citizens Against Lawsuit Abuse - Orange County, Central Cal and N. Cal",2
"Citizens Against Lawsuit Abuse - Central Cal., Los Angeles, N",1
Citizens Advisory Council (Orange County) Fame Renaissance,1
Citizen's Review Committee of the Fisheries Restoration: Grants Program,1
Cities of: Carmel by the Sea,1
Cities of: Benicia,1
"City Clerks Association of California (February 23, 2007 version)",1
Choice Medical Group of Apple Valley,2
Child Abuse Research and Evaluation Institute,1
Child Abuse Council of Napa County,3
"Chief of Police, UC Merced Police Department",1
"Chief of Police, UC Irvine Police Department",1
Cities of Los Angeles,3
Cities of El Cajon,1
"Cities Council of Governments, Western",2
"Cindy Chavez, Supervisor, Santa Clara County",1
"Cindy Chavez, Santa Clara County Supervisor, District 2",2
"Cindy Chavez, Santa Clara County Supervisor District 2",2
Cindy Chavez - Santa Clara Board of Supervisors,1
Cigna/Express Scripts,1
Church of Saint Raphael and Mission San Raphael Arcangel,2
"Church State Council, Seventh-Day Adventist Churches",1
"Chula Vista, Claremont, El Cajon, Dana Point, Los Angeles, Moreno Valley, Pasadena, Santa Barbara",2
"Chula Vista Mayor, Shirley Horton",2
Chula Vista Mayor's Office,2
Chula Vista Deputy Mayor Alonso Gonzalez,2
Chula Vista Council Member Steve Castañeda,2
Chula Vista City Councilmember Stephen C. Padilla,3
"Christopher Ward, San Diego City Councilmember",1
"Christine Grella, Researcher UCLA Integrated Substance Abuse Programs",1
Christian Science Committee on,1
"Christian Collier, Administrator of a Housing Facility in Riverside County",1
"Christian Collier, Administrator of a Housing Facility in",2
"Chris Cate, San Diego Councilmember",1
"Choicepoint and its ""Verification of Income and Employment",1
"Chino American Family Association, Chino Hills",1
Chinese-American Engineers and Scientists Association of Southern California,3
Chinese for Affirmative Action/Center for Asian American Advocacy,4
Chinese for Affirmative Action (prior version),1
Childrenos Advocacy Institute and California,2
Children's Specialty Care Coalition Adventist Health,1
Children's Services Network of the Central Valley,2
"Children's Law Center of California (CLC), the largest nonprofit, public interest law firm in the nation dedicated solely to protecting the rights of children and sponsor of the bill",1
Children's Law Center (sponsors),1
Children's Hospital Central California (prior version),1
"Children's Hospital Allergy/Immunology Division, University of California, San Diego",1
"Children's Health Initiative of Greater Los Angeles (July 6, 2007)",1
Children's Defense Fund-California (prior version),1
Children's Defense Fund-California (CDF-CA) -sponsor,1
Children's Choice for Hearing and Talking Center (prior version),1
"Children's Advocacy Institute, USD - Co-sponsor",1
"Children's Advocacy Institute notes, ""This heightened standard",1
"Children's Advocacy Institute at the University of San Diego School of Law, in support of the bill",2
Children's Advocacy Institute (prior version),1
Children's Advocacy Institute (current version),1
Children's Advocacy Institute (as indicated in Senate Judiciary Committee analysis),1
Children's Advocacy Institute (CAI) - sponsor,1
"Children and Families Commission of Orange County, which",2
"Childhood Immunization Coalition, Fresno and Madera Counties",2
"Child/Adolescent Services, Department of Mental Health, Commonwealth of Massachusetts",4
"Child Welfare League of America, Inc",2
"Child Trauma Academy/Dr. Bruce Perry, M.D., Ph.D. - senior",1
Child Support Directors Association of,4
"Child Nutrition Advisory Committee, Berkeley Unified School District",7
Child Net (committee analysis),1
"Child Health & Disability Prevention Program, San Joaquin County",1
Child Evangelism Fellowship of SB 711 (Dutton) Southern California,1
"Child Development and Family Studies Department, City College of San Francisco",1
Child Development Programs Advisory Committee (in concept),1
"Child Development Program, Claremont Unified School District",1
Child Development Policy Institute (child care provisions),1
Child Care law Center (child care provisions),1
Child Care Law Center -co-sponsor,1
Child Care Law Center (Co-Sponsors),1
Child Advocates Office/CASA of Los Angeles,1
Child Abuse Probation Parole and Correctional Association,1
"Child Abuse Prevention Council of Sacramento County, Inc",1
Child Abuse Prevention Center (CAPC) - sponsor,1
Child Abuse Council of Santa Clara County,1
Chiefs of Police of the Cities of Redding,1
Chiefs of Police of,1
Chiefs of Police from 31 cities,2
Chief of the Anderson Police Department,1
Chief of Town of Los Gatos and City of Monte Sereno,1
"Chief of Police, UC Santa Cruz Police Department",1
"Chief of Police, Town of Los Gatos/City of Monte Sereno",4
"Chief of Police, Napa Valley College Department of Public Safety",1
"Chief of Police, City Fremont",1
"Chief of Police, California State University, Long Beach",1
"Chief of Police, Arturo Venegas, Jr",1
"Chief of Police William Bratton, Los Angeles Police Department",1
"Chief of Police William Bratton, Los Angeles",3
Chief of Police William Bratton,1
Chief of Police Wayne G. Tucker,1
"Chief of Police Timothy Neal, Pleasanton",3
"Chief of Police Thomas Klose, Sanger",3
"Chief of Police Thomas Hoefel, Burbank",3
"Chief of Police Phil Green, Twin Cities Police Authority-Corte Madera and Larkspur Police Department",1
"Chief of Police Paul Walters, Santa Ana",3
"Chief of Police Larry Hansen, Lodi Policy Department",1
"Chief of Police Larry Hansen, Lodi Police Department",3
"Chief of Police Jerry Dyer, Fresno",3
"Chief of Police James M. Lewis, Pomona",3
"Chief of Police Jack L. Van Etten, Burlingame",3
"Chief of Police Douglas Hambleton, Berkeley",3
"Chief of Police David Snowden, Beverly Hills",3
Chief of Police David L. Snowden,1
Chief of Police Daniel M. Ortega,1
"Chief of Police Chris Magnus, Richmond",3
"Chief of Police Camerino Sanchez, Santa Barbara",3
"Chief of Police Anthony Batts, Long Beach",3
"Chief of Police Anthony Alba, San Fernando",3
"Chief of Police Albert Najera, Sacramento",3
"Chief of Police (Retired) Arturo Venegas, Sacramento",7
"Chief of Corrections, Delano Community Correctional Facility",2
Chief of Burns at Shriners Hospitals for Children,1
"Chief William Lansdowne, San Diego Police Department",3
"Chief William J. Bratton, Los Angeles Police Department",3
"Chief William Bratton, Los Angeles Police Department",2
"Chief Wayne Tucker, Oakland Police Department",3
"Chief Walters, Santa Ana Police Department",1
"Chief Thomas Hoefel, Burbank Police Department",3
"Chief Susan Jones, Healdsburg Police Department",3
"Chief Student Services Administrators Association, California Community",1
"Chief Steve Towles, Vernon Police Department",3
"Chief Ronald Davis, East Palo Alto Police Department",2
"Chief Roger Johnson, Monrovia City Police Department",3
Chief Rick Braziel,1
"Chief Ray Samuels, Newark Police Department",2
"Chief Randy Adams, Glendale Police Department",3
Chief Probation Officers' of California American Federation of State,2
Chief Probation Officers of Sheriffs' Association,1
"Chief Probation Officers of California, City of",1
"Chief Probation Officers of California, California State",1
"Chief Probation Officers of California (as of April 3, 1997)",1
Chief Probation Officers of,2
Chief Probation Officer of Fresno County Butch Coley,1
"Chief Philip Green, Twin Cities Police Authority",3
"Chief Peter Dunbar, Pleasant Hill Police Department",3
Chief Paul Walters,1
Chief Paul M. Walters,1
"Chief Pat Miller, Ventura Police Department",3
Chief Officers of California,2
"Chief Myron Galchun, Dinuba Police Department",3
"Chief Michael Heffner, Hawthorne Police Department",3
"Chief Michael Billdt, San Bernardino Police Department",3
"Chief Mark Evenson, Brentwood Police Department",3
"Chief Manuel Ortega, Bell Gardens Police Department",5
"Chief Lynne Johnson, Palo Alto Police Department",3
"Chief Lisa Ravazza, Piedmont Police Department",3
Chief Legislative Analyst - City of Los Angeles,1
"Chief Larry Todd, Clearlake Police Department",3
"Chief Landy Black, Davis Police Department",3
"Chief John Welter, Anaheim Police Department",3
"Chief John Robertson, Newark Police Department",5
"Chief John Crombach, Oxnard Police Department",3
"Chief Jerry Dyer, Fresno Police Department",3
"Chief James Rose, Pinole Police Department",3
"Chief James Hyde, Antioch Police Department",3
"Chief Jack Van Etten, Burlingame Police Department",3
"Chief Heather Fong, San Francisco Police Department",3
"Chief Gregory Suhr, City and County of San Francisco",1
"Chief Frank Wills, West Covina Police Department",3
"Chief David Snowden, Beverly Hills Police Department",3
"Chief David Livingston, Concord Police Department",3
"Chief David L. Maggard, Irvine Police Department",3
"Chief David Gullo, Campbell Police Department",3
Chief Craig Steckler,1
"Chief Christopher Shawkey, Costa Mesa Police Department",3
Chief Chris Magnus,1
"Chief Bruce Leflar, Maywood Police Department",5
"Chief Art Lopez, Oxnard Police Department",5
"Chief Anthony Batts, Long Beach Police Department",3
"Chief Albert Nájera, Sacramento Police Department",3
"Chief Adolfo Gonzales, National City Police Department",3
Chief Administrative Officer,1
Chief Administrative Office,1
Chico Mayor Sean Morgan,1
Chico Greater Chamber of Commerce,1
"Chico Firefighters, Local 2734",1
Chico Chamber Of Commerce,2
"Chicano Latino Caucus, California Democratic Party, Carlos Alcala, Chair",1
Chicano Latino Caucus of the California Democratic Party (prior version),1
Chevron Oil Co,1
"Chesa Boudin, District Attorney, City and County of San Francisco",1
Chesa Boudin - San Francisco District Attorney,1
Cheap School Traffic Violator School,2
"Chauffeurs, Teamsters and Helpers Local 150",1
Charter Relations Alliance: River Oak Charter School,1
Charles R. Drew University of Medicine and Coach for Kids,1
"Charles C. Plummer, Sheriff-Coroner of Alameda County",1
"Charles C. Plummer, Sheriff of Alameda County",1
"Charles C. Plummer, Alameda County Sheriff-Coroner",1
"Charles C. Plummer, Alameda County Sheriff",1
Charles C. Bell,1
"Charles Byrd, Siskiyou County",3
"Chapters, Waste Management",1
"Chapters Waste Management, Inc",1
Chapter (PFLAG- Danville/San Ramon Chapter),1
Chapter (AMTA),1
Change Beings with ME - Indivisible Chapter,1
"Chemistry and Engineering Evaluations, Inc",1
Chatsworth Porter Ranch Chamber of Commerce,2
Chancellor's Office of the CCC,1
Chancellor's Office of the Board of Governors of the California Community Colleges,4
"Chance Cutrano, Mayor Fairfax Town Council",2
"Chambers of Commerce of Arcadia, Burbank, Canoga Park/West Hills, Chino Valley, Costa Mesa, Crenshaw, Downey, Hanford, Inglewood/Airport Area",3
"Chamber of Commerce, California State",1
"Chairman, Arizona Independent Redistricting Commission",1
"Chairman Ron Roberts, San Diego County Board of Supervisors",3
Chair of the Judges Security Committee of the Los Angeles Superior Court,1
Cerritos Senior Housing,1
Cerritos Community College District/Cerritos College,3
"Cerritos Chinese School, Artesia",3
"Ceres Department of Public Safety, Art de Werk (Chief of Police/Director of Public Safety)",2
"Cerebral Palsy Associations, Consumers for",1
Central District Development Agency of the City of Bakersfield,1
"Central Courier, Inc., Ventura",2
"Central Contra Costa Sanitation District, Public",1
"Central Coast Commission for Senior Citizens, Area Agency on Aging",1
Central Coast Chapter Stonewall Democratic Club of Greater Sacramento,1
Central Coast Border Collie Rescue,2
Central Coast Alliance United for A Sustainable Economy Ceres,1
Central California Rail Shippers& shippers Association,1
Central California Education,1
Central California Coast Association of Occupational Health Nurses,4
Central CA Chapter of the Peace Officers Research,3
Centers for International Trade Development (Calif. Community Colleges),3
"Center of San Luis Obispo, Environmental",1
Center of Excellence on Elder Abuse and Neglect - UC Irvine Program in Geriatrics,1
Center of Excellence on Elder Abuse and Neglect - UC Irvine Program in,1
"Center for Student Life, California State University, Los Angeles",1
Center for Reproductive Rights and Justice at,1
Center for Public Interest Law/Children's Advocacy Institute/Univ. of San Diego,2
Center for Public Interest Law/Children's Advocacy Institute/ University of San Diego,1
Center for Public Interest Law/Children's Advocacy Institute University of San Diego,1
"Center for Public Interest Law, University of Calfiornia at",1
"Center for Public Interest Law, Childrens Advocacy",2
Center for Public Interest Law Children's Advocacy Institute/University of San Diego,1
Center for Public Interest Law Children's Advocacy Institute,1
Center for Public Interest Law (based at the University of San Diego School of Law),2
Center for Law and the Deaf,1
"Center for Law and Global Justice, University of San Francisco School of Law",1
Center for Global Law & Justice at University of San Francisco School of Law,2
Center Theater Group of Los Angeles County,3
Center For Public Interest Law/Children's Advocacy Institute/ University of San Diego,1
"Cemetery Workers & Greens Attendants Union, Local 265, John Martin, Exec. Board",3
Cellular Carrier Association of California Randy Chinn,1
Cañada College Classified Senate,1
"Cathy Murillo, Mayor of Santa Barbara",2
"Cathy Darling Allen, County Clerk/Registrar of Voters, Shasta County",1
Carson Dominguez Business Council,2
Carol A. Smith Accounting,3
Cardinal Scale Manufacturing Co,1
"Cardinal Escrow, Inc., Long Beach",2
Canon Business Machines,1
"Camino Escrow, Inc., Ventura",2
Catholic Charities-San Francisco County 4/28/93,1
Catholic Charities-San Diego 4/30/93,1
"Catholic Charities, Diocese of Stockton (Mother Lode Long Term Care Ombudsman)",2
Catholic Charities of SB 60 (CEDILLO),1
"Catholic Charities Immigration Services, Diocese of Santa Rosa",1
"Catholic Charities - Youth Empowered for Success, Youth Division",2
"Cathedral City Mayor, Kathleen J. DeRosa",5
Cathedral City (Mayor Kathleen J. Derosa),1
"Cathedral City Firefighters Association, Local 3654",1
Castroville CSD,1
"Casey Gwinn, the San Diego Domestic Violence Council, Inc",1
"Casey Gwinn, San Diego City Attorney's Office",2
"Casa Peque?a (Cabrillo College Children's Center, Family Child Care Homes Network)",1
Carson African American Empowerment Coalition,2
"Carriers Association of California, GTE California",1
"Carpet, Linoleum & Soft Tile Workers Local Union 12 District Council 16",1
Carpenter and Associates (representing co-sponsor),1
"Carol S. Bruch, Professor Emeritus at the UC Davis School of Law",1
"Carol Bruch, Professor of Law, U.C. Davis School of Law",1
"Carmen Trutanich, Los Angeles City Attorney",1
"Carmen A. Trutanich, City Attorney of Los Angeles",6
"Carlsbad Firefighters Association, Local 3730",1
Carlsbad Chief of,1
Carlsbad Aquafarm (committee analysis),1
"Carl Sparks, Sheriff-Coroner, Kern County",1
"Carl Sparks, Kern County Sheriff-Coroner",1
"Carl Nelson, Bold Polisner Maddow Nelson & Judson PC",1
Care Professionals (committee analysis),1
Cardiac and Thoracic Surgery Medical,1
Car and Truck Rental and Leasing Association of California,3
"Captive Genders anthology collective, UC Riverside",1
"Captain William Hertoghe, Rocklin Police Department",4
"Capt. Raymond Bower, International Association of Firefighters, Local I-25",2
Capitol of CA Council of UAW Retirees,1
Capitol People First (prior version),1
"Capital OB/GYN, Inc. (prior version)",1
Canyon Terrace Community Association (previous version of the bill),1
"Canyon Lake, City of",2
Canyon Hills Friends Church,2
Canon Ave/Veteran Way/E. 38th Avenue Coalition,1
"Cannabis Distribution Association, including",1
"Cannabis Distribution Association , including",2
Cannabis Distribution Association (in concept),1
"Cannabis Distribution Association (CDA), in its oppose unless amended letter",2
"Candace Ricks, Tijuana River Valley Equestrian Association and volunteer of Parks and Recreation Mounted Police",2
Campbell Chief of Police James A. Cost,1
Cameron Mobile Estates Chapter 964 (84 members),1
Calvary Baptist Church (Santa Ana),1
Calpine (as proposed to be amended),1
Californians for a Healthy and Green Economy (04/1/14 version),1
"Californians for Safety and Justice - Crime Survivors for Safety and Justice, sponsor of the bill",2
Californians for SB 1198 (Kopp) Compassionate Use,1
"Californians for Pesticide Reform, California",2
"Californians for Disability Rights, Inc. American Civil Liberties Union",1
"Californians United for Redevelopment Education, Orange County (as amended May 2, 2006)",1
"Californians Against Waste, Planning and Conservation League",1
Californians Against Waste - sponsor,1
California-Nevada Conference of Operating Engineers (8/23/93),1
California-Mexico Project (CSU Long Beach Chicano and Latino Studies Department),3
"California, United Food and Commercial Workers",1
"California, StopWaste.org (Alameda County Waste Management Authority)",1
"California, Environmental Justice Coalition for",1
"California, City of Huntington Park",1
California's Board of Optometry officially,1
California's Attorney General,3
"California of State, County and Municipal Employees (AFSCME), AFL-CIO",1
"California for Disabilities Rights, Inc. (sponsors)",1
California corrections Supervisors Association,2
California YouthBuild Coalition - Sponsor,1
"California YIMBY, City Of",2
California Wind Energy (CalWEA),1
California Welfare Directors Association - sponsor,1
California Welfare Directors Association (joint sponsor),1
California Water Service (Cal Water),2
"California Water Committee, WateReuse",1
California Water Association and San Gabriel,6
California Water Association (previous version),1
"California Waste Recovery Systems, LLC",3
California Veterans Board Veterans Advisory Council,1
"California Urban Forest Council, among a group of other environmental organizations",1
California Union of Safety Employees (CAUSE) - Sponsor,1
"California Union of Safety Employees (CAUSE) (as amended April 16, 2001)",1
California Union of Safety Employees ( all as introduced ),1
California Union of,4
California Uniform Retail Food Facility Law (CURFFL) Review Committee,2
California Trustees Association Unknown,1
California Trucking Association to implement a new federal law,2
California Trucking Association to address situations wherein shippers overload containers to be moved by train or ship,2
California Trucking Association - as introduced,1
California Trout (seek amendments),1
"California Trout ""sponsor",1
California Tribal Education Coalition -- Indian Education Centers,4
California Trial Court Consortium (54 members),1
California Transit Association Alameda-Contra Costa Transit District,1
California Transit Association (prior version),1
California Transit Association & ATU/Teamsters,2
California Transgender Gender Diverse and Intersex Policy Alliance,1
California Traffic School Association (Machado),1
California Tow Truck Ass'n,1
California Teamsters Public Affairs Public Affairs Council,1
California Teamsters Public Affairs Office,1
"California Teamsters Public Affairs Council, representing",2
"California Teamsters Public Affairs Council, Inglewood",1
"California Teamsters Public Affairs Council, Community Water",1
"California Teamsters Public Affairs Council, Clean Power",1
California Teamsters Public Affairs Council writes,2
California Teamsters Public Affairs Council in an attempt to target the abusive misclassification of employees as independent contractors,6
California Teamsters Public Affairs Council and supported by other labor organizations and three of nine San Diego city councilmembers,2
California Teamsters Public Affairs Council and supported by associations of photographers and writers,2
California Teamsters Public Affairs Council Sacramento Metropolitan Air Quality Management District,1
California Teamsters Public Affairs Council (co sponsor),1
California Teamsters Public Affairs Council (as introduced),1
California Teamsters Public Affairs Council (Sponsors),1
California Teamsters Public Affairs Council (Co-sponsors),1
California Teamsters Public Affairs Council (CTPAC),2
California Teaching Fellows Foundation (prior version),1
California Teachers' Association Association,1
"California Teachers Association, Education",1
"California Teachers Association, County",1
California Teachers Association and its Community College Association,2
California Teachers Association - cosponsor,1
California Teachers Association - as introduced,1
California Teachers Association - Sponsor,1
California Teachers Association - Co-Sponsor,1
California Teachers Association (on previous version of bill),1
California Teachers Association (as proposed to be amended),1
California Teachers Association (approve),1
California Teachers Association (Previous version),1
California Teachers Association (June 1 version),1
"California Teachers Association (February 23, 2007 version)",1
"California Taxpayers' Association, if",1
"California Taxpayers' Association, State Treasurer Bill Lockyer",2
California Taxpayers' Association Honorable Debra Bowen,2
California Taxpayers' Association (as introduced),1
California Taxpayers Association (prior version),1
"California Taxpayers Association (Letter dated June 20, 2011)",1
California Taxpayers Association (CalTax) (6/14/07 version),1
"California Tahoe Alliance, a partnership of local governments, special districts, and non-profit organizations in the Tahoe Basin",1
California Sustainable Agriculture Working Group (Sponsors),1
"California Superintendent of Public Instruction, Tom Torlakson",1
California Superintendent of Public Instruction Tom Torlakson,1
California Street Vendor Campaign (as amended),1
"California State University, San Bernardino, Social Work Department",1
"California State University, San Bernardino, Office of the President",1
"California State University, Office of the Chancellor (Sponsors)",1
"California State University, Northridge, Department of Biology",5
"California State University, Los Angeles, Nutrition Science Program",7
"California State University, Los Angeles, Center for",1
"California State University, Long Beach Nursing Students (58 signatures)",1
"California State University, Hayward's Environmental: Finance Center",2
"California State University, Fullerton: Host of the Small Business Development",1
"California State University, Fresno, Department of Communicative: Disorders and Deaf Studies",3
"California State University, Fresno (Department of Communicative Disorders and Deaf Studies)",1
"California State University, Dominguez Hills, Provost and Vice",1
"California State University, Chico, Office of the President, Paul J. Zingg",3
"California State University, Chico, Graduate Program of Speech Pathology",1
California State University Long Beach College of Engineering,3
"California State University Employees Union/SEIU 2579, Chapter 305, San",2
California State University Channel Islands Police Department,2
California State University Bakersfield School of Business and Public Administration,1
"California State Teachers' Retirement System (CalSTRS), Support if",2
"California State Sheriffso Association, City of",2
California State Sheriffs' Crime Victims United,1
California State Sheriffs' Crime Victims Bureau,1
California State Sheriffs' Association and the California State Coroner's Association,1
California State Sheriffs' Association and supported by numerous county Sheriff's offices,2
California State Sheriffs' Association Sheriff,1
California State Sheriffs' Association McGregor W. Scott,1
California State Sheriffs' Association Butte County Sheriff-Coroner,1
California State Sheriffs' Association - Sponsor,1
California State Sheriffs' Association (previous version),1
California State Sheriffs' Association (in Concept),1
"California State Sheriffs' Association (""support in concept"")",1
California State Sheriffs' Alliance,1
California State Sheriffs Association Association,1
California State Sheriffs Association (CSSA),2
"California State Sheriff's Department, Stanislaus County",1
California State Sheriff's AssociationUnknown,1
California State Sheriff's Association (CCSA),1
California State Rural Health Association (prior version),1
California State Pipe Trades Council (supportive of prior version),1
California State Parent Teacher Association (PRIOR VERSION),1
California State PTA EdVoice,4
California State PTA (4/2/98),1
California State Oriental Medical Association (prior version),1
California State Office Mothers Against Drunk Driving,1
California State Lieutenant Governor Eleni Kounalakis,8
California State Library Foundation,2
"California State Legislative Board, Sheet Metal, Air, Rail and Transportation Workers, Transportation Division (SMART-TD)",1
"California State Legislative Board, Sheet Metal, Air, Rail and Transportation Workers, Transportation Division",1
"California State Legislative Board, Sheet Metal, Air, Rail and Transportation Workers Transportation Division",1
"California State Legislative Board, Sheet Metal, Air, Rail & Transportation Workers - Transportation Division",4
"California State Legislative Board, SMART Transportation Division",3
"California State Legislative Board, SMART - Transportation Division",1
"California State Legislative Board of the Sheet Metal, Air, Rail and Transportation Workers, Transportation Division",1
"California State Legislative Board of The Sheet Metal, Air, Rail and Transportation Workers - Transportation Division",1
"California State Legislative Board of The Sheet Metal, Air, Rail and Transportation Workers",1
"California State Legislative Board of Sheet Metal, Air, Rail and Transportation Workers- Transportation Division",1
"California State Legislative Board of Sheet Metal, Air, Rail and Transportation Workers - Transportation Division (SMART-TD)",1
"California State Legislative Board of Sheet Metal, Air, Rail and Transportation Workers",1
California State Legislative Board of Sheet Metal,1
California State Legislative Board of SMART-TD,1
California State Legislative Board of SMART,1
California State Legislative Board of Brotherhood of Locomotive Engineers & Trainmen International Brotherhood of Teamsters,1
California State Legislative Board SMART-TD,2
California State Legislative Board SMART - Transportation Division,1
"California State Insurance Commissioner, John Garamendi",2
California State Insurance Commissioner Ricardo Lara,3
California State Hospice Association (CSHA - sponsors),1
California State Genealogical Alliance -- Sacramento Valley Region,6
California State Firefighters' Association California Federation of Women's Club,1
California State Firefighters' Association (prior version),1
"California State Firefighters Association, Inc.: CDF Firefighters",1
"California State Fire Association, Women's",2
"California State Federation, Council for",1
California State Federation of Chapters/National,3
"California State Employees, SEIU, Local 1,000, Civil Service Division",2
California State Employees Association: GOVERNOR'S VETO MESSAGE,1
California State Employees Association/CSU Division,1
"California State Employees Association, SEIU, Local 1000, Association of State Supervisors",1
"California State Employees Association, Association of California",1
California State Employees Association Southern California Alliance of Law Enforcement,1
California State Employees Association Service Employees International Union,4
California State Employees Association (Association of California State Supervisors Division),1
California State Employees Ass'n,1
California State Department of Justice/Attorney General's Office,3
California State Department of Education (co-source,1
California State County District Attorney,1
"California State Council, Service Employees International Union (SEIU)",2
California State Council of the Service Employees International Union (seiu California),1
California State Council of the Service Employees International Union (SEIU) - Sponsor,1
California State Council of the Service Employees International Union (SEIU) - Co-Sponsor,1
"California State Council of Service Employees, SEIU",1
California State Council of Service Employees International Union co-sponsor),1
California State Council of Service Employees International Union (Seiu California),1
California State Council of Service Employees International Union (SEIU Ca),1
California State Council of Service Employees (SEIU) (prior version),1
California State Council of Service Employees (SEIU CA),1
California State Council of SEIU (C-source),1
California State Council of,2
California State Council for Children and Adults with,1
California State Council Vietnam Veterans of America - California State Council,1
California State Council SEIU,1
California State Council Of Service Employees (prior version),1
California State Council Military Officers of America,1
California State Conference of the national Association for the Advancement of Colored People,1
California State Conference of the National Association for the Advancement of the Colored People,1
California State Conference of the National Association for the Advancement of Colored: People,1
California State Conference of the NAACP (National Association for the Advancement of Colored People),1
California State Conference of the,1
California State Conference of The National Association for the Advancement of Colored People,1
California State Conference of The National Association for The Advancement of Colored People,1
California State Conference of National Association for the Advancement of Colored People,1
California State Conference of NAACP,1
California State Conference of,2
California State Conference Of The National Association For The Advancement Of Colored People (NAACP),1
California State Coalition of Rape Crisis Centers,1
California State Building and Construction Trades Council : Bluewater Network,2
California State Building and Construction Trades Council - Sponsor,1
California State Board of Pharmacy - Sponsor,1
California State Board of Pharmacy (sponsors),1
California State Board of Pharmacy (Prior Version),1
California State Board of Pharmacy (Board) also,1
California State Board of Optometry to allow licensed optometrists to bring vision services and testing into the home for homebound individuals,2
California State Board of Equalization Member Betty Yee,1
California State Board of Barbering and Cosmetology (Board) voted to take a,1
California State Bar (re: Board of Tax Appeals portion),1
California State Automobile Association: GOVERNOR'S VETO MESSAGE,1
California State Automobile Association and the Automobile Club of Southern California,1
California State Automobile Association (as proposed to be amended),1
"California State Attorneys, Administrative Law Judges, Deputy Labor Commissioners and Hearing Officers in State Employment (CASE)",2
California State Attorney General-Kamala D. Harris,1
California State Association of Solano County,2
California State Association of Psychiatrists - sponsor,1
California State Association of Peace Officers Research Association,1
California State Association of Electrical Workers is the sponsor of this measure and,1
California State Association of Electrical Workers and Western States Sheet Metal Workers,2
California State Association of Electrical Workers Genentech,1
California State Association of Electrical Workers - co-sponsor,1
California State Association of Electrical Workers (supportive of prior version),1
California State Association of Electrical Workers (Co-sponsors),1
California State Association of Electrical Workers (Co-Sponsors),1
California State Association of Counties (to June 26 version of the bill),1
California State Association of Counties (per Senate Constitutional,1
"California State Association of Counties (February 23, 2007 version)",1
"California State Association of Counties (CSAC), representing all 58 of the state's counties",1
California State Association of Counties (CSAC - with the proposed amendment),1
"California State Assn. of Counties (CSAC Legislative Bulletin March 10, 1997)",1
California State Assembly Association of Surgical Technologists,2
California State Assembly - Association of Surgical Technologists,2
California State Alliance of YMCAs (prior version),1
California State Advisory Committee on Juvenile Justice and Delinquency Prevention,1
California State Advisory Advisory Commission on Special Education,1
"California Sportsman's Lobby, Inc. (as of 3/31/95)",1
California Speech Pathologists and Audiologists in: Private Practice,2
California Special Districts Association (Public Policy Advocates),2
California Space Authority (CSA) (Representing the Aerospace Industries),2
California Society of Internal Medicine (committee,1
California Society of Industrial Medicine and,2
California Society of Enrolled Agents (most of which are identical),1
"California Society for Human Resource Management, a supporter of the bill",1
California Society for Clinical School Work,1
"California Small Business Association - Representing: 187,000 small businesses",2
California Sierra Regional Arson Task Force,1
California Shore and Beach Association,2
California Shock Trauma Air Rescue (CALSTAR),1
California Sheet Metal and Air Conditioning Contractors (Cal SMACNA),1
California Sheet Metal,1
California Senior Legislature (CSL) - sponsor,1
California Senior Legislature (CSL) - Sponsor,1
"California Security Agencies, Inc",1
California Secure Transportation Energy Partnership (CalSTEP),1
"California Secretary of the State, Kevin Shelley",2
"California Secretary of State, Bruce McPherson",1
California Secretary of State Debra Bowen,1
California School Personnel Commissioners Association Personnel Commission,2
"California School Employees Association, Dave Low/Assistant",3
"California School Employees Association, AFL-CIO [May 22, 2012",1
California School Employees Association - letter was for prior,1
California School Bus Contractor's Assn,1
"California School Boards Association, Association",1
California Safe Schools Coalition |Park,1
California SB 453 (Poochigian) State Sheriffs' Association,1
California SB 1646 (Russell) Page n Insurance Wholesalers Association,1
California Rural Legal Assistance Foundation: 409 Private Citizens,1
"California Rural Indian Health Board (CRIHB), a network of 19 Tribal Health Programs",2
California Rural Indian Health Board (CRIHB),1
California Rheumatology Association (late),1
California Retail Food Facility Law (CURFFL): Review Committee,2
"California Retail Air Quality Coalition, Raleyos",1
California Republican Women,3
"California Rehabilitation Association, Developmental/Vocational: Division",2
"California Rehabilitation Association, Developmental/Vocational Division",1
"California Recycling Association, Northridge",1
"California Recycling Association, Northern",1
California Recreational Trails Foundation,1
"California Radioactive Materials Management Forum, City of",1
California Quality Addiction Treatment Coalition (California Society of Addiction Medicine,1
"California Public Securities Association, Coast",1
"California Public Safety Radio Association, Inc",1
California Public Interest Research Group Individuals,1
California Public Interest Research Group (California),1
California Public Interest Research Group (CALPIRG)-Sponsor,1
"California Public Interest Research Group (CALPIRG) (August 18, 2003)",1
California Public Interest Research Campaign,2
California Public Infrastructure Coalition (comprising developers and development financiers),2
"California Public Employees' Retirement System (CalPERS), Support with",1
California Public Employees' Retirement System (CalPERS) Sponsor,1
California Public Employees' Retirement System (CalPERS) Board of Administration,1
"California Public Employees Retirement System (CalPERS), Board of Administration",1
"California Public Defenders Association, County of",1
California Public Defenders Association writes,2
California Public Defenders Association - Sponsor,1
California Public Defenders Association (committee,1
"California Public County and Municipal Employees (AFSCME), AFL-CIO",1
California Public Administrator/Public Guardian/Public: Conservator Association,3
California Public Administrator/Public Guardian/Public Conservator Association,1
California Psychiatric Association and supported by hospitals,2
California Psychiatric Association (committee analysis),1
California Psychiatric Association (5/22/98 version),1
California Psychiatric,1
California Professional Photographers Association,1
"California Professional Firefighters, state council of the International",1
"California Professional Firefighters, Orange County Local 3631",1
"California Professional Firefighters, Inc",1
"California Professional Firefighters, Hemet City",1
"California Professional Firefighters, California Fire: Chiefos Association",1
"California Professional Firefighters, California",1
California Professional Firefighters Long Beach Fire Fighters,4
California Professional Firefighters Eric L. Peterson,2
California Professional Firefighters California State Firefighters Association,4
California Professional Firefighters Association - Sponsor,1
California Professional Firefighters - co-sponsor,1
California Professional Firefighters - Co-Sponsor,1
California Professional Firefighters (sponsors),1
California Professional Firefighters (cosponsors),1
California Professional Firefighters (co-sponsors),1
California Professional Firefighters (International Association of Fire Fighters),2
California Professional Firefighters (CPF)/Sponsor,1
"California Professional Firefighters (CPF), Co-Sponsors",1
California Professional Firefighters (CPF) also,1
"California Professional Firefighters (CPF) [June 7, 2012",1
California Professional Firefighters (CPF) - Sponsor,1
California Professional Firefighters (CPD) - Sponsor,1
California Professional Firefighters (5/23/12),1
California Professional Firefighter (CPF) - Sponsor,1
California Profesional Employees Local Union 2345,3
"California Probation, Parole and Correctional Officers: Contra Costa County",1
"California Probation, Parole and Correctional Association, Crime Victims United of California",1
California Poultry Industry Federation (co-sponsors),1
California Political Attorneys Association (prior version),1
California Policy,1
"California Police Chiefso Association, Inc",1
"California Police Chiefs, Peace Officers Research Association",1
California Police Chiefs' Sacramento County Sheriff's Department,1
"California Police Chiefs' Association, Inc",1
California Police Chiefs' Association City of Los Angeles,1
California Police Chiefs' Association (3/27/98),1
California Police Chiefs' AB 1391 (Hertzberg) Association,1
California Police Chiefs and State Sheriff's Association,2
"California Police Chiefs Associations, Inc",6
California Police Chiefs Associations (sponsors),1
"California Police Chiefs Association, Inc. (04/15/13 version)",1
"California Police Chiefs Association, California Peace Officers' Association",1
California Police Chiefs Association strongly,1
California Police Chiefs Association and supported by a variety of law enforcement groups,2
California Police Chiefs Association INC,1
California Police Chiefs Association Bicycle Casino,1
California Police Chiefs Association - 06/09/03,1
California Police Chiefs Association (prior version),1
California Police Chiefs Association (as introduced),1
California Police Chiefs Assoc. None to date,1
California Police Chiefos Association (3/20/95),1
"California Police Chief's Association, Inc",4
California Police Chief's Association California Peace,1
California Police Association,2
"California Police Activities League, San",1
California Plumbing and Mechanical Contractors Association (prior version),1
California Planned Parenthood,3
California Pharmacists Association and California Healthcare,1
California Pharmacists Association (CPhA) - sponsor,1
California Pharmacists Association (CPhA - co-sponsor),1
California Peach Chiefs' Association,1
California Peace Officerso Association and the California Police Chiefs Association,1
California Peace Officerso Association and California Police Chiefs Association,1
"California Peace Officers' Association, California Police Chiefs' Association",1
California Peace Officers' Association (prior version),1
California Peace Officers' Association (3/27/98),1
"California Peace Officers Association, Government Relations Oversight Committee",1
California Peace Officers Association and Police Chief's Association,1
California Peace (Battin),1
California Partnership of the National Campaign for Jobs and,1
California Parks & Recreation Society writes,1
California Paralyzed Veterans Association in order to provide local government with a funding source to implement the requirements of the federal ADA,2
California Painters and Allied Trades District Council No. 16,1
California Painters and Allied Trades District Council No,2
California PTA 15th District,1
California PTA 12th District,1
California Orthotics & Prosthetics Association (prior version),1
California Organization of Police and Sheriffs Association,3
California Organization of Methadone Providers (late),1
California Organization for Women (NOW),1
California Optometric Association to establish a limitation period on the Board of Optometry for disciplinary actions undertaken against licensed optometrists,1
California Optometric Association and Children Now also write,1
California Optometric Association Society for the Blind,2
California Optometric Association (prior version),1
California Optometric Association (CAO),2
"California Optometric Association (April 25, 2007)",1
California Optometric Association (3/26/15 version),1
California Officers Association (CCPOA),1
"California Nurses Association: Neutral, Department of Finance",1
California Nurses Association: GOVERNOR'S VETO MESSAGE,2
"California Nurses Association/National Nurses United, the sponsor of the bill",1
"California Nurses Association/National Nurses United (CNA), sponsor of the bill",1
"California Nurses Association/National Nurses Organizing Committee, National Nurses United",1
California Nurses Association/National Nurses Organizing Com,1
"California Nurses Association/ National Nurses United, AFL-CIO",1
California Nurses Association/ National Nurses United (CNA),1
California Nurses Association-National Nurses United,1
"California Nurses Association, sponsor of the bill",2
California Nurses Association writes the following,1
California Nurses Association and supported by other labor groups,2
California Nurses Association and other labor groups also,1
California Nurses Association - Verified March 27,1
California Nurses Association (prior version of bill),1
California Nurses Association (previous version),1
California Nurses Association (current version of the bill),1
California Nurses Association (as introduced),1
California Nurses Association (Previous version),1
California Nurse Practitioners Association (prior version),1
California Nurse Association/National Nurses United,5
California North state University College of Medicine,2
California Newspaper Publishers Association to address recent court cases,4
California Nevada Indian Gaming Association (As Amended),1
California Neurology Society (CNS),1
"California National Organization for Women, San Gabriel: Valley Chapter",4
"California National Organization for Women, San Gabriel Valley Chapter",2
California National Organization for Women (supported last session's legislation),1
California National Electrical Contractors Association,1
California National Council of Jewish Women,1
California National Association of Women Business Owners,1
California NOW (National Organization for Women),1
California Mid-Valley Chamber of Commerce,1
California Municipal Revenue and Tax Association Cities of Arcadia,2
California Mortgage Bankers Association (as proposed to be amended),1
California Mobilehome Parkowners AllianceSouthern California Gas,2
California Mobile Home Resources and Action Association-San Jose,1
California Military Museum (California Citizen Soldier Museum),2
"California Military Department, Office of the Adjutant General of California",4
California Mexican-American Veterans Memorial Board (Sponsors),1
California Mental Heath Directors Association (with suggestions),1
California Mental Health Association (Committee analysis),1
California Medical Association: GOVERNOR'S VETO MESSAGE,1
"California Medical Association, who is sponsoring this legislation",1
"California Medical Association, United",1
California Medical Association writes,1
California Medical Association also writes,1
California Medical Association also,1
California Medical Association Unknown,1
California Medical Association CO-SPONSOR,1
California Medical Association (unless amended),1
California Medical Association (to the bill in print),1
California Medical Association (to previous version),1
California Medical Association (previous version),1
California Medical Association (letter dated 7/3/07),1
California Medical Association (for amended version),1
California Medical Association (current version of the bill),1
California Medical Association (The following support pertains to the introduced version),1
California Medical Association (Prior version),1
California Medical Association (CMA) states it,1
California Medical Association (CMA) and other medical provider groups,1
California Medical Association (CMA) (prior version),1
California Medical Association (CMA sponsor),1
California Medical Association (CMA - co-sponsor),1
California Medical Association (1/29/02),1
California Medical Association: American Academy of Pediatrics,1
California Medical Association : American Academy of Pediatrics,2
"California Medical Association, representing physicians",4
California Medical Association and the Medical Board of California,1
California Medical Association National Epilepsy Foundation,1
California Medical Association American Federation of State,2
California Medical Association Alliance (San Francisco),3
California Media & Library Educators Assn,1
"California Marine Association, Technical",1
California Manufacturing and Technology Ass'n,1
"California Manufactures Association, Cal Tax",1
California Manufacturers and Technology Association and supported by other business associations,2
California Manufacturers Association to clarify the statute of limitations for filing a claim for credit or refund,2
California Manufacturers Association in order to codify existing FTB procedures regarding cash deposits,2
California Manufacturers Association So. Calif. Air Quality,3
California Manufacturers Association (support portion of SB the bill),1
California Manufacturers Association (leasing and unitary provisions),1
California Manufacturers Association (cash bond provision),1
California Manufacturers Association (Please see attached list of small businesses),1
California Manufacturer's and Technology Association (per,1
California Manufacturers Association Southern California Air Quality Alliance,2
California Manufactured,1
California Lyme Disease Association to ensure the Committee has the leadership necessary to continue to address the public health epidemic of Lyme disease,2
"California Low-Income Consumers Coalition (CLICC), Ronald Coleman, Policy Advocate",1
"California Low-Income Consumer Coalition (CLICC), the bill's sponsor",1
California Low-Income Consumer Coalition (CLICC) explains its,1
"California Long-term Care Ombudsman Association, the sponsor",1
California Long-Term Care Ombudsman Association also,1
California Long-Term Care Ombudsman Association - Sponsor,1
California Licensed Foresters AssociationNational Audubon Society,2
California Library Association's Advocacy and Legislation Committee,1
California Lgbtq Health And Human Services Network (prior version),1
"California Lesbian, Gay, Bisexual, and Transgender Health Human: Services Network",1
California Legislative LGBTQ Caucus (the Caucus),2
California Legislative Council,1
California Legislative Conference of the Plumbing and Piping,1
California League of Environmental,1
California League of Conservation Voters CalPIRG,2
California League of Conservation Voters (in concept),1
California League of California Voters Education Fund,1
"California Lawyers Association, Business Law Section, Nonprofit Organizations Committee and Corporations Committee (sponsors)",1
California Lawyer Association Litigation Section,2
"California Law Federation, AFL-CIO",4
California Law Enforcement Association of,4
California Law Enforcement,2
California Latino Legislative Caucus (prior version),1
California Latino Child Development Association and State Department of Education (SDE) to address disparities in the availability of child care,2
California Landscape Contractors Assn,1
California Landscape & Irrigation Council (prior version),1
California Land Title Association: North Coast Builders Exchange,1
"California Labor Movement, OPEIU 29, AFL-CIO",1
"California Labor Movement, OPEIU 29 AFL-CIO",1
"California Labor Federation, California Teachers Association",2
"California Labor Federation, California State Council Of Service Employees",1
"California Labor Federation, AFL-CIO, the State Building and Construction Trades Council",2
"California Labor Federation, AFL-CIO CALPIRG",1
"California Labor Federation, AFL-CIO (Sponsors)",1
"California Labor Federation, AFL-CIO (Co sponsor)",1
"California Labor Federation (AFL-CIO, source)",1
California Labor Federation (AFL-CIO) - 05/07/03,1
"California Labor Federation (AFL-CIO) (August 18, 2003)",1
"California Labor Federation Laborers International Union of North America, Local",1
California Labor Federation California Advocates for Nursing Home Reform,1
California Jumpstart Act,1
California Judges' Association - Sponsor,1
"California Judges Association, Juvenile Court Judges of California section",2
California Judges Association writes,2
California Investors Mutual Unknown,1
California Invasive Weed Awareness Coalition whose members,2
California Invasive Weed Awareness Coalition (whose members include the following),1
California Interfaith Partnership for Children's Health and the Environment California League of Conservation Voters,4
California Insurance Commissioner Ricardo Lara - Sponsor,1
California Insurance Commissioner (Hon. John Garamendi),1
California Innocence Project/ Northern California Innocence Project,2
California Innocence Coalition (CIC),2
California Industry Manufacturers Council,1
California Independent Public Employment Legislative Council,8
California Independent Public Employees Legislative Council: Many letters from individuals,1
California Independent Public Employees Legislative Council (in support of bill as amended),1
California Independent Public Employees Legislative Council (Prior version),1
California Independent Public Employees Legislative Caucus,1
California Independent Public Employees -Pavley,1
California Independent Public Employees (Chavez),3
California Independent Petroleum Producers,1
California Independent Oil -Machado Alliance Petroleum Corp,1
California Independent Oil,2
"California Independent Employees Legislative Council, Inc",1
California Independent Bankers is the sponsor,1
California Immigrant Policy Center and other advocacy organizations justify their,1
California IT in Education (CITE),1
"California Human Development Corporation, Redwood Empire Industries",1
California Housing Law Project: Jericho,1
California Household Worker Coalition (Sponsors),1
California Hotel & Motel Association California Restaurant Association (Recent amendment may have removed or modified this,1
California Hospital Association: California Medical Association,1
California Hospital Association/California Association Of Hospitals And Health Systems (prior version),1
"California Hospital Association (CHA), also in support",1
California Hospice and Palliative Care Association for this vital funding for patients,2
California Home Building Alliance (HBA) writes,1
California Historical Society writes,2
California Hispanic Health Care Association (prior version),1
California High Speed Rail Authority (as introduced),1
California High School Democrats (prior version),1
California Hepatitis Alliance to increase the likelihood of patients at risk of hepatitis infection being vaccinated against and educated about the disease,2
California Hemp Council(Unreg),1
"California Healthcare Association, representing hospitals",4
California Healthcare Association (Formerly the California Association of Hospitals and Health Systems),1
California HealthCare Foundation's Medi-Cal Policy Institute,4
California Health and Human Services Agency writes,1
California Health and Human Services Agency to clarify several provisions of state law with respect to breaches of medical data and to extend the sunset of CalOHII,2
California Health and Human Services Agency as one of the options to be considered in the special session on health care reform implementation,2
California Health and Human Services Agency (CHHSA),2
California Health Officers Association and the,2
California Health Officers Association and San Benito County,2
California Health Coalition Advocacy (UNREG),1
California Health Care Association (committee analysis),1
California Harbor Area Association of Occupational Health Nurses,4
California HIV/AIDS Advocacy Network Grassroots: Evolution (CHAANGE),2
"California HIV Advocacy Coalition, Southern Calif. Region",2
California HIV Advocacy Coalition (CHAC) of Southern California,2
California Growers Association writes,1
California Grocers Association State Superintendent of Public,1
California Grocers Association (committee analysis),1
California Grain and Feed Association Pacific Egg and Poultry Association,2
California Fraternal Order of Police and supported by various public safety officer associations,2
California Fraternal Order of Police (from Assembly Public Safety Committee analysis),1
California Foundation for Independent Living Centers Cal-TASH,1
California Food Byproducts Recyclers Council,2
California Fire Chiefs Association/Fire Districts Association of California,2
California Fire Chiefs Association of Fire District Association,1
California Fire Chiefs Association and the Fire Districts Association of California jointly wrote,2
California Fire Chiefs Association and the Fire Districts Association of California are,1
California Fire Chiefs Association and Fire Districts Association of California,1
California Fire Chiefs Association & Fire Districts Association of California,1
California Financial Services Assn.None on file,1
"California Film Extruders & Converters Association, Heritage",1
"California Federation of Teachers, Union of Educators & Classified Professionals, AFT, AFL- CIO",1
"California Federation of Teachers, California Teachers",1
"California Federation of Teachers, American Federation of Teachers",2
California Federation of Teachers writes,1
California Federation of Teachers to provide equity between certificated and classified staff members,4
California Federation of Teachers - Sponsor,1
California Federation of Teachers (sponsors),1
California Federation of Teachers (joint sponsor),1
California Federation of Teachers (8/1/97),1
"California Federation of State, County and Municipal Employees",2
California Federation of Republican Women (committee,1
"California Federation of Labor Unions, AFL-CIO (Co-sponsors)",1
"California Federation of Labor Unions, AFL-CIO (Co-Sponsors)",1
California Federation of Labor Unions and supported by a number of labor organizations,2
"California Federation of Family Child Care Associations, Inc.: Child Care Information Service",1
California Federation of Business and Professional Women Wordbridges,1
California Federation of Business and Professional Women (cont'd),1
California Federation for Animal Legislation Fund for Animals,1
California Federation for Animal Legislation Fund for,1
California Federation for Animal Legislation (committee,1
"California Farm Bureau Federation, California Cattlemen's",1
California Farm Bureau Federation |Pena's Disposal Company,1
California Farm Bureau Federation |North Valley Coalition,2
California Farm Bureau Federation California Waterfowl,1
California Farm Bureau Federation (see attached listing),1
California Fair Elections Campaign (SCV Fair Elections Committee),1
California Faculty Association (prior version),1
California Escrow Association writes,1
California Equine Retirement Foundation,1
California Environmental Voters is proud,2
California Environmental Voters is in strong,2
California Environmental Voters (prior version),1
California Environmental Protection Agency (Schwarzenegger Admin.),1
"California Environmental Justice Alliance, in support of the bill",1
"California Employment Lawyers Association (CELA), in support",1
California Employment Lawyers Association (CELA) - co-sponsor,1
California Employment Development Department (favors removing sunset and conform to federal law),1
California Economic Development Lending Initiative (per,1
"California Dump Truck Owners Association, Coachella Valley Chapter",2
California Division - American Cancer Society Board of Directors Member,2
California District of the American Academy of,2
"California District Attorneys' Association (""in principal"")",2
"California District Attorneys Association, which",2
"California District Attorneys Association, Los Angeles",1
"California District Attorneys Association, County of",1
"California District Attorneys Association, Bay",4
California District Attorneys Association and Attorney,6
California District Attorneys Association and American,2
California District Attorneys Association PageC,1
California District Attorney Association (for Contra Costa County District Attorney),1
California District Attorney Assocation (for Contra Costa County District Attorney),1
California Distillers Association and supported by another craft distillers association,2
California Displaced Homemakers,3
California Disabilities Services Association (CDSA) - sponsor,1
California Dept. of General Services,1
"California Department of Veterans Affairs Military Order of the Purple Heart, Capitol Chapter 385",2
California Department of Tax and Fee Administration Director Nicholas Maduro,1
California Department of Tax and Fee Administration (CDTFA),2
"California Department of Justice, Kamala D. Harris, Attorney General",2
California Department of Justice Attorney General Rob Bonta,1
California Department of Insurance/ Insurance Commissioner Dave Jones,1
California Department of Insurance (Insurer - Participation),1
California Department of Forestry AB 1999 (Dickerson) Firefighters,1
California Department of Food and Agriculture (Joint Sponsor)None received,2
California Department of Food and Agriculture (CDFA),2
"California Department of Education, California School for",1
"California Department of Consumer Affairs, Medical Board",1
California Dental Hygienistso Association (CDHA - sponsor),1
California Dental Hygienists' Association (proposals relating to,1
California Dental Hygienists' Association (CDHA) writes the following,1
"California Dental Association (CDA), in support",2
California Dental Assistants Association (CDAA) also,1
"California Court Reports Board, State Department of Consumer Affairs",2
"California Court Reports Board, Department of",4
"California Court Reporters Board, Department of",2
California Court Appointed Special,1
California Council/American Society of Landscape Architects (CC/ASLA),1
California Council/American Society of Landscape,2
California Council on Environmental and,2
California Council of the American,3
California Council of the Air Conditioning & Refrigeration Contractors Association,2
California Council of Gerontology and Geriatrics to provide tuition reduction or waiver programs for medical students,6
California Council of Community Mental Health Agencies (before recent,1
California Council of Community Behavioral Health Agencies writes,1
"California Council of Churches, Church IMPACT",1
California Council of Churches (Church IMPACT),2
California Council of Airconditioning and Refrigeration Contractors Association,6
California Council For Environmental,2
"California Correctional Supervisors Organization (sponsor), Association of California State Supervisors",2
California Correctional Supervisors 1000,1
California Correctional Peace Officers Association: GOVERNOR'S VETO MESSAGE,1
California Correctional Peace Officers Association (CCPOA) Sponsor,1
California Correctional Peace Officers Association (CCPOA) - Sponsor,1
California Correctional Association,1
California Controller Betty Yee,1
California Continuing Care Residents Associations (CALCRA) - Sponsor,1
California Construction and Industrial Materials Association and others,2
California Consortium of Addiction Program and Professionals writes,1
California Consortium for Urban Indian Health (CCUIH),1
"California Congress of Teachers and Students, Inc",3
"California Congress of Parents, Teachers, and Students, SB Inc",1
"California Congress of Parents, Teachers, and Students, Inc. Media and Injury Prevention Program California",3
"California Congress of Parents, Teachers, and Students, Inc. (committee",1
"California Congress of Parents, Teachers, and",4
California Conference of the Amalgamated Transportation Union,2
"California Conference of Parents, Teachers, and Students, Inc",2
California Conference of Machinists SB 415-Dunn,1
California Conference of Machinists AB 1912 (Kehoe),1
"California Conference of Local Directors of Maternal, Child and Adolescent",2
California Conference of Local AIDS Directors (CCLAD),1
California Conference of Directors of Environmental Health Officers,10
California Competes wrote,1
California Community Pharmacy Coalition is in strong,1
California Community Pharmacy Coalition (CPPC) writes,2
California Community Pharmacy Coalition (CCPC),1
"California Community Economic Development Association, Kevin Sanada, Director of Programs and Policy",1
California Community Colleges Chancellor's Office (Sponsors),1
California Community Colleges Association of Student Financial Aid Administrators Association,1
California Community Colleges Agriculture & Natural: Resources Advisory Committee,2
California Community College Trustees boards of the Community College,1
California Communities United for Restorative Youth Justice,1
California Communities Against Toxics and,2
California Communications Association-Independent Telephone Company Group,2
California Common Cause: Health Access California,1
California Commission on the Status of Women to address a coverage inequity with regard to maternity care,2
California Commission on the Status of Women (supported last session's legislation),1
California Commission on the Status of Women (following from Assembly Committee on Public Safety,1
California Commission on the Status of Women (8/3/00),1
California Commission on Aging (CCoA) - sponsor,1
California Commission on,1
California College and University Police Chiefs Association (prior version),1
California Collaboration for Youth (CCY) has taken an oppose unless amended position and,1
"California Code of Regulations and Credit Course Repetition Guidelines - CCC Chancellor's Office, November",2
"California Coastal Commission, California",1
California Coastal Commission to compel Caltrans to transfer,2
California Coastal Commission (source of the bill),1
California Coastal Commission (interim support pending Commission action),1
California Coastal Commission (committee analysis),1
California Coast Action Group,2
California Coalition on Donation (SPEIER),1
California Coalition of Travel Agents to improve the operation of California's Seller of Travel Law by easing disclosure requirements,2
California Coalition of Travel Agents (CCTA - sponsor),1
California Coalition of Local health,1
California Coalition of Local Health Department Nursing Directors,2
California Coalition of Law Enforcement Agencies to provide funding for the maintenance of the California Peace Officer Memorial in Sacramento,2
California Coalition of HICAP Association,1
California Coalition of Agencies serving the Deaf and Hard of Hearing (Sponsors),1
California Coalition of Agencies Serving the,2
California Coalition of Agencies Serving Deaf & and of Hearing Persons (CCASDHH),1
California Coalition for the Free Exercise of,4
California Coalition for Worker Power and supported by a large coalition of labor organizations and economic and social justice groups,2
California Coalition for Fair Licensure Laws (committee analysis),1
California Coalition for Construction in the Classroom (letter submitted on previous version),1
California Coalition for Children's Safety and Health Children's Advocacy Institute,2
California Coalition Against Sexual Assault (as proposed to be amended),1
California Coalition Against Domestic Unknown Violence,2
California Coalition Against Attorney,1
California Clinical Laboratories Association (CCLA) writes,1
California Climate and Agriculture |Technology,1
California Climate & Agriculture Network states we,1
California Climate & Agriculture Network (CALCAN) - Co-Sponsor,1
California City Chamber of Commerce,1
California Cities of Self-Reliance JPA,1
California Church of Jewish Women,1
California Children's Trust and supported by children's health groups and health care providers,2
California Children's Lobby - Sponsor,1
California Children's Health Initiatives Children Now,1
California Children's Health Coverage Coalition (Support as proposed to be amended),1
California Children and Families Commission (Proposition 10 Commission),1
"California Child Care Resource and Referral Network, Keisha Nzewi, Co-Director of Public Policy and Member Engagement",1
California Child Care Resource and Referral Network (Co-sponsors),1
California Child Care Resource & Referral Network - sponsor,1
California Charter School Association Advocates (Prior version),1
California Chapters of the National Multiple Sclerosis Society,1
California Chapters of the National Association: of Pediatric,1
California Chapters of the National Association of Pediatric Nurse Practitioners writes,1
California Chapters of the National Association of Pediatric Nurse Associates,1
California Chapters of the National Association of Pediatric,1
California Chapters of the American Board of Trial Advocates (CAL-ABOTA),1
"California Chapter, Associated General Contractors of California",1
"California Chapter, American Fence Contractors' Association",8
"California Chapter, American Fence Contractors Association",3
"California Chapter, American College of Emergency Room Physicians",1
"California Chapter, American College of Emergency Physicians (prior version)",1
California Chapter writes,1
California Chapter of the National Association of Social Workers (NASW-CA),2
California Chapter of the International Association of Rehabilitation Professionals,2
California Chapter of the American College of Emergency Physicians (prior version),1
California Chapter of International Association of Personnel in Employment Security,5
California Chapter Vietnam Veterans of America,1
California Chapter Of The American College Of Emergency Physicians (prior version),1
California Chapter California Association for Health,2
California Chapter American Association of Clinical Endocrinologists,2
California Chapter (NASW),1
"California Chamber of Commerce, Western States Petroleum Association (WSPA)",1
"California Chamber of Commerce, Sempra Energy",1
California Chamber of Commerce also writes,1
California Chamber of Commerce -Sponsor,1
California Chamber of Commerce - Co-sponsor,1
California Chamber of Commerce (with respect to Section 437c summary adjudication provisions only),1
California Chamber of Commerce (late),3
California Chamber of Commerce (CCC),10
California Chamber of Commerce (8/17/94),1
California Chamber of Commerce (7/27),1
California Chamber of Commerce (3/19/98),1
California Chamber Commerce,4
California Center for Public Health Advocacy (Principal Co-Sponsor),1
California Center for Assisted Living (Support w/ amends),1
California Catholic Conference of Bishops (earlier version of bill),1
California Catholic Bishops,1
California Cardroom Alliance (CCA),1
California Carbon Solutions Coalition (UNREG),1
California Capitol Historic Preservation Society (5/21/93),1
California Cannabis Industry Association (CCIA) California Cannabis Industry Association,1
California Cancer Research Council (multi-year expenditure authority provisions only),2
California Campaign Brady Campaign to Prevent Gun Violence,1
California California State Association of Electrical Workers,2
"California California Labor Federation, AFL-CIO",1
California California Council of Chapters,1
California California Association For Health,1
California Cable & Telecommunication Association (neutral),1
California CASA Board of Directors Committee on Public Policy and Systems Advocacy,1
California Business Roundtable (prior version),1
"California Business Properties, Office of Attorney General",1
California Business Properties Association to postpone rules and regulations requiring trip reduction programs from small business employers,2
California Business Properties Association (as introduced and amended),1
energyhippo,1
enTouch Wireless,3
"ecoATM, Inc",3
ebail,2
e:Design Inc,1
"e.l.f. Cosmetics, Inc",3
e.l.f. Cosmetics Inc,1
e-Motion Video,1
dsherman design,1
California Association of Hospitals and Unknown,1
California Association of Homes and Services for the Aging (sponsors),1
California Association of Home and Services for,1
"California Association of Highway Patrolmen (April 13, 1998 version)",1
California Association of Health Underwriters (oppose unless amended),1
California Association of Health Services at Home to assure continued availability of IV and infusion drug therapy by restructuring reimbursement for this home-based therapy,1
California Association of Health Services at,1
California Association of Health Plans (late),2
California Association of Health Insuring Organizations (prior version),1
California Association of Health Facilities and LeadingAge California write,2
California Association of Health Facilities (with the deletion of the continuous appropriation),1
California Association of Health Facilities (Unless STAFF ANALYSIS OF SB 732 (MELLO) amended),1
California Association of Health Facilities (Sponsors),1
California Association of Harbor Master and Port Captains (sponsors),1
California Association of HMO's members,1
California Association of Environmental Health Administrators in response to beach closures caused by violations of water quality standards,6
California Association of Environmental Health Administrators (sponsors),1
California Association of Enrolled Agents (CSEA) (6/14/07 version),1
"California Association of County Veterans Service Officers, also in support",1
"California Association of County Veterans Service Officers, Inc.: 730 individual letters",2
"California Association of County Veterans Service Officers, Inc. Commanders Veterans Council",2
"California Association of County Veterans Service Officers, Inc. (CACVSO)",2
California Association of County Veterans Service Officers writes,1
California Association of County Veterans Service Officers Service Office,2
California Association of County Veterans Service Officers Contra Costa County,2
California Association of County Veterans Service Officers (Sponsors),1
"California Association of County Treasurers and Tax Collectors , California Association of Realtors",2
California Association of County Treasurers and,3
California Association of County Treasurers & Tax Collectors (CACTTC) sponsor,1
California Association of County Service Veterans Officers,1
California Association of Community Organizations for Reform Now (ACORN) and three individuals,1
California Association of Community Organizations for,1
"California Association of Community Managers, a group representing the industry that manages and provides services to HOAs",1
"California Association of Collectors, as sponsor of the bill",1
California Association of Collectors who highlight the need for court efficiencies that the new jurisdictional limits will provide,1
California Association of Clerks and Election Officials to provide proper training of assessment appeal board members and to ensure,1
California Association of Clerks and Election Officials and supported by disability rights and voting rights groups,2
California Association of Clerks & Election Officials (prior version),1
California Association of Certified Family Specialists,1
California Association of Catholic Hospitals (prior version),1
California Association of Business and Professional Women,1
California Association of Black Social Church IMPACT,1
California Association of Alcoholism and Drug Abuse Counselors (prior version),1
"California Association of Alcohol and Drug Program Executive, Inc. (co",1
"California Association of Alcohol Drug Program Executives, Inc. (earlier version of bill)",1
California Association for School Business Officials (previous version),1
California Association for Professionals in,1
California Association for Nurse Practitioners to update current law to reflect current furnishing practices of NPs under standardized procedures,2
California Association for Micro Enterprise Opportunity (CAMEO) - Sponsor,1
California Association for Micro Enterprise Opportunity (CAMEO California Reinvestment Coalition,1
California Association for Micro Enterprise Association,2
"California Association for Health, Physical Education, Recreation and",1
California Association for Health Services At,1
California Association for Clinical Social Work,4
California Association - Independent Telephone Company Group,4
California Associate of County Veterans Services Officers,2
"California Assoc. for Health, PE, Rec. & Dance",1
California Assoc,2
California Assn. of Telecommunications Companies,3
California Assn. of Public Health Laboratory Directors,2
California Assn. of Marriage and Family Therapists,2
California Assn. of Environmental Health Officers (committee analysis),1
"California Assn. of County Veterans Service Officers, Inc",1
California Assn. of County Veterans Service Officers,1
California Assn. of County Veterans Service,1
California Assn. for the Education of Young Children,2
California Assn of County Veterans Service Officers,1
California Assisted Living Association (as proposed to be amended),1
California Assisted Living Association (CALA) - Co-Sponsor,1
"California Assessors' Association, Howard Jarvis Taxpayers",1
California Assessors' Association Lawrence Stone,1
California Assessors Association. United Airlines,1
"California Assessors Association, United Airlines, Alaska",1
California Assessors,3
California Assembly,2
California Asian Pacific Islander (API) Budget Partnership,1
California Asian Pacific Chamber,5
California Artisanal Distillers Guild and supported by other groups representing distillers and winemakers,2
California Arthritis Council (late),1
California Architects Board (Board) is pleased to convey its,1
California Applicants Attorneys and various labor groups,1
"California Apartment Association, Napa/Solano County Division",1
"California Apartment Association, City of",1
"California Apartment Association, California Rural",1
California Apartment Association (oppose unless amended),1
California Apartment Association (for prior version only),1
California Apartment Association (as proposed to be amended),1
California Apartment Association (as introduced),1
California Apartment Association (CAA) writes,2
California Apartment Association (2/24 version),1
California Animal Control Directors Association (6/5/02),1
California American College of Emergency Physicians (previous version),1
California Alliance of Farmers' Markets (as amended),1
"California Alliance of Child and Family Services, a co-sponsor of the measure",1
California Alliance of Child and Family Services co-sponsor,1
"California Alliance of Child and Family Services (sponsor, section 6 of the bill)",1
California Alliance of Child and Family Services (prior version),1
"California Alliance for Retired Americans (as amended May 26, 2006)",1
"California Alliance for Retired Americans (as amended March 28, 2006)",1
"California Alliance for Retired Americans (CARA), sponsor of this Resolution",2
California Building Industry Association/Job-Center Coalition,1
"California Building Industry Association, sponsor of this measure",1
"California Building Industry Association, one of the sponsors of the bill",1
"California Building Industries Association, which",4
California Botanical Society-Madrono,5
California Board of Examiners in Veterinary Medicine,2
"California Board of Equalization Chairman, Jerome Horton",1
California Board of Equalization Chairman Jerome E. Horton,1
"California Blockchain Advocacy Coalition, the bill's sponsor",1
California Automobile Association (AAA) Clubs,1
"California Attractions & Parks Association - (the main industry association for wave pool operators, water parks, and amusement parks)",1
"California Attorneys for Criminal Justice, in reference to",1
"California Attorneys for Criminal Justice, as qualified in",1
"California Attorney General's Office (AGO), the bill's sponsor",1
California Attorney General Office,2
"California Association of the physically Handicapped, Inc., Fresno Chapter",1
California Association of the American Association for Marriage and Family Therapy,1
California Association of the Alcoholism and Drug Abuse Counselors (CAADAC - sponsor),1
California Association of Union Safety Employees (CAUSE) - SPONSOR,1
California Association of Treasurers and Tax Collectors and contains technical,2
California Association of Thoroughbred,2
"California Association of Student Councils, sponsor of the bill",1
California Association of Social Rehabilitation Agencies (CASRA) in a,1
California Association of Small Business Development Corporation,2
California Association of Sheet Metal and Air Conditioning Contractors National (CAL SMACNA),1
California Association of Sheet Metal Contractors (Cal SMACNA),1
California Association of Service Providers (Southern California),3
California Association of School-Based and School-Linked Health Programs,2
"California Association of School Business Officials (CASBO), support",1
California Association of Retired Americans (CARA),1
California Association of Research Specialists in Special: Education Teachers,1
California Association of Rehabilitation & Reemployment Professionals,3
California Association of Regional Park and Open Space Administrators,4
California Association of Realtors to address problems,2
California Association of Realtors and California,4
California Association of Public Hospitals and Association,1
California Association of Public Hospitals (with recommendations),1
California Association of Public Health Hospitals and Health Systems,1
California Association of Public Authorities for In-Home Support Services (CAPA),1
California Association of Public Authorities for In- Home Supportive Services (in concept),1
California Association of Public Authorities for IHSS (CAPA) - Co-Sponsor,1
California Association of Public Authorities - In-Home Support Services,1
California Association of Public Association for IHSS,1
"California Association of Public Administrators, Public Guardians, and Public Conservators, the bill's sponsor",1
California Association of Psychiatric Mental Health Nurses: in Advanced Practice,3
California Association of Psychiatric Mental Health Nurses in Advanced Practice,2
California Association of Police Chiefs and Sheriffs,1
California Association of Photocopies and,6
California Association of Photocopiers and,2
California Association of Nutrition and Activity Program (CAN-Act),1
California Association of Nurse Anesthesiology (CANA),2
California Association of Nonprofits (CAN Policy Council),1
California Association of Nonprofits & its Nonprofit Policy,1
California Association of Marriage & Family Therapists - sponsors,1
California Association of Local Economic Development Agencies: GOVERNOR'S VETO MESSAGE,1
California Association of Local Conservation Corps - Sponsor,1
California Association of Local Agency Formation Commissions- SPONSOR,1
California Association of Life Underwriters (State conformity section only),5
California Association of Licensed Security and,2
"California Association of LAFCOs, San Diego LAFCO, Yolo LAFCO, Santa Cruz County",1
California Alliance for Consumer Protection (support if amend),1
California Alliance for Children and Family Services state,1
California Alliance for Child and Family Services - sponsor,1
California Alliance for Arts Education (PRIOR VERSION),1
California Alliance Concerned With,1
California Alliance Against Domestic Violence Communities of Color Program,2
California Alcohol and Drug Program Administrators Association: of California,3
California Alcohol and Drug Program Administrations Association of California,1
California Alcohol and Drug Administrators Association of Calif,2
California Airport Council to reduce the audit obligation for customer facility charges imposed by the airports on rental car customers,4
California Agricultural Commissioners and Sealers Association (sponsor of weights and measures language),1
California Agricultural Commissioners and Sealers Association (Reflects support for the 6/27/05 version of AB 1059),1
California Agricultural Commissioners and Sealers Ass'n,1
California Agricultural Commissioners and (Matthews),2
California Agricultural Commissioners & Sealers Association (Sponsors),1
California Affordable Housing Institute for Persons with,1
California Affordable Housing Coalition for,1
California Advocates for people with Food Allergies (CAFA),2
California Advocates for Nursing Home Reforms (CANHR) co-sponsor,1
"California Advocates for Nursing Home Reform, a sponsor of AB 2075",1
California Advocates for Nursing Home Reform to ensure,2
California Advocates for Nursing Home Reform - Sponsor,1
"California Advocates for Nursing Home Reform (March 7, 2023 version)",1
"California Advocates for Nursing Home Reform (CANHR), the sponsor of AB 979",1
"California Advocates for Nursing Home Reform (CANHR), the sponsor of AB 1309",1
California Adolescent Nutrition and Fitness Program (prior version),1
California Adolescent Health Committee,1
California Academy of Physician Assistants to clarify several inconsistencies and omissions in current law and to expand the types of medical exams these professionals are authorized to conduct,2
California Academy of Physician Assistants (current version of the bill),1
California Academy of Child and Adolescent Psychiatry (8/26/09),1
California Academy of Child & Adolescent Psychiatry states,1
California Academy of Child & Adolescent Psychiatry (Prior Version),1
"California Abortion and Reproductive Rights Action League, North & South",1
California Abortion Rights & Reproductive Action League,1
California Abortion & Reproductive Rights Action League,3
California AB 881 (Rogan) Correctional Peace Officers Assn,1
California AB 2263 (Spitzer) Police Chiefs' Association,1
California AB 1899 (Havice) Police Chiefs Association,1
California 9-1-1 Advisory Board,1
California - Hawaii State Conference NAACP,3
California (Thomson) Directors Association (CMHDA),2
California (Morrow),1
California (Lideres Campesinas),1
California (Frommer) Association (CDAA),1
California & Nevada Civil Engineers and Land Surveyors Association (March 26th version),1
Califonria Federation of Teachers,1
Calif. Teachers Assn. (CTA) - sponsor,1
Calif. State Sheriffs Assoc,1
"Calif. State Firefighters' Assn., Inc",2
Calif. State Assn. of Electrical Workers,1
Calif. School Employees Ass'n,1
Calif. Rural Legal Assistance,1
Calif. Medical Assn,2
Calif. Law Revision CommissionNone on file,1
Calif. Law Revision Commission None on file,1
Calif. Korean War Veterans Remembrance Memorial Board,2
Calif. Dept. of Forestry Employees Assn,1
Calif. Conference of Local MCAH Directors,2
Calif. Collaboration of Youth,2
Calif. Coalition of Local Health Department Nursing Directors,2
Calif. Association of Rehabilitation and Reemployment Professionals,4
Calif. Association of County Veterans Services Officers,1
Calif. Assn. of Long Distance Telephone Companies,1
Calif. Assn. of Counties,1
Calif. Assn. for the Education of Young Children,2
Calif. Applicants' Attorneys Ass'n,1
Cali- fornia Self-Insurers Association (CSIA),2
Calexico Chamber of Commerce Board of Directors,1
Calbroadband Calcom Association,2
Calaveras County Sheriffs' Department,1
"Calaveras County Clerk-Recorder, Rebecca Turner",1
CalWORKS child care eligibility from 10 years of age,1
CalSTRS writes,2
CalPirg California Public Interest Research Group,2
CalPIRG California Public Interest Research Group,1
CalPERS Board of Administration (previous version),1
CalNonprofits strongly,1
CalExpo,2
CalEPA to reorganize,2
CalBroadband|The California Broadband & Video Association,1
CalAware California Federation of Teachers,1
Cal/Chief/Fire Districts Legislative Task Force Committee,1
Cal/ACEP,2
"Cal. District, American Academy of Pediatrics",2
Cal. Assn. of School-Based and School-Linked Health Programs,2
Cal-RHA,1
Cal-Pine,1
Cal Poly Alumni Assoc,3
Cal Poly - San Luis Obispo,1
Cal OES,2
"Cal Fire, Local 2881",2
"Cal FIRE, Local 2881",3
Cal EPA and the State Water Resources Control,4
Cal Asian Pacific Islander Chamber of Commerce,4
"Cakkabder Associates Landscape Architecture, Inc",1
Cabrillo High School - Long Beach,1
CaCOA,2
Ca. Unemployment Insurance Appeals Board,3
Ca. Medical Association,3
Ca. Law Revision Comm.None on file,1
Ca. Law Revision Comm. None on file,1
Ca Psychological Association,1
Ca Business Properties Assoc,1
CTRA American Federation of State,2
CTIA - The Wireless Association - Sponsor,1
CTC recently expressed,1
"CSU, Stanislaus Child Development Center",2
"CSU, Long Beach Chicano and Latino Studies Department",1
CSU faculty,2
"CSU Northridge President, Dianne F. Harrison",1
CSU Northridge Employees Union SEIU - Local 25798,1
CSU Los Angeles Alumni Assoc,3
CSU Chancellor's Office,4
CSL in conclusion,1
CSAC-Excess Insurance Authority (a joint powers authority representing public entities),1
"CROWN Coalition (including: Dove Brand, part of Unilever",1
"CR Transfer, Inc",1
"CPHE - Citizens Preserving Honor in Education (a petition with 1,300 signatures)",1
"CONNECT, the UC San Diego Program in Technology and Entrepreneurship",1
CONCERNS The Surety & Fidelity Association of America,1
CONCERNS The California Chamber of Commerce,1
CO-SPONSORS!Orange County Fire Department Chief,1
"CME (Connect, Motivate, Educate) Society of San Jose State University",1
"CME (Connect, Motivate Educate) Society of San Jose State University",1
"CIF - North Coast Section - Humboldt, Del Norte, Mendocino, and Sonoma Counties",1
CHPCA,1
CHARO Community Development Group,2
CHARO Community Development Corporation - Los Angeles,1
"CEERT Coalition, Sacramento",3
CEAC Veterans Employment Committee,2
CDR-Child Development Resources,3
CDI/Choices for Children,3
CDI Commissioner Ricardo Lara,6
CDI Commissioner Lara,1
"CDF Firefighters, Co-sponsors",1
CDF Firefighters Local 2881 - Co-Sponsor,1
CDF Firefighters Association Local 2881 - Co-Sponsor,1
CDC Small Business Finance Corporation,1
CB Commercial Real Estate Group,2
CASH Community against Sexual Harm,2
CASE Engineering and Laboratory Inc,1
CALPCC,1
CALAFCO [in concept,1
CAL SAGA (California Alliance of Licensed Security Guard Agencies),1
"CAIR, California Chapter",2
CA Water Ass'n,1
CA Thoracic Society,1
"CA State Treasurer, Bill Lockyer",1
"CA State Legislative Board, Sheet Metal, Air, Rail and Transportation Workers",2
CA State Controller Steve Westly,2
CA State Board of Pharmacy,1
CA State Automobile Assoc. (AAA Club),1
CA State Association of County AuditorsOF SECTION 1,2
CA State Association of County Auditors OF SECTION 1,4
CA State Assoc. of Electrical Workers,2
CA State Assn. of Counties (CSAC),2
CA Spectra Instrumentation. Inc,1
CA Society of Association Executives,1
CA School Personnel Commissioners Assn,1
CA Right to Life Education Fund Workers,1
CA Rails to Trails Conservancy,2
CA Psychological Assoc,1
CA Professional Firefights,1
CA Professional Assoc. of Specialty Contractors,1
CA Professional Assoc. for Specialty Contractors,1
"CA Police Chiefs' Association - ""Approve",1
CA Police Chiefs Association Chiefs of Police,1
"CA Peace Officers' Association - ""Approve",1
CA Oaks,1
CA Mid-State Fair - 16th Ag. Assoc,1
CA Long Term Care Ombudsman Assn,1
CA Local conservation corps,1
CA Legislative Conference of the Plumbing and Heating Industry,1
CA Legislation,2
CA Large Energy Consumers Assn,1
CA Landscape Contractors,1
CA Labor and Workforce Development Agency (LWDA) - Sponsor,1
"CA Judges Association, Probate and Mental Health Comm",2
"CA Harley Davidson, Escondido Cycle Center",1
CA Geotechnical Engineers Assoc,1
CA Financial Crimes Investigators Assoc,1
CA Fence Contractors Assn,1
CA Federation of the Arts [previous version of bill,1
CA Economic Summit,2
CA Dept. of Forestry Empl. Assc,1
CA Dental Hygienists' Association (CDHA) writes the following,1
CA Crime Victims for Alternatives to the death penalty,2
"CA Council of Air Conditioning/Refrigeration Contractors Assoc., CA Chapter",2
CA Council of Air Conditioning & Refrigeration Contractors Assn,1
CA Conference of Masonry Contractors Assn,1
CA Conference Board of Amalgamated: Transit Union Engineers,1
CA Community Colleges Extended Opportunity Programs & Services Assoc.- co-sponsor,1
CA Coalition of Housekeeping Agencies,2
CA Coalition of Grandparent and Relative Care Givers,1
CA Coalition of Agencies Serving Deaf & Hard of Hearing Persons,1
CA Child Care Health Program,1
CA Chapters/National Electrical Contractors Assn,1
CA Chapters of the National Electrical Contractors Assoc,1
CA Chapters of the National Electrical Contractors Assn,1
CA Chapter of the National Electrical Contractors Assoc,1
CA Chapter of the American Fence Contractors' Assoc,1
CA Chapter of the Alzheimer's Association,2
CA Central Valley Flood Control AssociationOF SECTION 2,1
CA Central Valley Flood Control Association OF SECTION 2,2
CA Center Credit Union,1
CA Buffalo Soldiers Motorcycle Club,2
CA Automatic Fire Alarm Association,2
CA Association of Resource Specialists & Special Education Teachers,2
CA Association of Local Conservation |California,1
CA Association of Local Agency Formation Commissions - SPONSOR,1
"CA Association of Independent Business, Inc",1
CA Association for Health and Services at Home,1
CA Assoc. of County Veterans Services Officers,1
CA Assoc. of Community Organizers for Reform Now (ACORN),1
CA Assoc. of Administrators of State and Federal Education Programs,3
CA Assn. of Marriage and Family,2
CA Assn. Window Manufacturers,1
CA Ass'n. of Public Hospitals and Health Systems,1
CA Alliance Against Domestic Violence Family Law Section,2
CA Abortion and Reproductive Rights (CARAL),1
CA Abortion and Reproductive Rights,2
C.R.C.Inc./H.O.W. House,1
C.R.C. Inc./H.O.W. House,1
"Byington Steel Treating, Inc., Santa Clara, California",2
"Byars Thompson Insurance Services, Santa Maria, CA",1
"By reducing administrative barriers, CAADPE",1
Buzz Coffee Inc,1
Butte Home Health and Hospice (4 individuals),1
Butte County Victim/Witness Assistance Center,1
Butte County Special Education Local Plan Area (previous version),1
Butte County Sheriff/Coroner,1
Butte County Sheriff- Coroner,2
Butte County FSC,4
Butcher's Union Local 120 (prior version),1
"Butch Coley, Sheriff-Coroner of Tulare County",1
Butch Coley Sheriff-Coroner of Tulare County,1
"Business Law Section, Nonprofit Organizations Committee of the State Bar of California",2
"Business Law Section of the State Bar of California, the",2
"Business Law Section of the State Bar of California, Insolvency Law Committee",2
"Business Law Section of the State Bar of California, Franchise Law Committee of the State Bar of California",1
Business Law Section of the State Bar of California (Partnerships and Limited Liability Companies Committee),1
Business Law Section of the State Bar Department of Corporations (oppose unless amended),1
Business Law Section of the Corporations Committee of the State Bar: of California,4
Business Law Section of the,4
Business Law Section State Bar of California,1
Business Law Section - Corporations Committee of the State Bar of California,2
Business Law Section - Corporations Committee of the State Bar of,2
"Burtec Waste Industries, Inc",1
"Burrow Escrow, Santa Ana",2
Burns & McDonnell,2
Burney Cemetery District Manager Jackwellen Young,1
Burlingame City Firefighters IAFF Local 2400,1
Bureau of Electricity,1
"Bureau of Alcohol, Tobacco and Firearms",1
"Burbank/burbank Redevelopment Agency, City of",4
"Burbank Public Library, Burbank Library Services Director, Sharon Cohen",1
Burbank Police Chief,2
"Burbank Fire Fighters, Local 778",1
Bunny Bunch rabbit Boutique,1
Building and Construction Trades of California,2
"Building and Construction Trades Council of Stanislaus, Merced, Tuolumne and Mariposa",1
Building and Construction Trades Council of Monterey/ Santa Cruz Counties,1
Building and Construction Trades Council - Napa-Solano Counties,1
Building and Construction Trades Council - Contra Costa County,1
Building and Construction Trades Council - Contra Costa,1
"Building Trades Council of Kern, Inyo, & Mono County of California",1
Building Owners and Managers Association of Greater Los Angeles (prior version),1
Building Owners and Managers Assoc. of Silicon Valley,1
Building Owners and Managers Assoc. of San Diego,1
Building Owners and Managers Assoc. of Orange County,1
Building Owners and Managers Assoc. of CA,1
"Building Material, Construction, Industrial, Profession and Technical Teamster Union Local 36",2
"Building Material, Construction, Industrial, Profession & Technical: Teamster Union Local 36",5
"Building Industry of Southern California, Los Angeles-Ventura County Chapters",1
"Building Industry Association, Greater Los Angeles/Ventura Chapter",1
Building Industry Association of So. Calif. (Orange County Chap.),3
Building Industry Assn. of Fresno/Madera Counties,1
Builders Supply,1
Builders Exchanges Legislative Network (committee analysis),1
Builders Exchanges Legislative Network (BELN - as introduced - contractors' LLC amendments are still in the bill)),1
Buffalo Soldiers Motorcycle Club of Fairfield,2
Buenaventura,1
"Buena Vista Audubon Society (Oceanside, California)",3
Buena Vista Audubon Society (Oceanside CA),1
Buena Park School District Administrator of Student Attendance,1
Buellton,1
Buehler,1
Buddiga Family Allergy | Asthma | Skin | Immunology,2
"Bryan Osorio, Mayor, Delano",4
"Bruce Mix, Sheriff-Coroner, Modoc County",2
"Brotherhood of Locomotive Engineers & Trainmen, International Brotherhood of Teamsters",4
"Brotherhood of Locomotive Engineers & Trainmen, California State Legislative Board",1
Brotherhood Rally of All Veterans Organization (BRAVO),1
"Broadly, the California Chamber of Commerce",2
"Brian Muller, Sheriff of Mariposa County",3
Breastfeeding Task Force of Greater Los Angeles (Prior version),1
Breastfeeding Coalition of Greater,1
"Breast Cancer Action, California Environmental",1
Breaking the Tire cycle Coalition,2
Bras for Body & Soul (prior version),1
Brady United Against Gun Violence- Oakland/alameda County,1
"Brady United Against Gun Violence, sponsor of the bill",1
Brady United Against Gun Violence - San Francisco Chapter,2
"Brady Company/Los Angeles, Inc",1
"Brady Company/Central California, Inc",1
Brady Company / Central California Inc,1
"Brady Campaign to Prevent Violence, United with the Million: Mom March",8
"Brady Campaign to Prevent Gun Violence, San Mateo/Santa Clara Counties Chapter",6
"Brady Campaign to Prevent Gun Violence, Chapter Alameda County/Oakland",1
"Brady Campaign to Prevent Gun Violence, Alameda County/Oakland Chapter",7
Brady Campaign to,1
Brady Campaign for the Prevention of Gun Violence United,3
"Brady California, a sponsor of AB 1587",1
Boys and Girls Club Pomona,1
Boys Republic - sponsor,1
Boys Girls Club of San Fernando Valley,1
"Boy Scouts of America, Ventura County Council",1
"Boy Scouts of America, Southern Sierra Council",1
"Boy Scouts of America, Desert Pacific Council",1
"Boy Scouts of America, CA Inland Empire Council",1
Bourns College of Engineering,1
Boston Scientific Neuromodulation Manager,1
"Bosso, Williams, Levin, Sachs & Book",6
Boss Tycoon Smoke and Fashion,2
Born Free United/Animal Protection Institute,1
Born Free USA united with Animal Protection Institute,3
"Bonnie Pannel, Sacramento City Council Member, District 8",1
"Bonnie Dumanis, San Diego District Attorney",1
Bonita Firefighters Association,1
"Bodycote Hinderliter, Tarzana, California",2
Bodega Bay Protection District,1
"Bobrick Washroom Equipment, Inc",1
"Bob Nunez, Superintendent, East Side Union High School District",1
"Bob McDonell, Chief of Police, Newport Beach Police Department (Prior, related but different version: California Council of Police & Sheriffs",1
"Bob Filner, Mayor, San Diego",1
Bob Braitman,1
Boards on Developmental Disabilities,1
"Board of Supervisors, San Bernardino",1
Board of Supervisors of County of Sacramento,1
"Board of Supervisors Member, Santa Clara County",3
"Board of Supervisors Member, San Mateo County",3
"Board of Supervisor Keith Carson, Alameda County",1
Board of Professional Engineers and Land Surveyors: Opposition (unless amended),1
Board of Professional Engineers and Land Surveyors : Opposition,2
Board of Professional Engineers,2
Board of Governors of the California Community Colleges - sponsor,1
Board of Friends of the San Francisco Public Library,2
"Board of Equalization Vice Chair, Sally Lieber",2
"Board of Equalization Member, District 3",1
"Board of Equalization Member, District 2",1
Board of Equalization Member Diane L. Harkey,2
Board of Equalization (BOE) -- sponsor,1
Board of Directors/Mendocino Coast Healthcare District,3
Board of Directors-San Diego Black Health Association Inc,1
"Board of Deacons, Redwoods Presbyterian Church, Larkspur",1
"Board of Behavioral Sciences, Department of Consumer Affairs",1
Board of Behavioral Sciences (Board) is pleased,2
Board member of the Senior Council of Santa Cruz and San Benito Counties,1
"Board President Ethan Bertrand, Isla Vista Community Services District",1
Board Member State Board of Equalization,2
Board Member San Rafael Public Library Foundation,2
Board Member Ernest Dronenburg,2
"Bluewater Network, Friends of the Earth, Making Our Milk",2
Blue Water Network/Friends of the Earth,2
Blue Shield (latest amendments made Blue Shield a supporter),1
Blue Pacific Mobile Home Owners Association 39 Individuals,1
Blue Lake Rancheria Trive of CA,1
Blue Heart International,1
Blue Frontier (prior version),1
Blood Bank of San Bernardino and Riverside Counties (committee analysis),1
Blong Xiong,1
"Block Captain, Bixby Way's Neighborhood Watch",1
"Blindness Support Services, Inc",1
Black lives Matter - Los Angeles,1
Black Women for Wellness Action Project (BWW-AP),1
Black Oak Mine Unified School District Physical Education Staff,1
Black Los Angeles Young Democrats (prior version),1
Black Caucus of the California Student Association of Community Colleges,2
"Black Business and Professional Association, Inc",2
BizParentz (Sponsors),1
Bishop of the California-Nevada Annual Conference of the United Methodist Church,1
Bishop Chamber of Commerce and Visitors Bureau,2
Bird Rock Community Council (Prior Version),1
"Bion Gregory, former Legislative Counsel and",2
"Bion Gregory, Legislative Counsel and the",4
"Bion Gregory, Legislative Counsel",3
"Billy DeFrank Lesbian, Gay, Bisexual, and Transgender Community Center",1
Billy DeFrank Lesbian Gay Bisexual Transgender Community: Center of Silicon Valley,2
Billy DeFrank Lesbian Gay Bisexual Transgender Community Center of Silicon Valley,1
"Bill Scroggins, President, College of the Sequoias",2
"Bill Postmus, Chair, San Bernardino County Republican Central Committee",1
Bill No.: SB California Premium Finance Association,1
Bill No.: SB American Federation of Television and Radio Arts,1
Bill No.: SB 1356 California State Sheriffs' Association,1
Bill No.: AB Japan Business Association of Southern California,1
Bill No.: AB California Cotton Ginners and Growers Associations,1
"Bill Lutze, Sheriff of Inyo County",3
"Bill Lockyer, State of California Attorney General",1
"Bill Lockyer, State Treasurer of California",1
"Bill Lockyer, California State Attorney General",1
"Bill Leonard, member, Board of Equalization",2
"Bill Leonard, State Board of Equalization Member",2
"Bill Leonard, State Board of Equalization",1
"Bill Leonard, Member, Board of Equalization, District 2",1
"Bill Campbell, Chairman, Orange County Board of Supervisors",2
Big O Tires franchise store owners,1
"Big Fresno Fair, 21st District Agricultural Association",3
Big Creek Lumber Company (in concept),1
Big Brothers Big Sisters Big Brothers Big Sisters of Orange County and the Inland Empire,2
"Big Bluff Ranch, Red Bluff, CA (3/4/94)",1
Bi-Valley Medical Group,2
Beverly Hills / Hollywood NAACP,1
Beverly Community Hospital Association/Beverly Hospital,1
"Bevan Dufty, Member of the Board of Supervisors, City and County of San",1
"Betty Yee, Member, State Board of Equalization",3
"Betty Yee, Member, First District, State Board of Equalization",1
"Betty Yee, Member of the State Board of Equalization",2
"Betty Yee, Member of the Board of Equalization",2
"Betty Yee, Member 1st District, State Board of Equalization",4
"Betty Yee, First District Member, State Board of Equalization",1
"Betty Yee, Board of Equalization Member",1
"Betty T. Yee- Member, First District, State Board of Equalization",1
"Betty T. Yee, Member, First District, State Board of Equalization",2
"Betty T. Yee, Member, 1st District, State Board of Equalization",2
"Betty T. Yee, Member of the State Board of Equalization",1
"Betty T. Yee, First District Member, Board of Equalization",3
"Betty T. Yee, First District Member, BOE",2
"Betty T. Yee, Chairwoman, California State Board of Equalization",5
"Betty T. Yee, Board of Equalization member (1st Dist.)",1
"Betty T. Yee, Board of Equalization member",1
Best S.T.E.P Forward (4/17/23 version),1
"Berryman & Henigar, Santa Ana",2
Bernal Dwellings Tenants Association,1
"Berkeley Mayor, Tom Bates",1
"Berkeley Mayor, Jesse Arreguin",2
Berkeley Mayor Tom Bates,1
"Berkeley Firefighters Association, Local 1227",1
"Berkeley Fire Fighters Association, IAFF Local 1227",1
"Berkeley Federation of Teachers, AFT Local 1078",1
artworxLA,2
"Berkeley Community Law Center, Berkeley",1
Berkeley City Councilmember,1
Berkeley City Council member,1
Berkeley City Auditor Ann-Marie Hogan,1
Berkeley Chapter Japanese American Citizens League,1
"Bergey Windpower, Sacramento",3
Berchtold Equipment Co,1
"Benjamin T. Duran, Ed.D., Superintendent /President of Merced Community College District and Chair of the Economic",1
"Benjamin T. Duran, Ed.D., Superintendent /President of Merced Community",2
"Benjamin E. Dierauf, MS, L.Ac., San Francisco",1
Benioff Children's Hospital Oakland,1
Benicia Mayor Elizabeth Patterson,1
Benicia Library Board of Trustees,1
"Bell Gardens, City of",2
Behavioral Science Center,1
"Becker Electric/Solar Quest, North San Juan",1
Beach Water Department,1
Bayview Community Development,1
Bayshore Elementary School District,2
Bay Trade,1
Bay Protection and Cleanup Program (Division of Sierra Club),2
Bay Meadows Race coruse,1
Bay Area&Western Paralyzed Veterans of California,1
Bay Area and Western paralyzed Veterans of California,1
Bay Area and Western Chapter of the Paralyzed Veterans of America,2
Bay Area Stormwater Management Agencies Association (representing 84 cities and seven counties),3
Bay Area Stormwater Management Agencies Association (BASMAA),1
Bay Area Response Coalition (BARC first),1
Bay Area Open Space Council (represents 50 local government and nonprofit organizations),4
Bay Area Mexican American Legal Defense and Educational,1
Bay Area Chapter of the Sheet Metal and Air Conditioning Contractors National Association,1
Bay Area Armenian National Committee,2
Bay Area Air Quality (Nation),1
Bay Area Action and Peninsula Conservation Center Foundation,1
Bay 101 Club AB 1416 (Wesson) continued,1
Baxter Research,1
"Basic VI Technology, Inc., Mountain View, California",2
Barstow Area Chamber of Commerce and others,1
"Barrio Station, San Diego",1
Barrat American,1
Barber and Beauticians division State Board of Barbering and Cosmetology,1
"Barbara Sinatra Children's Center, and",2
"Barbara Pierce, Mayor, Redwood City",2
"Barbara J. Parker, City Attorney",1
"Barbara Collis, Grossmont-Cuyamaca Community",2
Bank of America is the,1
Bananas Child Care Information and Referral and Parent Support,1
Bananas Child Care Information and Referral & Parent Support,1
Bananas Child Care Information & Referral and Parent Support,1
Bananas Child Care Information & Referral & Parent Support,1
Baldwin Park Police Chief,2
Baldwin Park City Mayor,1
Baja California Norte & Patronato Pro-Homenaje a Agustin Lara,1
"Backcountry Horsemen of California and its Antelope Valley, Motherlode, and San Joaquin Sierra Units",1
"Bachmann Precision Machine Products Co., South El Monte, California",2
Baby-Friendly USA writes,1
"BP Solar, Inc., Fairfield",4
BKW Concrete SB 134 (Figueroa) Construction Inc,1
BIA of the San Joaquin Valley,1
BIA of Southern California,1
"BF Goodrich Specialty Chemicals, California",1
BANANAS Child Care Information and Referral and Parent Support (Oakland),1
"B.J. Grinding, Inc., Burbank, California",2
"B'nai Zion, Western Region",2
Avis Rent A Car AB 491 (Frommer) System,1
"Avenal, City of",1
Avanza Inc (d/b/a Listo!),1
"Automotive and Allied Industries Employees of San Diego County, Teamsters Local No. 481",1
Automotive and Allied Industries Employees of San,1
Automobile Club of Southern California and AAA of Northern California write,1
Automobile Club of Southern California (as proposed to be amended),1
Automobile Club of Southern California (AAA) (previous version),1
"Auto, Marine & Specialty Painters, Local 1176",3
Audubon Center At Debs Park,1
Auditory Research and Evaluation Center,1
"Auburn Placer Disposal Service, Inc",1
Attorneys Association (Sponsors),1
"Attorney's Association, Los Angeles County",1
Attorney and Administrative Law,1
"Attorney Generalos Office, California District",1
Attorney General's Office/California District,2
"Attorney General's Office, Kamala D. Harris",3
"Attorney General's Office, California District",2
Attorney General's Office of Victim Services,1
Attorney General for the State of California,1
Attorney General and Los Angeles County Sheriff,4
Attorney General and California District,2
Attorney General Lungren,1
"Attorney General Edmund G. Brown, Jr",4
Attorney General Edmund G. Brown Jr,6
"Attorney General Bill Lockyer, California Department of Justice",1
"Atascadero City Firefighters, Local 3600",1
Atascadero City Firefighters Local 3600,4
"Asthma and Allergy Foundation of America, Southern: California Chapter",4
"Asthma and Allergy Foundation of America, California: Chapter",1
Asthma & Allergy Foundation of America - California Chapter,1
"Association, Southern California Contractors",1
"Association, Los Angeles Womenos Leadership",1
"Association, California State Sheriffs",1
"Association, California State Association of Counties",1
"Association, California Redevelopment",1
"Association, California Opioid Maintenance",1
"Association, California Manufacturers",2
"Association, Association of California Water",1
"Association of the United States Army, Central California Chapter, 6105",1
Association of the United States Army (Central California Chapter 6105),1
Association of the United States Army (Central Calif. Chapter 6105),1
"Association of Winegrape Growers, California",3
"Association of Wheat Growers, California",2
Association of Uniformed Services,1
Association of Talent Agents (ATA) -Neutral,1
"Association of Resource Conservation Districts, California",1
Association of Regional Center Directors Association,1
"Association of Regional Center Agencies, Inland Regional Center",2
Association of Public Authorities for In-Home Supportive Services,1
Association of Military Surgeons of the United States,1
Association of Mexican American Educators/Latino Educators Association,2
Association of Mexican American Educators/Latino Educators Assoc. (CSUS),1
"Association of Latin American Gardener's, Lawn",2
Association of LA Deputy Sheriffs,1
Association of Korean Asian Medicine & Acupuncture of California (AKAMAC),1
Association of Holocaust Survivors from former USSR,4
Association of General Contractors of California San Diego Chapter,1
Association of Flight Attendants/Communication Workers of America,1
"Association of Flight Attendants - CWA, United Airlines: Council 12 - Los Angeles",3
"Association of Flight Attendants - CWA, United Airlines Council",1
"Association of Flight Attendants - CWA, United Airlines",1
Association of Fire Fighters Union Local 1067,1
"Association of Federal, State, and County and Municipal Employees",2
"Association of Federal, State, County and Municipal Employees Local 2620",1
"Association of Federal, State, County and Municipal Employees (AFSCME)",1
"Association of Engineering Geologists, Southern: California Section",1
Association of Energy Efficient Mortgage Service Companies,2
"Association of Electrical Workers, State",1
Association of County Treasurers and Tax Collectors state the PTP program,1
Association of Community Organizations for,1
Association of Community Healthcare Districts,2
Association of Children's Counsel,2
Association of California Urban School Districts - prior version,1
Association of California State Employees with Disabilities (Support,1
Association of California School Administrators: GOVERNOR'S VETO MESSAGE,1
Association of California School Administrators : GOVERNOR'S VETO MESSAGE,2
Association of California School Administrators (requesting,1
Association of California Life and Health Insurance Companies - Sponsor,1
Association of California Life and Health Insurance Companies (ACLHIC) - Sponsor,1
Association of California Life & Health Insurance Co. (ACLHIC)/Sponsor,1
"Association of California Healthcare Districts, sponsor of this measure",1
Association of California Healthcare Districts writes,1
Association of California Healthcare Districts to enable qualified district hospitals to recruit,2
Association of California Deans and Directors Schools of Social Work and Social Welfare,2
Association of California Deans & Directors - Schools of,2
Association of Boxing Commissions and Combative Sports (ABC),4
"Association of Black Correctional Officers (Assembly PERS Committee analysis, 6/18/99)",1
Association of Asian Pacific community Health,3
Association of Asian Pacific Community Health,1
Association for the Mentally Retarded at Agnews (AMRA),1
"Association for Los Angeles county Deputy Sheriffs, Inc",1
"Association for Los Angeles Deputy Sheriffs, Inc. SB 823 (Poochigian)",1
Association for Los Angeles Deputy Sheriffs -Co-sponsor,1
Association for Frontotemporal Degeneration (AFTD),1
"Association for Commuter Transportation, Northern: California Inland Chapter",3
Association for Children for Children for Enforcement of,4
Association for California Tort ReformConsumer Attorneys Of California,2
Association and California Police Chiefso,1
"Association Of California Healthcare Districts, And Affiliated Entity Alpha Fund (prior version)",1
Association AB 12 (Katz) Page b for Los Angeles Deputy Sheriffs,1
Association (CCAPTA - sponsor),1
"Associated Students, Inc., CSU Chico",2
"Associated Students, Inc., CSU Bakersfield",2
"Associated Students, Humboldt State University (multiple letters)",1
"Associated Students, California State University, Dominguez Hills",1
"Associated Students, Cal Poly Pomona",2
"Associated Students, CSU San Bernardino",2
"Associated Students, CSU Fresno",2
Associated Students at the University of California at,1
Associated Student Body (ASB) of Glendale Community College **** END,1
"Associated Plumbing & Mechanical Contractors on Scat., Inc",3
"Associated General Contractors, California Chapters (prior version)",1
Associated General Contractors of California and AGC-San Diego (co,1
Associated General Contractors of California AB 958 (Scott),1
Associated General Contractors of CA: San Diego Chapter,1
Associated General Contractors and Associated General: Contractors-San Diego Chapter,1
Associated General Contractors and Associated General,1
Associated General Contractors Association of California,1
"Associated General Contractors (AGC), California and San Diego chapters",1
"Associated Builders and Contractors, (ABC California)",1
"Associated Builders and Contractors Association, Inc. - Southern California",6
"Associated Builders and Contractors Association, Inc. - Central California Chapter",6
Associated Builders & Contractors Northern California Chapter,1
Assoc. of CA Life and Health Insurance,1
Assoc. of CA Accredited Law Schools,2
Assoc. for Education & Rehabilitation of Blind & Visually Impaired,2
Assoc. for Calif. Tort Reform (ACTR)None on file,1
"Assoc. Tile Contractors, Northern CA",1
"Assoc. Roofing Contractors, Northern CA",1
"Assoc. Plumbing & Mechanical Contractors, Sacramento",1
Assoc. General Contractors of America: San Diego Chapter,1
"Assoc. Builders & Contractors, Golden Gate Chapter",1
Assn. of Calif. Life and Health Insurance Companies,2
Assn. of Calif,3
Assn. of CA State Attorneys and Administrative Law Judges,2
Assn. for L.A. Deputy Sheriffs,1
Assessors Office,1
Assessor-Recorder,1
"Assessor of Los Angeles County, Jeffrey Prang",1
Assembly Judiciary Committee omnibus civil procedure and,2
Assembly Human Services Committee,6
Assembly Health Committee notes it has received hundreds of letters,2
"Assembly Federation of State, County and Municipal Employees",1
Assembly Committee on Veterans Affairs,4
"Assembly Committee on Jobs, Economic Development and the Economy (Joint -Sponsor)",1
Ass'n. of Deputy Marshals of Orange County,1
"Aspire Public Schools, sponsor of the measure",3
"Asian and Pacific Islander Caucus, League of California Cities",3
Asian and Pacific Islander Association of Loyola Marymount University,1
Asian Students Promoting Immigrants' Rights through Education (ASPIRE),1
Asian Students Promoting Immigrant Rights through Education Los Angeles,3
Asian Prisoner Support Committee (prior version),1
Asian Pacific Policy & Planning Council (prior version),1
"Asian Pacific Islander Reentry thru Inclusion, Support, & Empowerment",3
Asian Pacific Islander Reentry through Inclusion Support & Empowerment,2
"Asian Pacific Islander Reentry Thru Inclusion, Support, & Empowerment",1
Asian Pacific Islander Re-entry and Inclusion through Support and Empowerment,1
"Asian Pacific Islander Parents, |Families & |Friends of Lesbians and Gays",1
Asian Pacific Islander Communications Actions (prior version),1
"Asian Pacific Islander Caucus SEIU, Local 721",3
Asian Pacific Islander American Public Asian American,1
"Asian Pacific Health Care Venture, Inc., Los",1
"Asian Pacific Health Care Venture, Inc. (prior version)",1
Asian Pacific Americans for Progress-California (APAP-CA),1
Asian Pacific American Student Success - (APASS),1
Asian Pacific American Ocean Harmony Alliance (c0-source),1
Asian Pacific American Legal Center of Southern California Jericho,1
Asian Pacific American Legal Center of Southern California (prior version),1
Asian Pacific American Legal Center of Southern California (as amended),1
Asian Pacific American Bar Association (APABA),1
"Asian Law Caucus, Inc., San Francisco",3
"Asian Law Caucus, Inc",2
"Asian Law Caucus (ALC), Co-Sponsor",1
Asian Law Caucas,2
Asian Law Alliance (previous version),1
Asian Business Assoc. of Orange County,2
Asian Americans for Civil Rights and Equality (AACRE) - sponsor,1
Asian Americans for Civil Rights and Equality (AACRE) (Support),1
Asian Americans Advancing Justice-Southern California (prior version),1
Asian Americans Advancing Justice - Southern California Aspiranet,1
Asian Americans Advancing Justice - California (prior version),1
Asian Americans Advancing Justice - California (Advancing Justice - CA),2
"Asian American, Native Hawaiian, and Pacific Islander Diabetes Coalition (sponsors)",1
Asian & Pacific Islander Youth Advocacy Network (AYAN),1
Asian & Pacific Islander Wellness Center Community HIV/AIDS Services,1
"Ashod Mooradian, City Treasurer for City of Montebello",1
Ascertain Screening and Investigations,1
"Arturo Venegas, Jr., Chief of Police",1
Arts for LA writes,2
Artists and Allied Crafts of the United States,4
"Art Madrid, Mayor of the City of La Mesa",1
"Art Directors Guild and Scenic, Title and Graphic Artists, Local 800, Studio City",4
"Arroyo Grande, City of",1
Arroyo Grande Manager Steven Adams,1
Arroyo Grande City Manager Steven Adams,3
"Arriba! The Independent Living Skills Program, Inc",1
Armijo Newspapers,2
"Armenian Studies Program, CSU, Fresno",2
"Armenian Assembly of America, a supporter of the resolution",1
Armed Forces Reserves Association of America,1
"Arlo Smith, San Francisco District Attorney",2
"Arlo Smith, District Attorney of San Francisco",3
"Aristotle International, Inc",1
Aristotle International Inc,2
Ariel Kelley - Mayor of Healdsburg,1
Area XII Agency on Aging,1
Area Agency on Aging serving Del Norte and Humboldt Counties,1
"Area Agency on Aging Council, San Luis Obispo and Santa: Barbara Counties",2
"Area Agency on Aging Council, San Luis Obispo and Santa Barbara Counties",2
Area Agency on Aging Advisory Council/Los,1
"Area Agency on Aging Advisory Council, Santa Cruz and San: Benito Counties",2
"Area Agency on Aging Advisory Council, Santa Cruz and San Benito Counties",1
Area Agency on Aging Advisory Council (San Luis Obispo & Santa Barbara counties),2
"Area Agency on Aging (San Luis Obispo, Santa Barbara, North Coast)",1
Area 4 Board/Office of the State Council on Developmental Disabilities,2
Area 4 Agency Aging on Aging Advisory Council of Sacramento County,1
Area 4 Agency Aging on Aging Advisory Council of Mendocino County,1
Area 26 Agency on Aging,1
"Ardy Kassakhian, Glendale City Clerk",1
Architects/Designers/Planners for Social,1
Archer Child Advocacy Center,1
"Archdiocese of Los Angeles, Office of Detention Ministry",2
Arc California (formerly Association for Retarded Citizens of California),1
Arab American Caucus of The California Democratic Party,1
"Aquatherm Industries, Inc., Lakewood, New Jersey",3
Aptos Temple Beth El,1
Aptos La Selva Fire Chief Gary Smith,3
Appropriations Committee,6
Apple Valley County of Del Norte,1
Apple Valley Chamber Of Commerce,1
"Apple Computer Hal Justice, Director of Industrial Security",1
Appeal-Democrat - Marysville (editorial),1
Apla Health (prior version),1
"Apartment Association, California Southern Cities and the City of Long Beach",1
Apartment Association of San Fernando Valley-Ventura County,1
Apartment Association of San Fernando Valley and Ventura County,1
Apartment Assn. of Los Angeles (unless,1
Apartment Ass'n. of California Southern Cities (Long Beach),1
Antonio Villaraigosa,1
"Antonio Vazquez, California State Board of Equalization Member",1
"Antiquarian Booksellers' Association of America, Inc. (April 24 version)",1
Anti-Vaping Alliance (AVA) in Sacramento,2
"Anti-Defamation League, Los Angeles, Orange County, San Diego, San",1
Anti-Defamation AB 208 (Knox) League,1
Anthropic,1
Anthem Blue Cross (prior version),1
Anthem Blue Cross (previous version),1
Antelope Valley Hospital WIC Program (prior version),1
"Antelope Valley Board of Trade, California City",1
"Antelope Valley Alcohol, Tobacco and Other Drugs Policy Coalition",1
Another Chance Animal Welfare League - Millville Auburn Area Animal Rescue Foundation,1
"Anmar Precision Components, Inc., North Hollywood, California",2
"Anita Suazo, Superintendent, Garvey School District",1
"Anita Stuazo, Superintendent, Garvey School District",1
"Animal Legal Defense Fund, Director Chris Green",1
Animal Legal Defense Fund (committee analysis),1
Animal Husbandry Society (6/8/93),1
Animal Animal Issues Movement,1
Animal Advocates - Harbor City,9
"Anheuser-Busch Companies, Inc. (9/5/95)",1
Anheuser-Busch (AB),1
Angeles and Orange County Chapter of Hear My,2
"Angeles Superior Court, Juvenile division",1
Angeles Planning and Conservation League,1
"Angeles District Attorney's Office, and former",1
"Angeles Deputy Sheriffs, Inc",1
"Angeles County, Paramount",1
Andy's Transfer & Storage (an Interstate Agent for North American Van Lines),1
Anderson Valley Community Services District/Fire Department,1
Anderson Union High School District (Shasta Co)Moorpark,1
"Anderson Fire Protection District, California",1
Anderson Cemetery District Manager Eric Kapaska,1
"Anco Mfg. Inc., San Bernardino, California",2
"Anaheim, City of",1
Anaheim Police Officers Political Action Committee (APO PAC),1
Anaheim Mayor Curt Pringle,1
"Anaergia Services, LLC (UNREG)",1
"Amy Santullo, Chairman, Downtown College Prep Scholarship",1
"Amvac Chemical Corporation, California",1
Amourence Lee - Mayor of San Mateo,1
Americans for Safe Access (ASA),4
Americans for Non-Smokers' Rights,1
Americans for Non-Smoker's Rights,1
Americans for Death with Dignity (ADD - co-sponsor),1
"Americans United for Separation of Church & State, Orange County Chapter",1
Americans Against Discrimination and Preference,2
American Youth Soccer Organization (prior version),1
"American Federation of State, County and Municipal Employees Association of California Water Agencies",1
"American Federation of State, County and Municipal Employees Association of California School Administrators",1
"American Federation of State, County and Municipal Employees (BU 19: AFSCME)",1
"American Federation of State, County and Municipal Employees (AFSCME-AFL-CIO) - 06/04/03",1
"American Federation of State, County and Municipal Employees (AFSCME), seeks to extend these same due diligence protections to the trial courts in a pilot program",4
"American Federation of State, County and Municipal Employees (AFSCME), seeks to extend these same due diligence protections to the trial courts",2
"American Federation of State, County and Municipal Employees (AFSCME), Local 809",1
"American Federation of State, County and Municipal Employees (AFSCME), Local 575",2
"American Federation of State, County and Municipal Employees (AFSCME), Local 3930, AFL-CIO",1
"American Federation of State, County and Municipal Employees (AFSCME), Local 3299 AFL-CIO",2
"American Federation of State, County and Municipal Employees (AFSCME), Co",1
"American Federation of State, County and Municipal Employees (AFSCME), AFL-CIO, BNF",1
"American Federation of State, County and Municipal Employees (AFSCME), AFL-CIO, Action",2
"American Federation of State, County and Municipal Employees (AFSCME), AFL-CIO Sponsor",1
"American Federation of State, County and Municipal Employees (AFSCME), AFL-CIO California",2
"American Federation of State, County and Municipal Employees (AFSCME), AFL-CIO (prior version)",1
"American Federation of State, County and Municipal Employees (AFSCME) AFL-CIO Sponsor",1
"American Federation of State, County and Municipal Employees (AFSCME) (prior version)",1
"American Federation of State, County and Municipal Employees (AFSCME) (as introduced)",1
"American Federation of State, County and Municipal Employees (AFSCME) (6/6/12)",1
"American Federation of State, County and Municipal Employees (AFSCME) (4/9/15 version)",1
"American Federation of State, County and Municipal Employees (AFSCME - sponsor)",1
"American Federation of State, County and AB 1670 (Assembly Judiciary Committee) Municipal Employees",1
"American Federation of State, County SB 44 (Polanco) and Municipal Employees (AFSCME)",1
"American Federation of State, County & Municipal employees (AFSCME) - co",1
"American Federation of State, Asian Americans for Community Involvement",1
"American Federation of State, (AFSCME)",1
"American Federation of School, County and Municipal Employees, Local 2620",2
American Federation of Musicians - Musicians Union Local 6,5
"American Federation of County, State and Local Employees",1
"American Federation Of State, County And Municipal Employees, Council 57",1
American Farmland Trust (AFT),2
American Electronics Association (AeA) (6/14/07 version),1
American Electronics Association (AEA) (joint-sponsor),1
"American Counsel of Engineering Companies, California (ACEC-CA)",1
American Council of Life Insurers (as proposed to be amended),1
American Council of Engineering Companies - California Chapter,2
"American Congress of Obstetricians and Gynecologists, District IX, California (Sponsor",1
"American Congress of Obstetricians and Gynecologists, District IX (California): Clean Water Action",1
American Congress of Obstetricians and Communities United Institute,2
"American Community Services Agency, Inc",1
American Committee For Shaare Zedek Medical Center Jerusalem,1
American College of Surgeons- San Diego-Imperial Chapter (prior version),1
American College of Surgeons (cosponsors),1
American College of Obstetrics & Gynecology (as introduced),1
American College of Obstetricians and Gynecology (ACOG) District IX,3
"American College of Obstetricians and Gynecologists, District IX / CA (prior version)",1
American College of Obstetricians and Gynecologists District IX writes,1
American College of OB/GYN's District IX (ACOG),4
"American College of Emergency Room Physicians, State Chapter of California",1
"American College of Emergency Room Physicians, California Chapter",1
"American College of Emergency Physicians, State Chapter of Calif., Inc",3
"American College of Emergency Physicians, State Chapter of CA, Inc",1
"American College of Emergency Physicians, California State Chapter",4
"American College of Emergency Physicians, California Chapter (CAL/ACEP)",1
"American College of Emergency Physicians, California Chapter (6/3/94)",1
"American College of Emergency Physicians State Chapter of California, Inc. (prior version)",1
"American College of Emergency Physicians - State Chapter of California, Inc. (CAL / ACEP)",1
"American College of Emergency Physicans, State Chapter of CA, Inc",1
American Civil Liberties Union: California,1
American Civil Liberties Union/northern California/southern California/san Diego and Imperial,1
American Civil Liberties Union/northern California/southern California/San Diego and Imperial,1
American Civil Liberties Union/northern California/Southern California/san Diego and Imperial Counties,1
American Civil Liberties Union/Northern Californian/Southern California/San Diego and Imperial Counties,1
American Civil Liberties Union- California,1
"American Civil Liberties Union, Northern and Southern California, and San Diego and Imperial Counties",2
"American Civil Liberties Union, Northern California/Southern California/San Diego and Imperial Counties",1
"American Civil Liberties Union, California",5
American Civil Liberties Union of California (ACLU-CA),1
"American Civil Liberties Union California Action, co-sponsor of this measure",1
"American Civil Liberties Union California Action, a co-sponsor",1
American Civil Liberties Union California Action is pleased,2
American Civil Liberties Union ACLU),1
American Civil Liberties Union (to a previous version of the bill),1
American Civil Liberties Union (earlier version of bill),1
"American Civil Liberties Union (ACLU), numerous",2
American Civil Liberties Union (ACLU) writes,2
American Civil Liberties Union (ACLU) and the,2
American Civil Liberties Union (ACLU) and The,4
American Civil Liberties Union (ACLU) - California Action,1
American Civil Liberties Union (ACLU) - 05/06/03,1
American Civil Liberties Union (ACLU) (4/20/15 version),1
American Civil Liberties Union (5/26/93),1
American Civil Liberties Association (ACLU),1
American Chinese Garment Contractors Association of Southern California,1
American Cancer Society (based on previous amended version),1
American Cancer Society (as introduced),1
American Cancer Society (8/20/99),1
"American Building Contractors Association, Orange: County Chapter (ABCA)",1
"American Bar Association (support in part, relating to disability status",1
American Association of University Women/Sunnyvale - Cupertino Branch,1
American Association of University Women-California (prior version),1
"American Association of University Women, Santa Monica Bay Area Branch",1
"American Association of University Women, Santa Barbara-Goleta Valley Branch",1
American Association of University Women California - San Jose Branch,1
American Association of University Women -- California,2
American Trucking Associations' Agricultural Food Transporters Conference and Intermodal Motor Carrier Conference,4
"American Subcontractors Association, California Bay Area Chapter, L.A.-Orange Chapter, Redwood Empire Chapter, Capital City Chapter, Inland Chapter",1
"American Subcontractors Association, California Bay Area Chapter, L.A.-Orange Chapter, Redwood Empire Chapter, Capital",4
"American Subcontractors Ass'n., California",1
American Stroke Association Co-sponsor),1
American Society for the Protection of Cruelty against Animals,2
American Society for the Protection of Cruelty Against Animals,4
American Society for the Prevention of Cruelty to Animals and supported by several other animal advocacy organizations,2
American Resort Development Association and its related resort owner coalition,2
American Redress Coalition of California Bay Area (ARCC Bay Area) one of the leading statewide organizations advocating reparations for the descendants of enslaved African Americans,1
"American Promotional Events, Inc. (TNT Fireworks), approximately",1
"American Promotional Events, Inc. (TNT Fireworks)",2
"American Postal Workers Union, California State President Isabelle Bailey",1
"American Planning Association-California Chapter, California",1
"American Planning Association, California Chapter (in concept",1
American Patriot Insurance,1
"American Motorcycle Association, Mark Jones",1
"American Motorcycle Association District 37, Off-Road Division and Dual Sport Divisions",1
American Morgan Horse Institute,1
"American Merchant Marine, Stockton Chapter 943 (20 individual letters)",3
"American Merchant Marine Veterans, Sacramento Valley Chapter",1
American Massage Therapy Association (AMTA),1
American Lung association of Inland Counties,2
"American Lung Association, California Council",1
"American Lung Association, California Coalition",1
"American Lung Association, California Air",1
"American Lung Association of California, Clean",1
American Lung Association of California (California Thoracic Society)/sponsor,1
"American Legion, Chinatown Post 628- SPONSOR",1
American Legion Post 184,1
American Legion (a member of the California State Commanders Veterans Council),1
American International Group (AIG)/Sponsor,1
"American Institute of Architects, California - SPONSOR",1
American Institute of Architects AB 320 (Correa) California Council,1
"American Indian Studies Center, University of California, Los Angeles",1
American Indian Movement Support Group of Ohio and Northern Kentucky,1
"American Indian Graduate Student Association, University of California, Los Angeles",1
"American Heart Association, the sponsor of the bill",1
"American Heart Association, sponsor of the bill",1
American Heart Association writes in strong,1
American Heart Association - CO-SPONSOR,1
American G-I Forum of Calif,1
American Fire Sprinkler Assn,1
"American Federation of television and Radio Artists, Los Angeles",1
"American Federation of Television and Radio Artists, San Francisco",1
American Federation of Television SB 1615 (Simitian) and Radio Artists,1
"American Federation of State, County, and Municipal Employees, Local 4911 - United Emergency Medical Services Workers",1
"American Federation of State, County, and Municipal Employees, Local 1902 -Metropolitan Water District",1
"American Federation of State, County, and Municipal Employees, Local 1001 - Metropolitan Water District",1
"American Federation of State, County, and Municipal Employees, AFL-CIO, Local 3299, co-sponsor to the ACA",1
"American Federation of State, County, and Municipal Employees Association, AFL-CIO",1
"American Federation of State, County, and Municipal Employees (AFSCME), AFL-CIO, Bay Area",1
"American Federation of State, County, and (Leno) (AFSCME)",1
"American Federation of State, County and SB 1667 (Kuehl) Municipal Employees (AFSCME)",1
"American Federation of State, County and Municipal Employees, AFL-CIO, International (AFSCME)",1
"American Federation of State, County and Municipal Employees, AFL-CIO [CO",1
"American Federation of State, County and Municipal Employees, AFL-CIO - Co",1
American Association of University Women (following from author),2
American Association of State Counseling Boards (AASCB),1
American Association of Retired Persons in California,6
American Association of Retired Persons (AARP) California,2
American Association of Retired Persons (AARP) - Sponsor,1
"American Assocation of Retired Persons (AARP), California State Office",2
"American Assoc. of University Women, CA",1
American Assn. of University of Women,1
"American Arab Anti Discrimination Committee, LA/OC Chapter",2
American Agents Alliance - Sponsor,1
"American Academy of Pediatrics, District 9 (6/22/94)",1
"American Academy of Pediatrics, California District (AAP-CA)",1
"American Academy of Pediatrics, California (prior version)",1
"American Academy of Pediatrics, CA Dist",2
American Academy of Pediatrics -- California District: IX,1
American Academy of Pediatrics -- California,1
American Academy of Pediatrics - Califonria District (prior version),1
American Academy of Pediatrics (prior version),1
American Academy of Pediatrics (AAP),3
American Academy of HIV Medicine (prior version),1
"American Academy Of Pediatrics, California (prior version)",1
Amer-I-Can,6
Ambassador Theatre Group,2
Amador County Unified School District's school nurses,4
Amador County The Board of Supervisors,1
"Amador County Board of Supervisors Chairman, Richard Foster",2
"Alzheimer's Association, the sponsor of the bill",1
"Alzheimer's Association, Northern California Chapter (prior version)",1
"Alzheimer's Association, California Council [June 4, 2012",1
Alzheimer's Association in a letter,1
Alzheimer's Association - San Diego/Imperial Chapter,1
Alzheimer's Association - Co-Sponsor,1
Alzheimer's Association (prior version of bill),1
Alzheimer's Association (committee analysis),1
Alum Rock United Methodist Church |Christ,1
"Alternative Energy Solutions, Palo Alto",3
Alternative Dispute Resolution Committee of the,2
Altaville-Melones Fire Protection District,2
Altamont Commuter Express Authority/San Joaquin Rail Commission,2
"Alta Med Health Services, Los Angeles",2
Alpine county Family Support and Child Abuse Prevention Council,1
"Alpine Firefighters Association, Local 2638",1
Alpine Firefighters Association,1
"Alpine County, Office of the Sheriff and Coroner",1
Alpine County The Board of Supervisors,1
Alpine County Sheriff and Coroner's Office,2
Alpine County Family Support and Child Abuse Prevention Council,1
Alpine County Clerk/Registrar of Voters (prior version),1
Alphabet Workers Union - Communication Workers of America (co -sponsor),1
Alpha Project for the Homeless - San Diego,1
"Alpert and Alpert Iron and Metal, Inc",1
Almond Hullers & processors Assn,1
"Allied Waste, Americans for a Safe Future, California Refuse Removal Council, Committee to",1
Allied Personal Communications Industries Association of California,5
Allied Personal Communications Industries Association of Calfiornia,2
"Allied Pacific Insurance Services, San Jose, CA",1
Allied Fishing Groups (including 37 sport and commercial fishing organizations),1
Allied Brolers insurance Agency,1
Alliance on Aging Long-Term Care Ombudsman Program for,1
"Alliance of Specialty Medicine which includes the American Academy of Facial Plastic & Reconstructive Surgery, American Association of Neurological Surgeons, American College of Mohs Surgery, American",2
Alliance of Professional Tattooists to establish a uniform body of law to promote safer body art practices and assist these small businesses by streamlining the patchwork of local regulations,2
"Alliance of California Tribes, California",1
Alliance of California,1
Alliance of Automobile Manufacturers (previous version),1
Alliance of American Insurers (prior version),1
Alliance of American Insurers (AAI) seeks two types of amendments in order,1
Alliance for the mentally Ill of Contra,1
"Alliance for the Mentally Ill, Sacramento",1
"Alliance for the Mentally Ill, Riverside",1
"Alliance for the Mentally Ill, Pomona Valley",1
"Alliance for the Mentally Ill, Nevada County",1
"Alliance for the Mentally Ill, Mt. San Jacinto",1
"Alliance for the Mentally Ill, Monterey County",1
"Alliance for the Mentally Ill, Metropolitan State Hospital",1
"Alliance for the Mentally Ill, Mendocino County",1
"Alliance for the Mentally Ill, Inland Valley, Rancho",1
"Alliance for the Mentally Ill, Gold Country, Angels Camp",1
"Alliance for the Mentally Ill, Glendale",1
"Alliance for the Mentally Ill, Contra Costa County",1
Alliance for the Mentally Ill of the following areas,7
"Alliance for the Mentally Ill - Coachella Valley, East San",1
Alliance for Riverside's Economy & Environment,1
Alliance for Board of Equalization Reform,1
"Alliance Of Catholic Health Care, Inc. (prior version)",1
"Alliance Against Family Services, Ltd",2
All sections: California Defense Counsel,3
All of Us or None - San Diego,2
All of Us or None - Sacramento,1
All Of Us Or None (prior version),1
"All City Employees Association, Local 3090, AFSCME",4
Alison Hicks - Mayor of Mountain View,1
"Zareh Sinenyan, Mayor of the City of Glendale",1
"Zareh Sinanyan, Mayor",1
Zareh Sinanyan,1
"Yuba City, City Of",1
"Zeta Phi Beta Sorority, California membership",1
"Yuba County Board of Supervisors, on behalf of Pat McGrath, Yuba County",1
"Yuba County Board of Supervisors, on behalf of Pat McGrath",2
"Aliso Water Management Agency, Bakersfield",1
Alice B. Toklas Lesbian Gay Bisexual Transgender Democratic Club,3
"Alex Pader, Past President, Student Senate for California Community Colleges",1
"Alejandra Sotelo-Solis, Mayor, National City",1
"Alcoholics Rehabilitation Association of San Francisco, Inc",1
Alcohol and Drug Program Administrators Association of California,1
"Alcohol and Drug Abuse Prevention Task Force, San Diego County",1
Albertsonos,2
Albany Police Officerso Association,2
"Alan Uke, President, Underwater Kinetics",4
"Alan Uke, President, San Diego Aircraft Carrier Museum",1
"Alan Sanders, President of the Ormond Beach Observers",1
"Alan Pryor AMCAL Multi-Housing, Inc",1
"Alameda Labor council, AFL-CIO (2)",1
"Alameda Labor Council, AFL- CIO",1
Alameda Health Systems (AHS),1
"Alameda County Superintendent of Schools Sheila Jordan, 175 individuals",1
Alameda County Municipal Court,2
Alameda County Juvenile Justice/Delinquency Prevention Commission,6
Alameda County Firefighters International Association of Firefighters Local 55,3
Alameda County Families Advocating for The Seriously Mentally Ill (ACF) in a,2
Alameda County Developmental,1
Alameda County Congestion Management Agency (Alameda CMA),1
Alameda County Community Food Bank Nadia Leal,1
Alameda County Community,1
"Alameda County Board of Supervisors, Scott Haggerty, First",1
"Alameda County Board of Supervisors, Alameda",2
"Alameda County Board of Supervisors President, Keith Carson",3
"Alameda Corridor Transportation Authority, Gilbert Hicks, General Manager",1
Alameda Corridor Transportation Authority (ACTA),2
"Alameda Board of Supervisors, President",3
"Al Mijares, Ph.D., County Superintendent of Schools, Orange County Department of Education",1
"Airsignal, a division of McCaw Cellular Company",1
Air Transport Association of Canada,2
Air Transport Association of America to reinstate the partial exemption on fuel sold to air common carriers,2
"Air Touch Cellular Christy Wing, Regional Fraud Management Analyst",1
"Air Products and Chemicals, unless amended",2
Air Conditioning and Sheet Metal Assoc,1
Agricultural Commissioner of the City/County,1
Agoura Hills Mayor Ilece Buckley,1
Agency on Aging Advisory Council (San Luis Obispo and Santa Barbara Counties),1
Agency on Aging Advisory Council (San Luis Obispo and Santa AB 137-Correa Barbara Counties),1
"Agency on Aging Advisory Council (Nevada, Placer, Sacramento, Sierra, Sutter, Yolo, & Yuba counties)",2
African Village Weekend Cultural & Performing Arts Inc,2
African American and Other Drug Council to encourage and develop reliable alcohol,2
African American Blood Drive and Bone Marrow Registry for,1
African American Alcohol and Other Drug Council,8
Afl-cio Faculty Association of California Community Colleges,2
Affiliates of California American Civil Liberties Union,1
Youth Leadership: Development Project,1
Youth Empowered through Scholastics Sports & Service,1
Youth Employment Systems,2
Worldcolor,1
"World Relief, Inc",1
Youthbridge Housing (prior version),1
Youth Law Center (UNREG),1
Youth Justice Coalition - co-sponsor,1
Youth Build,1
Yimby SLO (prior version),1
Yimby LA (prior version),1
Yimby Action (prior version),1
"Yee Fow Center for History, Culture, and Trade",2
YWCA - Wings (West Covina),2
YMCA- Wings,1
Worksite Wellness LA (prior version),1
"Worksafe, a co-sponsor for the bill",1
"Worksafe, Inc. - Co-Sponsor",1
Worksafe also,1
Worksafe (previous version),1
Worksafe (04/21/14 version),1
Working Partnerships USA (UNREG),1
Wonder Dog Rescue,1
Women's Foundation of California Policy Institute - sponsor,1
Women's Foundation of California - co-sponsor,1
Women's Foundation of California - Sponsor,1
Women's Foundation of California (prior version),1
"Women's Foundation California, Women's Policy Institute, sponsor of this measure",2
Women's Crisis Stanislaus,1
"Woman, INC",1
Wisdom Center Technologies & Institute,1
William feldman Associates,1
"Wild Iris Women's Services of Bishop, Inc",1
Wild Heritage,3
Women's Crisis Support - Defensa de Muejeres (Santa Cruz County),4
Women's Crisis Support,1
Women's Alliance Los Angeles (prior version),1
Women' Employment Rights Clinic of Golden Gate University School of Law,1
"Women in Military Service for America, California Branch",4
"Women In Military Service for America, Memorial Foundation, Inc., Washington, D.C",2
Women Alive,6
Woman Inc,1
Wine Institute 33 wineries,2
"Willows, City Of",1
"William A. Steen & Associates (January 5, 1998 version)",1
"Whittier, City of",5
Whittier Rio Hondo AIDS Project (prior version),1
ARCA (in concept),1
ARCA (Association of Regional Center Agencies),1
ARC - Imperial Valley,1
ARB also,1
"APT - Ananda Power Technologies, Inc., Nevada City",1
API Equality- LA,2
APA-Cal,2
ANC Rental Corporation (the parent of Alamo and National),3
"ANC Rental Corporation (Alamo Rent A Car, National Rental Car and Car Temps)",1
"AMVETS-Department of California, California State Commanders Veterans Council, Blythe",1
AMVETS-Department of CA,1
AMVETS-Department of,2
"AMVETS (American Veterans), Department of California",1
AMR also,1
AMENDMENT REQUESTED: Mojave Town Council,1
AJR Central Basin Municipal Water District,2
AJC - Global Jewish Advocacy,1
"AIDS Resources, Information and Services of Santa Clara: County",1
"AIDS Resources, Information & Services of Santa Clara County",2
"AFT, Peralta Federation of Teachers, Local 1603",4
AFT Guild - San Diego Community Colleges,1
"AFT Gild, San Diego Community Colleges",3
"AFT College Staff Guild, Los Angeles, Local 1521A",5
"AFT College Faculty Guild, Local 1521, Los Angeles",1
"AFT Coast Federation of Teachers, Local 1911",1
"AFSME Retirees, Chapter 36",6
AFSMC District Council 36,1
AFSCME/UNAC-UHCP United Nurses Associations of California - Union of Health Care Professionals,1
"AFSCME, Local 4911 United EMS Workers",1
"AFSCME, Local 3993",1
"AFSCME, Local 2620, AFL-CIO",2
"AFSCME, Local 206 Union of American Physicians and Dentists",1
"AFSCME, District Council 36 and 57",1
"AFSCME, Council 36",1
"AFSCME, AFL-CIO (to prior version)",1
"AFSCME, AFL-CIO (prior version)",1
"AFSCME, (AFL-CIO",1
AFSCME stands,1
AFSCME also,1
AFSCME SB 44-Alpert,1
"AFSCME Local 2620, State Bargaining Unit 19",1
AFSCME Local 2620 represents the state clinicians and,1
AFSCME Local 2620 (to a prior version of the bill),1
"AFSCME Local 1902, Employees Association of the Metropolitan Water District of Southern California",1
"AFSCME Local 1902, Employees Association of Water Replenishment District of Southern California",1
AFSCME Local 1587 Santa Clara County Probation Peace Officers Union,5
AFSCME Housing California,1
AFSCME Co-Sponsor,1
AFSCME - Health and Social Service Professionals,3
AFSCME - California,4
AFSCME - AFL-CIO,1
AFSCME (letter for pre-amended version of bill),1
AFSCME (American Federation State County and Municipal Employees),1
AFL-CIO United Domestic Workers of America - AFSCME Local 3930,1
AFL-CIO State Building and Construction Trades Council of California,1
AFL-CIO State Building & Construction Trades Council of California,1
AFL-CIO SEIU,1
AFL-CIO Northern California District Council,4
AFL-CIO National Guard Association of California,1
AFL-CIO Laborers' International Union of North America,1
AFL-CIO International Brotherhood of Electrical Workers,6
AFL-CIO Instituto Laboral De La Raza,1
AFL-CIO Housing and Building Investment Trust,1
"AFL-CIO Housing Investment Trust, San Francisco",1
AFL-CIO Fair Employment and Housing Commission,1
AFL-CIO Court Reporters Board of California,1
AFL-CIO Communications Workers of America,1
AFL-CIO Chancellor's Office,1
AFL-CIO California Teamsters Public Affairs Council United Farm Workers of America,1
AFL-CIO California Teamsters Public Affairs Council International Union of Operating Engineers,2
AFL-CIO California Teamsters Public Affairs Council,2
AFL-CIO California State Council of the Service Employees International Union,1
AFL-CIO California State Association of Counties County of Marin,1
AFL-CIO California Chapter,1
AFL-CIO California Association of Clerks and Election Officials,1
Affiliate 37 Board of Barbering and Cosmetology (in concept),1
"Affaitati LLC, San Bernardino",2
"Aerospace Precision Systems, Inc., Anaheim, California",2
Advocacy Institute/Center for Public Interest Law,1
Advocacy Fund,1
Advisory Council to the Area 1 Agency on,1
Advisory Council of the Los Angeles County Area Agency on,2
"Advisory Committee on Special Education, California: Department of Education",1
"Advisory Committee on Special Education, California Department of Education",1
Advisory Committee of the Maternal and Child Health Network for,1
"Adventist Health, Selma Community Hospital",1
"Adventist Health, Howard Memorial Hospital",1
"Adventist Health, Hanford Community Medical Center",1
"Advanced Photovoltaic Systems, Inc., San Bruno",1
"Advanced Energy United, sponsor of the bill",1
Advanced Energy United write,1
Advance Payroll Systems,1
Adult and -Correa Affiliated Committees on Aging of Los Angeles,1
Adobe Christian Center,2
Administratively Consolidated Trial Courts of Alameda County,1
Administratively Consolidated Superior & Municipal Courts of Lake County,1
Adam Rak - Mayor of San Carlos,1
"Adam Dalton, Tribal Chairman, Jackson Rancheria Band of Miwuk Indians",1
Activists for Protective Animal Entertainment,1
"Action and Environmental Justice, Center on",1
"Accrediting Commission for Community Colleges, Western Association of Schools and Colleges",1
"Access Support Network of San Luis Obispo, Monterey, and San Benito Counties",2
Access Support Network of San Luis Obispo & Monterey Counties,1
Access Support Network of San Luis Obisbo and Monterey Counties,1
Academy of Defensive Driving,1
Academy of California,1
"Abuse Bureau, Sacramento County Sheriff's Department",2
Ab 866 - Diaz Santa Clara County Board of Supervisors,1
"Aaron Peskin, President, San Francisco Board of Supervisors",1
AT&T Cingular Wireless,1
AFL-CIO (co,1
AFL- CIO California Labor Federation,1
AFL - CIO,1
AFGE Local 2003,1
AFGE Local 1881,1
"AF Evans Company, Oakland",1
ADT Security Services (sponsors),1
ACWA is writing to express our,1
"ACTUP, San Francisco",2
ACSCAN,2
ACS COT,2
ACOG states,2
ACLU-Northern/Southern California/San Diego and Imperial Counties,1
ACLU-Northern California Paul Robeson Chapter,2
"ACLU, Northern and Southern California, and San Diego and Imperial Counties",1
"ACLU, Center for Advocacy and Policy",1
ACLU of San Diego & Imperial Counties,1
ACLU of California also,1
ACLU of /Northern California/Southern California/San Diego & Imperial Counties,1
ACLU Southern California,1
ACLU San Diego and Imperial Counties,2
ACLU SD/Imperial,1
ACLU Center for Advocacy and Policy,1
ACLU California Action strongly,1
ACLU Action California,4
ACHD is pleased,1
ACHD firmly,1
ACCESS Women's Health Justice - co-sponsor,1
ACCESS Reproductive Justice concludes that these grants will be critical to ensuring abortion funds and abortion,2
ACCESS - Women's Health Justice,1
AC Transit in an effort to improve the environmental health,2
ABx1 30 San Diego County Sheriff's Department,1
ABC Nor Cal is pleased,1
ABC Nor Cal,1
ABATE- Local 14,1
ABATE- Local 1,1
"ABATE of California, INC",3
ABATE Local 46 ABATE Local 51,1
AB1540 Palos Verdes Stables,1
AB1513 Las Lomitos School District,1
AB120X California Police Officer's Association,1
AB Western League of Savings Institutions,2
AB Veterans Service Officers,2
AB Union of American Physicians & Dentists,1
AB State Farm Insurance Companies,1
AB Southern California Coalition on Battered Women,1
AB Sierra County District Attorney,1
AB San Francisco Drug Abuse Advisory Board,1
AB Police Chief of Montebello,1
AB Marysville Police Department,2
"AB Major Frank Jordan, San Francisco",1
"AB Larry Smith, Sheriff, Riverside County",1
AB GTE,1
AB Department of Transportation,1
"AB David L. Snowden, Chief of Police",1
AB City of Berkeley,1
AB California Schools Boards Association,1
AB California Judges Association,2
AB California Federation of Teachers,1
AB California Cotton Growers Association,2
AB California Academy of Higher Education,1
AB Associated General Contractors of California,1
AB 939 Task Force on Waste Diversion of Sonoma County,1
AB 907-Vasconcellos Bonded Indebtedness and Methods of Financing,1
"AB 892, Page Hospice of the Valley",1
"AB 88, Page Alliance for the Mentally Ill of San Mateo County",1
AB 81 X2 Energy Control Products,1
AB 60 X2 Cummins Cal Pacific,1
AB 563 - Honda,1
"AB 525, Page Asians & Pacific Islanders for Reproductive Health",1
AB 4XX Los Angeles Deputy Sheriffs Association,1
"AB 458 o Ducheny Western Center on Law and Poverty, Inc",1
AB 38 X1 Sunlaw Energy Corporation,1
AB 35 - Klehs So. Cal. Air Quality Management District,1
"AB 343 (Chan), Page Managed Risk Medical Insurance Board",1
AB 3203 - Dry Diggings Distillery - El Dorado Hills,1
AB 2857 - Laird County of Los Angeles,1
AB 2795 - Morrissey California Taxpayers Association,1
AB 2758 - Briggs Visalia Firefighters Association,1
"AB 2639, Page Mercury Insurance Company (based upon telephone conversations)",1
AB 2592 - Cortese California Association of Long Distance Telephone Companies,1
AB 2388 - La Suer Chief Probation Officers of California,1
AB 2106 - Ridley-Thomas California Budget Project,1
AB 209 - Maze Service Employees International Union (opposed identical AB 218 (2005)),1
"AB 207, Pharmacists Planning Service, Inc",1
"AB 2007, Page Insurance Agents and Brokers Legislative Council",1
AB 1928 - Parra American Federation of State County and Municipal Employees (AFSCME),1
AB 190-Negrete McLeod Sexual Assault Victim Services-Orange County,1
AB 190-Negrete McLeod Antelope Valley Hospital,1
AB 1798 - Berg Napa County Flood Control and Water Conservation District,1
"AB 1527, Page Insure the Uninsured Project",1
"AB 1226, Page California Association of Catholic Hospitals",1
AB 1207 - Mazzoni California Business Alliance,1
AB 1057 - Richter Pacific Rim Trade Association,1
"AB 1049, Page Association of California Life and Health Insurance Companies",1
AB 1037 - Frommer Intel,1
AB 1 X4 California Landscape Contractors Assn. (CLCA),1
AB 1 X4 California Grocers Assn,1
AAUW San Fernando Valley Branch,1
"AARP, California Chapter",2
"AARP, CA",1
AARP strongly,1
AARP also writes,1
AARP State Legislative Council,6
AARP - sponsor,1
AARP - co-sponsor,1
AARP - Los Angeles,2
Western Prelacy Board of Regents of Armenian Schools in California,2
Western Pedodontic and Odontic Society,4
"Western Lath, Plaster, Drywall industries of California",1
"Wheatland, City of",1
Westfield Galleria,1
"Western Wheelers Bicycle Club, Inc.: Numerous individual letters",1
"Western Wheelers Bicycle Club, Inc.: 7 private letters",1
Western States Petroleum Association (in concept),1
Western States Petroleum Association (5/22/95),1
Western States Council of Sheet Metal Workers (prior version),1
"Western States Council Sheet Metal, Air, Rail and Transportation (prior version)",1
Western Region of the American Society for the Protection of Cruelty to Animals (ASPCA),1
Western Mobilehome AssociationUnknown,1
Western Mobilehome Association Unknown,1
Western Mobilehome Association Association,1
Western Manufactured Housing Communities Association: GOVERNOR'S VETO MESSAGE,1
"Western Manufactured Housing Communities Association (as amended April 17, 2006) Neutral",1
Western Growers Association: GOVERNOR'S VETO MESSAGE,1
Western Growers Association (as amended),1
Western Fairs Association writes,1
Western Fairs Association (Joint Sponsor),1
Western Center on Law and Poverty Prior version,1
West Orange County Regional Chamber of Commerce,1
Well Being of Earlimart/El comite para el Beinestar de,1
Webb-Sanders Funeral Home,1
Western Center on Law and Poverty (joint sponsor),1
Western Center on Law and Poverty (WCLP) writes,3
Western Center on Law and Poverty (WCLP) co-sponsor,1
Western Center on Law & Poverty (WCLP) -sponsor,1
Western Boaters Safety Group (sponsors),1
Western Alliance of Milk Producers (co-sponsors),1
West Sacramento Area Flood Control Agency (WSAFCA),1
West Marin Compost,4
West Hollywood Mayor Jeffrey Prang,1
West Hollywood Community Housing Corporation (Section 5 of the bill),1
"West Hills College Coalinga, Student Services",4
"West County Health Centers, Inc.: One individual",1
West Company (Ukiah),2
West Bay Housing Corp. 5 individuals,1
Wessman Development Company: GOVERNOR'S VETO MESSAGE,3
Wellstone Democratic Renewal Committee,1
Wellstone Democratic Renewal Club (prior version),1
Wellspring International (in concept),1
Welcoming Neighbors Home (prior version),1
Weingarten Children's Center (prior version),1
Weco Industries,1
"AAA, Northern and Southern California, Nevada and Utah",2
A.T.&T. Investment Management Corp,2
A.C. Whitacre Construction,1
"A T Engineering & Manufacturing, Inc., Chatsworth, California",2
"A Safe Place, Oakland's Shelter for Battered Women & their Children",1
"A Quality of Life Coalition (Libraries, Schools, Parks in San Mateo County)",1
"A - Z Bus sales, Incorporated",1
"9to5, National Association of Working Women - CA - co-sponsor",1
79 delegates of the California Democratic Party,1
7- Lassen Sportsmen's Club,1
6 Neighborhood Crime Prevention Councils,2
"5th District, Board of Supervisors of Sonoma County",1
50 California Bicycle Clubs and Advocacy Groups,1
5 East Alameda County Ranchers,1
3rd and 4th District Santa Barbara County Board of Supervisors,1
350.org Sonoma County,1
3. The National Tax Limitation Committee,1
3) Tahoe City Public Utility District,1
2nd District,1
2nd AME Church,1
"2620, AFL-CIO",1
259:: American Veterans,1
22nd District California Association of County Veterans Service Officers,1
2013: California Thoroughbred Breeders Association,1
2012: Wine and Spirits Wholesalers,1
2011: Community College League of California Student Senate,1
2009: Daly City,1
2009: Center for Public Interest Law,1
2009: California State Firefighters' Association,1
2007: American Cancer Society,1
2007 version) Orange County Local Agency Formation Commission (February 22,1
2006) Western Center on Law & Poverty (as amended April 6,1
2005: Archdiocese of Sacramento Military Department,1
2. People's Advocate Inc,1
"2-Way CABE, the affiliate of the California Association for",1
2-1-1- California,2
2-1-1 California,8
2- Covenant House of California,1
2) South Tahoe Public Utility District,1
2) San Diego County,1
2) County of El Dorado,1
1st District,2
1] San Bernardino County Sheriff's Department,1
1999: California Association of Joint Powers Authorities,1
1998: Service Employees International Union,1
1998: American Institute of Architects,1
1998: American Farmland Trust,1
1997: California Chamber of Commerce,1
1995. Xerox,1
16 Planned Parenthood Affiliates of California,1
16 Planned Parenthood Affiliates,1
Watsonville Association of Realtors,1
Waste Watchers United,1
"Washington Counsel, P.C., Washington, D.C",4
Ward AME,6
"WATTSHealth Systems, Inc",1
Volunteers for Life,1
"Wayne Enterprises, L.P. (John Wayne Family Partnership)",4
Watsonville Mayor Eduardo Montesino,1
"Water Techniques, 8 employees",2
WalkSacramento Individual letters-6,2
WORKSAFE! Sponsor,1
WORKSAFE! AB 1127 (Steinberg),1
WILDCOAST (prior version),1
WAGES Cooperatives (Women's Action to Gain Economic Security) One individual,1
W. C. Cox & Company (sponsors),1
Voters Right to Know (prior version),1
Voluntary Plan Administrators (VPA) - Sponsor,1
"Voices for Progress, Sandra Fluke, California State Director",1
"Vivian Chen Photography, Oakland",1
Vinttrals Inc,1
Vintner's Collective,1
"Victory Community Church, Pomona",2
"Viaticus, Inc., Illinois",10
Veterans Advisory Committee of the Board of Supervisors of San Diego County,1
"Ventura County Department of Public Health, Children's Medical Services One individual",1
Ventura County Community Development Coroperation,1
Visual Communications West Hollywood,1
Vision Service Plan: 5 indiviudals,1
"Vietnam Veterans of California, Inc.: GOVERNOR'S VETO MESSAGE",1
"Vietnam Veterans of America-California State Council, individual letters",1
"Vidiots Foundation, a 501(c)(3) nonprofit cultural film exhibition organization",1
"Veterinary Medical Board (VMB, co-sponsor)",1
"Veterans Memorial Center, Inc., San Diego",2
Vet Voice Foundation (so-source),1
"Ventura County Taxpayers Association, Visalia",2
Ventura County Partnership for Safe Families & Communities,2
Ventura County Partnership for Safe Families,2
Ventura County Farm Bureau and the,2
Ventura County Board of Supervisors (Sponsors),1
Velthoen Associates Commercial Brokers,1
"Varten Gharpetian, Mayor of the City of Glendale",1
Valley Women's Club of San Lorenzo Valley (prior version),1
Valley Industry Commerce Association (VICA),2
"Valley Health Team, Inc.: GOVERNOR'S VETO MESSAGE",1
Valley Beth Shalom Homelessness Task Force,2
Valley Ag Water Coalition (prior version),1
Vallejo-Benicia Indivisible (prior version),1
"Vallejo, City Of",1
"VIETNAM VETERANS OF AMERICA, CALIFORNIA STATE COUNCIL",1
"VForce, is in support of the bill and",1
VFW - Department of California (co -source),1
Utility Workers Union of America (prior version),1
Utility Reform Network (TURN) writes,1
"Urban Habitat (as of April 10, 2013)",1
Upland Chamber,1
Up for Growth (Sponsors),1
Valley Metal Treating,1
"VISIONES (Fresno, CA) and",1
"100% Campaign: including Children NOW: Children's Defense Fund, The Children's Partnership 5 individuals",1
"100% Campaign: including Children NOW: Children's Defense Fund, The Children's Partnership 2 individuals",1
"100% Campaign: including Children NOW: Children's Defense Fund, The Children's Partnership",4
100% Campaign: Health Insurance of Every,1
"100% Campaign, a collaborative of Children Now, Children's Defense Fund, The Children's Partnership and PICO California",1
"100% Campaign, a collaborative of Children Now, Children's Defense",2
"100% Campaign, a collaboration of Children's Defense Fund California, California NOW, the Children's Partnership, and PICO California",4
"100% Campaign , a collaborative of Children Now, Children's Defense Fund, The Children's Partnership and PICO California",2
"100% Campaign (a collaborative of The Children's Partnership, Children's Defense Fund California, Children NOW, PICO California) (April 10, 2007)",1
"100% Campaign (Partnership for Children, Children NOW, Children's Defense Fund)",1
"100% Campaign (Joint project of Children Now, Children's Defense Fund and The Children's Partnership)",2
"100% Campaign (Children Now, Children's Defense Fund, The Children's Partnership): - sponsor",1
100 percent Campaign-An Imitative of Children NOW,4
1+One Management,1
1 AM projects - Sf Mural Company,1
(the former) LIFE Lobby,6
(information from ) City/County Association of Governments of San Mateo,1
(end) State Teachers Retirement System Board,1
(Steinberg) Board of the Amalgamated Transit Union,1
(SPEC) California Spa and Pool Industry Education Council,1
(Manufacturers and Suppliers): John Deere,1
"(Leno) PageB Industrial Hemp Council, Inc",2
"(Dutra) Asian Local Devel Corp, Oakland",2
(Dunn) Coalition to End Hunger and Homelessness,1
(Dunn) Board of the Amalgamated Transit Union,1
(Correa) Rape Crisis & Child Protection Center,1
"(Cannella) Casino Management, Inc",1
"UNI-SOLAR - United Solar Systems Corporation, San Diego",1
U.S. Women's Chamber of Commerce,6
Twenty-First Century Insurance,1
Tustin Chamber of commerce,1
UDW/Afscme Local 3930,1
"UDW/AFSCME Local 3930, a sponsor of the bill",1
UDW/AFSCME Local 3930 - sponsor,1
UDW/AFSCME Local 3930 - cosponsor,1
UDW/AFSCME Local 3930 - Sponsor,1
UDW/AFSCME Local 3930 (sponsors),1
UDW/AFSCME Local 3930 (Co-Sponsors),1
UDW/AFSCME Local 3930 (Co - Sponsor),1
UDW-AFSCME Local 3930,1
Tustin Hospital and Medical Center (based on previous amended version),1
University of Maryland Safe Center for Human Trafficking Survivors,1
United Way of Corona-Morco,2
United Used Car Dealers of Calif,1
United States Student Association,2
United States Green Chamber of Commerce,1
United Methodist Church of petaluma,1
United Khmer Cultural Preservation,2
United Hypnotherapists of California,1
University of San Francisco Seed Library at Gleeson Library/Geschke Center,3
"University of California, San Diego, Chancellor Marye Anne Fox",2
"University of California, San Diego Guardian Scholars Program",5
"University of California, Riverside - Office of Foster Youth Support Services",2
"University of California, Merced, Guardian Scholars Program",1
University of California San Francisco School of Nursing California,1
United Ways of California co-sponsor,1
United Ways of California - cosponsor,1
United Ways Of California (prior version),1
"United Teachers of Los Angeles, the sponsor of this",2
United Teachers of Los Angeles (sections 1 and,1
United Teachers of Los Angeles (UTLA) - Sponsor,1
United Teachers Los Angeles (previous version of the bill,1
United States Life-Saving Association,5
United Rentals (48 individuals),1
United Policyholders (prior version),1
United Policyholders (as introduced),1
United Parcel Service (UPS) - Sponsor,1
United Food and Commercial Workers Union (1/25/2016 version),1
United Food and Commercial Workers - Western,1
United Food and Commercial Workers (UFCW) Western,1
United Food and Commercial Workers (Sponsors),1
"United Farm Workers, sponsor of the bill",1
United Farm Workers of America (Co sponsor),1
United Farm Workers - Sponsor,1
United Farm Workers (sponsors),1
United Farm Workers (UFW) (Sponsors),1
United Domestic Workers of American/AFSCME (prior version),1
UVC Cleaning Systems,2
United Domestic Workers of America Homecare Providers Union,2
United Domestic Workers UDW/AFSCME Local 3930 - Co-Sponsor,1
United Domestic Workers (sponsors),1
"United Domestic Workers (Qualified support, see comment 7)",1
United Chamber Advocacy Network (prior version),1
"United Anglers, sponsors",1
United Anglers of California (as of 3/3/95),1
United Administrators Southern California,1
UniteHere! Local 30,1
"Unite Here International Union, Afl-cio (Prior Version)",1
"Unite HERE, the sponsor of this measure",3
Union of American Physicians and Dentists-CO-SPONSOR,1
Union of American Physicians and Dentists - Co-Sponsor,1
Union of American Physicians and Dentists (prior version),1
Union Roofing Contractors Association (prior version),1
USS-Posco,3
"USA Properties, Sacramento",2
"UNITE-HERE, AFL-CIO, a union representing hotel workers",1
"UNITE-HERE, AFL-CIO (prior version)",1
"UNITE-HERE, AFL-CIO (American Federation of Labor & Congress of Industrial Organizations), a union representing hotel workers",1
"Tom Engstrom, Chief of Police, Lake County Sheriff's Department",1
"Tom Engstrom, Chief of Police",1
"Tom Bates, Mayor",1
"Titan Spring, Inc. North Hollywood, California",2
"Tipping Point Community, Talia Nagar, Senior Program Officer",1
"Tim Sandoval, Mayor of the City of Pomona",2
"Tim Grimmond, Chief of Police, El Segundo Police Department",1
"Tiempo Escrow II, Fountain Valley and Laguna Hills",1
"Tiempo Escrow II, Fountain Valley and Laguna",1
Thomas Safran Associates,1
"Thomas J. Orloff, Alameda County District Attorney",2
"Thomas Bickell, Chief of Police, Fort Bragg Police Department",1
"Thomas Bickell, Chief of Police, Fort Bragg",3
Ti'at Society/Traditional Council of Pimu,1
Turtle island Restoration Project,1
Turning Life on,1
"Tulare, City of",1
Tulare County Youth Crops,4
Tulare County WIC,3
Trusts and Estates Section of the California Lawyers Association (TEXCOM) would,1
Trusts & Estates Section of the California Lawyers Association (TEXCOM) would,1
Trout Unlimited and several conservation organizations,1
Trinity County Life Support,1
Trikone Los Angeles,2
"Trico Disposal, Inc",1
Tribal Business Alliance (CTBA),1
Trial Courts Legislation Committee (county clerks and court administrators),3
Tri-valley Moto,1
Tri-Valley Moto,1
Tri-Valley Citizens for Responsible Gun Laws,1
Tri-County Foster Grandparent/Senior Companion Program,1
Treatment Advocacy Center (Virginia),1
"Treasurer Bill Lockyer, SB 1116 will increase access to small business",1
Treasure Bill Lockyer,1
"Travelodge, Tahoe City",1
Transnational Alliance to Combat Illicit Trade,1
Transgender Law Center: Neutral,1
Trade Press Services,2
"Trace Technologies, Livermore",4
"Trace Engineering, Arlington, Washington (set national standard)",1
"Townsend & O'Leary, Inc. (advertising agency)",1
"Total Benefit Services, Inc",2
Torres Martinez Tribal TANF Finance Department,1
Torrance Library Commission,3
"Tony Simpson, Sheriff, Cobb County",2
TheBrittanyFund.org,1
"The Washington Elks Therapy Programs for Children, INC",1
Therapists (CAMFT) - sponsor,1
Theatre Bay Area (prior version),1
The Women's Foundation of California - Sponsor,1
The Women's Foundation of California (joint sponsor),1
The Wilderness Society (lead sponsor),1
The Utility Reform Network - Sponsor,1
The Transformative In-Prison Workgroup (prior version),1
The Steinberg Institute (sponsors),1
The Social Justice Learning Institute,1
The Sierra Club Range of Light Group,1
The Sierra Club Foundation,1
The Sierra Club - Angeles Chapter,4
The Sheriff of Stanislaus County,1
The Sheriff of Santa Cruz County,1
The Sheriff of Placer County,1
The San Mateo County Democratic Party,1
"The San Francisco AIDS Foundation (SFAF), AIDS",1
The San Fernando Valley Young Democrats (prior version),1
The Riley Center/Emergency Center,2
The Regional Hispanic Chamber of Commerce,2
The Recording Industry Association of America,1
The Prudential Insurance Companies of America,1
The Pomona Police Department,1
The Peter Zippi Fund for Animals,2
The Personal Insurance Federation,1
The Personal Assistance Services Council of Los Angeles County,1
The People's Parity Project,3
The Pajaro Valley Chamber of Commerce,1
The Pacific Institute for Community Organization California Project,2
The PICO (Pacific Institute for Community Organization): California Project,2
The Northern California District Council of the International Longshore and Warehouse Union,3
The North San Diego Business Chamber,1
The Newport Beach Police Department,1
The Native American Land Conservancy (per the Department),1
The Native American Heritage Commission (per the Department),1
"The National Gay and Lesbian Task Force, Inc. (NGLTF, Inc.)",1
The Mortgage Insurance Companies of America (MICA) makes,1
The Marshal's Association of California,4
The Marina Recreation Association (sponsors),1
"The Manuscript Society (April 24, 2017 version)",1
The Madison Square Garden Company and its affiliates,2
The Los Angeles Metropolitan Alliance,1
The Leukemia & Lymphoma Society (prior version),1
The League of Women Voters of CA,3
The Law Enforcement Alliance of America (1/16/95),1
The Latina Center (prior version),1
The Sharper Image,2
The Ritz-Carlton Hotel company,4
"The Regulatory Flexibility Group (consortium of utilities, oil companies, manufacturers, developers and other business groups)",2
The Oaks casino,1
"The Norseman Group, Inc., Illinois",5
The National H.I.R.E. (Helping Individuals with criminal records Reenter through Employment) Network,2
The Museum of Art & History (Santa Cruz),5
The Lickskillet Cafe,1
The Labor/Community Strategy Center,1
The Kevin Collins Foundation for AB 1901 (Alby) Missing Children,1
The John Steinbeck Family Foundation,4
The Insurance Shoppe,1
The Insurance Place,1
The Humane society of the Untied States,1
The Humane Society of the,2
The Humane Society Veterinary Medical Association (HSVMA),1
The Hoyt Co,3
The Housing Rights Center,1
"The Honorable Susan Golding, Mayor City of San Diego",5
"The Honorable Rob Bonta, California Attorney General",1
"The Honorable Richard Ortiz, Mayor of the City of Soledad",7
"The Honorable London Breed, Mayor of San Francisco",1
"The Honorable John Chiang, Treasurer, State of California",2
"The Honorable John Chiang, California State Controller",1
"The Honorable Jerry Sanders, Mayor of the City of San Diego",1
"The Honorable James K. Hahn, Mayor of Los Angeles",2
"The Honorable Gavin Newsom, Mayor of San Francisco",3
"The Honorable Gavin Newsom, Lieutenant Governor",1
"The Honorable Cruz M. Bustamante, Lieutenant Governor",1
"The Honorable Cruz Bustamante, Lt. Governor",2
"The Honorable Bill Lockyer, California State Treasurer",1
"The Honorable Bill Lockyer, Attorney General",1
The California Outdoor Heritage Alliance (previous version),1
The California Chapter of the National Emergency Number Association,1
The California Catholic Conference writes,3
The California Autobody Association (Neutral),1
The California Association of Private Postsecondary Schools (CAPPS) -- sponsor,1
The California Association of Joint Powers Authorities NAIFA California,1
The California Association of Highway Patrolmen (CAHP) - Sponsor,1
"The CROWN Coalition, including: Dove Brand, part of Unilever",1
The Brawley Chamber of Commerce,1
"The Book Club of California (May 22, 2017 version)",1
The Black Alliance for Just Immigration (prior version),1
The Association for Children for Enforcement of Support,3
The Arc and United Cerebral Palsy Collaboration (prior version),1
The Arc and United Cerebral Palsy California Collaboration (prior version),1
The Anti- Recidivism Coalition,1
"The American Liver Foundation, sponsor of the bill",1
"The American Federation of Teachers Guild, Local 1931",2
"The AFT Guild, Local 1931",3
"The American Association for Marriage and Family Therapy, California",1
The Alliance for Children's Rights - co-sponsor,1
The Alameda County Chiefs of Police and Sheriff's Association,1
The 100% Campaign (late),1
"The 100 Black Men of the Bay Area, Inc",2
The California Land Title Association,5
The California Association of School Officials,1
"The CFIDS Association of American, Inc",1
The Branson School Chapter of the Junior Statesmen Organization of America,1
The Association of California Supervisors,1
"The Association of California Cities, Orange County",1
The A-21 Campaign,1
The Greater Hunting Park Area Chamber of Commerce,2
The Coalition to Actively Treat and Educate for Recovery (CATER - sponsor),1
The Carroll Inn,1
"The Honorable Bill Jones, Secretary of State",2
The Honorable Attorney General Kamala Harris,1
"The Honorable Antonio R. Villaraigosa, Mayor City of Los Angeles",1
"The Honorable Antonio R. Villaraigosa, Mayor City of Los",1
"The Hon. Jerry Brown, Mayor of Oakland",1
The Help Group (prior version),1
"The Greenlining Institute, Teddy Miller, Economic Equity Director",1
"The Greenlining Institute (Letter dated June 26, 2000)",1
The Greenlining Institute (C-source),1
The Greater Tulare Chamber of Commerce,2
The Glendale City Employees Association (prior version),1
The Fire Districts Association of California,1
The Farm Mutual Water Company - sponsor,1
The Everychild Foundation,1
The Equal Justice Society,2
The Education of Trust-West,3
"The Dream Corps, #cut50 (prior version)",1
The Domestic Abuse Center (Northridge),2
The Doctors Company (with respect to Section 437c summary adjudication provisions only),1
The Disease Management Association of America (sponsors),1
The Coalition for Humane Immigrant Rights of Los Angeles (prior version),1
The Coalition for Adequate School Housing (support with,1
The City of San Jos,1
"The City of Los Angeles, Office of the Mayor Antonio R. Villaraigosa",4
"The City of Los Angeles , Mayor Antonio Villaraigosa",2
The City Project(With Revisions),1
The City Project (prior version),1
The Children's Partnership: Hundreds of Individuals,1
"The Children's Clinic, ""serving Children and Their Families""/TCC Family Health",4
The Children's Clinic Serving Children and |Families,1
The Century Council (to prior version),1
The Center for Violence-Free Relationships (prior version),1
The California State Horsemenos Association,2
The California Senior Legislature,1
The California Protective Parents Association,1
The Grolier Club of New York (Introduced version),1
The Easton Press (May 22 version),1
The Collective Healing and Transformation Project (prior version),1
TIC Council Americas,1
"Surfrider Foundation, Huntington/Long Beach Chapter",2
Supreme Council I.D.E.S,3
Tetrafluor Inc,1
Teledoc,1
"Tehama County Head Start/Northern California Child: Development, Inc",1
"Tehama County Head Start/Northern California Child Development, Inc",1
"Technology, Trade and Commerce Agency on behalf of the Governor",1
"TechNet, a technology business organization",1
TechNet writes,1
Teatro Vision (San Jose),3
"Teamsters cannery workers/food processors/drivers/helpers, Local 748",3
"Teamsters Warehouse Union, Local 853, San",1
"Teamsters Union Local 896, Brewery Soda and Mineral Water",1
"Teamsters Union Local 672, Chauffeurs, Salesdrivers and Helpers, Carson",3
"Teamsters Union Local 601, Cannery Workers, Processors, Warehousemen and Helpers, Stockton and Oroville",1
"Teamsters Union Local 601, Cannery Workers, Processors, Warehousemen and Helpers",3
Taylor & Faust (Trustee of the Second Residuary Trust of Alfred Hitchcock),4
Tavis Smiley Foundation,2
"TURN - Toward Utilitiy Rate Normalization, San Francisco",1
State of California Military Order of the Purple Heart,1
"State of California Auto Dismantlers Association (SCADA, sponsor)",1
State Water Resources Control Board (Source/Sponsor),1
"State Treasurer, who",2
"State Treasurer, Fiona Ma",2
State Treasurer Phillip Angelides,3
"State Treasurer Philip Angelides, East Bay",2
State Treasurer Philip Angelides (prior version),1
"State Treasurer Fiona Ma, CPA",2
State of California Controller Betty Yee,2
State Controller),1
State Controller Wesley,3
State Controller John Chiang (6/1/12),1
State Controller Connell,1
State Controller Betty T,2
State Controller - Sponsor,1
State Council on Developmental Disabilities wrote,1
State Council on Developmental Disabilities #FreeBritney,2
State Coalition of Probation SB 39 (Poochigian) Organizations,1
State Coalition of Probation Organizations(as introduced),1
State Board of Registration for Professional Engineers and Land Surveyors,10
State Board of Barbering and Cosmetology (pending),1
State Association of County Retirement Systems),1
State Association of County Retirement Systems (SCARS) - Sponsor,1
"State Association of County Retirement Systems (SACRS), support if",1
State Association of County Retirement Systems (SACRS - sponsor),1
State Association of County Auditors (section 1),1
State Association of Counties (as introduced),1
"Starting Over, Inc. (prior version)",1
"Stanton, City of",3
State Advisory Board on alcohol Related Problems,2
Stanislaus Literacy Center,2
Sun-Lite Metals,1
"Stockton Scavenger Association, Inc",1
Stirfry Seminars and Consulting,1
"Sterno-Wolf Associates, a franchise of Taco Bell Corp",1
"Student Senate of the California Community Colleges (SSCCC), the sponsor of AB 1275 (Arambula)",1
"Student Senate for the Community Colleges, the official voice for all two million California community college students",1
Student Senate for the California Community Colleges (prior version),1
Student HOMES Coalition (prior version),1
Structural Pest Control Board (in concept),1
"Stronger California Advocates Network, et al",1
StopWaste (sponsors),1
Stockton Mayor Michael Tubbs,1
Stir Fry Seminars and Consulting,1
"Steve Westly, California State Controller and Chair, State",2
"Steve Wesley, California State Controller",2
Steinberg Institute (SI),2
Steering Committee of the Alliance of California Autism Organizations (ACAO) co-sponsor,1
Stanford Bio-X program,1
Stand Up Sacramento County in its opposition,2
Stage Directions magazine,1
St. Rita's School 6 to 6 Program,1
St. James Infirmary - San Francisco,1
"Sports and Arms Show Producers of The California Sportsman's Lobby, Inc",1
"Spokewise Graphic Design, small business",1
"Specialty Extrusion Corporation, Fullerton, California",2
Southwest Key Programs,1
Southwest Center for Asian Pacific American Law Organization,4
Southland Better Business Bureau,2
Southern California Gardeners Federation,1
Southern California Certified Farmers' Market managers Working Group,1
Southern California Associates of Non-Profit Housing,1
"Southeast Community Development Corporation, Pasadena",2
Southeast Asia Resources Action Center,1
"South Pasadena, City Of",1
South Pasadena Residents for Responsible Growth (prior version),1
Sonoma County Mobilehomeowners Association,1
"Solano County Board of Supervisors (as amended May 9, 2006)",1
"Solana Beach, City of",1
"Society of California Accountants (SCA, sponsor)",1
"Society of California Accountants (CSA, sponsor)",1
SmithKline Beecham - Sponsor,1
SmithKline Beecham (Sponsors),1
"Small Business Committee, California Chamber of Commerce",3
Small Business Committee - California Chamber of Commerce,2
Small Business California - Sponsor,1
Small Business California (Introduced version),1
South Pasadena Chinese-American Club,2
South Los Angeles Promise Zone,1
South Los Angeles Childhood Obesity Brain Trust Collaborative,1
South Los Angeles Best Babies Collaborative,3
South Bay Adoption Support Group,1
Solano Children's Network,2
Social Advocacy for Youth,1
Snugtop,1
SnackSafely.com,1
Snack Safely,2
Smith Family Chapel,1
SloCo Yimby,2
"Skaters for Public Skateparks, sixteen individuals",1
Sisters of the Company of Mary,1
"Sisters of Perpetual Indulgence, Los Angeles",1
"Simpson Charitable Foundation, California",1
Sierra Madre Chamber of Commerce,1
Sierra CAMP,1
"Siemens, Camarillo",3
Shelter and Support Services for Victims of Domestic Violence,2
Shelter Against a Violent Environment,1
"Shaw Inc., a carpet manufacturer",2
"Sharsheret, The Jewish Breast & Ovarian Cancer Community",1
"Simi Valley, City of",3
"Silicon Valley Organization, The",1
Silicon Valley DeBug,3
"Silicon Valley Community Foundation, Gina Dalma, Special Advisor to the CEO and Vice President of Government Relations",1
Silicon Valley Community Foundation (prior version),1
"Sierra Club, Los Angeles and Orange counties",3
"Sierra Club, California (in concept)",1
Sierra Club of California AB 687 (Nunez) continued,1
Sierra Club of California (committee analysis),1
Sierra Club of California (Committee analysis),1
Sierra Club California [4/23/98 version,1
Sierra Club California None Received,1
Sierra Club California Coastal Committee,5
Sierra Club California (as proposed to be amended),1
Sierra Club 6/5,1
Sierra Club - California: Opposition (unless amended),1
Sierra Club (California): GOVERNOR'S VETO MESSAGE,2
"Shirley Weber, California Secretary of State",1
Shirley Weber - California Secretary of State,1
Sherman Oaks Hospital/Grossman Burn Center,2
"Shelter Partnership, Inc., Los Angeles (as amended March 28, 2006)",1
"Shelter First, Inc. (prior version)",1
Shelter and Support Services for Victims of Domestic,1
Sharsheret | the Jewish Breast & Ovarian Cancer Community,1
Showing Up for Racial Justice North County San Diego (prior version),1
Showing Up for Racial Justice Bay Area (prior version),1
Serve Our Seniors Incorporated,1
Sequoia Valley Enterprise Zone,1
"Sepulveda Escrow Corporation, North Hills",2
Seniors Council and Area Agency on Aging of Santa Cruz and San Benito Counties,1
Sexual Assault Crisis Agency (southern California),1
"Service Employees International Union, CEIU",1
Service Employees International Union (SEIU) Campaign to,1
Service Employee International Union (prior version),1
"Services, Immigrant Rights, and Education Network (prior version)",1
Seed Business Network,1
Secure Justice-CO-SPONSOR,1
Secretary of State Tony Miller,1
Secretary of State Jones,1
Secretary of State Dr. Kevin Starr,2
Secretary of State Bill Jones (minimum tax repeal),3
Secretary of State Bill Jones (minimum tax exemption),2
Sebastopol Area Chamber of Commerce,1
Seat Belt Usage Com. for the Clarkstown PTA,1
"Seaside, City of",2
School for Integrated Academics and Technologies (joint sponsor),1
School Project for Utility Rate Reduction (SPURR) Sponsor,1
School Employers Association of California Board of Directors (SEAC),1
School Employers Association of California Board of Directors,2
Sarah Center for the Prevention and Treatment of Child Sexual Abuse,2
Santa Ynez Valley Humane Society/Dog Adoption and Welfare Group,1
Santa Rosa metro Chamber,1
Santa Cruz County Board of Supervisors (previous version),1
Santa Cruz County Board of Supervisors (committee analysis),1
Santa Clara Valley Open Space Authority (prior version),1
Santa Clara County Office of Education - cosponsor,1
Santa Clara County Office of Education (prior version),1
Santa Clara County Office of Education (previous version),1
"Santa Clara County Firefighters, IAFF, Local 1165",1
Santa Clara Chamber of Commerce and CVB,1
"Santa Barbara City Firefighters Association, Local 525",1
San Mateo County office of Education Special Ed. School Nurses,2
San Mateo County Fire Prevention Officers,2
"Scripps Enterprises, Inc",1
Save Our Rural Economy,1
Santee Firefighters Association,1
Santa Rosa Dental Health Foundation,4
Santa Maria Chapter of the American GI Forum,2
Santa Clara County Library District Joint Powers Authority Board,1
Santa Barbara Citizen Action,1
Sane/Freeze,1
San Jose/ Silicon Valley National Association for the Advancement of Colored People,1
San Francisco Symphony Youth Orchestra,3
San Francisco Public Health Foundation,2
San Francisco Mayor's Office of Housing,2
San Francisco Family Support Network,2
San Francisco Department of Child Support Services,1
San Francisco Center for Economic Development,1
San Francisco Bay Restoration Program,2
San Diego Tenant's Association,2
San Diego South Bay Cities Council of Governments,4
"San Leandro, City of",1
San Jose Police Officers' Association SB 254 (Dunn),1
"San Francisco, City and County of (Sponsors)",1
San Francisco Unified School District (previous version),1
San Francisco Rising (prior version),1
San Francisco Public utility Commission,1
San Francisco Public Utilities Commission - sponsor,1
San Francisco Mayor Newsom,1
San Francisco Mayor Mark Farrell,1
San Francisco Mayor London N. Breed,1
San Francisco Mayor Gavin Newsome,2
San Francisco Mayor Edwin M,2
San Francisco Health Plan (prior version),1
San Francisco Financial Justice Project (SFFJP),1
San Francisco BayKeeper - Sponsor,1
San Francisco Bar Pilots (co-sponsors),1
San Francisco AIDS Foundation (cosponsors),1
San Diego USD,2
San Diego Regional Chamber of Commerce (previous version),1
San Francisco Food Security Task Force (prior version),1
San Francisco Council of District Merchantso Association,1
San Diego Teachers Association (previous version of the bill),1
San Diego Parks Foundation,1
San Diego Central County Parkinson's Support Group Foundation,1
San Bernardino County Probation,1
Sailing Sorcery - Project Nxt,1
Safer West County,2
Safe Harbor Ministries shelter,1
Safe Alternatives to Violent Enterprises,1
"Sacred Heart Church, Rancho Cucamonga",1
San Diego Organizing Project (prior version),1
"San Diego Housing Federation (as amended March 28, 2006)",1
San Diego Housing Commission (SDHC),1
San Diego County Apartment Association (Support after recent amendments),1
San Diego Coastkeeper (prior version),1
San Diego Chapter of Parents of Murdered Children,2
San Diego Association of Governments (unless amended),1
San Diego Association of Governments (in concept),1
"San Diego Association Of Governments, City Of",2
Samuels and Associates (prior version),1
"Samuels & Associates, Public: Health Research",1
Salvation Army Shelter,1
Salvation Army Senior Meals,1
Salvation Army Center,1
Sailing Sorcery - Project NxT,1
Sacramento Municipal Utility District - co-sponsor,1
Sacramento County Deputy Sheriffs' Association (as introduced),1
Sacramento County Deputy Sheriffs Association (prior version),1
Sacramento Area Flood Control Agency (SAFCA) - Sponsor,1
Sacramento Area Council of Governments (in concept),1
Sacramento Regional Builders Exchange (prior version),1
Sacramento City Unified School District: GOVERNOR'S VETO MESSAGE,1
SURJ (Showing Up for Racial Justice) Bay Area,1
SURE helpline,2
"STAR physical Therapy, Inc",2
"STAR Vista, Transitional Youth Services",1
"SSP Gas Shut-Off Valve Co., Inc",1
SOVA Community Food and Resource Program,1
SNAP INC. Institute for Technology & Education - California State University Dominguez Hills,1
SF Chronicle Editorial Board,10
"SES - Solar Electric Specialties Company, Santa Barbara",1
"SEIU, Local 660 (42,000+ employees), Los Angeles",1
SD Union Tribune Editorial Board,10
SCANPH - Southern California Association of Non-Profit Housing,2
"SBCAG, sponsor of this measure",1
SB46X American College of Emergency Physicians,1
SB1070 Natural Resources Defense Council,1
SB Zenith Insurance Company,1
SB Western Center on Law and Poverty,1
SB Ventura County Board of Supervisors,1
SB United Teachers-Los Angeles,4
SB The San Diego Supercomputer Center,3
SB Metal Finishing Association of Southern California,1
SB Mathews Foundation for Prostate Cancer Research,1
SB Los Angeles County Professional Peace Officers Association,2
SB Los Angeles Commission on Assaults Against Women,1
SB League of California Cities,3
SB East Valleys Organization (EVO),1
SB Department of Finance,6
SB County of San Benito,1
SB City of Coronado,1
SB Center for Energy Efficiency and Renewable Technologies (CEERT),1
SB Californians for Compensation Reform,1
SB California Welfare Fraud Investigators Association,1
SB California Trucking Association,1
SB California School Employees Association,4
SB California Newspaper Publishers Association,3
SB California Mining Association,1
SB California League of Food Processors,1
SB California Interscholastic Federation,2
SB California Food Policy Advocates,2
SB California Council for Environmental and Economic Balance (CCEEB),4
SB California Building Industry Association,2
SB California Authority of Racing Fairs,1
SB California Association of Sanitation Agencies,2
SB California Association of Highway Patrolmen,1
SB California Association of County Treasurers and Tax Collectors,6
SB California Alliance Against Domestic Violence (CAADV),2
SB California Alliance Against Domestic Violence,1
SB CIDFAC,1
SB Association of California Water Agencies,4
SB Association of American Publishers,4
SB American Society of Interior Designers (ASID),1
SB American College of Obstetricians and Gynecologists,1
SB Agricultural Council of California,1
"SB 921, Page United Nurses Associations of California/Union of Health",1
"SB 921, Page Elections Committee of the County of Orange",1
SB 84 X2 City of Huntington Beach,1
SB 68XX County of Riverside,1
"S.T.A.N.D., Larry Johnson, Program Director",1
Russian River CSD,1
Rural Health Sciences Institute in northern California,1
Rotary Haciendas,1
Roseville Veterans of Foreign Wars,1
"Roseville Foundation, Inc",2
Rootstrikers (prior version),1
"SAG-AFTRA, the bill's sponsor",1
SAG-AFTRA Unsilenced,1
SAFE-BIDCO (President and individual board members submitted letters),1
"Rural Legal Assistance Foundation, Californians",2
"Rural Legal Assistance Foundation, California",1
Rural County Representatives of California (to June 26 version of the bill),1
Rubicon Programs (prior version),1
Roseville Mayor Susan Rohan,1
RootsAction (prior version),1
Rooted in Resistance (prior version),1
"Rocketdyne Clean Coalition, Southern California",1
Robinson/May. SB 2050(Calderon),1
Riverside Sheriffos Association,1
Riverside Sheriff's Association SB 126 (Runner),1
Riverside Police Officerso Association,1
Riverside National Association of Social Workers,2
Riverside Mayor Ron Loveridge,1
Riverside County Board of Supervisors Counties,1
Riverside County Board of Supervisors - sponsor,1
Riverside County Board of Supervisors - Sponsor,1
Riverside AB 513 (Matthews) Sheriff's Association,1
"Riverbank Housing Authority, Resident Advisory Board",1
River to Coast children's Services,1
"Rice Fuller, Chief of Police, Dixon Police Department",1
"Rhino, a provider of security deposit insurance",2
Retiresafe,3
Retired Public Employees of San Joaquin County (RPESJC),2
Retired Public Employees Association - Sponsor,1
"Responsible Citizens, Inc. (earlier version of bill)",1
Respiratory Care Board (RCB -- co-sponsor),1
Renova Solar - 28 employees,2
"Revered Technology, Inc",1
"Retail Delivery Drivers, Drivers-Salesmen and Helpers -: Local 278, San Francisco",3
"Resources and Assistance for Former Foster Youth, MiraCosta College",5
"Renaissance Escrow, Inc",2
Regional Energy Management Assn. (consists of approx. 180 public schools),4
Region 8 States Council of the United Food and Commercial Workers Union,2
Raymond M. Alf Museum of Paleontology,2
"Raven biotechnologies, inc",1
"Rape Crisis Butte, Glenn and Tehama Counties (21 letters from different individuals)",1
Raging Waters,1
"Radco Products, Santa Maria",4
Regional Center of Orange Count,1
Region 8 States Council of the Untied Food and Commercial Workers,1
"Redding, City of",4
"Recycling, City of Concord",1
Rancho Santiago Community College District (3/22/06),1
Ralphs/Food4Less,6
Rainbow Services for Survivors of Domestic violence,1
Racquet and Sportsclub Association,1
"Rayne Water Conditioning, 5 employees",2
REV Brands,4
Quality Heat Treating,1
Qnovo,1
QUEUE - UP - Compton,1
PwC,2
Punks Protect Kids,1
Protect Our Children Organization,2
Project Resilience,1
"RISCO, Inc., Highland, California",2
RESOLVE: The National Infertility Association (cosponsors),1
RESOLVE. SB 2035 (Killea),1
"RESOLVE, a national advisory organization",2
"Quality Home Services, 3 employees",2
Public Employees Retirement System - Sponsor,1
"Public Counsel, Charles Evans, Senior Staff Attorney & Stephanie Carroll, Senior Staff Attorney",1
Public Counsel - co-sponsor,1
Public Counsel (Sponsors),1
"Public Citizen, Inc. (prior version)",1
Public Advocates Office (PAO),1
Public Advocates (prior version),1
"Public Advocates (as of April 10, 2013)",1
"Proteus, Inc. (prior version)",1
Protect Our Children - signed by over 100 individuals,1
Public Health Justice Collective (prior version),1
Professional Fiduciary Association of California (PFAC) in a,1
Professional Engineers in California Government - Sponsor,1
ProAbition,1
Pro-Life Catholic Ministries,2
"Primary Care At Home, INC",2
Presiding Judges Advisory Committee of the Judicial Council,2
President and CEO of Cedars-Sinai,1
"President Craig McNamara, California State Board of Food and Agriculture",1
"Poway, City Of",1
Port of Pacific Merchant Shipping Association,1
"Port of Los Angeles, City of",1
"PolicyLink, Chione Flegal, Senior Director",1
PolicyLink (seek amendments),1
Plasma Protein Therapeutics Association is the sponsor,1
Placerville,3
"Placer, County of",1
Placer County Board of Supervisors and supported by local government and transit associations,2
"Placentia, City Of",1
Pismo Beach Chamber Of Commerce,1
Pioneer Congregational United Church|Monica,1
"Pinole, City Of",1
"Pillars of The Community, County of",1
Pillars of The Community (prior version),1
Physicians for Reproductive Choice and Health (prior version),1
Physical Therapy Examining Committee (PTEC - sponsor),1
"Philip Angelides, Treasurer, State of California",1
"Philip Angelides, Treasurer State of California",2
"Philatron International, Santa Fe Springs, California",2
Plumbing-Heating-Cooling Contractors Association of California (oppose unless amended),1
"Plumbing Heating, Cooling contractors Association of California",1
Plumbing Heating Cooling Contractors Association of California,5
Planned Parenthood-Los Angeles,1
Planned Parenthood-Golden Gate,1
"Planned Parenthood, Alameda/San Francisco",2
Planned Parenthood of the North Valley-Chico,1
Planned Parenthood of Northern California Action Fund,1
Planned Parenthood of California (PPAC),1
Planned Parenthood World Population-Lakewood,1
Planned Parenthood Shasta/Diablo,1
Planned Parenthood Shasta-Diablo Action Fund,2
Planned Parenthood Northern California,1
Planned Parenthood Mar Monte-Fresno,1
Planned Parenthood Mar Monte-Bakersfield,1
"Planned Parenthood Mar Monte, San Joaquin and Stanislaus",1
Planned Parenthood Los Angeles-Burbank,1
"Planned Parenthood Los Angeles, Whittier",1
Planned Parenthood Los Angeles Advocacy Project,3
Planned Parenthood Hollywood,1
Planned Parenthood Golden Gate-Oakland/McArthur,3
Planned Parenthood Golden Gate-Hayward,2
Planned Parenthood Contra Costa-Richmond,2
Planned Parenthood California Central Coast,5
Planned Parenthood Advocacy Project of Los Angeles,1
Planned Parenthood Advocacy Project Los Angeles Co,1
Planned Parenthood (Golden Gate),7
Planned AB 2169 (Montanez) Parenthood - CA,1
Physicians for Social Responsibility-- San Francisco Bay Area Chapter,1
Physicians for Social Responsibility- San Francisco Bay Area Chapter,2
"Physicians for Social Responsibility, San Francisco-Bay: Area Chapter",3
"Physicians for Social Responsibility, San Francisco - Bay Area Chapter",1
Physicians for Social Responsibility -San Francisco Bay Area Chapter,2
Physicians for Social Responsibility - San: Francisco Bay Area Chapter,1
Playzeum Yuba Sutter,2
Placer Title company,1
"Pivotal Point Youth Services, Inc",1
Pharmacy Council on Aging,4
Perverted Justice,2
Peruvian Community Oc,1
"Performance Solar, Escondido",4
"Pension Benefit Services, Inc., Sherman Oaks, California",2
Peace Action,2
"Phil Angelides, Treasurer, State of California",3
"Phil Angelides, Treasurer of California",2
"Phil Angelides, State Treasurer's Office",1
"Phil Angelides, Candidate for State Treasurer 98",1
"PhibroTech, Inc. (existing version)",1
"Pharmacists Planning Service, Inc. (prior version)",1
Pharmaceutical Research and Manufacturers of America (prior version),1
"Pest Control Operators of California (PCOC, Sponsor)",1
Peruvian Community OC,1
Personal Insurance Federation of California/Sponsor,1
Personal Insurance Federation of California AB 2203 (Vasconcellos),1
"Personal Insurance Federation of California (neutral, as introduced)",1
Personal Insurance Federation of California (Support with Concerns),1
Personal Insurance Federation of California (Part 1),1
"Perris, City of",1
"Peoples' Self-Help Housing, John Fowler, President/CEO",1
People's Self-Help Housing Corp,1
"People Improving Communities through Organizing, California",1
People Improving Communities through Organizing California,1
Peninsula for Everyone (prior version),1
PeaceBuilders (prior version),1
Peace Officers Research Association of California),1
Peace Officers Research Assocation of California,1
"Pevco Systems International, Inc. SB 749 (Escutia)",1
Payomkawichum Kaamalam,2
Pastor Mace INC,2
Pasadena/Altadena coalition of Transformative Leaders,2
Partners for Change,2
Parlier Chamber of commerce,2
Parent-Sorenson Mortuary & Crematory,1
"Palmdale Gem and Mineral Club, Inc",1
"Palm Springs Firefighters Association, Local 3601",1
Pax World Funds (prior version),1
Pathways Academy Charter School - Adult Education2 individuals,1
"Pasadena, City Of",2
Pasadena Mayor Rick Cole,1
Pasadena Mayor Bill Bogaard,1
Parent Voices - co-sponsor,1
Parent Voices (Co-Sponsors),1
"Paramount, City of",5
"Pane & Pane Associates, Inc. (prior version)",1
PageO Congregations Organizing for Renewal,1
Page and Turnbull,2
Paddle for Peace,2
"Pacifica Friends of the Library, Mrs. Caroline Barba, Co-president",1
Pacific Symphony Orchestra (Santa Ana),3
Pacific Southwest District University of California Student Association,1
"Pacific Solar, Belmont",1
Pacific Quarter Horse Association,1
"Pacific Library Partnership, Teresa Landers",1
"Pacific Islander Association, California State Long Beach",1
Pacific Institute for Community Organization California Project,1
"Pacific Holocaust Commemoration Committee, Irvine",3
"Pacific Grove, Bill Kampe, Mayor",1
Pacific Environment - sponsor,1
Pacific Environment - co-sponsor,1
"Pacific Energy Company, San Luis Obispo",1
Pacific District Korean American Bar Association of Northern California,1
PROTECT-California,2
"POCO Solar Energy, Santa Clara",1
"PLACE (People Linking Art, Community, and Ecology)",2
PICO California - Co-Sponsor,1
PICO California (late),1
PFLAG | Santa Barbara,1
PFLAG Vacaville/North Solano County,1
PFLAG Ridgecrest,1
PCMA,12
PBGH,3
"PACE Finance Corp, Namoch Sokhom, Director",1
"Oxnard, City of",1
"Oxy Low Carbon Ventures, LLC, a subsidiary of Occidental Petroleum",1
"Outside Dumping, Culver-Palms United Methodist",1
"Our Lady of Lourdes Catholic community, Tujunga, CA",2
"Our Lady of Guadalupe, Hermosa Beach, California, Respect Life",2
Our Hands of Love Corporation,2
"Orthotic and Prosthetic Centers, UCSF",1
Oronite,1
Orange County/Inland Empire Small Busines Development Center,1
"Orange County Cultural Pride, Inc. Political Action Coalition for",1
Our Health California (previous version),1
Our Family Coalition (San Francisco),1
"Oroville, City Of",1
"Orland, City Of",1
Organization of SMUD Employees (6/8/12),1
Organization for Women (CA NOW) Center for,1
Orange County Transportation Authority (unless amended),1
Orange County Fire Authority None on file,1
Orange County Congregation Community Organization (prior version),1
Orange County Communities Organized for Responsible Development (prior version),1
Orange County Coastkeeper (prior version),1
Orange County Chinese-American Chamber of Commerce,2
Orange County Association for Retarded Citizens,1
"Optimal Technologies (U.S.), Inc",1
Orange County Chinese American Chamber of Commerce,2
Orange County Board of Supervisors (as introduced),1
Orange County Board of Supervisors (February 22,1
"Opportunity Fund, a lending organization",2
Opportunity Fund - Co-Sponsor,1
Opportunity Fund (as proposed to be amended),1
Opportunity (CAMEO)--sponsor,1
"Oceanside, City of",6
"Oceanside, City Of",1
Occupational Therapy Association of California (OTAC - sponsor),1
Occupational Therapy Association of California (OTAC - Sponsor),1
OTAC,2
Oakland Metropolitan Chamber Of Commerce,1
Oakland Chamber Of Commerce,1
OCEANSIDE CHAMBER OF COMMERCE,1
"Oakland Unified School District, Lydell K Willis",2
Oakland Rising Action (prior version),1
Oakland Privacy (prior version),1
Oakland Museum of California and supported by other individual museums,2
Oasis Shelter,1
O'odham Women's Alliance of Southern California,2
"Nytro Multisport Technology, Inc",1
Nuvis,1
"On behalf of the City of Los Angeles, Mayor Karen Bass",1
"Ombudsman/ Advocate, Inc",1
"Ombudsman, Inc",1
Older AB 858 (Kuehl) Womens League of California,1
Oil Well Service Co,1
Office of the City Attorney of Los Angeles and,2
Office of the Attorney General who,2
Office of the Attorney General (provisions relating to appeal rights of sellers of travel),1
Office of Tourism,2
Office of Statewide Health Planning and Development to review the evaluate the effectiveness of the HPDAC,2
Office of Real Estate Appraisers to streamline its enforcement process,2
Office of Lieutenant Governor Eleni Kounalakis - co-sponsor,1
Office of Governor Pete Wilson,4
Office of Governor Gavin Newsom,2
Office of City of Los Angeles Mayor Antonio Villaraigosa,2
Office of California Governor Gavin Newsom,4
Odyne,2
"Oclassen Pharmaceuticals, Inc",2
"Novato, City Of",3
Northern Neighbors (prior version),1
Northern California Water Association to authorize surface and groundwater recharge facilities on the west side of the Sacramento Valley,2
Northern California Prescribed Fire Association,1
Northern California Marine Association (committee analysis),1
"Northern California Community Loan Fund, Guy Baldwin, Policy, Research, and Information Manager",1
North Orange County Community College District Board of Trustees,3
North County Chaplaincy,1
North American Board of Naturopathic Examiners (NABNE) (14) Naturopathic doctors,1
"Northern California. District Council, International Longshore and Warehouse Union",1
Northern California District Council International Longshore & Warehouse Union,4
Northern California District Council - International: Longshore and Warehouse Union,3
Nosh,2
Northstar Services,2
Northern California Youth and Family Programs,1
Northeast Community Coalition,4
North County Foundation of California,2
North American Riding for the Handicapped Assoc,1
North American Realty,1
Nordic's Naturals,1
"Norco, City of",1
Norco College Extended Opportunity Programs & Services,5
"Nicholas Maduros, Director, California Department of Tax and Fee Administration",1
Nextgen Dreambuilders,1
NextGen DreamBuilders,1
New York Mayor's Office of Long-Term Planning and Sustainability,1
New Life Clinics,1
New City Church of LA,1
Neuro Achievement Center,1
"Neff/Thomas, Inc",1
"Natural Resources Defense Council, San Francisco",2
Natural Resources Defense Council (in concept),1
Natural Resource Defense Council (8/30/93),1
National Senior Citizens Law Center Individuals (4),2
National Senior Citizens Law Center (prior version),1
National Rifle Association None on file,1
National Rifle Association (previous version of bill),1
National Rifle Association (Neutral),1
National Parks Conservation Association (prior version),1
"National Organization for the Reform of Marijuana Laws, California",1
"National Organization for Women, San Fernando",1
National Organization for Women (NOW) - California,1
National Multiple Sclerosis Society (prior version),1
National Health Law Program (cosponsors),1
National Gay & Lesbian Chamber of Commerce (NGLCC),1
"National Federation of Independent Business (NFIB) (""In Concept"")",1
National Employment Law Project - Co-Sponsor,1
National Council of Jewish Women (prior version),1
National Council for Mental Wellbeing California member organizations,1
National City chamber of Commerce,2
National Center for Youth Law - sponsor,1
"National Center for Lesbian Rights, the bill's co-sponsor",1
National Association of Insurance and Financial Advisors of California also,1
National Association of Insurance and Financial Advisors of California (co,1
National Electrical Contractors Association -- California Chapters,1
National Electrical Contractors Association - California chapters,1
National Electrical Contractors Association (NECA) - Co-sponsor,1
National Electrical Contractors Association (California Chapters),3
National Association of Soscial Workers,2
"National Association of Social Workers, (Kuehl)",1
"National Association of Social Workers [June 4, 2012",1
National Association of Social Workers -California,1
National Association of Social Workers (prior version),1
"National Association for the Advancement of Colored People, Sacramento Branch",3
"National Association for the Advancement of Colored People, Pomona Valley Branch",2
National Association for the Advancement of Colored People - Riverside,1
National Association for the Advancement of Colored People - Pomona Valley Branch,1
National Association for the Advancement of Colored People (San Francisco),5
National Association for The Advancement of Colored People - Los Angeles,1
"Natl. Spa and Pool Institute, Region Nine",2
Native American Productions,1
Native American Film and Television Alliance,2
National Offices of the United Church of Christ,1
National Enterprises Incorporated,2
National Economic Development & Law Center (prior version),1
National Center for the Early Childhood Work Force,1
National Center for farmworker Health,2
National Center for Missing and Exploited Children/CA,1
National Celiac Association,3
"National Black Women's HIV/AIDS Network, Inc",1
National Black Leadership Commission on AIDS,1
National Bill of Rights for Children of the Incarcerated Policy Partnership 3 Individuals,1
National Association of Theatre Owners Association,1
National Association for the Education of Homeless Children and Youth (PRIOR VERSION),1
"National Asian Pacific American Women's Forum, California Chapter",1
National Asian Pacific American Families Against Substance: Abuse,2
National Alliance on Student Loan Debt,2
Napa Green,4
Napa G & C Autobody,1
Nail Salon Women Greening their Jobs & the Environment,1
"Napa, City Of",1
Napa County Board of Supervisorss,1
"Napa County Board of Supervisors, Mark Luce",3
Napa County Board of Supervisors s,2
Napa County Board of Supervisors Delaine Eastin,1
Napa County Board of Supervisors (sponsors),1
"Nancy O'Malley, former Alameda County District Attorney",2
"Nancy O'Malley, District Attorney, Alameda County",2
"Nancy O'Malley, District Attorney of Alameda County",3
Nancy O'Malley,1
NCCUSL Commissioners Diane Boyer-Vine (Legislative Counsel) and former Senator Byron Sher,3
NCCUSL California Commissioner Bion Gregory,6
Napa-solano for Everyone (prior version),1
Myna Life Technologies,2
My Dog Is My Home,1
Mustard Seed School for Homeless Children,1
Munifinancial,1
Municipal Resource Consultants,2
Multiquip Inc,1
Ms. Jenny Skincare Workshop,1
Ms. Fits Consignments,2
"NAMI, California (cosponsors)",1
NAMI San Mateo County (prior version),1
NAMI California (previous version),1
NAMI California (committee analysis),1
NALEO Educational Fund (prior version),1
"NALEO Educational Fund (Letter dated April 18, 2000)",1
"NAIOP, sponsor of the bill",1
Museum of Art & History,1
Municipal Court Clerks of California,4
"Monterey County Board of Supervisors, Edith Johnsen and Dave",1
"Monterey County Board of Supervisors, District 5 Supervisor, Dave Potter",1
"Monterey County Board of Supervisors, District 4",1
Monterey County Board of Supervisors (prior version),1
Monterey County Board of Supervisors (Section 11),1
"Monrovia, City Of",1
"Mono, County Of",1
"Money Services Round Table (TMSRT), a consortium of leading national non-bank money transmission companies",1
Mojave Desert Land Trust (so-source),1
Modesto Union Gospel Mission representing,1
"Modesto City Firefighters, Local 1289",1
Milpitas Chamber Of Commerce,1
Milipitas Chamber of Commerce,3
"Million Women Mentors, California",2
Million Mom March united with the Brady Campaign to Prevent Gun Violence,1
"Military Order of the Purple Heart of the United States, Inc., Department of California",1
Michelson Center for Public Policy (UNREG),1
Michelle's Place,2
Monterey County Department of Child Support Services,1
Mojave Valley United Way,4
Mirage Inn,1
Mind/Body Therapy Center,1
Midwest Asian American Student Union,2
Micheal's Harley- Davidson,1
Mrs. Dalloway's,2
Mr. Transmission,5
Mr. Traffic Cable T.V. Show,2
Mr. Tipple's,1
Mr. Income Tax,1
Mr. Dewie's Cashew Creamery,1
"Movimiento Estudiantil Chicano de Aztlan of California: State University, Stanislaus",1
"Movimiento Estudiantil Chicano de Aztlan of California State University, Stanislaus",1
"Movimiento Estudiantil Chicana/o de Aztlan (MEChA), San Diego",1
Mountain View Mortuary & Cemetery,1
Mortgage Insurance Companies of America (MICA) - Sponsor,1
Morro Bay Harbor Department,2
Morongo Basin Regional Council on Aging,1
"Moorpark, City Of",1
Moorpark College Associated Students Board of Directors,3
Moorpark College Academic Senate Executive Council,3
Mayor Rex Richardson (Long Beach),2
Mayor Patricia Lock Dawson (Riverside),2
"Mayor Of Watsonville, Oscar Rios",1
"Mayor Of San Luis, Obispo Heidi Harmon",1
"Mayor Of Newark, Alan L. Nagy",1
"Mayor Of Encinitas, Catherine Blakespear",1
"Mayor Of Berkeley, Jesse Arreguin",1
"Mayor Of Benicia, Elizabeth Patterson",1
Mayor Matt Mahan (San José),2
"Mayor Mary Herron, Coronado",1
"Mayor Luis Molina, Patterson",1
"Mayor London Breed, San Francisco",2
Mayor London Breed of San Francisco,1
Mayor London Breed (San Francisco),2
"Mayor Libby Schaaf, Oakland",2
"Mayor Kevin Wilk, Walnut Creek",1
Mayor Kathleen J. DeRosa (Cathedral City),1
Mayor Karen Bass (Los Angeles),2
Mayor Jim Patterson of the City of Fresno,1
"Mayor George Martinez, City of Maywood",2
Mayor Farrah Khan (Irvine),2
Mayor Fargo (Sacramento),1
"Mayor Eugene F. Moses, Azusa",1
"Mayor Eric Garcetti, City of Los Angeles, sponsor of this measure",2
"Mayor Edwin Lee, San Francisco",1
"Mayor Ed Lee, City and County of San Francisco",2
"Mayor Dianne Martinez, Emeryville",1
Mesa Beverage Company,1
"Menutrinfo, LLC",2
Mendocino County SELPA,2
Memory Garden Memorial Park & Mortuary,1
Meals That Connect,2
Meadowview Urban Tree Project,2
"McKeehan Escrow Company, Encino",2
Mexican Americaqn Legal Defense and Educational Fund,1
Mexican American Legal Defense and Educations Fund (MALDEF),1
Mexican American Legal Defense and Educational Fund to provide families,2
Mexican AB 1914 (Montanez) American Legal Defense and Educational Fund,1
"Metropolitan Water District of Southern California, Board of Directors",1
Metropolitan Water District of Southern California Board of Directors,2
Metropolitan Water District of Southern California (in concept),1
Metropolitan Water District of Southern California (In concept),1
Metropolitan Water District of Southern California (12/23/94),1
"Metropolitan Water District of Southern California (""in concept"")",1
Metropolitan Water District of Southern Caifornia,1
Metropolitan Water District (in concept),1
"Metropolitan Transportation Authority, if",1
"Merced, City of",4
Mental Health America of California (previous version),1
Mental Health America of,2
"Mental Health Advocacy Systems, Inc. (supporting bill as amended)",1
Medical Services (CAL-AAMS),1
"Medical Oncology Association of Southern California, Inc. (prior version)",1
Medical Oncology Association of Southern California (cosponsors),1
Mayor of the City of Vallejo,2
"Mayor of the City of Taft, Dave Noerr",2
Mayor of the City of Santa Ana,3
Mayor of the City of Richmond,2
Mayor of the City of Pacifica,1
Mayor of the City of Norwalk,4
Mayor of the City of Murrieta,1
Mayor of the City of Morgan Hill,1
"Mayor of the City of Los Angeles, Antonio Villaraigosa",1
"Mayor of the City of Glendale, Zareh Sinanyan",1
Mayor of the City of Fresno,3
Mayor of the City of Cerritos,4
Mayor of the City of Albany,2
"Mayor of Watsonville, Oscar Rios",1
Mayor of Tulare,5
"Mayor of Stockton, Michael Tubbs",1
Mayor of Santa Barbara,1
"Mayor of San Ramon, Bill Clarkson",1
"Mayor of San Luis, Obispo Heidi Harmon",1
Mayor of San Jose,3
"Mayor of San Francisco, Ed Lee",2
"Mayor of Sacramento, Heather Fargo",1
Mayor of Rosemead,1
"Mayor of Riverside, Patricia Lock Dawson",1
Mayor of Riverside,5
"Mayor of Ridgecrest California, Daniel O. Clark",1
Mayor of Petaluma,2
"Mayor of Newark, Alan L. Nagy",1
Mayor of Moreno Valley,3
"Mayor of Los Angels, Antonio Villaraigosa",1
Mayor of Los Angeles Karen Bass,2
Mayor of Los Angeles (letter dated 4/4/05),1
Mayor of Inglewood,2
"Mayor of Huntington Park, Marilyn Sanabria",1
"Mayor of Huntington Beach, Connie Boardman",3
Mayor of Fremont,2
"Mayor of Encinitas, Catherine Blakespear",1
Mayor of Encinitas,1
Mayor of Cupertino Richard Lowenthal,1
Mayor of Corona,2
Mayor of City of Rocklin,2
Mayor of City of Rancho Cordova,1
Mayor of City of Oakland Sheng Thao,2
Mayor of City of Los Angeles,2
"Mayor of Benicia, Elizabeth Patterson",1
"Mayor of Bakersfield, Karen Goh",1
Mayor of Bakersfield,4
"Mayor of Anaheim, Harry Sidhu",1
"Mayor Villaraigosa, Los Angeles",1
Mayor Villaraigosa and the City of Los Angeles,4
"Mayor Teresa Barrett, Petaluma",1
"Mayor Sue Higgins, Oakley",1
Mayor Stephen P. Pougnet (Palm Springs),1
Mayor Sheng Thao - City of Oakland,1
"Mayor Sasha Renée Pérez, Alhambra",2
Mayor Ron Rowlett City of Vacaville,2
Mayor Rob Schroder of the City of Martinez,1
Mayor Daniel Lurie of San Francisco,2
"Mayor Chelsea Byers, West Hollywood",1
"Mayor Bill Judge, Orinda",3
Mayor Bill Bogaard of the City of Pasadena,1
Mayor Ashleigh Aitken (Anaheim),2
Mathews Foundation for Prostate Cancer Research (committee,1
Maternal and Child Health Access (MCHA) writes,2
"Maternal and Child Access Project, Los Angeles",1
Materevolve,7
Masonic Homes Children's Program,1
Maryhouse,1
Marketing a La Carte,1
"Mark E. Farrell, Mayor of San Francisco",2
Marin County Commission on Aging (prior version),1
Marin County Board of Supervisors (as introduced),1
Maplight (prior version),1
"Manteca, City of",1
Mammoth Lakes California,4
"Malibu, City of",4
"Malia M. Cohen, California State Controller",2
Malia M. Cohen - California State Controller,2
Marin Learning Center,1
Marin Council of Agencies (association of 1320 nonprofits in Marin County),1
Marin Builders Association (co-sponsor,1
"Marilyn Monroe, LLC",4
"Marilyn Goebel Escrow Company, San Diego",2
Mansfield Ink,1
"Mandate Project Impact, INC",2
"Manchester Escrow Corp., Los Angeles",2
Man Response Network,1
MainStreetChamber Pancho Cucamonga/Upland,1
Magnets Company,1
Madrone Art Bar,2
"Madrona Park Escrow, Inc., Torrance",2
Mack Sacred Trust,2
"Machinery Movers, and Sheeters, Local 433",3
MHA Group / Staff Care (Locum Tenes Company),2
"MECA, Inc",1
M.H. Sherman Company,3
Lymphedema Support Group for Women,4
Madrone Hospice (2 individuals),1
MCIWorldCom - co-sponsor,1
MALDEF AB 522 (Diaz),1
"Lynwood, City of",2
Lynwood Mayor Aide Castro,4
Lutheran Office of Public Policy (prior version),1
Lutheran Office of Public Policy (9/7/99),1
Lumber Association of California,5
Lt. Governor Jack Stultz,1
Lt. Gov. Leo McCarthy,3
Lt. Gov. Gavin Newsom,1
"Machinery Movers and Sheeters, Local 433",1
Los Angeles Jewish Health,2
Los Angeles Board of Harbor Commissioners - Port of Los Angeles,2
Los Angeles Alliance for Survival,1
Lorne Chang - Custom Iphones and Repairs,1
Los Police Protective League,1
Los Angels county District Attorney's Office,1
Los Angeles Waterkeeper (prior version),1
"Los Angeles Urban League, Pasadena Foothill Branch",2
Los Angeles Urban League Twelve Individual Citizens,1
Los Angeles Urban League (prior version),1
"Los Angeles Unified School District, sponsor of the bill",1
"Los Angeles Unified School District, a co-sponsor",1
Los Angeles Unified School District - cosponsor,1
Los Angeles Unified School District (prior version),1
"Los Angeles Turf Club, (Hoge) continued",1
Los Angeles Police Protective League - Sponsor,1
"Los Angeles Mayor, Jim Hahn",1
Los Angeles Mayor Hahn,1
Los Angeles District Attorney's None to date Office,3
Los Angeles District Attorney's AB 1105 (Jackson) Office,1
Los Angeles County Sheriff's,2
Los Angeles County Office of Education (LACOE) - removed opposition,1
Los Angeles County District Attorney's Offices,1
Los Angeles County Business Federation (prior version),1
Los Angeles County Bar Association (prior version),1
"Los Angeles Community College District, VP, hoffman",1
Los Angeles Community College District (Sponsors),1
Los Angeles Community College District (6/13/06),1
Los Angeles Community College District (3/28),1
Los Angeles Neighborhood based Community Development Coalition (Los Angeles),4
"Lieutenant Governor, The Honorable Cruz Bustamante",2
"Lieutenant Governor, Gray Davis",2
"Lieutenant Governor, Gavin Newsome",1
"Lieutenant Governor, Gavin Newsom",2
Lieutenant Governor of California Cruz Bustamante,1
Lieutenant Governor Leo T. McCarthy,1
Lieutenant Governor Cruz M. Bustamonte,1
Lieutenant Governor Cruz Bustamante (Sponsor of AB 550),1
Lieutenant Governor Abel Maldonado,2
Liberty Healthcare Corporation and affiliates,1
Liability Insurers (CAPLI -sponsor),1
Leukemia and Lymphoma Society ( sponsor),1
Leukemia Lymphoma Society (cosponsors),1
Life Support Together,2
"Life Made Easy, small business",2
Longshore and Warehouse Union (ILWU),1
Long Beach Water,1
Long Beach Police Officerso Association,1
Long Beach Mayor Bob Foster,1
"Long Beach City College, NextUp Program",2
Local Union 393,1
"Local Health Plans of California, Alameda",1
"Local Health Plans of California including Alameda, Contra",1
Local Health Plans of California in an effort to identify methods of simplifying the complex aid codes,2
Local Health Plans of California and several other,1
Local Elected Officials:: Los Angeles Mayor James Hahn,5
Local 887 United Parcel Service,1
Local 230 Santa Clara County Fire Fighters,1
Local 1000 California State Employees Association,2
"Livermore, City of",3
Livermore Responsible Gun Laws,1
Little Tokyo Service Center CDC (LTSC CDC),1
Little Tokyo Service,1
Little Brothers-friends of The Elderly- Bay Area,2
"Lithotype Company, Inc",1
Linda Civitello Consulting,2
Lift the Children,2
"Lifetime Products, Inc",1
"Labor Council for Latin American Advancement, San Gabriel Chapter",1
"Labor Council for Latin American Advancement, San Francisco",1
Labor Council for Latin American Advancement (LCLAA),3
Labor Council for Latin American,1
"La Quinta, City of",3
"La Palma, City Of",2
La Cooperative - Campesina de California,1
La Cooperativa Campesina de California (prior version),1
"La Cooperativa Campensina de California, co-sponsor of this measure",2
La Canada Flintridge,6
LUTHERAN OFFICE OF PUBLIC POLICY - CALIFORNIA,1
LPOC,1
LACBA,12
"LAANE, et al",1
LA Voice (prior version),1
LA Metro Hispanic Chamber of Commerce,4
LA Mesa Chamber of Commerce,1
L.A. Area Chamber of Commerce,3
Koreatown youth + Community Center,1
Koreatown Youth+ Community Center,1
"Korean American Coalition, Orange County Chapter",2
"La Raza Unida foundation (Fresno, CA)",1
"La Mirada Escrow Co., Inc., La Mirada",2
"La Mesa First United Methodist Church, Community Outreach Ministry",1
"LULAC National Housing Commission, a subsidy of LULAC and the California LULAC Housing Commission",1
L & P School of Professional Hypnotherapy,1
Krista Foster Homes & Transitional Housing Program,1
Korean American Special Education Center,2
"Let Spirit Lead, INC",2
LegalAid of Sonoma County,1
Legal Services for Reproductive Justice,1
Leadership of the Conference of Women Religious of California,2
Legal Services for Prisoners with Children - Co-Sponsor,1
Legal Services for Prisoners with Children (previous version),1
Legal Services for Prisoners with Children (Sponsors),1
"Legal Services for Children-SF, CA",1
"Legal Services for Children, a co-sponsor",1
"Legal Services for Children, Inc.Unknown",1
Legal Aid at Work (Co-Sponsors),1
Legal Aid Society of Orange County (LASOC),1
Legal Aid Association of CA,2
League of women Voters of Piedmont and Sonoma County,1
"League of Women Voters of California (to AB 1587, an identical bill pending in the Senate)",1
League of Women Voters (in concept),1
"League of United Latin American Citizens Youth: Organization, California",2
League of Cities (wish scope of the bill to be expanded to include all cities),1
League of California CitiesNone on file,1
League of California Cities and the California,2
League of California Cities None on file,1
League of California Cities - Sponsor,1
League of California Cities (upon recommendation of the Public Safety Committee),1
League of California Cities (sponsors),1
League of California Cities (so-source),1
League of California Cities (In Concept),1
League of California Cities (5/9/95),1
League of California Cities (4/10/01),1
"League of CA Cities, unless amended",1
"LeadingAge California, a sponsor of the bill",1
LeadingAge California - Co-Sponsor,1
LeadingAge California (as proposed to be amended),1
"Leading Age, the bill′s sponsor",1
"Leading Age, the bill's sponsor",1
Leadership Counsel for Justice and Accountability (seek amendments),1
Legal Aid Society of San Mateo County's Health,1
Law Offices of Goldfarb and Lippman,1
Law Office of Linda L. Seinturier,1
Law Firm of Gubb and Barshay,1
"Law Firm of Goldstein, Gellman, Melbostal, Gibson & Harris",1
Lavendercomputing,2
Lauren's Hope Medical ID Jewelry,2
Lambada Letters Project,1
Lake Research Partners,1
"Lake Links, INC",2
Laborers Local 270,1
Laborers Local 1309,2
Labor Party - East Bay Chapter,1
Latino Coalition for a Healthy Coalition,1
Latino Coalition for a Healthy California (c osponsor ),1
Latina Democratic Club (prior version),1
"Large-scale Solar Association, sponsor of this measure",1
Large-scale Solar Association (concerns),1
"Lakeport, City Of",1
"Laguna Niguel, City Of",1
Laborers' International Union of North America (LIUNA) (prior version),1
"Laborers International Union of North America (LIUNA), Local 777",1
Lauren's Hope Medical ID,3
Law Office of Melanie Snider (family law attorney),1
Latino Education and Advocacy Days (LEAD) letter,1
"Las Palmas de La Quinta, Homeowners Association Board, 7 individuals",1
"Lake Forest Community Association, General Manager",1
Lake Forest City Council (prior version),1
"Lafayette City Council (February 23, 2007 version)",1
Laborers' Local 792 (prior version),1
"Kathleen Connell, State Controller - Sponsor",1
"Kamala Harris, Attorney General of California",1
"Kamala Harris, Attorney General",1
"Kamala D. Harris, Attorney General, State of California",1
"Kamala D. Harris, Attorney General of California",1
"Judy Chu, Ph D. California State Board of Equalization - Sponsor",1
"Kaiser Permanente, Oakland - 6 individual medical professionals",1
"Kaiser Permanente, Hayward - 1 individual medical professionals",1
Kaiser Permanente (5/6/98),1
Juvenile Diabetes Foundition International,2
Juvenile Innocence and Fair Sentencing Clinic at the Center for Juvenile Law and Policy at Loyola Law School,1
Justice Association of California,1
Junior Leagues of CA - (State Public Affairs Comm.): Junior League of Long Beach,1
Junior League of Napa-Sonoma Board of Directors,1
Judicial Council of CaliforniaUnknown,1
Judicial Council of California Unknown,1
Judicial Council of California (with respect to Section 437c summary adjudication provisions only,1
Judicial Council of California (sponsor of tax-related provisions),1
Judicial Council (sponsor - Section 3),1
Judicial Council (sections 1-8 of the bill,1
"Judicial Council (on the second section of the bill, pertaining to additur and remittitur)",1
Judicial Council (on the second section of the bill),1
Judicial Council (if funded),1
Judicial Council (contingent upon funding),1
Judicial Council (as introduced),1
Judicial Council (Section 6),1
Judicial Council (Section 3),1
Judicial Council (Section 3 of the bill),1
KP Public Affairs (on behalf of the California Mortgage Bankers Association),1
"K12, Inc",3
JustHealth,1
Komag,2
"Knights of Columbus, Grass Valley Council, No. 1875",2
"Kitka, INC",2
Kiner/Goodsell Advertising (on behalf of Programmed Special Markets),2
Kids with Food Allergies (KFA),1
Kids N Fitness,1
"Kerman, City of",4
"Kelso, Starrs & Associates, Walnut Creek",3
Keeline Wilcox Nurseries,4
"Kearney and Associates, Del Mar",1
Japanese Chamber of Commerce of Northern California (8/31/94),1
James Hardie Building Products,1
"James H. Gomez, Director, California Department of Corrections",2
"James Butts, Mayor of Inglewood",1
Jackson Mayor Alfred Nunes,1
"Jab Sabriskie, Mayor of Truckee",1
Jeffreys Hypnosis Training Center,1
Judge Casey's Saucery,2
"Jubilee San Diego, Dolores Welty, Chair",1
Joslyn Center for Seniors,2
Johnny Thompson Music,1
John W. Gardner Center for Youth and their Communities,1
"Jess C. Spencer Mortuaries and Crematory, Inc",1
"John Chiang, California State Controller John Chiang",2
John Burton Foundation for Child without Homes,2
John Burton Foundation - sponsor,1
John Burton Foundation (co source),1
John Burton Advocates for Youth (sponsors),1
"Jim Brown, President, The AMER-I-CAN Program",1
Jewish War Veterans Department of California (co -source),1
Jewish Public Affairs Committee: GOVERNOR'S VETO MESSAGE,1
Jewish Public Affairs Committee (Co Sponsor),1
Jewish Family Service of Los Angeles (prior version),1
"Jewish Center for Justice, Joel Simonds, Rabbi",1
Jewish Center for Justice (prior version),1
"John Duran, Mayor of West Hollywood",2
"Jess Talamantes, Mayor of City of Burbank",1
"Jess Talamantes, Mayor of Burbank",3
"Jerry Brown, Mayor of the City of Oakland",1
Interfaith Council of Contra Costa County (prior version),1
Interagency Council on Child abuse and Neglect,1
Inter-Agency Council on Child Abuse and Neglect (as introduced),1
"Insurance Commissioner Ricardo Lara, who sponsors the bill",3
"Insikt, Inc. (sponsor",1
Inland Empire Waterkeeper (prior version),1
Inland Empire Prism Collective (prior version),1
Inland Empire Labor Council (prior version),1
Inland Empire African American Chamber of Commerce (IEAACC),1
Inland Congregations United for Change (prior version),1
Inland Coalition for Immigrant Justice (prior version),1
Initiate Justice Action (prior version),1
"International Brotherhood of Electrical Workers, Local 569 (San Diego)",5
"International Brotherhood of Electrical Workers, Local 45, Local 441",1
"International Brotherhood of Electrical Workers, Local 441 (Orange)",1
"International Brotherhood of Electrical Workers, Local 11 (Pasadena)",5
"International Brotherhood of Electrical Workers Local 6, San Francisco",3
"International Brotherhood of Electrical Workers Local 595, Dublin",3
International Brotherhood of Electrical Workers - Local 639,1
International Brotherhood of Electrical Workers - Local 332,7
International Brotherhood of Electrical Workers - Local 1245,2
"International Brotherhood Of Electrical Workers, Local 1245",1
International Alliance of Theatrical State Employees Local 80,1
"International Alliance of Theatrical Stage Employees, Local No. 16",1
International Alliance of Theatrical Stage Employees (IATSE) Support,1
Insight Center for Community Economic Development - co-sponsor,1
Insight Center for Community Economic Development - Sponsor,1
Insight Center for Community Economic Development (prior version),1
Insight Center for Community Economic Development (joint sponsor),1
Insight Center for Community Economic Development (Insight),1
Insight Center for Community Economic Development (INSIGHT),1
"Insight Center for Community Economic Development ""Insight",1
"Interfaith Housing, INC",2
Interagency Children's Policy Council of Alameda County,1
Institute of Thought,1
Inner Circle Foster Family Agency/Inner Circle Children's Advocacy Center,1
"Information Bureau, Inc",1
"J.V.G. associates, Inc., Saratoga",1
"J.E.M. F/X, Inc",2
Italven pelli s.r.l,1
Isaac Innovative Space for Asian American Christianity,2
"Irwindale, City Of",1
Irving Chamber of Commerce,1
"Invenergy, a clean energy developer",1
Intertribal Consulting and Resource Development,2
International Union of Painters and Allied Trades International Union of Painters and Allied Trades,1
International Union of Operation Engineers,1
"International Union of Operating Engineers, Cal-Nevada Conference, sponsor of this measure",2
"International Union of Elevator Constructors, sponsor of the measure",1
International Union of Elevator Constructors - Sponsor,1
International Longshore andWarehouse Union,1
"International Federation of Professional and Technical Engineers, Local 21, AFL-IO",1
Indivisible San Francisco (prior version),1
Indivisible East Bay (prior version),1
Indivisible Claremont/Inland Valley (prior version),1
Indivisible California Green Team (prior version),1
Indivisible CA: StateStrong a coalition of the following Indivisible groups: (prior version),1
Indivisible CA-25 Simi Valley Porter Ranch (prior version),1
"Indivisible CA Statestrong, et al",1
"Indian Wells, City of",5
"Indian Wells, City Of",1
Independent Cities Association (In Concept),1
Independent Administrators Association (committee analysis),1
Independent Administrators Association (Third-party administrators of employee benefit plans,1
Incorporated Golden State Mobilehome Owners League,1
"Indian Diamond and Colorstone Association (USA), Inc",1
Independent Employees of Merced County: North America,2
Huntington Beach Police Officerso Association,1
Humboldt Women for Shelter: 4 private citizens,1
Humboldt Women for Shelter: 1 private citizen,1
Humane Society of the United States - Sponsor,1
Human Rights Watch (prior version),1
Human Impact Partners (prior version),1
Howard Jarvis Taxpayers Association (prior version),1
Howard Jarvis Taxpayers Association (introduced version),1
Howard Jarvis Taxpayers Association (Introduced Version),1
Housing is a Human Right - Orange County,2
"Housing Leadership Council of San Mateo County, South San Francisco",3
"Housing California, sponsor of the bill",1
Housing California (see attached sheet for additional support),1
"Housing California (as amended June 19, 2006)",1
Humánny pokrok,2
Humansaurus Human Resource Consultants,8
"Housing Authority of Stanislaus County, Resident Advisory Board",1
Hope Without Limits,1
"Imperial Valley Respite, Inc. - Brawley",1
Imperial Valley Regional Occupational Program Project Accessing Careers through Education,1
Imani Community Church,2
"Iglesia del Sagrado Corazon (Merced, CA), Rev. Jose M. Montiel",1
"Iglesia del Sagrado Corazon (Delano, CA) Rev. Emerito Gomez",1
"Iglesia Santo Alfonso/Mt. Carmelo (Fresno, CA) Rev. Raul",1
"Iglesia Santa Lucia (Fowler, CA), Rev. Joaquin Arriaga, grandson",1
Ice Out of Stockton,3
Iamsac Foundation,2
"ISTI (Sarasota Springs, NY)",1
"INNERCOOL therapies, Inc",1
IBank,2
In Defense Animals,1
"Immigrant Legal Resource Center, a sponsor of the bill",1
Immigrant Legal Resource Center (ILRC - sponsor),1
Imani community Church,2
INTERVAL RESEARCH (support for non-resident S Corporation group return provision),1
I.A.T.S.E. Local 706,2
Hypnotism Training Institute of Los Angeles,1
Hypnotherapy Training Institute,1
Huntington Dental Group,4
"Huntington Beach Public Library, Stephanie Beverage, Director of Library Services",1
"Honorable Phil Angelides, Treasurer of the State of California",1
"Honorable Phil Angelides, Treasurer",4
"Honorable Michael Van Winkle, Mayor of Waterford",1
"Honorable Matt Fong, Treasurer",3
"Honorable Lt. Governor Cruz M. Bustamante, State of California",1
Honorable Lt. Governor Cruz M. Bustamante,1
"Honorable Kathleen Connell, State Controller",3
"Honorable John Chang, California State Controller",1
"Honorable Jerry Brown, Mayor of Oakland",2
"Honorable Edmund G. Brown, Jr., 34th and 39th Governor of California",2
"Honorable Edmund G. Brown Jr., Governor of California, 1975-83, 2011-2019",1
"Honorable Debra Bowen, Secretary of State",1
"Honorable Cruz Bustamante, Lieutenant Governor",3
"Honorable Cruz Bustamante, California Lt. Governor",2
"Honorable Betty T. Yee, California State Controller",1
"Honorable Betty T Yee, California State Controller",2
"Honorable Antonio R. Villaraigosa, Mayor of Los Angeles",3
"Honorable Alex Padilla, Secretary of State",2
"Honorable Alex Padilla, California Secretary of State",1
"Hon. Susan Golding, Mayor of San Diego",2
"Hon. Steve Westly, California State Controller",2
"Hon. Ronald Loveridge, Mayor of Riverside",1
"Hon. Jon Harrison, Mayor of Redlands",1
"Hon. Jeffrey Prang, Mayor of West Hollywood",1
"Hon. Jef Vander Borght, Mayor of Burbank",1
"Hon. Edwin Lee, Mayor of San Francisco",1
"Hon. Charlie Nguyen, Mayor of Westminster",1
"Hon. Bill Bogaard, Mayor of Pasadena",1
Hon. Lieutenant Governor Leo McCarthy,2
"Hon. John Chiang, California State Treasurer",1
"Hon. John Chiang, California State Controller",1
Hon. Governor Arnold Schwarzenegger,1
"Hon. Daniel E. Lungren, California Attorney General",4
"Hon. Bill Lockyer, California State Treasurer",2
"Hon. Bill Jones, Secretary of State",1
"Hollister, City Of",1
"Hispanic Chamber of Commerce, Alameda County",5
Hispanas Organized For Political Equality (Hope) (prior version),1
"Hi-Cone, a division of Illinois Tool Works",2
"Hesperia, City of",2
Homeowners' Coalition Mobilehome Parks of Tuolumne County,1
Home Office and Business Opportunities Association of California (HOBO),2
Home Buyer Assistance Center - Oakland,1
Holland & Lyons Mortuary,1
Holding Hands Pediatric Therapy and Adult Services,1
"Hold Your Horses, Inc",1
"Hoeck Physical therapy, Inc",1
Hillsides' Youth Moving On,5
Hilgenfeld Mortuary,1
Hidden Truths Project,2
Herman Miller Furniture (home officer furniture),1
Heritage Housing Partners - SPONSOR,1
Heart of Compassion Distribution,2
Healthcare for the Homeless Program,1
HealthFax (provider of nondiagnostic general health assessments),1
Health Trust of Silicon Valley to increase the use of a specified disease management strategy,2
Health In Common,1
Healdsburg Brewing company,2
Hawthorn Suites Manhattan Beach,1
"Harc, INC",1
"Hammonds Ranch, Inc/Hammonds Holdings, Inc",1
Hammond Solutions,1
"Hearing Loss Association, Long Beach/Lakewood Chapter",2
Healthy Children Organizing Project (prior version),1
Health Care for All - California (current version of the bill),1
Health Access of California (prior version),1
"Health Access California, Bruce Lee Livingston/Executive",3
Health Access (in concept),1
HealthAccess,1
Heal the Bay (seek amendments),1
Hayward Mayor Barbara Halliday,1
"Half Moon Bay, City Of",1
Habitat for Humanity in San Diego County,1
HealthFax (provider of non-diagnostic general health assessments),1
"Hammonds Ranch, Inc./Hammonds Holdings, Inc",1
"Gudwara Guru Angad Darbar, Inc",2
Group Insurance Trust of the California Society of Certified Public Accountants,1
"Grossmont Escrow Co., La Mesa",2
"Groman Mortuary, Inc",1
Grateful Heart Consulting,2
Grandview Middle School,1
"Graduate Student Association of the University of California, Santa Cruz",2
"Gridley, City Of",1
Greenling Institute (prior version),1
Green Chamber of Commerce (prior version),1
Green California (includes 48 different statewide public health & environmental assocs.),1
Greater California Livery Association (GCLA) (as proposed to be amended),1
Gray Panthers of Sacramento (previous version),1
Gray Panthers of California (prior version),1
Gray Panthers California: GOVERNOR'S VETO MESSAGE,1
Gray Panthers - Verified February 26,1
"Gray Davis, Controller of the State of California",1
Grow the Richmond (prior version),1
Greater Coachella Valley Chamber of Commerce and some local cities,1
Grace Temple M.B.C,1
Governor's Secretary of Education,1
Governor's Office of Planning and California Research,1
Governor's Appointments Unit,4
Governor Kounalakis,1
Governor Gavin Newson,2
Governor Edmund G. Brown Jr,1
Governor Arnold Schwarzenneger,2
Governor Arnold Schwarzenegger and the State,1
Govern for California exists,1
"Gondola Adventures, Inc. (Newport Beach, CA)",1
Golf Course Superintendents Association of Central California,1
Golden State Manufactured-Home Owners League writes,2
Golden State Manufactured-Home Owners League (GSMOL) writes,1
Global Refugee Awareness Healing Center,2
Global Alliance for Preserving the History of WWII in Asia,1
Glide Foundation / Glide Memorial United Methodist Church,1
"Glidden Construction Company, Santa Barbara",1
"Glenn Miller, Mayor of City of Indio",1
"Glen Haven Memorial Gardens, Inc",4
Gjelina Gjusta,1
Gillian Sabet Memorial Foundation/JourneySafe Outreach program,1
Gilbert Business Systems,1
"Gerhardt Gear Company, Inc., Burbank, California",2
Geothermal Resources Council (unless amended),1
Genentech SB 915 (PERATA),1
Gay and Lesbian Adolescent Social Services Inc. AB 114 (Cohn) PageB,1
"Gavin Newsom, San Francisco Mayor",1
"Gavin Newsom, Mayor of San Francisco",1
GO-Biz website accessed,2
GO-Biz also,1
GO-Biz,11
"GO Solar Company, North Hollywood",1
GMO Free California (prior version),1
"Genius Squad-Computer, iPad, iPhone Repair",1
Garibaldina M. B. Society,3
Gar Mar Farms (American Saddlebreds),1
Gangs Out Of Downey,2
"Gage-Babcock & Associates, Inc",1
Fundacion defense y derecho animal,2
Friends Church Southwest Yearly Meeting,2
"Fremont Firefighters, IAFF, Local 1689",1
Fred Cummings Motorsports,1
Fullerton Mayor Chris Norby,1
"Fuerza, Inc. (Familia Unidas En Respuesta al Sindrome down y otras Altercaciones)",1
"Frontier Communications, a recipient of CHCF-B subsides",1
Friends of the Friends of the Desert Mountains,1
"Friends of Harbors, Beaches, and Parks (prior version)",1
Friends Committee on Legislation of Calif,1
Friends Committee on Legislation in CA,2
Friends Committee on Legislation in,1
Friends Committee on Legislation (prior version),1
Fresno Stonewall Democrats (prior version),1
Fresno SB 1132 (Costa) Metropolitan Flood Control District,1
Fresno Police Department (FPD) in a,1
Fresno Mayor Lee Brand,1
Fresno Mayor Ashley Swearengin,4
Fresno Deputy Sheriffs Association (FDSA),1
Fresno Chamber of Commerce [also 11 individuals,1
"Fremont Unified School District, March 2007 lunch menu",2
Fremont Bank (prior version of the bill),1
Fund Her (prior version),1
"Fresno CDFI, Salam Nalia, CEO",1
"FreeFrom, Merlin Salamanca, Credit Program Director",1
Fowler Commerce Club,1
Forsyth Guard Chapter,1
Forrest Consulting,2
"Frank C. Roberts, Mayor of the City of Lancaster",2
Francisco Bay Area: Chinese for Affirmative Action,1
Foundation for Taxpayer and Consumer Rights: United Policyholders,1
Foundation for Taxpayer and Consumer Rights Sponsor,1
"Foundation for Taxpayer and Consumer Rights (February 23, 2007 version)",1
Foundation for Osteoporosis Research and Education (previous version),1
"Fort Bragg, City of",1
"Fort Bragg, City Of",1
"Franklin Reinforcing Steel Co., Inc, Fremont Millwork Co",6
Fight for 15 and A Union,4
Feminists in Action (formerly Indivisible CA 34 Womens) (prior version),1
Feminists In Action (Formerly Indivisible Ca 34 Womens),1
Farmers Insurance Group of Companies. AB 3305 (Setencich),1
"Family Section and the Estate Planning, Trust and Probate Law Section of the State Bar",3
Family Law Section of the State Bar (Prior Version),1
Families to Amend California's Three Strikes (FACTS) Education Fund,1
Filipino-American Chamber of Commerce of San Diego,1
Filipino - American Chamber of Commerce,1
Feral Cat Support,1
Federation of Retired Union Members/Santa Clara County,2
Federacion de Clubes Jaliscenses (a federation of 52 Jalisco hometown associations in California),1
Federacion Clubes Michocanos Orange County,2
Fathers Families of San Joaquin,1
Family inHome Caregiving of Monterey,1
Family Works,2
Family Law Indigent Client Services,2
Family Court Services of Santa,1
Family Court Services of San Francisco,1
Family Court Services of Marin,1
Family Court Services of Contra,1
For Grace (an organization dedicated to raising awareness of reflex sympathetic dystrophy),1
Food is Good,3
"Food Is Good, Inc",2
Food For All Mendocino,1
Food Allergy Support Team of the East Bay,5
Folsom Feline Rescue Numerous Individuals,1
Fiscal Crisis Management and Assistance Team,1
First5 Fresno,1
First Step House,1
First Congregational Church of AB 25 (Migden) Alameda,1
"First Coastal Bank, N.A",1
First 5 of Santa Cruz County,1
First 5 of Monterey County,1
First 5 California writes,1
Fire fighters Local 1186 (Vallejo),1
"Fiona Ma, CPA, California State Treasurer",2
Fiona Ma Treasurer,1
"Findhelp, the bill's sponsor",1
Financial Title Company,2
Finance& Thrift,1
Engineers and Scientists of SB 1945 (Kuehl) California,1
Engineering Contractors' Association (prior version),1
Engineering Contractors Association None on file,1
Endangered Habitats League (EHL) and a number of conservation organizations,1
"Encinitas Firefighters Association, Local 3787",1
Employment Development Department (EDD) - Sponsor,1
"Emeryville, City Of",1
Emergency Medical Services Administrators' Association (prior version),1
"Ellison Wilson Advocacy, LLC",1
Ella Baker Center for Human Rights - Sponsor,1
Elk Grove Chamber of Commerce (prior version),1
Elk Grove Chamber Of Commerce,8
England and Associates,1
Empowerment Hypnotherapy,1
Emergency Medical Group of Santa Barbara,1
"Elvis Presley Enterprises, Inc",4
Electronics Beyond | Iphone Repair Ipad Samsung & Macbook Screen Repair,1
"Electron Connection, Hornbrook",1
Elders for Survival,1
Elder Financial Protections Network,1
"ExPert, Inc",2
Experience Hendrix (Estate of Jimi Hendrix),4
"Executive Committee, Family Law Section, State Bar of California",1
Executive Committee of the Trusts and Estates Section of the California,1
Faith in the Valley (prior version),1
Faith in Action Bay Area (prior version),1
Fairfield Mayor Karin MacMillan,3
FairVote California (prior version),1
FairVote (prior version),1
Fair Share Network (support,1
"Fair Political Practices Commission (provisions relating to ""legislative deadline contributions"" only)",1
Fair Political Practices Commission (FPPC) (as of 6/12/97 version),1
Faculty Association of California Community Colleges (FACCC) - Sponsor,1
Executive Council of Homeowners (6/15/00),1
Exceptional Children's Foundation AB 1463 (Cedillo),1
Exceptional Children's Foundation (see attached summary provided by author),1
"Executive Committee, Family Law Section of the State Bar (FLEXCOM)",1
"Executive Committee, Family Law Section of State Bar of California",3
Executive Committee of the Family Law Section of the State Bar (as proposed to be amended),1
Executive Committee of the Trusts and Estate Section of the State Bar of California,1
"F5 Collective, a fund that exclusively invests in female founders",1
"Executives, Inc. (earlier version of bill)",1
"Eta Kappa Nu, California State Long Beach",1
"Estate Trust, Inc., Maryland",5
"Environmental Solar, North Hollywood - 15 letters",1
Environmental Enterprises,1
Esperanza Community Housing Corporation (prior version),1
Esperanza Community Housing Corporation (Burton) Council,1
"Escondido, City Of",1
"Escondido Creek Conservancy, The",1
Equality California also,1
Equality California (prior version),1
Equality California (EQCA) - co-sponsor,1
Equality California (Co-Sponsor),1
Equal Justice Society (prior version),1
Ephesians Children's Center (Berkeley Portola Day Care Center,1
"Environmental Working Group, a co-sponsor of the bill",1
Environmental Technology Council (existing version),1
Environmental Justice Coalition for Water (with suggested,1
Environmental Justice Coalition for Water (prior version),1
Environmental Health Coalition (prior version),1
Environmental Entrepreneurs (E2) (160 individuals - 700 members),1
Environmental California and marine-focused energy developers,1
Environment California - co-sponsor,1
Environment California (prior version),1
Environment California (previous version),1
Environment California (formerly California Public Interest Research Group),1
El Cajon City Council/Redevelopment Agency,2
"Education, Awareness, Support, Empowerment on Type 1 Diabetes",1
Education Francaise Bay Area,2
Edible Schoolyard Project (ESYP),1
"Eden housing Inc./Eden Housing Management, Inc. - Hayward",1
"Eden Housing, Inc./Eden Housing Management, Inc. - Hayward",1
"Eden Housing, Inc. (Non-profit housing development corp.)",2
"Ed McMunn, owner of ""Rookie Ball",1
Ed McMunn - owner of The Original Rookie Ball,1
"Ed Lee, Mayor, City and County of San Francisco",4
Ebony Repertory Theatre,2
Eastlake Middle School,1
East West Therapy Systems,1
"East LA Community Corporation, Elba Schildcrout, Director of Community Wealth",1
East Bay Municipal Utility District ARGUMENTS IN,2
East Bay Municipal Utilities District (EBMUD) - sponsor,1
East Bay Municipal Utilities District (EBMUD) (with suggested,1
East Bay Leadership Council writes,1
"East Bay Innovations, a CCT provider",1
"East Bay Innovations (EBI), a CCT provider",1
East Bay HomeBridge Connect,1
East Bay Central American Refugee Committee,1
"ELA Viatical Services, New Jersey",5
"E-FAB, Inc., Santa Clara, California",2
"Dynamic Fabrication, Inc. Santa Ana, California",2
"Dyna-Cam Engine Corp., Torrance, California",2
Drug Enforcement Administration,2
Dr. Sandra's Sanctuary,4
Dr. Nick Transmissions,1
Dr. Nick Tranmissions,4
Dr. Neil W. Draisin Vision Therapy,2
Dr. McDougall's Health and Medical Center,2
Dr. Lucy Jones Center for Science and Society,1
East Bay Habitat For Humanity - Oakland,1
East Bay Community Law Center - co-sponsor,1
"East Bay Bicycle Coalition, East of the Hills section",3
Earthjustice - co-sponsor,1
Earthjustice (formerly the Sierra Club Legal Defense Fund),3
Earthjustice (formerly the Sierra Club Legal,1
"Earth Care, Ukiah",1
ECOLOGY CENTER (BERKELEY),1
EARN - sponsor,1
"EAH, the sponsor of this resolution",1
"Dublin, City of",4
Dry Creek Rancheria - Band of Pomo Indians,3
Dry Creek Indians,1
Dr. Bauer's Advanced Wellness,2
"Dr. B.R. Ambedkar Educational Aid Society, Fremont, CA",2
Downey Regional Medical Center Hospital,1
Donna Sternberg & Dancers,2
"Downtown San Diego Partnership, in opposition to the bill",1
Dow Chemical Company (9/12/97),1
Doris Tate Crime Victims Bureau and addresses the issue of a victim's or next of kin's testimony at a parole hearing,2
Doris Tate Crime Victims Bureau None on file,1
Doris Tate Crime Victims Bureau (3/23/98),1
Doris Tate Crime Victims Bureau (3/17/98),1
"Dolby laboratories, Inc",2
"Discovery Escrow Company, Huntington Beach",2
Disability Health Access,1
Digital California Project (of the Corporation for Network Education Initiatives in California),2
"Division of Ratepayer Advocates, with exception",1
District Hospital Leadership Forum and supported by individual NDPHs,4
"District Council of the International Union of Painters and Allied Trades, District 16",1
"District Council 16, International Union of Painters and Allied Trades (previous version)",1
"Disabled Resources Center, Incorporated",1
Disabled American Veterans (Homer Blevins/Fresno 1),2
Disability Rights Education and Defense Fund (prior version),1
"Disability Rights California, sponsor of the bill",1
Disability Resource Agency for Independent Living (DRAIL),1
Diocese of California,3
Dignity Community Care Dba. California Hospital Medical Center,1
"Dolisos America, Inc. (prior version)",1
"Dick Michaelsen, Chief of Waterford Police Department",1
Dianne Martinez- Mayor City of Emeryville,1
"Diane L. Harkey, Member, State Board of Equalization",2
"Diane L. Harkey, Chairwoman, California State Board of Equalization",1
"Diane Harkey, Chairwoman, Board of Equalization",1
"Diane Cooper-Puckett, Executive Director, The Peg Taylor Center for Adult",2
"Diane Cooper-Puckett, Exec. Director, The Peg Taylor Center for Adult Day",1
"Diane Christensen, President, Manzanita Management Corp",1
"Diamond Video World, Inc",1
Diamond Gateway Chamber of Commerce,1
Diamond Bar Chamber of Commerce,1
Diabetes Coalition of California (prior version),1
Dhl,1
"Developmental Services Continuum, Inc. - Lakeside",1
"Developmental Disabilities Service Organization, Inc",1
Detla Chamber of Commerce,1
Destination Home,1
Design-Build Institute of America (prior version),1
"Department of Veterans Affairs, VA Northern California Health Care System, Martinez",1
Department of Social Services - sponsor,1
"Department of Social Services (sponsor, specified provisions)",1
Department of Real Estate (DRE) - sponsor,1
Department of Real Estate (DRE - sponsor),1
Department of Personnel Administration.None on file,1
Department of Personnel Administration - Sponsor,1
"Department of Motor Vehicles, item 5",1
"Department of Motor Vehicles , item 5",2
"Department of Justice, Daniel E. Lungren, Attorney General (DOJ)",1
Department of Justice (In concept),1
Department of Insurance: Neutral,1
Department of Insurance/Sponsor,1
Department of Insurance - 06/06/03,1
Department of Insurance (in concept),1
Department of Insurance (Mediation program provisions only),1
Department of Insurance (Mediation Program portion of the bill),1
"Department of Industrial Relations, Division of Occupational Safety and Health (DOSH)",2
Department of Industrial Relations - Sponsor,1
Department of Health Services - Neutral,1
Department of Health Services (committee analysis),1
Department of Health Services (DHS - sponsor),1
Department of Health Services (DHS - Sponsor),1
"Department of General Services, neutral",1
Department of General Services - sponsor,1
Department of General Services (partial sponsor),1
"Department of Fish and Game, sponsor of the bill",1
Department of Fish and Game (committee analysis),1
Department of Finance (indicated support in Committee 5/10/11),1
Department of Finance (8/9/00),1
Department of Corporations (sponsor of escrow license surrender provisions and CRMLA provisions),1
"Department of Consumer Affairs, None on file",1
Department of Consumer Affairs (neutral),1
Department of Conservation (DOC),2
Department of California Jewish War,1
Department of California Armed Forces Retirees Association,1
Democrats of Rossmoor (prior version),1
Democrats of Rossmoor (previous version),1
"Delta Protection Commission - ""in concept",1
Delta Protection Commission (in concept),1
Delta Kappa Gamma California (prior version),1
Delano Mayor Anthony Martinez,4
"Defenders of Wildlife, one individual",2
Defenders of Wildlife (so-source),1
Defenders of Wildlife (Sponsors),1
"Debra Corbett, City Attorney, Tracy",1
"Dennis J. Hegwood, Chief of Rialto Police Department",1
"Department of Epidemiology, University of California, Los Angeles",1
Defending Our Future: Indivisible in California,1
"Dentalpoint, Inc",2
"Deborah Gomez, North County Vending, Inc",1
DeMenno/Kerdoon (existing version),1
Davis Mayor Dan Wolk,1
David Torres - Mayor of Montebello,1
"David Solaro, Chief of Police of South Lake Tahoe",1
"David Solaro, Chief of Police",1
"David Prihar, Chairman of the Jewish Community Forum of Orange County",1
"David P. Newsham, Chief of Police of Burbank",1
David &Margaret Youth and Family Services,1
Davis Storm Girls' Basketball,4
Davis Storm Girls Basketball,2
"Dave Pearce, CEO, Miasole",1
"Dave Malcolm, President of Southern California Restaurant Enterprises",3
Daughters of Charity Health System Jericho,1
Daughters of Charity Health System (prior version),1
"Darrell Steinberg- Mayor, Sacramento",1
Darrell Steinberg - Mayor of City of Sacramento,1
"Daniel Givens, Chief of Police, El Cerrito Police Department",1
"Dana Walden, President, Twentieth Century Fox Television",1
"Dana Point, Office of the City Manager",1
"Dan Lungren, California Attorney General",1
"Daly City, City of",2
"Daly City Public Library Associates, Paula Stillman, President",1
Data Access Inc,1
DR Evans Private Investigations,4
"D. Harkey, State Board of Equalization, Member",2
"Cruz M. Bustamante, Lieutenant Governor of California",1
"Cruz M. Bustamante, California Lieutenant Governor",1
"Cruz Bustamante, Former Lt. Governor of California",1
"Craig H. Calhoun, Hayward Chief of Police",1
"Cupertino, City of",4
Culver City Chamber,6
Cypress Semiconductor,1
Cypress Chamber of Commerce,11
Cremation Society of Southern California,1
Crossword Church,2
Crossroads Films,1
Criss Air Inc,2
"D & R Turning Point, Inc",1
Crystal Clear Biz Ops,2
"DHY, Inc",2
"Covina, City Of",1
Court Appointed Special Advocates of Alameda County,1
Courage Campaign (updated 1/4/18),1
County welfare Directors of California,1
County of Tulare),1
"County of Sonoma, which",1
County of Santa Cruz (prior version),1
County of Santa Cruz (previous version),1
County of Santa Clara- Board of Supervisors,2
"County of Santa Clara, a co-sponsor of the bill",1
County of Santa Clara None on file,1
County of Santa Clara District Attorney's Office--Domestic Violence Unit,1
County of Santa Clara Department of Child Support Services (DCSS),1
County of Santa Clara (prior version),1
"County of San Diego (as amended May 9, 2006)",1
County of SacramentoS,1
County of Sacramento S,2
"County of Plumas (Kathy Williams, County Clerk/Recorder/Registrar of Voters)",1
County of Pacific Lumber Company (PALCO),1
County of Orange - Sponsor,1
County of Orange (favors removing sunset),1
"County of Orange (as amended May 9, 2006)",1
County of National Parks Conservation Association,1
County of Muniservices,1
County of Monterey (previous version),1
County of Los Angeles County Economic Development Corporation,1
County of Los Angeles (sponsors),1
County of Los Angeles (Board of Supervisors),1
County of Kings River Conservation District,1
County of Indivisible Media City Burbank,1
County of Indivisible East Bay,1
County of Indivisible Claremont/Inland Valley,1
County of Indivisible Ca-25 Simi Valley Porter Ranch,1
County of Indivisible CA-25 Simi Valley-Porter Ranch,1
County of Indivisible CA-25 Simi Valley Porter Ranch,1
County of Indivisible CA Statestrong,1
"County of Humboldt, Sheriff Dennis H. Leeways",1
County of Glendale City Employees Association,1
County of Fresno **** END,1
County of Fresno (prior version),1
County of Feminists in Action Los Angeles (Indivisible CA 34 Womens),1
County of Culver City PTA,1
County of Culver City,3
County of County of Butte,1
County of Contra Costa),1
County of Coalition of California Welfare Rights Organizations,1
County of Cloverdale Indivisible,1
County of City of Thousand Oaks,1
County of City of Pittsburg,2
County of City of National City,2
County of City of Mountain View,1
County of City of Moorpark,1
County of City of Monrovia,2
County of City of La Habra,2
County of City of Institute of Scrap Recycling Industries (ISRI),2
County of City of Downey,1
County of City of Azusa,2
County of Cities of Camarillo,1
County of California Park & Recreation Society,1
County of California Labor Federation,1
County of Bet Tzedek,1
County of Bay Area Legal Aid,1
County of Balfrey & Abbott,1
"County of American Legion, Department of California",1
County of Marin Audubon Society,1
County of Kings Department of Child Support Services,1
County of El Dorado Chamber of Commerce,1
County and Alcohol Drug Program Administrators Association of California,7
County Welfare Directors Association of CA co-sponsor,1
County Welfare Directors Association of CA - sponsor,1
County Welfare Directors Association (an amendment requested),1
County Welfare Directors Association (Section 4 of the bill),1
County Superintendents of Schools for California,1
County Recorders' Association of the State of California,3
County Recorder's Association of the State of California,1
County Health Executives Association of California (committee analysis),1
County Health Executives Association of California (And amend),1
County Health Executives Association of California (6/3/97),1
Council on Autism Service Providers (CASP),1
"Council on American-Islamic Relations, Sacramento Valley Chapter",1
Council on American-Islamic Relations - S. F. Bay Area Chapter,2
"Council on American-Islamic Relations (CAIR), Sacramento",1
Council on American Islamic Relations Los Angeles Area Office,3
"Council on America-Islamic Relations, California (CAIR-CA)",3
Council on Acupuncture and Oriental Medicine Associations,2
Council of Acupuncture and Oriental Medicine Associations (Sponsors),1
Council of Acupuncture & Oriental Medicine |Associations,1
Council of Colleges of Acupuncture and Oriental Medicine (04/23/14 version),1
Council of UC Faculty Associations (CUCFA),1
Council of California State Pipe Trades Council,1
Council of Asian American Business: Associations,1
Council for Adult and Experiential Learning - Sponsor,1
"Cotati, City of",1
"Costa Mesa, City of",1
Council of Classified Employees-CFT,2
Cottonwood Chamber of Commerce,2
Corte Madera Chamber of Commerce,3
Coronado Democratic Club (Prior Version),1
"Corning, City Of",1
Controller of the State of California - Kathleen Connell,1
Controller of the State of CA,2
Controller Malia M. Cohen,4
Controller John Chaing,1
Controller (partial sponsor),1
Contractors' State License Board (committee analysis),1
Contractors' State License Board (CSLB - sponsor),1
"Consumer Federation of California, the bill's sponsor",1
"Consumer Federation of California [June 6, 2012",1
Consumer Federation of California AB 1092 (Harman),1
Consumer Federation of California - Sponsor,1
Consumer Federation of California - Co-Sponsor,1
Consumer Federation of California - 07/03/03,1
"Consumer Attorneys of California (CAOC), the sponsor",1
"Consumer Action, Joe Ridout, California Legislative Coordinator",1
Consumer Action - 04/24/03,1
"Consumer Action (Letter dated April 7, 2000)",1
"Consulting Engineers and Land Surveyors of California (CELSOC) (January 5, 1998 version)",1
Consulting Engineers and Land Surveyors of California (CELSCO),1
Construction Employers' Association (prior version),1
"Construction Employers"" Association",1
Corona Chamber Of Commerce,2
Cordova Chamber of Commerce,1
Conservation of Sea and Sage Audubon Society,1
Connie Anderson Dba Grandmaloutunes,3
Congregations Organized for Prophetic Engagement (prior version),1
Confinement California Psychiatric Association,2
"Conference of Delegates, California State Bar Association",2
"Conference of Delegates of California Bar Associations, Board of Directors",1
Conference of Delegates of California Bar Associations (co-sponsors),1
Conference of California Bar Associations - Sponsor,1
Conference of California Bar Associations (CCBA) - Sponsor,1
"Concord, City Of",1
Concerns: California Pharmacists Association (CPhA),1
Concerns: California Association of Health Plans,1
Concerns The California Library Association (CLA),2
Concerns The Association of California Health Care Districts (ACHD),1
Concerns TechNet,1
Concerns Mental Health America (MHA) of California in an oppose position,2
Concerned California Perfusionists (sponsor of perfusionist provisions),1
Concerned California Perfusionists (source of perfusionist provisions),1
"Concerned California Pefusionists (sponsor, perfusionist provisions)",1
Concern: California Bankers Association,1
Compton Branch of the NAACP,2
"Compton Firefighters, Local 2216",1
Confederation of Mexican American Organizations,1
"Concord Escrow, Fountain Valley",2
Concerned Citizens for Representative Government,1
Concord PAL group,3
Community Water Center (seek amendments),1
Community Solutions (2/20/2014 version),1
Community Rural Legal Assistance Foundation,4
Community Residential Care Association of California (Home Operators),2
Community Overcoming Relationships Abuse,1
Community HIV/AIDS Services,1
Community College League of California (6/6/06),1
Community Alliance With Family Farmers (CAFF) - Co-sponsor,1
Communities for a New California (prior version),1
Communities United for Restorative Youth Justice (prior version),1
Communities United for Restorative Youth Justice (CURYJ) - sponsor,1
Communities United for Restorative Youth Justice (CURYJ) (prior version),1
"Communications Workers of America - District 9, AFLCIO",1
Communications Workers of America - District 9,2
Communications Workers of America (prior version),1
Common Cause (per author's office),1
Committee on Moral Concerns (prior version),1
Committee on Moral Concerns (as introduced),1
Committee on Moral Concerns (CMC),3
Committee on Moral Concerns (As Introduced),1
Committee on Administration of Justice of the State Bar (prior version),1
Commission on Teacher Credentialing (8/1/97),1
Commission on Peace Officer Standards and Training (prior version),1
CommerceNet (representing 700 internet and e-commerce companies and organizations),1
College of the Sequoias Associated Student Body Government,3
"College of the Canyons, sponsor of the bill",1
"Colleen B. Wilcox, Superintendent of Schools, Santa Clara County Office of Education",1
Collaborative Practice California (in support of Sections 1 & 2),1
Community College Faculty Coalition,1
Committee for Compassionate Use,1
Columbia House Restaurant,1
Columbia Area Advisory Council,1
"Comdisco, an electronics group",1
Commercial Internet eXchange Association (CIX - a trade association representing Internet service providers),1
College Area Community council,3
Committee for Native American Rights,1
Committee for Native American Rights Northern Section,1
Coastside Fishing Club (prior version),1
"Coalition to Abolish Slavery and Trafficking, sponsor of the bill",3
Co-sponsor CAST,2
Coalition on Homelessness - San Francisco,2
"Coalition on American-Islamic Relations, California Chapter",1
"Coalition of California Welfare Rights Organizations, Inc. (previous version)",1
Coalition of California Welfare Rights Organizations -sponsor,1
Coalition of California Welfare Rights Organizations - sponsor,1
Coalition of California Welfare Rights Organizations - Sponsor,1
Coalition of California Welfare Rights Organizations (prior version),1
Coalition of California Welfare Rights Organizations (Sponsor,1
Coalition of California Welfare Rights Organizations (CCWRO) co-sponsor,1
Coalition of California Welfare Rights Organizations (CCWRO) - sponsor,1
Coalition of California Utility Employees - co-sponsor,1
Coalition of California Utility Employees (as introduced),1
Coalition of California Utility Employees (Co-sponsors),1
Co-sponsor Coalition of California Utility Employees,1
Coalition of California Home Inspectors (6/23/95),1
Coalition of Apparel Industries in California - as introduced,1
Coalition of Apparel Industries in,1
Coalition for a Safe Environment Long Beach boardmembers Weeks and Maciel,1
Coalition for Immigrant and Refugee: Rights and Services,1
Coalition for Humane Immigrant Rights of Los Angeles (prior version),1
Coalition for Humane Immigrant Rights of Angeles (CHIRLA),1
Coalition for Compassionate Care of California (CCCC),2
Coalition for Community Solar Access - Sponsor,1
Coalition Against Unsolicited Commercial Email,1
"Coalinga, City of",1
Coachella Valley Water District None Received,1
Co-sponsor Vietnam Veterans of America,1
Co-sponsor UDW/AFSCME Local 3930,1
Co-sponsor State Association of County Retirement Systems (SACRS),1
Co-sponsor Professional Engineers in California Government (PECG),1
Co-Sponsor Professional Engineers in California Government (PECG),2
Co-sponsor California Advocates for Nursing Home Reform (CANHR),2
Co-sponsor AMVETS Department of California,1
Co-Sponsor Union of American Physicians and Dentists (UAPD),3
Co-Sponsor International Union of Operating Engineers (IUOE),3
Co-Sponsor California Statewide Law Enforcement Association (CSLEA),3
Co-Sponsor California Association of Psychiatric Technicians (CAPT),3
Co-Sponsor Association of California State Supervisors (ACSS),1
Climate Reality Project: Silicon Valley Chapter,1
Climate Reality Project: San Fernando Valley Chapter,3
Climate Reality Project: Los Angeles Chapter,3
Climate Reality Project - Silicon Valley,1
Climate First Replacing Oil & Gas,7
"Climate Action Campaign, Humboldt",1
"Clergy and Laity United for Economic Justice, Canoga Park",2
"Clergy and Laity United for Economic Justice (CLUE), Rabbi Jonathan Klein, Executive Director",1
Clean Water Action CA,1
Coalition of Filipino-American Chambers of Commerce,1
Coalition for a TB Free California (CTBFC),1
Coalition for HIV Name Reporting and Notification in California,1
Coachella Chamber of Commerce,4
Club Rotario Latino de Fresno,1
Coastal Comprehensive Insurance Agency,1
Co-sponsor California State Employees Association (CSEA),1
Clean Coalition (prior version),1
Clayton Mayor Hank Stratford,5
Civil Justice Association of California (CSAC),2
"CivicWell, formerly the Local Government Commission",1
City ofThousand Oaks,1
City of the City of Chino,1
City of Wine Institute,1
City of Whittier Mayor Joe Vinatieri,3
City of Whittier (prior version),1
City of Whittier (5/5/98),1
"City of West Hollywood, Office of the Mayor",10
"City of West Hollywood, Mayor John Duran",1
"City of West Hollywood, Mayor Horvath",2
"City of West Hollywood, Mayor Abbe Land",1
City of West Hollywood Mayor John Heilman,1
"City of West Hollywood (February 23, 2007 version)",1
City of Watsonville (prior version),1
"City of Walnut Creek, Mayor Cindy Silva",1
City of Walnut Creek Mayor Kevin Wilk,1
"City of Vista, City of",1
City of Visalia (prior version),1
City of Ventura County Transportation Commission,1
City of Ukiah Mayor Phil Baldwin,1
"City of Turlock, Mayor Gary Soiseth",2
City of Turlock Irrigation District,1
City of Tucaipa Mayor Dick Riddell,1
"City of Torrance, Frank Scotto, Mayor",1
City of Torrance Area Chamber of Commerce,1
City of Torrance (04/1/14 version),1
City of Tiburon),1
City of Thousand OaksS,1
"City of Thousand Oaks, City Manager Andrew Powers",1
City of Thousand Oaks S,2
City of Thousand Oaks (committee analysis),1
City of Thousand Oaks (04/1/14 version),1
"City of The Honorable Bill Bogaard, Mayor City of Pasadena",1
City of Upland Police Officers Association,1
City of Torrance Chief of Police,2
Claro's Italian Markets,3
Claremont Custody Center Employee's Association,1
CityLab UCLA,6
Citylab Ucla -SPONSOR,1
City of Sunnyvale Mayor Jim Griffith,1
City of Sunnyvale Mayor Anthony Spitaleri,1
"City of Stockton, Mayor Michael Tubbs",1
"City of Stockton Mayor, Michael Tubbs",1
"City of Stockton Fire Chief, W. Gary Gillis",1
"City of Stanton, City of",1
"City of Simi Valley, Mayor Huber",2
"City of Seaside, Mayor's office",1
"City of Seaside, Mayor Jerry C. Smith",1
"City of Seaside, California - Office of the Mayor",2
City of Seaside Mayor Ralph Rubio,1
City of SaratogaS,1
City of Saratoga S,2
"City of Santee, Mayor Randy Voepel",1
"City of Santa Barbara, Police Department",4
City of Santa Ana),1
"City of San Ramon, Contra",1
City of San Rafael Mayor Kate Colin,1
"City of San Jose, Mayor, Matt Mahan",1
City of San Jose),1
"City of San Jose Mayor, Matt Mahan",2
City of San Francisco Mayor Gavin Newsom,5
"City of San Diego, Police Department",1
"City of San Diego, Mayor Susan Golding",3
"City of San Diego, Mayor Kevin L. Faulconer",1
"City of San Diego, Mayor Kevin Faulconer",1
"City of San Diego, Chief of Police William Lansdowne",1
City of San Diego Mayor Jerry Sanders,1
City of San Diego (received prior to substantive,1
City of San Diego (prior version),1
City of San Diego (Prior Version),1
City of San Diego (Committee analysis),1
"City of San Clemente, City of",1
"City of San Clemente Mayor, James Dahl",1
City of San Clemente Mayor Chris Duncan,1
"City of San Bruno, Mayor and Chief of Police",1
"City of Salinas, Mayor, Joe Gunter",1
"City of Sacramento, Mayor Joe Serna, Jr",1
City of Simon Wiesenthal Center,1
City of Save Mount Diablo,1
City of San Francisco Public Utilities Commission,1
City of San Diego Regional Chamber of Commerce,1
City of San Diego Chamber of Commerce,1
City of San Bruno Garbage Company,1
City of South Gate Chamber of Commerce,1
City of San Mateo County Hispanic Chamber of Commerce,2
City of San Diego East County Chamber of Commerce,1
City of Salinas Disposal Services,1
City of Sacramento),1
City of Sacramento Mayor Darrel Steinberg,2
City of Sacramento - Office of Mayor Pro Tem,1
"City of Roseville, Mayor, Susan Rohan",1
"City of Riverside, Mayor Rusty Bailey",1
City of Riveride,1
"City of Richmond, Office of the Chief of Police",1
"City of Reedley, Mayor Ray Soleno",2
"City of Redding, Police Department",1
"City of Pomona, Mayor Tim Sandoval",1
City of Pomona Mayor Tim Sandoval,1
"City of Placentia, Mayor Greg Sowards",1
"City of Petaluma, David Glass, Mayor",1
"City of Pasadena, Mayor Bill Bogaard",1
City of Pasadena - CO-SPONSOR,1
"City of Palmdale, Mayor James C. Ledford, Jr",2
City of Palm Springs (Mayor Ron Oden),1
"City of Orinda, in support",2
"City of Orange Cove, the sponsor",1
City of Orange (prior version),1
"City of Oakland, Office of Mayor Libby Schaff",1
"City of Oakland, Mayor Ronald V. Dellums",8
"City of Oakland, Mayor Ronald Dellums",1
"City of Oakland, Fire Chief, Daniel D. Farell",1
City of Oakland Mayor Ron Dellums,5
City of Oakland (prior version),1
"City of Norwalk (February 23, 2007 version)",1
City of Norwalk (5/11/98),1
City of Norco (on earlier version),1
City of Newark Chief of Police Ray Samuels,3
"City of Murrieta, Gary Thomasian, Mayor",1
"City of Mountain View, City",1
City of Morgan Hill (formerly listed as City of Morgan Hill),1
"City of Monterey, Mayor Tyller Williamson",1
"City of Monterey, Harbor/Marina Division",3
City of Monterey),1
"City of Monterey Park, Mayor Pro Tem",1
City of Monterey Mayor Tyller Williamson,1
City of Monterey Mayor Chuck Della Sala,1
City of Rowland Water District,1
City of Northern California Water Association,1
City of North Bay Leadership Council,1
City of Ridgecrest Chamber of Commerce,1
City of Monterey (formerly listed as City of Monterey),1
"City of Monrovia, Police Department",1
"City of Monrovia, Police Chief Joseph A. Santoro",1
"City of Monrovia (February 23, 2007 version)",1
"City of Milpitas, Mayor Jose Esteves",1
City of Merced (on earlier version),1
City of Mayor of Rosemead,1
"City of Marysville Police Department, Chief of Police Christian S. Sachs",1
"City of Martinez, Mayor Rob Schroder",1
City of Martinez Mayor Brianne Zorn,1
City of Manteca Mayor Willie W. Weatherford,2
"City of Malibu Mayor, Lou LaMonte",4
"City of Lynwood, Mayor Louis Byrd, Councilwoman Leticia Vasquez",1
"City of Los Angeles Mayor, Antonio R. Villaraigosa",1
City of Los Angeles Commission on the Status of Women,1
City of Los Angeles - Office of Mayor Karen Bass,2
City of Los Angeles - Mayor's Office of Economic Development,1
City of Los Angeles (previous version of the bill),1
City of Los Angeles (Mayor approved resolution by City Council to support AB 1934),1
City of Los Angeles (7/3/07 version of bill),1
"City of Long Beach, Mayor Bob Foster",1
City of Long Beach Mayor Bob Foster,5
City of Lomita (prior version),1
"City of La Quinta, Mayor Linda Evans",1
City of La Habra (formerly listed as City of La Habra),1
City of La AB 12 (Epple) Habra,1
"City of Kingsburg, Mayor Chet Reilly",1
"City of Kerman, City Manager Luis Patlan",1
City of Irwindale Police Department,9
"City of Irvine, Mayor Khan",1
City of Irvine Mayor Khan,1
City of Irvine - Mayor Khan,1
"City of Inglewood, Mayor James T. Butts",2
"City of Inglewood Mayor, James T. Butts, Jr",2
City of Inglewood Mayor James Butts,1
City of Los Angeles County Democratic Party,1
City of Liberty Mutual Group,1
City of Las Virgenes Municipal Water District,1
City of Kings River Conservation District,1
City of Integrated Environmental Systems,1
City of Inland Empire Economic Partnership,1
City of Mark's Disposal,1
City of Lakeside Chamber of Commerce,1
City of Inland Empire Recycling,1
City of Indian Well,1
City of Huntington Park Mayor Eduardo Escare?o,5
City of Huntington Beach Mayor Keith Bohr,3
City of Hillsborough Mayor Christine Krolik,1
City of Hermosa Beach Mayor Raymond Jackson,1
City of Hemet (Section 5),1
City of Hayward/Office of Emergency Services,1
City of Half Moon Bay Parks and Recreation Department,1
City of Half Moon Bay Mayor Robert Brownstone,3
City of Half Moon Bay Mayor Deborah Penrose,1
City of Goleta Mayor Paula Perotte,1
City of Goleta (in concept),1
City of Glendale - CO-SPONSOR,1
"City of Garden Grove, Mayor William Dalton",1
"City of Garden Grove, Mayor Bao Nguyen",3
City of Fullerton (formerly listed as City of Fullerton),1
"City of Fresno, Mayor Lee Brand",1
"City of Fresno Police Department, Jerry Dyer, Chief of Police",1
"City of Fresno Police Department, Chief Jerry P. Dyer",2
"City of Fresno Mayor, Jerry P. Dyer",1
"City of Fresno Chief of Police, Paco Balderrama",2
"City of Fremont, Police Department",1
"City of Fountain Valley, Police Department",4
City of Fontana (formerly listed as City of Fontana),1
"City of Firebaugh, City Manager Kenneth McDonald",1
City of Fairfield Mayor Harry T. Price,1
City of Eureka (prior version),1
City of Encinitas Mayor Tony Kranz,1
City of Encinitas Mayor Maggie Houlihan,3
"City of Emeryville, Mayor Dianne Martinez",1
"City of Emeryville, City Manager Carolyn Lehr",2
City of Emeryville Mayor Dianne Martinez,6
City of Elk Grove Chief of Police Robert M. Lehner,1
"City of El Cerrito, City Manager Scott Hanin",1
"City of El Cajon, Mayor Mark Lewis",1
City of Diamond Bay Mayor Andrew Chou,1
"City of Diamond Bar, Mayor Jack Tanaka",1
City of Davis),1
"City of Davis Chief of Police, Jim Hyde",1
City of Culver City Police Department,9
City of Coronodo,1
"City of Coronado, Mayor Richard Bailey",2
"City of Corona, Office of Mayor Darrell Talbert",1
City of Corona Mayor Karen Spiegel,1
"City of Corning, City Manager Kristina Miller",1
"City of Concord (February 23, 2007 version)",1
"City of Compton Mayor, Aja Brown",1
City of Commerce Mayor Jesus Cervantes,5
City of Commerce Mayor Ivan Altamirano,1
"City of Clayton (February 23, 2007 version)",1
"City of Claremont, Mayor Jed Leano",1
"City of Claremont, Chief of Police",1
City of Claremont - Mayor Corey Calaycay,1
City of Fullerton Police Officers' Association,1
City of Indio Chamber of Commerce,2
City of City of San Clemente,1
City of City of Palm Desert,1
City of City of Dana Point,1
"City of Ceres (also, see attached list of support)",1
"City of Carson, Mayor Jim Dear",1
"City of Camarillo, Mayor Mike Morgan",1
City of Camarillo (04/21/14 version),1
"City of Calabasas, Mayor, Lucy Martin",2
"City of Burbank, Mayor Gabel-Luddy",1
"City of Burbank, Dave Golonski, Mayor",1
City of Burbank Office of the city council,1
City of Burbank - CO-SPONSOR,1
"City of Brentwood Mayor, Robert Taylor",3
"City of Brea, Police Department",4
City of Brea (Mayor Bev Perry),2
City of Brawley Mayor,1
City of Blythe Police Department,1
"City of Beverly Hills, Police Department",1
City of Beverly Hills Police Department,10
"City of Bell, Mayor Violeta Alvarez",3
City of Bell Interim Chief Administrative Officer James Casso,2
"City of Bakersfield Mayor, Harvey L. Hall",1
City of Azusa (wish the provision to apply to general law cities),1
"City of Avalon, in support of the bill",1
"City of Arvin, Mayor, Jose Gurrola",2
City of Arcata (prior version),1
"City of Anaheim, Mayor Harry Sidhu",1
City of Albany),1
"City of Alameda, sponsor of this measure",2
City of Alameda Mayor Marilyn Ezzy Aschcraft,1
City of Alamada,1
City of AB 178 (Koretz) Los Angeles,1
City of AB 106 (Scott) Oakland,1
City and County of San Francisco - Co-sponsor,1
City and County of San Francisco - Co-Sponsor,1
City and County of San Francisco (with,1
City and County of San Francisco (Part 2),1
City of California Organization of Police,1
City of California Labor Federation,1
City of California Farm Bureau Federation,1
City of California Council on Alcohol Problems,1
City of Calchamber,1
City of CalDesal,1
City of Association of Veterinarians for Animal Rights,1
City of Alameda County Board of Supervisors,1
City County Association of Governments of San Mateo County,2
Citizens Take Action (prior version),1
Citizens Commission on Human Rights (received late),1
City of Buena Park Chamber of Commerce,1
"City of Boston, MA",1
Citizens for Senior Housing,1
Citizens for Impartial Justice,1
7California District Attorneys Association,2
4- Howard Jarvis Taxpayers Association,1
5 National Braille Press,1
Page Agents and Brokers Legislative Council,1
Page Association of California Life and Health Insurance Companies,1
Page California Healthcare Association,1
Page Asians & Pacific Islanders for Reproductive Health,1
Page California Chamber of Commerce,1
Page California Dental Association,1
Page California Primary Care Association,1
Page Congress of California Seniors,1
Page Equality California,1
Page Hospice of the Valley,1
Page Managed Risk Medical Insurance Board,1
Page Personal Insurance Federation,1
Page United Nurses Associations of California/Union of Health,1
Page Health Net,1
Page Advanced Auto Body Center,1
Page America's Health Insurance Plans,1
Page American Agents Alliance,1
"Page American Federation of State, County and Municipal Employees",1
Page American Specialty Health Plans,1
Page Association of California Healthcare Districts,1
Page Beverly Hills Bar Association,1
Page Blue Cross of California,1
Page California Association of Catholic Hospitals,1
Page California Association of HMOs,1
Page California Association of Health Underwriters,1
Page California Chamber of Commerce (late),1
"Page California Child, Youth and Family Coalition",1
Page California District Attorneys Association,1
Page California Independent Public Employees Legislative Counsel,1
Page California Manufacturers and Technology Association,1
Page California Medical Association,1
Page California Nurses Association,1
Page California Real Estate Disclosure Association,1
Page California Retailers Association,1
Page California School Employees Association,1
Page California State Association of Counties,1
Page Californians for Affordable Health Reform,1
"Page Chamber of Commerce, Napa",1
Page Chamber of Commerce-Thousand Oaks-Westlake Village,1
Page ClearPrint,1
Page Commission on the Status of Women,1
Page Consumer Attorneys of California,1
Page Elections Committee of the County of Orange,1
Page Employers Health Care Coalition,1
Page Employers Health Care Coalition of Los Angeles,1
Page Family Health Centers of San Diego,1
Page Greenberg & Jackson: An Accountancy Corporation,1
Page Health Access California,1
Page Insurance Agents and Brokers Legislative Council,1
Page Insure the Uninsured Project,1
"Page JCP Geologists (Fremont, CA)",1
Page Liberty Mutual Group,1
Page Mercury Insurance Company (based upon telephone conversations),1
Page Mexican-American Legal Defense and Educational Fund,1
Page Mortgage Insurance Companies of America (MICA),1
"Page National Council of Jewish Women, Sacramento",1
Page Older Women's League of California,1
Page Personal Insurance Federation of California,1
Page Peterson Chiropractic Center,1
Page Planned Parenthood,1
Page Retired Public Employees Association,1
Page St. James Pharmacy,1
Page The Governoros Office of Insurance Advisor,1
Page Western Center on Law and Poverty,1
"Page b California Probation, Parole, and Correctional Association",1
Bill No.: AB Bay Area Economic Forum,1
Bill No.: AB Consumer Attorneys of California,1
Bill No.: California State Sheriffs' Association,1
Bill No.: SB Consumer Action,1
SB 1XX California Chamber of Commerce,1
SB 2XXX Air Transport Local 564,1
SB 600 Telecommunications Task Force,1
