org_name,count
Several individuals,675
1 individual,605
Author,342
Numerous Individuals,299
Randy Chinn,131
Over,127
David Felderstein,74
Letters from,71
Individual,50
Lawrence Lingbloom,48
Councilmember Zach Hilton,35
Individual Citizens,31
Institute,29
Two private individuals,29
Barbara,27
"Councilmember Zach Hilton, City of Gilroy",25
Sacramento County Deputy,24
COUNTY OF SAN DIEGO THIRD DISTRICT SUPERVISOR TERRA LAWSON-REMER,23
1 Private Citizen,22
San Diego Councilmember Donna Frye,22
"Councilmember Kevin McCarty, City of Sacramento",22
Senator Dianne Feinstein,19
Councilmember David Alvarez,19
Numerous Individual Letters,19
A coalition of supporters,18
Jacqueline Kinney,18
Congressman Sam Farr,18
7 INDIVIDUAL LETTERS,18
Honorable Quentin Kopp,18
Constituent,17
Senator Simitian,17
Councilmember Sean Elo-rivera,17
Mark Hite,16
Office of Los Angeles County Supervisor Lindsey P. Horvath,16
Assembly Member Allen,16
Individual Letters,16
Mayor,15
Kings,15
Secretary,15
Congressman Mike Thompson,15
Thomas Lauderbach,15
Loften DeLancie,15
Judge Quentin Kopp,15
Councilmember Kevin McCarty,15
"Supervisor Illa Collin, Sacramento County",15
"HONORABLE DIANNE FEINSTEIN, UNITED STATES SENATOR",15
Los Angeles County Supervisor Gloria Molina,15
2 Private Citizens,14
Three Private Citizens,14
United States Senator Dianne Feinstein,14
Kern County Supervisor Jeff Flores,14
"Supervisor Hilda Solis, Los Angeles County Board of Supervisors",14
Councilmember Dan Kalb,14
LOS ANGELES COUNTY SUPERVISOR MICHAEL ANTONOVICH,14
"Councilmember Marti Emerald, City of San Diego",14
Several Individual Letters,13
John Rozsa,13
"Johan Klehs, Member, State Board of Equalization",13
City of Berkeley Councilmember Rashi Kesarwani,13
Mike Reynolds,13
Darren Chesin,13
San Diego Councilmember Marti Emerald,13
Assembly Member Sher,13
Councilmember Dawn Murdock,13
Senator Lewis,13
SAN FRANCISCO SUPERVISOR MALIA COHEN,13
"Councilmember Donna Frye, City of San Diego",13
More than,12
Letter from one individual,12
Councilmember Rita Walters,12
ALAMEDA COUNTY SUPERVISOR WILMA CHAN,12
Numerous Private Citizens,11
"Maxine Waters, Member of Congress",11
Congresswoman Maxine Waters,11
Los Angeles County Supervisor Sheila Kuehl,11
Congresswoman Jackie Speier,11
Mary Shallenberger,11
Mayor Norma Lopez-Reid,11
Congressman Wally Herger,11
Supervisor,10
Los Angeles County Supervisor Mike Antonovich,10
Burton,10
Gayle Paul,10
Congressman Brad Sherman,10
City of Santa Monica Council Member Jesse Zwick,10
Congressman Gary Condit,10
Councilmember Mike Bonin,10
"Judge James R. Brandlin, Los Angeles Superior Court",10
San Diego Councilmember Sherri Lightner,10
Senator Kehoe,10
Supervisor Joan Hartmann,10
ALAMEDA COUNTY SUPERVISOR KEITH CARSON- DISTRICT 5,10
SAN MATEO COUNTY SUPERVISOR WARREN SLOCUM,10
"San Jose Councilmember Ash Kalra, District 2",10
"Councilmember David Alvarez, City of San Diego",10
"Councilmember Dawn Murdock, City of Palos Verdes Estates",10
"Councilmember Jim Madaffer, City of San Diego",10
"Councilmember Toni Atkins, City of San Diego",10
Individual - 1,9
Two Private Citizens,9
Councilmember,9
Numerous individual physicians,9
Los Angeles County Supervisor Lindsey P. Horvath,9
Senator Diane Feinstein,9
Numerous individual interior designers,9
Brent Allen Outside,9
Livingston,9
City of Mountain View Council Member Lucas Ramirez,9
Lawrence J. Sokol,9
Los Angeles City Councilmember Paul Koretz,9
Board of Equalization Member Betty Yee,9
"Bill Rosendahl, Councilmember",9
Brian Hatch,9
Chief of Police Peter Dunbar,9
City Council Member Anne M. Bayer - Downey,9
City Council Member Clem Lee - Stockton,9
City Council Member Das Williams - Santa Barbara,9
City Council Member Dennis Zine - Los Angeles,9
"City Council Member Greig Smith, Los Angeles",9
"City Council Member Herb J. Wesson, Jr. - Los Angeles",9
City Council Member Jan Perry - Los Angeles,9
City Council Member John Noguez - Huntington Park,9
City Council Member Jose Huizar - Los Angeles,9
City Council Member Maggie Houlihan - Encinitas,9
City Council Member Stephanie Gomes - Vallejo,9
City Council Member Steve J. Bestolarides - Stockton,9
City Council Member Susan Eggman - Stockton,9
City Council Member Tonia Reyes Uranga - Long Beach,9
City Council Member Tony Cardenas - Los Angeles,9
City Council Member Val Lerch - Long Beach,9
Councilmember Steve Castaneda,9
"Eric Sakach, Faculty Member, California Law Enforcement Training Academy",9
John Martin,9
"Linda Williamson, General Contractor - Palm Springs",9
Mayor Pro Tem Winifred Hanson,9
Senator Thompson,9
"Supervisor Das Williams, First District",9
HUMBOLDT COUNTY SUPERVISOR STEVE MADRONE,9
Nahigian,9
Senator Barbara Boxer,9
"Robert M. Weygant, Placer County Supervisor",9
"Stacey L. Caha, Chief Animal Control Officer, City of Madera Police Dept",9
Individuals - 2,8
Treasurer,8
Private Citizen,8
Director,8
Superintendent,8
"Mark Dinan - Vice Mayor, East Palo Alto",8
Congresswoman Lynn Woolsey,8
"Claremont City Councilmember, Jed Leano",8
Fiona Ma,8
"Santa Clara County Supervisor Susan Ellenberg, District 4",8
"Alexander Pedersen - Vice Mayor, Capitola",8
"Casey Glaubman, Councilmember of Mount Shasta",8
Fresno County Supervisor Henry Perea,8
Los Angeles County Supervisor Zev Yaroslavsky,8
Clem Meredith,8
Judge Quentin L. Kopp,8
Valerie Pham,8
Chief of Police Blair Urling,8
Councilmember Ash Kalra,8
Councilmember Nancy J. Nadel of the City of Oakland,8
Howard,8
"Paul Koretz, Councilmember",8
"Paul Sikkel, University of the Virgin Islands",8
Peter A. Szego,8
"Professor Kristine Hartney, Occidental College",8
Senator Leonard,8
Senator Wright,8
"City of San Jose, Councilmember Pam Foley",8
"SUPERVISOR LETICIA PEREZ, KERN COUNTY",8
"City Council Member, City of Gilroy",8
"Councilmember Paul Koretz, City of Los Angeles",8
"California Professional Firefighters, Brian Hatch, Dir. Gov. Affairs, Sacramento",8
Individual Letter,8
Individuals - 1,7
8 Private Citizens,7
60 individuals,7
Letter from an individual,7
Linda Adams,7
135 Individuals,7
Congresswoman Lucille Roybal-Allard,7
49 individual mobilehome owners,7
Congresswoman Julia Brownley,7
"Janice Hahn, Board Supervisor, Los Angeles",7
Los Angeles County Supervisor Mark Ridley-Thomas,7
San Diego County Supervisor Pam Slater-Price,7
William Julian,7
Alameda County Supervisor Alice Lai-Bitker,7
Congressman George Miller,7
Senator Tom Hayden,7
Carmel-by-the-Sea Councilmember Barbara Livingston,7
"Michael Antonovich, Los Angeles County Supervisor",7
San Diego County Supervisor Bill Horn,7
San Diego County Supervisor Joel Anderson's Office,7
San Mateo County Supervisor Rose Jacobs Gibson,7
Solano County Supervisor Monica Brown,7
Backes,7
"Brian Barnacle - Councilmember, Petaluma",7
"Honorable Maxine Waters, Member of Congress",7
"Joe Baca, Member of Congress",7
"Lucas Ramirez - Councilmember, Mountain View",7
Orange County Supervisor Chris Norby,7
Riverside County Supervisor Karen Spiegel,7
"Supervisor Keith Carson, Alameda County",7
"Thomas W. Wilson, Supervisor, Orange County",7
United States Senator Diane Feinstein,7
Wesley Westmoreland,7
Alan M. Dershowitz,7
Carmen Chavez-Lopez,7
Chief of Police Edward Medrano,7
Chief of Police Susan Jones,7
"Congressman Charles Boustany, Jr",7
Congressman Charlie Melancon,7
Councilmember Loren Taylor,7
Councilmember Toni Atkins,7
Fresno City Councilmember Henry T. Perea,7
Gary Miller,7
"Honorable Keith Carson, Supervisor",7
Joe Mauney,7
Los Angeles City Councilmember Ed Reyes,7
Los Angeles Councilmember Bernard Parks,7
Professor Marci Hamilton,7
"Professor Scott Maurer, Santa Clara University School of Law",7
Rick Hiseley,7
Robert J. Krakauer,7
San Joaquin County Supervisor Robert Rickman,7
San Jose City Councilmember Dave Cortese,7
Senator Pavley,7
Supervisor Dave Cortese,7
Supervisor Terra Lawson-Remer,7
"Zach Hilton, Council Member",7
LA MESA COUNCILMEMBER COLIN PARENT,7
"E. J. Caldecott, Pasadena attorney",7
"Charles Peterson, Supervisor, Mendocino County",7
"Charles V. Smith, Supervisor, Orange County",7
"Vince Ferriole, Supervisor, Napa County",7
"Cruz Bustamante, Lieutenant Governor, State of California",7
Los Angeles Unified School District Board Member Jose Huizar,7
"Paul Fackrell, Supervisor, Trinity County",7
"Steve Kinsey, Supervisor, Marin County",7
"Lisa Holder, former Task Force Member",7
"Dr. Cheryl Grills, former Task Force Member",7
"Don Tamaki, former Task Force Member",7
"Councilmember Rita Walters, City of Los Angeles",7
"Councilmember Steve Castaneda, City of Chula Vista",7
President,6
6 Private Citizens,6
Private Citizen (1),6
City of Los Angeles Councilmember Paul Koretz,6
Office of Monterey County Supervisor Chris Lopez,6
One certified massage therapist,6
Eight private individuals,6
Sacramento County Supervisor Sue Frost,6
Bishop,6
Former State Fire Marshal,6
George Runner,6
Zach Hilton - City of Gilroy Council Member,6
"City Council Member Brian Calhoun, Ph.D - Fresno",6
Letters from many individuals,6
"City of San Jose, Councilmember Omar Torres",6
Congressman John Garamendi,6
Congresswoman Zoe Lofgren,6
Joan Irvine Smith,6
"Matthew Solomon, Councilmember - Emeryville",6
Congressman Jared Huffman,6
Pauline Costello,6
Xavier Becerra,6
City of South San Francisco Council Member James Coleman,6
"Donald Rocha, San Jose City Councilmember",6
"Doug Haaland, Sr",6
Family of Tyler Hutchinson,6
Los Angeles City Councilmember Bill Rosendahl,6
Orange County Supervisor Doug Chaffee,6
"Professor Bill Neill, Ret., San Diego",6
"San Diego Board of Supervisor, Nathan Fletcher",6
Senator George Runner,6
"Zoe Lofgren, Member of Congress",6
"Jim and Betty Hendricks, Mountain Village Park",6
"Patrick Kennedy, Sacramento County Supervisor District 2",6
U.S. Representative Maxine Waters,6
"Will Rogers, Columnist -- Leader Newspapers",6
"Bennet Kayser, Board Member, Los Angeles Unified School District",6
Bustamante,6
Chief of Police Anthony Batts,6
City Council Member Richard Alarcon - Los Angeles,6
Congresswoman Anna G. Eshoo,6
Councilmember Caity Maple,6
Councilmember Luis Chavez,6
Councilmember Ridley-Thomas,6
Councilmember Sophie Hahn,6
Councilmember Terry Taplin,6
"David Alvarez, Councilmember",6
Deputy Mayor Jerome Stocks,6
Doris Day,6
"Erik Sklar and Samantha Murray, Fish and Game Commissioners",6
"Governor of Lousiana, Kathleen Blanco",6
Huizar,6
"Judy Chu, Vice-Chair, State Board of Equalization",6
"Kevin McCarthy, Councilmember",6
Los Angeles Councilwoman Janice Hahn,6
"Los Angeles Unified School Board District 2, Office of Boardmember Dr. Rocio Rivas",6
Louis Gonzales,6
Mayor Brianne Zorn,6
Mayor Gary Capata,6
Mayor Kevin McCarty,6
Mayor Pro Tempore Pedro Aceituno,6
Oakland City Council Member Rebecca Kaplan,6
"Paul Koretz, Los Angeles City Council",6
"Professor Terry A. Trumbull, San Jose State University, Department of Environmental Studies",6
Ross Valley School Board Trustee,6
Sacramento City Councilmember Steve Cohn,6
"Scott Schmerelson, LAUSD Board Member, District 3",6
Senator Hayden,6
Senator Kopp,6
Senator Lowenthal,6
Senator Martha Escutia,6
"Supervisor Charles V. Smith, Orange County",6
"Supervisor Gloria Molian, Los Angeles County",6
"Supervisor Manu Koenig, First District",6
Supervisor Mark Ridley-Thomas,6
Tiffany Franchetti,6
Councilmember Second District,6
former Senator Byron Sher,6
"Presiding Judge, Superior Court",6
Attorney General Sheriffs of the County of Alpine,6
"Congressman Howard P. ""Buck"" McKeon",6
53 Individuals,6
"City of San Jose, Councilmember Bien Doan",6
Professor Eugene Volokh,6
"Cemetery Workers & Greens Attendants Union, Local 265, John Martin, Exec. Board Member, Oakland",6
"Darnell Miles, San Diego",6
"Judy Michaels, Legislative Dir., Sacramento",6
"R. Scott Jenkins, San Marino resident",6
"Councilmember Alarcon, City of Los Angeles",6
"Councilmember Ridley-Thomas, City of Los Angeles",6
"Deputy Mayor Jerome Stocks, City of Encinitas",6
"Directors of Animal Welfare, County of Los Angeles - Studio City, Glendale, West Van Nuys, Van Nuys, and Sherman Oaks",6
"Kevin McCarthy, Councilmember, City of Sacramento",6
"Supervisor Das Williams, First District, County of Santa Barbara",6
"Supervisor Joan Hartmann, County of Santa Barbara",6
"Bill Rosendahl, Councilmember, City of Los Angeles",6
Five Private Citizens,5
2 Individual Letters,5
Individual Veterans,5
Seven private citizens,5
Professor of Law,5
16 Private Citizens,5
75 Individuals,5
19 private individuals,5
Joaquin,5
40 letters from individuals,5
Ventura County Supervisor John K. Flynn,5
Numerous attorneys,5
249 individuals,5
Kyle Hiner,5
Maurice Pitesky,5
"Los Angeles County Board of Supervisors, Faith Conley",5
Anna Ferrera,5
Betty Yee,5
Chris Ricci - Modesto City Councilmember,5
Congresswoman Grace Napolitano,5
Congresswoman Karen Bass,5
Sunnyvale City Council Member Alysa Cisneros,5
"Johan Klehs, Member, Board of Equalization",5
Chris Herrod - Healdsburg City Councilmember,5
City of Emeryville Councilmember John Bauters,5
Congressman Ted Lieu,5
"Councilmember Jenny Kassan, Fremont",5
"Harvey Rarback, Vice Mayor Half Moon Bay",5
Kathleen Treseder - Irvine City Councilmember,5
Keith Bishop,5
Leslie Marden Ragsdale - Hillsborough City Councilmember,5
"Mike Thompson, Member of Congress",5
"numerous individual letters, petitions, and electronic mail",5
"Barbara Boxer, United States Senator",5
"Berkeley City Council District 4, Office of Vice Mayor Kate Harrison",5
Chico Councilmember Addison Winslow,5
"City of San Jose, Councilmember Ortiz",5
Congressman Dennis A. Cardoza,5
"Don Tamaki, Task Force Member",5
"Dr. Cheryl Grills, Task Force Member",5
Edward Asner,5
"Fiona Ma, Board of Equalization",5
"Lisa Holder, Task Force Member",5
"Los Angeles Councilmember Paul Koretz, 5th District",5
Los Angeles County Supervisor Yvonne Burke,5
San Diego City Councilmember Todd Gloria,5
Solano County Supervisor Barbara Kondylis,5
"Supervisor Nate Miley, Alameda County",5
Board of Equalization Member Johan Klehs,5
"County of El Dorado, Supervisor Frentzen",5
Former Attorney General John Van de Kamp,5
"Holly Fujie, Women Lawyers Association of Los Angeles",5
"Tim Stroshane, Housing Planner",5
"Valerie Stallings, San Diego City Councilmember",5
"Adonay Kelete, Los Gatos",5
"Alan Steinbach, MD, Ph.D., Associate Clinical Professor",5
Alex Regnies,5
Andrew M. Shaw,5
"Andrew Pasmant, City Manager",5
Assembly Member Feuer,5
Assembly Member Valerie Brown,5
Assemblymember Solorio,5
Barbara Regnies,5
"Bernard Parks, Former Chief, Public Safety & Law Enforcement Departments",5
"Bill Piland, Professor, San Diego State University",5
Blake,5
Burton Wesenberg,5
"Bustamante, Cruz (Lieutenant Governor)",5
Chief Dan Bellini,5
Chief Joel H. Bryden,5
Chief Randy Narramore,5
"Chief of Police James Butts, Jr",5
Christopher Cabaldon,5
"City of Arcata Councilmember, Shane Brinton",5
"City of Artesia Councilmember, Michele Diaz",5
"City of Irvine Councilmember, Steven Choi",5
City of Maywood Vice Mayor George Martinez,5
Clayton City Council Member Julie Pierce,5
"Clint Olivier, Councilmember",5
Congressman George Radanovich,5
Congressman Jerry Lewis,5
Council Member Mateo Bedolla,5
Councilmember Deborah Pauly,5
Councilmember Ernest Ewin,5
"Councilmember Eunisses Hernandez, First District",5
Councilmember Jean Quan,5
Councilmember Melissa Melendez,5
Councilmember Merrilee Boyack,5
Councilmember Raul Campillo,5
Councilmember Robin Hastings,5
Councilmember Steve Adams,5
Councilmember Teresa Barth,5
Councilmember Tonia Reyes Uranga,5
Councilwoman Katy Yaroslavsky,5
County of San Diego Supervisor Ron Roberts,5
"Dan Baker, Councilmember",5
Deputy Director,5
Domenigoni family,5
"Don Baker, Long Beach City Councilmember",5
Dr. Craig Ball - Plastic Surgeons,5
Dr. John Vainer - Plastic Surgeon,5
"Eric Lawson, Torrance",5
"Fr. Gregory J. Boyle, S.J",5
"Frank Hotchkiss, Councilmember",5
"Frederick Jordan, Former Technical Advisor, U.S",5
Fresno City Council Member Henry Perea,5
"Gregg Emerald, La Mesa",5
"Honorable Jimmy Panetta, Member of Congress",5
"Honorable Ro Khanna, Member of Congress",5
"Honorable Zoe Lofgren, Member of Congress",5
"Jackson City Council Member, Keith Sweet",5
"Jackson City Council Member, Marilyn Lewis",5
"Jennifer Campbell Councilmember, Second District",5
"John Van de Kamp, Former California Attorney General & Los Angeles District Attorney",5
"José Flores, Councilmember",5
Judge Eli Chernow,5
Judge Harlan Grossman,5
Judge James Ruggiero,5
Judge Peggy Hora,5
Judge Wendy S. Lindley,5
"Justin Mendes, Councilmember",5
"Karl Hansen, Imperial Beach",5
"Kate Harrison, Berkeley City Councilmember",5
"Kevin McKeown, Councilmember",5
Korean,5
"Lee Brand, Councilmember",5
Lila McCarty,5
Lindsay,5
"Lucas Ramirez, Vice Mayor",5
Marilyn Gaines,5
Mayor James Bond,5
Mayor Jim Desmond,5
Mayor Pro Tempore Brad Reese,5
Mayor Pro Tempore Doug McAllister,5
Michael Ross (consumer advocate),5
Michael Terhorst,5
"Mike Spence, Councilmember",5
"Mr. Randy Paige, Consumer Reporter, KABC-TV, Los Angeles",5
Ms. Audrey Wilson,5
Napa County Supervisor Mark Luce,5
Office of Congressman Joe Baca,5
"Pete Chacon, Placerville Community Services District",5
Pico Rivera Councilmember Gregory Salcido,5
"Professor Michael Wold, Stanford Law School",5
"Rabbi Dana Magat, San Jose",5
"Rabbi Melanie Aron, Los Gatos",5
"Rabbi Rich Shapiro, Goleta",5
"Rebecca Saltzman, El Cerrito Councilmember",5
"Representative Bill Patmon, Ohio House of Representatives",5
"Representative Jeff McClain, Ohio House of Representatives",5
"Reverend Bets Wienecke, Goleta",5
"Reverend Dr. Peggy Johnson, Santa Barbara",5
"Reverend Jill Martinez, Oxnard",5
Reverend John Fuller,5
"Reverend Mark Asman, Santa Barbara",5
"Robert Jerzinkski, Escondido",5
"Robert Silva, Mayor",5
"Rudy Mendoza, Mayor",5
"Russ Curry, Mayor",5
"Sal Quintero, Councilmember",5
San Diego City Councilmember Toni Atkins,5
Senator Hart,5
Senator Hollingsworth,5
Senator O'Connell,5
Senator Ray Haynes,5
"Sr. Teresa Doherty, R. S. C., Chaplain, Los Padrinos",5
Supervisor Lynda Hopkins,5
"Ted Gonzales, Imperial Beach",5
"The Honorable Belia Ramos, Supervisor, Napa County Board of Supervisors",5
Tulare County Supervisor Dennis Townsend,5
Tulare County Supervisor Larry Micari,5
Vice Mayor Henry Chang,5
Vice President,5
"William Stiener, Supervisor IV, Orange",5
"Laurie Karl, MD, Women's Health Medical Group, Palo Alto Medical Foundation",5
Council Member Laura Parmer-lohan,5
"HONORABLE PAUL KORETZ, LOS ANGELES CITY COUNCIL, 5TH DISTRICT",5
"Ken Yeager Councilmember, District 6",5
SAN MATEO COUNTY SUPERVISOR DAVID J. CANEPA,5
"Willie L. Brown, Jr., Esq.",5
"Supervisor Chris Daly, member, San Francisco Board of Supervisors",5
Secretary of State Bill Jones (minimum tax),5
"Supervisor Aaron Peskin, member, San Francisco Board of",5
"Supervisor Chris Daly, member, San Francisco Board of",5
Consumer Attorneys of CaliforniaAttorney General Dan Lungren,5
"Lou La Monte, Councilmember",5
Fred and Andrea Ransdell,5
"Michael Cembellin, Director of Sports Medicine, Santa Clara",5
"Pete Youngman, Head Athletic Trainer, Sacramento Kings",5
"Supervisor John Tavaglione, Second District, Riverside",5
Johan Klehs,5
"Supervisor Bill Horn, San Diego County",5
"Congressman Bob Filner, 51st District of California",5
Michael Ross,5
Charles R,5
"Alan Steinbach, MD, Ph.D., Associate Clinical Professor: School of Public Health",5
"Art Naldoza, Deputy Director, Sacramento",5
"Charlie Reiter, Sacramento",5
"John Gamboa, Exec. Dir., San Francisco",5
"John Rowden Davis, Fiduciary and Insurance Services, Palo",5
"Marcos Contrears, Director Dist. 17, Stockton",5
"Sr. Claudia Romero, ODN, Office of The Roman Catholic Chaplain, Sylmar, CA",5
"Supervisor Aaron Peskin, member, San Francisco Board of Supervisors",5
"City of San Jose, Councilmember David Cohen, City of San Jose, Councilmember Dev Davis",5
"Councilmember Bob Emery, City of Poway",5
"Councilmember Esther Sanchez, City of Oceanside",5
"Councilmember Jack Feller, City of Oceanside",5
"Councilmember Jerome Kern, City of Oceanside",5
"Councilmember Loren Taylor, City of Oakland",5
"Councilmember Luis Chavez, City of Fresno",5
"Councilmember Mike Bonin, City of Los Angeles",5
"Councilmember Nancy Nadel, City of Oakland",5
"Councilmember Steve Adams, City of Riverside",5
"Councilmember Todd Gloria, City of San Diego",5
"David Alvarez, Councilmember, City of San Diego",5
"Kevin McKeown, Councilmember, City of Santa Monica",5
"Paul Koretz, Councilmember, City of Los Angeles",5
"Zach Hilton, Council Member, City of Gilroy",5
"Councilmember Sean Elo-Rivera, City of San Diego, District 9",5
"Zach Hilton City Council Member, City of Gilroy",5
Individual Letters (3),4
One Individual Letter,4
Individuals - 4,4
7 Private Citizens,4
Four Private Citizens,4
76 individuals,4
Mayor Pro Tem,4
Number of individuals,4
72 Individuals,4
Several Letters from Individuals,4
9 Private Individuals,4
21 private individuals,4
Councilmember Jim Madaffer,4
Peter Cooey,4
32 Private Citizens,4
"Pat Hume, Sacramento County Supervisor, District 5",4
Supporters of the bill,4
59 Individuals,4
50+ Individuals,4
Dean,4
"Nithya Raman, LA City Councilmember 4th District",4
Biggs,4
Chairwoman,4
28 private individuals,4
Oakland City Councilman Danny Wan,4
Auburn Director of Public Works,4
Numerous senior citizens,4
Letters from five individuals,4
Eight letters from individual Los Angeles/Long Beach harbor,4
30 private citizens,4
14 Attorneys,4
537 Individuals,4
24 letters from individuals,4
Several restaurant and franchise owners,4
"Councilmember Dennis Pocekay, Petaluma",4
Jackie Kinney,4
Matthew Edling,4
Ralph Nader,4
2153 Individuals,4
Individual Pet Store Owners/Operators,4
Alhambra City Councilman Daniel R. Arguello,4
"Alhambra City Councilman Efren J. Moreno, Jr",4
Carson City Councilman Elito Santarina,4
City of Los Angeles Councilmember Nithya Raman,4
Commerce City Councilman Jesus M. Cervantes,4
Congressman Bob Filner,4
Congressman Mark Takano,4
Congressman Tony Cardenas,4
Congresswoman Judy Chu,4
"County of Ventura, Second District County Supervisor Linda Parks",4
John Stevens,4
Los Angeles City Councilman Ed P. Reyes,4
Los Angeles City Councilman Eric Garcetti,4
Los Angeles City Councilmember Greig Smith,4
Los Angeles County Supervisor Michael D. Antonovich,4
Robin Larson,4
Santa Cruz County Supervisor Ryan Coonerty,4
"Linda Wallace Pate, Attorney at Law",4
"Dean, Los Angeles",4
Hodgman,4
Johnson,4
Los Angeles City Attorney and the Attorney General,4
numerous attorneys and other individuals,4
"Alexandre Monteiro, Councilmember, Hawthorne",4
"Angie Reyes English, Councilmember, Hawthorne",4
"Ariel Kelley, Councilmember, Healdsburg",4
"Carlos Romero, Councilmember, East Palo Alto",4
"Charles C. Plummer, Alameda County",4
"Charles Palmares, Councilmember, Vallejo",4
"Christine Boles, Councilmember, Pacifica",4
City of Mountain View Council Member Emily Ramos,4
City of Santa Monica Councilmember Gleam Davis,4
Congressman Adam Schiff,4
Congresswoman Barbara Lee,4
Congresswoman Doris Matsui,4
"Councilmember Jackie Goldberg, City Council of Los Angeles",4
County of San Diego Fourth District Supervisor Monica Montgomery Steppe,4
"Daniel Brotman, Councilmember, Glendale",4
"David Oro, Vice Mayor, American Canyon",4
"David Zito, Councilmember, Solana Beach",4
Dawn Murdock - City of Palos Verdes Estates Council Member,4
"Debora Fudge, Councilmember, Windsor",4
"Felipe Hernandez, Supervisor, Santa Cruz",4
"Freddy Puza, Councilmember, Culver City",4
"George Syrop, Councilmember, Hayward",4
"George Weiss, Councilmember, Laguna Beach",4
"Greg Victoroff, Attorney",4
"Jack Shu, Councilmember, LA Mesa",4
"Jay Vandenburg, Councilmember, Galt",4
"Jill W. Macdonald, Councilmember, Solana Beach",4
"John Garamendi, Member of Congress",4
Judith Fuller,4
"Kaia Eakin, Councilmember, Redwood City",4
Kern County Supervisor Michael J. Rubio,4
Los Angeles City Councilwoman Jan Perry,4
Los Angeles City Councilwoman Janice Hahn,4
Oakland City Councilman Larry E. Reid,4
"Oakland Vice Mayor Henry Chang, Jr",4
Office of Los Angeles Unified School District Board Vice President Nick Melvoin,4
"Oscar De LA Torre, Councilmember, Santa Monica",4
"Otto Lee, District 3 Supervisor, Santa Clara County",4
Phil Angelides,4
Priscilla Eiden,4
Rev. William Monroe Cambell,4
Sacramento City Councilman Dave Jones,4
San Diego County Supervisor Nathan Fletcher,4
San Francisco Supervisor Aaron Peskin,4
Santa Clara City Councilmember Jamie McLeod,4
"Scott Sakakihara, City Council, Union City",4
Secretary of State Shirley N. Weber,4
"Sergio Lopez, Vice Mayor, Campbell",4
"Supervisor Katy Tang, City and County of San Francisco",4
"Supervisor Linda Parks, Ventura County",4
Supervisor Warren Slocum,4
Tavaglione,4
Tom Steyer,4
"Tygarjas Twyrls Bigstyck, Councilmember, Pacifica",4
"Xouhoa Bowen, Councilmember, San Leandro",4
"Zein E Obagi Jr., Councilmember, Redondo Beach",4
Board of Equalization Member Betty T. Yee,4
"City of Moorpark Councilmember, David Pollock",4
"City of Oxnard Councilmember, Carmen Ramirez",4
"County of Santa Cruz, Supervisor Neal Coonerty",4
Individuals (885),4
Multiple Individuals (488),4
Numerous Insurance Agents and Brokers,4
Numerous spas,4
"Sheriffs of Sacramento County, San Diego County, Marin, San",4
723 Individuals,4
"50 constituents, Riverside County",4
1 physician from Coastal ENT Medical Group (La Jolla),4
Bernards,4
Congressman Dennis Cardoza,4
"County of Ventura Supervisor, Linda Parks",4
Eppler,4
"Hon. Coleen Jarvis and Hon. David Guzzetti, Chico City",4
Mark Ihde (Retired Sheriff),4
San Mateo County Supervisor Don Horsley,4
U.S. Senator Barbara Boxer,4
"United States Representative Nancy Pelosi, Democratic",4
Ventura County Supervisor Carmen Ramirez,4
Ventura County Supervisor Mikels,4
"Vincent Brady, Cathedral of the Blessed Sacrament",4
Yolo County Supervisor Duane Chamberlain,4
"Carol M. Carter, Wesley United Methodist, First United",4
Mackenzie,4
"3,116 letters of support",4
Aasra,4
"Alan Lee, Member, Big Bear Lake City Council",4
"Allan Favish, Attorney at Law",4
"Anisha I. Patel, Md, Msph, Mshs",4
"Ann F. Haas, M.D., Senior Dermatologist, Sutter Medical",4
"Asatorians, Herand",4
Assembly Member Gallegos,4
Assemblymember Escutia,4
Assemblymember Sarah Reyes,4
Bakersfield Councilmember Hanson,4
"Bill Horn, San Diego County Supervisor",4
"Bill Rosendahl, Los Angeles City Council",4
Bob Barker (animal rights spokesperson),4
"Brian Leighton, Esq",4
Brigadier General Cone (Army - Commanding General - Fort),4
Brooks Firestone,4
"C. Everett Koop, M.D",4
Calabasas Councilmember David Shapiro,4
Calabasas Councilmember Ed Albrecht,4
Candi Fuller,4
Carol Lowe,4
"Carol S. Bruch (Professor of Family Law, University of)",4
Carson City Councilmember Mike Gipson,4
"Catherine Higley, Costa Mesa",4
"Catherine M. Campbell, Hispanic Office, Episcopal",4
Cathy Anderson,4
Chief of Police Robert Gustafson,4
"Christopher Ward, Councilmember",4
City of Alameda Councilmember Frank Matarrese,4
"City of Los Angeles Councilmember, Gil Cedillo",4
Clark Benedetti-Petnic,4
Congressman Bill Thomas,4
Congressman Duncan Hunter,4
Contra Costa County Supervisor Gail Bishop,4
Councilman Richard Alatorre,4
Councilmember Debbie Franklin,4
Councilmember Esther Sanchez,4
"Councilmember Garcetti, Los Angeles City Council",4
Councilmember Jerry Duncan,4
Councilmember Kelly Bennett,4
Councilmember Larry Reid,4
Councilmember Lucille Kring,4
Councilmember Mary Salas,4
Councilmember Mike Karbassi,4
Councilmember Nancy Gardner,4
Councilmember Patricia Kernighan,4
Councilmember Paul Canepa,4
Councilmember Rashi Kesarwani,4
Councilmember Rick Gibbs,4
Councilmember Vivian Moreno,4
Councilmember Xavier E. Campos,4
County Supervisor Dawn Ortiz-Legg,4
County Supervisor Jimmy Paulding,4
"Cristina Carrizosa, Pomona City Councilmember, District Three",4
"Dan Kalb, City Councilmember",4
Danielle Dailey,4
David Dolter (Alamo developer),4
"David Hinig, Chief of Policy",4
"Dennis A. Colucci, M.A., F.A.A.A",4
"Dennis P. Zine, Los Angeles City Council",4
"Donna Chan, San Francisco",4
"Donya Fernandez, Language Rights Attorney, Employment Law",4
Doug Haaland,4
"Dr. Christine Haller, UCSF",4
"Edward Eegg, Samtee",4
Goleta City Council Member Roger Aceves,4
Goleta City Council Member Tony Vallejo,4
Governor's bill . The Governor,4
"Herb J. Wesson, Jr. Councilmember",4
"Herb J. Wesson, Jr., Los Angeles City Council",4
"Herbery Heyn, John Hancock Agent, Millbrae",4
Hernandez,4
"Honorable Fortney ""Pete"" Stark, United States Congress",4
"Iris Lynch, Daly City",4
James Stevenson,4
"Jane Y. Fong, Ph.D",4
Janet Owens,4
Jeff Boone,4
Jennie Bretschneider,4
"Jessie Lopez, Member, Santa Ana City Council",4
Joann Pike,4
"Joe Buscaino, Los Angeles City Council",4
"Jon Wizard, Member, Seaside City Council",4
"Jose Huizar, Los Angeles City Council",4
"Joseph DeLucchi, San Francisco",4
Judge Charles L. Patrick San Diego Municipal Court Judge,4
"Judge Kay Tsenin, San Francisco Superior Court",4
Judge Milliken,4
"Judge Quentin Kopp, San Mateo Superior Court",4
"Judge Ron Coen, Los Angeles Superior Court",4
"Justin Cummings, Member, Santa Cruz City Council",4
"Karina R. Dominguez, Member, Milpitas City Council",4
"Katie Valenzuela, Member, Sacramento City Council",4
"Keith Caldwell, Napa County Supervisor",4
"Kern County Supervisor, Leticia Perez",4
"Konstantine Anthony, Member, Burbank City Council",4
L. Wallace Pate,4
Lausd Board Member Dr. Rocio Rivas,4
"Loretta Montgomery, Greenbrae",4
Los Angeles City Councilmember Jose Huizar,4
Los Angeles City Councilmember Mitchell Englander,4
Los Angeles Councilmember Alex Padilla,4
Los Angeles Councilmember Ruth Galanter,4
Lynwood Councilmember José Luis Solache,4
"Major General Lehnert (Marines - Commander, Marine Corps)",4
"Mardi Wormhoudt, Supervisor",4
Maria Elena Durazo,4
"Matt Haney, San Francisco Board of Supervisors",4
Mayor Karin MacMillan,4
"Mayor Mary L. Manning, City of",4
Mayor Pro Tempore Ameal Moore,4
Mayor Robert Whalen,4
"Megan Beaman-Jacinto, Member, Coachella City Council",4
"Member, Friends of the Oceanside",4
Menlo Park City Councilmember Betsy Nash,4
Michael Newell (an individual),4
Mickey Rooney & Jan Rooney,4
"Miguel Arias, Member, Fresno City Council",4
"Monica Montgomery Steppe, Member, San Diego City Council",4
"Nanette K. Gartrell, M.D",4
"Nury Martinez, Member, Board of Education",4
Orange County Supervisor Tom Wilson,4
"Otis Walker, San Joaquin County Probation Officer",4
"Paloma Aguirre, San Diego County Supervisor, District 1",4
"Pamela Nadler, San Mateo",4
"Patricia Coleman, San Francisco",4
"Paul Krekorian, Los Angeles City Council",4
"Presiding Judge, Fresno County Juvenile Courts",4
"Professor Erwin Chemerinsky, USC",4
Professor of Psychology,4
"Professor of law Alan Brownstein, UC Davis",4
"Richard Alarcon, Los Angeles City Council",4
Riverside County Board of Supervisor John Tavaglione,4
Riverside County Supervisor John J. Benoit,4
"Robert L. Weinmann, M.D",4
"Robert M. Foley, Judge, Superior Court, State of California",4
Sacramento City Councilmember Mai Vang,4
"Sacramento City Unified School District, Board Member Manny",4
Sacramento County Supervisor Roger Dickenson,4
"Salud Carbajal, First District Supervisor",4
"Samuel Medina, Trustee, San Lorenzo Unified School District",4
San Francisco Supervisor David Campos,4
Sandra Vaughan,4
Santa Barbara City Council Member Cathy Murillo,4
"Santa Barbara City Council Member Harwood ""Bendy"" White",4
Santa Barbara County Supervisor Doreen Farr,4
"Santa Barbara County Third District Supervisor, Gail",4
Santa Paula Councilmember Cook,4
"Sara Lamnin, Hayward City Councilmember",4
"Scott Bauer, Councilmember, Eureka",4
"Scott Hauge, San Francisco",4
"Sean Elo-Rivera, Member, San Diego City Council",4
Senator Boatwright,4
Senator Calderon,4
Senator Christine Kehoe,4
Senator Deddeh,4
Senator Denise Moreno Ducheny,4
Senator Dutton,4
Senator Florez,4
Senator Joseph Dunn,4
Senator Migden,4
Senator Oropeza,4
Senator Padilla,4
Senator Perata,4
Senator Russell,4
Senator Steinberg,4
Sir Paul McCartney,4
"Solano County Supervisor Duane Kromm, District 3",4
"Stacy Miles Holland, Councilmember, Atherton",4
"Steve Bennet, Supervisor, Ventura County",4
"Steven Fietz, First Christian Church",4
"Steven Murray, Professor of Biology at Cal State Fullerton",4
Stuart Spencer,4
Sue & Mike Mitchell,4
"Supervisor Alice Lai-Bitker, Alameda County",4
"Supervisor Annette Rose, Marin County",4
Supervisor James Gore,4
Supervisor Raymond R. Castillo,4
Supervisor Yaroslavsky,4
Supervisor Zev Yaroslavsky,4
"Supervisors Ryan Coonerty and Bruce McPherson, Santa Cruz County",4
"Susan Candell, Councilmember, Lafayette",4
"Susan Rose, Supervisor, Santa Barbara County",4
"Susan Twining, NP",4
"Suzie Price, Member, Long Beach City Council",4
"Teresa Todd and Dennis Tiefeld, San Jose",4
"Terra Lawson-Remer, San Diego County Supervisor, District 3",4
"Terry Taplin, Member, Berkeley City Council",4
"The Honorable Adam Adkisson, Councilmember",4
"The Honorable Brian Pacheco, Supervisor",4
"The Honorable Buddy Mendes, Supervisor",4
"The Honorable Janet Beautz, Santa Cruz County Supervisor",4
"The Honorable Jennifer Hosterman, Pleasanton City",4
"The Honorable Steve Brandau, Supervisor",4
"Tony Cardenas, Los Angeles City Council",4
Treva Reid- Oakland City Councilmember,4
"Trustee Linda Handy, Peralta Community College District",4
"Valeria Arkin, Councilmember, Pleasanton",4
Vice Mayor Jack Shu,4
Vice Mayor Jovanka Beckles,4
"William Schecter, M.D., San Francisco General Hospital",4
"Yardemian, Vasken",4
Koretz,4
"William Wesley Patton, Whittier Law School",4
CITY OF SAN DIEGO COUNCIL MEMBER DAVID ALVAREZ,4
Councilmember Kristin Mccowan,4
"Harrison, Kate (Councilmember)",4
"JIM GILLIO, SAN BENITO COUNTY SUPERVISOR, DISTRICT 4",4
"LOS ANGELES CITY COUNCIL MEMBER, MITCH O'FARRELL",4
MODESTO CITY COUNCIL MEMBER TONY MADRIGAL,4
Mayor pro Tem Mary England,4
REDWOOD CITY VICE MAYOR SHELLY MASUR,4
ROHNERT PARK VICE MAYOR JACK MACKENZIE,4
SAN JOAQUIN COUNTY SUPERVISOR MIGUEL VILLAPUDUA,4
SAN MATEO COUNTY SUPERVISOR DAVID CANEPA,4
"SUPERVISOR ZACH FRIEND, SANTA CRUZ COUNTY",4
A.J. oMaco Agostini,4
"Thomas Hastert, Attorney, who hires work out to ""independent paralegals""",4
R. Brian Kramer,4
451 Private Citizens,4
"City of San Diego Congressman Brian Bilbray, U.S. House of Representatives Congressman Duncan Hunter, U.S. House of Representatives Councilmember Deborah Pauly",4
"Councilmember, Eighth District",4
"Individual Housing Advocate, San Ramon",4
Koligian,4
"Los Angeles County Assessor Jeffrey Prang, California Assessors' Association",4
Secretary of State Attorney General,4
"Several individuals, families, & other",4
Consumer Advocate Harvey Rosenfeld,4
Judge Roderic Duncan,4
Michael McDermott (Men's Civil Rights Advocate),4
Santa Barbara County Supervisor Salud Carbajal,4
"Santa Barbara County Supervisor, Salud Carbajal-1st District",4
"Tom Stallard, Woodland City Council Member",4
"Martin Luther King, Jr",4
"Approximately 4,500 individuals indicating support via various petitions",4
"Cati A. Okorie, Client Advocate, Bayview-Hunter's Point: Community Defender",4
"Cohen, who",4
"Hon. Johan Klehs, Member, State Board of Equalization",4
Honorable Cruz Bustamante,4
Judge Price,4
"Rev. Carolyn Taylor Guidry, Elder for Western Region, 5th: Episcopal Church District",4
"Roderick D. Wright, Assemblyman, 48th District",4
"Santa Barbara County Third District Supervisor, Gail Marshall",4
"Santa Clara County Superior Court, Judge Fogel",4
"Ann F. Haas, M.D., Senior Dermatologist, Sutter Medical Group",4
Brigadier General Cone (Army - Commanding General - Fort Irwin),4
"Bruce Ochmanek, Malibu, CA",4
"Captain J.P. Badel (Member, Governor's Public Safety Medal of Valor Review Board)",4
Chad McQueen,4
"Dr. Robert B. Cialdini, Arizona State University",4
Judge Charles L,4
Senator Christopher Dodd,4
"Senator John Campbell (retired, author of California Publicity Rights Statute)",4
Senators Rosenthal and Lockyer,4
Treasurer Fong,4
"W.P. Carey, Distinguished Professor, Arizona State University",4
"Wesley Schultz, Ph.D., Professor of Psychology, California State",4
"Sam Jojola, retired US Fish and Wildlife Service Special Agent",4
"Ken Krause, Waterford City Council member",4
"John Carlisle, Merced City council Member",4
"Blong Ziong, Fresno City council Member",4
"Christopher Ward, Councilmember, City of San Diego",4
"Cindy Miscikowski, Councilwoman, Eleventh District, City of Los Angeles",4
"Council Member Anthony Young, City of San Diego",4
"Council Member David Alvarez, City of San Diego",4
"Council Member Marti Emerald, City of San Diego",4
"Council Member Sherri S. Lightner, City of San Diego",4
"Council Member Todd Gloria, City of San Diego",4
"Councilmember Ash Kalra, City of San Jose",4
"Councilmember Darrell Steinberg, City of Sacramento",4
"Councilmember Debbie Franklin, City of Banning",4
"Councilmember Jean Quan, City of Oakland",4
"Councilmember Jerry Duncan, City of Fresno",4
"Councilmember Larry Reid, City of Oakland",4
"Councilmember Patricia Kernighan, City of Oakland",4
"Councilmember Stallings, City of San Diego",4
"Councilmember Terry Taplin, City of Berkeley",4
"Councilmember Xavier E. Campos, City of San Jose",4
"County Supervisor Dawn Ortiz-Legg, County of San Luis Obispo",4
"County Supervisor Jimmy Paulding, County of San Luis Obispo",4
"David Hinig, Chief of Policy, City of Arcadia",4
"Eric Guerra, Councilmember, City of Sacramento",4
"Judge Pamela Iles, Superior Court of California, County of Orange",4
"Lucas Ramirez, Vice Mayor, City of Mountain View",4
"Mike Reilly, Fifth District Supervisor, County of Sonoma",4
"Raul A. Campillo, Councilmember, City of San Diego",4
"Rent Stabilization Commissioner, City of West Hollywood",4
"Supervisor Dave Cortese, County of Santa Clara",4
"Supervisor James Gore, County of Sonoma District 4",4
"Supervisor Manu Koenig, First District, County of Santa Cruz",4
"Supervisor Mark Ridley-Thomas, County of Los Angeles",4
"Supervisor Nathan Fletcher, District 4, County of San Diego",4
"Supervisor Raymond R. Castillo, County of Imperial, District 5",4
"Supervisor V. Manuel Perez, County of Riverside",4
"Rick Farinelli, District 3 Supervisor, County of Madera",4
"Roger Hernandez, Councilmember, City of West Covina",4
"Sacramento City Unified School District, Board Member Manny Hernandez",4
3 Private Citizens,3
4 Private Citizens,3
Individual Letters (5),3
11 Private Citizens,3
Individuals - 3,3
12 Private Citizens,3
Individuals - 8,3
Numerous Letters from Individuals,3
Frederick W. Kline Jr,3
265 individuals,3
24 private individuals,3
Six Individual Letters,3
68 individuals,3
Jose,3
Bradbury,3
Nurses,3
220 individuals,3
10 Private Individuals,3
Nine private individuals,3
2 letters from Individuals,3
40 Private Individuals,3
Couple of Individuals,3
Robert W,3
Townspeople,3
95 individuals,3
93 individuals,3
260 Individuals,3
216 individuals,3
former Chairman,3
Councilmember Nancy Nadel,3
City of San Diego Councilmember Raul Campillo,3
Several individuals involved in the field of elder abuse,3
City of Irvine Councilmember Melissa Fox,3
Los Angeles City Council Member Paul Koretz,3
United States Congressman Brad Sherman,3
Individual Climate Scientists & Environmental Science Experts,3
Individual Economists,3
Individuals (44),3
Individuals (71),3
Individuals Letters,3
Kara,3
State Treasurer Kathleen Brown. Association of California Water Agencies,3
Thirteen,3
Numerous individual clinical psychologists,3
Letters from eight individuals,3
92 individuals,3
42 private citizens,3
3 individuals and the following,3
26 private citizens,3
thousands of individuals,3
Councilmember Christopher Ward,3
Judge Ladoris H. Cordell (Ret.),3
San Mateo City Council Member Rick Bonilla,3
44 Individual Letters,3
Individual Physical Therapists,3
3 Constituent Letters,3
412 Individuals,3
Numerous Physician and Surgeons,3
Numerous individual mobilehome owners,3
400 individual letters,3
154 individuals,3
149 individuals,3
"County of Siskiyou -Bill Overman, Supervisor, District 4",3
Los Angeles County Assessor Kenneth P. Hahn,3
Hanson,3
159 Individuals,3
289 Individuals,3
386 Individuals,3
532 Individuals,3
Acupuncture RN,3
County of Santa Cruz County Supervisors Ryan Coonerty and Bruce McPherson,3
Local Chambers of Commerce (numerous letters on file),3
31 letters from private individuals,3
Alameda County Supervisor Richard Valle,3
Alexis Erwin,3
"Dennis Quirin, Oakland",3
El Dorado County Supervisor Sue Novasel,3
"Elaine Holder, San Luis Obispo",3
"Ernest and Hannah Biberstein, Davis",3
"Franz E. Miller, Individual",3
"Honorable Henry Waxman, U.S. Representative, 30th District, California",3
"Honorable Jackie Speier, Member of the United States Congress",3
"Jerry Brown, Chatsworth",3
Los Angeles County Supervisor Hilda Solis,3
"The Honorable Dianne Feinstein, United States Senator",3
"Tom Perkins, Supervisor Monterey County",3
Werner,3
"Paula Bailey, Antioch",3
"Roberta MacGlashan, Sacramento County Supervisor",3
"Juan Munoz-guevara, Councilmember, Lynwood",3
Judge Greg Marcus,3
"Michael Mccorriston, Councilmember, Dublin",3
Jim and Kelly Garcia,3
County of Tulare Supervisor Dennis Townsend,3
Kern County Supervisors McQuiston and Perez,3
"Kirby Walker and James Redford, Producers/Directors of Toxic Hot Seat",3
Legislative Director,3
O'Connell,3
Peter A,3
"Superior Court, Presiding Judge",3
West Valley Mayors/Managers,3
99 Individuals,3
Individual cities,3
LOWENTHAL,3
Castle Argyle Senior Housing Residents,3
County of Artesia City Councilmember Sally Flowers,3
Individual Community College Trustees,3
Individual Dentists and Dental Students,3
Three Boys in San Diego,3
Greenbelt Alliance Board Member,3
Hein,3
Jo,3
45 Individuals,3
Private citizen two,3
Private citizen three,3
Private citizen one,3
thirty-two individuals,3
6 private attorneys,3
77 Private Individuals,3
Assemblyman Byron Sher,3
"Cathy Darling Allen, Shasta County Clerk/Registrar of Voters",3
City of Los Angeles Councilwoman Nury Martinez,3
City of Sunnyvale Council Member Richard Mehlinger,3
Congressman Alan Lowenthal,3
Congressman Eric Swalwell,3
Congressman Jimmy Gomez,3
Congressman Mark DeSaulnier,3
Congressman Steve Knight,3
Congresswoman Mimi Walters,3
Contra Costa County Supervisor Donna Gerber,3
"Craig Pedersen, Supervisor, Kings County Board of Supervisors",3
"David Chiu Former Assemblymember, California State Legislature",3
"Diane Feinstein, United States Senator",3
"Dianne Feinstein, United States Senator",3
"Dick Monteith, Supervisor, Stanislaus County Board of Supervisors",3
Dorena Knepper,3
"Doug Verboon, Supervisor, Kings County Board of Supervisors",3
"Dr. Jerry Silver, Ph.D., Sonoma, CA",3
"Emmett E. & Ruth D. Hearn, Los Altos, CA",3
Estela Bravo Soperanes,3
Former Governor George Deukmejian,3
"Honorable John Garamendi, Member of Congress",3
Individual - Andrea Jaeger,3
Kodiak,3
Los Altos City Council Member Jonathan Weinberg,3
Los Angeles City Councilwoman Nury Martinez,3
"Luis Chavez, Trustee, Fresno Unified School District",3
Monterey Park Councilmember Thomas Wong,3
Mrs. Fred Astaire,3
"Nate Miley, Alameda County Supervisor",3
Oakland City Councilmember Nancy Nadel,3
Orange County Supervisor Michelle Steel,3
"Paul Krekorian, Los Angeles City Councilmember",3
Petaluma City Council Member Brian Barnacle,3
"Peter Foy, Supervisor, Ventura County Board of Supervisors",3
Port Hueneme City Councilwoman Marciela P. Morales,3
"Sam Farr, Member of Congress",3
San Mateo City Council Member Amourence Lee,3
Santa Barbara City Councilman Roger L. Horton,3
Santa Clara County Board of Supervisor Sylvia Arenas,3
Santa Clara County Supervisor Ken Yeager,3
Steven Hazen,3
"Supervisor Joan Hartmann, Santa Barbara County",3
"Supervisor Mary Nejedly Piepho, Contra Costa County",3
"Terry Withrow, Supervisor, Stanislaus County Board of Supervisors",3
Tony Miller,3
U.S. Congressman Henry Waxman,3
Yolo County Supervisor Mariko Yamada,3
"Johan Klehs, State Board of Equalization Member",3
19 Students of Cosmetology,3
City of City of Wasco Councilmember Ally Medina,3
City of Oakland Councilmember Sheng Thao,3
City of Vallejo Councilmember Stephanie Gomes,3
Edwards,3
Laci,3
Numerous Donor Family Members,3
"Numerous Physicians, and Physician Assistants (approximately 1200)",3
Numerous Transplant Recipients,3
"Sheriffs of Kings, Placer, and San Bernardino Counties",3
Totten,3
Friends of the Santa Cruz Public Libraries Board Member,3
Retired Children's Librarian & Board Member,3
Five Private Individuals,3
58 Individuals,3
39 Individuals,3
12 registered nurses,3
Ten individual child care providers,3
"Aaron Myers, Attorney at Law",3
"Attorney General, State of New York, Eliot Spitzer",3
"Bennett, Samuelsen, Reynolds, Allard, Cowperthwaite, and Gelini",3
Brookingham,3
Bruno,3
"Chris Tellis, Harbormaster, Yellow Ferry Harbor",3
"Councilman Marvin Braude, Los Angeles City Council",3
"Councilmember Brian Gutierrez, California State Council on Developmental",3
Dan Lungren,3
Finen Family,3
"Hal Bernson, Los Angeles City Council",3
Los Angeles City Councilman Mark Ridley-Thomas,3
"Los Angeles City Councilmembers Garcetti, Padilla, Smith, Wesson",3
Mike Sr. and Angela Anderson,3
"Mr. John R. Liebman, Member, President's Export Council Subcommittee on",3
"Ronald H. Markarian, Major General (CA. Ret.)",3
Sacramento City Councilmember Kevin McCarty,3
Supervisor Michael Antonovich,3
U.S. Rep. Nanette Diaz Barragán,3
U.S. Representative Alan Lowenthal,3
U.S. Representative Juan Vargas,3
U.S. Senator Diane Feinstein,3
"United States Representative, Honorable Charles Boustany",3
"United States Senator, Honorable Mary Landrieu",3
Veronica Hamel,3
West Hollywood City Councilmember Jeffrey Prang,3
"William A MacLaughlin, Presiding Judge, Superior Court of Los",3
Hughes,3
Individual Attorneys,3
Numerous CID Managers,3
Tyndall,3
1 non-form support letter from an individual from Sun City,3
11 teachers with Odyssey Charter School,3
"11,855 private citizens",3
17 staff members with The Charter School of San Diego,3
"410+ additional Justices, Judges, and Commissioners of the State of California",3
Approximately 100 residents of Spring Lake Village (Santa Rosa),3
Numerous allied health professional organizations,3
"Numerous surgeons with surgical centers, as well as employees",3
12 Instructors of Cosmetology/Cosmetologists/Barbers,3
331 LETTERS OR PETITION SIGNATURES,3
51st District of California Congresswoman Susan Davis,3
"Abe Safleddime, 76 Station Dealer, La Palma",3
Acting Chief of Police,3
"Albert R. Dennis, III",3
Alhambra Unified School District Board Member Adele Andrade-Stadler,3
Alhambra Unified School District Board Member Jane Anderson,3
Alhambra Unified School District Board Member Robert Gin,3
"Amelia Borcalli, Council Member",3
"Andrew Katz, Member, UCLA Foundation Board",3
"Angela J. Froehlich, Redondo Beach",3
"Angelo A. Salvucci, Jr., M.D",3
"Antoinio Villaraigosa, Councilmember",3
Assembly Member De Leon,3
Assembly Member Friedman,3
Assembly Member Honeycutt,3
Assembly Member Laird,3
Assembly Member Pringle,3
Assemblyman Morrissey,3
Assemblyman Wally Knox,3
Assemblymember Arambula,3
Assemblymember Blumenfield,3
Assemblymember Chesbro,3
Assemblymember Gatto,3
Assemblymember Nestande,3
Assemblymember Skinner,3
Assemblymember Steven Samuelian,3
Assemblymember Wagner,3
Attorney General Bill,3
Attorney Patience Milrod,3
Barbara Bain,3
Barbara Bosson,3
"Barbara Dillmann, Superintendent of Schools",3
"Barbara Kondylis, Solano County Supervisor",3
"Barbara O'Connor, Professor of Communications, California State",3
"Bernadette Suarez, Councilmember",3
"Betty T. Yee, First District Member, Board of Equalization",3
"Bill Dodd, Supervisor, Napa County Board of Supervisors",3
Bill Hoy,3
Bill Schwandt,3
"Boardmember Darrell Beck, Ramona Municipal Water District",3
"Boardmember George Runner, California State Board of Equalization",3
"Brad Wagenknecht, Napa County Supervisor, District 1",3
"Brian Meek, City Manager",3
Bruce Boxleitner,3
Bruce McGill,3
"Captain J.P. Badel (Member, Governor's Public Safety Medal of Valor)",3
Carl Hartman (walnuts),3
Carlsbad City Councilmember Cori Schumacher,3
"Carol Fiedler, Viatical Settlements Broker, Corte Madera",3
"Catherine H. Podell, Member, UC San Francisco Foundation",3
"Charles T. Munger, Jr and Former Senator Sam Blakeslee (California Legislature Transparency Act Proponents)",3
Chief Louis Fetherolf,3
Chris Davis,3
"Christopher Manes, Attorney",3
"Cindy Gross, Meadows Homeowners Association",3
City Council Member Richard Alarcón - Los Angeles,3
"City of Albany, Vice Mayor Joanne Wile",3
"City of Bell, Councilmember Alicia Romero",3
"City of Bell, Councilmember Nestor Enrique Valencia",3
"City of Bell, Vice Mayor Ana Maria Quintana",3
City of Chula Vista Councilmember Toni Atkins,3
City of Chula Vista Deputy Mayor Ruth Sterling,3
City of City of Emeryville Councilmember Christian Patz,3
City of City of Emeryville Councilmember Dan Kalb,3
City of City of Lemoore Councilmember Jose Sigala,3
City of City of Oakland Councilmember Daniel Martinez,3
City of City of Sanger Councilmember Holly Andrade Blair,3
City of Del Mar Councilmember Jack Feller,3
City of El Cajon Councilmember Rudy Ramirez,3
City of Encinitas Deputy Mayor Jerry Rindone,3
City of Escondido Councilmember Don Higginson,3
City of Escondido Councilmember Esther Sanchez,3
City of Lemon Grove Councilmember Jim Madaffer,3
"City of Los Angeles, City Councilmember Gil Cedillo",3
City of Modesto Councilmember Tony Madrigal,3
City of Oceanside Councilmember Henry Abarbanel,3
City of Oceanside Councilmember Jerome Kern,3
City of Oceanside Councilmember Jerry Jones,3
City of Poway Councilmember Bob Emery,3
City of Poway Councilmember Brian Maienschein,3
City of Poway Councilmember Donna Frye,3
City of San Diego Councilmember Betty Rexford,3
City of San Diego Councilmember David Roberts,3
City of San Diego Councilmember Ed Gallo,3
City of San Diego Councilmember Luis Natividad,3
City of San Diego County of San Diego Deputy Mayor Jerome Stocks,3
City of San Diego The Honorable Heather Fargo,3
City of San Jose Councilmember Tam Nguyen,3
City of Solana Beach Councilmember Dick Daniels,3
"Claude Goldenberg, Professor at Stanford University",3
Claudia Martinez,3
Colorado State Representative Cathy Kipp,3
Colorado State Representative Matt Soper,3
Colorado State Senator Kevin Priola,3
Colorado State Senator Mark Baisley,3
Congress Member Juan Vargas,3
Congressman Devin Nunes,3
Congressman Edward R. Royce,3
Congressman Gary A. Condit,3
Congressman George Brown,3
Congressman Howard L. Berman,3
Congressman Jim Costa,3
Congressman Kevin McCarthy,3
Congressman Pete Stark,3
Congressman Ron Paul,3
Congressman William E. Dannemeyer,3
"Congressman and Mrs. Paul ""Pete"" McCloskey",3
Contra Costa County Vince Ferriole,3
Council Member James Coleman,3
Council Member Jon Wizard,3
Council Member Sean Elo-Rivera,3
Council President Georgette Gómez,3
"Councilman Bernard Parks, Los Angeles",3
Councilman James F. Krembas,3
Councilman John Ferraro,3
Councilman Kevin McCarty,3
"Councilman Rikke Van Johnson, San Bernardino",3
Councilman Scott Peters,3
Councilmember Brian Brennan,3
Councilmember Brian W. Jones,3
Councilmember David J. Toro,3
Councilmember Ed Musgrove,3
Councilmember Esther C. Sanchez,3
Councilmember Garry Bredefeld,3
Councilmember Jim Bartell,3
Councilmember Melissa Fox,3
Councilmember Monterey Park Henry Lo,3
Councilmember Myrtle Cole,3
Councilmember Nelson Esparza,3
Councilmember Omar Torres,3
Councilmember Patricia Aguilar,3
Councilmember Paula Devine,3
Councilmember Peter Ortiz,3
Councilmember Scott Sherman,3
Councilmember Sol Jobrack,3
Councilmember Tyler Maxwell,3
Councilmembers Mona Rios and Alejandra Sotelo-Solis,3
"Councilwoman Bonnie Lowenthal, Long Beach",3
"Councilwoman Gerrie Schipske, Fifth District, Long Beach",3
County Sheriff Glen Craig,3
County of Alameda Supervisor Nikki Fortunato Bas,3
County of Del Norte Hon. Michael F. Prizmich,3
County of Kern Honorable Elizabeth A. Lippitt,3
County of Kern Honorable Norman P. Tarle,3
County of Los Angeles Honorable Andrew E. Cooper,3
County of Los Angeles Honorable Craig D. Karlan,3
County of Los Angeles Honorable David R. Lampe,3
County of Los Angeles Honorable Gregorio Roman,3
County of Los Angeles Honorable Michael Bush,3
County of Los Angeles Honorable Stephen P. Pfahler,3
County of Los Angeles Honorable Susan E. Green,3
County of Marin Honorable Lawrence H. Cho,3
County of Orange Honorable Kevin Brown,3
County of Orange Honorable Nancy L. Newman,3
County of Orange Honorable Robert S. Tafoya,3
County of Sutter Honorable Donna Quigley Groman,3
County of Villa Park Councilmember Robert Pitts,3
Crystal King,3
"Curt Harman, 4th District Supervisor, San Bernardino County",3
"Cynthia VanWormer, City Clerk",3
Darnell Miles,3
David C. Aroner,3
"David Couch, 4th District Kern County Supervisor",3
"David Strumpf, M.D",3
"Dawn Dunlap, Nutrition Educator Sacramento City Unified",3
"Dawn Rowe, Third District Supervisor, San Bernardino County",3
"Dee Andrews, Long Beach City Council",3
"Dennis P. Zine, Councilmember",3
Diana Singleton (individual),3
"Diane Jacob, Member, District 2, San Diego County Board of Supervisors",3
"Diane Jacob, San Diego County Supervisor, 2nd District",3
"Dianne Jacob, Supervisor, Second District, San Diego County",3
District 2 Oceanside Chamber of Commerce Peter Zschiesche,3
"Dolores Holguin, Board Member, Valley County Water District",3
Don C. Reed,3
"Don Knabe, Supervisor",3
Don M. Branner,3
"Don Saylor, Yolo County Supervisor",3
Donald Stone (individual),3
"Dr. Bob Gross, Vice Chair of Santa Clara Valley Water",3
Dr. Frank Fendell,3
Dr. James Quintiere,3
Dr. Kerklaan,3
Dr. Martin Plone,3
"Dr. Michael Dillingham, Orthopedic Surgeon, San Francisco",3
"Dvorah Markman, Esq",3
East Palo Alto City Councilmember Ruben Abrica,3
East Palo Alto Vice Mayor Ruben Abrica,3
Ed Robey,3
Edward Bell,3
El Dorado County Hon. Ed Jagels,3
Eleanor,3
Ella,3
"Eric Garcetti, Councilmember",3
"Eric Guerra, Mayor Pro Tem",3
"Ernest Dronenburg, Vice Chair State Board of Equalization",3
"Ernest Martinez, Educator",3
"Esteban Torres, Member of Congress",3
Esther Williams Bell,3
Eva Marie Saint,3
Fakir Musafar,3
Farbod Barsum,3
"Felice Urban, L.C.S.W., M.S.G",3
Former California State Senator Dean Florez,3
Former FPPC Commissioner Bill Hauck,3
Former FPPC Commissioner Colleen McAndrews,3
Former FPPC Commissioner James Hall,3
Former FPPC Commissioner Tony Quinn,3
Former Governor Deukmejian,3
Former Senator Robert Presley,3
Former United States Attorney General Edwin Meese III,3
"Francine Bartfield, Ph.D",3
Fred Savage,3
"Fresno Councilmember Oliver Baines, III",3
"Garrett W. Zimmon, Chief of Policy",3
General Bill Lockyer,3
"Geoffrey Brown, PUC Commissioner",3
George Stevens,3
George Wiley,3
"Georggette Tadros, M.D., Pediatrics",3
"Gerald Rogan, M.D",3
Granof,3
"Greg Long, Big Wave World Champion",3
Hadassa Malka,3
Hal Holbrook,3
Hank Azaria,3
Harriet Fox,3
Harry Belafonte,3
Harry Wu,3
Harvey,3
Helen Hunt,3
Henry G. Eilerg (walnuts),3
Herbert Frenery (walnuts),3
"Hon. Brian Bilbray, Member of Congress",3
Hon. John Ladner,3
"Hon. Mary Nejedly Piepho, Contra Costa County Supervisor - District 3",3
Hon. Richard Iglehart,3
"Hon. Terry Friedman, Presiding Judge, Los Angeles Juvenile Court",3
"Honorable Barbara Lee, Member of Congress, 9th District, California",3
"Honorable Clint Olivier, Council President, District 7",3
"Honorable Diane Dillon, Supervisor, District 3, Napa County Board of Supervisors",3
"Honorable Josh Harder, Member of Congress",3
"Honorable Lynn DeCoite, 13th District Representative, State of Hawaii",3
"Honorable Norman Yee, San Francisco Board of Supervisors, District 7",3
"Honorable Sophie Maxwell, Supervisor - District 10, City and County of San",3
"Honorable TJ Cox, Member of Congress",3
"Honorable Terry Friedman, Presiding Judge, Los Angeles",3
"Individual, Starr King School for Ministry",3
"Isaac Herrera, Carlsbad",3
Ishmeet Singh,3
"J. Stephen Czuleger, Assistant Presiding Judge, Superior Court",3
"J. Steven Worthley, Tulare County Board of Supervisors",3
Jack Lemmon,3
"James Johnson, Long Beach City Council",3
James Taylor,3
Jan L. Owen 445-6306,3
Jane Alexander,3
Janet Leigh,3
Jeff Smith,3
"Jeffrey Prang, Councilmember",3
Jerry Kohlenberger,3
"Joan A. Friedman, L.C.S.W",3
"Joan K. White, Ph.D",3
"Joan Sparkman, Citizen Advocate for Agriculture",3
John Leopold,3
John M,3
"Jonathan M. Roldan, Attorney at Law",3
Jordan Baker-Kilner,3
"Jose Medina, Riverside County Supervisor, District 1",3
"Joseph N. Smith, Colonel, USMC (Ret.)",3
"Judge Don Shaver, Stanislaus County Municipal Court",3
"Judge James Moelk, Solano County Superior Court",3
"Judge Jim Brandlin, Los Angeles Superior Court",3
"Judge John Dearman, San Francisco Superior Court",3
Judge John Henning (L.A. Superior Court),3
"Judge John Henning, Supervising Judge of the L.A. Superior",3
"Judge Philip Moscone, San Francisco Superior Court",3
"Judge Robert Coates, San Diego Superior Court",3
"Judge Thomas Townsend, Compton Judicial District",3
Judy Michaels,3
"Judy Nelson, Councilmember",3
"Justin Cummings, Supervisor Third District",3
"Karyl Matsumoto, Mayor",3
"Katy Tang, District 4 Supervisor of the City and County of San Francisco",3
Kelly F. Cox,3
"Kelly Kent, Vice President, Governing Board of Education Culver City Unified School District",3
Kennon B. Raines (individual),3
Kern County Hon. Don McDonald,3
Kern County Hon. Gregory Strickland,3
Kevin Kilner,3
Kings County Hon. Jim Maready,3
LA Supervisor Lindsey Horvath,3
"LAUSD Board Member District 3, Scott M. Schmerelson",3
La Mesa City Councilmember Colin Parent,3
Lainie Kazan,3
Larry Kaminski,3
Laura Dern,3
Leah V,3
Leeza Gibbons,3
"Leonard Padilla, Bounty Hunter",3
"Lieutenant Chris Pappas, Santa Barbara County Sheriff's",3
"Linda Seifert, Solano County Supervisor",3
"Lindsey P. Horvath, Los Angeles County Supervisor",3
"Lisa M. Garcia, Ph.D",3
Lisa Seasholtz Elgorriaga,3
Long Beach City Councilmember Dee Andrews,3
Lorna Peterson (walnuts),3
Los Angeles City Controller Wendy Greuel,3
Los Angeles City Council Office of Marqueece Harris-Dawson,3
Los Angeles City Councilman Michael Feuer,3
Los Angeles City Councilmember Bernard Parks,3
Los Angeles City Councilmember Jan Perry,3
Los Angeles City Councilmember Joe Buscaino,3
"Los Angeles Councilmember Bill Rosendahl, 11th District",3
"Los Angeles Councilmember Dennis Zine, 3rd District",3
"Los Angeles Councilmember Dr. Robert Garcia, 1st District",3
"Los Angeles Councilmember Eric Garcetti, 13th District",3
"Los Angeles Councilmember Herb Wesson, 10th District",3
"Los Angeles Councilmember Joe Buscaino, 15th District",3
"Los Angeles Councilmember Jose Huizar, 14th District",3
"Los Angeles Councilmember Paul Krekorian, 2nd District",3
"Los Angeles Councilmember Richard Alarcón, 7th District",3
"Los Angeles Councilmember Steven Neal, 9th District",3
"Los Angeles Councilmember Tony Cardenas, 6th District",3
"Los Angeles County Supervisor, District 3, Sheila Kuehl",3
Los Angeles County Supervisors Yvonne Braithwaite Burke and Don Knabe,3
"Los Angeles Superior Court Judge, James Brandlin",3
Los Angeles Supervisor Kathryn Barger,3
Los Angeles Unified School District School Board Member Nury Martinez,3
"Lou Papan, Kevin Shelley and Joe Simitian",3
Lucy Arnez,3
"Luis Chavez, Councilmember for District 5",3
Madeline Kahn,3
Malcolm Dougherty,3
Manager Belinda Mobley Lake County Office of Education,3
Marcia Berris,3
"Margaret Clark, Councilmember",3
Margaret Graham,3
"Mark DeSaulnier, Supervisors, Contra Costa County",3
"Mark Hamill, Actor",3
"Marsha Epstein, MD, MPH",3
Marsha Mason,3
Martin Baxter,3
"Martin Tucker, Senior Assemblymember",3
Mayor Blackmun,3
Mayor Carolyn Van Horn,3
Mayor Emily Gabel-Luddy,3
Mayor Joe Brown,3
Mayor Ken Moore,3
Mayor Kennedy,3
Mayor Pro Tem David J. Toro,3
Mayor Pro Tem Pedro Aceituno,3
Melissa Gilbert,3
"Michael D. Antonovich, Supervisor",3
Michael Deluise,3
"Michael Schoenleber, esq",3
Michael Zucchet,3
Michelle Steel,3
"Michelle Steele, Member, State Board of Equalization",3
"Mike Antonovich, Supervisor, Los Angeles County",3
"Mike Spence, Mayor Pro Tem",3
"Mike Welsh, School Board Member, Ceres Unified School District",3
Monica Montgomery Steppe - City of San Diego Council President Pro Tem,3
"Mr. David M. Singer, Chief of Police",3
"Mr. Harry K. Murphy, Enrolled Agent",3
"Mr. Robert J. Manners, Los Angeles, CA",3
Muhammad Ali,3
NCCUSL California Commissioner Bion Gregory,3
NCCUSL Commissioners Diane Boyer-Vine (Legislative Counsel),3
"Nate Miley, Alameda County Board of Supervisors",3
National City Councilmember Richard Ramos,3
Nevada State Assemblyman Tom Collins,3
New York Attorney General Andrew Cuomo,3
"Nithya Raman, Member, Los Angeles City Council",3
"Norman Tabachnick, M.D",3
Numerous Letters from Educational Technology Directors,3
"Nury Martinez, Board of Education Member, Los Angeles Unified School",3
"Nury Martinez, Los Angeles Board of Education",3
Oakland City Councilmember Abel Gullien,3
"Oakland, City Councilman Dan Kalb",3
"Office of City Councilmember Sandy Sheedy, Sacramento, District 2",3
Office of San Diego City Councilmember Raul Campillo,3
Orange County Supervisor Lisa A. Bartlett,3
Orange County Supervisor Thomas W. Wilson,3
Park Overall,3
Pat Harrington,3
Patricia Cosgrove (almonds and walnuts),3
"Patricia I. O'Reilly, Individual",3
Patricia Larson,3
Patrick Macnee,3
"Patrick O'Donnell, Long Beach City Council",3
Patrick Stewart,3
"Paul Koretz, Los Angeles City Council, 5th District",3
Peggy Brier,3
Perris Councilmember A.B. Torres,3
"Pete Geren, Secretary of the Army",3
"Pete Vander Poel, Supervisor, Tulare County Board of Supervisors",3
"Peter Adam, Supervisor, Santa Barbara County Board of Supervisors",3
"Peter Weiner, Esq",3
Phyllis Diller,3
President Emeritus,3
President of Advocacy & Community Development,3
President-Superintendent,3
Private Individual (1),3
"Professor Eugene Volokh, UCLA School of Law",3
Professor Michelle Wilde Anderson,3
Professor Peter Dreier (Occidental College),3
"Professor Robert Talbot, Professor of Law, University of San",3
"Professor, Loyola Law School",3
"Rabbi Kalinsky - Institute for Public Affairs, Orthodox",3
Ray Murillo,3
"Ray Waller, Mayor",3
Representative Maxine Waters,3
Retired Persons,3
"Richard Braun, M.D",3
"Richard Thompson, M.D",3
Richard Word,3
Riordan,3
"Rita Walters, Los Angeles City Councilmember",3
"Robert Bruesch, Mayor pro Tem",3
Robert Lagomarsino,3
"Robert V. Clements, Brigadier General, USAF (Ret.)",3
"Robert Weinmann, M.D",3
Robyn Huey Lao and Addie Lao,3
Rod Steiger,3
Rohnert Park City Council Member Jake Mackenzie,3
Ron Shelton,3
"Ronald E. Lee, Attorney at Law",3
Ruth A Phelps,3
"Ruth Galanter, Councilwoman (ret.) City of Los Angeles",3
Ryan Coonerty,3
"S. Joseph Simitian, Supervisor, Santa Clara County",3
Sacramento Councilmember Jimmie R. Yee,3
Sacramento County Supervisor Illa Collin,3
Sacramento County Supervisor Patrick Kennedy,3
Sacramento County Supervisor Phil Serna,3
"Salud Carbajal, Santa Barbara County Board of Supervisors",3
San Anselmo Councilmember Brian Colbert,3
San Bernardino County Supervisor Josie Gonzalez,3
San Bernardino County Supervisor Neil Derry,3
San Diego City Council Member Donna Frye,3
San Diego County Supervisor Ron Roberts,3
San Diego County Vice Mayor Frank Parra,3
San Diego Ninth District Councilmember Georgette Gomez,3
San Diego Unified School District Supervisor Bill Horn,3
"San Francisco City and County District Attorney, Kamala D",3
San Joaquin County Supervisor Mario Gardea,3
San Rafael Vice Mayor Rachel Kertz,3
Sandra Bullock,3
Santa Barbara City Council Member Gregg Hart,3
"Santa Barbara County Second District Supervisor, Susan J",3
"Santa Clara County Supervisor, S. Joseph Simitian",3
Santa Monica City Councilmember Kevin McKeown,3
Sara Karloff,3
"Sarah Steelman, Missouri State Treasurer",3
Sausalito City Councilmember Jill Hoffman,3
"Scott Weiner, Supervisor - District 8, San Francisco",3
Senator Bill Morrow,3
Senator Cannella,3
Senator Cogdill,3
Senator Corbett,3
Senator Ducheny,3
Senator Greene,3
Senator Leslie,3
Senator Lockyer,3
Senator Wiggins,3
Several Individual Certified Public Accountants,3
Sheriff Sherman,3
Sona Baghdassarian,3
Sonoma County Board of Supervisor Mike Kerns,3
Speaker Emeritus Robert M. Hertzberg,3
Stacy Keach,3
Steve Allen,3
"Steve Brandau, Councilmember",3
"Steve McShane, City Councilman",3
"Steve McShane, Salinas City Council Member",3
"Steve Nascimento, Councilmember",3
"Steve Worthley, Supervisor, Tulare County Board of Supervisors",3
Steven Hill,3
"Steven Neal, Long Beach City Council",3
Steven R. Buchholz County of Lake,3
Supervisor Bill Horn,3
Supervisor Blanca Alvarado,3
Supervisor Brett Frazier,3
Supervisor Chuck Winn,3
"Supervisor Curt Josiassen, Butte County",3
"Supervisor Das Williams, Santa Barbara County",3
"Supervisor Efren Carrillo, Sonoma - District 5",3
"Supervisor Fred Aguiar, San Bernardino County",3
"Supervisor Hardy Bullock, Nevada County",3
Supervisor Jim Spering,3
"Supervisor John Gioia, Contra Costa County",3
Supervisor Juan Arambula,3
"Supervisor Ken Yeager, Santa Clara County",3
Supervisor Melissa Hurtado,3
Supervisor Michael D. Antonovich,3
Supervisor Miguel A. Villapudua,3
Supervisor Robert Rickman,3
Supervisor Ron Roberts,3
Supervisor Sal Quintero,3
Supervisor Sylvia Arenas,3
Supervisor Terrance P. Withrow,3
"Supervisor Tony Hall, City and County of San",3
"Supervisor Wilma Chan, Alameda County",3
Susan Blakely,3
"Susan Mandel, MFCC",3
"Suzanne Cross, Board Member, Coro Center for Civic Leadership and Unite to",3
"Terry Lamphier, County Supervisor, District III",3
"The Honorable Helen Thomson, Yolo County Supervisor",3
"The Honorable Henry Perea, Supervisor, District Three",3
"The Honorable Hydee Feldstein Soto, City Attorney",3
The Honorable Jerry Sanders,3
"The Honorable Linda Parks, Supervisor",3
"The Honorable Terry Friedman, Supervising Judge, Los",3
"The Honorable Tom Butt, Mayor",3
The McCormick Family,3
Tom Cruise,3
"Tony Cardenas, Councilmember",3
Tulare County Supervisor Ennis,3
United States Senator David Pryor,3
"Veronica Kessler Thomas, Ph.D",3
"Vice Chair Michelle Steel, California State Board of Equalization",3
Vice Mayor Linda Maio,3
William F. Taylor,3
"William G. Glynn, Ed.D., Vice Mayor",3
Yolo County Supervisor Helen M. Thomson,3
"Zev Yarosolsky, Member, Los Angeles County Board of Supervisors",3
"Tom Panas, Member, West Contra Costa Unified School District",3
"Charles Chrietzberg, Member, Governor's Task Force on",3
"David Wolf, Executive Director Emeritus for the Accrediting Commission for",3
"Director of Public Works, Santa Cruz",3
"Client Services Coordinator, AIDS Program of the Public",3
"HONORABLE DAVID ALVAREZ, COUNCILMEMBER",3
"Alister McAlister,",3
"Attorneys Larry L. Wright, Randall Ward Rosa, Brent R. Kato",3
"Client Services Coordinator, AIDS Program of the Public Health Services Division, Health Agency Division, San Mateo",3
"Donald C. Shoup, Professor of Urban Planning, UCLA Luskin School of Public Affairs",3
"Louie Arrollo, former Mayor",3
"One individual, a former patient of Dr. Tyndall",3
"Suzanne Cross, Board Member, Coro Center for Civic Leadership and Unite to Light",3
"Women For Carol S. Bruch (Professor of Family Law, University of California, Davis)",3
"Dr. David Sutherland, Founder and former-Medical Director",3
"Thomas Hastert, Attorney, who hires work out to",3
8 PAST DIRECTORS OF THE DEPARTMENT OF HOUSING AND COMMUNITY DEVELOPMENT,3
Assistant District Attorney,3
"Cities of San Fernando, and Simi Valley Councilmember Glen T. Becerra",3
"EIGHT INDIVIDUAL LETTERS (INDIAN WELLS, INDIO, INDIO HILLS, LA QUINTA, AND PALM SPRINGS)",3
"City of Escondido Sam Abed, Councilmember",3
City of Murrieta Councilmember Melissa Melendez,3
City of Murrieta Councilmember Robin Hastings,3
"City of Pasadena District 1, Councilmember Sol Jobrack",3
City of Poway Councilmember Rick Gibbs,3
City of Villa Park Councilmember Ernest Ewin,3
"City of West Hollywood Councilmember Marti Emerald, 7th District",3
Council Members (2),3
County of Four individuals,3
"County of Santa Barbara, Hon. Steven Austin, Superior Court of California",3
Feldman,3
Individual letter (45) AB 2844 (LA SUER),3
Individual letters-21 SB 60 (CEDILLO),3
"Jan Scully, Sacramento County District Attorney Sheriff Glen Craig, Sacramento County Chief Arturo Venegas",3
Lempert - AB 1784 GTE,3
Letters from Individuals: Six,3
SAG Members: Malcolm-Jamal Warner and Mimi Gibson,3
"Sheriffs of San Joaquin, Contra Costa and Riverside Counties",3
"Stanislaus County Commission on Aging SB 1249-Alquist Juanita Beighele, Senior Assembly Member",3
Two individuals AB 1866 (Leno),3
VARIOUS ELECTED OFFICIALS FROM,3
"William Mintline, Chief of Police",3
individual letter SB 1140 (Scott),3
individuals SB 527 (Alquist),3
individuals SB 580 (Wright),3
one individual AB 1764 (Maddox),3
one individual AB 3093 (Villaraigosa),3
one individual SB 1550 (Battin),3
one-hundred fifty-five SCA 20 (McClintock) individuals,3
000 persons,3
"Adam Hill, Supervisor, District Three of San Luis Obispo County",3
Angela Lansbury,3
Assemblywoman Dion Aroner,3
Assemblywoman Wilma Chan,3
"Bill Schwandt, San Diego Community College District",3
Charlton Heston,3
Christopher P. Witteman,3
Clint Black,3
Contra Costa County Supervisor Tom Torlakson,3
Davis Board of Education Trustee Susan Lovenburg,3
"Dr. H Rahnavardi, Spokesperson of the Iranian National Congress",3
"Dr. Henry Lai, Department of Bioengineering, University of Washington",3
Edward J. Imwinkelried (UC Davis Law Prof),3
Hon. Allen Hymer,3
Huntington Park City Councilman Andy Molina,3
Huntington Park City Councilman Elba Guerrero,3
"John Walsh (host of ""America's Most Wanted"" TV show)",3
"Judge Jerome S. Nadler, Santa Clara County Municipal Court",3
"Kern County Supervisor Barbara Patrick, 3rd District",3
Lisa Hartman Black,3
Los Angeles Superior Court Commissioner Richard A. Curtis,3
"Michael Antonovich, Supervisor, Los Angeles County",3
Michael Douglas,3
"Michelle Steel, Board Member, Third District, Board of Equalization",3
Pamela Reed,3
Pastor Bob Jackson,3
Patricia Richardson,3
Peter Coyote,3
Prof. Frank Beall of the University of California,3
Prof. William Sullivan of Humboldt State University,3
Rep. Barbara Lee,3
"Sacramento City Council Member Dave Jones, District 6",3
San Francisco County Supervisor Jane Kim,3
San Francisco Supervisor John Avalos,3
Stanley Donen,3
"Supervisor David Campos, San Francisco - District 9",3
"Supervisor George Shirakawa, Santa Clara - District 2",3
"Mel E. McDougal, Chief of Police, Nevada City",3
Alameda County Supervisor Lai-Bitker,3
"Anthony Perez, District Attorney, Napa County",3
"Assistant Director, Public Services for the County of Los Angeles Public Library",3
"Bill Schwandt, Trustee, San Diego Community College District",3
City of San Diego Deputy Mayor George Stevens,3
"Clergy Members:: Rabbi Dana Magat, San Jose",3
"Congresswoman Susan Davis, 53rd District of California",3
"Councilmember Luis Natividad, National City",3
Daniels Logue - Yuba County Supervisor,3
"Doug Brodie/Jim Watson, authors of ""Big Bad Bodie: high: sierra ghost town",3
"Dr. Bob Gross, Vice Chair of Santa Clara Valley Water District",3
"Dr. Leonard Eron, Institute for Social Research, University of Michigan",3
"Edward C. Cazier, Jr., California Arts Council Member",3
Eighteen Members of Congress Representing All Regions of the State,3
"Elliot, who",3
"Hershel R. Read, State Conservationist, U.S. Department of Agriculture",3
"Hon. Peggy Hora, Judge of the Alameda County Superior Court",3
"Hon. Ronald P. Kreber and Wendy S. Lindley, Judges of the Superior Court of Orange County",3
Honorable Clint Olivier,3
"Honorable Harry A. Staley, Retired",3
"Honorable Joyce Allegro, Retired",3
"James R. Brandlin, Judge, Municipal Court South Bay Judicial District",3
Jesse Wadsworth,3
"John K. Lines, VP, Insignia Commercial Group, Inc",3
"John de Beck, Board Member, San Diego Unified School District",3
Judge Thomas Townsend,3
L. Wallace Pate (co-counsel for Real Party in Interest in In re Terrell R. ),3
"Larry M. Burns, Board Member, Riverside Chamber's Magnolia: Center Division",3
Leah V. Granof,3
"Lisa M. Garcia, Ph.D. Candidate Yale",3
"Maria Nieto Senour, Trustee, San Diego Community College District",3
Mark Cromer (son of the parties in Cromer v. Cromer ),3
Michael Antonovich,3
Michele Edwards - Parent Camptonville Academy,3
"Mitz Lee, Board Member, San Diego Unified School District",3
"Nick Aguilar, Member, San Diego County Board of Education, District 2",3
Peter Uebberoth,3
"Peter Zschiesche, Trustee, San Diego Community College District",3
"Professor Gerald Uelmen, Professor of Law, Santa Clara",3
Riverside County Supervisor Kay Ceniceros,3
"Robert E. Kennedy, President Emeritus, California",3
Santa Cruz County Supervisor Gary Patton,3
"Sheila Jackson, Vice President, San Diego Unified School District",3
Sheriff-Coroner Michael Prizmich (Amador),3
"Supervisor Blanca Alvarado, Second District, Santa Clara County Board of Supervisors",3
"Supervisor Pam Slater-Price, San Diego County",3
Theresa Rosarno - Teacher - Pathways Charter School,3
"United Domestic Workers of America, Darnell Miles, San Diego",3
"Vice Mayor Frank Parra, National City",3
"L. ""Cuffie"" Joslin, former member, State Cemetery Board",3
"The Honorable David Roberti, former State Senator",3
"Patricia M. Kress, member of Western Fairs Association",3
"Jurgen and Ulrke Giesel, small pond owners",3
"John Van de Kamp, former California Attorney General",3
"Alene Taylor, Supervisor, County of Kings",3
"Amelia Borcalli, Council Member, City of Weed",3
"Antoinio Villaraigosa, Councilmember, City of Los Angeles",3
"Bernadette Suarez, Councilmember, City of Lawndale",3
"Clint Olivier, Councilmember, City of Fresno",3
"Councilman James F. Krembas, City of Laguna Niguel",3
"Councilman John Ferraro, City of Los Angeles",3
"Councilman Kevin McCarty, City of Sacramento",3
"Councilman Scott Peters, City of San Diego",3
"Councilmember Betty Rexford, City of Poway",3
"Councilmember Brian Brennan, City of Ventura",3
"Councilmember Brian Maienschein, City of San Diego",3
"Councilmember Caity Maple, City of Sacramento",3
"Councilmember Christopher Ward, City of San Diego",3
"Councilmember David Alvarez, City of San Diego, District 8",3
"Councilmember David J. Toro, City of Colton",3
"Councilmember David Roberts, City of Solana Beach",3
"Councilmember Deborah Pauly, City of Villa Park",3
"Councilmember Dick Daniels, City of Escondido",3
"Councilmember Don Higginson, City of Poway",3
"Councilmember Ed Gallo, City of Escondido",3
"Councilmember Ed Musgrove, City of San Marcos",3
"Councilmember Ernest Ewin, City of La Mesa",3
"Councilmember Esther C. Sanchez, City of Oceanside",3
"Councilmember Eunisses Hernandez, First District, City of Los Angeles",3
"Councilmember Garry Bredefeld, City of Fresno",3
"Councilmember Henry Abarbanel, City of Del Mar",3
"Councilmember Jerry Jones, City of Lemon Grove",3
"Councilmember Jim Bartell, City of Santee",3
"Councilmember Melissa Fox, City of Irvine",3
"Councilmember Melissa Melendez, City of Lake Elsinore",3
"Councilmember Merrilee Boyack, City of Poway",3
"Councilmember Mike Karbassi, City of Fresno",3
"Councilmember Myrtle Cole, City of San Diego",3
"Councilmember Nelson Esparza, City of Fresno",3
"Councilmember Omar Torres, City of San Jose",3
"Councilmember Patricia Aguilar, City of Chula Vista",3
"Councilmember Paul Canepa, City of Stockton",3
"Councilmember Paula Devine, City of Glendale",3
"Councilmember Peter Ortiz, City of San Jose",3
"Councilmember Raul Campillo, City of San Diego",3
"Councilmember Richard Ramos, City of El Cajon",3
"Councilmember Robin Hastings, City of Moreno Valley",3
"Councilmember Rudy Ramirez, City of Chula Vista",3
"Councilmember Sol Jobrack, City of Stockton",3
"Councilmember Teresa Barth, City of Encinitas",3
"Councilmember Tonia Reyes Uranga, City of Long Beach",3
"Councilmember Tyler Maxwell, City of Fresno",3
"Councilmembers Mona Rios and Alejandra Sotelo-Solis, City of National City",3
"Councilwoman Katy Yaroslavsky, City of Los Angeles",3
"Cynthia VanWormer, City Clerk, City of Fort Bragg",3
"Dan Baker, Councilmember, City of Long Beach",3
"Dennis P. Zine, Councilmember, City of Los Angeles",3
"Deputy Mayor Jerry Rindone, City of Chula Vista",3
"Deputy Mayor Ruth Sterling, City of La Mesa",3
"Don Knabe, Supervisor, County of Los Angeles",3
"Dona Spring, City of Berkeley Councilmember",3
"Eduardo De La Riva, Councilmember, City of Maywood",3
"Eric Garcetti, Councilmember, City of Los Angeles",3
"Frank Hotchkiss, Councilmember, City of Santa Barbara",3
"Henry T. Perea, Council Member, 7th District, City of Fresno",3
"Herb J. Wesson, Jr. Councilmember, City of Los Angeles",3
"Hon. Val Lerch, former Vice Mayor, City of Long Beach",3
"Honorable Allen J. Webster, Jr., Superior Court, County of Los Angeles",3
"Honorable Amy Yerkey, Superior Court, County of Los Angeles",3
"Honorable Andrew E. Cooper, Superior Court, County of Los Angeles",3
"Honorable Bert Glennon, Jr., Superior Court, County of Los Angeles",3
"Honorable Beverly Bourne, Superior Court, County of Los Angeles",3
"Honorable Cara L. Beatty, Superior Court, County of Shasta",3
"Honorable Carrie A. Zepeda, Superior Court, County of Santa Clara",3
"Honorable Cheryl R. Mills, Superior Court, County of Contra Costa",3
"Honorable Colette M. Humphrey, Superior Court, County of Kern",3
"Honorable Craig D. Karlan, Superior Court, County of Los Angeles",3
"Honorable Craig E. Arthur, Superior Court, County of Orange",3
"Honorable Cynthia L. Ulfig, Superior Court, County of Los Angeles",3
"Honorable Daphne G. Sykes, Superior Court, County of Orange",3
"Honorable David I. Ashby, Superior Court, County of Sutter",3
"Honorable David R. Lampe, Superior Court, County of Kern",3
"Honorable Dianna J. Gould-Saltman, Superior Court, County of Los Angeles",3
"Honorable Donald J. Currier, Superior Court, County of Sacramento",3
"Honorable Donna Quigley Groman, Superior Court, County of Los Angeles",3
"Honorable Edward W. Hall, Superior Court, County of Orange",3
"Honorable Efren N. Iglesia, Superior Court, County of Monterey",3
"Honorable Elizabeth A. Lippitt, Superior Court, County of Los Angeles",3
"Honorable Elizabeth W. Johnson, Superior Court, County of Trinity",3
"Honorable Gary G. Gibson, Superior Court, County of Shasta",3
"Honorable Gary L. Moorhead, Superior Court, County of Orange",3
"Honorable Geanene Garcia-Yriarte, Superior Court, County of Los Angeles",3
"Honorable Gerald Rosenberg, Superior Court, County of Los Angeles",3
"Honorable Gregorio Roman, Superior Court, County of Los Angeles",3
"Honorable Gregory Keosian, Superior Court, County of Los Angeles",3
"Honorable J. Eric Bradshaw, Superior Court, County of Kern",3
"Honorable Jacki C. Brown, Superior Court, County of Orange",3
"Honorable James L. Crandall, Superior Court, County of Orange",3
"Honorable Jeffrey G. Bennett, Superior Court, County of Ventura",3
"Honorable Joel M. Wallenstein, Superior Court, County of Los Angeles",3
"Honorable John H. Ing, Superior Court, County of Los Angeles",3
"Honorable John Lonergan, Superior Court, County of Los Angeles",3
"Honorable John S. Adams, Superior Court, County of Orange",3
"Honorable Joy W. Markman, Superior Court, County of Orange",3
"Honorable Julia Scrogin, Superior Court, County of Yuba",3
"Honorable Kevin Brown, Superior Court, County of Los Angeles",3
"Honorable Kevin J. McCormick, Superior Court, County of Sacramento",3
"Honorable Khymberli S. Apaloo, Superior Court, County of San Bernardino",3
"Honorable Laura Ellison, Superior Court, County of Los Angeles",3
"Honorable Lawrence H. Cho, Superior Court, County of Los Angeles",3
"Honorable Lewis A. Davis, Superior Court, County of Contra Costa",3
"Honorable Maria Andrea Davalos, Superior Court, County of Los Angeles",3
"Honorable Mary Lou Villar, Superior Court, County of Los Angeles",3
"Honorable Maryanne G. Gilliard, Superior Court, County of Sacramento",3
"Honorable Matthew J. Gary, Superior Court, County of Sacramento",3
"Honorable Michael Bush, Superior Court, County of Kern",3
"Honorable Nancy D. Stark, Superior Court, County of Contra Costa",3
"Honorable Nancy L. Newman, Superior Court, County of Los Angeles",3
"Honorable Norman P. Tarle, Superior Court, County of Los Angeles",3
"Honorable Phillip L. Soto, Superior Court, County of Los Angeles",3
"Honorable Ray G. Jurado, Superior Court, County of Los Angeles",3
"Honorable Raymonda B. Marquez, Superior Court, County of Kern",3
"Honorable Rita Federman, Superior Court, County of San Luis Obispo",3
"Honorable Rob B. Villeza, Superior Court, County of Los Angeles",3
"Honorable Robert J. Schuit, Superior Court, County of Los Angeles",3
"Honorable Robert S. Tafoya, Superior Court, County of Kern",3
"Honorable Roger L. Lund, Superior Court, County of Ventura",3
"Honorable Ronald L. Bauer, Superior Court, County of Orange",3
"Honorable Roy O. Chernus, Superior Court, County of Marin",3
"Honorable Sarah J. Heidel, Superior Court, County of Los Angeles",3
"Honorable Shelly Torrealba, Superior Court, County of Los Angeles",3
"Honorable Songhai Miguda-Armstead, Superior Court, County of Los Angeles",3
"Honorable Stephanie George, Superior Court, County of Orange",3
"Honorable Stephen P. Pfahler, Superior Court, County of Los Angeles",3
"Honorable Steven D. Blades, Superior Court, County of Los Angeles",3
"Honorable Steven G. Counelis, Superior Court, County of Riverside",3
"Honorable Susan E. Green, Superior Court, County of Sutter",3
"Honorable Theresa J. Canepa, Superior Court, County of Contra Costa",3
"Honorable Thomas C. Falls, Superior Court, County of Los Angeles",3
"Honorable Thomas Rubinson, Superior Court, County of Los Angeles",3
"Honorable Timothy R. Walsh, Superior Court, County of San Diego",3
"Jeffrey Prang, Councilmember, City of West Hollywood",3
"Jennifer Campbell Councilmember, Second District, City of San Diego",3
"Joe Buscaino, Councilmember, City of Los Angeles",3
"Joe Huizar, Councilmember, City of Los Angeles",3
"John Leopold, County of Santa Cruz Board of Supervisors",3
"John Pedri, Director of Public Works, City of Lincoln",3
"José Flores, Councilmember, City of Clovis",3
"Judge Harlan Grossman, County of Contra Costa",3
"Judge James Ruggiero, County of Shasta",3
"Judge Peggy Hora, County of Alameda",3
"Judge Wendy S. Lindley, County of Orange",3
"Judy Nelson, Councilmember, City of Glendora",3
"Justin Cummings, Supervisor Third District, County of Santa Cruz",3
"Justin Mendes, Councilmember, City of Hanford",3
"Lee Brand, Councilmember, City of Fresno",3
"Luis Chavez, Councilmember for District 5, City of Fresno",3
"Mardi Wormhoudt, Supervisor, County of Santa Cruz",3
"Margaret Clark, Councilmember, City of Rosemead",3
Marion Ely,3
"Michael D. Antonovich, Supervisor, County of Los Angeles",3
"Mike Spence, Councilmember, City of West Covina",3
"NOTE: Mary T. Corcoran, Member, Lake Havasu City Arizona City",3
"Olive Elementary School, Novato Unified School District, 2015-16 fourth grade class and teachers",3
"Richard Alarcon, Councilmember, City of Los Angeles",3
"Rita Valenzuela, Councilmember, City of Monterey",3
"Ryan Coonerty, County of Santa Cruz Board of Supervisors",3
"Sal Quintero, Councilmember, City of Fresno",3
"Santa Barbara County Second District Supervisor, Susan J. Rose",3
"Steve Brandau, Councilmember, City of Fresno",3
"Steve McShane, City Councilman, City of Salinas",3
"Steve Nascimento, Councilmember, City of Turlock",3
"Steven Apodaca, former mayor, San Clemente",3
"Supervisor Bill Horn, County of San Diego",3
"Supervisor Blanca Alvarado, County of Santa Clara, Second",3
"Supervisor Brett Frazier, County of Madera",3
"Supervisor Chuck Winn, County of San Joaquin",3
"Supervisor Greg Cox, County of San Diego",3
"Supervisor Jim Spering, County of Solano",3
"Supervisor Juan Arambula, County of Fresno, District 3",3
"Supervisor Judy Arnold, 5th District, County of Marin",3
"Supervisor Lynda Hopkins, County of Sonoma Fifth District",3
"Supervisor Melissa Hurtado, City of Sanger",3
"Supervisor Miguel A. Villapudua, County of San Joaquin",3
"Supervisor Rich Desmond, County of Sacramento District 3",3
"Supervisor Robert Rickman, County of San Joaquin",3
"Supervisor Ron Roberts, County of San Diego",3
"Supervisor Sal Quintero, County of Fresno",3
"Supervisor Sylvia Arenas, County of Santa Clara",3
"Supervisor Terra Lawson-Remer, County of San Diego Board of Supervisors",3
"Supervisor Terrance P. Withrow, County of Stanislaus",3
"Supervisor Timothy J. Staffel, County of Santa Barbara",3
"Supervisor Yaroslavsky, County of Los Angeles",3
"Supervisor Zev Yaroslavsky, County of Los Angeles",3
"Tam Nguyen, Councilmember, City of San Jose",3
"Terry Lamphier, County Supervisor, District III, County of Nevada",3
"The Honorable Henry Perea, Supervisor, District Three, County of Fresno",3
"The Honorable Linda Parks, Supervisor, County of Santa Barbara",3
"Vice Mayor Jovanka Beckles, City of Richmond",3
"Council Member James Coleman, City of South San Francisco",3
"Council Member Mateo Bedolla, City of Tracy",3
"Council Member Sean Elo-Rivera, City of San Diego, District 9",3
"Tony Cardenas, Councilmember, City of Los Angeles",3
"Tri Ta, Councilman, City of Westminster",3
"Council Member Laura Parmer-Lohan, City of San Carlos",3
149 form support letters from individuals and couples from Hemet and Sun City,3
Individual Letters: 2,2
Individual Letter (1),2
SENATE RULES COMMITTEE: Sandy Kenyon/323-8897,2
One Private individual,2
1 Private individual,2
1 Individual Letter,2
Individual Letters: 1,2
3 Individual Letters,2
11 private individuals,2
14 Individual Letters,2
Numerous Mobilehome Owners,2
Councilmember Donna Frye,2
5 Private Citizens,2
Individual Letters: 24,2
1 Physician,2
20 private individuals,2
San Mateo County Supervisor Dave Pine,2
Four private individuals,2
250 individuals,2
54 individuals,2
Individual Letters (10),2
13 private individuals,2
27 Private Citizens,2
Chairman,2
20 Private Citizens,2
Individuals - 7,2
500 individuals,2
131 individuals,2
Paul,2
25 Private Citizens,2
8 Individual Letters,2
16 Private Individuals,2
10 Individual letters,2
"Patricia Hunt, PhD, School of Molecular Biosciences Washington State",2
13 Individual Attorneys,2
Commissioner,2
91 Individuals,2
87 Individuals,2
80 individuals,2
3 Individual,2
160 individuals,2
106 Individuals,2
Senator Rosenthal,2
City of Los Angeles Councilmember Tim Mcosker,2
Gabriel,2
128 Individuals,2
9 Private Citizens,2
4 letters from individuals,2
Inge Tiegel-Doherty,2
"Honorable Adam Schiff, Member of the United States Congress",2
"William Holt, Attorney",2
"City of Gilroy Councilmember, Zach Hilton",2
California City of Port Hueneme Ventura County Supervisor Kathy Long,2
Elsbernd,2
Fredrickson,2
Hastings,2
I Am an Individual,2
Individuals (203),2
Individuals - 11,2
Numerous Individual Certified Public Accountants,2
"Presiding Judge, Juvenile Division, San Diego Superior",2
16 Retired NASA Astronauts,2
Over twelve individuals,2
"Over 1,000 letters from individuals",2
"Numerous parents, school and clinic personnel",2
Eighteen individuals,2
"Dozens of letters from individual franchisees in California, including",2
96 individuals,2
60 private individuals,2
5-individuals,2
41 private individuals,2
4 individual,2
384 individuals,2
17 private individuals,2
142 individuals,2
132 individual interior designers,2
123 individuals,2
numerous individuals (by petition),2
126 Individuals with All Saints Church,2
Eco Office of Asuc Senator China Duff,2
Linda,2
Numerous Independent Small Businesses Throughout California,2
4 Individual Nurse Practitioners and,2
Brady Campaign and Attorney General Rob Bonta,2
"Over 2,000 letters from individuals",2
"Numerous individuals, including nurse practitioners",2
49 individuals,2
203 individuals,2
11 individual letters,2
Several individuals and attorneys,2
Several contractors,2
Senator Rogers,2
"City of San Jose Councilmember, Sergio Jimenez",2
"County of Siskiyou -Marcia H. Armstrong, Supervisor, District 5",2
Don Tamaki - California Reparations Task Force Member,2
Dr. Cheryl Grills - California Reparations Task Force Member,2
Fremont City Councilmember Jenny Kassan,2
Lisa Holder - California Reparations Task Force Member,2
Sacramento City Councilmember Heather Fargo,2
Senator George Runner (ret.),2
"Supervisor Carmen Ramirez, Ventura County",2
"Supervisor Miguel Villapudua, San Joaquin County",2
San Francisco Bay Restoration Authority Board Member Rosanne Foust,2
Four (4) Individuals,2
Individual Citizen,2
Individuals (24),2
Port of San Francisco and San Francisco Mayor Mark E,2
Senecal,2
1 Concerned Citizen,2
"1,015 Individuals",2
73 Registered Dieticians,2
Individuals - 96,2
Seven Private Constituents,2
Deputy Labor Commissioners in State Employment,2
48 Individuals,2
46 Individuals,2
Several hundred letters from individuals,2
City of San Bernardino Council members,2
Kosa,2
San Bernardino County Supervisor Paul Biane,2
Senator Sher,2
Yuba County Supervisor Gary Bradford,2
Board of Equalization Member John Chiang,2
The Maldonado Family,2
"City of Sacramento, Vice Mayor Jay Schenirer Econolite",2
City of Supervisor Fourth District,2
Concerned Citizens,2
"County of San Diego, San Diego County Assessor Ernest Dronenburg, Board of Equalization Member Michelle Steele",2
Fresno County Supervisor Henry Fresno Metro Ministry,2
Gwilson,2
Holmes,2
Individual Peninsula,2
Lund,2
"Sheriffs of Imperial County, San Bernardino County, Calaveras County",2
Vice Chairman of the San Diego County Veterans Advisory,2
Yosemite Community College District Trustee,2
Dr. Robert Jacobson,2
1 Structural Engineer,2
"1,155 Individuals",2
1013 Individuals,2
1021 Members for Palestine,2
103 Self Storage Facility Owners and Managers,2
108 Private Citizens,2
11 Individual Podiatrists,2
1423 Individuals,2
1435 Individuals,2
145 Individuals,2
16 Members of the City of Los Angeles Biodiversity Expert Council,2
"16 Residents of Windmill Mobile Estates, Morgan Hill",2
17 Private Indivuals,2
"17,000+ Individuals",2
2 Concerned Citizens,2
2041 Individuals,2
"22,749 Individuals",2
"23,701 Individuals",2
243 Individuals,2
258 Private Citizens,2
3 Concerned Citizens,2
320+ Individuals,2
392 Individuals,2
454 Individuals,2
46 Law School Professors,2
493 Individuals,2
519 Private Citizens,2
52 Private Individuals,2
56 Private Individuals,2
84 Individuals,2
87 Private Individuals,2
89 Private Citizens,2
96 Private Individuals,2
98 Individual Constituents,2
"Attorney General Bill Lockyer, State Treasurer",2
Individual Businesses (numerous letters on file),2
"Marcos, Santa Rosa, Sunnyvale, Thousand Oaks, Tustin, Vista",2
Patrick,2
"Jose Luis Diaz, binding finding of factual innocence, $305,300",2
94 Individuals,2
47 Individuals,2
36 Individuals,2
101 Individuals,2
"County of San Joaquin, District 4 Supervisor/SJVUAPCD board",2
"County of Stanislaus, District 2 Supervisor/SJVUAPCD board",2
Nine concerned citizens,2
Several letters from individuals at Chester High School,2
Several individual veterinarian and wildlife scientists,2
Several individual service station owners,2
Several individual practitioners,2
Several hundred emails/letters,2
Several foreign professors of veterinary,2
Several Westminster City property owners,2
"One individual director, Eden Township Healthcare District",2
numerous individual realtors and real estate,2
numerous SCA survivors,2
letters from numerous individual citizens,2
Zeta Tau Chapter,2
5 professional fiduciaries,2
1 nurse practitioner,2
1 Superior Court supervising probate attorney,2
More than three hundred individuals,2
More than fifty individuals with an interest in this measure,2
120 Individuals,2
242 Individuals,2
31 Private Individuals,2
Alameda County Supervisor Elisa Marquez,2
Alexander Pedersen - Capitola City Councilmember,2
Art Krause,2
Attorney General Dan Lundgren,2
Ayala,2
Betty T. Yee,2
"Betty T. Yee, Member, First District, State Board of Equalization",2
Capobianco,2
Carol Burr,2
"Chaplain Catherine Conneally-Salazar, Ventura Youth",2
Charles Peterson,2
City of Long Beach Councilmember Al Austin II,2
"Claudia Benitez, Realtor",2
"Congressman Brian Bilbray, U.S. House of Representatives",2
Congressman Darrell Issa,2
Congressman Ken Calvert,2
Congressman Ted W. Lieu,2
Congresswoman Susan Davis,2
Contra Costa County Supervisor John Gioia,2
"Councilmember Ben Bartlett, Berkeley",2
"Councilmember Herb Wesson, 10th District",2
"Councilmember Joe Buscaino, 15th District",2
"Councilmember Jose Huizar, 14th District",2
"Councilmember Richard Alarcón, 7th District",2
"Councilmember Salvador Solorio-ruiz, Delano",2
"Councilmember Tony Cardenas, 6th District",2
"Dianne Feinstein, U.S. Senator",2
"Don Knabe, Los Angeles County Supervisor",2
"Donald Rocha, San Jose City Councilmember, District 9",2
Dufty,2
Eastman,2
Family of Kristie,2
"Frank Sieferman, Supervisor Yolo County",2
"Gwen Goodmanlowe, Ph.D., Marine Biology Undergraduate Advisor, CSU-Long Beach",2
"Honorable Juan Vargas, Member of Congress",2
Jennifer Micheli,2
"Judy Pennycook, Supervisor Monterey County",2
"Kathryn Barger, Supervisor, Los Angeles County Board of Supervisors",2
Kern County Supervisor Don Maben,2
LA City Councilmember Paul Koretz,2
Martin Sheen,2
Mike Farrell,2
Mountain View Council Member Alison Hicks,2
Numerous California Community College Faculty,2
Pam Slater-Price,2
"Paul Koretz, Los Angeles City Councilmember",2
Private Citizens (1),2
"Professor Jeffery Klausner, Medicine and Public Health, UCLA",2
Rashi Kesarwani - City of Berkeley Councilmember,2
Russell Hodin,2
San Bernardino County Supervisor Dawn Rowe,2
San Diego City Councilmember Donna Frye,2
Scott Sakakihara - Union City Councilmember,2
Senator Diane E. Watson,2
Senator John Vasconcellos,2
Senator Mike Thompson,2
"Soheila Bana, Phd - Richmond City Councilmember",2
Supervisor Janice Hahn,2
"The Honorable Paul Koretz, Los Angeles City Council, 5th District",2
"Tom Stallard, Supervisor Yolo County",2
U.S. Senators Mary Landrieu and David Vitter,2
Vishnu Menom,2
"City of Hercules Council Member, Sherry McCoy",2
Efrem Zimbalist Jr,2
"Hon. Rolleen K. McIrwrath, Judge of the San Joaquin County Superior Court",2
R. Brian Kramer (co-counsel for Real Party in Interest in In re Terrell R. ),2
"Assemblymember Thomas ""Rico"" Oller",2
"Barbara DiFranza, attorney at law",2
15 Chiefs of Police,2
195 Individual Letters,2
961 Individual Letters,2
"City of Escondido, Council Member Olga Diaz, District 3",2
City of Fresno Councilmember Cynthia A. Sterling,2
City of Oakland Councilmember Dan Kalb,2
City of Oakland Councilmember Danny Wan,2
City of Oakland Councilmember Noel Gallo,2
"City of Pomona, Councilwoman Cristina N. Carrizosa",2
City of Sacramento - Office of Councilmember Katie Valenzuela,2
City of Ventura Councilmember Mike Johnson,2
City of Yorba Linda Councilwoman Beth Haney,2
"Commissioner General, Special Envoy and Personal",2
County of Sonoma Supervisor Lynda Hopkins,2
"Food Allergy Psychologist, Don't Feed the Fear Podcast",2
"H. J. Green, Assistant Superintendent, High Schools",2
"H.S. Aijian, MD",2
Hundreds of Individual Citizens,2
Individual - An Nguyen,2
Individual Podiatrists,2
Individuals (137),2
Individuals (184),2
Individuals (22),2
Individuals - 16,2
"Members Armenta, Lindley, Calcagno, and Johnsen of the Monterey",2
Members of the California Congressional Delegation,2
Mrs. Hull's 6th Grade Class at Sierra Gardens Elementary,2
Numerous Concerned Citizens,2
Numerous Individual Supporters,2
Numerous LCSWs,2
Numerous Medical Doctors,2
Numerous Osteopathic Doctors,2
Numerous Physician Letters,2
Numerous Roofing Companies,2
Peter G,2
"Sheriffs of Imperial, Marin, Riverside, and San Luis Obispo",2
Supervisor 2nd District,2
"West Virginia University, Associate Vice President for Research",2
13 Individual Citizens,2
141 Individuals,2
Acting Board Member,2
California Nurses Association One individual,2
City of Steven,2
Community Residents,2
"Erwin Chemerinsky, Dean of the School of Law at the University of California, Silicon Valley Community Foundation",2
Individual Hearing Aid Dispensers,2
Individuals (146),2
"LA Unified School District, Board Member District 3",2
"Member of the State Board of Equalization, 1st District",2
Numerous Chiropractors,2
Numerous Individual Tire Dealers,2
Numerous Medical and Osteopathic Doctors,2
South Pasadena Residents,2
Various County Residents,2
transgender individuals,2
"School Board Member for District 6, Los Angeles Unified School District",2
Several salon owners,2
Several notaries,2
Several dozen letters from agents,2
Petition signed by 42 shareholders of the Lake Shastina Mutual,2
Petition signed by 130 students of University High School,2
numerous letter from individuals,2
numerous individual health care providers,2
numerous arbitrators,2
"leaders, business leaders, and parents",2
One alcohol/drug counselor,2
11 Other Individuals,2
"Aarshdeep Kahlon, Chair, San José Bicycle and Pedestrian Advisory Committee",2
Baldwin Park City Council Susan Rubio,2
Bartsch,2
"Betty Yee, Member of the Board of Equalization",2
"Bill Pisenti, President, TRIM Committee of the North Bay",2
"Bill Weld, Republican Candidate for President 2020",2
Burrell,2
City of Buena Park Council Member José Trinidad-Castañeda,2
City of Los Angeles Councilmember Bill Rosendahl,2
Contra Costa Supervisor John Gioia,2
Cookson,2
"Councilmember Bill Rosendahl, 11th District",2
"Councilmember Dennis Zine, 3rd District",2
"Councilmember Eric Garcetti, 13th District",2
County of Bellflower City Councilmember Ray Smith,2
"County of Los Angeles, Supervisor Kuehl",2
Cruz Bustamante,2
David Oberhelman and Jerry Devlin,2
Dawn M,2
"Dean, College of Engineering, California State Polytechnic",2
"Diddo Clark, Dispute Resolvers",2
"Dr. David J. Leon, Director of Chicano Studies and Professor of Ethnic Studies, CSU Sacramento",2
Jean Quan,2
Kern County Supervisors Maben,2
"Kern County Supervisors Maben, Patrick, and Watson",2
Letter from James Oberman,2
"Marina Martinez, Program Director, Mi Casita Parent",2
"Mark Lee, Esq., Manatt, Phelps and Phillips, LLP",2
"Professor Thomas Murray, Former Chair, Task Force on",2
Reverend Johnson of Good Shepherd Homes,2
Salinas Council Member Steve Mcshane,2
"Sean Owens, DVM (Medical Director, UC Davis Blood Bank)",2
Senator Correa,2
Senator Quentin L. Kopp,2
Senator Roberti,2
Sutter County Supervisor Dan Flores,2
U.S. Congressman Jim Costa,2
U.S. Congressman Juan Vargas,2
U.S. Congressman Ro Khanna,2
U.S. Congressmember Gary G. Miller,2
U.S. Representative Ted Lieu,2
U.S. Senator Jackie Speier,2
"U.S. Senator, the Honorable Diane Feinstein",2
US Congressmember Anna Eshoo,2
US Congressmember Barbara Lee,2
US Congressmember George Miller,2
US Congressmember Grace Napolitano,2
US Congressmember Henry Waxman,2
US Congressmember Lois Capps,2
US Congressmember Lynn Woolsey,2
US Congressmember Michael Honda,2
US Congressmember Mike Thompson,2
US Congressmember Sam Farr,2
"United State Senator, Dianne Feinstein",2
United States Congressman Ted W. Lieu,2
United States Representative Duncan Hunter,2
"United States Representative, Adam Schiff",2
"VFW, Past Commander, Robert Marr",2
"VFW, Vice Commander, Robert S. Hockenhull",2
Ventura County Supervisor Judy Mikels,2
"Vice Mayor Barbara Coler, Town of Fairfax",2
"Vito Chiesa, Stanislaus County Supervisor, District 2",2
Walter Sterling,2
Wasco City Councilmember Cherylee Wegman,2
"Weldon Jackson, Individual",2
"Wendy Gruel, Member, Los Angeles City Council",2
West Hollywood City Councilmember Lindsey Horvath,2
Wildomar City Councilmember Joseph Morabito,2
"Xavier Hermosillo, KMPC Radio",2
"Yolo County Supervisor, District 4, Mariko Yamada",2
"Ysabel Jurado, Los Angeles City Council, 14th District",2
"Yuba Co. Supervisor, Gary Bradford, 4th District",2
"Yuba County Supervisor, Gary Bradford, 4th District",2
Congressmen Howard L. Berman and Anthony C. Beilenson,2
"Lauren Shuler-Donner and Richard Donner, Producers of ""Free Willy",2
Soper,2
Tim Stroshane Housing Planner Fraternity House Inc,2
Tracy Marrow p/k/a Ice T,2
"Zev Yaroslavsky, Supervisor, Third District, Los Angeles County Board of Supervisors",2
Gordon Damant - former Chief of the Bureau (1978-1993),2
"Steve Cooley, former District Attorney of Los Angeles County",2
"District of Judge Harry Pregerson, 1st Lieutenant, USMC, WWII, United States Court of Appeals, Ninth Circuit",2
El Cerrito Commisioner,2
"Hundreds of individual cards and letters, received by mail and FAX",2
Letter from 14 guide dog users from the San Diego: area,2
Letters from Students and Staff at the State Special: Schools,2
Literacy Teacher,2
Numerous citizen petitions signed by persons with relatives: buried in Colma Cemeteries,2
"Sheriffs of Sacramento County, San Diego County, Marin",2
Twenty-five,2
Two Families,2
"Yee, who",2
numerous conservation groups and some other water agencies,2
"ACFC. National Membership Director, Dianna Thompson",2
LONGVILLE,2
Nine Sacramento State University Journalism Students,2
"1,949 signatures on petition in support",2
109 individual letters,2
12 identical letters from various biomass: facilities and trucking firms,2
1905 individual letters,2
2 individuals submitted letters of opposition,2
2 support letters from veterans,2
200+ individual letters and calls to,2
35 individuals who signed onto an identical support letter,2
A group of local elected leaders from across California,2
"Approximately 330 individuals representing LCSWs, educators, mental health patients, and MSWs",2
Award winning Author,2
Victims Foundation One individual,2
individual letters/electronic mail,2
lecturer,2
letters from individual sheriffs,2
Twelve Individuals,2
"1,825 Private Citizens",2
"17 Members of NOW, South Orange County Chapter",2
"2,052 Private Citizens",2
203 Private Citizen Signatures on a Petition,2
4 Individuals SB 173-Maldonado,2
"4-H Youth Development Advisor, University of California",2
5 District Attorneys,2
7 Sheriffs and Sheriff-Coroners,2
A. Waxman,2
Aaronson,2
Acting Consular General for the Consulate of the Republic of Azerbaijan in Los Angeles,2
"Adam Schiff, Member of Congress",2
"Adam Schiff, US Representative, 28th District",2
Adan Ortega Jr. Representative of the City of San Fernando,2
"Adrienne Tissier, San Mateo County Supervisor",2
"Ahmad Zahra, Councilmember",2
Al Hechinger,2
"Alameda County Supervisor, Keith Carson",2
Alan C. Nelson,2
"Alan Lowenthal, Member of Congress",2
Alexis Fineman - San Anselmo City Council,2
"Alice Lai-Bitker, Supervisor of Alameda County",2
"Alison Arngrim, Actress and Activist",2
Allen Chen,2
"Allen Warren, Councilmember",2
Alpine County Supervisor Terry Woodrow,2
Alvara Garza,2
Ambassador (RET.) Cindy Dyer,2
Ambassador (RET.) John Cotton Richmond,2
Ambassador (RET.) Luis C.debaca,2
Ambassador (RET.) Mark P. Lagon,2
Ambassador (RET.) Nancy Ely-raphel,2
Ambassador (RET.) Susan P. Coppedge,2
Amir Mansour,2
Andrew R. Smith,2
Andrew S. Huang,2
"Andrew T. Koenig, Attorney at Law",2
Andrews,2
Angelides,2
Angie Rojas,2
Anita,2
Ann Rivo,2
Anne R. Bernardo,2
"Anthony F. Cardenas, Chief of Police",2
Ara Najarian,2
Arkansas Governor Mike Huckabee,2
Arlene Sukolsky,2
Arman Urun,2
"Arnold Schwarzenegger, Governor of California",2
Ashok Mukherje,2
Assembly Member Arambula,2
Assembly Member Bowen,2
Assembly Member Caldera,2
Assembly Member Debra Bowen,2
Assembly Member Huffman,2
Assembly Member Solis,2
Assemblyman Farr,2
Assemblyman John Burton,2
Assemblyman Richard Rainey,2
Assemblyman Woodruff California Congress of Parents,2
Assemblymember Alejo,2
Assemblymember Blakeslee,2
Assemblymember Brownley,2
Assemblymember Conroy,2
Assemblymember Feuer,2
Assemblymember Hagman,2
Assemblymember Hill,2
Assemblymember Huffman,2
Assemblymember Ruskin,2
Assemblymember Wieckowski,2
Assemblymembers Calderon and Bermudez,2
Assemblywoman Sally Havice,2
"Assistant Director, Public Services for the County of Los Angeles Public",2
"Asst. Presiding Judge Robert W. Parkin, the Superior Court, Los Angeles County",2
Attorney Carol Anderson,2
Attorney General Dan,2
Attorney General Daniel Lungren Committee on Moral Concerns Crusade for Life,2
Attorney Margo Dockendorf,2
Attorney at Law Judy Lamb,2
Attorney at Law Mary K. Stroube,2
"August Felando, J.D",2
Ava Anderson,2
Azusa Council Member Angel Carrillo,2
BOE Member Michelle Steel,2
Bakersfield City Councilmember David Couch,2
Barbara Alby,2
"Barbara Baily, Esq",2
"Barbara Boxer, US Senator, California",2
Barbara Bravos and Bill Myers,2
Barbara Broyles,2
Barbara Coler - Fairfax Vice Mayor,2
Barbara Hinton,2
Barbara J. Parker,2
Barbara Sanders,2
"Barbara Spelbos, Individual",2
"Barry G. Matter, CPA",2
Baskin,2
Batts,2
Beach City Councilmember Steven Neal,2
"Ben Austin, Supervisor",2
Benicia PSAP Supervisor,2
"Berkeley City Council District 7, Office of Councilmember Rigel Robinson",2
"Bernard C. Parks, Los Angeles City Council",2
Berry,2
Bert Anderson,2
Beth Orton,2
"Betsy Nash, Menlo Park Council Member",2
"Betty T. Yee, Member, 1st District, State Board of Equalization",2
"Betty Yee, Member of the State Board of Equalization",2
Beverly Hills Police Officer,2
"Bill Campbell, Orange",2
Bill Horn,2
Bill Jeffrey Miller,2
Bill Lockyer,2
"Bill Rosenthal, Los Angeles City Council",2
"Blumenfield, Bob (Councilmember)",2
"Board member Alice Spearman, Oakland Board of Education",2
"Board member Gay Plair Cobb, Alameda County Board of Education",2
"Boardmember Alice Spearman, Oakland Board of Education",2
Boardmember Anthony Duarte,2
"Boardmember Bernard Briemont, Friends of Santa Cruz City/County Public",2
"Boardmember Christopher Dobbins, Oakland School Board",2
"Boardmember Gay Plair Cobb, Alameda County Board of Education",2
"Boardmember Glenda Hastings, Friends of Santa Cruz City/County Public",2
"Boardmember Greg Hodge, Oakland Board of Education",2
"Boardmember Jan McCord, Friends of the Santa Cruz City/County Public",2
"Boardmember JoAnn Mattingley, Friends of Santa Cruz City/County Public",2
"Boardmember Kerry Hamill, Oakland Board of Education",2
"Boardmember Mary Simpson, Friends of the Santa Cruz City/County Public",2
"Boardmember Noel Gallo, Oakland Board of Education",2
"Boardmember Pat Huntsinger, Friends of Santa Cruz City/County Public",2
"Boardmember Richard Gaughan, Friends of Santa Cruz City/County Public",2
"Boardmember Sharon Skold, Friends of the Santa Cruz City/County Public",2
"Boardmember Teall Messer, Friends of the Santa Cruz City/County Public",2
"Bob Blumenfield, Los Angeles Councilmember",2
"Bob Deklinski, Oakdale City Council",2
"Bob Wilkinson, Sequoia Audubon Society",2
"Bonnie Burns, Consumer Advocate",2
Bonnie Tabor,2
Bruce & Julie Cline,2
Bruce Klafter,2
Bruce Shaffer,2
Bruce Varner,2
Buddy and Sherry Hachett,2
Bunker Wilson,2
Burbank Council Member Todd Campbell,2
"Butte County Board Supervisor, Bill Connelly, District I",2
By: Jan L. Owen,2
Byron Sher,2
"C. Brent Wallace, Inyo County Past",2
"C.E. Scott Brewster, CFP?,MBA",2
CA Bruce Ochmanek,2
CA Christine A. Treece & David R. Potts,2
CA Clifford Stone,2
CA Mr. Joel Marshall,2
"CAPT Stephen R. Arends, U.S. Navy/Ret",2
CSP W.H. Wells,2
"California Horse Racing Board Member, Robert Trourtlot",2
"Captain Sean Hodges, Fishing Vessel HogHeaven",2
Carlos Avelar (Arizona State Representative),2
"Carmel Muller, Licensed Psychologist",2
Carmela Flores,2
"Carol Cuzner, Individual",2
"Carol J. Sayles, CPA",2
Carol L. Lerner (Attorney),2
"Caroline Joachim, Vice Mayor Fairfax",2
"Casey J. Terribilini, D.C",2
Cathedral City Councilman Greg Pettis,2
Catherine Higley,2
"Chaplain Edward Caputo, Challenger Memorial Youth Center",2
"Chaplain Sr. Claudia Romero, Barry J. Nidorf Juvenile Hall",2
"Charles Jones, Member, San Jose City Council",2
Charles L. Patrick,2
"Charles S. Cooper - Major General, USAF, Retired",2
"Charles Smith, Orange County Supervisor",2
"Charles T. Munger, Jr and Sam Blakeslee, Former Senator (California Legislature Transparency Act Proponents)",2
Charles V. Smith,2
Cheryl Brothers,2
Chet Carlisle,2
Chief Anthony W. Batts,2
Chief Blair Ulring,2
Chief Bradley Ramos,2
Chief Hugo Rodriguez,2
Chief Jim McGinley,2
Chief Joseph M. Kreins,2
Chief Ken Cooney,2
Chief Matthew C. Odetto,2
Chief Paul Cooper,2
Chief Peter Dunbar,2
Chief Ron Ace,2
Chief Vicki L. H. Myers,2
Chief of Police Alan Lanning,2
Chief of Police Anthony,2
Chief of Police Jim Hyde,2
Chief of Police Ken James,2
"Chief of Police Richard J. Ehle, Jr",2
Chief of Police Rick Esteves,2
"Chief of Police William Bratton, City",2
Chris Mann,2
Chris Rogers - City Council Santa Rosa,2
Christine Lizardi,2
Christopher Cross,2
Christopher L. Cabaldon,2
Chuck Yeager,2
"Cindy Delgado Wheeler, State Farm Agent",2
"Cindy Miscikowski, Councilwoman, Eleventh District",2
City Council Member Greg Meister,2
City Council Member Nelson Esparza,2
City Councilmember Angela Villes,2
City Councilmember David Alvarez,2
City Manager Keith Till,2
City of Berkeley Councilmember Lori Droste,2
City of Huntington Beach Charles S. Brobeck,2
City of Imperial Beach Councilmember Mark West,2
City of La Mesa Councilmember Jack Shu,2
City of La Mesa Councilmember Patricia N. Dillard,2
City of Lawndale Councilmember Pat Kearney,2
City of Lincoln Los Angeles County Police Chiefs' Association John M. Simpson,2
"City of Long Beach, Councilmember Suja Lowenthal",2
City of Los Angeles Councilmember Curren Price,2
"City of Los Angeles, Councilmember Ed P. Reyes",2
"City of Los Angeles, Councilmember Jose Huizar",2
City of Modesto Councilmember Chris Ricci,2
City of Sacramento Councilmember Kevin McCarty,2
"City of San Jose, Councilmember Batra",2
"City of San Pablo, Vice Mayor Cecilia Valdez",2
City of Seal Beach Solano County Police Chiefs and Sheriff Association Michael R. Efford,2
City of Seaside Councilmember Jon Wizard,2
"City of Shasta Lake, Greg Watkins, City Councilman",2
City of Woodland Bart Simpson,2
Claire Schlotterbeck,2
"Clarence Dilts, Foreman El Dorado Grand Jury 1991-1992",2
"Claude Parish, Vice Chairman, State Board of Equalization",2
"Claude Parrish, 3rd District, Board of Equalization",2
Clinical Professor of Medicine,2
"Clinton J. Olivier, Fresno City Councilmember, District 7",2
"Co-Director of the University of California, San Francisco Nurse Midwife",2
"Colleen Setzer, County Clerk",2
Commissioner William O. Scott,2
Companies Edward and Peggy Kasaba,2
Congressman Ed Royce,2
Congressman Henry,2
Congressman Henry A. Wasman,2
Congressman Joe Baca,2
"Congressman John Garamendi, California's 3rd District",2
Congressman Ken Calvert (Riverside County),2
Congressman Merv Dymally (retired),2
Congressman Norma Torres,2
Congressman Ro Kahanna,2
Congressman Ro Kanna,2
"Congressman Salud Carbajal, 24th Congressional District, California",2
Congressman Steve Kuykendall,2
Congressman Xavier Becerra (30th District),2
"Congressmember Mark DeSaulnier, 11th District",2
Congressmember Nancy Pelosi,2
Congresswoman,2
Congresswoman Anna Eschoo,2
Congresswoman Lois Capps,2
Congresswoman Loretta Sanchez,2
Constance Tse,2
Contra Costa District Attorney's Office Richard Aromando,2
Contra Costa Sheriffs Department Catherine Gould,2
"Council Member Caity Maple, Chair, Law and Legislation Committee",2
Council President Joe Lacava's Office,2
Councilman Alan D. Wapner,2
Councilman Phil O'Loane,2
Councilman Ron Beagley,2
Councilman Rudy Ramirez City of Culver City,2
Councilman Scott Matas,2
Councilmember Adele Andrade Stadler,2
Councilmember Alison Hicks,2
Councilmember Ara Najarian,2
Councilmember Arianna Barrios,2
Councilmember Avelino Valencia,2
Councilmember Ben Bartlett,2
"Councilmember Bill Baber, La Mesa",2
Councilmember Bob Emery,2
Councilmember Brad Reese,2
"Councilmember Caity Maple, Chair, Law and Legislation Committee",2
Councilmember Charles P. Stone,2
Councilmember Chris Ricci,2
Councilmember Clark,2
Councilmember Cynthia A. Sterling,2
"Councilmember Dan Kalb, City Of Oakland",2
Councilmember Danny Wan - City of Oakland,2
Councilmember Dennis Pocekay,2
Councilmember Donna Colson,2
Councilmember Eduardo Martinez,2
Councilmember Eric Garcetti,2
Councilmember Erin Minett,2
Councilmember Glenn Grandis,2
Councilmember Glenn Miller,2
Councilmember Hung Wei,2
Councilmember Jack Feller,2
Councilmember James Coleman,2
Councilmember Jenny Kassan,2
Councilmember Jerome Kern,2
Councilmember Jerome M. Kern,2
Councilmember Jorge Marquez,2
Councilmember Jorge Morales,2
Councilmember Kate Harrison,2
Councilmember Katherine Lee,2
Councilmember Kathy Watanabe,2
"Councilmember Kerry Hillis, Town of Moraga",2
Councilmember Kevin Haroff,2
Councilmember Kriss Worthington - City of Berkeley,2
Councilmember Larry Forester,2
"Councilmember Larry Glavan, Cudahy",2
Councilmember Laurie Capitelli,2
Councilmember Lynwood Juan Munoz-Guevara,2
Councilmember Mai Vang,2
Councilmember Margaret Clark,2
Councilmember Mark West,2
Councilmember Mary England,2
"Councilmember Mike Bonin, Eleventh District",2
Councilmember Mikke Pierson,2
Councilmember Moreno,2
Councilmember Nau,2
Councilmember Nelida Mendoza,2
Councilmember Paul Krekorian,2
"Councilmember Paul Krekorian, Los Angeles City",2
Councilmember Pedro Aceituno,2
Councilmember Rebecca Garcia,2
Councilmember Ricardo Pacheo,2
Councilmember Robert Torres,2
Councilmember Ronaldo Fierro,2
Councilmember Ruth Luevanos,2
Councilmember Salvador Solorio-Ruiz,2
Councilmember Sara Lamnin,2
Councilmember Sara McDowell,2
Councilmember Stallings,2
Councilmember Steve Johnson,2
Councilmember Susan Wengraf,2
Councilmember Tammy Kim,2
Councilmember Tony Madrigal,2
Councilmember Tyron Hampton,2
Councilmember Valerie Arkin,2
Councilmember Vartan Gharpetian,2
Councilmember Victor Aguilar,2
"Councilmember, 14th District",2
Councilwoman Cristina N. Carrizosa,2
"Councilwoman Giselle Halle, Redwood City",2
Councilwoman Nury Martinez,2
"Councilwoman Nury Martinez, Sixth District",2
County Sheriff William Kolender,2
County Supervisor Kay Ceniceros,2
County Supervisor Ray Nutting,2
County Supervisor Walt Shultz,2
County and Municipal Employees Bruce Ochmanek,2
County of Butte Carl Nelson,2
"County of Humboldt, Supervisor Rex Bohn, District 1",2
"County of Los Angeles, Supervisor Ridley-Thomas",2
"County of Marin, Supervisor Kathrin Sears",2
"County of Napa, Alfred Pedroza District 4 Supervisor",2
County of Santa Barbara Fourth District Supervisor Doreen Farr,2
County of Santa Barbara Third District Supervisor Joni Gray,2
"County of Tulare, District 1 Supervisor, William Sanders",2
"Cruz Bustamante, Lieutenant Governor, State",2
Cruz County Supervisor Gary Patton,2
Culver City Councilmember Alex Fisch,2
"Curt Hagman, Fourth District Supervisor",2
"Cynthia Murray, Supervisor, 5th District, Marin County",2
"D. Russell Burwell, General Partner, Redwood",2
Dale Hurlburt,2
"Dale Reynolds, Mayor",2
"Dan E. Rudin, D.D.S",2
"Dan Eaton, Member, Integrated Waste Management Board",2
"Dan McAllister, San Diego County Treasurer-Tax",2
Dan Nicolaus,2
"Dan Scarlett, Individual",2
Dan Teranto Humboldt Grand Jury 1989-1990 and 1990-1991,2
"Daniel Anaiah Kirk, District 3 Supervisor",2
"Daniel Brady, Illinois State Representative",2
"Daniel D. Farell, Fire Chief",2
"Daniel J. Lanahan, Board Member KCSM TV and Radio",2
Daniel Wilson (Santa Barbara),2
Danielle Maddox,2
Daniels Logue - Yuba,2
"David Bianchi, Esq",2
"David Blake, DJ Quik",2
"David Chu, City Attorney, City and County of San Diego",2
"David Couch, Kern County Board of Supervisors, District 4",2
David Davis,2
David Dolter,2
David Glass,2
David Horowitz,2
"David R. Arant (EN, PT)",2
David Rabbitt,2
"David Ritchie, Former Chair of the Berkeley Police Review Commission",2
"David Vasche, prepared for the Federation of Tax Administrators, September, 2006",2
Davis Law Prof,2
"Dawn-Ortiz-Legg, District Three Supervisor, San Luis Obispo County",2
"Dean, College of Engineering, California State University, Long",2
"Dean, College of Engineering, University of California, Los",2
"Dean, School of Engineering, University of Southern California",2
"Debbi Arnold, District Five Supervisor, San Luis Obispo County",2
Deborah Doyle,2
"Deborah Embree, RN, Trauma Nurse Clinician",2
"Deen Castronovo, Journey",2
Delano City Councilmember Sam Ramirez,2
Denice Wint (individual),2
Denise Cody,2
Denise McNicol,2
Dennis DeCuir (attorney for RLDA),2
"Dennis Hansberger, Supervisor",2
"Dennis Rodoni, Marin County District 4 Supervisor",2
Dennis Rosatti - Harmony Union School Board Trustee (FORMER),2
Dennis T. Collins (Paso Robles wine grape grower),2
"Dennis Washburn, Councilmember",2
Department of Health & Human Services Mary Hebert,2
Deputy District Attorney,2
"Detective William Frogue, Riverside County Sheriff's Department",2
Diana Diaz,2
"Diana Donovan, Board Member, Richardson Bay Audubon Center & Sanctuary",2
Diane Daley-Smith,2
"Dick Fisher, Yolo County Assessor",2
Dilindo V. Orlandini,2
"Director, Barbara S. Custen",2
Dodi Dickson,2
Dolores McIntyre,2
"Don L. Chapman, Inyo County Superior",2
"Don Peralta, Alameda County Board of Supervisors",2
"Dona Spring, City",2
"Donald C. Shoup, FAICP",2
"Donald C. Winter, Secretary",2
Donald Williams Mayor,2
"Donn Hall, Councilman, Imperial Beach",2
"Donna L. Friess, Ph.D",2
"Doug Chaffee, Vice Chairman, Orange County Board of Supervisors",2
Douglas,2
Douglas S. Wolfe,2
"Dr. Anthony Manousos, Quaker, Pasadena",2
Dr. Carl Clark,2
"Dr. Chandrashekhar, MD, MSEE, Victorville, CA",2
Dr. Christine Haller,2
Dr. Cornel West,2
Dr. David G. Evans,2
"Dr. Eugene Bruder, Numismatist",2
"Dr. Forest Tennant, M.D",2
"Dr. Frank Randolph, MD, Colton, CA",2
Dr. Harvey Knoernschild,2
"Dr. Jerome Engel, Chief, Div. of Epilepsy and Clinical",2
Dr. John C. Collins,2
"Dr. John McDougall, MD (individual)",2
"Dr. Leonard Eron, Institute for Social Research, Univ. of Mich",2
"Dr. Leonard Eron, Institute for Social Research, University",2
"Dr. Liebman, MD, Long Beach, CA",2
Dr. Norman and Sidnie DeNardo,2
Dr. Rhuenette Alums,2
Duane Breese,2
Eastin,2
"Ed Balico, Vice Mayor",2
"Ed Reyes, Councilmember, Los Angeles Council",2
"Editor, National Panic/Anxiety Disorder Newsletter",2
Edward D. Banta,2
Edward J. Imwinkelried (UC),2
"Edward R. Campbell, Supervisor, First District",2
"Edward Taras, M.D",2
"Effie Turnbull, Esq",2
Einar Asbo,2
"El Dorado County Grand Jurors, Past Members (3)",2
Eleanor Roosevelt,2
"Eliseo Gamino, Trustee, Firebaugh-Las Deltas School District 1",2
"Elizabeth Warren, Leo Gottlieb Professor of Law",2
Eric Carlson,2
"Eric Swalwell, Member of Congress",2
"Ernest Dronenburg, State Board of Equalization",2
"Ernest Dronenburg, Vice-Chair, State Board of Equalization",2
Erwin Chemerinsky,2
Evan Rachel Wood,2
Family of Kristie Priano,2
Fifth Street Residents,2
Filner,2
Former California State Senator Fran Pavley,2
"Former Lieutenant Governor of California, Cruz Bustamante",2
Former Riverside City Councilman Ameal Moore,2
Former Senator Mark Leno,2
Former State Senator Wes Chesbro,2
"Fran Grattan, Supervisor, Nevada County",2
Fran Larson,2
"Frank C. Beall, Member of the Board of the California Hardwood",2
"Frank C. Robert, Councilman",2
"Frank Roberts, Mayor",2
"Frank Schmehr, Esq",2
Frank Scotto,2
"Fred Stump, Mono County Supervisor, District 2",2
Fred Thomas,2
"Frederick Lear, El Cajon Municipal Court Administrator",2
Fredrick Frost,2
Fresno City Councilmember Steve Brandau,2
Fresno Police Department Sgt. Jay Crawford,2
Frieda Rapoport,2
"Gail Steele, Alameda County Supervisor",2
"Gary Bredefeld, Fresno City Councilmember, District 6",2
"Gary Hardie, Lynwood Unified School Board Member",2
Gary Knight,2
Gary Lucks,2
Gary T. Ragghianti,2
Gary Verwers,2
"Gavin Rossdale, Bush",2
"Gay Abarbanell, CFP, Culver City, CA",2
George,2
"George C. Cunningham, M.D., Chief, Genetic Disease Branch of the California Department of Health Services",2
"George Shirakawa, Jr., Councilmember, City",2
Gerald O'Brien,2
Gerald R. Davis,2
Gina Lamourelle,2
Gisela Larkin,2
"Glendale Unified School District, Board of Education Member, Shant Sahakian",2
"Glenn F. Zurawski, M.D",2
"Glenn Pope, Individual",2
"Gloria Molina, County Board of Supervisors, 1st District",2
"Gloria Sewell-Murphy, Member/EDC Commissioner BMCR/ EHUMC, Richmond",2
Goldfarb,2
Governor Leo McCarthy,2
"Grace Napolitano, Member of Congress",2
"Graciela Ortiz, Mayor",2
Gretchen U. Kingsbury,2
"H. William Taeusch, M.D., Chief, Pediatric Service San",2
Hal Baker,2
"Halstead R. Holman, M.D., Guggenheim Professor of Medicine, Emeritus - Stanford University",2
Harold A. Lail,2
Hayward City Councilmember Kevin Dowling,2
"Heather Hutt, Los Angeles City Council, 10th District",2
Henry F. Trione (neighbor of the facility),2
Herb Bauer,2
Hercules City Council Member Sherry McCoy,2
Holli Their - Tiburon Town Council Member,2
"Hon. Arthur L. Alarcon, U.S. Court of Appeals",2
"Hon. Barbara Boxer, United States Senator",2
"Hon. Bernice Woods, Councilwoman District 3",2
"Hon. Darrel W. Lewis, Judge (Ret.)",2
"Hon. Dianne Feinstein, United States Senator",2
"Hon. Duke Cunningham, Member of Congress",2
"Hon. Duncan Hunter, Member of Congress",2
"Hon. James R. Brandlin, Los Angeles Superior Court",2
"Hon. Jane Robbins, Councilwoman District 4",2
"Hon. Omar Bradley, Councilman District 1",2
"Hon. Pam Slater-Price, District 3 Supervisor, San Diego",2
"Hon. Patricia A. Moore, Councilwoman District 2",2
"Hon. Paul Lewin, Councilmember",2
"Hon. Peggy Hora, Judge of",2
Hon. Quentin L,2
"Hon. Quentin L. Kopp, Judge of the Superior Court (Retired)",2
"Hon. Read Ambler, Judge of the Superior Court, Santa Clara",2
"Hon. Robert C. Coates, San Diego",2
"Hon. Rolleen K. McIrwrath, Judge of the San",2
"Hon. Ron Packard, Member of Congress",2
Hon. Ronald P,2
"Hon. Steve Haderlein, City Councilmember",2
"Hon. Ted J. Mertens, Mayor",2
"Honorable Barabara Lee, Member of Congress, 9th District, California",2
"Honorable Carol Dutra Vernaci, Mayor",2
"Honorable Charles W. Froehlich, Jr., Associate Justice, Fourth District of",2
"Honorable David Tokofsky, Board of Education",2
"Honorable Debra Bowen, California Secretary of State",2
"Honorable Dominic L. Cortese, Assemblymember 1980-1996",2
"Honorable James T. Warren, Presiding",2
Honorable Jerome Horton,2
"Honorable John Chiang, member, Board of Equalization",2
"Honorable Lynn Robinson, Mayor",2
Honorable Mary Salas,2
"Honorable Michael Feuer, City Council of Los Angeles",2
"Honorable Michael Nash, Presiding Judge, Juvenile Court, Monterey Park",2
Honorable Phil Angelides,2
"Honorable Robert Kurt, Superior Court Judge, Alameda County",2
"Honorable Roberta MacGlashan, Sacramento County Supervisor",2
"Honorable Salud Carbajal, Member of the United States Congress",2
"Honorable Salud Carbajal, Representative, 24th District of California, U.S. Congress",2
"Honorable Sam Farr, 17th",2
"Honorable Sam Farr, Member",2
"Honorable Sam Farr, Member, U.S. Congress",2
Honorable Senator Richard Polanco (Ret.),2
"Honorable Tony Cárdenas, Member of the United States Congress",2
"Honorable Wally Herger, United States Senator",2
"Honorable Zoe Lofgren, Member of the United States Congress",2
"Hugo Soto-martinez, Los Angeles City Council, 13th District",2
Humboldt County Supervisor Mike Wilson,2
"Illa Collins, Sacramento County Supervisor",2
"Imelda Padilla, Los Angeles City Council, 6th District",2
Indio City Councilmember Glenn Miller,2
Individual - Medical Professionals Coalition Letter,2
Irvine Council Member Larry Agran,2
"Isaac Herrera, Californiarlsbad",2
Jack Cohen,2
"Jack Drown, Chief of Police",2
Jackie Speier,2
"Jacque Sexton, Constituent of Senator Sher",2
James Wong,2
Jamie O'Neal,2
"Jan Perry, Los Angeles City Council",2
Jane Antreich,2
Jane Meadows (Allen),2
"Janice Hahn, Member of Congress",2
"Jared Huffman, Member of Congress",2
"Jay Hansen, Sacramento County School Board Member",2
Jeff Welch,2
Jennifer Newell,2
Jenny Oaks,2
"Jerome Horton, Board Member, Board of Equalization",2
Jerry Diller,2
"Jerry Dunkin, Councilmember",2
Jess Leiter,2
"Jess Van Deventer, Sweetwater Authority Board Member",2
"Jim Costa, Member of Congress",2
Jim Gregg,2
"Jim Lingl, Esq",2
Jim Liontas,2
Jim Purgdall,2
Joan Lichterman,2
Joe and Shannon Kelly (residents),2
Joel,2
"Joel Anderson, San Diego County Supervisor, District Two",2
"Joel Wachs, Los Angeles City Councilman",2
"Johan Klehs, Board of Equalization",2
"Johan Klehs, Member, BOE, First District",2
"Johan Klehs, Member, Franchise Tax Board",2
"Johan Klehs, State Board of Equalization",2
John Brooks,2
John Burton,2
"John Chiang, Acting Member, BOE, Fourth District",2
John Coleman,2
John Crombach,2
"John Davids, Esq",2
John Fall,2
John Kautz,2
"John Leopold, First District Supervisor, Santa Cruz County Board of Supervisors",2
John Mellor,2
John Olmstead,2
Jones,2
Joni Marie Barr,2
"Jonna Mazet, DVM, MPVM, PhD, UC Davis Wildlife Health",2
"Jose Gurrola, Mayor Pro Tem",2
"Juan Vargas, Council Member",2
Juanita Kodera,2
"Judge Alan Rosenfield, Newhall Municipal Court",2
Judge Barry Loncke,2
Judge Darrell W. Stevens,2
"Judge Dean D. Pregerson, United States District Court for the Central",2
Judge Donald C. Byrd,2
"Judge Hammes & Judge Lasater, San Diego Superior Court",2
Judge Harold E. Shabo of the Los Angeles Superior Court,2
"Judge Harold E. Shabo, Supervising Judge of the Mental",2
"Judge James Milliken, San Diego Juvenile Court",2
Judge Jerrold Krieger of the Los Angeles Superior Court,2
"Judge Laura Hammes, San Diego Superior Court",2
"Judge Phillip Saeta, Los Angeles Courts",2
Judge Roderic Duncan (Ret.),2
Judge Ronald R. Combest,2
Judge Stephen V. Manley,2
"Judge William F. Ferroggiaro, Jr., Superior Court of Eureka",2
"Judy Chu, Member of Congress",2
"Julia Brownley, Member of Congress",2
Julia Funk,2
Julian Leldman,2
"Justice Donald B. King, First Appellate District Court",2
"Kathleen E. Sullivan, San Diego",2
Kathy Hamilton,2
"Katie Rice, Supervisor, Marin County",2
Keena,2
"Keith Carlson, Alameda County Supervisor",2
"Keith Carson, Alameda County Supervisor, District 5",2
Ken Jeffrey,2
"Kenny Edmonds, Babyface",2
Keren Subramanya,2
Kern County Supervisor Ken Peterson,2
Kern County Tax Collector Jordan Kaufman,2
"Kevin W. Crye, Shasta County Supervisor, District 1",2
Kolender,2
"Kopp, Judge of the San Mateo County Superior",2
L. James Lea,2
L.A. County Supervisor Mark Ridley-Thomas,2
LA County Supervisor Michael Antonovich,2
"LaJoie H. Gibbons, Inyo County District",2
Lai-Bitker,2
"Larry Bragman - Director, Division 3 Marin Municipal Water District (FORMER)",2
"Larry M. Burns, Board Member, Riverside Chamber's Magnolia",2
Laura Eilerts,2
Laura Jett,2
"Laurance S. Smith, Esq",2
"Lawrence D. Sukay, Assistant Chief",2
"Lawrence D. Sukay, Assistant Fire Chief",2
Lee Dean,2
Lily Tomlin,2
"Linda Diane Harris, Independent Agent",2
"Linda Parks, Ventura County Supervisor",2
"Linda Seifert, Supervisor, Solano County",2
Linda Woolcott,2
"Linden Dillin, M.D",2
"Lindsey Horvath, West Hollywood City Councilmember",2
Lisa Stern,2
Local 342 John Russo,2
Long Beach City Councilmember Dee,2
Long Beach City Councilmember Laura Richardson,2
Lonnie Wells,2
Los Angeles Board of Public Works Commissioner Paula Daniels,2
"Los Angeles City Council Member David Ryu, 4th District",2
"Los Angeles City Council Member Paul Koretz, 5th District",2
Los Angeles City Council Member Ruth Galanter,2
Los Angeles City Council Office of Marqueece Harris Dawson,2
Los Angeles City Councilmember David E. Ryu,2
Los Angeles City Councilmember Dennis Zine,2
Los Angeles City Councilmember Eric Garcetti,2
Los Angeles City Councilmember Gilbert Cedillo,2
Los Angeles City Councilmember Jackie Goldberg,2
Los Angeles City Councilmember Kevin de Leon,2
Los Angeles City Councilmember Laura Chick,2
Los Angeles City Councilmember Paul,2
Los Angeles City Councilmember Tony Cardenas,2
Los Angeles City Councilmember Wendy Greuel,2
Los Angeles City Councilwoman Cindy Miscikowski (Westchester and West LA),2
Los Angeles City Councilwoman Traci Park,2
"Los Angeles Councilmember Felipe Fuentes, 7th District",2
Los Angeles Councilmember Paul Krekorian,2
Los Angeles County Steve Magarian,2
Los Angeles County Supervisor Kathryn Barger,2
Los Angeles County Supervisor Yvonne B. Burke,2
"Los Angeles County Veterans Service Officer, Lancaster, Robert A. Ortiz (USN Retired)",2
Los Angeles Superior Court Judge Joseph A. Brandolino,2
Los Angeles Supervisor Michael Antonovich,2
Los Angeles Unified School District Board Member Jose,2
Los Angeles Unified School District Board Member Marguerite,2
"Lou Correa, Orange",2
Louisiana Governor Bobby Jindal,2
Lt. Governor Cruz,2
"Lucille Roybal-Allard, Member of Congress",2
Lucinda Williams,2
"Luis Chavez, Fresno City Councilmember, District 5",2
Lungren,2
"Lynn Compton, District Four Supervisor, San Luis Obispo County",2
"Madera County Board Supervisor, Tom Wheeler, District V",2
Maggie Dee,2
"Malia Cohen, Member, Board of Supervisors, City and County of San Francisco",2
"Mani Grewal, Stanislaus County Supervisor, District 4",2
"Manuel Ontal, Jr., Councilman for the City of Carson",2
"Margaret Wheeler, M.D., Director, Primary Care Internal",2
Margery N. Miller,2
Maria Doe,2
Maria Medina,2
Marin County Clerk Michael Smith,2
"Marion Somers, Ph.D, (www.drmarion.com)",2
"Mark DeSaulnier, Supervisor, Contra Costa County",2
"Mark Hennelly, Deputy Director of Government Affairs",2
Mark Liebowitz,2
"Mark Luce, Napa County Board of Supervisors",2
"Mark Nuaimi, Mayor",2
"Mark Ridley-Thomas, LA County Supervisor",2
"Mark Takano, Member of Congress",2
"Marvin Braud, Los Angeles City Councilman",2
Marvin J. Rezac,2
"Mary Griffin, San Mateo County Supervisor",2
Massachusetts State Senator Marc R. Pacheco,2
"Matt Jiminez, Councilmember",2
Max Perrey - Mill Valley City Council,2
Maxine Britt,2
Mayor Arca,2
Mayor Eleanor L. Zimmerman,2
Mayor Elizabeth Williams,2
Mayor Garcia,2
Mayor Jim Dear,2
Mayor Larry Brown,2
Mayor Mary England,2
Mayor Pro Tem Bill Wells,2
Mayor Pro Tem Gabriel Quinto,2
Mayor Pro Tem Trevor O'Neil,2
Mayor Pro Tempore John M Erickson,2
"Mayor Ric Loya, City of",2
Mayor Salazar,2
Mayor Suzan Smith,2
Mayor W. Richard Ulmer,2
"Mayor W.D. ""Bill"" Landis",2
Mayor Wilder,2
Mayor William D. Shinn,2
Mayor of Bakersfield Kern Oil & Refining Company Leticia Perez,2
Mayor of Ojai,2
Mayor of San Luis Obispo,2
Mayor pro Tempore,2
Member of Board of Directors of Hallwood Irrigation Company,2
"Member of Congress, Maxine Waters",2
"Members of California's Congressional Delegation: Pete Aguilar, Salud Carbajal, Tony Cardenas, Lou Correa, Jim Costa, Mark DeSaulnier, Jimmy Gomez, Ted Lieu, Grace Napolitano, Alan Lowenthal, Doris Matsui, Jerry McNerney, Jimmy Panetta, Linda Sanchez, Mike Thompson, Norma Torres, and Juan Vargas",2
"Michael Antonovich, Supervisor",2
"Michael Barnes, Albany City Council",2
"Michael D. Antonovich, County Board of Supervisors, 5th District",2
Michael DuRee,2
"Michael McGinnin, Mayor",2
"Michael P. Guingona, Councilmember",2
"Michael Schumacher, Orange County",2
"Michelle Steel, State Board of Equalization",2
"Michelle Steel, VC State Board of Equalization",2
"Michelle Steel, Vice Chair, State Board of Equalization",2
"Michelle Steele, Member of the Board of Equalization",2
"Mike Honda, Member of Congress",2
"Mike McGowan, Yolo County Supervisor",2
"Mike McGowan, Yolo County Supervisor, First District",2
"Milton I. Roemer, M.D. Prof. of Health",2
"Monica Garcia, Board Member, Los Angeles Unified School District",2
"Monica Garcia, LAUSD Board Member, District 2",2
Mother of Tyler Jaeger,2
Mountain View Police Department Beth Kafer,2
"Mr. David A. Lash, Executive Director",2
"Mr. Don Geiger, President of the Sesquicentennial",2
Mr. Frank Hill,2
"Mr. Frank Staben, Staben Equipment",2
"Mr. Greg Donlon, Staben Equipment",2
"Mr. Henry Guttentag, Fountain Vly., CA",2
Mr. Jim Liontas,2
Mr. Kenneth Schelberg,2
Mr. Ron Titus,2
"Mr. Scotty Syler, Staben Equipment",2
"Mr. Steve Guttentag, Fountain Vly., CA",2
Mr. Steve Konoff,2
Mrs. Diane Xitco,2
"Ms. Barbara Beatty, Berkley, CA",2
Ms. Beth Kelvington,2
Ms. Cecilia Nunez,2
"Ms. Deborah J. La Franchi, Member, Business Tax Advisory",2
"Ms. Elizabeth A. Vencil, MT (ASCP)",2
"Ms. Lisa Freeman-Grant, Paralegal",2
"Ms. Lynne Guttentag, Fountain Vly., CA",2
Ms. Sherry McCoy,2
Ms. Sonia Lagan,2
Myron Everhart,2
"Nate Miley, Supervisor, Alameda County, District 4",2
"Nathan Fletcher, San Diego County Supervisor",2
National City Councilmembers Alejandra Sotelo-Solis and Mona Rios,2
"Nena Fendel, Attorney",2
"Nicholas Waranoff Orinda, CA",2
"Nick Roxborough, Esq., Roxborough, Pomerance, Nye, & Adriani, counsel for",2
Nick and Amanda Wilcox,2
Nicole,2
Nicole Brown Simpson,2
"Nora Vargas - Supervisor, San Diego County",2
Norwalk Councilmember Jennifer Perez,2
"Novato City Councilmember, Denise Athas",2
Numerous Private Parties,2
"Nury Martinez, Board Member, Los Angeles Unified School District Board",2
Oakland City Council Danny Wan,2
Oceanside City Councilmember Jack Feller,2
Oceanside City Councilmember Jerome Kern,2
Office of Assemblymember Laura Friedman,2
Office of Congressman Sam Farr,2
Office of Councilmember Raul Peralez,2
"Office of Long Beach Councilmember Al Austin, 8th District",2
Office of US Rep. Young Kim (CA-39),2
Orange County Supervisor Andrew Do,2
Orange County Supervisor Bill Campbell,2
Orange County Supervisor Lisa Bartlett,2
Orange County Supervisor for the Second District,2
"PERSONAL Johan Klehs, Member of Board of Equalization",2
"Pam Slater-Price, San Diego County Board of Supervisors",2
"Pam Slater-Price, San Diego County Supervisor",2
"Pam Slater-Price, Supervisor Third District, San Diego County",2
"Pamela Foust, Workers Compensation Judge, Santa Monica Court",2
Pamela Hoye,2
"Pat Frank, FPA Ventura",2
"Patricia C. Bates, Orange County Board of Supervisors",2
"Patricia Conrad, DVM, PhD, UC Davis School of Veterinary",2
"Patrick J. Morris, Mayor",2
Patrick Johnston (former State Senator),2
Patrick McKinely,2
"Patsi Sinnott (PT, MPH)",2
Patti Tang,2
"Paul Billings, M.D., Ph.D. Stanford University School of Medicine",2
"Paul Desterman, Mindy Desterman",2
Paul Fackrell,2
"Paul Krekorian, Councilmember",2
"Paul M. Mahoney of Jones, Mahoney, Brayton & Soll, Attorneys at Law",2
Paula Cole,2
Paula Treat,2
"Peggy Huang, Mayor",2
"Pete Constant, San Jose Councilmember, District 1",2
"Pete McHugh, Santa Clara County Supervisor",2
"Peter C. Tornay, Attorney at Law",2
"Peter H. Rast, Collision Forensics",2
"Peter Sheehan, Attorney for the Plaintiffs in Central Valley Chapter",2
"Peter Tufano, Professor, Hayward Business School",2
"Phil Serna, District 1, Sacramento County Supervisor",2
Phil Ting,2
Philip C. Favro (Former CA State Fire Marshal),2
"Philip L. Soto, Judge, Los Angeles Superior Court",2
Phyllis Breckan,2
Placer County Edward N. Bonner,2
Police Edward Medrano,2
"Pomona City Council Member, Paula Lantz",2
"Pomona City Council Member, Willie White",2
Pomona City Councilmember Daniel Rodriguez,2
Pomona City Councilmember Debra Martin,2
Pomona City Councilmember Freddie,2
Pomona City Councilmember John Nolte,2
Private Constituents,2
"Professor Barry Krisberg, U.C. Berkeley School of Law",2
"Professor Elizabeth V. Sweet, Department of Sociology, UC Davis",2
Professor Eugene,2
"Professor Janet Weinstein, California Western School of Law",2
"Professor Kenneth Klein, California Western School of Law",2
"Professor Marci Hamilton, Benjamin Cardozo School of Law, Yeshiva University",2
"Professor Rebecca Hains, Center for Childhood and Youth Studies, Salem State University",2
"Professor Richard Zirtrin, Lecturer in Law",2
"Professor William Wesley Patton, Whittier Law School",2
Quintero,2
Rabbi Suzanne Singer,2
"Rajiv Bhatia, M.D., Director of Environmental Heath, S.F. Dept. of Public",2
Ramon Alvarez - Citizen,2
Ratcliff,2
Raymond Katz,2
Renee Franken,2
"Representative Barbara Lee, Member of Congress",2
Representative Bilbray,2
Representative Buck McKeon,2
"Representative Cynthia Thielen, State of Hawaii",2
Representative Doggett,2
Representative Juan Vargas,2
Retired People,2
Retired State Senator Martha M. Escutia,2
"Rev. Henry W. Hearns, Vice Mayor",2
Richard Winger,2
Richmond City Councilmember Jovanka Beckles,2
Riverside County Fair Housing Commissioner,2
Riverside County Supervisor Marion Ashley,2
Rob Reiner,2
"Robert A. Rose, M.D",2
Robert Bare,2
"Robert F. Pasero, California State Chaplain",2
"Robert L. Poythress, Madera County Supervisor, District 3",2
"Robert L. Weinmann, M.D. Qualified Medical Evaluator (QME)",2
"Robert N. Hamburger, M.D., Prof. of Pediatrics Emeritus, U.C. San Diego School of Medicine",2
Robert Owen (City Attorney),2
"Robert Shulman, County Counsel",2
Robert Todd,2
Robert and Beverly Roths,2
"Robin F. Holloway, Independent Agent",2
Robin Reagan,2
Robin Ringstad,2
Robyn Huey Lao,2
"Roderick D. Wright, Assemblyman, 48th",2
"Roger Dickenson, Assembly Member Emeritus",2
Ron Allen,2
Ron Ranus,2
"Ron Roberts, San Diego County Board of Supervisor",2
"Ronald L. Davis, East Palo",2
"Ronald O. Davies, D.D.S./Anesthesiology for",2
"Ronald S. Katz, Chair Emeritus of the Institute of Sports Law and Ethics at University of Pacific",2
"Ronald Wiksell, Esq",2
"Ross Mirkarimi, Member, San Francisco Board of Supervisors",2
"Ross Valory, Journey",2
Royce Mclemore - Marin City Community Services District Board Member (FORMER),2
Russell Gibbon (Individual),2
Russell Johnson,2
"Ruth Galanter, Los Angeles City Councilwoman",2
"Ruth Roemer, JD, Adjunct Professor Emerita, UCLA",2
"Ruth Uy Asmundson, Mayor",2
"Ryan Coonerty, Third District Supervisor, Santa Cruz County Board of Supervisors",2
Sacramento County Adrienne James,2
"Sacramento County Board Supervisor, Don Nottoli - District 5",2
Sacramento County Supervisor Roberta,2
"Sacramento County Supervisor, Illa Collins",2
"Sacramento County Supervisor, Muriel P. Johnson",2
"Sacramento County Supervisor, Pat Hume",2
Sacramento County Walt Baer,2
Sacramento Municipal Court Judge Lloyd Connelly,2
Sacramento Patricia Haynell,2
Sacramento Seriene Brown,2
Sacramento Victoria Anderson,2
"Sally Van Ingen, Member, Richardson Bay Audubon Center & Sanctuary of Marin",2
"Salvador Sarmiento, Attorney for Vendors",2
"Sam P. Karas, Monterey County Supervisor",2
San Bernardino County Supervisor Janice Rutherford,2
"San Bernardino County Supervisor, James C. Ramos",2
"San Diego Board of Supervisors, 4th District, Nathan Fletcher",2
San Diego City Council Member Sherri S. Lightner,2
San Diego City Councilman Scott Sherman,2
San Diego City Councilmember Chris Cate,2
San Diego City Councilmember Juan Vargas,2
San Diego City Councilmember Keven Faulconer,2
San Diego City Councilmember Lorie Zapf,2
San Diego City Councilmember Marti,2
San Diego City Councilmember Wear,2
San Diego Councilmember Jennifer Campbell,2
San Diego Councilmember Marni Von Wilpert,2
San Diego Councilmember Michael Zucchet,2
San Diego County Supervisor Nora Vargas,2
San Diego County Supervisor Pam Slater,2
San Diego County Supervisor Roberts,2
San Diego Mayor Bob,2
San Francisco Supervisor Eric Mar,2
San Jose City Councilmember Ash Kalra,2
San Jose City Councilmember Ken Yeager,2
San Jose City Councilmember Tam Nguyen,2
San Jose Councilmember Michael Mulcahy,2
San Mateo City Councilmember Claire Mack,2
San Mateo Supervisor Rich Gordon,2
San Rafael City Councilman Damon,2
"Sandi Flores, RN",2
"Sandra Blair, Family Law Specialist",2
Santa Ana City Councilwoman Michele Martinez,2
Santa Clara City Councilmember Kevin Moore,2
Santa Clara City Councilmember Will Kennedy,2
"Santa Clara County Deputy Superintendent of Schools, Cary Dritz",2
"Santa Clara County Supervisor Jim Beall, Jr",2
Santa Clara County Supervisor Susan Ellenberg,2
"Santa Clara County Supervisor, George Shirakawa",2
Santa Clara Vice Mayor Jamie L. Matthews,2
"Sarah-Jeanne Royer, PhD - Scripps",2
"School of Science, Department of Biological Sciences, Robert A. Main, Ph.D., Professor of Zoology (Emeritus)",2
"Scott Schmerelson, LAUSD District 3 Board",2
"Scott Schmerelson, Los Angeles Unified School District Board Member, District 3",2
"Scott Weiner, San Francisco County Supervisor",2
Seattle Councilmember Ksharma Sawant,2
"Seema Patel, Planning Commissioner",2
"Sen Sarbanes, Paul S",2
Senator Aanestad,2
Senator Alquist,2
Senator Burton,2
Senator Campbell,2
Senator David Roberti,2
Senator Domenici,2
Senator Emmerson,2
Senator Ford (Sacramento),2
Senator Hancock,2
Senator Jackie Speier,2
Senator Johannessen,2
Senator K. Maurice Johannessen,2
Senator Karnette,2
Senator Lucy Killea,2
"Senator M. L. Dierks, Agriculture Committee Chair, Nebraska",2
"Senator M.L. Dierks, Agriculture Committee Chair, Nebraska",2
Senator Maddy,2
Senator Marks,2
Senator Robert Presley (retired),2
Senator Rubio,2
Senator Runner,2
Senator Speier,2
Senator Steve Peace,2
"Senators Paul Muegge and Bruce Price, Agriculture Committee",2
Shasta County California District Attorneys Association California Union of Safety Employees California State Sheriffso Association Individuals,2
Sheldon Ramsay,2
Sheriff Robert Doyle,2
"Sherri A. Mason, Ph. D",2
"Shira Rutman, Research Coordinator, UCSF Center for",2
Social Worker Meredith Diane Moll,2
Solano County Second District Supervisor Linda J. Seifert,2
Sonya Winchell,2
Southwestern Community College District Governing Board Members Nora E,2
Speaker Curt Pringle,2
Speaker Nunez,2
Speaker Nunez and Senator Lowenthal,2
Speaker Pérez,2
Stallings,2
Stan Cardenas,2
State Board of Equalization Dean Andal,2
State Board of Equalization Hon. Johan Klehs,2
State Board of Equalization Vice Chair Michelle Steel,2
State Representative Jonathan Paton,2
"State Senator Henry Mello, Retired",2
"Stephen Barnett, Professor of Law, Boalt Hall, UC Berkeley",2
"Stephen Moitozo, Trustee for the Gustine Unified School",2
"Stephen Rohde, Esq",2
"Steve Augeri, Journey",2
Steve Cohn,2
"Steve Cohn, Sacramento City Councilmember and Board Member of the Capitol",2
Steve Kinsey,2
"Steve Kinsey, Marin County Supervisor",2
Steve Levin,2
"Steve Lynch - Lt. Col., USAF, Retired",2
"Steve Rohde, Esq",2
Steve Vaczovsky,2
"Steven Choi, Member, Irvine City Council",2
"Steven Kingsley, Sales Agent for Morgan Fish Company, San",2
Stockton Police Department Thomas McKinnon,2
"Sue Bierman, San Francisco Supervisor",2
Summary. Assemblyman Knowles,2
Superior Court Judge,2
"Supervisor Ahsha Safai, City and County of San Francisco",2
"Supervisor Barbara Patrick, Kern County",2
"Supervisor Bill Horn, 5th District",2
"Supervisor Dave Potter, Monterey County",2
"Supervisor David Campos, San Francisco Board of Supervisors",2
"Supervisor Dawn Ortiz-Legg, San Luis Obispo County-District 3",2
"Supervisor Don Horsley, 3rd District",2
"Supervisor Don Knabe, Los Angeles County Board of Supervisors",2
"Supervisor Don Nottoli, Sacramento County",2
"Supervisor Eddie Valero, Tulare County Board of Supervisors",2
"Supervisor Eric Mar, San Francisco - District 1",2
Supervisor Gayle B. Uilkema of Contra Costa County,2
"Supervisor Greg Cox, San Diego County, Board of Supervisors",2
"Supervisor Holly Mitchell, Los Angeles County Board of Supervisors",2
"Supervisor Janice Hahn, Los Angeles County",2
Supervisor Jaron Brandon,2
"Supervisor Jill Cox, Trinity County Board of Supervisors, District 2",2
"Supervisor Joel Engardio, San Francisco Board of Supervisors",2
Supervisor Jon D. Mikels,2
"Supervisor Karen Mitchoff, Contra Costa County",2
"Supervisor Katrina Foley, Orange County Board of Supervisors",2
"Supervisor Lindsey Horvath, Los Angeles County Board of Supervisors",2
Supervisor Lisa Bartlett,2
"Supervisor Louis R. Calcagno, 2nd District",2
"Supervisor Marion Ashley, 5th District, Riverside County",2
Supervisor Mark Leno - City and County of San Francisco,2
"Supervisor Mike Kerns, Sonoma County",2
Supervisor Nathan Fletcher,2
"Supervisor Pam Slater, San Diego County",2
"Supervisor Phil Serna, Sacramento County",2
Supervisor Rex Bohn,2
"Supervisor Ross Mirkarimi, San Francisco Board of Supervisors",2
"Supervisor Roy Wilson, 4th District, Riverside County",2
"Supervisor Sam Karas, Monterey County",2
"Supervisor Shirlee Zane, Third District, Sonoma County Board of Supervisors",2
Supervisor Sophenia Maxwell,2
Supervisor Steve Brandau,2
"Supervisor Teri Murrison, Tuolumne County, District 3",2
Supervisor Timothy J. Staffel,2
"Supervisor Vicente Sarmiento, Orange County Board of Supervisors",2
"Supervisor Vincente Sarmiento, Orange County Board of Supervisors",2
"Susan E. Hoffman, Poet",2
Susan McLaughlin,2
"Ted Lieu, Member of Congress",2
"Terrie Green, Marin City Community Services District Board Member",2
Terry Trumbull,2
"The Hon. Roger G. Bunch, Mayor",2
"The Honorable Bill Dennison, Plumas County Supervisor",2
The Honorable Diane Harkey,2
"The Honorable Eric Sklar, Commissioner, California Fish and Game Commission",2
"The Honorable Gregorio Gomez, Councilmember",2
"The Honorable Howard P. ""Buck"" McKeon, Member of Congress",2
"The Honorable Hugo Loza, Commissioner of Tulare County",2
"The Honorable Jennifer Hosterman, Pleasanton City Councilmember",2
"The Honorable Jim DeMartini, Supervisor, District Five, County of",2
"The Honorable John S. Adams, Orange County Superior Court",2
"The Honorable Kathryn Barger, Supervisor, Los Angeles County",2
"The Honorable Katie Valenzuela, Sacramento City Councilmember",2
"The Honorable Les Baugh, Shasta County Board of Supervisors",2
"The Honorable Sherri Lightner, Councilmember",2
"The Honorable Susan B. Anderson, Supervisor, District Two, County of",2
"The Honorable Sylvia Muñoz Schnopp, Council Member",2
The Honorable Terry Friedman,2
"The Honorable Vito Chiesa, Supervisor, Stanislaus County Board of Supervisors",2
"The Honorable William O'Brien, Supervisor, District One, County of",2
"The Honorable William Oliver, Councilmember",2
"The Honorable Willie L. Brown, Mayor",2
The Stennis Family,2
"Thomas H. Downing, DDS",2
Thomas Ring,2
"Thomas W. Wilson, Supervisor of Orange County, Fifth District",2
Tim Gunn,2
"Tim Johnson, County Clerk",2
"Todd Gloria, San Diego City Council Member",2
Toni Atkins,2
Trisha Bridenstine,2
"Trustee Rick Winet, La Mesa-Spring Valley School District",2
Two Constituency Letters,2
"Tyron Hampton, Councilmember",2
U.S. Senator Byron Dorgan (D-North Dakota),2
United States Congresswoman Maxine Waters,2
United States House of Representatives Member Ted Lieu,2
Urban Carmel - Mill Valley City Council,2
"V. Manuel Perez, Supervisor",2
Vanaman,2
Varner,2
Vice Mayor Francisco Ramirez,2
Vice Mayor Giselle Hale,2
Vice Mayor Gloria C. Normura,2
Vice Mayor Jen Wolosin,2
Vice Mayor Lucas Ramirez,2
Vince Ferriole,2
Volokh,2
Walter Mix,2
Walter Perry Jr,2
Water Boardmember Bryan Urias,2
Water District Boardmember Raul Romero,2
"William J. Urquhart, Command Sergeant Major (Ret)",2
William Kilgarlin,2
William T. Bagley,2
William W. Doss,2
Willows County of Sacramento Independent Cities Association Councilmember Laura Chick,2
"Wilma Chan, Alameda County Board of Supervisors Board",2
"Win Cowger, PhD Student UC Riverside",2
"Yvonne Brathwaite Burke, Board of Supervisors",2
Yvonne Fong,2
"Zach Hilton, Councilmember",2
"Zella Knight, Housing Commissioner",2
Zev Yaroslavsky,2
for Northern California,2
various judges who have contacted,2
"John de Beck, San Diego Unified School District",2
Councilmember-Elect Gil Cedillo to the Los Angeles City Council for,2
County of Cudahy City Council Dr. John Robertson,2
County of Cudahy City Council Jane Friedkin,2
County of Eureka City Councilwoman James L. Worthen,2
"County of Yvonne P. Martin, Mojave",2
Deana Dana and Yvonne Brathwaite Burke Laura Chick Councilmember,2
"Manuel E. Ortega, Chief of Police",2
San Gabriel Valley Municipal Water District Boardmember Raul Romero,2
"Valerie Richards, Parents of Murdered Children",2
"Willis Casey, Chief of Police",2
"City of Porterville, Council Member, Daniel Penaloza",2
"Georgetta Gomez, San Diego City Council, 9th District",2
"Joy Moore, Member Child Nutrition Advisory Committee, Berkeley Unified School District",2
"Tom Cahill, Head of the Delta Group, University of California, Davis",2
"Sacramento City Council Member, Bonnie Pannel, District 8",2
"Receiver Robert Sillen, appointed by the Court in Plata v. Schwarzenegger",2
"Matthew K. Fust, senior advisor to Out Leadership/Quorum",2
Ackerman,2
"Andrew S. Phillips, individual",2
"Barry Wasserman, FAIA, former California State Architect",2
"Bill Slaton, SMUD board member",2
Carl Macmurdo Taxi Driver and Board member of PDA,2
"County of Fresno, District 4 Supervisor/SJVUAPCD board member, Judith G. Case",2
"County of Tulare, District 4 Supervisor/SJVUAPCD board member, J. Steven Worthley",2
Diane Longshore,2
Escutia,2
Hollingsworth,2
"James N. Woods, CIH, CSP",2
"Jonathan A. Eisen, professor at University of California, Davis",2
Jules Lobel- lead counsel in Ashker v Governor of California,2
"Sandra J. Haskins, nursing home administrator",2
"William Stiener, Supervisor IV, Orange County Board of Supervisors",2
"member, Jack A. Sieglock",2
"member, Thomas W. Mayfield",2
"Rajiv Bhatia, M.D., Director of Environmental Heath, S.F. Dept. of Public Health",2
"Robert Goldstein, Attorney at law (Plaintiffs attorney in)",2
Supervisor Erickson from Siskiyou County (formerly listed),2
Supervisor Kerns from Sonoma County (formerly listed as),2
Child Advocacy Center Emergency Response social worker Frank Tenedora,2
"George Deukmejian, former Governor",2
Gordon Damant - former Chief of the Bureau,2
"James D. Wood, DDS, member of the Missing Persons DNA",2
Inc. Three Individuals,2
"Natasha Johnson, Councilmember",2
"Supervisor, Fourth District",2
"Alan D. Bersin, U.S. Attorney, Southern District of California",2
"Albert Woolstencroft, San Diego, CA",2
Alexandra Leichter (Family Law Attorney),2
Alpine County Superior Court Judge John K. Leton,2
"Andre Harrison, Sr., Communications Operations Supervisor, Mountain View",2
Assemblymember Longville,2
Attorney Michael Fiumara,2
"Auxiliary Bishop Joseph Sartons, Archdiocese of Los Angeles",2
Baldwin Park City Councilmember Ricardo Pacheo,2
"Barbara Johnson, Attorney at Law",2
Beaumont Police Department Investigator Alfonso Valdez,2
"Bennett Kayser, Board Member, Los Angeles Unified School District",2
Berkeley City Councilmember Darryl Morre,2
"Beth Kafer, Communications Manager, San Benito County Sherrif's Office",2
"Bill Campbell, Orange County Supervisor",2
Burbank Library Services Director,2
California Professional Firefighters Eric L. Peterson,2
"Carol B. Amessen, Administrator, Orange County Dept. of Education",2
"Carol Fiedler, Viatical Settlements Broker, Corte Madera: No position",2
"Carol Washburn, CEO of the City of Calabasas Chamber of Commerce",2
"Carolyn Sufrin, primary author of the comprehensive study on Pregnancy outcomes in Prison",2
"Charles Cullen, Director Technical Services, Palo Alto Police Department",2
"Cheryl Brothers, Fountain Valley City Council Member",2
"Christine A. Treece & David R. Potts, Woodland, CA",2
"Clifford Stone, Vista, CA",2
Congressman Henry A. Waxman,2
"Councilmember Juan Vargas, San Diego",2
Covina City Councilmember Jorge Marquez,2
"D. Simmons, Detective, Stockton Police Department",2
"Danny Wan, Member, Board of Directors, East Bay Municipal",2
"Dave Lefler, Western Drilling, Inc",2
"David Brenner, Director, Columbia University Center for Radiological Research",2
"Dr. Aaron Kheriaty, Associate Clinical Prof of Psychiatry, University of California Irvine",2
"Dr. Hank Chambers, Medical Director, Children's",2
"Dr. Richard Koch, Professor of Pediatrics, University of Southern California School of Medicine",2
"Ed Szendrey, Supervising Investigator, Butte County DA's Office",2
"Edward Nardell, Harvard University, Division of Global Health Equity",2
"Eric Garcetti, Los Angeles City Councilmember",2
"Erika Schwartz, President of TCB International",2
"Ernest Blatchley, Lyles School of Civil Engineering, Purdue University",2
"Five individual city councilmembers from the Cities of San Jose, Berkeley, Oakland, Los Angeles, and San Francisco",2
Former Assemblymember Alister McAlister,2
Former Civil Rights Investigator with the US. Department of Education,2
"Former Commissioners of Corporations Willie R. Barnes, Anthony Pierno and Robert L. Toms",2
"Frank Tenedora, Detective, Davis Police Department",2
Fresno County Supervisor Doug Vagim,2
Fresno County Supervisor Stan Oken,2
"George C. Cunningham, M.D., Chief, Genetic Disease Branch of the California Department of Health Services: Department of Insurance",2
George Deukmejian,2
Glassman,2
Gordon Damant - former Chief of the Bureau (1978- 1993),2
"Gregory Mengell, Executive Director, Interstate Association: for Stolen Children",2
"H. William Taeusch, M.D., Chief, Pediatric Service San: Francisco General Hospital",2
"Henry Waxman, Member of Congress",2
"Hilda Solis, Los Angeles County Supervisor, First District",2
"Hon. Quentin L. Kopp, Judge of the San Mateo County Superior Court",2
"Honorable Charles W. Froehlich, Jr., Associate Justice, Fourth District of Appeal",2
"Honorable Michael Antonovich, Los Angeles County Board of Supervisors",2
Individuals from the Fighting Back Partnership-City of Vallejo,2
"Jack Londen, partner at the law firm of Morrison & Foerster and Chair of the California Commission on Access to Justice",2
James B. Robertson,2
"Jeffrey Ritschaw, Deputy District Attorney, Sacramento",2
"Jennifer Baues, MSW, U.C. Davis Medical Center, Child Protection",2
JoAnn Levy,2
Joanne F. del Rosario,2
Joe Grebmeier Leroy,2
"John Gioia, Contra Costa County Supervisor",2
"John Russo, Councilmember, Oakland City Council",2
"John Yoshikawa, Sacramento County Child Protective Services, Sacramento",2
"Juan Vargas, Congressman 51st District, California",2
Judge Charles L. Patrick,2
Judge Harold Bradford,2
Judge Mary Ann Grilli (Santa Clara County Superior Court),2
"Judge Robert A. Dukes, presiding judge, Los Angeles County",2
"Judge Robert A. Dukes, presiding judge, Los Angeles County Superior Court",2
"Judge Roger Randall, Kern County Superior Court",2
Judge Stirling,2
"Judy Lamb, LCSW, DHHS- Family Preservation and Child",2
Karen Williams,2
"Karl Linden, University of Colorado, Boulder, Department of Civil, Environmental and Architectural Engineering",2
"Kate Killeen, supervisor, Domestic Violence Unit, Sacramento: District Attorney's Office",2
"Kathleen DeFay, Court Investigator, Sacramento County Juvenile Court",2
"Kathryn Merrill, PSSW II, San Joanquin County Child Protective Services",2
"Kenneth W. Fors, M.S.W., L.C.S.W",2
"Kern County Supervisor David Couch, 4th District",2
"Kevin M. Esvelt, MIT Media Lab",2
La Puente City Council Dan Hollaway,2
"Larry Bryant, Criminal Investigator, Monterey County Sheriff's Office",2
"Laura Kwong, University of California, Berkeley School of Public Health",2
"Lauren Ward of Cupertino, California",2
"Linda Blair, Crime Scene Investigator, Sacramento County Sheriff's Department",2
"Lindsey Horvath, Los Angeles County Supervisor",2
Long Beach City Councilmember Steven Neal,2
Los Angeles City Councilmember Wendy Gruel,2
"Lou Correa, Orange County Supervisor",2
"Lou Webb, Fresno Police Department",2
Marc Sena Carrel,2
"Margo McKee, Social Worker",2
Mark Landman,2
"Marshal Robert Gate, Solano County",2
Marvin J. Rezac of Homeowners Coalition,2
"Mary Hebert, social service practitioner , San Joaquin County",2
"Mary K. Stroube, Attorney at Law",2
Mary Kathleen Hanselmann,2
"Mary N. Piepho, Vice Chair, Contra Costa County Board of Supervisors",2
"Maryl Cranford, Detective, Sacramento County",2
Matthew A. Kuhta,2
"McBeth and Frederick Uhlman, Deputy Sheriffs, Sacramento",2
"Melinda Lake, Child Interview Specialist, Sacramento County: District Attorney's Office",2
Member of South San Franciso Friends of the Library,2
"Meredith Diane Moll, M.A., Department of Health & Human Services",2
Michael J. Beck,2
"Michael Nevin, San Mateo County Board of Supervisors",2
"Michael W. Rabow, M.D., Associate Professor at UCSF School of Medicine",2
Mindy Kittay,2
"Monica Ortega and Jeffrey Rodrigues, Investigative",2
More than 30,2
"Mr. Frank Hill, Esq",2
Mrs. Joan Putz,2
"N. Chan, Sacramento County Department of Health & Human Services",2
Oceanside City Deputy Mayor Jerome M. Kern,2
One In Long Beach,2
Orville Millhollin,2
Pamela Foust,2
"Pat Ziegler, RN,MPA,CPHQ,FNHQ, Sherman Oaks Hospital and Health Center",2
"Patricia Haynell, Senior Inspector, Contra Costa District Attorney's Office",2
"Patricia J. Stone, Board Member, Area Board VI",2
Patrick Kennedy,2
Patty Wong,2
Paul Phillips,2
Paula Stillman,2
"Peter Arth, Jr., Chief-of Staff to PUC President",2
Pomona City Councilmember Freddie Rodriguez,2
"Professor Edward Imwinkelried, Professor of Evidence and Author, UC Davis School of Law",2
"Professor Erwin Chemerinsky, USC School of Law",2
"Ray Wisniewski, Deputy, Contra Costa Sheriffs Department",2
Reverend Lou Sheldon,2
"Richard Aromando, Barbara Bravos and Bill Myers, Detectives, Sacramento Sheriff's Child Abuse Bureau",2
Ridgecrest City Councilwoman Lori Action,2
"Ridgecrest City Vice Mayor Marshall ""Chip"" Holloway",2
"Robert Goldstein, Attorney at law (Plaintiffs attorney in Kidd v. Greenspan Company )",2
Ron Serrano,2
"Russell Shields, Attorney at Law",2
"Ruth Hubbard, Professor Emeritus, Harvard University Department of Cellular and Developmental Biology",2
Sacramento County Supervisor Roberta MacGlashan,2
"San Diego City Council Members Ralph Inzunza, Scott Peters and Michael Zucchet",2
San Diego City Councilmember Marti Emerald,2
San Fernando City Councilmember Rosa Chacon,2
San Jose District 2 City Councilmember Ash Kalra,2
San Rafael City Councilman Damon Connolly,2
"Sandra Pickans, Ministor of Christian Formation, Davis Community Church",2
Sarah Houghton,2
"Scott Jones and Timothy Durel, Deputy Sheriffs, Sacramento County: Adrienne James, Ph.D",2
Scott Whyte,2
"Sgt. Jay Crawford, Oakland Police Department",2
Sharon Cohen,2
"Shawndalyn Duncan, Lead Dispatcher, San Diego State University Police Department",2
"Sheila Brogna, Attorney at Law",2
"Shelly Mahlmann, MSW, San Joaquin County",2
Signal Hill City Councilmember Larry Forester,2
State Controller Tasha Levinson for Freeman,2
"Stephen Luby, Stanford School of Medicine",2
Steven M. Poulos,2
"Supervisor Doreen Farr, Santa Barbara - District 3",2
Supervisor Erickson from Siskiyou County (formerly listed as Siskiyou County),2
"Supervisor Gloria Molina, Los Angeles - District 1",2
"Supervisor Greg Caput, Santa Cruz - District 4",2
"Supervisor Harry L. Ovitt, San Luis Obispo, Board of Supervisors",2
"Supervisor Jack A. Sieglock, San Joaquin County, Board of Supervisors",2
Supervisor Kerns from Sonoma County (formerly listed as Sonoma County),2
"Supervisor Kim K. Yamaguchi, Butte County, Board of Supervisors",2
Supervisor Pam Slater,2
"Supervisor Reb Monaco, San Benito County, Board of Supervisors",2
"Supervisor Robert A. Meacher, District 2, Plumas County Board of Supervisors",2
"Supervisor Salud Carbajal, Santa Barbara - District 1",2
Susan Staggs,2
"Temple Beth El Second Graders in Aptos, California",2
Terry Woodrow,2
The Honorable Bill Jones,2
"The Honorable Joe Serna, Mayor",2
"The Honorable John S. Adams, Orange County Superior Court Justice",2
The Honorable Phil Isenberg,2
"The Honorable Tommy Thompson, former U.S. Secretary of Health and Human Services",2
"Thomas McKinnon, Jr., Supervising Investigator, American River Fire Department",2
"Tony Cardenas, Los Angeles City Councilmember (author of Proposition 20)",2
Tuolumne County Steve Vaczovsky,2
Ursula Davidson,2
Valerie Lambertson,2
Vanessa Czopek,2
"Vickie L. Wells, CIH, CSP",2
Victorville City Councilmember Angela Villes,2
"W.H. Wells, Jr., Ph.D., CIH, CSP",2
"Walt Baer, Brien Kennedy and David Anderson, Detectives, Child",2
Wendy Rianldi,2
"William Grove, Detective, Fresno Police Department, President",2
"Woody Kerstiens, Protective Services Social Worker",2
"Zev Yaroslavsky, Supervisor III, Los Angeles County Board of Supervisors",2
former Governor Bill Hauck,2
former chairman of the Constitution Revision Commission,2
three judges of the Superior Court of California County of Santa Clara,2
o Vernon F. Smith (Marin County),2
o John P. Wade (San Bernardino County),2
o Jacob H. Jager (San Bernardino County),2
"o David G. Sills (Presiding Judge, Santa Ana)",2
o Charles D. Field (Riverside),2
"o Arjuna T. (Vic) Saraydarian (Three Lakes, Riverside County)",2
"Anne Rudin, former Mayor of Sacramento",2
"Wayne Lesser, private attorney",2
"Supervisor Don Knabe, Los Angeles County",2
"Sheila Kuehl, Los Angeles County Supervisor and former State Senator",2
"James P. Eddy, Los Osos resident",2
Half Moon Bay City councilmember Dennis Coleman,2
o William Silveira (Visalia),2
o Thomas W. Cain (Santa Clara County),2
o Thomas E. Hollenhorst (San Bernardino),2
o Thomas Dandurand (San Francisco),2
o Susan C. Harlan (Amador),2
o Steven Hintz (Ventura County),2
o Samuel S. Stevens (Santa Cruz),2
o Ron Greenberg (Berkeley-Albany),2
o Roberta McPeters (San Bernardino County),2
o Robert H. O'Brien (Los Angeles),2
o Richard S. Hanki (Los Cerritos),2
o Richard L. Freeborn (Lake County),2
o Rex Minter (Santa Monica),2
o Raymond D. Mireles (Los Angeles),2
o R.M. Couillard (Tulare),2
o Philip J. Argento (Pasadena),2
"o Peter H. Norell (Presiding Judge, San Bernardino)",2
o Peggy Hora (Alameda),2
o Michael B. Dufficy (Marin),2
o L.W. Stirling (San Diego),2
o John Stephen Graham (Marin),2
o John J. Quigley (Napa County),2
o John E. Buffington (Humboldt),2
o John Arden (San Bernardino),2
o Jerome T. Benson (San Francisco),2
o Jerald A. Infantino (Santa Clara County),2
o Janet I. Kinter (San Diego),2
o James W. Stewart (Santa Clara),2
o James L. Wright (Long Beach),2
o J. Kimball Walker (Los Angeles-retired),2
o Irving Shimer (Santa Monica),2
o Harold Bradford (Alpine),2
o Harlan K. Veal (San Mateo),2
o H.W. Shatford (Altadena--retired),2
o H. Morgan Dougherty (Riverside),2
"o Gary W. Thomas (Presiding Judge, Marin)",2
o Gary M. Picetti (Alameda),2
o Fred L. Heene (Chino Hills),2
o Edward D. Webster (Riverside),2
o Douglas A. Fettel (San Bernardino),2
o Doris L. Shockley (Yolo County),2
o Donald B. King (San Francisco),2
o Diane Elan Wick (San Francisco),2
"o Dennis J. Coles (Presiding Judge, San Bernardino)",2
o David R. Hunter (Alameda),2
o Commissioner Randolph E. Heubach (Marin County),2
o Commissioner Michael L. Kanninen (Fremont-Newark-Union City),2
o Commissioner Kevil W. Martin (Pasadena),2
o Commissioner George R. Taylor (San Mateo),2
o C.S. Wilson (Kern County),2
"o C. Anders Holmer (Presiding Judge, Nevada County)",2
o Brian S. McCarville (San Bernardino County),2
"Ernest Dronenburg, member of State Board of Equalization",2
"Desley A. Brooks, Oakland City Council member",2
o Barbara Jean Johnson (Los Angeles),2
o Barbara J. Beck (Santa Barbara County),2
o Alban I. Niles (Los Angeles),2
Board of Equalization member Ernie Dronenburg,2
"Board member Noel Gallo, Oakland Board of Education",2
"Board member Kerry Hamill, Oakland Board of Education",2
"Board member Greg Hodge, Oakland Board of Education",2
"Wes Omoto, friend of Stephen Allen",2
"Rita K. Velasquez, retired General Manager, Elk Grove CSD",2
"Mark Leno, former State Senator",2
"Les Hardie, a foster parent",2
Judge Mary Ann Murphy affirmed charter schools' exemption in,2
"Dr. David Sutherland, Founder and former-Medical Director, Children's Hospital",2
"Dr. Daniel Anderson, MD, individual",2
"Dorena Knepper, a Type 1 diabetic",2
"Diane Karpman, Attorney at Law and former State Bar Court",2
"David Egger, member, Board of Directors of the Tijuana",2
"Dan Hauser, former Assembly Member",2
"former Chair, Evidence Section of the American Association of Law Schools",2
(former) Senator Patrick Johnston,2
4 - Andrew S. Huang,2
"Allen Warren, Councilmember, City of Sacramento, District 2",2
"Alonso Gonzalez - Deputy Mayor, City of Chula Vista",2
"Ara Najarian, Councilmember, City of Glendale",2
"Ahmad Zahra, Councilmember, City of Fullerton",2
"Bart Simpson, Undersheriff, County of Yolo",2
"Ben Austin, Supervisor Kern County Board of Supervisors",2
Brian Banks,2
"Caity Maple - Councilmember, City of Sacramento",2
"City Council Member Nelson Esparza, City of Fresno District 7",2
"Commissioner William O. Scott, County of Butte",2
"Council Member Jose Rodriguez, City of National City",2
"Councilman Alan D. Wapner, City of Ontario",2
"Councilman Phil O'Loane, City of San Ramon",2
"Councilman Scott Matas, City of Desert Hot Springs",2
"Councilmember Adele Andrade Stadler, City of Alhambra",2
"Councilmember Alison Hicks, City of Mountain View",2
"Councilmember Ara Najarian, City of Glendale",2
"Councilmember Arianna Barrios, City of Orange",2
"Councilmember Avelino Valencia, City of Anaheim",2
"Councilmember Ben Bartlett, City of Berkeley",2
"Councilmember Brad Reese, City of Villa Park",2
"Councilmember Brian W. Jones, City of Santee & Boardmember, San Diego River Conservancy",2
"Councilmember Charles P. Stone, City of Belmont",2
"Councilmember Clark, City of Rosemead",2
"Councilmember Cynthia A. Sterling, City of Fresno",2
"Councilmember Dennis Pocekay, City of Petaluma",2
"Councilmember Donna Colson, City of Burlingame",2
"Councilmember Eduardo Martinez, City of Richmond",2
"Councilmember Erin Minett, City of Nevada City",2
"Councilmember Glenn Grandis, City of Fountain Valley",2
"Councilmember Glenn Miller, City of Indio",2
"Councilmember Hung Wei, City of Cupertino",2
"Councilmember James Coleman, City of South San Francisco",2
"Councilmember Jenny Kassan, City of Fremont",2
"Councilmember Jerome M. Kern, City of Oceanside",2
"Councilmember Jorge Morales, City of South Gate",2
"Councilmember Kate Harrison, City of Berkeley",2
"Councilmember Katherine Lee, City of Alhambra",2
"Councilmember Kathy Watanabe, City of Santa Clara",2
"Councilmember Kelly Bennett, City of Murrieta",2
"Councilmember Kevin Haroff, City of Larkspur",2
"Councilmember Lucille Kring, City of Anaheim",2
"Councilmember Margaret Clark, City of Rosemead",2
"Councilmember Mark West, City of Imperial Beach",2
"Councilmember Mary England, City of Lemon Grove",2
"Councilmember Mary Salas, City of Chula Vista",2
"Councilmember Mike Bonin, City of Los Angeles, District 11",2
"Councilmember Mike Bonin, Eleventh District, City of Los Angeles",2
"Councilmember Mikke Pierson, City of Malibu",2
"Councilmember Moreno, City of San Diego",2
"Councilmember Nancy Gardner, City of Newport Beach",2
"Councilmember Nau, City of Petaluma",2
"Councilmember Nelida Mendoza, City of Santa Ana",2
"Councilmember Paul Koretz, 5th District, City of Los Angeles",2
"Councilmember Paul Krekorian, City of Los Angeles",2
"Councilmember Pedro Aceituno, City of Bell Gardens",2
"Councilmember Rashi Kesarwani, City of Berkeley",2
"Councilmember Rebecca Garcia, City of Watsonville",2
"Councilmember Rick Gibbs, City of Murrieta",2
"Councilmember Robert Torres, City of Pomona",2
"Councilmember Ronaldo Fierro, City of Riverside",2
"Councilmember Ruth Luevanos, City of Simi Valley",2
"Councilmember Salvador Solorio-Ruiz, City of Delano",2
"Councilmember Sara Lamnin, City of Hayward",2
"Councilmember Sara McDowell, City of San Carlos",2
"Councilmember Scott Sherman, City of San Diego, District 7 & Boardmember, San Diego River Conservancy",2
"Councilmember Sophie Hahn, City of Berkeley",2
"Councilmember Sophie Hahn, City of Berkeley, District 5",2
"Councilmember Steve Johnson, City of La Verne",2
"Councilmember Susan Wengraf, City of Berkeley, District 6",2
"Councilmember Tammy Kim, City of Irvine",2
"Councilmember Tony Madrigal, City of Modesto",2
"Councilmember Valerie Arkin, City of Pleasanton",2
"Councilmember Vartan Gharpetian, City of Glendale",2
"Councilmember Victor Aguilar, City of San Leandro",2
"Councilmember Vivian Moreno, City of San Diego, Council District 8",2
"Councilmember, 14th District, City of Los Angeles",2
"Councilmember, Eighth District, City of Los Angeles",2
"Councilmember, Second District, City of Los Angeles",2
"Councilwoman Cristina N. Carrizosa, City of Pomona",2
"Councilwoman Nury Martinez, City of Los Angeles",2
"Councilwoman Nury Martinez, Sixth District, City of Los Angeles",2
"Dan Kalb, City Councilmember, City of Oakland",2
"Daniel Anaiah Kirk, District 3 Supervisor, County of Tuolumne",2
"Dave Cortese, County of Santa Clara, Supervisor, District 3",2
"Dave Jones, City of Sacramento Councilmember",2
"Dennis Hansberger, Supervisor, County of San Bernardino",2
"Dennis Washburn, Councilmember, City of Calabasas",2
"Economic Development Manager, City of Oakland",2
"Ed Balico, Vice Mayor, City of Hercules",2
"Frank C. Robert, Councilman City of Lancaster",2
"Fred W. Keplinger, Director of Public Safety, City of Ukiah",2
Gene Erbin,2
"Georgette Gomez, Councilmember, City of San Diego",2
"Gerald R. Davis, City of Vallejo Councilmember",2
Hacienda LaPuente School Unified School District Boardmember Anthony Duarte,2
"Hon. Bernice Woods, Councilwoman District 3, City of Compton",2
"Hon. Darrel W. Lewis, Judge (Ret.), County of Sacramento",2
"Hon. Jane Robbins, Councilwoman District 4, City of Compton",2
"Hon. Omar Bradley, Councilman District 1, City of Compton",2
"Hon. Patricia A. Moore, Councilwoman District 2, City of Compton",2
"Hon. Paul Lewin, Councilmember, City of Palm Springs",2
"Hon. Steve Haderlein, City Councilmember, City of Pasadena",2
"Honorable David Tokofsky, Board of Education, City of Los Angeles",2
"Honorable Keith Carson, Supervisor, County of Alameda",2
"Honorable Keith Carson, Supervisor, County of Alameda, 5th District",2
"Jeff Almquist, Supervisor, Fifth District, County of Santa Cruz",2
"Jeff Kellog, Vice Mayor, City of Long Beach",2
"Jerry Dunkin, Councilmember, City of Fresno",2
"Jim Steele, District 3 Supervisor, County of Lake",2
"Joel Wachs, Councilman, Second District, City of Los Angeles",2
"John Ebneter, Planning Commissioner, City of San Mateo",2
"John F. Tavaglione, Supervisor, County of Riverside",2
"Jose Solario (Councilman, City of Santa Ana)",2
"Juan Vargas, Council Member, City of San Diego",2
"Judge Darrell W. Stevens, County of Butte",2
"Judge Donald C. Byrd, County of Glenn",2
Judge J,2
"Judge Ronald R. Combest, County of Mendocino",2
"Ken Jeffrey, City of Hayward, Code Enforcement Division",2
"Kevin Romick, Vice Mayor, City of Oakley",2
"Kriss Worthington, Councilmember, City of Berkeley, District 7",2
"Lauren Ah-Tye, County of San Joaquin - Child Protective Services",2
"Leticia Perez, Supervisor, 5th District, County of Kern",2
"Liz Morris, Councilmember, City of Delano",2
"Luisa Calumpong, Broadband Manager, City of Oakland",2
"Member, Friends of the Oceanside Public Library",2
"Member, Los Angeles County Library Council, West Region",2
"Michael Antonovich, Supervisor Los Angeles County Board of Supervisors",2
"Michael P. Guingona, Councilmember, City of Daly",2
Numerous judges of the Alameda County Superior Court,2
Numerous letters from individuals (many who are business members of MSPA),2
Numerous letters from individuals (many who are private investigators),2
"Nury Martinez, Member, Board of Education, City of Los Angeles",2
"Office of Supervisor Nora Vargas, County of San Diego",2
"Paul Kelly, Ph.D, County of San Diego, Department of Health",2
"Paul Krekorian, Councilmember, City of Los Angeles",2
"Pierluigi Oliverio, Councilmember, City of San Jose",2
"Ray Mueller, Supervisor, Third District, County of San Mateo",2
"Rebecca J. Garcia, Councilmember, City of Watsonville",2
"Rev. Henry W. Hearns, Vice Mayor City of Lancaster",2
"Richard A. Bull, Director of Public Safety, City of Red Bluff",2
"Richard D. Dean, County Clerk andHome Savings of American Recorder, County of Ventura",2
"Richard L. Mansfield, City Clerk, City of Hawthorne",2
"Rita Walters, Councilwoman, City of Los Angeles",2
"Salud Carbajal, First District Supervisor, County of Santa Barbara",2
"Seema Patel, Planning Commissioner, City of San Mateo",2
"Sergio Jimenez City Councilmember, City of San Jose",2
"Sheila Kuehl, Supervisor, County of Los Angeles",2
"Steve Cohn, City of Sacramento Councilmember",2
"Superior Court Judge Quentin Kopp, San Mateo County",2
"Supervisor Bill Horn, 5th District, County of San Diego",2
"Supervisor Don Horsley, 3rd District, County of San Mateo",2
"Supervisor Gloria Molina, County of Los Angeles",2
"Supervisor Jaron Brandon, County of Tuolumne District 5",2
"Supervisor Jon D. Mikels, County of San Bernardino",2
"Supervisor Lisa Bartlett, County of Orange",2
"Supervisor Louis R. Calcagno, 2nd District, County of Monterey",2
"Supervisor Rex Bohn, County of Humboldt-District 1",2
"Supervisor Sophenia Maxwell, County of San Francisco",2
"Supervisor Steve Brandau, County of Fresno",2
"Supervisor Terra Lawson-Remer, County of San Diego",2
"Supervisor Zev Yaroslavsky, Board of Supervisors County of Los Angeles",2
Susan Mellen,2
"The Honorable Adam Adkisson, Councilmember, City of Coalinga",2
"The Honorable Brian Pacheco, Supervisor, County of Fresno",2
"The Honorable Buddy Mendes, Supervisor, County of Fresno",2
"The Honorable Gregorio Gomez, Councilmember, City of Farmersville",2
"The Honorable Jim DeMartini, Supervisor, District Five, County of Stanislaus",2
"The Honorable Marvin E. Crist, Vice Mayor, City of Lancaster",2
"The Honorable Sherri Lightner, Councilmember, City of San Diego",2
"The Honorable Steve Brandau, Supervisor, County of Fresno",2
"The Honorable Susan B. Anderson, Supervisor, District Two, County of Fresno",2
"The Honorable Sylvia Muñoz Schnopp, Council Member, City of Port Heuneme",2
"The Honorable William O'Brien, Supervisor, District One, County of Stanislaus",2
"The Honorable William Oliver, Councilmember, City of Madera",2
"Todd Gloria, City of San Diego City Council, District Three",2
"Vice Mayor Jack Shu, City of La Mesa",2
"Vice Mayor Ken Weir, City of Bakersfield",2
"Vice Mayor Linda Maio, City of Berkeley",2
"Vice Mayor Martine Watkins, City of Santa Cruz",2
"William G. Glynn, Ed.D., Vice Mayor, City of Pittsburg",2
"Yvonne Brathwaite Burke Supervisor, 2nd District Board of Supervisors, County of Los Angeles",2
"Councilmember Kristin McCowan, City of Santa Monica",2
"Ken Yeager Councilmember, District 6, City of San Jose",2
"School of Science, Department of Biological Sciences, Robert A. Main, PH.D., Professor of Zoology (Emeritus) California State University, Hayward",2
149 form SB 2097 (Haynes) support letters from individuals and couples from Hemet and Sun City,2
Lt. Governor Cruz Bustamente,2
12 (individuals),1
judges,1
Doris Tate,1
US Senator Dianne Feinstein,1
1individual,1
Individuals - 5,1
Individual Letters (6),1
Various Individual Letters,1
Individual Letters (14),1
Individual Letters (8),1
Councilmember Paul Koretz,1
Los Angeles City Councilmember Paul Krekorian,1
Individual Pharmacists,1
numerous individual Attorneys,1
Several Individual Veterinarians,1
Several individual,1
"City of San Jose, Councilmember David Cohen",1
Several Individual Physicians,1
Individual Letters- 9,1
Individual Letters (7),1
three private individuals,1
Two Individual Attorneys,1
46 Constituents,1
22 Private Citizens,1
Anderson,1
Numerous Citizens,1
numerous individual Acupuncturists,1
Individual Letters (22),1
Private Citizens,1
City of Ventura Councilmember Brian Brennan,1
Five Individual Letters,1
Individual Letters (11),1
Individual Letters (34),1
17 Private Citizens,1
"Claudia Kawczynska, Editor, The Berkeley Bark",1
"Dr. Prasad Krishnamurthy, J.D. Ph.D",1
"Paul Koretz Council Member, 5th District, Los Angeles City Council",1
"Individual - Resident, Ladera Ranch, Orange County",1
Mayor Pro-Tem,1
numerous mobilehome park tenants,1
"City of San Jose, Councilmember Dev Davis",1
25 Letters from Constituents,1
John,1
Individuals -14,1
Numerous County Psychological Associations,1
One constituent,1
numerous individual therapists,1
numerous individual private investigators,1
numerous individual general and sub contractors,1
Supervisor Gloria Molina,1
109 Local Elected Officials,1
Concerned Citizen,1
United States Senator Barbara Boxer,1
"Yvonne McMurray, Constituent",1
Individual Classified Senates,1
Council Member,1
Individual - 2,1
10 Attorneys,1
"numerous individuals, including members of the clergy",1
1 Registered Nurse,1
"County of Contra Costa, Supervisor John Gioia",1
County of San Diego Second District Supervisor Dianne Jacob,1
Kings County Supervisor Tony Barba,1
Several Winnemem Wintu Tribal Members,1
The Office of San Diego County Supervisor Terra Lawson-remer,1
County of San Diego Honorable Allen J. Webster,1
Lockyer,1
Probation Officer,1
United States Senator,1
1 Certified Massage Therapist,1
1 Individual Physician,1
39 Private Citizens,1
5 Medical Doctors,1
50+ Letters from Constituents,1
Individuals - 30,1
Individuals - 58,1
Individuals: 6,1
25 Constituent Letters,1
Four Concerned Citizens,1
"Individual Letters (1,103)",1
Individual Letters (38),1
Numerous Insurance Agents,1
Numerous Veterans,1
Senator Mark's Northern California Task Force on State,1
Thirteen Private Citizens,1
Two Citizens,1
Several hundred Individuals,1
numerous artists,1
One optician,1
10 Individual Business Owners and Representatives and Franchisees,1
Council Member Anthony Young,1
Council Member David Alvarez,1
Council Member Sherri S. Lightner,1
Council Member Todd Gloria,1
County of Contra Costa Honorable Daphne G. Sykes,1
County of Contra Costa Honorable Gary L. Moorhead,1
County of Contra Costa Honorable Laura Ellison,1
County of Contra Costa Honorable Roy O. Chernus,1
County of Trinity Honorable Ray G. Jurado,1
County of Ventura Honorable Joy W. Markman,1
County of Ventura Honorable Steven D. Blades,1
County of Yuba Honorable Phillip L. Soto,1
Mayor Albert,1
City of Berkeley Vice Mayor Linda Maio,1
"City of San Diego, District 1 Councilmember Joe Lacava",1
City of San Jose Councilmember Lan Diep,1
Congress Person Grace F Napolitano,1
"Donald J. Klingborg, DVM - Assistant Dean and Director",1
"Hon. LaDoris Cordell, Ret",1
"Mr. Dwayne M Horii, Los Angeles, CA",1
"Rebecca Saltzman - Councilmember, El Cerrito",1
Santa Barbara County Supervisor Joan Hartmann,1
Six Individuals with Resurrection Theatre Company,1
"The Honorable Dianne Feinstein, US Senator",1
Andy Ai,1
"Chelsea M. Rochman, Ph.D - Assistant Professor, University of Toronto, St. George",1
State Board of Equalization Member Betty Yee,1
45 Private Citizens,1
Berkeley Executive Director,1
Danielle,1
Jacobson,1
Numerous Indivduals,1
Representative,1
14 Individual Judges and Court Administrators,1
140 Individuals,1
At least 60-75 Individual Letters,1
One clinical pharmacy professor*,1
Several other individual fishermen and vessel owners,1
Several individual women,1
One individual from Needles,1
59 residents of El Rio and Strickland Acres,1
Nine other individuals,1
Ella Baker,1
"Cati A. Okorie, Client Advocate, Bayview-Hunter's Point",1
"Councilmember Steven Neal, 9th District",1
County of Kern Honorable Efren N. Iglesia,1
County of Kern Honorable Jacki C. Brown,1
County of Kern Honorable Kevin J. McCormick,1
County of Kern Honorable Theresa J. Canepa,1
County of Los Angeles Honorable Amy Yerkey,1
County of Los Angeles Honorable Beverly Bourne,1
County of Los Angeles Honorable Carrie A. Zepeda,1
County of Los Angeles Honorable Cheryl R. Mills,1
County of Los Angeles Honorable Colette M. Humphrey,1
County of Los Angeles Honorable Cynthia L. Ulfig,1
County of Los Angeles Honorable Dianna J. Gould-Saltman,1
County of Los Angeles Honorable Edward W. Hall,1
County of Los Angeles Honorable Elizabeth W. Johnson,1
County of Los Angeles Honorable Gerald Rosenberg,1
County of Los Angeles Honorable Gregory Keosian,1
County of Los Angeles Honorable Harry A. Staley,1
County of Los Angeles Honorable Joel M. Wallenstein,1
County of Los Angeles Honorable John Lonergan,1
County of Los Angeles Honorable Julia Scrogin,1
County of Los Angeles Honorable Lewis A. Davis,1
County of Los Angeles Honorable Mary Lou Villar,1
County of Los Angeles Honorable Matthew J. Gary,1
County of Los Angeles Honorable Rita Federman,1
County of Los Angeles Honorable Rob B. Villeza,1
County of Los Angeles Honorable Robert J. Schuit,1
County of Los Angeles Honorable Roger L. Lund,1
County of Los Angeles Honorable Shelly Torrealba,1
County of Los Angeles Honorable Steven G. Counelis,1
County of Los Angeles Honorable Thomas C. Falls,1
County of Los Angeles Honorable Thomas Rubinson,1
County of Los Angeles Honorable Timothy R. Walsh,1
County of Monterey Honorable John H. Ing,1
County of Orange Honorable Cara L. Beatty,1
County of Orange Honorable David I. Ashby,1
County of Orange Honorable Donald J. Currier,1
County of Orange Honorable Gary G. Gibson,1
County of Orange Honorable Joyce Allegro,1
County of Orange Honorable Raymonda B. Marquez,1
County of Orange Honorable Sarah J. Heidel,1
County of Riverside Honorable James L. Crandall,1
County of Sacramento Honorable Bert Glennon,1
County of Sacramento Honorable Maria Andrea Davalos,1
County of Sacramento Honorable Songhai Miguda-Armstead,1
County of Sacramento Honorable Stephanie George,1
County of San Bernardino Honorable Craig E. Arthur,1
County of San Luis Obispo Honorable Geanene Garcia-Yriarte,1
County of Shasta Honorable Jeffrey G. Bennett,1
County of Shasta Honorable Maryanne G. Gilliard,1
County of Sutter Honorable Ronald L. Bauer,1
Member George Runner,1
Retired Honorable Khymberli S. Apaloo,1
Retired Honorable Nancy D. Stark,1
Senator,1
Senator Presley,1
Supervisor Don Knabe,1
"Debbie Arnold, Supervisor, 5th District , San Luis Obispo County",1
"Joy Moore, Member Child Nutrition Advisory Committee, Berkeley",1
"Professor Carol Bruch, UC Davis School of Law",1
Das Williams (Councilmember),1
"Honorable Greg Marcus, Los Angeles Municipal Court",1
Jack O'Connell,1
"James D. Wood DDS, member of the Missing Persons DNA Program Advisory Committee",1
Jeff Haferman (Councilmember),1
Jim Madaffer,1
"John Arakelian, D.C. [San Joaquin Chiropractic & Rehabilitation, Fresno, CA]",1
"Los Angeles Councilmember Mitch O'farrell, 13th District",1
Maxine Wolf,1
"Noelia Corzo, San Mateo County Supervisor (district 2)",1
Judge Quentin Kopp. San Mateo County Superior Court,1
of San Bernardino County,1
13 School Districts,1
15 Deputy Probation Officers,1
15 Employees of the YWCA of Silicon Valley Rape Crisis,1
15 Individual CPAs,1
15 Registered Nurses,1
2 Citizens,1
"2 Individuals, Extended Opportunity Programs and Services and Disabled",1
2 Physicians & Surgeons,1
20 Individual Contractors,1
"21 4th Grade Students from Olive Elementary School, Novato Unified School District",1
22 Medical and Public Health Professors,1
24 Nurse Practitioners,1
25 Individual Nail Salon Workers,1
25 Members of the Rotary Club of Villa Park,1
25 Physicians,1
27 Scientists,1
3 Individual Research Scientists,1
33 Individual Court Reporters,1
37 Individual Members or Representatives of Identified Unions,1
4 Pathologists,1
61 Individual Letters,1
74 Animal Welfare Organizations,1
75 Individual RDos,1
A School Counselor,1
April,1
"BOE Member Michelle Steele, Howard Jarvis Taxpayers' Association",1
Bartlett,1
"City of Huntington Beach, Stephanie Beverage, Director of Library Services",1
City of Sacramento City Council and Councilmember Jay Schenirer,1
Connerly,1
Council Member of City of Woodland,1
"County of Riverside, Supervisor Jeff Stone, Third District, Hemet Unified School District",1
Deputy Chief,1
Deputy Fire Marshall,1
"Doctor ""J",1
Dutton,1
East Bay Regional Park District (former) Senator Patrick Johnston,1
Eberhard,1
"Economic Workforce Development Training & Development Director, Butte",1
Edmonds,1
Elda,1
FROM INDIVIDUALS,1
First Lady of California,1
Four Members of the 95th Civil Support Team,1
Gibson,1
Governor Wilson and Secretary Bergeson,1
Haines,1
"Heal the Bay, Environment California, Lieutenant Governor John",1
Heller,1
Hundreds of California Citizens,1
Inc. Captain Stephen R. Arends,1
Inc. Chelsea Wilhite,1
Inc. Michelle and Steve Skerce,1
Inc. Paul D. Monroe,1
Inc. Representative Lynn DeCoite,1
Judge L.A. Superior Court,1
Judge R,1
Kelvi,1
Kern County Supervisors Mike Maggard and Michael J. Rubio,1
"Kings County Supervisors Joe Neves, Jon Rachford and Lee Lockhart",1
Kohn,1
Lacey,1
"Los Angeles County Assessor Jeffrey Prang, Equality California",1
Mautino,1
"Mayor Willie L. Brown and City Treasurer Susan Leal, San Francisco",1
"Michael Antonovich, Deana Dana and Yvonne",1
Michael R,1
National High School,1
Newsom,1
Newson,1
Numerous Associations of Mediators,1
Numerous Individuals and Business Owners,1
Numerous Other Associations and Individuals,1
"Pedro Peninsula, Santa Clarita, Santa Fe Springs, Santa",1
"Pedro Peninsula, Santa Clarita, Santa Fe Springs, Santa Maria",1
Presiding Judge,1
Ruthie,1
SIGNATURES FROM INDIVIDUAL,1
San Bernardino County Auditor-Controller/Treasurer/Tax Collector Oscar Valdez Tehama County Auditor-Controller LeRoy M. Anderson,1
"San Bernardino County Supervisor James C. Ramos, San Luis Obispo Coastkeeper",1
San Francisco District Attorney's Office & California District,1
"San Francisco Mayor London Breed, San Francisco Treasurer and Tax Collector Jose Cisneros",1
Secretary of State Debra Bowen Steven J. Ybarra. Chair,1
Several Concerned Citizens,1
"Sheriffs of Los Angeles, Riverside, and Siskiyou Counties",1
"State Controller Steve Westly, California School",1
State Controller and Cal-Tax,1
"State Treasurer Fiona Ma, California League of Conservation Voters",1
"Supervisor, Kings County",1
Tolles,1
Twining,1
Vice Mayor of City of Santa Cruz,1
"WeDrop, Irvine City Council Member Melissa Fox",1
"Women Advancing the Valley Through Education, Attorney General Bill Lockyer",1
Yuba County - District 2 Supervisor,1
"Yuba County, Supervisor - District Two",1
"One individual, David Murphey",1
"Receiver Robert Sillen, appointed by the Court in Plata v",1
Lunardi family,1
Individual Letters (33),1
Individual Licensees,1
Individuals - 10,1
"Individual, Orange County",1
Individuals - 76,1
"Numerous Groups and Individuals, including Traumatologists",1
Oaks (Vincent),1
Professors from law schools and universities throughout California and the United States,1
approximately 350 letters from individual horse owners and individual owners of horse-related businesses,1
The George R. Volland family,1
Two French Valley community residents,1
Twelve private individuals,1
Three individual residents at Rossmoor Walnut Creek,1
Several private individuals and out-of-state franchisees,1
Several participants in the Safe at Home Program,1
Several other individual letters,1
Several named individuals,1
Several mentor teachers,1
Several licensed physicians and various individuals,1
Several licensed acupuncturists,1
Several individuals and EAP practitioners,1
Several individuals (100+),1
Several individual students,1
Several individual ophthalmologists,1
Several individual medical professionals,1
Several individual crab fishermen,1
Several individual attorneys and insurance adjusters,1
Several faculty at Santa Monica College,1
Several current and former judges and attorneys,1
Several Individuals and two law professors,1
San Gabriel High School peer counselors,1
Riverside County Over 50 letters from individuals,1
thousands of individuals as petition signatories,1
Over 60 licensed acupuncturists,1
One individual Alzheimer's patient,1
"One constituent, Chico",1
Individual psychologists,1
Individual nurse practitioners,1
Individual members of the State Bar Business Law,1
Individual insurance agents and brokers,1
numerous physicians and other health care providers,1
member (individual),1
letters from 35 individual taxpayers,1
letters from 25,1
letters from 23 motorcycle,1
Zeta Tau Chapter 192 private citizens,1
8 individual attorneys,1
67 Individuals on behalf of the American Legion Auxiliary,1
5 members of Strong Start Coalition,1
12 members of the Marin County Youth Commission,1
12 Oroville Hospital physicians,1
10 members of Congress,1
"1 physician (Laryngologist/ENT) - Director, Scripps",1
1 citizen,1
The Polous family (family member killed),1
The Lunardi family,1
Ten (10) individuals,1
Taylen Brooks' family,1
"Rhea Damon 2nd grade class, Tarzana CA",1
One constituent (Los Angeles),1
One barbering school owner,1
One (1) individual,1
Nine members o California Senior Legislature,1
Marshals of the five divisions of the Tulare County Municipal Court,1
Marin County local officials and affordable housing builders,1
Flash [44] individuals,1
Five child care providers,1
"Faculty member, Los Angeles Trade and Technical College and East Los",1
Eight mobilehome owners (Carlsbad and Pacific Palisades),1
"Althea Baker, Referee Los Angeles CountyCounty Welfare Directors",1
Antonovich,1
Charlie Reiter,1
Christopher Sutton,1
Cunningham,1
Diane Feinstein,1
Gerald P. OoHara,1
"Hon. Bob Filner, Member of Congress",1
"Judge Eugene M. Hyman, Superior Court",1
"Judge Harold Bradford, Alpine County Superior Court",1
"Judge John K. Leton, Trinity County Superior Court",1
Nolan,1
San Diego City Councilmember Marni von Wilpert,1
Senator Hughes,1
Senator Johnston,1
"Vallerie Chiappone, Individual",1
Violet Parker,1
"Herb J. Wesson, Councilmember/President, Tenth District of the City of Los Angeles",1
"Jonathan Haidt and Zach Rausch, The Anxious Generation",1
"Bill Horn, Supervisor, Fifth District San Diego County Board of Supervisors",1
State Board of Equalization Member Betty T. Yee,1
"Anthony J. Addams, O.D., Ph.D., Dean UC Berkeley School of Optometry",1
"Dr. Henry Lai, University of Washington",1
"Dylan F. Stute, individual letter",1
"James Murphy, Esq., Costa Mesa, CA",1
Gas Association,1
"Anthony Chinn , partially sighted individual and volunteer at Jules Stein Eye Center Low Vision Clinic at",1
1 Constituent,1
1 Individual CPA,1
"1,103 Individuals",1
"1,175 Individuals",1
"1,674 Individuals",1
"1,850 Individuals",1
10 Painting Contractors,1
100+ Individual Confidential Employee Letters,1
100+ Individual Letters,1
100+ Individual RDs,1
102 Law School Professors,1
102 Private Individuals,1
104 Private Individuals,1
11 Indivuduals,1
11 Physicians,1
1121 Individuals,1
1178 Individuals,1
119 Individuals,1
119 Private Individuals,1
1198 Individuals,1
12 Individual Residential Care Facilities for the Elderly,1
12 Otolaryngologists,1
12 Professional Engineers - Safety,1
121 Private Individuals,1
125 Private Citizens,1
126 Individuals,1
13 Individual MLTs,1
13 Individuals (residential hotel guests),1
13 RDHAPs,1
130 Individuals,1
1300 + Individuals,1
1323 Individuals,1
1351 Individuals,1
1352 Individuals,1
138 Individuals,1
1387 Individuals,1
139 Private Individuals,1
"14,000+ Individuals",1
143 Constituent Letters,1
15 - Individual Home Inspectors,1
15 Veterinarians,1
"15,000+ Individuals",1
152 Individuals,1
153 M.D.s,1
1547 Individuals,1
157-Individuals,1
158 Individuals,1
16 RVTs,1
"16,000+ Individuals",1
161 Individuals,1
168 Individuals (via email),1
1698 Individual Citizens (Petitions),1
17 Law School Professors,1
171 Private Citizens,1
174 Individuals,1
18 Constituents,1
18 Yacht Brokers,1
19 Individuals (Laretta Barnes),1
19 Members of Women For: Orange County,1
196 Individuals,1
2 7-Eleven Franchise Owners,1
2 Individual Gastroenterology Nurses,1
"2,030 Private Individuals",1
"2,239 Individuals",1
20 Law Professors,1
20 Licensed Obstetrician-Gynecologists,1
200,1
202 Residents of San Francisco Towers,1
2047 Individuals,1
209 Individuals,1
209 Private Citizens,1
223 Individuals,1
224 Individuals,1
23 Southern California Homeowners Associations,1
233 Individuals,1
235 Individuals,1
237 Private Citizens,1
24 Individual Active and Retired California Wildlife Officers,1
242 Private Citizens,1
243 Private Citizens,1
25+ Letters from Individuals,1
256 Individuals,1
26 Individual Scientists,1
261 Individuals,1
273 Individuals,1
2764 Individuals,1
28 California Black and African American Academics and Scholars,1
28 Private Citizens,1
2800 Private Citizens,1
281 Individuals,1
29 Individual Letters,1
29 Letters by Individuals,1
290 Individuals,1
295 Individuals,1
3 Geology Professionals,1
3 Individual CLSs,1
3 Members of the Public,1
3 PTs,1
3 Private Individual,1
"3,025 Individuals",1
311 Individuals,1
315 Individuals,1
32 Private Individuals,1
32-Individuals,1
3211 Individuals,1
326 Private Citizens,1
333 Individuals,1
337 Individuals,1
343+ Individuals,1
36 Heating and Air Conditioning Contractors,1
366 Individuals,1
370 Individuals,1
375 Individuals,1
382 Individuals,1
382 Private Individuals,1
394 Individuals,1
4 Home Inspection Companies,1
40 Plumbing Contractors,1
400+ Individuals,1
417 Individuals,1
42 Individual Letters,1
420 Concerned Private Citizens,1
425 Individuals,1
427 Individual Letters,1
438 Individuals,1
440 Individuals,1
450 Individuals,1
450 Members of California Park & Recreation Society,1
452 Individuals,1
453 Individuals,1
459 Individuals,1
460 Individuals,1
469 Private Citizens,1
482 Individuals,1
488 Individuals,1
490 Private Citizens,1
5 Descendants of Chavez Ravine Residents,1
5 Individual,1
50+ Individual Letters,1
512 Individuals,1
52 Private Citizens,1
526 Individuals,1
53 Individual Doctors of Chiropractic,1
54 Constituents,1
547 Individuals,1
548 Individuals,1
55 Private Citizens,1
554 Individuals,1
561 Individuals,1
574 Individuals,1
584 Individuals,1
597 Private Individuals,1
6 M.D.s,1
"6,459 Individuals",1
601 Private Individuals,1
6094 Individuals,1
622 Individuals,1
63 California Farmers,1
632 Individuals,1
64 Bars and Taverns,1
64 Eastvale Residents,1
65 Individual Members of AMTA-CA,1
66 Local Elected Officials From Around California,1
68 I\individuals,1
7 Accounting Professionals,1
7 R.N.s,1
70 Individual Letters,1
71 Asian American and Pacific Islander Individuals,1
721 Letters from Individuals,1
75+ Individual Letters,1
78 Private Individuals,1
7922 Individuals,1
"8 Administrators, University of LaVerne",1
8 General Contractors,1
8 Individuals (Massage Therapists),1
82 Private Citizens,1
84 Private Citizens,1
85 Naturopathic Doctors,1
85 Private Individuals,1
91 Individual,1
92 Individual,1
92 Private Citizens,1
92 Residents of Redwood Terrace,1
936 Individuals,1
A Collection of LA City Leaders Who Sit on Neighborhood Councils or Committees,1
A Couple Hundred Individuals,1
A Large Number of Individual Superior Court Judges and Appellate Justices,1
Applied Ecological Services The Honorable US Representative Jared Huffman,1
Approximately 13 Geology Professionals,1
Approximately 134 Accounting Professionals,1
Approximately 500 Private Citizens,1
At least 100 Individual Letters,1
"Attorney General Bill Lockyer, Lawrence Gilbert",1
Attorney General's Task Force on the Criminal,1
"California Lieutenant Governor, Eleni Kounalakis, NARAL Pro-Choice California",1
"Chelsea Clinton, the Clinton Foundation",1
"Coalition Dean A. Morehous, Jr",1
"Constituent, San Diego",1
Councilmember District 6,1
Councilmember Marin Telecommunications Agency Marine County Board of Supervisors Mayors and Council Members Association of Sonoma County Judith Mitchell,1
Councilmember Monterey County Board of Supervisors Monterey County Mayors' Association Public Access Television of Calaveras County Public Cable Television Authority Gloryanna Rhodes,1
Councilmembers,1
Daisy,1
Five Private Constituents,1
Horton,1
Hundred Individuals,1
Hundreds of California ARCO Dealers and Employees,1
INTRODUCED BY Assembly Member Solorio,1
Individuals and Small Businesses (65),1
"Sacramento County Sheriff, Santa Barbara",1
"Sacramento County Sheriff, Santa Barbara County",1
Sanger Swysen & Dunkle - Sarah Sanger,1
Sheriffs for the Counties of Kern,1
Various Individual Court Reporters,1
Vice-Chair,1
"Vince Doyle, FV Verna Jean",1
Wiener,1
15 Individuals on behalf of the Coalition of Labor Union Women,1
18 Subcontractors,1
19 letters from individuals,1
22 School District Administrators,1
26 School Districts,1
"26 mobilehome owners (Bellflower, Dunnigan, Hemet, Newport Beach, Oxnard, Sebastopol, Sonoma, and Vacaville)",1
29 Ventura County Official Court Reporters,1
4 Labor Organizations,1
559 Individual Letters,1
Acting Member,1
Atkins,1
Atkinson,1
Browne,1
Browning,1
Bryant,1
City of Fairfield Councilmember Rick Vaccaro,1
City of Fairfield Vice-Mayor Chuck Timm,1
City of Fresno Councilmember Henry T. Perea,1
"City of Galt, Councilmember Rich Lozano",1
"City of Hercules, Vice-Mayor Myrna de Vera",1
"City of Huntington Park, Vice-Mayor Andy Molina",1
City of Merced 7 Individual Letters,1
City of Monterey Park Councilmember Henry Lo,1
City of Oakland Council Member Julie Pierce,1
City of Oakland Councilmember Loren Taylor,1
"City of Oceanside, Councilmember Esther C. Sanchez",1
City of Petaluma Councilmember Brian Barnacle,1
City of Petaluma Councilmember D'Lynda Fischer,1
City of Petaluma Councilmember Dennis Pocekay,1
City of Petaluma Councilmember Kevin Mcdonnell,1
"City of Petaluma, Teresa Barrett, Councilmember",1
City of Pleasanton Councilmember Julie A. Testa,1
City of Riverside Councilmember Gaby Plascencia,1
City of Vallejo City Councilmember Cristina Arriola,1
City of Wasco Cruz Rodriguez,1
"Commissioner General, Special Envoy & Personal",1
"Council Member, District 2, for City of San Jose",1
County of San Diego Supervisor Joel Anderson,1
County of San Diego Supervisor Terra Lawson-Remer,1
County of Santa Barbara Supervisor Das Williams,1
"County of Santa Cruz Board of Supervisors, John Leopold",1
"County of Santa Cruz Board of Supervisors, Ryan Coonerty",1
County of Santa Cruz Supervisor John Leopold,1
"County of Santa Cruz, Fourth District, Supervisor Greg Caput",1
Couple Individuals,1
Crosby,1
Department of California Individual veterans,1
Diaz,1
Elias,1
"Feinstein and Honorable Pete Stark, House of Representatives",1
Few Individuals,1
Fifty Individuals,1
Five MDs,1
Four housing managers of affordable housing communities,1
Fourteen Individuals,1
Guillen,1
"Hundreds of individual letters, received by mail and FAX",1
"Hundreds of individuals, including Pharm D students and numerous deans of schools of pharmacy",1
Hundreds of letters from HOA boards of directors and individual members of HOAs across California,1
Inc. Hon. Darrell W. Stevens,1
Individual (8),1
Individual (s) - 1,1
Individual Attorney,1
Individual Biotech Companies,1
Individual CASAs,1
Individual Cattle Ranchers (8),1
Individual Contacts (7),1
Individual County Superintendents,1
Individual District Superintendents,1
"Individual Housing Advocate, San Ramon: Individual letter (1)",1
Individual Letters (28),1
Individual Letters (29),1
Individual Letters (310),1
Individual Letters from the Parents of Palomar Mountain School Students,1
Individual Pharmacists and Doctors,1
Individual RN's,1
Individual School Districts and Schools,1
Individual Superintendents District Superintendents and County Superintendents,1
Individual Supporter (3),1
Individuals (103),1
Individuals (107),1
Individuals (188),1
Individuals (199),1
Individuals (200) including judges,1
Individuals (21),1
Individuals (27),1
Individuals (270),1
Individuals (28),1
Individuals (307),1
Individuals (377),1
Individuals (432),1
Individuals (4791),1
Individuals (508),1
Individuals (55),1
Individuals (69),1
Individuals (86),1
Individuals (89) (213 emails),1
Individuals (approximately 100),1
Individuals - (105),1
Individuals - (19) in Total,1
Individuals - 19,1
Individuals - 87,1
Individuals - 94,1
Individuals -45,1
Individuals 1226,1
Individuals Letters (1),1
Individuals(5),1
Individuals-13,1
Kahn,1
Kelly,1
Law Professors: A letter signed by approximately 70 law professors in California,1
Letter from Individual,1
Letters from Individuals Supporting the Measure,1
Letters from area residents-18,1
Letters from eighteen other interested persons,1
Letters from three members of the Los Angeles County Board of Supervisors,1
Letters representing 70 cities,1
Local 112 Chris Woodard,1
Local 30 Several Individuals,1
Local 3299 Lieutenant Governor John Garamendi,1
"Lockhart, all Kings County Supervisors, Larry",1
Lou Barnett,1
"Lou La Monte, Councilmember - City of Malibu",1
"Management Ltd., 13 private individuals",1
"Marin County Grand Jury, Past Members (11)",1
"Marine County Grand Jury, Past Members (11)",1
Mayors from several cities in the Los Angeles region,1
Members of the Assembly Environmental Safety and Toxic Materials,1
Multiple Individual Letters (314),1
National City One Individual,1
Number of Individuals (petition),1
Numerous California Judges and Justices of the Superior Courts and Courts of Appeal,1
Numerous Citizens (over 400) California Nurses,1
Numerous Community Based Organizations,1
"Numerous Community Children, Mothers and Mental Health Organizations",1
Numerous Constituent Letters,1
Numerous Health System Pharmacists,1
Numerous Individual Certified Massage Therapists,1
Numerous Individual Letters from Public,1
Numerous Individual Travel Professionals,1
Numerous Individuals (Identified as Physicians),1
Numerous Individuals (about 150),1
Numerous Insurance Agents and Brokers (Allstate and State Farm),1
Numerous Judges and Justices of the Superior Courts and Courts of Appeal of the State of California,1
"Numerous Justices, Judges and Commissioners of the State of California",1
Numerous Letters,1
Numerous Licensed Psychologists,1
Numerous Mediators,1
Numerous Print Companies,1
Numerous Public School Speech-Language Pathologists,1
Numerous RDHs,1
Numerous Registered Nurses,1
Numerous Sureties,1
Numerous cities and other organizations write,1
Numerous directors of day care centers,1
Numerous health care providers,1
Numerous individual administrators of RCFEs,1
"Numerous individual nurses, other health: professionals, and individuals",1
Numerous individuals write,1
Numerous skilled nursing and continuing care and retirement facilities,1
Numerous small business owners,1
Office of the Attorney General and Polly Klaas,1
Orange County numerous individuals,1
"Over 1,000 individuals in Support",1
"Over 150 individuals, including HCBA Waiver recipients from Eddie's Place, Kelly Cullen, MLK, Mosswood, and Oak Days facilities",1
"Over 2,000 Individuals (Including Bar Owners and Patrons)",1
Over 200 letters of support from individuals throughout,1
Over 200 letters of support from individuals throughout California,1
"Over 50 law firm partners, presidents and general counsel of various California businesses",1
Over 70 Individuals with Primary Immunodeficiencies,1
Over Fifty Individuals,1
Parikh,1
"Petition from 196 individuals, plus 6 individual letters",1
Poway Unified Education Advocates - letters of individual,1
"Professor of Indian History and Archaeology, Soka University of America",1
"Professor of Media Studies and Asian Studies, University of San Francisco",1
Q & A Insurance Compliance Specialist,1
Resources for Independent Living: One individual,1
Rev & Tax,1
Rev & Tax: 10 -,1
Rev. & Tax.: 8 - 1,1
Saltzman,1
San Diego County Public Defender,1
San Francisco (Shelley),1
"San Rafael Library Foundation, Gary T. Ragghianti, Board member",1
Sanchez,1
"Santa Cruz City/County Library System, Teresa Landers",1
Schwarzenegger,1
Scores of individual letters from parents of American servicemen and servicewomen,1
Senator Mark's Northern California Task Force on State Managed,1
Several Individuals from San Francisco,1
Several hundred individuals - form letters and detailed support letters,1
Several water agencies and members of the Partnership,1
"Sheriff, San (Runner)",1
"Sheriffs of Los Angeles, Riverside, and Siskiyou",1
"Sheriffs of San Bernardino, Del Norte, Marin, San Mateo, and Yolo Counties",1
Six (6) Individuals,1
"Six CID homeowners (Bakersfield, Rocklin)",1
"Six Individual Professors/Dean from California Polytechnic University, Scripps Institute of Oceanography, and UC Santa Barbara",1
Social Workers Network (regarding the BBS oral examination) Individual letters,1
State Superintendent Delaine Eastin And letters from several individuals,1
"Student, College of Education",1
The Administration of Governor Gray Davis,1
"The City of Chula Vista, the Office of Councilmember Carolina Chavez",1
Thirty Individuals,1
Thirty-one,1
Three Sacramento County Supervisors write,1
"Three homeowners' associations board members (Auburn, Morgan Hill, and San Diego)",1
"Trixie Johnson, San Jose (Vice-Mayor) City Council Members: Elayne Dauber, Los Altos Hills",1
Twenty Individuals,1
Twenty-Three Individuals,1
Twenty-two Individuals,1
Two Private Constituents,1
Two victims of adoption fraud,1
University Surgery Center: Five individual doctors,1
"University of California, Los Angeles, Professor of Medicine",1
Various constituents and interested parties,1
Various individuals also write,1
Wasco Post Commander of the Veterans of Foreign Wars AMVETS,1
"Yee, in support of the bill",1
a number of individual letters and phone calls,1
a number of individuals and attorneys,1
"and, approximately 85 individual letters from the disabled community",1
"and, numerous individuals",1
approximately 250 form letters or petition signatures from individuals,1
approximately 50 jewelers and gemstone traders,1
approximately 60 private citizens,1
five attorneys specializing in elder law,1
five individual judges,1
five individuals. ADDITIONS/individuals listed,1
individual cannabis businesses and regional alliances,1
individual companies,1
individual letters from all across the US,1
more than 75 private citizens,1
numerous county Sheriff's offices,1
numerous disability rights and service organizations,1
one research data specialist,1
one retired attorney,1
over 30 individual horse owners and individual owners of horse-related businesses,1
over 700 individual horse owners and individual owners of horse-related businesses,1
several human rights organizations,1
two concerned individuals,1
two individual mobilehome owner,1
Individual counselor at DOR (who is blind),1
The Ghilarducci family,1
"Attorney General, Daniel",1
"Victor Greenberg, Inspector General of the Los",1
Several superintendents,1
Several members of the LAIF Advisory Board,1
"Several letters from Researchers, Scripps Research Institute",1
Several MFCC interns and trainees,1
One constituent/renter,1
Many scientists from University of California at Davis,1
Individual letter from Los Angeles County,1
numerous letters for individuals,1
numerous landlords,1
"Craig S. Criddle, William and Cloy Codiga Resource Recovery Center, Stanford University",1
9 citizens,1
"52 law students from Peninsula University, Mountain View",1
Ten (10) Individual child care providers,1
A Compton resident,1
An individual (public) member of the MBC,1
An individual letter,1
An individual with concerns about the discipline system,1
Anonymous parents of a child victim,1
Lavaich,1
"Numerous individual letters (approximately 4,000)",1
Numerous individuals (tens),1
Numerous individuals - orthotic sales,1
Numerous individuals from the Penryn community,1
"Numerous individuals in the community of Gustine, California",1
"Numerous individuals, including licensed physician and surgeons",1
Numerous mobilehome owners and residents,1
One attorney,1
"One household, Oakland",1
One individual (Rolling Hills Estates),1
One individual crab fisherman,1
One individual family child care provider,1
One individual parent,1
One licensed physician (plastic surgeon.),1
One medical doctor,1
Over 100 individual citizens,1
Over 100 veterinarians,1
Over 150 certified public accountants,1
Over 150 letters from individuals,1
Over 20 individual callers,1
Over 200 nurse anesthetists,1
Over 300 letters from individuals,1
Over 50 individual letters from constituents,1
Over 500 letters from individuals,1
Over 800 individual letters from citizens,1
Over 800 letters from individual citizens,1
"Seventeen CID homeowners (Campbell, Greenbrae, Irvine, La Mesa, Lincoln, Loomis, Martinez, Pasadena, San Francisco, Santa Rosa, Sun City)",1
by John Ham,1
a private trial-level defense attorney,1
1 Individual (Cindy A. Ossias),1
"1 Individual with Kaye, Scholer, Fierman, Hays & Handler, LLP",1
"1 Individual, Extended Opportunity Programs and Services Association, Chaffey College",1
"1 Individual, Extended Opportunity Programs and Services Association, Reedley College",1
"1 Individual, Extended Opportunity Programs and Services, San Diego Miramar",1
"1 Individual, Extended Opportunity Programs and Services, Southwestern",1
1 Insurance Agent,1
10 Clergy Members,1
109 Medical Professionals From Across California,1
"12 Individuals, Extended Opportunity Programs and Services and Disabled",1
3rd District Supervisor,1
47 Members of Congress,1
5 Licensed Clinical Social Workers,1
"6 Individual Professors/Dean from California Polytechnic University, Scripps Institute of Oceanography, and UC Santa Barbara",1
"6 Individuals, Extended Opportunity Programs and Services and Disabled",1
6 Residents of Carlsbad by the Sea,1
9 Former Members of the Marin County Grand Jury,1
"A Cecilia Mogal, Medical Doctor",1
A Concerned Citizen,1
A Large Number of Individual Superior Court Judges,1
"A. Mark Doggett, Humboldt State University",1
Aaron DelloIacono Thies,1
"Aaron Koski and Kris Grufft, FV Miss Kelley",1
"Aaron Myers, Attorney",1
"Aaron Perzanowski, Professor of Law & Oliver C. Schroeder Jr. Distinguished Research Scholar",1
"Adrienne L Krikorian, Attorney at Law",1
Agnes Wood,1
"Alan L. Rosen, esq., Rosen and Loeb",1
"Andrew Deitz, Director, Symphony Technology Group",1
Anthony,1
"Anthony E. Saville, Ramona, CA",1
"Assembly Member Howard Wayne, Chair, Select Committee on",1
"Assistant Sheriff, City and County of San Francisco",1
"Associate Director, Beach Center on Disability, University of Kansas",1
"Attorney Arthur Krantz, Leonard Carder, Nathan Zuckerman, Ross, Chin et al",1
Attorneys Robert S. Gerber and Charles Berwanger,1
"Betty Yee, First District Member, State Board of Equalization",1
"Betty Yee, Member, First District, State Board of Equalization",1
"Bevan Dufty, Member of the Board of Supervisors, City and County of San",1
Beverly L. Manchester,1
"Bonnie Maxwell, Dobbins",1
"C. Phillip Jackson, esq., Irsfeld, Irsfeld & Younger LLP",1
C. Robert Ferguson,1
CA Mr. Eugene H. Bader,1
Calderon,1
"Carl F. Bryan (Presiding Judge, Nevada County Superior Court)",1
Carol Karp,1
Carrick,1
Charles L. Patrick (San Diego Judicial District),1
Charles Little,1
"Charles Magowan, TradePoint Solutions, Inc",1
"Chris Eyre, Managing Director, Legacy Venture",1
"Christine K. White, Planner/Designer, Interactive Resources, Inc",1
Christine Mulholland and Allen Settle,1
"Cindy Palumbo, Board Member, 46th District Agricultural Association",1
"City of Beverly Hills, Council Member Lili Bosse",1
"City of Carson, Councilman Mike A. Gipson",1
"Claude Parrish, Member, State Board of Equalization",1
Commissioner John R. Dean (Lake Isabella),1
Congressmen Gary Condit and Gary Radanovich,1
Congressmen Gary Condit and George Radanovich,1
"Constituent, Sacramento",1
Councilmember Antonio Villaraigosa,1
"Councilmember Brian Guitierrez, California State Council on Developmental Disabilities",1
County of Fresno Supervisor Henry Perea,1
"County of Riverside, Sheriff Stan Sniff",1
"County of Riverside, Sheriff Stanley Sniff",1
County of Trinity Supervisor John Fenley,1
County of Tuolumne District 2 Supervisor Randy Hanvelt,1
"County of Yuba - Bill Simmons, Supervisor, District Two",1
Daly City Gene H. Kulander,1
"Dane Hansen, BWE Structural Engineering",1
"Daniel M. Burns, Prof. of Medicine, U.C. San Diego",1
Darleen Shoemaker,1
David H. Brickner (Orange County Superior Court),1
"David Liddle, General Partner, USVP",1
"David Roux, Managing Director, Silver Lake Partners",1
"David Wight and Wayne Reed, FV Nanbellis-Jo",1
"Deborah Doll, El Dorado",1
Della V. Schuler,1
Denise Henry,1
Desautels,1
"Don Cabianca, CSConstructors",1
Dorothea G. Burnip,1
"Dr. Christine Haller, Assistant Professor of Medicine, UCSF",1
"Dr. Larry Bowers, Senior Managing Director, United States",1
"Dr. Larry Green, Member of the Lake Tahoe Unified School District and President of the El Dorado County School Boards Association",1
"Dr. Sargent Wright, MFCC",1
"Duane E. Spencer, D.D.S",1
Ehrman,1
"Ellen R. Peck, Esq",1
Emmett Burroughs,1
"Eric Garcetti, Law Center to Prevent Gun Violence",1
"Eric Smith, Placerville",1
Ernest Dronenburg (Vice Chair BOE),1
"Folsom Community College, Veteran Affairs Coordinator",1
Former Assemblymember Mel Levine,1
Fresno County Supervisor Nathan Magsig,1
"Garrett Huff, Fire Captain, Santa Barbara County Fire Department, and President, Santa Barbara",1
Gary Maggiore,1
"H. DuBose Montgomery, Managing Director and General Partner, Menlo Ventures",1
"Henry Brodersen, Palo Alto Elks Lodge",1
Hetchman,1
"Hon. James Silva, Supervisor, Orange County",1
Horvath,1
Humes,1
Individual Rights Section,1
Inge Meinzer,1
Ingrid Mueller,1
"Inspector Ovanessian, San Francisco Police Department",1
"Jennifer Valiente, Davis",1
Jim and Jane Bright,1
"John and Robert Dooley, FV Caitlin Ann",1
"Joyce Blom, Walnut Creek, CA",1
"Joyce Harris, Director of the Student Health Center at",1
"Judge John Henning, Supervising California Assoc. of Adoption",1
"Judge John Henning, Supervising Judge L.A. Superior Court",1
"Judges Read Ambler, Len Edwards, and Nancy Hoffman of Santa",1
Kaye Kirchman,1
Kern County Supervisor Barbara Patrick,1
"Lester Breslow, Dean Emeritus, U.C.L.A. School of Public Health",1
"Linda Souza, Merced",1
Lindley,1
Lola,1
"Loretta Estrada, Board Member, 14th District Agricultural Association, Santa Cruz County Fair",1
Los Angeles County Supervisor Michael,1
Margaret DalPorto,1
Marge Atkinson (Councilmember),1
Maria Shriver,1
Mark D,1
"Mark Lee, Manatt, Phelps & Phillips",1
"Michael Alvarez, Co-Director, Caltech/MIT Voting Technology Project",1
Michael B. Day,1
"Michelle Steele, Vice Chair, California State Board of Equalization",1
Mike Breslin and Roxanne Baxter,1
"Mike Thompson, Member of Congress, 1st Congressional",1
Mildred Robinsen,1
"Ms. Antoinette Marich, Lecturer Physical Education, Dominguez Hills, California State University",1
"Nancy and Angelo Salvucci, Santa Barbara Local Agency Formation",1
Nicholas Jr,1
O'Laughlin,1
Oberhelman,1
"Office of John H. Gilman, M.D",1
"Pamela & Daniel Leal, Paso Robles",1
"Patricia & Donald Wills, Placerville",1
Presiding Judge Gary Klausner,1
"Prof. J. David Sackman, Esq",1
"Prof. Miguel A. Mendez, Stanford Law School",1
"Professor Barnett, Boalt Hall School of Law",1
Professor Melvin Eisenberg,1
"Rabbi Lennard P. Thal, Union of American Hebrew",1
Riverside County Supervisors Mullen,1
Robert King Fong (Councilmember),1
Robert Lieber (Mayor),1
"Robert Stern (former General Counsel, Fair Political Practices Commission)",1
"Robert Townsend, Citrus Heights",1
Robyn Astaire,1
"Ronald C. Taylor, Vice President, Academic Services, Chabot",1
SUPERIOR COURT JUDGES,1
San Joaquin County Supervisor Jack Sieglock,1
San Luis Obispo County Supervisors Bruce Gibson and Adam Hill,1
"Sean Owens, DVM, Diplomate ACVP, Medical Director, UC Davis Veterinary Blood Bank",1
Segrid Thorsen,1
Senator Hilda Solis,1
Senator Patrick Johnston,1
Seven Presidents and/or CEOs of Hospitals,1
Sonoma County G.W. Peterson,1
State Park Peace Officer Hon. Don Horsley,1
Superior Court Judge Richard Niedorf,1
Supervisor from Tulare County,1
"Supervisor, Fourth District, County",1
"Supervisor, Jon McQuiston, Kern Co. First District",1
"Supervisor, Mendocino County",1
"Supervisor, Steve A. Perez, Kern County, Second District",1
The Honorable Cruz M. Bustamante,1
The Honorable James C. Ledford,1
Thomas Lanni,1
"Tim Newell, Managing Director, Element Venture Partners",1
Tom Wheeler,1
"Tyler Maxwell, Vice President, Fresno City Council",1
Tyron Hampton - Pasadena City Councilmember,1
U.S. Congressman Brad Sherman,1
U.S. Congressman Henry A. Waxman,1
U.S. Congressman Howard Berman,1
U.S. Congressman Howard L. Berman,1
U.S. Congressmember Tony Cárdenas,1
U.S. Congresswoman Ellen Tauscher,1
"U.S. House of Representatives, Member of Congress, Alan Lowenthal",1
"U.S. House of Representatives, Member of Congress, Jared Huffman",1
"U.S. House of Representatives, Member of Congress, John Garamendi",1
"U.S. House of Representatives, Member of Congress, Mark DeSaulnier",1
"U.S. House of Representatives, Member of Congress, Michael Honda",1
"U.S. House of Representatives, Member of Congress, Susan A. Davis",1
"U.S. House of Representatives, Member of Congress, Ted Lieu",1
U.S. Representative Grace Napolitano,1
U.S. Representative Henry A. Waxman,1
U.S. Representative Jackie Speier,1
U.S. Representative Jared Huffman,1
U.S. Representative Young Kim (CA-39),1
"U.S. Representative Zoe Lofgren, 19th District, California",1
"U.S. Senate, Senator, Dianne Feinstein",1
"US Congressman, 5th District, John Garamendi",1
United State Senator Barbara Boxer,1
United States Congressmember Mark Takano,1
United States Senator Boxer,1
United States Senator Feinstein,1
United States Senators Mary Landrieu and David Vitter,1
Valerie Roach,1
"Valerie Stallings, San Diego City Council",1
"Valerie Stallings, San Diego City Council Member",1
Valley of the Moon Water District Board Member Jon L. Foreman,1
Ventura County Supervisors Peter Foy,1
"Ventura County, Supervisor Foy",1
"Vice Chair Soli Alpert, Berkeley",1
"Vice Mayor Adrian Fine, City Of Palo Alto",1
"Vice Mayor Karina Talamantes, Sacramento City Council, District 3",1
"Vice Mayor Katherine Lee, Alhambra",1
Vicki Carlson,1
Villaraigosa,1
"Vincent Casalaina, Willard",1
Vincent Mudd (individual),1
"Vinton J. Koklich, Hearing Aid Dispenser",1
Virginia Arnold,1
Virginia Farver,1
"Virpal Sandhu, Student",1
"Vista Shakiba, Medical Doctor",1
Vivian Marquez,1
Walt Brewer,1
Walt Lewis from the Pasadena District Attorneys Office,1
"Walt Shultz, El Dorado County Supervisor",1
"Walter H. Gmelch, Dean of the School of Education, University of San",1
Walton Emmick,1
"Ward, Michael, Dean College of Engineering, Computer Science, and Construction Management, California State University, Chico",1
Warren Ristow,1
"Warren Slocum, Supervisor, District 4",1
Wayne Gretter,1
Wendy Conner,1
"Wendy Larner, Member Ventura County Board of Education",1
"Wendy Lindley, Presiding Judge, South Orange County Municipal",1
Wendy W. Smith,1
Westminster Vice-Mayor Kimberly Ho,1
"Willaim S. Choate, Senior Assemlby Member, Madera",1
William Appleby,1
"William B. Grant, Ph.D",1
William Bailey,1
William Chapin,1
"William F. Taylor, Esq. (Berkeley)",1
William G. Polley (Tuolumne County Superior Court),1
"William J. Howatt, Jr., Presiding Judge Superior Court, San",1
"William J. Howatt, Jr., Presiding Judge, Superior Court, San Diego County",1
William Kennedy,1
William Kissinger,1
William L. Evans (Central Orange County Judicial District),1
"William O'Brien, Stanislaus County Supervisor, District One",1
"William S. Choate, Senior Assembly Member",1
William Schulte,1
"Wilma Chan, District 3 Supervisor, Alameda County Board of Supervisors",1
"Wilma Chan, Supervisor, Alameda County",1
Xochitl Rico,1
Yolanda Hernandez,1
"Yolo County Assessor, Alan B. Flory",1
"Yolo County Supervisor, District 2, Don Saylor",1
Yota Batsaras,1
"Young Kim, U.S Representative, CA-40",1
Yuba County Supervisor Andy Vasquez,1
Yvette McDowell,1
"Yvette Vartanian Davis, Board Trustee of the Glendale Community College",1
Yvonne Quitana,1
"Zev Yaroslavsky, Los Angeles County Board of Supervisors",1
"Zoe Lofgren, Member of the United States Congress",1
"Zoe-Anne Fitzhugh, RN",1
Andaz West Hollywood General Manager Lin Schatz,1
"Californians Against Waste, Norcal Waste",1
"Californians Against Waste, Sierra Club",1
"Californians Against Waste, Sierra Club California",1
City of Visalia Mothers Against Drunk Driving,1
"County of Trinity Supervisor John Fenley, District 5",1
Dorris,1
"Dr. Leon Owens, Director of the Trauma Care Program at",1
"Gates Construction, Engineering & Utility Contractors",1
"Harlan Kelly, Chair of the Concerned Citizen's Committee of Fresno",1
Hubbard,1
"Jack Londen, Chair of the California Commission on Access to",1
"Judges John W. DeGroot and Paul R. Martin, Madera",1
Madera County Office of Education's Director of Alternative Programs,1
"Marin Builders' Association, Flasher/Barricade Association",1
"Marin County Board of Supervisors/Coastal Commission Member, Steve Kinsey",1
"Medical Director, Director of the Department of Pathology and Laboratory",1
Obie,1
The President and Vice-President of the San Diego County Board of Education,1
Valerie Hanson [concerned citizen],1
Mike Gotch [former Assemblymember],1
"Betty Yee, Acting Member, BOE",1
"julie graham MFT, Director Transgender Health Services, San Francisco Department of Public Health",1
"John W. Gates, former director, California Insurance Guarantee Association",1
"June Wentworth, former Mayor of Walnut",1
(1) Letter General Public,1
1 Lab Manager,1
1 Nephrologist,1
10 chambers of commerce,1
10 letters/emails in support from individual DVBEs,1
10 non-form letters from individuals,1
100+ Independent Owner Operators,1
"11 community managers (Aliso Viejo, Burbank, Canyon Lake, Irvine, La Quinta, Palm Desert, San Diego, Sun City, and Yorba Linda)",1
11 identical letters from various biomass: facilities and trucking firms,1
"11,072 Electronically Generated Unsigned Letters (See www.StopSB249.com)",1
12 personal letters from individuals,1
12 various support letters,1
13 individuals (identifying themselves as owners or previous owners of lemons),1
13 letters from individuals,1
1307 individual letters,1
14 Medical Doctors,1
14 individual professionals,1
14 individuals who are members of the clergy (list primarily from author's office),1
15 letters from physician/oral and maxillofacial surgeons: 12 individual letters,1
167 Private Individuals,1
169 individuals sent letters of opposition,1
17 identical letters of opposition from various businesses,1
17 individual property owners,1
175 individuals,1
"18 mobilehome owners, Cathedral City",1
189 letters from individual firms and corporations,1
2 Individual MTAs,1
2 individuals3,1
2 recipients of individual provider care,1
22 additional law enforcement agencies,1
22 individuals (most identify themselves as parents or siblings of mentally ill persons),1
223 letters from members of the Screen Actors Guild,1
23 individual physicians,1
23 letters from individuals,1
25 members of the Psychology Service of Gov,1
26 letters/emails in opposition from individual DVBEs,1
270 individual letters or petition signatures,1
3 Endocrinologists,1
3 Licensed Vocational Nurses,1
3 Members of the Ventura County Board of Supervisors,1
"314 local non-profit, religious, educational and social organizations",1
316 INDIVIDUALS,1
32 individuals (via phone),1
"32 scientists, physicians and public health professionals",1
"349 local non-profit, religious, educational and social organizations",1
35 individuals (most identify themselves as owners or previous owners of lemons) *Position has been reconfirmed after review of July 15th,1
35 pawnbrokers,1
372 Private Citizens,1
4 Individual Senior Legislators,1
41 Clients of Joe A. Gonsalves & Son,1
42 individual veterans' letters,1
45 Amusement Machine Operators and Distributors,1
46 individuals and service providers,1
467 individuals,1
49 private individuals,1
"5 individual city councilmembers from the cities of San Jose, Berkeley, Oakland, Los Angeles, and San Francisco",1
5 individual opposition letters,1
5 letters of support received from hair care professionals,1
55 individual hypnotherapists and hypnotherapist affiliates,1
57 individual letters in support,1
6 individual apartment owners,1
"6 mobilehome owners, Wagner Mobilehome and RV Park, Desert Hot Springs",1
63 Registered Nurses,1
"68 individuals, including a number of CAH patients and family members of CAH patients and 22 pediatric endocrinologists",1
688 individuals,1
7 Individual citizens,1
7 Private Patrol Operators,1
72 Letters from various individuals,1
"8 mobilehome owners, Hidden Springs Country Club, Desert Hot Springs",1
80+ Individual Letters,1
"80,000 rank and file peace officers",1
85 letters of support received from concerned citizens,1
86 individuals (79 of the 86 individuals listed are homeless),1
88 Registered Dieticians,1
90 plus individuals,1
98 form letters from individuals,1
A large number of individuals,1
"And, well over 150 private residents of Napa, St. Helena, Calistoga, Sonoma, etc",1
"Approximately 1,000 individuals indicating support via various petitions and letters",1
Approximately 100 individuals (form letters from hearing aid dispenser licensees),1
"Approximately 127 individual, petitioning travel agents",1
Approximately 1500 letters from individuals as noted above,1
"Approximately 2,600 individuals indicating support via various petitions and letters",1
Approximately 25 attorneys as individuals,1
"Approximately 4,500 individuals indicating support via various petitions and letters",1
Approximately 85 individual letters from the disabled community,1
Assistant Professor of Medicine,1
Belmont Gregory E. Strickland,1
CSU Fresno Richard K. Propster,1
California (Secretary John Laird),1
California: Numerous individuals,1
Chemical Engineer,1
Couple Hundred Individuals,1
"David Horowitz, The Media Coalition",1
Division 4 Phil Hawkins,1
Eight (8) Individuals,1
Eleven Private Citizens,1
"F. Scott Jackson, Attorney at Law, Irvine on behalf of Ladera",1
Geoff Long / APPR. / (916) 319-2081,1
Homeless Citizens of the State of CA (272),1
Individual (9),1
Individual Letters (31),1
Individual Members of Credit Unions,1
Individual Owners and Managers of Mobilehome Parks (37),1
Individual San Francisco Realtors (33),1
Individuals (134),1
Individuals (17),1
"Individuals (200) including lawyers, and court reporters",1
Individuals (254),1
Individuals (300),1
Individuals (317),1
Individuals (54),1
Individuals (565),1
Individuals (624),1
Individuals (approximately 50),1
Individuals - 25,1
Individuals - 74,1
Individuals - 75,1
Individuals - Six,1
Many individual letters supporting the exclusion of the Gifted and Talented Education program from any block grant,1
"Nancy Bernardi, RN, M.S.N",1
Nancy Graves,1
Nancy Hoagland,1
"Nancy Hollis, D.C",1
"Nancy P. Holladay, CPA",1
Numerous Educators,1
Numerous Insurance Agents and Brokers (State Farm),1
Numerous Naturopaths,1
Numerous business groups,1
"Numerous cities, counties, local agencies, and organizations. See end of this analysis for a complete list of",1
Numerous firearm and hunting organizations,1
Numerous individual approved school students and graduates and psychologists,1
Numerous single format letters of opposition from parents and teachers,1
Numerous water agencies,1
"Patient"" Robinson",1
"Patient"" Soto",1
"Patient"" Sterry",1
"Petition signatures from 32,931 individuals through the Scholl Institute of Bioethics",1
"Petitions from 325 individuals (Durham Transportation, Inc.)",1
Planning Director,1
"President, Academic Affairs",1
Public Health Officer,1
"Sacramento County Supervisors Illa Collin and Roger Dickinson, Sacramento City Councilmember Steve Cohn, Orange County LAFCO",1
San Benito County Richard A. Bull,1
San Bernardino County Supervisor,1
Seven individuals Committee,1
Several Individual Pet Owners,1
Several Physicians and Other Individuals,1
Several telephone carriers,1
Sierra Club: Lawrence Lingbloom,1
South Bay Residents,1
"State Bar Board of Trustees Denny Mangers, Heather Linn Rosing, Glenda Corcoran, and Joanna Mendoza",1
State Bar of California Kenneth Klee,1
State Public Health Officer,1
Ten (10) individual letters,1
Three Family Law Attorneys,1
Three members of the CSU Fullerton Philanthropic Foundation,1
"Tim Estes, FV Pacific Gayle",1
Town Business People and Residents,1
Twenty Eight Private Citizens,1
Two Dozen Active and Retired California Wildlife Officers,1
Two Independent Owner/Operators,1
Two Reserve Peace Officers,1
UCSB Richard Gregson,1
Will Casey,1
Will Travis (Executive Director),1
Will Woolley,1
individual dry cleaners,1
numerous individual phone calls and letters,1
numerous private individuals involved in the industry,1
one fundraising professional,1
one hundred seventy five names on letters and petitions,1
several individual counties,1
several public interest groups,1
several well operators,1
thousands of individuals on petitions,1
various CPA's,1
15 individual,1
numerous proprietors of skateboard and in-line skate shops,1
"Board Member, Tahoe Regional Planning Agency",1
"Bruce Gibson, San Luis Obispo Board of",1
Judge L.A. Superior Court ACAL,1
Laird,1
Lake County Administrative Officer Kelly F,1
Leaders of Tomorrow Board Member,1
"Mr. Frank E. Baxter, Jefferies & Company, Inc",1
Nineteen Private Citizens,1
One Anesthesiologist,1
One Chiropractor,1
One educator or trainer in the field of criminal justice,1
PAVLEY,1
Parra,1
Sacramento County Supervisors Illa Collin and Roger Dickinson,1
"Steve Kinsey, Marin County Board of Supervisors and Coastal Commission",1
Umberg,1
United States Marines Josh Beavers,1
Vargas,1
"Williams, Jr",1
1 Constituent Letter,1
1 Deputy Chief of Police,1
"1,184 Private Citizens",1
10 Lemon Law Attorneys,1
11 District Attorneys,1
"11 individual letters (Brownville, Loomis, Sacramento, San Marcos, Santa Monica, and West Covina)",1
12 Architects,1
12 General Contractors,1
14 individual communications SB 190 (Scott),1
2 individuals. SB 509 (Campbell),1
21 Sheriffs and Sheriff-Coroners,1
248 Individuals,1
286 Private Citizens,1
3 attorneys AB 1158 (Lieber),1
3rd District Trustee Joe Galligan,1
4 - SB 796 Linda Adams,1
4 Individual -Vasconcellos,1
"4-H Youth Development Advisor, University of California Cooperative",1
40 Affiliates of Dolly Parton's Imagination,1
40 individuals SB 1266 (Kopp),1
409 Private Citizens,1
49 Chiefs of Police,1
5 members of the Showcase Ranches Community Services District Board of Directors,1
52 letters from individuals 7/26/00 AB 1463 (Cedillo),1
541 Individuals,1
6 individuals AB 25 (Nu?ez),1
6 individuals SB 2080 (O'Connell),1
6 private attorneys AB 754 (Morrow),1
7 individual letters of support and 7 individual letters received from the Camarillo Public Library,1
7 individuals AB 1953 (Baldwin),1
8 individuals SB 1629 (Sher),1
"9 mobilehome owners and associations (Capitola, East Palo Alto, Fremont, Santa Cruz, Santa Rosa, and Soquel)",1
94 Private Individuals,1
A former NCAA Enforcement Department employee,1
"A. E. Siok, Fountain Valley",1
"AB Anthony F. Cardenas, Chief of Police",1
"AB Hon. Bob Filner, Member of Congress",1
AFL-CIO Numerous Individuals,1
"Abel Padilla, Constituent",1
Acting Secretary of State,1
Ad 73 Adem Delegate Ryan Dack,1
"Adam Englehardt, Individual",1
"Adam Hill, Supervisor, District Three of San Luis Obispo",1
"Adam Raskin, Investigator",1
"Adam Schiff, Member of the United States Congress",1
Adam Scow,1
Adam Williams,1
"Adeniran, Dixie",1
Adolfo Saldana,1
"Adriana Gardner, Pharmacist",1
Adriana Martínez,1
Adriana Ramirez,1
Adrienne Dickinson,1
"Advocacy Institute, Individuals",1
Advocate Harvey Rosenfeld,1
Ahlborn,1
Al Guzman,1
"Al Rowlett, Commissioner on the Commission for Behavioral Health",1
Al Stein,1
Al Stone,1
Alameda Councilmember Stewart Chen,1
Alameda County Assessor John N. Scott,1
Alameda County Supervisor Dave Brown,1
"Alameda County Supervisor Wilma Chan, Third District",1
"Alameda County, County Supervisor Nate Miley, District 4",1
Alan Duckworth,1
"Alan Haffa, Councilmember",1
Alan Lee - Big Bear Lake City Councilmember,1
"Alan P. Feren, MD",1
Alan Pryor,1
"Alan Slater, Chief Executive Officer, Superior Court",1
Alan Uke,1
"Alatorre, Los Angeles City Councilman",1
Albany Councilmember Rochelle Nelson,1
Albert Aubin,1
"Alene Taylor, Supervisor",1
Alex Fisch - Culver City Councilmember,1
Alex Padilla,1
Alex Park,1
Alex Rounaghi - Laguna Beach City Councilmember,1
Alex Stadtner,1
Alexandra Leichter (Family Law),1
Alexandra M. Barnhill,1
Alexis Wiser,1
Alfonzo Ugalde,1
Alfred Chasuk,1
Alice Stokes,1
"Alice Woody, San Jose",1
Alicia Bautista,1
"Alicia Boccellari, Ph.D",1
Alison Harvey,1
"Allan Drusys DVM, MVPHMgt",1
"Allen Garfield, Attorney",1
"Allen Garfield, Attorney at Law",1
Allen Steinbeck,1
Allison Simon,1
Allyson,1
Allyson Nakasone,1
Alpine County Superior Court Judge,1
Alpine County Superior Court Judge Harold Bradford,1
"Alpine County Supervisor, David Griffith (District 5)",1
"Althea Baker, Los Angeles County",1
"Alvara Garza, M.D., M.P.H., Stanislaus County Health",1
"Alvaro Garza, M.D., Public Health Officer, Stanislaus County",1
Alvin McLean (State Farm Insurance),1
Alysa Cisneros - Sunnyvale City Council Member,1
Alysa Cisneros - Sunnyvale Vice Mayor,1
Amador County Supervisor Timothy Davenport,1
"Amanda Millstein, Medical Doctor",1
America Bailon,1
Amit Shoham,1
Ammiano,1
"Amy Atkinson, Sr. Graphic Designer of Palo Alto",1
Amy Blood,1
"Amy Zezulak, Davis",1
An individual in opposition,1
An individual surgeon writes in opposition that,1
An individual who is a military wife and former resident of military housing,1
"An individual, Patricia Taylor",1
Ana Validzic,1
Anastasia Hunt,1
"Andra Hoffman, Vice President, Los Angeles Community College District",1
Andrea Atkinson,1
"Andrea L. Dooley, Arbitrator (INDIVIDUAL)",1
"Andresen, Lee",1
"Andrew E. Katz, Esq",1
Andrew G. Pasmant,1
Andrew Gross,1
Andrew Ko,1
"Andrew Kozar, Los Angeles, Mary Kroener-Ekstrand, Los Angeles, CA",1
"Andrew Lewis, Councilmember, North Westwood Nc",1
Andrew Pitoniak,1
"Andrew Sautkulis, Jr. (individual)",1
"Andy Ball, Los Angeles Gay and Lesbian Center, Carmichael, CA",1
"Andy Molina, Council Member",1
Angela,1
Angela Bickle,1
Angela Mitchell,1
"Angela Ornelas, D.C",1
"Angelica Gonzalez, Ellwood School Crossing Guard",1
Angelina Bates,1
"Angelina Crans Yoo, Medical Doctor",1
Angelina Romano,1
Angelos,1
Ann Atkinson,1
Ann Blackwood,1
"Ann Cousineau, Director of Library Services, Solano County Library",1
Ann Ellis,1
"Ann Harvey, Individual",1
"Ann Harvey, Medical Doctor",1
"Ann J. Kulchin, Mayor Pro Tem",1
Ann Klinefelter,1
Ann Myhre,1
"Ann Rivo, Board Member",1
Ann Teter,1
Ann and Jon Reynolds,1
"Anna Galka Armour, Licensed Landscape Architect",1
Anna Hohman,1
Anna Rapp,1
Anna Vaughn,1
"Anne Lavandier, Ukiah, CA",1
"Anne Spiegel, D.D.S",1
"Anneliese Taylor, librarian at UCSF",1
"Annette Mercer, Los Angeles, CA",1
Anthony F. Cardenas,1
"Anthony J. Addams, O.D., Ph.D., Dean UC Berkeley",1
"Anthony J. Intintoli, Jr., Mayor",1
"Anthony Molina, M.D",1
"Anthony Molina, M.D. (Staff Physician, Department of Preventive Medicine, University of Southern California)",1
Anthony Perez,1
"Anthony S. Agueda, Jr",1
Anthony Scalise,1
Anthony St. Martin,1
"Anthony William Davis, Woodcreek High School",1
"Appellate Attorneys Carole Spreckels Greeley, Maribeth Halloran, Donna B. Kaiser, Roni Keller, Maryann M. Milcetic, Sylvia Paoli, Janet Saalfield, Janet Sherwood, Alan Siraco and Valerie E",1
"Appellate Attorneys Carole Spreckels Greeley, Maribeth Halloran, Donna B. Kaiser, Roni Keller, Maryann M. Milcetic, Sylvia Paoli, Janet Saalfield, Janet Sherwood, Alan Siraco and Valerie E. Sopher",1
"Ara Najarian, Councilmember",1
"Ara Najarian, Director, MTA, Councilmember",1
"Ara Najarian, Glendale City Councilmember",1
Arcata Councilmember,1
"Arlene Inouye, Individual",1
Arlene Wong,1
"Arlo Smith, District Attorney of San",1
"Arlo Smith, Member, California Gambling",1
Armando Mares,1
"Arnold Leff, M.D",1
"Arnold T. Johnston, Norwalk",1
"Arnulfo Cedillo, Chabot-Las Positas Community College District Trustee",1
Art Chacon,1
"Art Chacon, CBMWD Director",1
"Art Gage, Councilmember",1
Artesia City Councilmember Ali Sajjad Taj,1
Artesia City Councilmember Sally Flowers,1
"Arthur W. Anderson Jr., M.D., F.A.P.A",1
Arthur and Evelyn Woodworth,1
"Ash Kalra, Councilmember",1
"Ash Kalra, Councilmember, District 2",1
Ashley,1
"Ashley Mcclure, Medical Doctor",1
Asian Law Caucus Holly Fujie,1
"Assault, Eastvalley, California Attorney",1
Assembly Member Aguiar,1
Assembly Member Ammiano,1
Assembly Member Archie-Hudson,1
Assembly Member Areias,1
Assembly Member Bornstein,1
Assembly Member Carter,1
Assembly Member Cook,1
Assembly Member Coto,1
Assembly Member Eastin,1
Assembly Member Hancock,1
Assembly Member John A,1
Assembly Member Johnson,1
Assembly Member Karnette,1
Assembly Member Knox,1
Assembly Member Ma,1
Assembly Member Matthews,1
Assembly Member McPherson,1
Assembly Member Nava,1
Assembly Member Nunez,1
Assembly Member O'Connell,1
Assembly Member Olberg,1
Assembly Member Polanco,1
Assembly Member Quackenbush,1
Assembly Member Richter,1
Assembly Member Roger Niello (ret.),1
Assembly Member Setencich,1
Assembly Member Speier,1
Assembly Member Terry Friedman,1
Assembly Member V,1
Assembly Member Wieckowski,1
Assembly Member Willard Murray,1
Assembly Members Bonta,1
Assembly Members Richman and Runner,1
Assemblyman Baca,1
Assemblyman Bernie Richter,1
Assemblyman Bill Morrow,1
Assemblyman Curtis Tucker,1
Assemblyman Dutra,1
Assemblyman Hauser,1
Assemblyman Murray,1
"Assemblyman Richard Rainey/ California Probation, Parole",1
Assemblyman Sal Cannella,1
Assemblyman Sher,1
Assemblyman Tom Bates and the University of California,1
Assemblyman Williams,1
Assemblymember Aghazarian,1
Assemblymember Alister McAlister,1
Assemblymember Block,1
Assemblymember Bowen,1
Assemblymember Brooks Firestone,1
Assemblymember Burton,1
Assemblymember Butler,1
Assemblymember Caldera,1
Assemblymember Campos,1
Assemblymember Dave Jones,1
Assemblymember Dickinson,1
Assemblymember Dymally,1
Assemblymember Eng,1
Assemblymember Goldsmith,1
Assemblymember Gordon,1
Assemblymember Halderman,1
Assemblymember Hancock,1
Assemblymember Hawkins,1
Assemblymember John A,1
Assemblymember Johnson,1
Assemblymember Jones,1
Assemblymember Laird,1
Assemblymember Levine,1
Assemblymember Lieber,1
Assemblymember Lieu,1
Assemblymember Ma,1
Assemblymember Mike Machado,1
Assemblymember Miller,1
Assemblymember Monning,1
Assemblymember Nava,1
Assemblymember Nicole M. Parra,1
Assemblymember Nunez,1
Assemblymember Perea,1
Assemblymember Pringle,1
Assemblymember Ruskin and California Independent Oil Marketers,1
Assemblymember Saldana,1
Assemblymember Sher,1
Assemblymember Smyth,1
Assemblymember Solis,1
Assemblymember Steve Baldwin,1
Assemblymember Valadao,1
Assemblymember Vince Fong,1
Assemblymembers,1
Assemblymembers Laird and Feuer,1
Assemblywoman Jackie,1
Assemblywoman Jackie Goldberg,1
Assemblywoman Moore,1
Assemblywoman Nicole Parra,1
"Assessor of Santa Clara County, Larry Stone",1
"Assistant Director, UCLA Medical Center",1
"Assistant Professor Dawn B. Mabalon, Ph.D., San Francisco State",1
Assistant Professor at UCSF Karen Butter,1
Assistant Professor at UCSF Laurence Peiperl,1
Assistant Professor at UCSF Richard Schneider,1
"Associate Justice Fred Woods, California Court of Appeal, Second Appellate District",1
Associate Professor at UCLA Anneliese Taylor,1
Associate Professor at UCLA Glenn E. (Gene) Lucas,1
Associate Professor at UCSF Christopher M. Kelty,1
Associate Professor at UCSF MacKenzie Smith,1
"Associate Warden A. Lane, High Desert State Prison",1
Astrid Jansen,1
Athletic Director,1
Attorney Carlo Coppo,1
Attorney General John Van de Kamp,1
Attorney General Tom Cavallero,1
Attorney General's Task Force on the Criminal Justice,1
Attorney Gregory,1
Attorney Gregory Babitt,1
Attorney Harland W. Braun,1
Attorney Jan Scully,1
Attorney Jean Crawford,1
Attorney Michael,1
Attorney Robert Holtzman,1
Attorney Steven Murray,1
Attorney Timothy R,1
Attorney at Law Joseph Rhine,1
"Attorney, James K. Hahn",1
Au Nguyen,1
Aubrey,1
"Aubrey Patterson, Division Chief, Santa Maria Police Department",1
Ayse Imrohoroglu,1
BOE Member Antonio Vazquez,1
BOE Member Ernest Dronenburg,1
"BOE Member George Runner, one individual",1
BOE Member Michelle Steele,1
"BRIAN BACA, FORMER SMGB BOARD MEMBER",1
"Bakersfield City Councilmember, Andrae Gonzales",1
Bakersfield Councilmember Russell Johnson,1
Balazs,1
Bar Trustee Dennis Mangers,1
Bar Trustee Glenda Corcoran,1
Bar Trustee Joanna Mendoza,1
Barb,1
"Barbara Boxer, US Senator",1
Barbara Brainard,1
Barbara Gillogly Ph.D,1
"Barbara Gillogly, Ph.D., M.F.C.C. Family",1
Barbara Guerena,1
Barbara Haedtke,1
Barbara Kastner,1
Barbara L. Lyons,1
Barbara Mikelonis,1
Barbara Police Chief,1
Barbara R. Barkovich,1
"Barbara Ross, Member American Legion Auxiliary",1
Barbara Sand,1
Barbara Sinatra,1
"Barbara Whittingham, Manager, MH Long-Term Care, Santa Clara",1
Barbra Streisand,1
Barger,1
Barrat,1
Barrington,1
"Barry E. Weiss, Director",1
"Barry Fisher, Crime Laboratory Director, Los Angeles Sheriff's",1
"Barry Keene, Former State Senator",1
Barry Melton (attorney at law),1
"Bart Simpson, Undersheriff",1
"Bartly J. Mondino, M.D., Chairman, Department of Opthalmology, UCLA",1
Bayus,1
Bayview-Hunter's Point Community Defender Cheryl Brownlee,1
Beard,1
"Beate Ritz, M.D., Ph.D. (Vice Chair, Department of Epidemiology & Professor of Epidemiology, Environmental Health Sciences and Neurology, Schools of Public Health and Medicine, UCLA)",1
Bell Councilmember Alicia Romero,1
Bell Councilmember Nestor Enrique Valencia,1
Bell Vice Mayor Ana Maria Quintana,1
"Ben Ruttenberg, Professor, California Polytechnic State University",1
"Ben Ruttenburg, Professor, California Polytechnic State University, San Luis Obispo",1
Benicia John C. Aguilar,1
Benicia Police Department Larry Profitt,1
"Benjamin ""Frank"" Venti, Monterey Park City Councilman",1
"Bennett Kayser, Board Member, Los Angeles Unified",1
Berger,1
Berkeley City Councilmember Cecilia Lunaparra,1
Berkeley City Councilmember Igor Tregub,1
"Berkeley City Councilmember, Darryl Moore",1
Berkeley Councilmember,1
Berkeley Councilmember Linda Maio,1
Berkeley Councilmember Lori Droste,1
Berkeley Councilmember Rigel Robinson,1
Bernard N. Harris,1
Bernard Parks,1
"Bernard Parks, Councilman City of Los Angeles",1
Bernard S,1
Bernard T. Delaney,1
"Bernard Venter, Senior Account Manager, Bpi",1
Bernardino County Supervisor,1
Bert Johansson,1
"Bert Johansson, Chief of Police",1
"Bert Johnson, M.D. Stanford University",1
Berta Gladys Posadas,1
Beryl,1
"Beth Grimm, Attorney, Public Relations Chair, California",1
Betsy Brown,1
Betty,1
"Betty T. Yee, Board of Equalization member",1
"Betty T. Yee, Board of Equalization member (1st Dist.)",1
"Betty T. Yee, Member of the State Board of Equalization",1
Betty Turner,1
Betty Winholtz,1
"Betty Yee, California's State Controller",1
"Betty Yee, State Controller",1
Bev Burton - Private Citizen,1
Beverly Mays,1
Beverly Phifer,1
Beverly Steinbeck,1
Beverly Van Meurs,1
"Big Al"" Snook - Independent Insurance Agent",1
"Bilbray, Brian P. - Member of Congress, 50th District",1
Bill Brown,1
"Bill Cenoti, California Italian-American Heritage Task Force",1
Bill Choppe,1
"Bill Clark, Red Board Productions",1
Bill Denneen,1
"Bill Effinger, Member, Coachella Valley Economic Partnership",1
Bill Faulkner,1
Bill Hart (individual),1
"Bill Horn, 5th District County of San Diego Supervisor",1
"Bill Horn, County Supervisor",1
"Bill Horn, Member, Fifth District, San Diego County Board of Supervisors",1
"Bill Horn, San Diego County, Board of Supervisors",1
"Bill Horn, Supervisor, 5th District, San Diego County Board of Supervisors",1
Bill Jones,1
"Bill Lockyer, California State Attorney",1
"Bill Ritter, Jr., District Attorney of Denver, Colorado",1
"Bill Rosendahl, 11th District Councilmember",1
"Bill Rosendahl, Councilman",1
Bill Smull,1
"Bill Smull, Acting Chief of Police",1
"Bill Sonne, personal friend",1
Bill Tkach,1
"Bill Unger, Partner Emeritus, Mayfield",1
"Bill Walton, Former National Basketball Association Player",1
Bill Woodbridge,1
"Billy Bradshaw, Citizen of Needles",1
Billy Crystal,1
Black Business Association Leslie A. Irving,1
"Blong Xiong, Councilmember",1
"Blong Xiong, Fresno City Council Member",1
Blu Rhoden - Los Feliz Neighborhood Council Alternate Youth Representative,1
Board Member Diane Harkey,1
Board Member Ernest Dronenburg,1
Board Member Genethia Hudley-Hayes Los Angeles Unified,1
Board Member Nury Martinez,1
Board President Ethan Bertrand,1
"Board member Christopher Dobbins, Oakland School Board",1
Board of Equalization Member Diane Harkey,1
Board of Equalization Member Ernie,1
"Boardmember Pat Merrill, San Rafael Public Library Foundation",1
Bob Blumenfield - City of Los Angeles Councilmember,1
"Bob Duff, Board Member, La Mesa-Spring Valley School District",1
Bob Dutton,1
"Bob Dutton, San Bernardino County Assessor Clerk-Recorder",1
"Bob Emery, Councilmember",1
"Bob Fellmeth, Center for Public Interest Law, University of San Diego Law School",1
Bob Hope,1
"Bob Link, Mayor",1
"Bob McDonell, Chief of Police",1
"Bob Pfohl, Fire Chief",1
"Bob Simmons, Mayor",1
"Bob Stern, Principal co-author of the Political Reform Act of 1974",1
Bob Thomas,1
Bobby,1
"Bobby Vincent, Commissioner of San Bernardino Superior Court",1
Bonita Eddie Mozen,1
Bonnie Dumanis,1
Bonnie Lieberman - Santa Clara Unified School District Governing Board Member,1
"Bonnie Lieberman, Governing Board Member, Santa Clara Unified School District",1
"Bonnie Turnbull, Board Trustee, Lake Tahoe Unified School District",1
Booth,1
Bowen,1
Boxer,1
"Boyd, Nancy",1
Boyett,1
Brad Goodrow,1
Brad Hall,1
"Brad Lewis, Vice President of Systems and Information, Snap-on Inc",1
"Brad Mitzelfelt, San Bernardino County Supervisor, First District",1
Brad Nave,1
Brathwaite Burke,1
Brehm,1
"Brenda Nuyen, Medical Doctor",1
"Brent A. Tercero, Councilmember",1
Brentwood Police Department Thomas Bickell,1
"Bret Andrews, Doctor of Osteopathy",1
"Brett Frazier, District 1 Madera County Supervisor",1
"Brett Morehead, of Laguna Niguel",1
"Brian A. Springer, of Huntington Beach",1
Brian Barnacle - Petaluma City Council Member,1
"Brian Barnacle, Council Member - Petaluma City",1
"Brian Bilbray, Member of Congress, 49th District",1
"Brian Calhoun, Councilmember",1
"Brian Calhoun, Councilmember, District 2",1
Brian Carvana,1
Brian Dempsey,1
Brian Foster,1
Brian Stanke,1
"Brian Zick, Graphic Artist, of Los Angeles",1
"Brianna Egan, Medical Student and Nutritionist",1
"Brice Semmens, Assistant Professor, Marine Biology Research Division, Scripps Institute of Oceanography",1
Brittain,1
Brown,1
"Brown D. Taylor, Chief of Police",1
"Bruce Alberts, Chancellor's Leadership Chair in Biochemistry and Biophysics for Science and Education, University of California, San Francisco",1
Bruce Kennedy,1
Bruce MacKenzie,1
Bruce R. Babcock,1
Bruce S Steir,1
Bryan Clifton,1
Bryan Wallingford,1
Bryce Nesbitt,1
"Buckley, Thomas M., Esq",1
Burlingame Councilmember Donna Colson,1
"Bustamante, Lieutenant Governor",1
"Butch Lindley, Monterey County Supervisor",1
Butte County Supervisor Gordon Thomas,1
Butte County Supervisor Gordon Thomas. SCA 22,1
By: JAN OWEN 445-6306,1
"Byng Hunt, Mono County Supervisors, District 5",1
"Byron Spicci, Biology Instructor, Reedley College",1
Byron Wear,1
"Byron Wear, San Diego City Councilmember",1
"C Freeman, Medical Doctor",1
C. Lynne Goldsmith,1
"C. Robert Jameson, Presiding Judge, Superior Court",1
C.E. Hoonan (concerned citizen),1
"C.Everett Koop, M.D",1
C.R.N.P. Beth Thomas,1
CA Annette Mercer,1
CA Charles Wilson,1
CA Charlis Tsai,1
CA David Sirh,1
CA David Terpin,1
CA Deborah Deming,1
CA Delorise A. Anderson,1
CA Donna M. Rader,1
CA Dorothy Garven,1
CA Dr. Randy W. Martin,1
CA Duangiai B. Mackey,1
CA Eckard Richter,1
CA Eddie Arias,1
CA Erika Jensen,1
CA Gwen Rinehart,1
CA Hong Jin,1
CA Jack Miller,1
CA Jacqueline Mangum,1
CA Joan Chang,1
CA Joan Winters,1
CA Jonathan Brestlow,1
CA Ken Marsh,1
CA Kenneth Liu,1
CA Kevin Manthei,1
CA Lian Bloch,1
CA Linda Parker,1
CA Liz Rubenstein,1
CA Marilyn Russell,1
CA Mary Ann Dodd,1
CA Misha Ruth Cohen,1
CA Mitch Rosen,1
CA Mr. Van Do,1
CA Ms. Linda Steffer,1
CA Nalini Chilkov,1
CA Nicolas Hippisley-Coxe,1
CA Nikola Jurisic,1
CA Nina Menkes,1
CA Patricia Mathieu,1
CA Randy W. Martin,1
CA Renee Copes,1
CA Richard Rubenstein,1
CA Robert P Brown,1
CA Steve Mooser,1
CA Susan Follett,1
CA Susan Griffin,1
CA Terri Tippit,1
CA Tim Jones,1
CA Tina Ogata,1
CA Yong Sup Lee,1
CABE Members - Individual Letters (400+),1
CSP James L. Unmack,1
CSP James N. Woods,1
CSP Vickie L. Wells,1
"Caity Maple, Councilmember District 5",1
California (former Shasta County District Attorney),1
California Appellate Court Justice Stewart,1
"California Attorney General Kamala Harris, California District",1
California District Attorneys Association Hon. Gil Garcetti,1
California Insurance Commissioner John Chiang,1
California State Board of Equalization Member Betty Yee,1
California State Senator Bob Margett,1
California The Honorable US Representative Mike Thompson,1
Camilla Moates,1
Campbell City Vice-Mayor Paul Resnikoff,1
Canciamilla,1
Candace Marie Greco R.N,1
Candice M. Porter,1
Candy and Mark Priano,1
"Captain Bryan J. Buckley, Usmc (RET.)",1
"Captain D. K. Hahn, CHP, Monterey area",1
"Captain J.P. Badel (Member, Governor's Public Safety Medal of Valor Review)",1
"Captian Jeffrey Markham, Lake County Sheriff",1
"Cara Maesano, PhD, former UCD Postdoc",1
Carl Jensen,1
Carl Lind (La Jolla),1
Carl Macmurdo Taxi,1
Carl Old,1
Carl Olson,1
"Carl R. Ochsner, M.S",1
Carl Reinhold,1
"Carl Sparks, Kern County",1
"Carlos A. Leon, Councilmember",1
"Carlos A. Rollon, Firefighter",1
Carlos Gomez,1
Carlos Santana,1
Carlyle Brakensiek (in his individual capacity),1
Carmel-by-the-Sea Councilmember Barbara,1
"Carmen Avalos, Cerritos College District Trustee",1
Carmen Carreras (Ojai),1
"Carmen Morales Board, Nurse Practitioner",1
Carmen Ramirez - Ventura County Supervisor,1
"Carmen Ramirez, Mayor Pro Tem",1
Carol Abraham,1
"Carol Bruch, Professor of Law, U.C. Davis School of Law",1
"Carol Bruch, Professor of Law, University of California, Davis, School of Law",1
"Carol Chandler, California State University Trustee",1
Carol Fiedler,1
"Carol L. Hong, O.D., F.C.O.V.D",1
Carol Rowland,1
Carol S. Bruch (Professor of),1
"Carol S. Bruch, Professor Emeritus at the UC Davis",1
"Carol S. Marcus, Ph.D., M.D. - UCLA School of Medicine",1
Carol Samuel,1
"Carol Warren, Mayor",1
"Carole A. Hayworth, Canadian Chartered Accountant",1
"Carole Currey, Trustee, Santa Monica College",1
Carole Myers,1
"Carolyn Heinrich, Sid Richardson Professor of Public Affairs and Affiliated",1
Carter,1
Casari Giancarlo,1
"Casey Glaubman - Councilmember, Mount Shasta",1
"Casey Gwinn, Chair, Attorney General's Task Force: on Domestic Violence",1
Casey Pitoniak,1
"Cate Teuten, MPH",1
Cathedral City Mayor Pro Tem Gregory Pettis,1
"Catherine C. Capriles, Palo Alto Deputy Fire Chief of Training and Support",1
Catherine Crier,1
Catherine Derringer,1
"Catherine Forest, MD MPH, Clinical Assistant Professor of Medicine, Stanford School of Medicine",1
Catherine H. Podell,1
Catherine Jones,1
Cathey D. Somaria,1
"Cathie Brown, Livermore",1
Cathy Haagen-Smit,1
"Cathy Murillo, Mayor Pro-Tem",1
"Cecil H. Bullard, MD, FACP",1
"Cecilia Lunaparra, Berkeley Councilmember, District 7",1
"Cecilia Valdez, Vice Mayor of San Pablo",1
Ceres Councilmember Rosalinda Vierra,1
"Chad E. Jones, Lindsay",1
Chairman of the Board,1
"Chaplain Catherine Conneally-Salazar, Ventura Youth Correctional",1
"Chaplain Sr. Claudia Romero, Barry Nidorf Juvenile Hall",1
"Charles ""Chappie"" Jones, Councilmember, District 1",1
"Charles Baker, M.D",1
Charles E. (Chuck) Yeager,1
"Charles H. Bell, Jr., Co-Chair, FPPC Task Force on Reform of the Political",1
"Charles H. Boxenbaum, Chairman of the Board, National",1
Charles Knudtson,1
Charles L. Lewis,1
"Charles L. Taylor III, Student Trustee",1
Charles Leonard,1
"Charles Linden, Member, Special Forces Assn. Chapter 23 (San Francisco, CA)",1
"Charles Linden, Member, Special Forces Assn. Chapter 23 (San)",1
"Charles M. Kramer, Attorney and Counselor at Law",1
"Charles McGlashan, Marin County Board of Supervisors",1
Charles Phifer,1
"Charles R, Marmar, MD, Director, Post Traumatic Stress Disorder",1
Charles Ratliff,1
Charles S. Brobeck,1
"Charles S. Brobeck, Chief of Police",1
Charles S. Cooper-Major General,1
"Charles Steven Crandall, Esq",1
Charles Swenson,1
"Charles T. Munger, Jr and Sam Blakeslee, Former California Legislature Transparency Act Proponents",1
"Charles T. Munger, Jr. and Sam Blakeslee (CLTA Proponents)",1
Charles Williams,1
"Charles Wilson, Los Angeles, CA",1
Charles Zukow,1
Charlie (SPITZER),1
Charlotte A. Dorsey,1
Charlotte Marcum-Rush,1
"Charlotte Powers, San Jose",1
"Chelsea Young, Medical Doctor",1
Cheryl Faulkner,1
Cheryl Sudduth,1
Cheryl Sudduth - Individual,1
Cheryl Viegas-Walker,1
Chet Campanella (individual),1
Chico City Council Member Dan Nguyen-Tan,1
Chico City Councilmember Scott Gruendl,1
Chief Aaron L. Baker,1
Chief Arturo Venegas,1
Chief Gary Smith,1
Chief Jim McDonnell,1
Chief John Hardester,1
"Chief Operating Officer of the Los Angeles Unified School District, Earl",1
Chief Scott LaChasse,1
Chief Susan E. Manheimer,1
Chief Walter Schuld,1
"Chief of Police John Crombach, City",1
Chief of Police Sylvia Moir,1
"Chief of Police William Bratton, Los",1
Chino Hills Councilmember Pete Rogers,1
"Chris Barajas, Councilmember",1
"Chris Brinegar, SJSU Conservation Genetics Laboratory",1
"Chris Contreras, Commissioner on the Commission for Behavioral Health",1
"Chris Daly, San Francisco Supervisor",1
"Chris Durkin, Chief of Police",1
Chris Fey,1
"Chris Lagorio, Individual",1
"Chris Norby, Orange County Supervisor",1
"Chris Norby, Supervisor, Fourth District, Orange County Board of Supervisors",1
Chris O'malley - Altadena City Councilmember,1
"Chris P. Brown, Lancaster Branch Claims Manager, Farmers Ins",1
Chris Pederson,1
"Chris Pederson, Gift Basket Entrepreneur",1
Chris Shaeffer,1
"Chris Wischmann, San Jose",1
"Chris Wood, Battalion Chief, Palo Alto Fire Department",1
"Christina L. Shea, Mayor Pro Tem",1
Christine C. Quinquileria,1
"Christine Callahan, Attorney at Law",1
Christine Ganser (individual),1
"Christine Garcia, American Sign Language Interpreter",1
"Christine Kehoe, Assemblymember",1
Christine Koltermann,1
"Christine McDavit, MD, Pasadena",1
"Christopher Beth, Superintendent",1
"Christopher Burke, MD, Gilroy",1
Christopher Dardin,1
Christopher Hoyt,1
"Christopher M. Kelty, PhD, Associate Professor at UCLA",1
"Christopher Reeve, Gen. H. Norman Schwarzkoph, U.S. Senator Dianne",1
Christy Holstege - Palm Springs City Councilmember,1
Chuck Amital,1
Chuck Reed,1
"Chuck Reynolds, Mayor",1
"Cindy Chavez, Councilmember",1
"Cindy Chavez, Vice Mayor",1
"Cindy Collier, Bakersfield College, Director of Nursing/EMT",1
"Cindy Gustafson, Placer County Supervisor, District 5",1
"Cindy Patterson, Licensed Clinical Social Worker",1
"Cindy Russell, Medical Doctor",1
Cindy Steinbeck,1
Cindy Wilson,1
City Council Member Alysa Cisneros,1
City Council Member Bob Rosendahl,1
City Council Member Brian Barnacle,1
City Council Member Dave Jones (Sacramento),1
"City Council Member Dave Jones, District 6",1
City Council Member Gerard Giudice,1
City Council Member James Coleman,1
City Council Member Jeffrey Prang (West Hollywood),1
City Council Member Jonathan Weinberg,1
City Council Member Mason Fong,1
City Council Member Omar Din,1
City Council Member Rick Bonilla,1
City Council Member Victoria Fleming,1
City Councilmember Christopher Ward,1
City Councilmember Daryl Sweeney,1
City Councilmember Jack Shu,1
"City Councilmember Jack Shu, La Mesa",1
City Councilmember Kevin McCarty,1
"City Councilmember Luz Molina, National City",1
City Councilwoman Doris Topsy-Elvord,1
City Deputy Mayor Jerome M. Kern,1
City Manager Brad Vidro,1
City Manager George Chavez,1
City Manager John Jansons,1
City Manager Scott Hanin,1
City and County of San Francisco Assessor-Recorder Phil Ting,1
City of American Canyon David Blumental,1
City of Anaheim (prior version) Vice Mayor Ken Weir,1
City of Anaheim Jenny Oropeza,1
City of Anaheim Vice Mayor Ken Weir,1
"City of Artesia Councilmember, Rene J. Trevino",1
City of Bakersfield Vice Mayor Andrae Gonzales,1
City of Berkeley - Councilmember Jesse Arreguin,1
City of Berkeley Councilmember Ben Bartlett,1
City of Berkeley Councilmember Mark Humbert,1
City of Chula Vista Councilwoman Melissa Melendez,1
"City of Chula Vista, Councilman Rudy Ramirez",1
City of City of Clayton Council Member Richard Garbarino,1
City of City of Pomona Council Member Nell Soto,1
City of City of Santa Clarita Council Member Carl Boyer,1
City of City of Seaside Council Member Zach Hilton,1
City of Culver City Councilmember Alex Fisch,1
City of Dave Potter,1
City of Diane OoNeal,1
"City of Downey, Council Member Alex Saab",1
"City of Downey, Council Member Claudia M. Frometa",1
City of E.M. Schaffran,1
City of El Paso de Robles Councilman Fred Strong,1
City of Fresno Councilmember Jerry Duncan,1
City of Fresno Councilmember Luis Chavez,1
City of Fresno Councilmember Miguel Arias,1
"City of Fresno Councilmember, Blong Xiong",1
"City of Fresno, Councilmember Brand",1
"City of Fresno, Councilmember Brandau",1
"City of Fresno, Councilmember Olivier",1
"City of Fresno, Councilmember Quintero",1
City of Glendale City of Los Angeles Honorable Eric Garcetti,1
City of Hanfor Vice Mayor Francisco Ramirez,1
"City of Hanford, Councilmember Mendes",1
City of Holtville Honorable Zac Scrivner,1
City of Irvine Councilmember,1
City of Irvine Councilmember Larry Agran,1
City of John R. McKee,1
City of Kenneth Cluskey,1
City of La Mesa Councilmember Colin Parent,1
City of La Mesa Councilmember Joe LaCava,1
City of La Mesa Councilmember Kelly Bennett,1
City of Lake Elsinore Councilmember Merrilee Boyack,1
"City of Lathrop, Councilmember, Omar Ornelas",1
"City of Lathrop, Vice Mayor, Christopher Mateo",1
City of Leelee Thomas,1
City of Long Beach Councilmember Rex Richardson,1
City of Long Beach Councilmember Tonia Reyes Uranga,1
City of Long Beach Councilmember Val Lerch,1
"City of Long Beach Councilmember, Roberto Uranga",1
City of Long Beach Vice Mayor and Councilwoman Cindy Allen,1
"City of Long Beach, Councilmember Dee Andrews",1
City of Los Angeles Councilmember (ret.) Ruth Galanter,1
City of Los Angeles Councilmember Bob Blumenfield,1
City of Los Angeles Councilmember José Huizar,1
City of Los Angeles Councilmember Mike Bonin,1
City of Los Angeles Councilmember Richard Alarcón,1
City of Los Angeles Councilmember Wendy Greuel,1
City of Los Angeles Numerous Individuals Plastic Tenders,1
City of Los Angeles Supervisor Mark Ridley-Thomas,1
"City of Los Angeles, Council Member Felipe Fuentes",1
"City of Los Angeles, Councilmembers Jackie Goldberg, Rita",1
"City of Los Angeles, Councilmembers Richard Alarcon, Bernard Parks, Jose",1
City of Lynwood Councilmember Jose Luis Solache,1
City of Lynwood Councilmember Juan Munoz-Guevara,1
City of Malibu Councilmember Mikke Pierson,1
"City of Manhattan Beach, Councilmember Amy Thomas Howorth",1
City of Manual Gonsalves,1
City of Marian Bergeson,1
"City of Marysville Police Department, Dispatch/Records Supervisor, Britney Melchor",1
"City of Marysville Police Department, Executive Assistant to the Chief Police, Mary Kimberly Sannar",1
"City of Marysville Police Department, Officer David Copeland",1
"City of Marysville Police Department, Records Clerk Jo. A. Vasconcellos",1
"City of Marysville Police Department, Reserve Police Officer Walter J. Ross",1
City of Mayor Abbe Land,1
City of Merced Councilmember Fue Xiong,1
City of Montebello Councilmember Jack Hadjinian,1
City of Moreno Valley City Attorney Jan I. Goldsmith,1
City of Moreno Valley Councilmember Steve Castaneda,1
City of Mountain View Councilmember Patricia Showalter,1
"City of National City, Councilmembers Mona Rios and Alejandra Sotelo-Solis",1
City of Oakland Councilmember District 4 Sheng Thao,1
City of Oakland Councilmember District 5 Noel Gallo,1
"City of Oakland, District 2 Councilmember Danny Wan",1
City of Oceanside - Councilmembers Jack Feller and Jerome Kern,1
City of Placerville - Marian E. Washburn,1
City of Randy Chinn,1
City of Richard Durazo,1
City of Rick Gomez,1
City of Rosemead City Councilmember Margaret Clark,1
City of Roseville Police Department Undersheriff Stephen D'Arcy,1
City of Sacramento Police Department Brad Fennocchio,1
"City of Sacramento, Councilmember Deborah V. Ortiz",1
"City of Sacramento, Vice Mayor Jay Schenirer",1
City of San Diego Council Member Donna Frye,1
City of San Diego Council Member Jon Wizard,1
City of San Diego Councilmember Donna Frye,1
"City of San Diego Councilmember Donna Frye, 6th District",1
City of San Diego Councilmember Henry L Foster III,1
City of San Diego Councilmember Marti Emerald,1
City of San Diego Councilmember Sherri S. Lightner,1
"City of San Diego Councilmember Sherri S. Lightner, 1st District",1
City of San Diego Honorable Bob Filner,1
"City of San Diego, Councilmember Chris Cate",1
"City of San Diego, Councilmember David Alvarez",1
City of San Jose - Councilmember Xavier E. Campos,1
City of San Jose Council Member Linda Le Zotte,1
City of San Jose Councilmember Ash Kalra,1
City of San Jose Councilmember for District 3 Raul Peralez,1
"City of San Jose, Councilmember Arjun Batra",1
"City of San Jose, Vice Mayor, Rosemary Kamei",1
City of San Mateo Councilmember Rick Bonilla,1
City of San Ramon Councilmember Scott Perkins,1
City of Santa Ana Councilmember Jonathan Ryan Hernandez,1
"City of Santa Barbara, Councilmember Hotchkiss",1
City of Seaside City Councilmember Alexis Garcia-arrazola,1
City of Seaside Council member Jon Wizard,1
City of Taft Honorable Roger Gitlin,1
City of Thomas Lucero,1
City of Thomas P. Grahn,1
City of Torrance Councilmember John Mirisch,1
"City of Turlock, Councilmember Nascimento",1
"City of West Covina, Councilmember Spence",1
City of West Hollywood Councilmember Marti Emerald,1
City of Winters Councilmember Jesse Loren,1
City of Yorba Linda Council Member Nancy Ross,1
City of Yuba City CONTINUED Jean Warmes,1
City of Yuba County Supervisor Hal Stocker,1
Claire Irene,1
Claire Jobe,1
Claire Silver,1
"Clara Mckenzie, California Resident",1
"Clarence Dilts, Foreman El Dorado Grand Jury",1
Clark W. Squires,1
Clark and Gudren Beck,1
"Claude A. Valenti, O.D., F.C.O.V.D",1
Claude J,1
Claude J. Demers,1
"Claude Parish, Member, BOE",1
Claude Parrish Assessor/Recorder/County Clerk,1
"Claude Parrish, Board of Equalization",1
"Claude Parrish, Member, Board of Equalization, District 3",1
"Claude Parrish, Vice Chairman, BOE",1
"Claude Parrish, Vice Chairman, Board of Equalization",1
"Claude Parrish, Vice Chairman, CA State Board of Equalization",1
"Claude Parrish, member, Board of Equalization",1
Claude Turpin,1
Claude Woots,1
"Claudia Jiménez, Councilmember District 6 City of Richmond",1
"Claudia Jiménez, Richmond Councilmember, District 6",1
Claudia Marchus,1
"Claudia Simms, L.Ac., Santa Barbara",1
"Claudia Y. Shafer, Attorney at Law",1
Cleo Williams,1
Cleo Williams of Lakeside,1
Clerk Freddie Oakley,1
Clerk-Recorder and Register of Voters Stephen L. Weir,1
"Clerk-Recorder, Peter Aldana",1
Clinton Erickson,1
Cloe Breed (daughter of Kirk Breed),1
"Cmdr. Diarmuid Philpott, San Francisco Police Department",1
Co-Founder,1
Coalition for a Safe Environment Long Beach boardmembers Weeks and Maciel,1
"Cobb, Karen",1
Cody Ferguson,1
"Cogorno, Attorney at law",1
Colin Parent - LA Mesa Councilmember,1
Collector David Sundstrom,1
Collector James Erb,1
Collector Van Maddox,1
"Colleen Flynn, Attorney at Law",1
"Colleen Foster, Director, Stockton",1
"Collin, Illa, Supervisor",1
"Colonel Edward Riehle (Ret.), United States Army",1
"Colonel Eleas Casillas, USAF (ret.), Redlands, CA",1
Colonel USAF (Ret.) Raymond Merritt (POW),1
Colton Bruce K. MacAfee,1
Colusa County Anthony F. Cardenas,1
Colusa County Recorder Kathleen Moran,1
Commissioner Geoffrey F. Brown,1
"Commissioner Paola Laverde, Berkeley",1
Commissioner Ricardo Lara,1
Commissioner Richard A. Curtis,1
"Commissioner Stanley Zimmerman, Little Hoover Commission",1
Compton Unified School District Jim Brown,1
Compton Unified School District Muhammad Nassardeen,1
Comtesse Delphine de Grasse,1
"Condessa Curley, Medical Doctor",1
Congress Member Doris Matsui,1
Congress Member Karen Bass,1
Congressman,1
"Congressman & Mrs. Paul ""Pete"" McCloskey",1
Congressman Brian Bilbray,1
Congressman David G. Valadao,1
"Congressman Duncan Hunter, 52nd District",1
Congressman Edward Royce,1
Congressman Estaban Torres,1
Congressman Henry Waxman (Los Angeles),1
"Congressman Henry Waxman (Los Angeles, CA)",1
Congressman Juan Vargas,1
Congressman Lou Correa (CA-46),1
Congressman Matthew Martinez,1
"Congressman Mike Thompson, First Congressional District",1
Congressman Newt Gingrich,1
Congressman Paul Cook,1
Congressman Pete McCloskey,1
Congressman Richard W. Pombo,1
Congressman Ro Khanna,1
Congressman Ronald Dellums,1
Congressman Sonny Bono,1
Congressman Tom Campbell,1
Congressman Tom Lantos,1
Congressman Wally,1
Congressman Xavier Becerra,1
Congressmember Adam Schiff,1
Congressmember Anna G. Eshoo,1
Congressmember Barbara Lee,1
Congressmember Bob Filner,1
Congressmember Brad Sherman,1
Congressmember Ellen O. Tauscher,1
"Congressmember Fortney ""Pete"" Stark",1
Congressmember George Miller (in order of signature),1
Congressmember Grace Napolitano,1
Congressmember Henry A. Waxman,1
Congressmember Hilda L. Solis,1
Congressmember Howard Berman,1
Congressmember Lois Capps,1
Congressmember Loretta Sanchez,1
Congressmember Lynn C. Woolsey,1
Congressmember Maxine Waters,1
Congressmember Michael M. Honda,1
Congressmember Sam Farr,1
Congressmember Susan Davis,1
Congressmember Tom Lantos,1
Congressmember Zoe Lofgren,1
Congresswoman Jane Harman,1
Congresswoman Nanette Diaz Barragan,1
Congresswoman Norma Torres,1
Congresswoman Ro Khanna,1
"Connie Conway, Member, Tulare County Board of Supervisors",1
Connie J. Arnold,1
Conrad Hewitt,1
Constance N. Masten,1
"Constance Tse, Retired Teacher",1
Constituent of Assemblymember Scott,1
"Consul General of Belgium in California, Ambassador Rudi Veestraeten",1
"Consul General of Luxembourg, Georges Schmit",1
Consul General of the Republic of Azerbaijan to the Western United,1
"Consul General of the Republic of Türkiye in Los Angeles, Sinan Kuzum",1
Contra Costa County Superior Court Judge David B. Flynn,1
Contra Costa County Supervisor Diane Burgis,1
Contra Costa County Supervisor Gioia,1
Contra Costa County Supervisor Mark Desaulnier,1
"Contra Costa County Supervisor, District One, John Gioia",1
Contra Costa Superior Court Judge Mockler,1
"Contreras, Executive Secretary Treasurer, LA County",1
Controller Gray Davis,1
Controller Wendy Greuel,1
Coonerty,1
Copabianco,1
Corey Pitoniak,1
Cori Evans Ayala,1
"Cornelius J. Mietus, O.D., F.C.O.V.D",1
Coroner Steven L. Durfor,1
Corporal Andrew MacDonald,1
"Corrigan, M.S.W",1
Cort Palmer,1
Cosgrove,1
Council Member Alysa Cisneros,1
Council Member Anthony Phan,1
Council Member Cathy Murillo,1
Council Member Charlie Rosales,1
"Council Member Chris Ricci, Modesto",1
"Council Member Chris Ricci, Modesto District 3",1
Council Member David J. Toro - City of Colton,1
Council Member Emily Ramos,1
Council Member Gregg Hart,1
"Council Member Harwood ""Bendy"" White",1
Council Member Janice Hahn,1
Council Member Jesse Zwick,1
Council Member José Trinidad-Castañeda,1
"Council Member Judith M. Mitchell, Rolling Hills Estates",1
Council Member Lucas Ramirez,1
"Council Member Mark West, City Of Imperial Beach",1
Council Member Mike Johnson,1
"Council Member Mikke Pierson, Malibu",1
Council Member Nelson Esparza,1
Council Member Norma Campos Kurtz,1
Council Member Rashi Kesarwani,1
"Council Member Rebecca Garcia, Watsonville",1
Council Member Richa Awasthi,1
Council Member Richard Mehlinger,1
"Council Member Tony Madrigal, Modesto",1
Council President Anthony Young,1
Council President Pro Tem Barbara Bry,1
Council President Scott Peters,1
Council Woman Patsy Marshall,1
"Councilman Antonio R. Villaraigosa, Fourteenth",1
"Councilman Antonio R. Villaraigosa, Fourteenth District",1
Councilman Fred Strong,1
Councilman Greig Smith,1
Councilman Mike A. Gipson,1
Councilman Scott H. Peters,1
"Councilman Tony D. Naranjo, Azusa",1
Councilmember Abel Guillen,1
"Councilmember Adele Andrade Stadler, Alhambra",1
"Councilmember Al Austin II, (8th district) City of Long Beach",1
"Councilmember Al Austin II, 8th District",1
Councilmember Alex Evans,1
Councilmember Alex Fisch,1
"Councilmember Alex Fisch, Culver City",1
"Councilmember Alison Hicks, Mountain View",1
Councilmember Alysa Cisneros,1
Councilmember Ann Keighran,1
Councilmember Anthony Young,1
"Councilmember Arne Simonsen, Antioch",1
Councilmember Bernard Parks,1
Councilmember Betty Rexford,1
"Councilmember Betty Rexford, Poway",1
"Councilmember Bill Rosendahl, 11th",1
"Councilmember Bill Sprigs, Merced",1
Councilmember Billy Bradshaw,1
Councilmember Bonnie Pannell,1
Councilmember Brian Barnacle,1
Councilmember Brian Calhoun,1
"Councilmember Brian Gutierrez, California",1
"Councilmember Brian Gutierrez, California State Council on Developmental Disabilities",1
Councilmember Brian Maienschein,1
"Councilmember Carla Condon, Corte Madera",1
Councilmember Carmen Ramirez,1
Councilmember Carroll Fife,1
Councilmember Cecilia Lunaparra,1
Councilmember Chris Ricci City of Modesto,1
Councilmember Claudia Jimenez,1
Councilmember Courtney Walsh,1
Councilmember Cynthia Conners,1
"Councilmember Dan Kalb, Oakland",1
Councilmember Dan Prince,1
Councilmember Daniel Goldstein,1
Councilmember Darrell Fong,1
Councilmember Das Williams,1
"Councilmember Dave Trotter, Town of Moraga",1
Councilmember David Pandori,1
Councilmember David Penaloza,1
Councilmember David Roberts,1
Councilmember Dee Andrews City of South Gate,1
"Councilmember Dee Andrews, 6th District",1
Councilmember Dennis,1
Councilmember Dennis Zine,1
Councilmember Desley Brooks,1
Councilmember Dick Daniels,1
Councilmember Dominic Farinha,1
Councilmember Don Higginson,1
"Councilmember Donna Frye, San Diego",1
"Councilmember Dr. Robert Garcia, 1st",1
"Councilmember Dr. Robert Garcia, 1st District",1
"Councilmember Ed Balico, Hercules",1
Councilmember Ed Gallo,1
"Councilmember Eduardo Martinez, Richmond",1
Councilmember Emily Ramos,1
Councilmember Eric Ohlsen,1
"Councilmember Erin Minett, Nevada City",1
Councilmember Fernando Vasquez,1
Councilmember First District,1
"Councilmember Fred Strong, El Paso De Robles",1
"Councilmember Garry Bredefeld, Fresno City Council District 6",1
Councilmember Ginny Foat (Palm Springs),1
Councilmember Gleam Davis,1
"Councilmember Glenn Grandis, Fountain View",1
Councilmember Greg Smith,1
"Councilmember Greg Smith, ""Los Angeles Mayor Antonio",1
Councilmember Greig Smith,1
Councilmember Heather Fargo,1
Councilmember Henry Abarbanel,1
"Councilmember Herb J. Wesson, Jr",1
"Councilmember Hung Wei, Cupertino",1
Councilmember Igor Tregub,1
Councilmember Jake McKenzie,1
Councilmember Jan Perry,1
Councilmember Janice Hahn,1
"Councilmember Jeff Gee, District 1- City of Redwood City",1
Councilmember Jerome Stocks,1
Councilmember Jerry Holloway,1
Councilmember Jerry Jones,1
Councilmember Jesse Zwick,1
Councilmember Jim Avalos,1
Councilmember Joe Brown,1
Councilmember Joe Carchio,1
Councilmember John Bauters,1
Councilmember John Erickson,1
Councilmember John Mitchell,1
Councilmember Johnathan R. Hernandez,1
Councilmember Jon Wizard,1
Councilmember Jorge Morales City of Los Angeles,1
Councilmember Jose Huizar,1
Councilmember Jose Luis Solache City of Lynwood,1
Councilmember Jose Rodriguez,1
Councilmember Joseph N. Yee,1
Councilmember José Trinidad-Castañeda,1
Councilmember Jovanka Beckles,1
"Councilmember Kate Harrison, Berkeley",1
"Councilmember Kathryn McCullough, Lake Forest",1
"Councilmember Kathy Watanabe, Santa Clara",1
Councilmember Katie Valenzuela,1
"Councilmember Katie Valenzuela, District 4",1
Councilmember Keith Land,1
"Councilmember Keith Sweet, Jackson City Council",1
Councilmember Kelly A. Bennett,1
"Councilmember Kevin McCarty, City",1
Councilmember Kevin Mcdonnell,1
"Councilmember Kevin Mckeown, Santa Monica",1
Councilmember Kimberly Warmsley City of Stockton,1
"Councilmember Kriss Worthington, District 7",1
"Councilmember Kristin Mccowan, Santa Monica",1
"Councilmember Laura Olhasso, La Canada Flintridge",1
"Councilmember Linda J. LeZotte, San Jose",1
Councilmember Lori Droste,1
Councilmember Lorie Zapf,1
"Councilmember Lorie Zapf, Second District",1
Councilmember Lucas Ramirez,1
Councilmember Luis Chavez Fresno City Council District 5,1
Councilmember Luis Uribe,1
Councilmember Magdalena Carrasco,1
Councilmember Maggie Houlihan,1
"Councilmember Marily Lewis, Jackson City Council",1
Councilmember Marni von Wilpert,1
Councilmember Matt Mahan,1
Councilmember Michael Zucchet,1
"Councilmember Mike Dunker, Rio Dell",1
Councilmember Mike Johnson,1
"Councilmember Mikke Pierson, Malibu City Council",1
Councilmember Mitch O'Farrell,1
"Councilmember Mitch O'farrell, 13th District",1
Councilmember Nancy Ross,1
Councilmember Noel Gallo,1
Councilmember Pam O'Connor,1
Councilmember Patricia Dillard City of La Mesa,1
Councilmember Paul,1
"Councilmember Paul Krekorian, 2nd District",1
Councilmember Randon K. Lane,1
"Councilmember Raul A. Campillo, Seventh District",1
Councilmember Ray Smith,1
"Councilmember Rebecca Garcia, Watsonville City Council District 5",1
Councilmember Rebecca J. Garcia,1
"Councilmember Rebecca Kaplan, Oakland",1
Councilmember Richard Alarcon,1
Councilmember Richard Mehlinger,1
Councilmember Richard Ramos,1
"Councilmember Rita Walters, City of",1
Councilmember Robert Christman,1
Councilmember Ronaldo Fierra- Riverside,1
Councilmember Rudy Ramirez,1
"Councilmember Ruth Luevanos, Simi Valley",1
Councilmember Sally Flowers,1
Councilmember Sam Allevato,1
"Councilmember Sara Lamnin, Hayward",1
Councilmember Scott Matas (Desert Hot Springs),1
"Councilmember Scott Sherman, San Diego City Council, District 7",1
Councilmember Sergio Infanzon,1
Councilmember Sherri Lightner,1
Councilmember Sherri S. Lightner,1
Councilmember Soheila Bana,1
"Councilmember Sophie Hahn, Berkeley",1
Councilmember Stephen Whitburn,1
Councilmember Steve Cohn,1
Councilmember Steve Hansen,1
Councilmember Stienberg,1
"Councilmember Stienberg, City of",1
Councilmember Suja Lowenthal,1
"Councilmember Susan Wengraf, District 6 - City of Berkeley City",1
"Councilmember Terry Taplin, Berkeley",1
"Councilmember Tim Murphy, Sutter Creek City Council",1
Councilmember Tim Raboy,1
"Councilmember Tonia Reyes Uranga, 7th District",1
Councilmember Tony Cardenas,1
"Councilmember Tony Madrigal, Modesto City Council, District 2",1
"Councilmember Tony Madrigal, Modesto Council City District 2",1
"Councilmember Treva Reid, District 7 - City of Oakland",1
"Councilmember Tyler Maxwell, Council Vice President, Fresno City Council District 4",1
Councilmember Val Lerch,1
"Councilmember Valerie Arkin, Pleasanton",1
"Councilmember Valerie Stallings, San Diego",1
"Councilmember Victor Aguilar, San Leandro",1
Councilmember Vincent Sarmiento,1
"Councilmember Wendy McCammack, San Bernardino",1
Councilmember Wendy Thomas,1
"Councilmember of Long Beach, Al Austin",1
"Councilmember of Watsonville, Felipe Hernandez",1
"Councilmember of Watsonville, Lowell Hurst",1
"Councilmember, 2nd District",1
"Councilmember, 7th District",1
"Councilmember, District 4",1
"Councilmember, District Four",1
"Councilmember, John Huizar, District 14",1
"Councilmember, Sixth District",1
Councilmembers Richard Alarcon,1
"Councilmemeber Chris Duncan, San Clemente",1
"Councilperson for the City of Needles, Ruth Lopez",1
"Councilwoman Cindy Mikcikowski, Eleventh District",1
Councilwoman Lori Action,1
Councilwoman Michelle Martinez,1
County Board of Supervisor Blanca Alvarado,1
County District Attorney Jan Scully,1
County District Attorney Steve Cooley,1
"County Grand Jury, Past Members (11)",1
County Sheriff Gary Kuntz,1
County Sheriff Jon E. Lopey,1
County Sheriff Scott Jones,1
County Superior Court Judge David B. Flynn,1
County Supervisor Pete McHugh,1
County Supervisor Roger Dickinson,1
County Supervisor Salud Carbajal,1
"County Supervisor, Don Knabe",1
County Treasurer-Tax Collector Shelley Piech,1
"County of Alameda, Chief Probation Officer Sylvia J. Johnson",1
"County of Alameda, Supervisor Richard Valle",1
County of City of City of El Segundo Councilwoman Nancy Wenick,1
County of City of Cudahy City Council Dr. John Robertson,1
County of City of Cudahy City Council Jane Friedkin,1
County of City of El Segundo Councilwoman Nancy Wenick,1
County of City of El Segundo Jean Warnes,1
County of City of El Segundo Sandra Jacobs,1
County of City of Eureka City Councilwoman James L. Worthen,1
County of City of Mayor Pro Tem,1
County of City of Orange County Supervisor Chris Norby,1
County of Individuals (3),1
County of Joe Rose,1
County of Los Angeles Honorable Donna Quigley Groman,1
County of Los Angeles Honorable Elizabeth A. Lippitt,1
County of Marin Honorable Andrew E. Cooper,1
"County of Marin, 5th District, Supervisor Judy Arnold",1
County of Orange Honorable Gregorio Roman,1
County of Orange Honorable Michael Bush,1
County of Orange Honorable Norman P. Tarle,1
"County of Orange, Supervisor Patricia C. Bates, 5th District",1
"County of Plumas (Kathy Williams, County Clerk/Recorder/Registrar of)",1
County of Rick Guerrero,1
County of Sacramento Supervisor Sue Frost,1
"County of San Diego, Ernest J. Dronenburg, Jr",1
County of San Francisco Supervisor David Chiu,1
County of San Luis Obispo Harry L. Ovitt,1
County of San Luis Obispo Jerry Lenthal,1
"County of Santa Cruz, Board of Supervisor Member Neal",1
"County of Siskiyou -Marcia H. Armstrong, Supervisor",1
"Courage Campaign, Edward Kurtz, Executive Director",1
Courtney A. Ruby,1
Courtney Ruby,1
Courtney Voss,1
"Craig Fritz, Thousand Oaks",1
Craig T,1
Craig Wilson (Deputy to BOE member Ernie Dronenberg),1
Cristina Arriola - Individual,1
"Cromwell, James (Actor)",1
"Cruz Bustamante, Former Lt. Governor of California",1
"Cruz Bustamente, Lieutenant Governor of the State of California",1
"Cruz M. Bustamante, California Lieutenant Governor",1
"Cruz M. Bustamante, Lieutenant Governor of California",1
Culberson,1
Culver City Tom Hafkenschiel,1
Culver City Vice Mayor Daniel Lee,1
Culver City William Teague,1
"Curren Price, City Council of Inglewood",1
"Curren Price, City Council, Inglewood",1
Curriculum Commissioner Michael Matsuda,1
"Curtis Eckhert, Ph.D. (Professor, Environmental Health Sciences (Chair), University of California, Los Angeles)",1
"Cynthia Burcena-Jones, of Walnut Creek",1
"Cynthia Chandler, Adjunct Professor of Law, Golden Gate University",1
"Cynthia Coad, Orange County Supervisor",1
"Cynthia Curry, M.D",1
"Cynthia Guillert, D.C",1
"Cynthia Hawthorne, Santa Cruz City Schools Trustee",1
Cynthia Ludvigsen,1
"Cynthia Mahoney, Medical Doctor",1
Cynthia Sterling,1
"Cynthia Tonkin, Maricopa",1
D'lynda Fischer - Petaluma Council Member,1
"D. Michael Bush, esq., Bush, Koppel & Schweitzer, Long Beach",1
Daggett,1
Dale Boggs,1
"Dale Lindstrom, FV Josie L",1
"Dale McCulley, Cavalcade Productions Inc",1
Dan Arriola - Tracy City Councilmember,1
"Dan Baker, Councilmember Second District",1
Dan Cort,1
"Dan Eaton, Member, Integrated Waste Management",1
Dan Giacomini,1
Dan Kalb- Oakland City Councilmember,1
"Dan Karasic MD, UCSF Health Sciences Clinical Professor of Psychiatry",1
"Dan Keller, San Bernardino County Supervising",1
"Dan Keller, San Bernardino County Supervising Traffic",1
Dan Larson,1
Dan Teranto Humboldt Grand Jury,1
Dan Zeidman,1
Dan Zerkle,1
Dana,1
Dana Overton (San Juan Capistrano CA),1
"Dana Reed, Mayor pro Tem",1
"Dana Sassone, Director Special Education",1
Danella George,1
"Daniel A Hilford, Acting District Attorney of San Luis Obispo",1
"Daniel Blumrosen MA, LMFT",1
Daniel Clark,1
Daniel Givens,1
"Daniel Givens, Chief of Police",1
Daniel Gomez,1
"Daniel J. Curtin, Jr",1
"Daniel J. Curtin, Jr., Carl P.A. Nelson",1
"Daniel J. Lanahan, Board Member KCSM TV & Radio",1
"Daniel J. Siebert, Pharmacognosist",1
"Daniel Keesey, Director of Public Works",1
Daniel Kuhns,1
Daniel Lurie,1
"Daniel Malmuth, Fine Arts Commissioner and Historical",1
"Daniel Malmuth, Fine Arts Commissioner and Historical Preservation Commissioner",1
Daniel Neirinckx,1
"Daniel Nguyen, Medical Doctor",1
"Daniel Penaloza, Council Member",1
Daniel R. Monez,1
"Daniel R. Monez, Chief of Police",1
Darlene Dukelow-Burton,1
"Darrell Steinberg, Sacramento City Council Member",1
"Darrell Steinberg, Sacramento City Councilmember",1
"Darryl Hebert, President, Oceanside Firefighters Association",1
Darryl Morre,1
"Darryl W. Genis, Attorney at Law",1
Daryl M. Wicker,1
"Daryl M. Wicker, Chief of Police",1
Dasia Childress,1
"Dave Cortese, Member Santa Clara County Board of Supervisors",1
"Dave Cortese, Santa Clara County Board of Supervisors",1
"Dave Cortese, Vice Mayor of San Jose",1
"Dave Cubberly, Landscape Architect",1
"Dave Edwards, Managing Director, ThinkEquity Partners",1
"Dave Finigan, District 5 Supervisor",1
"Dave Gordon, Commissioner on the Commission for Behavioral Health",1
"Dave Potter, District 5 Supervisor, Monterey",1
"Dave Potter, District 5 Supervisor, Monterey County Board of Supervisors",1
"Dave Roberts, San Diego County Board",1
Dave Robinson,1
"Dave Rosenburg, Yolo",1
"Dave Rosenburg, Yolo County Supervisor, Fourth District",1
"Dave Sullivan, Huntington Beach",1
"David Ahrens, D.C., Q.M.E",1
"David Almada, Anti-Violence Project",1
"David Alvarez, 8th",1
"David Alvarez, Councilmember for the City of San Diego",1
"David Armentrout, Ph. D",1
David Aron Livingston,1
David Ashton,1
"David B. Parrish, San Diego",1
"David Bezanson, Phd",1
"David Blakely, Chair, San Luis Obispo Board of Supervisors",1
"David Briggs, Resource Management Specialist - City of Vellejo",1
David Britz,1
David Broadwater,1
David Campos,1
"David Campos, Member, Board of Supervisors, District 9, San Francisco",1
"David Campos, San Francisco Board of Supervisors",1
"David Campos, San Francisco Police Commission",1
"David Cocke, Structural Focus",1
"David Colfax and Richard Shoemaker, Mendocino County Supervisors",1
David Collins,1
"David Conners, Environmental Compliance Coordinator - City",1
"David Cortese, Santa Clara County Supervisor",1
"David Cortese, Santa Clara County Supervisor, District Three",1
"David Dominguez, Rancho Santa Fe",1
David E. Ross,1
"David E. Ryu, City Councilmember of Los Angeles",1
"David E. Ryu, Los Angeles Councilmember, 4th District",1
David Edward Ross,1
"David F. Romero, Mayor",1
David Felderstein (AFSCME),1
David Felderstein (FACCC),1
"David Freeman Engstrom, Co-Director of the Deborah L. Rhode Center on the Legal Profession at Stanford Law School",1
"David G. Greenhalgh, MD, Chief of Burns, Shriners Hospitals for Children, No. California",1
"David G. Valadao, US Representative",1
David Graff at Stroer & Graff Inc,1
"David Grimes, M.D. (Chief of Obstetrics and Gynecology at S.F. General Hospital)",1
"David Haubert, Alameda County Supervisor",1
"David Hessel, Operations Manager, CB Richard Ellis, Inc., Natl. Procurement",1
"David Holtzman, MPH/JD",1
"David J. Forbes, MAPMP",1
"David J. Morafka, Ph.D., Professor",1
David Kline,1
"David L. Busby, PI",1
David L. Snowden,1
"David L. Welch, CPA",1
"David M. Goodrich, Trustee",1
David Mandel,1
David Marquez,1
"David Martin, AIDS Program Coordinator, Kern County Health",1
David Newman - Thousand Oaks City Councilmember,1
"David P. Lang, Engineer",1
"David Pine, Supervisor, First District, San Mateo County",1
David R. Frank,1
David R. Shaw,1
David Ramer,1
"David Ratner, former Dean, School of Law, University of San Francisco",1
David Roe (individual),1
"David Roland-Holst, U.C. Berkeley",1
David Ross,1
"David Ross, Oak Park, CA",1
David S. Barr,1
"David S. Barr, Chief of Police",1
David Samuel,1
David SchonBrunn,1
"David Sirh, Santa Monica, CA",1
"David Sonneborn, Emeritus Professor",1
David Soto,1
"David Taylor, Venture Capitalist",1
"David Terpin, Los Angeles, CA",1
"David Walker, PhD., Member, NCYL, Medical and Scientific Advisory Board",1
"David Wilson, director, California Center for Equine Health and Performance at the University of California at Davis",1
Davidson,1
Davis Board of Education Trustee Susan,1
"Davis, Lieutenant Governor, State of California",1
Davison,1
Dawn Babers,1
"Dawn Dunlap, Nutrition Educator Sacramento City Unified School",1
"Dawn Dunlap, Nutrition Educator Sacramento City Unified School District",1
Dawn Kowalski,1
Dawn M. Dell'Acqua,1
Dawn Murdock- City of Palos Verdes Estates Councilmember,1
"Dawn Ortiz-Legg, District Three Supervisor",1
"De La Fuente, Ignacio",1
"DeMatteo, Anthony C",1
"Dea Boehme, Toxicologist, Ventura County",1
Deacon Edward Caputo,1
"Dean Baker, M.D., MPH (Professor, UC Irvine School of Medicine, Director, Center for Occupational Health and Environment)",1
"Dean Baker, M.D., MPH (Professor, UC Irvine School of Medicine, Director, Center)",1
"Dean Bray, Agoura Hills, CA",1
Dean DiSandro,1
Dean Diederich,1
"Dean Erwin Chemerinsky (UC Irvine, School of Law)",1
"Dean F. Andal, Chair",1
"Dean Gray, Agoura Hills, CA",1
"Dean of Learning Resources, Ohlone College",1
"Dean, School of Education - California State University, Northridge",1
"Deanna Mills, Visalia, CA",1
"Deanne Tilton Durfee, Chairperson, United States Advisory",1
"Deanne Tilton Durfee, Chairperson, United States Advisory Board on Child Abuse and Neglect",1
"Debbie Arnold, District Five Supervisor",1
"Debbie Arnold, Supervisor, San Luis Obispo County",1
"Debbie Bresslin, Consituent",1
"Debbie Golden, Ventura Unified School District Board Member",1
Debbie Lopez,1
Debbie Ruskay,1
Debora Isaacs,1
Deborah Bautista,1
Deborah Ciarla,1
"Deborah Deming, Los Angeles, CA",1
Deborah Kopald,1
Deborah Prince of Santa Rosa,1
Deborah Ruddock - Half Moon Bay City Council Member,1
"Deborah Sampley, D.C",1
"Debra Allen, Board of Director, San Francisco Bay Area Rapid Transit District (BART)",1
"Deirdre Alpert, Chair - Women Legislators Caucus",1
"Deirdre Bernard-Pearl, Medical Doctor",1
Del Norte County Supervisor Gerry Hemmingsen,1
Delgado,1
"Delorise A. Anderson, Member, Board of Trustees, Compton Unified",1
Demers,1
"Dency Nelson, Rooftop Solar Owner & Advocate Since 1999",1
Denis Bilodeau,1
Denise Gerber,1
"Dennis Coleman, Half Moon Bay Councilman",1
"Dennis DePreter, Engineer",1
Dennis DeWitt,1
"Dennis Deapen (Professor, USC Keck School of Medicine)",1
"Dennis Deapen (Professor, USC)",1
Dennis Doberneck,1
Dennis K. Osland,1
Dennis Osmer,1
Dennis Osmer (Individual citizen),1
"Dennis Otsuji, Landscape Architect",1
"Dennis P. Zine, Council Member",1
Dennis Pocekay - Petaluma Vice Mayor,1
Department of California Brigadier General Mary Kight,1
"Deputy District Attorney Eugenia Eyherabide, Assistant Chief, Family",1
Deputy Major Maggie Houlihan,1
Deputy Mayor Jerome B. Stocks,1
Deputy Mayor Jerry Rindone,1
Deputy Mayor Ruth Sterling,1
Derek Proffitt,1
"Derek Ross, Vice Chair, Thousand Oaks Disaster Assistance Response Team",1
Desean Frazier,1
"Desiree A. Campos Marquez, Veterans Services and Scholarships Coordinator, Mt. San Antonio College",1
"Devin Merchant, MD, Emeryville",1
"Devin Nunes, Congressman",1
"Diana Jimenez, North Monterey County Unified School District Trustee",1
"Diana Lawson, D.C",1
Diana Medel (individual),1
Diana Wemple,1
"Diane Burgis, Board Supervisor, Contra Costa County",1
"Diane Chau, Medical Doctor",1
"Diane Ehrensaft PhD, Associate Professor of Pediatrics, UCSF",1
"Diane Ewell, Three Rivers",1
"Diane Feinstein, United State Senator",1
"Diane Halpern, Professor Emerita, Claremont McKenna College",1
Diane J. Rosenfeld,1
Diane Jackson,1
"Diane Jacob, Supervisor, San Diego County",1
"Diane Karpman, Attorney at Law and former State Bar (McPherson)",1
"Diane Ketell, Superintendent",1
"Diane L. Harkey, State Board of Equalization Member",1
Diane M. Demers,1
"Diane Rose, Mayor",1
Diane Trautman,1
"Diane Wilson, Director, Supervised Visitation Program, Sacramento",1
"Dianne Jacob, San Diego County Board",1
"Dianne Jacob, Supervisor, Second District",1
"Dianne Jacob, Supervisor, Second District, San Diego County Board of Supervisors",1
"Dianne Jones, Board Trustee, Fremont Unified School District",1
Dianne P. Brenner,1
"Dianne S. Moore, Fresno City College, Director of Nursing",1
"Dianne S. Moore, Fresno City Director of Nursing",1
"Dick Lyon, Oceanside",1
Dick Rider (plaintiff in Rider v Rider lawsuit in San Diego County),1
"Dick Stanford, Councilman",1
Dickinson,1
Diego Councilmember Donna Frye,1
Diego County Sheriff William D. Gore,1
Diego Mayor Jerry Sanders,1
"Diego Siemens, Camarillo",1
Dimas Romero,1
"Dinh V. Le, D.C",1
Dion S. Aroner,1
District - Robert Weyglandt,1
District 1 David F. Romero,1
District 1 John McPartland,1
District 1 Robert M. Weygandt,1
District 2 Phil Serna,1
District 3 Tom O'Malley,1
District 4 Jerry Lenthall,1
District 5 League of California Cities Tom Blalock,1
District Board President Leon M. N. Garcia,1
District Commissoner Michael Kreeger,1
Div. Commander,1
Dixon Police Department Daniel R. Monez,1
Doberneck,1
Dobie Dolphin - Private Citizen,1
Doctor Andrew Weil,1
Dodson,1
"Dolores Garcia Wright, Senior Senator",1
Dolores Holguin,1
"Dolores Holguin, Member, Valley County Water District",1
Domenico Mastrototaro,1
Dominguez,1
"Don Burnett, Cupertino",1
"Don C. Creevy, M.D. (obstetrician/gynecologist)",1
Don Campbell,1
Don Elliston,1
"Don Garman, First Vice President, Merrill Lynch Private",1
Don Horsley,1
Don Jesser,1
"Don Knabe, Supervisors, Fourth District",1
"Don M. Branner, Esq",1
Don Merrill,1
Don Reed,1
"Don Saurenman, S. El Monte",1
"Don Wagner, Supervisor",1
Don Wilson,1
Dona Spring,1
Dona van Bloemen,1
"Donald A. Miller, M.D",1
"Donald A. Vance, MD, Bonita",1
Donald Bollinger,1
"Donald C. Shoup, Professor of Urban Planning",1
"Donald C. Shoup, Professor of Urban Planning, UCLA Luskin School of Public",1
Donald G. Coleman,1
Donald G. Erskine,1
"Donald Gage, Gilroy",1
"Donald Garcia, Former Mayor and Councilmember",1
"Donald Gray Drewry, Attorney at Law",1
Donald Hallinger,1
"Donald J. Klingborg, DVM - Asst. Dean & Director Veterinary Medicine Extension - U.C",1
"Donald J. Klingborg, DVM - Asst. Dean & Director Veterinary Medicine Extension - U.C.: Davis",1
"Donald J. O'Mara, Santa Clarita, CA",1
Donald King,1
Donald L. Fielden,1
Donald Simoneau,1
"Donald Vaughn, Imperial County Veterans Service Officer",1
Donald W. Ericson,1
Donen,1
Donna Chesebrough,1
Donna Claypool,1
Donna Colson - Burlingame Councilmember,1
"Donna Colson, Councilmember",1
Donna E. Roberto,1
Donna E. Simpson,1
Donna Ellis,1
Donna Freeman - Private Citizen,1
Donna Frye,1
"Donna Frye, Councilmember, Sixth District",1
"Donna Gale, Senior Senator, CA Senior Legislature",1
"Donna M. Rader, Los Angeles, CA",1
Donnell Giambastiani,1
Doreen Farr,1
"Doreen Farr, Santa Barbara County Supervisor, Third District",1
"Doreen Farr, Supervisor, Santa Barbara County Board of Supervisors",1
Dorie,1
Dorie Krepton,1
Doris Briggs,1
"Doris Meyer, Adult Academics/Parent Education, Hacienda La",1
"Doris Meyer, Adult Academics/Parent Education, Hacienda La: Puente Unified School District",1
"Dorothy E. Roberts, Professor of Law and Society, University of Pennsylvania",1
"Dorothy Garven, Los Angeles, CA",1
Dorothy Potter,1
Dorothy Rutland,1
Dorothy T. Meinert,1
Dorothy Theodore,1
Double Eagle Ranch Residents,1
Doug Pannabecker,1
"Dougal Mackinnon, Medical Doctor",1
Douglas B. McKinney (individual),1
Douglas Engmann,1
"Douglas Krathwohl, Chief of Police",1
Douglas L. Qualls,1
Douglas Milender,1
Douglas Newland,1
Douglas Saunders (International Representative IBEW 9TH District),1
Douglas Tummond,1
"Dr. Albert G. Medvitz, Rio Vista",1
Dr. Alfred T. Lane,1
Dr. Anna Lembke,1
"Dr. Barbara Stroud, Clinical Psychologist",1
"Dr. Bradley Straatsma, Professor and Chair Emeritus",1
Dr. Cardozo,1
Dr. Carl Wunsch (Harvard),1
"Dr. Carlos Munoz, UC Berkeley Ethnic Studies Department",1
"Dr. Carolyn Sufrin, Assistant Professor, University of California, San",1
"Dr. Charles Munger, Jr. (co-author of Proposition 54)",1
"Dr. Christopher King, Director, Ray Marshall Center for the Study of El Proyecto del Barrio",1
Dr. Cindy,1
Dr. Cindy Russell,1
"Dr. Clifford Thompson, Oakland School Board Director, District 7",1
"Dr. Corrine Mcintosh Sako, Psy.d.. Lmft",1
"Dr. Dan Kammen, Professor of Energy",1
"Dr. David Burns, University of California San Diego",1
Dr. David Lighthall,1
"Dr. Davida Foy Crabtree, Conference Minister, United Church",1
"Dr. Davida Foy Crabtree, Conference Minister, United Church of Christ",1
"Dr. Deborah LeBlanc, Vice President, Board of Trustees, Compton Community",1
"Dr. Donald Kennedy, Bing Professor of Environmental Science and Stanford President Emeritus, Stanford University",1
"Dr. Elizabeth Falade, Health Officer of San Benito County Health and Human Services Agency",1
"Dr. Elsa O Valdez, San Bernardino City Unified School District Trustee",1
"Dr. Forest Tennant, Community Health Projects Medical",1
"Dr. Fran Kaufman, USC School of Medicine",1
"Dr. Frank Lavac, MS DVM",1
"Dr. George J. McKenna III, Board Member, Los Angeles Unified School District Board of Education",1
"Dr. Geraldine Washington, President, Los Angeles National",1
"Dr. H Rahnavardi, Spokesperson",1
Dr. Irving I Moskowitz,1
Dr. JD Megason,1
Dr. Jack Lipton,1
Dr. Jaime Becker,1
Dr. Jay Bhattacharya,1
"Dr. Jay N. Giedd, University of San Diego",1
"Dr. Jeff Bronstein, M.D., Ph.D., Director of Movement",1
Dr. John Skinner,1
Dr. Karen Dalton,1
"Dr. Ken Williams, Member of the Orange County Board of Education",1
Dr. Koleman Berkeley Community Health,1
"Dr. Kriss A. Kevorkian, Center for Conscious Dying and Grieving",1
"Dr. Lara Rasmussen, Director of Surgery and Clinical",1
"Dr. Laura M. Ibsen, Professor of Pediatrics and Anesthesiology, Oregon Health and Science University",1
"Dr. Leon J. Baginski, M.D., Mission Viejo, CA",1
"Dr. Lester Rowntree, Chair, Environmental Studies Dept., San Jose",1
"Dr. Lorrene D. Ritchie, Director of Research, Food Bank of Contra Costa and Solano",1
"Dr. Manuel I. Figueroa, M.D. (East Los Angeles)",1
"Dr. Megan Schwarzman, Green Ribbon Science Panel Member",1
Dr. Mha Atma S. Khalsa,1
Dr. Michael Carter,1
Dr. Milt Feinberg,1
Dr. Nachman Braubar,1
Dr. Nachman Brautbar,1
Dr. Rachel Ehrenfeld,1
Dr. Rafael Coira,1
Dr. Randy,1
Dr. Randy Ward,1
"Dr. Ravi K. Perry, Director, Race and Ethnic Relations Concentration",1
Dr. Richard Freed,1
"Dr. Richard Morrison, Dept. of Chemistry, West Virginia Univ",1
"Dr. Rob McConnell, Professor of Preventative Medicine, Keck School of Medicine, University of Southern California",1
"Dr. Robert Knight, Bevilacqua-Knight, Inc",1
Dr. Robert Weinmann,1
Dr. Roger Bales (UC Merced),1
Dr. Stephen Phillips,1
"Dr. Terry M. Saigh, CPA",1
Dreier,1
Drew,1
Drew Sweeney,1
Dronenberg,1
Duane Campbell,1
Duane Harlan,1
Duane Loweburg,1
Duerr,1
Dunn,1
Dvorah Markman,1
Dwight Tate,1
Dylan F. Stute,1
Eade,1
"Earvin ""Magic"" Johnson",1
Easley,1
Echeverria,1
"Eckard Richter, Los Angeles, CA",1
Eckert,1
Eckhoff,1
Eckles,1
"Ed Begley, Jr",1
"Ed Gallo, Council Member",1
"Ed Gallo, Mayor Pro Tem",1
"Ed Metzler, Murrieta",1
Ed Meyer,1
"Ed Reece, Claremont City Councilmember",1
Edare Carroll,1
"Eddie Arias, Santa Monica, CA",1
"Eddie Mozen, MD, Olympic Valley",1
"Eddie Rose, Councilmember",1
Eddie's Place Residents,1
Edgar Jolts,1
"Edward A. Panelli, Retired",1
"Edward A. Panelli, Retired Associate Justice, California Supreme Court",1
Edward B. Rosenstiel (Constituent),1
Edward C. Wundram,1
"Edward Cortez, Mayor",1
"Edward Eegg, Santee",1
Edward Esparzan,1
"Edward Hurley, M.D",1
"Edward J. Torres, PI",1
Edward Nellist,1
Edward Shanbrom (Santa Ana CA),1
Edward and Peggy Kasaba,1
Edwin Smith,1
Eight independent insurance agents,1
"Eight individuals (names not listed, because many were illegible)",1
El Cajon City Council Member Hanson-Cox,1
El Cerrito Councilmember Gabriel Quinto,1
Elaine Tummond,1
"Elba Guerrero, Council Member",1
"Eleanor L. Zimmerman, Mayor",1
Eleanor and Paul Wiebe,1
"Elias H Botvinick, MD, Professor at UCSF",1
"Elisa De Bord, Government Relations and Legislative Analyst, Sacramento County Water Agency",1
Elisabeth B. Grant,1
"Eliseo Gamino, Trustee, Firebaugh-Las Deltas School District",1
"Elissa D. Miller, Trustee",1
Elizabeth,1
Elizabeth A. Katz,1
"Elizabeth A. Schaefer MD, MPH",1
Elizabeth Cecil,1
"Elizabeth G. Rivas, M.A",1
Elizabeth Ghaffari of Technology Place,1
"Elizabeth Hess, LCSW",1
"Elizabeth Katz, MHP",1
"Elizabeth Kutzner, Judge of the Superior Court",1
Elizabeth Rolph,1
"Elizabeth Russell, MA",1
Elizabeth Skolnik,1
Elizabeth Stewart (Ojai),1
"Ellen Corbet, San Leandro",1
Ellen Franzen,1
"Ellen Leng, Medical Doctor",1
Ellen Marks,1
"Ellen Pao, Partner, Kleiner Perkins Caufield & Byers",1
"Ellen Sandwick, Homeowner, Le Parc Community Association",1
"Elliott Fong, Tehachapi",1
Elliott Perkins,1
Elsa and Forest Crumpley,1
Elvin G. Miali,1
"Elvin G. Miali, Chief of Police",1
Elwood,1
"Emanuel O. Silveria, FV May Lady",1
Emerson,1
Emeryville Councilmember John J. Bauters,1
Emily Brandt,1
Emily Graham Watson: Ambassador for Discovery Tree,1
"Emily H. Wughalter, Ed.D., Associate Dean, San Jose State",1
"Emily H. Wughalter, Ed.D., Associate Dean, San Jose State University",1
"Emily Maloney, Attorney at Law",1
"Emmett Burroughs, Consultant",1
"Ena Valikov, DVM",1
Encinitas City Councilmember Tasha Boerner,1
Equalization Member Betty Yee,1
"Eric Bowen, VP Energy and Director Biofuels, Sigma Capital",1
"Eric Bowen, VP Energy and Director Biofuels, Sigma Capital Group",1
"Eric Bradley, CPA",1
"Eric H. Woolery, Orange County Auditor-Controller",1
"Eric Hippeau, Managing Partner, Softbank Capital",1
Eric Parmater,1
"Eric Ramberg, Atrium Capital",1
"Eric Sakach, Faculty Member, California Law Enforcement Training Academy - Sacramento",1
"Eric Wennerholm, D.C",1
Erik Mason,1
Erin Larson,1
"Erin Raskin, L. Ac., N.D",1
Erlinda Anne Estrada,1
Erma Padgett,1
Ernest,1
Ernest Dronenburg,1
"Ernest Dronenburg, Board of Equalization",1
Ernest J. Dronenburg,1
"Ernest J. Dronenburg, Jr., Board of Equalization",1
"Ernest J. Dronenburg, Jr., Member, State Board of Equalization",1
"Ernest J. Dronenburg, Jr., member of the Board of Equalization",1
"Ernie Dronenburg, Member, State Board of Equalization",1
"Erwin Chemerinsky, Dean, U.C. Berkeley School of Law (as an individual)",1
"Erwin Chemerinsky, Professor of Law",1
Ester,1
Esther Fine,1
"Eugene L. Elmore, Ph.D., Research Specialist in the Department of Radiation Oncology, College of Medicine at UCI",1
Eugene Moses,1
"Eugene Sun, Mayor",1
Evans,1
Evelyn Jarvis-Ferris,1
Evelyn Tabachnick,1
Ezekiel,1
"Fabian Nunez, Assembly Speaker Emeritus",1
Fairmont Residents,1
Family of Jason Alderman,1
Family of Tyler Scott Rushing,1
Father O'Donnell,1
Faye E. Nennig,1
Felice Urban,1
Felicita Butler,1
"Felipe Hernandez, Council Member, District One",1
"Felipe Hernandez, District 4, Santa Cruz County Board of Supervisors",1
"Fenley, District 5",1
"Fernandes, San Jose",1
"Field, Los Angeles Community College Board of Trustees",1
"Fightmaster, Commissioner, Sonoma County Superior Court",1
Fiona Ma City and County of San Francisco,1
First District Honorable Mick Gleason,1
First District Honorable Mike Maggard,1
Five individuals who survived their heart attacks with AED assistance,1
Folsom John Tucker,1
"Forest Bazat, PharmD, Assistant Clinical Professor, School of Pharmacy",1
Former Alameda Co. District Attorney Nancy O'Malley,1
Former Assemblyman John Laird,1
Former Assemblymember Bob Campbell,1
Former Assemblymember Fabian Nunez,1
Former Assemblymember Garcia generally,1
Former Bar Trustee Heather Linn Rosing,1
Former California State Assemblymember Roger Dickinson,1
Former California State Assemblymember Wes Chesbro,1
Former California State Senator Dr. Edward Hernández,1
"Former Cerritos Mayor Bruce Barrows, California",1
"Former Commissioners of Corporations Willie R. Barnes, Anthony Pierno",1
Former Contractors State License Board Enforcement Program Monitor,1
Former Federal Communications Commission Commissioners Michael Copps,1
"Former Legislator, Wesley Chesbro",1
Former Senator Alan Sieroty,1
Former Senator Fran Pavley,1
Former Senator John Burton,1
Former Senator Kevin de León,1
Former Senator Lois Wolk,1
Former Senator Richard Polanco,1
Former Senator S. Joseph Simitian,1
Former Speaker of the U.S. House of Representatives Newt Gingrich,1
Former State Senator Alan Robbins,1
Former State Senator George Runner,1
Former State Senator Jerry Hill,1
Former State Senator Sam Blakeslee (co-author of Proposition 54),1
Former U.S. Attorney General Edwin Meese III,1
"Forrest J. Stowells, III, D.D.S",1
"Forrest Williams, Councilmember, San Jose City Council",1
"Fors, M.S.W., L.C.S.W",1
"Fran Gage, Judge, Los Angeles International Extra-Virgin Olive Oil",1
"Fran Pavley, Senator (ret.)",1
Frances Roth,1
"Francesca Segre, Trustee, Menlo Park City School District",1
Francine Bartfield,1
"Francine Bradley, Ph.D., University of California Cooperative Extension Poultry",1
"Francis F. Steen, PhD, Associate Professor at UCLA",1
Francisco Garcia,1
Francisco Supervisor John Avalos,1
Frank & Lucy Shivak,1
Frank A. Duckworth,1
"Frank C. Blair, Jr., D.D.S., Long Beach",1
"Frank L. Kuccers, Esq",1
Frank Lamarre,1
"Frank Orozco, President",1
Frank Parra,1
Frank Schiavo (Professor San Jose State University),1
Frank Scialdone,1
"Frank. R. Mecham, Supervisor, San Luis Obispo County",1
"Franz G. Wolf, Simi Valley",1
Fred Cummings,1
Fred Hirsch,1
Fred Keeley,1
"Fred Keeley, Former Member of the Assembly",1
"Fred W. Keplinger, Director of Public Safety",1
Fred and Andrea,1
Frederick C. Hoey,1
"Frederick Jordan, Former Technical Advisor, U.S. Environmental",1
Frederick M. Jahnkow (individual),1
Frederick O. Bott,1
"Frederick Vars, Professor of Law",1
Fremont Al Morgan,1
Fremont City Councilmember Bill Harrison,1
Fremont City Vice Mayor Ann Natajaran,1
Fresno City Council Member (retired) Rod Anaforian,1
Fresno City Council Member Linda Calandra,1
Fresno City Councilmember Daniel Ronquilo,1
Fresno City Councilmember Henry Perea,1
Fresno City Councilmember Lee Brand,1
Fresno City Councilperson Cynthia Sterling,1
Fresno Council Member Nick Richardson,1
Fresno County Supervisor Borgeas,1
Fresno County Supervisor Buddy Mendes,1
Fresno County Supervisor Juan Arambula,1
Fresno County Supervisor Mendes,1
Fresno County Supervisor Sal Quintero,1
"Friends of the Amador County Library, Susan Staggs, Board",1
"G. Boynton, Attorney at Law",1
"G.Wilson Horde III, Esq",1
GOVERNOR'S BUDGET . The Governor's Aging with Dignity,1
"Gabe Quinto, Councilmember",1
Gabriel Quinto,1
Gail Hayek,1
Gail K Lightfoot,1
Gannon,1
"Garen Wintemute, M.D., MPH, Professor and Director, Violence",1
Garilee Cave,1
"Garland Petty, FV Miss Jessie",1
"Garrett Broad, Los Angeles",1
"Garry Bredefeld, Fresno City Council",1
"Garry Bredefeld, Fresno City Council Member",1
Garry Lion,1
"Garry M. Brown, Esq",1
"Gary A. Prince, Chief of Police",1
"Gary C. Ovitt, San Bernardino County Supervisor",1
"Gary Davis, Mayor",1
"Gary Farwell, Esq",1
"Gary Gardner, Council Member",1
"Gary Gardner, Councilman, Desert Hot Springs",1
"Gary Gilbert, Madera County Supervisor, District Five",1
"Gary Kendrick, City Council",1
Gary L. Kirkland,1
"Gary L. Orso, Assessor-County Clerk-Recorder",1
Gary Lendennie,1
"Gary Lucks, Esq",1
"Gary M. Cohen, Esq",1
Gary M. Fiegener,1
Gary R. Holzhausen,1
Gary Reichard,1
Gary Seals,1
"Gary Yates, Mayor",1
Gavin Scott,1
"Gayle Bishop, Contra Costa County Supervisor",1
Gaynes,1
"Gene H. Kulander, Chief of Police",1
"Gene Lucas, PhD - Executive Vice Chancellor, University of California Santa",1
Geoffrey F. Brown (former California Public Utilities Commissioner),1
"Geoffrey F. Brown, CPUC Commissioner",1
"Geoffry Bullock, Firefighter",1
George Bud Winslow,1
George Corbin,1
"George Dies, Director, Strategic Planning, HP Labs, Hewlett-Packard Company",1
"George G. Alongi, Councilmember",1
George H. Cullins,1
"George H. Koenig, M.D",1
George M. Marcus,1
George Mannon,1
George Narancic,1
George Phillips,1
"George Runner, Member Board of Equalization, District 2 (Ret.)",1
"George Shirakawa, Jr., San Jose",1
"George Shirakawa, Santa Clara - District 2",1
George Steffes representing the City of Inglewood,1
"George Stevens, Deputy Mayor City of San Diego",1
George White,1
"George Wong, President",1
George and Therese Nagy,1
"Georgette Tadres, M. D., Duarte",1
Georgia Travis,1
"Gerald Cochran, Assessor",1
Gerald L. Hobrecht,1
Gerald R. Harper,1
Geraldine Edwards,1
Gerard Ange,1
"Gerard M. Nieblas, S.E",1
Gerard Sorensen,1
Gerry Gras,1
"Gigi Wetzel, MD, La Palma",1
"Gil Cedillo, Councilmember, First District of the City of Los Angeles",1
Gil Rebollar - Brawley City Councilmember,1
Gilbert,1
"Gilbert Cedillo, General Manager",1
Gillett,1
Gini Richardson,1
Gladys Perry,1
Gladys Rodriguez,1
Gleam Davis - City of Santa Monica Councilmember,1
Gleam Davis City Councilmember,1
Glenn County Supervisor Charles E. Harris Jr,1
"Glenn E. (Gene) Lucas, Executive Vice Chancellor at UCSB",1
"Glenn F. Zurawski, M.D. (w/ Anesthesia Care)",1
Glenn Vice,1
"Gloria C. Sigafoos, PT, OCS",1
Gloria Hamblim of Chatsworth,1
"Gloria K. Denton, C.R.N.P",1
"Gloria Molina, Supervisor",1
"Gloria Molina, Supervisor, Los Angeles County",1
Gloria Pantoja,1
Gloria Plasencia,1
Gloria Soto,1
Gloria Tristani,1
Goldberg,1
"Goldberg, Michael (Former Senior Writer/Associate Editor, Rolling Stone Magazine)",1
Gordon E. Pitter,1
"Gordon E. Pitter, Chief of Police",1
Gov. Brown,1
"Governing Board Member Nora E. Vargas, Southwestern Community College District",1
"Governing Board Member Roberto C. Alcantar, Southwestern Community College District",1
"Governing Board Member, Southwestern Community College District, Nora Vargas",1
Governor Cruz Bustamante,1
Governor Cruz Bustamente,1
Governor Cruz M. Bustamante,1
"Governor M.J. Foster, Louisiana",1
Governor of Louisiana,1
"Governor of Louisiana, Kathleen Blanco",1
Governor of Wisconsin,1
"Governor, who",1
"Grace Chu, Attorney",1
Graeber,1
Graham,1
Graham Rossmore - Los Feliz Neighborhood Council Board Member Representative,1
"Gray Davis, Lieutenant Governor, State of",1
"Greenwald, Glen (Journalist)",1
Greg Keezer,1
"Greg Newbry, Mono County School Board Member",1
"Greg Smith, Assessor",1
"Greg Tatarian, Wildlife Biologist",1
Gregory E. Koch (Anaheim CA),1
Gregory Fitzgerald,1
Gregory Wonderwheel,1
Grover Beach Councilmember Mariah Shah,1
Grover Trask,1
Guadulupe Perez,1
Guerrero,1
Guy E. Eisenbrey,1
"Gwen L. Dean, Ph.D",1
"Gwen Rinehart, Los Angeles, CA",1
"Gwen Yeo, PhD, Stanford University School of Medicine",1
Gwyneth L. Brown,1
H. Kay,1
"H. Rex Greene, M.D",1
"Haidar Awad, Councilmember",1
Hale Andrew Antico,1
Halgren,1
"Haney, Matt (Supervisor, San Francisco Board of Supervisors, District 6)",1
"Hanselmann, Chief Librarian",1
Harlan Grossman (ret.),1
Harold & Lucille Jones,1
Harold Barker,1
"Harold Barker, Chief of Police",1
Harold Bradford,1
"Harold Fryday, Attorney at Law",1
"Harold Nachlin, San Diego",1
Harriett,1
"Harrison, MD, MPH (Professor of Medicine, Division of)",1
"Harry Helling, Associate Director, Orange County Marine Institute",1
"Harry L. Ovitt, Member, Board of Supervisor",1
"Harry L. Ovitt, San Luis Obispo County Board Supervisors, District 1",1
"Harry Sidhu, Mayor",1
Harry Sigman,1
Harvard School of Biology Professor Emerita Ruth,1
Harvard School of Biology Professor Emerita Ruth Hubbard,1
Harvey Milk,1
Harvey Rarback - Half Moon Bay City Councilmember,1
"Heather Costello, Marin County Sheriff's Office Communications Center",1
"Heather DeVore, MD, La Canada Flintridge",1
"Heather Fargo, Sacramento City Council Member",1
Heather Morse,1
Heinz Naef,1
"Helen Cagampang, PhD UCSF Center for Reproductive Health",1
"Helen Ho, MD, Alhambra",1
Helen Jacobsen,1
Helen Rupert,1
"Helen Thomson, Yolo County Supervisor",1
Henry Cate,1
Henry Chang,1
Henry Der,1
Henry F. Trione (neighbor of the facility) AB 1350 (Canciamilla),1
Henry G. Eilerg,1
"Henry Perea, Supervisor, District 3, Fresno County",1
"Henry Smith, Marysville",1
"Henry Weiss, Palm Springs City Librarian",1
Herbert Frenery,1
Herbert Giron,1
"Herbert Schreier, MD, Chief of Psychiatry, Children's Hospital",1
"Hershel Woodrow ""Woody"" Williams - Medal of Honor Recipient (1945)",1
"Hesiquio Benitez Diaz, Head of the CITES Scientific Authority of Mexico",1
Hetchman Six Individuals,1
Hidden Hills Councilmember Laura McCorkindale,1
"Hilary M. Kauffman, M.D., Lawrence Livermore National Laboratory",1
Hilary Rodham Clinton,1
"Hilda L. Solis, Los Angeles County Board of Supervisors",1
Hillsborough Robert A. Sessions,1
"Hina Fullar, Medical Doctor",1
"Hiro Hayashi, Vice President, Pharmacy Corporation of America",1
Hoekstra,1
Hohman,1
"Holly Mitchell, Supervisor",1
Hollywood City Councilmember Jeffrey Prang,1
Homeless Citizens of the State of California,1
"Hon. Adam Schiff, U.S. Representative",1
"Hon. Ann Klinger, Board of Supervisors, Merced County",1
"Hon. Arthur Gilbert, Presiding Justice, Court of",1
"Hon. Arthur Gilbert, Presiding Justice, Court of Appeal, Second Appellate District, Division Six",1
"Hon. Barbara Boxer, U.S. Senator",1
"Hon. Catherine Gallagher, Santa Clara Superior Court",1
Hon. Congresswoman Jackie Speier,1
"Hon. Dan Horden, Councilmember",1
Hon. Darrell W. Stevens,1
"Hon. Darrell W. Stevens, Presiding Judge, North Butte",1
"Hon. Dianne Feinstein, U.S. Senator",1
Hon. Dominic L. Cortese,1
Hon. Don Horsley,1
"Hon. Don Knabe, LA County Supervisor",1
"Hon. Don Knabe, Supervisor",1
"Hon. Donna Frye, Councilmember",1
"Hon. Doris Shockley, Judge of the Municipal Court, Yolo County",1
"Hon. Douglas P. Miller, Associate Justice, Court of Appeal, Fourth District, Division Two",1
"Hon. Duke Cunnigham, Member of Congress",1
"Hon. Fortney ""Pete"" Stark, United States Congressman",1
"Hon. George Miller, U.S. Representative",1
"Hon. Gordon Spencer, D.A. Merced",1
"Hon. Gordon Spencer, D.A. Merced Co",1
Hon. Gordon Spenser,1
"Hon. Gray Davis, Controller of the State of California",1
"Hon. Gus Ayres, Councilmember",1
Hon. Harriet M. Wieder,1
"Hon. Helios J. Hernandez, Riverside Superior Court",1
"Hon. Hilda Solis, U.S. Representative",1
"Hon. Hilda Solis, U.S. Representative: Local/County Governments",1
"Hon. Howard Berman, U.S. Representative",1
Hon. James Brandlin,1
"Hon. James Herman, Superior Court of California",1
"Hon. Jeremy Fogel, Judge of the Superior Court, Santa Clara",1
"Hon. Jim Maready, Sheriff-Coroner",1
"Hon. John Duran, Councilmember",1
"Hon. John Silva, Supervisor, Solano County",1
"Hon. John Whitfield, Waterford City Council Member",1
"Hon. Juan Vargas, Member of Congress",1
"Hon. Juan Vargas, Representative, 51st District, California, United",1
"Hon. Juan Vargas, Representative, 51st District, California, United States House of Representatives",1
"Hon. Kevin McKeown, Councilmember",1
"Hon. Leonard P. Edwards, Judge, Superior Court, Santa Clara",1
"Hon. Michael Honda, U.S. Representative",1
"Hon. Mike Alvarez, Councilmember",1
"Hon. Muriel P. Johnson, Supervisor, Sacramento County",1
"Hon. Nancy Stock, Orange County Superior Court",1
"Hon. Paul Biane, Second District Supervisor",1
"Hon. Peter E. Riddle, San Diego Juvenile Court Judge",1
"Hon. Quentin L. Kopp, Judge of the San Mateo County",1
"Hon. Quentin L. Kopp, Judge of the Superior Court of (Retired)",1
"Hon. Ralph Rubio, Mayor",1
"Hon. Richard Bloom, Councilmember",1
"Hon. Robert J. Campbell, Member of the Assembly (Ret.)",1
"Hon. Rolleen K. McIrwrath, Judge of the San Joaquin County",1
"Hon. Ronald Albert, Mayor",1
"Hon. Ryan Coonerty, Supervisor",1
"Hon. Sam Farr, U.S. Representative",1
"Hon. Terry Friedman, Presiding Judge, Los Angeles Juvenile",1
"Hon. Thomas Wilson, Supervisor, Orange County",1
"Hon. Tom Lantos, U.S. Representative",1
Hon. Tom McCabe,1
"Hon. Virginia Strom-Martin, Assemblymember, First District",1
"Hon. Zoe Lofgren, U.S. Representative",1
Honorable Abbe Land,1
"Honorable Allen J. Webster, Jr., Superior Court",1
"Honorable Amy Yerkey, Superior Court",1
"Honorable Andrew E. Cooper, Superior Court",1
"Honorable Barbara Lee, Member of Congress",1
"Honorable Barbara Lee, Member of Congress, Ninth District, CA",1
"Honorable Bert Glennon, Jr., Superior Court",1
"Honorable Beverly Bourne, Superior Court",1
"Honorable Bill Cassidy, M.D., United States Senate",1
"Honorable Bill Horn, Supervisor",1
Honorable Bill Leonard,1
"Honorable Bill Rosendahl, Councilman, 11th District",1
"Honorable Bob Blumenfield, Councilmember",1
"Honorable Bob Filner, Member of Congress",1
"Honorable Cara L. Beatty, Superior Court",1
"Honorable Carrie A. Zepeda, Superior Court",1
"Honorable Casillas Salas, Mayor",1
"Honorable Cedric Richmond, Member of Congress",1
"Honorable Charlaine F. Olmedo, Superior Court Judge, Los Angeles County Superior Court",1
"Honorable Charles L. Patrick, Judge of the Municipal Court, San",1
"Honorable Charles Smith, Supervisor, First District, Orange County",1
"Honorable Charles W. Froehlich, Jr., Associate Justice, Fourth District Court of Appeal",1
"Honorable Cheryl R. Mills, Superior Court",1
"Honorable Chris Cake, Councilmember, Sixth District",1
"Honorable Chris Cate, San Diego Councilmember",1
"Honorable Clay Higgins, Member of Congress",1
"Honorable Colette M. Humphrey, Superior Court",1
"Honorable Craig D. Karlan, Superior Court",1
"Honorable Craig E. Arthur, Superior Court",1
"Honorable Cynthia L. Ulfig, Superior Court",1
Honorable Daniel E,1
"Honorable Daphne G. Sykes, Superior Court",1
"Honorable Dave Rosenberg, Superior Court Judge",1
"Honorable David Alvarez, San Diego City Councilmember, Eighth District",1
"Honorable David E. Ryu, Los Angeles Councilmember",1
"Honorable David I. Ashby, Superior Court",1
"Honorable David R. Lampe, Superior Court",1
"Honorable Debra Ortiz, Sacramento City Council",1
"Honorable Dianna J. Gould-Saltman, Superior Court",1
"Honorable Dianne Feinstein, U. S. Senate",1
"Honorable Dianne Feinstein, United States",1
"Honorable Don Jardine, Alpine County Supervisor, District 1",1
"Honorable Don Knabe, Supervisor",1
"Honorable Donald J. Currier, Superior Court",1
"Honorable Donna Quigley Groman, Superior Court",1
Honorable Edmund G. Brown,1
"Honorable Edward W. Hall, Superior Court",1
"Honorable Efren N. Iglesia, Superior Court",1
"Honorable Elizabeth A. Lippitt, Superior Court",1
"Honorable Elizabeth W. Johnson, Superior Court",1
"Honorable Eric Garcetti, Second Vice-Chair, METRO Board of Directors",1
"Honorable Eric Guerra, Councilmember, City Of Sacramento",1
"Honorable Fiona Ma, Board of Equalization, District 3",1
"Honorable Fortney ""Pete"" Stark, United State Congress",1
"Honorable Fortney ""Pete"" Stark, United States Congressman",1
"Honorable Fred Keely, Treasurer",1
"Honorable Garret Graves, Member of Congress",1
"Honorable Gary G. Gibson, Superior Court",1
"Honorable Gary L. Moorhead, Superior Court",1
"Honorable Geanene Garcia-Yriarte, Superior Court",1
"Honorable George E. Brown, Jr., Member of Congress",1
"Honorable Gerald Rosenberg, Superior Court",1
"Honorable Glenn R. Sylvester, Mayor",1
"Honorable Gloria Molina, Los Angeles County Board of Supervisors",1
"Honorable Greg Cox, Supervisory",1
"Honorable Gregorio Roman, Superior Court",1
"Honorable Gregory Keosian, Superior Court",1
"Honorable Harlan G. Grossman, Retired, Contra Costa County Superior Court",1
"Honorable J. Eric Bradshaw, Superior Court",1
"Honorable Jack O'Connell, Senator, Eighteenth Senatorial",1
"Honorable Jacki C. Brown, Superior Court",1
"Honorable James C. Predmore, Mayor",1
"Honorable James L. Crandall, Superior Court",1
"Honorable James P. Gray, Retired, Orange County Superior Court",1
Honorable James R. Brandlin,1
"Honorable James R. Brandlin, Superior Court Judge, Los Angeles County Superior Court",1
"Honorable Jane Harmon, Congresswoman, 36th District",1
"Honorable Jeffrey G. Bennett, Superior Court",1
"Honorable Jennifer Montgomery, Placer County Supervisor, District 5",1
"Honorable Jim Costa, Member of Congress",1
"Honorable Joel M. Wallenstein, Superior Court",1
"Honorable Johan Klehs, State Board of Equalization",1
"Honorable John Fasana, First Vice-Chair, METRO Board of Directors",1
"Honorable John H. Ing, Superior Court",1
"Honorable John Kennedy, United States Senate",1
"Honorable John Lonergan, Superior Court",1
"Honorable John S. Adams, Superior Court",1
Honorable Jose,1
"Honorable Jose Cisneros, Treasurer, City & County of San Francisco",1
"Honorable Jose Cisneros, Treasurer, City and County of San Francisco",1
Honorable Josh Bryant,1
"Honorable Josh Bryant, Councilmember",1
"Honorable Joy W. Markman, Superior Court",1
"Honorable Julia Scrogin, Superior Court",1
"Honorable Keith Carson, Alameda County Supervisor, Fifth",1
"Honorable Kerry Ferguson, San Juan Capistrano City Council Member",1
"Honorable Kevin Brown, Superior Court",1
"Honorable Kevin De Leon, Los Angeles City Councilmember District 14",1
"Honorable Kevin J. McCormick, Superior Court",1
"Honorable Khymberli S. Apaloo, Superior Court",1
"Honorable Laura Ellison, Superior Court",1
"Honorable Lawrence H. Cho, Superior Court",1
"Honorable Lawrence W. Stirling, San Diego Municipal Court",1
"Honorable Lewis A. Davis, Superior Court",1
"Honorable Linda Parks, Ventura County Board of Supervisors, 2nd District",1
"Honorable Linda Sanchez, United States Congress",1
"Honorable Lisa A. Bartlett, Orange County Supervisor",1
Honorable Lois Wolk,1
"Honorable Louis Scanlon, Chief of Police",1
"Honorable Maria Andrea Davalos, Superior Court",1
"Honorable Mark Ridley-Thomas, Los Angeles City Councilmember District 10",1
"Honorable Mark Ridley-Thomas, Los Angeles County Board of Supervisors, Second District",1
"Honorable Mary Lou Villar, Superior Court",1
"Honorable Maryanne G. Gilliard, Superior Court",1
"Honorable Matthew J. Gary, Superior Court",1
"Honorable Maxine Waters, Member of Congress, 35th District",1
"Honorable Michael Bush, Superior Court",1
"Honorable Mick Gleason, Kern County Board of Supervisors, First District",1
"Honorable Mike Ennis, Tulare County Board of Supervisors, District Five",1
"Honorable Mike Johnson, Member of Congress",1
"Honorable Mike Maggard, Kern County Board of Supervisors, Third District",1
"Honorable Monica Brown, Solano County Supervisor, District 2",1
"Honorable Nancy D. Stark, Superior Court",1
"Honorable Nancy L. Newman, Superior Court",1
"Honorable Nancy Pelosi, Member of Congress",1
"Honorable Nithya Raman, Los Angeles City Councilmember District 4",1
"Honorable Norma J. Torres, Member of Congress",1
"Honorable Norman P. Tarle, Superior Court",1
"Honorable Pam Slater-Price, District 3 Supervisor, San Diego County",1
Honorable Patricia Hunter,1
"Honorable Paul Koretz, Council District 5",1
"Honorable Pete Stark, House of Representatives",1
Honorable Phil Isenberg,1
"Honorable Phillip L. Soto, Superior Court",1
"Honorable Quentin L. Kopp, Ret",1
"Honorable Ralph Abraham, M.D., Member of Congress",1
"Honorable Ray G. Jurado, Superior Court",1
"Honorable Raymonda B. Marquez, Superior Court",1
Honorable Richard H. Pland,1
"Honorable Rita Federman, Superior Court",1
"Honorable Rob B. Villeza, Superior Court",1
"Honorable Robert J. Schuit, Superior Court",1
"Honorable Robert Kurt, Superior Court Judge, Alameda",1
"Honorable Robert S. Tafoya, Superior Court",1
"Honorable Roger Gitlin, Del Norte County Board of Supervisors, First District",1
"Honorable Roger L. Lund, Superior Court",1
"Honorable Ron Roberts, Supervisor",1
"Honorable Ronald L. Bauer, Superior Court",1
"Honorable Roosevelt Dorn, Los Angeles County",1
"Honorable Roosevelt F. Dorn, Mayor, City of",1
"Honorable Roy O. Chernus, Superior Court",1
"Honorable Sam Farr, Member of the United States Congress",1
"Honorable Sarah J. Heidel, Superior Court",1
"Honorable Shelly Torrealba, Superior Court",1
"Honorable Songhai Miguda-Armstead, Superior Court",1
"Honorable Stephanie George, Superior Court",1
"Honorable Stephen P. Pfahler, Superior Court",1
"Honorable Stephen Whitburn, Council President Pro Tem",1
"Honorable Steve Brandau, Fresno City Councilmember",1
"Honorable Steve Castaneda, Councilmember",1
"Honorable Steve Scalise, Member of Congress",1
"Honorable Steven D. Blades, Superior Court",1
"Honorable Steven G. Counelis, Superior Court",1
"Honorable Sue Novasel, El Dorado County Supervisor",1
"Honorable Susan E. Green, Superior Court",1
"Honorable Terry Friedman, Presiding Judge of",1
"Honorable Terry Friedman, Presiding Judge of the Los",1
"Honorable Terry Friedman, Superior Court Judge, Los Angeles County",1
"Honorable Theresa J. Canepa, Superior Court",1
"Honorable Thomas C. Falls, Superior Court",1
"Honorable Thomas Rubinson, Superior Court",1
"Honorable Timothy R. Walsh, Superior Court",1
"Honorable Todd Gloria, Councilmember",1
"Honorable Wally Leimgruber, Member, Board of Supervisors, Imperial County",1
"Honorable Zac Scrivner, Kern County Board of Supervisors, Second District",1
Hopcraft,1
Houston,1
"Howard Berman, Congressman",1
"Howard L. Hoffenberg, Esq",1
"Howard M. Van Elgort, Attorney at Law",1
"Howard P. ""Buck"" McKeon",1
Howard Spellman,1
Howie Steinbeck,1
"Hugo Soto-Martinez, Councilmember",1
Hugo Weaving,1
"Huizar, and Ed P. Reyes",1
Humboldt County Supervisor Jimmy Smith,1
Humboldt County Supervisors Jimmy Smith and Jill Giest,1
Huntington Park City Council Member Karina Macias,1
Huntington Park City Councilman Elba,1
Hutchens,1
INC. Hon. Daniel E. Lungren,1
"Igor Tregub, Berkeley Councilmember, District 4",1
Igor Tregub- Rent Board Commissioner (Ret.) City of Berkeley,1
"Ilana Murphy, Acupuncturist",1
"Illa Collin, Member, Sacramento County Board of Supervisors",1
"Illa Collin, Sacramento County Board of Supervisors, Second District",1
Imperial Beach Councilmember Mark West,1
Imperial County Superior Court Judge,1
Imperial County Supervisor Gary Wyatt,1
"Imperial County Supervisor, the Honorable Michael Kelley, Imperial County Superior Court Judge, the Honorable Donal B. Donnelly",1
Inc. Bob Belt and Evelyn Connelly,1
"Individual (Law Professor, Pennsylvania Carey Law School)",1
Individual - Eric M. Schiffer,1
"Individual - Trevor O'neil, Anaheim City Council Member",1
Individual Artists,1
Individual Board Members of the Foundation for Osteoporosis,1
Individual Builders and Associations: Building Industry,1
"Individual City Councilmembers from Danville, Pleasanton, San Ramon, Walnut Creek",1
Individual Licensees & Applicants,1
Individual Organizational Members of California Coalition of Foster Family,1
"Individual Rights Section, Los Angeles",1
Individual Superintendents District Superintendents and County,1
Individual World War II veterans from the U.S. Philippine: Army or the Philippine Scouts,1
"Individual, Redevelopment Attorney",1
Individual: Mark Lundegren,1
Individuals Opposed to SB 330,1
Individuals in the Los Angeles Area,1
"Individuals: George Bell, President and Chief",1
Individuals: Myles Cockburn (Assistant),1
Inidividual - Mayor Pro Tem Austin Lumbard,1
Iris L. Siegel,1
Irvine Councilmember Melissa Fox,1
Irvine Unified School District Board Member Sue Kuwabara,1
"Isi Russ, MD, Pasedena",1
Israel Salazar Villa,1
"Iturriaga, Rodolfo H., Ph.D",1
"Ivan Rokos, MD, Altadena",1
"J. Mark Nielsen, El Dorado County Supervisor",1
J. Petzold,1
Jack (Leonard) Center,1
"Jack Cohen, Attorney",1
"Jack Cohen, Attorney at Law",1
"Jack D. Cohen, Attorney at Law",1
Jack Duran,1
"Jack Feller, Councilmember",1
Jack Hanauer,1
"Jack Londen, partner in the law firm of Morrison and Foerster and Chair of the California Commission on Access: to Justice",1
Jack Miller,1
Jack Oudiz,1
Jack Perry,1
Jack Richards,1
Jack Waldo (private citizen),1
"Jack Weiss, Los Angeles City Councilmember",1
"Jackie Speier, Member of Congress",1
"Jackie Speier, Member of the United States Congress",1
"Jacob Benford, MD, La Selva",1
Jacobsen,1
"Jacqueline Mangum, Santa Monica, CA",1
Jacqueline Plant Mason,1
Jacqueline Tran,1
Jake Lee,1
James A. Michel,1
James Austin,1
James Bonnifield,1
James Celano,1
James Conn,1
"James D. Woods, D.D.S",1
"James Davis, D.C",1
"James E. Oman, Chief of Police",1
James Gilleran,1
"James Hogan, Professor of Law, State Bar of California, Litigation",1
James Kim,1
James Mangia,1
"James O. Barret, Firefighter/Engineer",1
James Pope,1
James Randall Wooderson (Individual),1
"James Robinson, Health Affairs , Volume 16, Number 4",1
"James S. Stiven, U.S. Magistrate Judge (retired)",1
James Salter,1
"James W. Silva, Supervisor, Orange County",1
"James W. Silva, Supervisor, Second District",1
Jami Dean,1
"Jan D. Vandersloot, M.D",1
Jan L. Owen 445-6303,1
Jan Owen445-6306,1
Jan Scully,1
Jane Alvarez,1
Jane Fonda,1
Jane Meadows,1
Jane Norder,1
Jane R. Schwickerath,1
Janet Caprile,1
"Janet Perlman, MD, MPH",1
Janet Seals,1
"Janette Stokley, Child Care Coordinating Council of San Mateo",1
Janice Blake,1
"Janice Hahn, Los Angeles City Councilwoman",1
Janice Li - BART Board of Directors Member,1
"Janice Li, Member, BART Board of Directors",1
Janice Nelson,1
Janice Newhart,1
"Janice Peters, Mayor",1
Janice Rutherford,1
Jannis Urena,1
Jason Burstis,1
Jason Carroll,1
Jason Horwedel,1
Jason Lang,1
"Jason Redd, MD, Atascadaro",1
Jawhara Mcclinton,1
Jawharah Mcclinton,1
Jay Kerr,1
Jean B. Wright,1
Jean Edwards,1
Jean Long,1
"Jean Mordo, Past Mayor of Los Altos Hills",1
"Jean Quan, City Council President Pro Tem",1
Jean Robinson,1
"Jean Warmes, Councilmember",1
"Jeane Doncaster, Member Amador AAUW",1
"Jed Leano, Councilmember - Claremont City",1
"Jed Leano, Councilmember, Claremont",1
Jeff B. Hayden (individual),1
"Jeff Bowman, Fire Chief",1
Jeff Bridges,1
Jeff Connor,1
"Jeff Kellog, Vice Mayor",1
"Jeff Schmidt, Councilmember of Menlo Park",1
Jeff Wang - Union City Councilmember,1
Jeffery Burgh,1
Jeffrey Bernstein - Palm Springs City Councilmember,1
Jeffrey Beyer,1
Jeffrey K. Johnson (individual),1
"Jeffrey LaGro, Editor, Jeffrey's California Legislative Watch",1
"Jeffrey O. Bush, PhD, Assistant Professor at UCSF",1
Jeffrey Prang Assessor of Santa Clara County,1
Jenifer Hernandez,1
Jenna Carson,1
"Jenna Carson, M.A., Advocate for Children with Incarcerated Parents",1
"Jennifer Campbell, Councilmember, San Diego",1
Jennifer Chilton,1
Jennifer Kelley,1
Jennifer West,1
Jenny Miller,1
"Jenny Oropeza, Councilmember First District",1
Jenny Woods,1
"Jeremy Smith, Councilmember",1
Jerome CARAGUEL,1
Jerome Downs,1
Jerome L. Amante,1
Jerome M. Kern,1
"Jerome M. Kern, Councilmember",1
Jerry Atkinson,1
Jerry Bello,1
Jerry Brown,1
Jerry Cady,1
"Jerry Fellengim, Leg. Political Director",1
"Jerry Lenthal, Member, Board of Supervisors",1
"Jerry Lenthall, San Luis Obispo County Board of Supervisors, District 3",1
"Jerry M. Patterson, United States Congressman, Retired",1
Jerry Nemier,1
Jerry Rava,1
Jerry Sanders,1
Jerry Shadinger,1
Jerry Stover,1
Jerry Taft,1
"Jess E. Van Deventer, Member, Sweetwater Authority Board",1
"Jess E. Van Deventer, Sweetwater Authority Board",1
Jessamine Williams,1
Jesse Kramer,1
Jesse Zwick - City of Santa Monica Council Member,1
"Jesse Zwick - Councilmember, Santa Monica",1
"Jesse Zwick, Councilmember - City of Santa Monica",1
Jessea Greeman,1
Jessica Reynolds,1
Jessie Burnett,1
Jessie Lopez - Santa Ana City Councilmember,1
Jessy Cardenas,1
Jessy Hernandez,1
"Jesus Silva, Mayor",1
"Jim Busby, Mayor",1
"Jim Corrigan, Individual",1
"Jim Dabrinski, Fire Chief",1
Jim Edwards,1
Jim Frayne,1
"Jim Horne, Fire Chief",1
Jim Lepper,1
Jim Levy,1
Jim Liontis,1
Jim Lites,1
Jim Lundquist,1
Jim Madaffer San Diego City Councilmember,1
"Jim Madaffer, Councilmember",1
Jim McCauley,1
Jim Olesnanik,1
"Jim Patterson, Mayor",1
Jim Scherz,1
Jim Shumate,1
Jim Smith,1
"Jim Unger, Board Member of the San Diego Port Tenants Association",1
"Jimmie R. Yee, Councilman - City of Sacramento",1
Jimmy Cabral,1
"Jiyoung Carolyn Park, Individual",1
"JoAnn Levy, Award winning Author, Board member, California State Library Foundation",1
Joan A. Friedman,1
Joan Barkdull,1
Joan Chang,1
"Joan Darrah, Stockton",1
Joan K. White,1
"Joan Petersilia, Co-Director, Stanford Law School Center on Criminal",1
"Joan Winters, Los Angeles, CA",1
Joanna Katz,1
"Joanne Berkowitz, MD, Fair Oaks",1
"Joaquin Avila, Esq",1
"Joe Gunter, Mayor",1
Joe Harn,1
Joe Madley,1
Joe Neves,1
"Joe Patterson, Mayor",1
"Joel Anderson, San Diego County Supervisor, Second District",1
Joel Samuels,1
Joel Stinchfield,1
"Johan Klehs, Member, Board of Equalization, First District",1
John A. Vos,1
John Alexiev,1
John Allen,1
"John Atkinson, FV New Rayann",1
John Beccia,1
John Billheimer,1
"John Broderick, Chief of Police",1
"John C. Wong, M.D",1
John Campbell,1
"John Chiang, Member, Board of Equalization",1
"John Chiang, a BOE",1
John Criag,1
"John D. Williams, Individual",1
"John Darby, Consultant, Director Emeritus, Hearing Society of the Bay Area",1
John Davids,1
John E,1
"John F. Hamrick, Sacramento State University, Department of Public",1
"John F. Tavaglione, Riverside County Board of Supervisors, Second District",1
"John Gioia, Contra Costa County Supervisor, District 1",1
"John Gioia, Contra Costa County Supervisor, District One",1
"John Gioia, Supervisor, Contra Costa County",1
"John Gioia, Supervisor, District One, Contra Costa County",1
"John Guice, VP of Business Development, Green Mountain Engineering",1
"John H. Cleghorn, Chief of Police",1
John Haramalis,1
John Hoag,1
John Hogle,1
John Honnette,1
"John J. Benoit, Riverside County Supervisor",1
"John J. Skratt, MD, Folsom",1
"John L. Kabatt, San Leandro",1
"John Laird, Assembly Member Emeritus, 27th District",1
John Langi,1
"John Larson, Past Chairman, FPPC",1
"John Leopold, Supervisor",1
John Long,1
"John M. Simpson, Chief of Police",1
"John MacDonald, Chair, San Diego Board of Supervisors",1
John McPartland,1
"John R. Robertson, Chief of Police",1
John Shanahan,1
John Silva,1
John Texeira,1
"John Tucker, MD, Auburn",1
John Van de Kamp,1
John Van de Kamp (Dewey & LeBoeuf),1
"John Walsh (host of ""America's)",1
"John Walther, MD, La Selva Beach",1
"John Weston, Esq., on behalf of 37 listed ""adult cabaret"" businesses in Southern California",1
John Wolfe,1
"John and Dee Lacy, personal friends",1
"John de Beck, Board Trustee, San Diego Unified School District",1
Johnny Thompson,1
Johnny Zamrzla,1
"Jon ""Bowzer"" Bauman",1
"Jon ""Bowzer"" Bauman, former Sha Na Na leader, chair of the Truth in Music",1
Jon Carlson,1
"Jon Cooper, Esq",1
Jon Fuller,1
Jon Newland,1
Jon Rachford,1
Jon Wizard - City of Seaside Councilmember,1
Jon Wizard - Councilmember,1
Jon Wizard - Seaside City Council Member,1
Jon Wizard City Councilmember,1
Jon Wizard Council Member,1
Jonathan Bachellier,1
"Jonathan Freudman, MD",1
"Jonathan Lu, Medical Doctor",1
Jonathan Morrison,1
Jordi,1
Jorge Castaneda,1
Jose Cruz,1
Jose Huizar,1
Jose Huizar Los Angeles City Councilmember,1
"Jose Huizar, LAUSD Board of Education",1
Jose L,1
Jose R. Torres DDS,1
Joseph A. Santoro,1
"Joseph Bunn, Vice President, Encinitas Professional Firefighters",1
"Joseph Derthick, SELACO WIB Business Representative",1
"Joseph E. Eiswert, D.M.D",1
Joseph E. Johnston,1
"Joseph Giannini, Esq",1
"Joseph L. Everett, Ed.D., Sc.D",1
"Joseph L. Everett, Ed.D., Sc.D: Mothers Against Sexual Abuse",1
Joseph M. Gughemetti,1
"Joseph McNamara, D.P.A., Hoover Institution on War, Revolution and Peace",1
Joseph Mellett,1
Joseph P. Paoluccio,1
Joseph Sulse,1
"Joseph Woo, MD, San Francisco",1
Josephino Gonzalez,1
Josh Fryday,1
"Josh Fryday, External Affairs Vice-President, University of California, Berkeley",1
"Josie Gonzales, 5th District Supervisor",1
"Josie Gonzales, 5th District Supervisor, County",1
"Josie Gonzalez, Council Member",1
José Trinidad-castañeda - City of Buena Park Council Member,1
Jovanka Beckles - AC Transit Board Member,1
"Jovanka Beckles, Alameda Contra Costa Transit Director, Ward 1",1
"Jovanka Beckles, Member, AC Transit Board",1
"Joy Graves, Community Relations Specialist",1
Joyce Sam,1
"Juan Calderon, Cal WORKS, Counselor",1
Juan Escobar,1
"Juan Munoz-Guevara, Lynwood Councilmember",1
"Juanita Beighele, Senior Assembly Member",1
Judge Anthony C. Joseph (retired),1
"Judge Barbara Lane, Ventura County Superior Court",1
Judge Brandlin of Los Angeles Superior Court,1
"Judge Dale Ikeda, Fresno County Superior Court",1
"Judge David A. Gottlieb, Presiding Judge, Fresno County Juvenile",1
Judge David O. Carter of the Superior Court of Orange,1
Judge Dennis E. Murray,1
Judge Elizabeth Nay Kutzner,1
"Judge Fredricks, Los Angeles County South Bay Municipal",1
"Judge Gary Ingle, North Kern County Municipal Court",1
"Judge Gregory M. Caskey, Shasta County",1
Judge Harold E,1
"Judge Harold E. Shabo, Supervising Judge of the Mental Health Departments of the Superior Court of Los Angeles County",1
"Judge Herald E. Shabo, Supervising Judge of the Mental Health",1
Judge James R. Brandlin,1
Judge James Stiven (ret.),1
"Judge Jerome S. Nadler, Santa Clara",1
"Judge John Henning, Supervising Judge of the L.A Superior Court",1
Judge LaDoris Cordell (Ret.),1
"Judge Laura Hammes, San Diego County Superior Court",1
"Judge Lawrence Stirling, Municipal Court, San Diego",1
"Judge Leon Emerson, Member of the Commission on Alcoholism County of Los",1
Judge Leonard Edwards (ret),1
Judge Margaret S,1
"Judge Margaret S. Johnson, Santa Clara County Superior",1
"Judge Margaret S. Johnson, Santa Clara County Superior Court",1
Judge Mary Ann Grilli (Santa),1
"Judge Mautino, Presiding Judge of the Los Cerritos",1
"Judge Mautino, Presiding Judge of the Los Cerritos Municipal Court",1
"Judge Pamela Iles, Superior Court",1
"Judge Pamela Iles, Superior Court of California",1
"Judge Pamela L. Iles, Orange County Superior Court",1
Judge Peter E. Riddle,1
Judge Philip M. Saeta (Ret.),1
"Judge Philip Moscone, San Francisco",1
"Judge Phillip Saeta, Los Angeles County Courts",1
Judge Quentin L. Kopp (Ret.),1
"Judge Quentin L. Kopp, San Mateo County Superior Court",1
"Judge Ralph Nunez, Fresno County Superior Court and President of the Board of Directors of the Central",1
Judge Richard L. Freeborn,1
"Judge Richard L. Freeborn, Presiding Judge of the Coordinated Lake",1
"Judge Robert McDaniel, North Kern County Municipal Court",1
"Judge Roger Randall, Kern",1
Judge Rolleen K. Mcilwrath,1
"Judge Ronald V. Skyers, Municipal",1
"Judge Ronald V. Skyers, Municipal Court, Compton Judicial District",1
Judge Talmadge R. Jones,1
"Judge Talmadge R. Jones, (Ret.) Superior Court Judge of Sacramento County",1
Judge Terry B. Friedman,1
Judge Terry Friedman,1
"Judge Terry Friedman, L.A. Juvenile Dependency Court, Presiding Judge",1
"Judge Terry Friedman, Los Angeles Juvenile",1
"Judge Terry Friedman, Los Angeles Juvenile Dependency Court, Presiding Judge",1
Judge Terry O'Rourke,1
Judge Thomas Maddock,1
"Judge Thomas Townsend, Compton Judicial",1
Judge Tom Anderson,1
"Judge W. Scott Snowden, Napa Superior Court",1
Judith E. Preuss (individual),1
Judy Avery,1
Judy Booher,1
Judy Chu,1
"Judy Chu, State Board of Equalization, 4th District",1
"Judy Morris, Trinity County Supervisor, District 2",1
"Judy Pennycook, Monterey County Supervisor",1
Julia Brownley,1
"Julie Cohen, Mark Claster Mamolen Professor of Law and Technology",1
Julie a Testa - Pleasanton Council Member,1
"Julio Lopez, Medical Student",1
July Ackerman,1
June Dockins,1
"Juno Obedin-Maliver MD, MPH, MAS, Assistant Professor of Obstetrics, Gynecology, and Reproductive Health Sciences, UCSF",1
"Justice Fred Woods, California Court of Appeal, Second Appellate District",1
Justin Cummings - Santa Cruz City Councilmember,1
Kalimah Priforce - Emeryville City Councilmember,1
Kamala D. Harris,1
Karen,1
Karen Bass,1
"Karen Beardsley, GIS Coordinator, Information Center for the Environment, UCD",1
"Karen Belk, Paso Robes",1
Karen Boone,1
"Karen Butter, librarian",1
"Karen Cobb, Friant, CA",1
Karen Croner,1
Karen Goh,1
"Karen Golosman, Palo Alto",1
"Karen Humphrey, Past Mayor",1
"Karen Larsen, Commissioner on the Commission for Behavioral Health",1
"Karen Mitchoff, Member, Contra Costa County Board of Supervisors",1
Karen Roots,1
Karen Spiegel,1
Karen Wiley - San Francisco,1
Karina Dominguez - Milpitas City Councilmember,1
Karissa Castro,1
Karl Gage,1
Karl Luft,1
"Karthyn M. Otto, Esq",1
"Katcho Achadjian, Assemblyman (ret.)",1
"Kate Daniels, District 5, Monterey County Board of Supervisors",1
"Katherine E. Heck, MPH, Department of Human and Community Development, University of California, Davis",1
Katherine Henao,1
Kathi Hendricks,1
Kathleen,1
"Kathleen E. Kaiser, Past Board Member, Chico Unified School District",1
Kathleen Holt,1
Kathleen Smith,1
Kathleen Wigglesworth,1
"Kathrin Sears, Supervisor",1
Kathryn Hopkins,1
"Kathryn Ramirez, Salinas Union High School District Trustee",1
Kathryn Ristow,1
Kathryn Slater,1
Kathy Knapp,1
Kathy Zavada,1
"Katie Harrison, Berkeley City Councilmember",1
Katie Valenzuela,1
Katie Valenzuela - Sacramento City Councilmember,1
"Katy Tang, Member, San Francisco Board of Supervisors",1
"Katy Tang, San Francisco Board of Supervisors",1
"Katy Tang, Supervisor, District 4, City and County of San Francisco",1
Kaufman,1
"Kavita Tankha, Mayor",1
Kay Harrison,1
Kaye R. McGown Operator,1
Keanu Reeves,1
"Keith Carson, Alameda County Supervisor, 5th District",1
Keith Hansen Hansen,1
"Keith Paul Bishop, former Commissioner of Corporations",1
Keith Quirolo,1
"Keith Quirolo, M.D",1
Keith Umemoto,1
Keller,1
Kelley,1
Kellie Smith and Randy Chinn,1
Kelly Cullen Residents,1
Kelly Prose,1
Ken Bundy,1
"Ken Fortier, Chief of Police",1
Ken Hengst,1
"Ken Lacy, Belmont",1
"Ken Marsh, Los Angeles, CA",1
"Ken Nelson, Resident - CCRC",1
Kenn Ramage,1
Kenneth D. Henry Sr,1
"Kenneth Farfsing, City Manager",1
Kenneth Giberson,1
Kenneth Hersh,1
Kenneth Klee,1
"Kenneth Klee, Professor of Law, University of California, Los Angeles",1
"Kenneth Liu, Santa Monica, CA",1
Kenneth N. Cassidy,1
Kenneth W,1
"Kent E. Pinkeron, Ph.D. (Professor and Director, Center for Health and the Environment, University of California, Davis)",1
"Keralyn Blecher, RN",1
"Kern County District 5 Supervisor, Leticia Perez",1
"Kern County Supervisor Barbara Patrick, 3rd",1
Kern County Supervisor Chris Parlier,1
Kern County Supervisor David Couch,1
"Kern County Supervisor David Couch, 4th",1
Kern County Supervisor Michael Rubio,1
Kern County Supervisor Mike Maggard,1
Kern County Supervisor Pete Parra,1
Kern County Tilo Cortez,1
"Kevin Beiser, Board Member District B, San Diego Unified School District",1
"Kevin Beiser, VP San Diego Unified School District",1
"Kevin De Leon, Los Angeles City Councilmember District 14",1
"Kevin Jenkins, Mayor",1
Kevin M. Chun,1
"Kevin Manthei, Santa Monica, CA",1
"Kevin McCarty, Councilmember, District 6",1
"Kevin McCarty, Sacramento City Councilmember",1
"Kevin McKeown, Council Member, Santa Monica",1
Kevin Mcdonnell - Petaluma City Councilmember,1
"Kevin O'Neill, ""B.P.O.E. 1613",1
Kevin Phillips,1
Kevin Will,1
"Khatchik H. ""Katcho"" Achadjian",1
"Khatchik H. ""Katcho"" Achadjian, Member",1
"Khatchik H. ""Katcho"" Achadjian, San Luis Obispo County Board of Supervisors, District 4",1
Kim Johnson,1
Kim Lachance,1
"Kimberly C. Brouwer, PhD",1
Kimberly Hindley (individual),1
Kings County Supervisor Pedersen,1
Kings County Supervisor Valle,1
Kings County Supervisor Verboon,1
Kipland Howard,1
Kitty Moore - Cupertino City Councilmember,1
"Kiumarss Nasseri (Epidemiologist, (Bowen) Institute)",1
"Kiumarss Nasseri (Epidemiologist, Public Health)",1
"Knox Kelly, Medical Doctor",1
Koning,1
Kopp,1
"Kopp, Judge of the Superior Court of San Mateo",1
Korea,1
Koreatown,1
"Koreen Cea, Cadem (ad 52 ) Elected Delegate",1
Kristel Crews,1
Kristen Spada O'brien,1
Kristopher's step dad Erin and Dennis Foley,1
Kurt Almond,1
Kurt Perry,1
Kurt Ribak,1
L. Cuffie Joslin of the Wiyot Tribe,1
L.A. City Councilman Mark Ridley-Thomas,1
L.Ac. Chen,1
L.Ac. Lloyd G. Wright,1
"LA County Supervisor, Lindsey P. Horvath",1
LA Metro Board Member Council Member Fernando Dutra,1
LA Metro Board Member Mayor Ara Najarian,1
LA Metro Board Member Mayor James Butts,1
LA Metro Board Member Mayor Tim Sandoval,1
"LABOR, BUSINESS & INDIVIDUALS",1
LAUSD Board Member Dr. Ref Rodrigues,1
LAUSD Board Member Marguerite P. LaMotte,1
LAUSD School Board Member Nury Martinez,1
"LAX. As you may know, last October, Los Angeles Mayor Antonio",1
La Canada Flintridge Helen Ho,1
La Crescenta Ms. Brenda Hinton,1
La Mesa City Councilmember Luz Molina,1
La Palma Heather DeVore,1
La Puente City Councilmember Dan Holloway,1
La Selva Beach Joseph Woo,1
La Selva Jason Redd,1
LaDoris Cordell (Ret.),1
"Labudee, Dorothy",1
Laguna Hills Mr. Michael Williams,1
Laguna Woods Residents (50),1
Laiza Garcia,1
Lake County Supervisor Eddie Crandell,1
"Larry A. Saltzman, M.D. Family Physician, Sacramento",1
Larry Burns,1
Larry C. Forsberg,1
Larry Carlson,1
"Larry Corrigan, M.S.W",1
"Larry D. Haydu, Firefighter/Engineer",1
Larry Horn,1
Larry J. Shaw,1
"Larry J. Shaw, Chief of Police",1
Larry Lamb,1
"Larry M. Burns, Board Member, Riverside Chamber's",1
Larry McGourty,1
Larry Moore,1
Larry Parish,1
Larry Price,1
Larry Profitt,1
"Larry Profitt, Chief of Police",1
"Larry R. Seely, Burbank",1
Larry Spikes,1
Larry Stirling,1
Larry Tramutola,1
Latino Times/former Chair,1
"Laura Chick Council-member, Third District, Los",1
"Laura Chick Councilmember, Third District",1
"Laura Chick Councilmember, Third District, Los Angeles",1
Laura Fultz,1
Laura Klein,1
Laura Palmer Hammes,1
"Laura Schewel, an Individual",1
Lauren Rava,1
"Laurence & Marlene Harris, Saugus",1
"Laurence H. Tribe, Professor of Constitutional Law, Harvard Law School",1
"Laurence Peiperl, MD, Clinical Professor of Medicine at UCSF",1
Laurie Alexiev,1
Laurie Gage,1
Lawrence Fishburne,1
Lawrence L. Szabo,1
"Lawrence Nathan, Medical Doctor",1
Lawson Spicer,1
LeRoy Anderson,1
Lee Buffington (San Mateo Tax Collector),1
"Lee Dean, Chief of Police",1
Lee E. Mills,1
"Lee Furtado, FV SEASTAR",1
Lee Lockhart,1
"Lee Petillon, private attorney with Petillon & Hansen, Torrance",1
"Lee, Assemblymember Barbara",1
"Leich, Douglas A",1
Lemon Grove City Councilmember Mary England,1
Leo Sullivan,1
"Leon Burrus, Chief of Police",1
Leonard Carter,1
Leroy Brown,1
Les Beauchamp (San Clemente CA),1
Les H. Cohen,1
Les Hardie,1
"Leslie A. Irving, Vice President, Board of Trustees, Compton",1
Leslie Gollub,1
Leslie Kemp,1
"Leslie Klein, Medical Doctor",1
Leticia Aguilar,1
"Leticia Perez, Supervisor, 5th District",1
"Leticia Perez, Supervisor, Kern County",1
"Lewis Kawahara, Individual",1
"Lian Bloch, Santa Monica, CA",1
Lieutenant Governor Cruz M,1
Linda Allen,1
"Linda C. Cork, D.V.M., Ph.D",1
"Linda C. Cork, D.V.M., Ph.D. Chairman of the Department of Comparative Medicine at Stanford University School of Medicine",1
Linda Hansen,1
"Linda King, Venice, CA",1
Linda Matulich,1
"Linda Parker, Simi Valley, CA",1
"Linda Parks, Board of Supervisors County of Ventura",1
Linda Seeley,1
Linda Smith,1
Linda Wolcott,1
Linda and Lonnie Wells,1
Lisa Alcantara,1
Lisa Brenneis (Ojai),1
Lisa Cardella-Presto,1
Lisa Hartman,1
"Lisa Kaas Boyle, Esq",1
Lisa Kuhns,1
Lisa Leopard,1
"Lisa Mastramico, Santa Cruz, CA",1
Lisa Murdock,1
Lisa Norman,1
Lisa Profeta,1
"Liz Rubenstein, Los Angeles, CA",1
Liz Weber,1
Lloyd,1
Lloyd L. Hinkleman,1
Lloyd Morgan,1
Local 1507 Steve Warner,1
Local 1716 Randy Sekany,1
Local 433 Mayor Antonio R. Villaraigosa,1
"Lockyer, State Treasurer",1
Lois Arkley,1
Lola Fitzgerald,1
Lola Prusac,1
Long Beach Councilmember Douglas Drummond,1
Long-Term Residents of Isla Vista's Neighbors' Group (47),1
Loni Gray,1
"Loni Hancock, Mayor of the City of",1
Loree Bevins,1
"Loren Taylor, Oakland City Council Member, District 6",1
Lorenzo,1
"Lorenzo C. Jaramillo, Firefighter",1
Lorenzo Perez,1
Loretta Gilmore,1
Lori Droste - City of Berkeley Councilmember,1
Lori Droste City Council Member,1
Lori Gangemi,1
Lori Greeno of Wildland Firefighter Foundation,1
Lori Pitoniak,1
Lori Van Arsdale,1
Lori Y. Woods - Vice Mayor of Signal Hill,1
"Lorie Zapf, Councilmember",1
"Los Angeles Board of Education, David Tokofsky",1
Los Angeles City Council Member Bill Rosendahl,1
Los Angeles City Council Member Bob Rosendahl,1
Los Angeles City Council Member Mark,1
Los Angeles City Council Member Mark Ridley-Thomas,1
"Los Angeles City Council Member, Mitchell Englander",1
"Los Angeles City Council Member, Ret., Nick Pacheco",1
"Los Angeles City Council, District 1, Eunisses Hernandez",1
Los Angeles City Councilman Dennis Zine,1
Los Angeles City Councilman Greig Smith,1
"Los Angeles City Councilman Hal Bernson, Twelfth District",1
Los Angeles City Councilman Joe Buscaino,1
Los Angeles City Councilman Jose Huizar,1
Los Angeles City Councilman Tony Cardenas,1
"Los Angeles City Councilmember 4th District, Nithya Raman",1
Los Angeles City Councilmember Alarcon,1
Los Angeles City Councilmember Bernard C. Parks,1
"Los Angeles City Councilmember Bill Rosendahl, District 11",1
"Los Angeles City Councilmember Curren Price, Jr",1
Los Angeles City Councilmember David Ryu,1
Los Angeles City Councilmember Ed P. Reyes,1
"Los Angeles City Councilmember Jack Weiss, Fifth",1
"Los Angeles City Councilmember Jack Weiss, Fifth District",1
Los Angeles City Councilmember Michael Feuer (5th District),1
Los Angeles City Councilmember Mitch O'farrell,1
"Los Angeles City Councilmember Paul Koretz, Council District 5",1
Los Angeles City Councilmember Richard Alarcon,1
Los Angeles City Councilmember Tom LaBonge,1
"Los Angeles City Councilmember, Ret., Nick Pacheco",1
"Los Angeles City Councilperson Ed P. Reyes, District 1",1
Los Angeles City Councilwoman Wendy Greuel,1
"Los Angeles Community College District, Board Member, Mike Fong",1
Los Angeles Council Member Paul Krekorian,1
Los Angeles Councilmember Eric Garcetti,1
"Los Angeles Councilmember Greig Smith, 12th District",1
Los Angeles County Assessor Kenneth Hahn,1
Los Angeles County Board of Supervisor Yaroslavsky,1
"Los Angeles County Board of Supervisors, Mark Ridley-Thomas and Gloria",1
"Los Angeles County Board of Supervisors, Supervisor Kuehl",1
Los Angeles County Larry J. Todd,1
"Los Angeles County Superior Court Presiding Judge of the Juvenile Division, Richard Montes",1
Los Angeles County Supervisor Holly Mitchell,1
Los Angeles County Supervisor Janice Hahn,1
Los Angeles County Supervisor Shelia Kuehl,1
"Los Angeles County Supervisor, Lindsey Horvath",1
Los Angeles County Supervisors Molina and Antonovich,1
Los Angeles County Supervisors Yvonne B. Burke and Zev Yaroslavsky,1
Los Angeles Environment Commissioner Maria Armoudian,1
Los Angeles Mayor Richard,1
Los Angeles Municipal Court Commissioner Anthony C. Filosa,1
Los Angeles Superior Court Commissioner Robert B. Axel,1
Los Angeles Superior Court Judge Ronald S. Coen,1
Los Angeles Superior Court Judges: Sloan,1
"Los Angeles Superior Court, Juvenile Division, Hon. Terry",1
"Los Angeles Superior Court, Juvenile Division, Hon. Terry Friedman",1
Los Angeles Supervisor Sheila Kuehl,1
"Los Angeles Unified Board Member, Scott Schmerelson, District 3",1
"Los Angeles Unified School Board District 2, Office of Board Member Dr. Rocio Rivas",1
"Los Angeles Unified School District - Board Member Gonez, Bd 6",1
"Los Angeles Unified School District - Board Member Gonez, District 6",1
"Los Angeles Unified School District Board Member District 3, Scott M. Schmerelson",1
Los Angeles Unified School District Board Member Monica Garcia,1
Los Angeles Unified School District Board Member Nury Martinez,1
"Los Angeles Unified School District Board of Education Member, District 6",1
Los Angeles Unified School District Trustees Monica Garcia & Nury Martinez,1
Los Angeles Unified School District Trustees Monica Garcia and Nury,1
"Los Angeles Unified School District, Board Member, Bennett Kayser",1
Los Osos Supervisor Harry L. Ovitt,1
"Louann Volpe Matthias, Los Angeles",1
"Louie Lujan, Mayor",1
Louis Caldera,1
"Louis R. Reimer, Registered Geologist",1
"Louis Romo, VP of Business Development, Vycon",1
Louise Bayles,1
"Louise Bayles- Fightmaster, Commissioner, Sonoma County Superior Court",1
"Louise Bayles-Fightmaster, Commissioner, Sonoma County Superior Court",1
Louise S. Greeley,1
Louise Schneiders,1
"Louisiana Congressman Charles Boustany, Jr",1
Louisiana Congressman Charlie Melancon,1
Lousie and Jay Stanphill,1
Lovenburg,1
"Lovi McIntosh, Chevron Community Advisory Panel",1
"Lowell Hurt, Mayor Pro-Tempore",1
"Lt. Carl B. Webb, Jail Commander, Lake County",1
Lt. Gov. Cruz,1
"Lt. Kristina Wraa, Oakland Police Department",1
Lucas Frerichs - Yolo County Supervisor,1
Lucas Ramirez - City of Mountain View Council Member,1
"Lucas Ramirez, Councilmember - City of Mountain View",1
"Lucy Lofrumento, Esq., LMA Law, LLP",1
"Lucy Steffens, Sacramento",1
"Luis Alejo, District One, Monterey County Board of Supervisors",1
"Luis Chavez, District 5 Councilmember, Fresno City Council",1
"Luis R. Solórzano, Fire Fighter",1
Luis Rodriguez,1
Lydia Duenas,1
"Lynda T. Bui, Chapter 7 Trustee",1
Lynette Jung Lee,1
"Lynette McElhaney, Oakland City",1
Lynette Morrison,1
Lynette Shanahan,1
Lynn Barstad,1
"Lynn Compton, District Four Supervisor",1
"Lynn Feintech, Managing Director, Citigroup Global",1
"Lynn Feintech, Managing Director, Citigroup Global Investment",1
Lynn Robinson,1
Lynn Stroble,1
Lynne Harkins,1
Lynne Schmitz,1
"Lynne Yates-Carter, Esq",1
Lysle Snow,1
"M. Arner de France, an individual",1
M. Reed Hunter,1
"M. Ruth Niswander, A Concerned Citizen",1
MS Property,1
"MacKenzie Smith, University Librarian at UCD",1
Madera County Board of Supervisor Al Ginsburg,1
Madera County Supervisor Tom Wheeler,1
Madison Nguyen Councilmember,1
Madison Nguyen Vice Mayor of the City of San Jose,1
"Madison Nguyen, Councilmember, San Jose City Council",1
"Maitra Konell, Los Angeles",1
Major General (CA. Ret.) State Director for California,1
"Manager, Redding Office, EDD",1
Managing Attorney,1
Manhattan Beach Glenn A. Accornero,1
"Mani Grewal, Stanislaus County Board of Supervisors, District 4",1
Manuel Amaya,1
"Manuel Ontal, Councilman for the City of Carson",1
"Mara Madrigal-Weiss, Commissioner on the Commission for Behavioral Health",1
"Marc Del Piero, Esq",1
"Marc Futernick, Medical Doctor",1
Marc Ristow,1
Marcia Gould,1
"Marcia Rudloph, Councilmember",1
Marcia Salter,1
"Marcile Wright, Superintendent",1
"Marcos Contreras, Director Dist. 17, Stockton",1
Margaret Bauer,1
Margaret Carswell,1
Margaret Fleming,1
"Margaret Okuzumi, California Democratic Party Executive Board Member",1
Margery Miller,1
"Margie Chen, Medical Doctor",1
"Margie Fernandes, San Jose",1
"Marguerite Bello, S.E",1
"Maria ""Sucy"" Collazo - Vice Mayor of Newark",1
Maria Guillen,1
Maria Lorca,1
Maria Orozco,1
Maria Rodriguez,1
Marian Blum,1
Marian E. Washburn,1
"Marian Furlong, Vice President- Institutional Care Division, SHARP",1
"Marian Wolfe, Ph.D., Housing Advisory Commissioner",1
Marianne Brown,1
Marianne Elliston,1
Marie Arkenhead,1
Marie Bleich,1
"Marie Whittington, Chief Probation Officer",1
Marilyn Cantlay,1
Marilyn Grinsdale,1
"Marilyn Grinsdale, Citrus Community College Protocol and Government Relations Officer",1
"Marilyn Grinsdale, Protocol & Government Relations Officer for the Citrus Community College District",1
Marilyn Larsen,1
"Marilyn Russell, Los Angeles, CA",1
"Marilyn Sanabria, Mayor",1
Marilyn Wineman (individual),1
Marin County Supervisor Kathryn Sears,1
Marin County Supervisor Katie Rice,1
Marina Keezer,1
"Marina Martinez, Program Director, Mi Casita Parent Community",1
"Mario G. Obledo, Sacramento",1
"Marion Ashley, Riverside County Board of Supervisors, Fifth District",1
"Mariposa McCall, MD",1
Marisa Brown,1
Marjorie Hopkins (individual),1
Mark Coats,1
"Mark Dinan - Councilmember, East Palo Alto",1
Mark Graham,1
Mark Klaas,1
"Mark Peterson, Mayor",1
"Mark Ridley-Thomas, Los Angeles City Councilmember District 10",1
"Mark Salwasser, Individual",1
Mark Sapiro,1
Mark Tholke,1
Mark Wheetley,1
Mark William Stern,1
Mark Yin,1
"Mark Z. Jacobson, Professor of Civil & Environmental",1
Marlee Matlin,1
"Marni Von Wilpert, Councilmember, San Diego",1
Marsha Edwards,1
"Marshall ""Chip"" Holloway",1
"Marshall T. Morgan, M.D., Director",1
Marta Lindsey,1
"Martha Castro-Perez, Chief Administrative Officer, SHARP Chula",1
Martha McClure,1
Martha Oaklander,1
"Martha Rogers, Ph.D",1
Martin Gonzalez,1
Martin Nicholas,1
"Martin Tucker, Senior Assembly Member",1
"Marvin Braud, Los Angeles City Councilmember",1
"Marvin E. Crist, Vice Mayor",1
"Marvin Klotz, E.A",1
"Marvin Pederson, Attorney-at-Law",1
"Mary Ann Dodd, Los Angeles, CA",1
Mary Anne Pettyjohn,1
Mary Anne Rand,1
Mary Bellon,1
"Mary Beth Kitchens, BSN, PHN, RN",1
"Mary Cunningham, MD, Gold River",1
Mary Emerson,1
"Mary England, Councilmember",1
"Mary England, Former Councilmember",1
"Mary Kowatch, N.P., Petaluma Valley Hospital",1
Mary Kroener-Ekstrand,1
"Mary Lee, Civil Rights attorney",1
"Mary Lou Andrade, Treasurer-Tax Collector",1
Mary Mason,1
Mary McDermott,1
"Mary Minow, Commissioner, Cupertino Public Library",1
Mary Parish,1
"Mary Pat Toups, Esq",1
Mary Stuck,1
Mary Wilhelm,1
Marysville Police Department Capt. Richard J. Doscher,1
Matt Gray,1
Matt Hamm,1
Matt Kelly,1
"Matt Rexroad, Yolo County Supervisor, 3rd District",1
"Matteo Garbelotto, Director Forest Pathology Lab, UC Berkeley Extension",1
Matthew Villalva,1
Maureen Poston,1
Maurice Moore,1
Maxine Doogan,1
Maxine Leichter,1
"Maxine Leichter, Board Member, Three Valleys Municipal",1
"Maxine Waters, Member of the Congress of the United States",1
Maxwell and Virginia Doan,1
"Mayda Winter (former Councilmember of the City of Imperial Beach, 1996- 2008)",1
Mayor Abbe Land Counties of San Luis Obispo and San Mateo ISTI (Sarasota Springs),1
Mayor Abbe Land County of San Mateo Metropolitan Water District of California Town of Los Altos Hills University of California University of California,1
Mayor Albert Vera,1
Mayor Beagley,1
"Mayor Beagley, City of",1
"Mayor Gayle McLaughlin, City",1
Mayor Helen M. Allen,1
Mayor Janet Abelson,1
Mayor Jim Patterson of,1
Mayor Mary L. Manning,1
Mayor Pro Tem Fred Minagar,1
Mayor Pro Tem Jon Harrison,1
Mayor Pro Tem Michele Martinez,1
Mayor Pro Tempore Mathew Harper,1
Mayor Richard,1
Mayor Roberta MacGlashan,1
Mayor Ron Lander,1
Mayor Ross Jones,1
Mayor Steven A. Mindt,1
Mayor Willie Brown (150 letters from individuals),1
Mayor of Los Angeles Western Center On Law & Poverty,1
Mayor of Moreno,1
Mayor of San,1
Mayor pro Tem Brad Reese,1
Mayor pro Tem Doug McAllister,1
Mayor pro Tem Rosemary Ramirez,1
"McGowan, Jack B., Esq",1
"McGregor Scott, United States Attorney, Eastern District of California (former Shasta County District Attorney)",1
Megan Beaman-Jacinto - Coachella City Councilmember,1
"Megan Kaun, Vice Chair Santa Rosa Board of Public Utilities (FORMER)",1
Meghan Riley (who self-identifies as an affordable housing consultant),1
Mel E. McDougal,1
Melinda Guzman,1
"Melody S. Thornton, CPA",1
Melvin Reyes,1
"Member Bill Leonard, Board of Equalization",1
Member Board of Supervisor,1
"Member Carole Migden, Board of Equalization",1
"Member Claude Parrish, Board of Equalization",1
"Member John Chiang, Board of Equalization",1
Member Moses Zapien,1
Member State Board of Equalization State Board of Equalization James E. Williams,1
"Member of Congress, Adam B. Schiff",1
"Member of Congress, Alan Lowenthal",1
"Member of Congress, Jared Huffman",1
"Member of Congress, Mike Levin",1
"Member of Congress, Ted W. Lieu",1
Member of the City of Los Angeles Board of Education,1
Member of the U.S. House of Representatives Kathy I. Long,1
Member of the United States Congress,1
Members of Gold Coast Child Care Association,1
Members of the California Senior Legislature,1
Members of the Center for Energy Efficiency,1
Mendocino County Illa Collin,1
Mendocino County Superior Court Judge Nelson,1
Merced City Council Member Noah Lor,1
Merced City Councilmember Noah Lor,1
Mercedez Posadas,1
"Mesa Councilmember, Wendy Leece",1
"Mia J. Tegner, Ph.D., Research Marine Biologist, UC San",1
"Mia Kanak, Pediatric Emergency Physician",1
"Michael A. Car, Ph.D",1
"Michael A. Manley, Esq., Marilyn D. Fravel, V. President",1
Michael A. Raine,1
"Michael Antonovich, Los Angeles County",1
"Michael Antonovich, Supervisor, Los Angeles",1
"Michael B. Day, et al",1
"Michael B. Eisen, PhD, Associate Professor at UCB",1
Michael Bova,1
Michael Bullock,1
"Michael Calzada, Associate Planner So. Bay Cities Council of Governments",1
"Michael D. Antonovich, Supervisor, Los Angeles County Board of Supervisors",1
"Michael D. Maurier, Ph.D",1
Michael Davis,1
Michael Etchebarne,1
"Michael Feur, Los Angeles City Councilman",1
"Michael Harman, Dipl.Ac., Pacific College of Oriental Medicine, San Diego",1
"Michael Harris, Medical Doctor",1
"Michael Hestrin, District Attorney",1
Michael Kelleher,1
Michael Kusiak,1
"Michael L. Threlkeld, Fire Chief",1
"Michael L. Warren, Fire Chief",1
Michael Levine,1
"Michael Marsh, CPA",1
Michael McDermott (Men's Civil Rights),1
Michael Mccorriston - Vice Mayor of Dublin,1
"Michael Meade MD, Medical Director, Santa Clara Valley Medical",1
Michael Miller,1
Michael Miller (attorney -- Sea Ranch case),1
"Michael N. Conneran, Esq., San Francisco",1
Michael R. Capizzi,1
"Michael R. Efford, Chief of Police",1
Michael Ramos,1
Michael Schumacher,1
"Michael W. Rabow, M.D., Assistant Clinical Professor, UCSF",1
"Michael W. Rabow, M.D., Associate Professor at UCSF School",1
Michael Wara,1
"Michael Woo, Los Angeles City Council",1
"Michela Alioto-Pier, Member of the Board of Supervisors, City and County of San Francisco",1
Michele Diaz,1
Michelle Dille,1
Michelle Gardner,1
Michelle Steel (Member of the State Board of Equalization),1
"Michelle Steel, 3rd District, State Board of Equalization",1
"Michelle Steel, Board of Equalization",1
"Michelle Steel, Member Board of Equalization",1
"Michelle Steel, Member of the Board of Equalization",1
"Michelle Steel, Member, State Board of Equalization",1
"Michelle Steel, Vice Chair of the State Board of Equalization",1
"Michelle Steel, Vice-Chair, Third District, State Board of Equalization",1
Michelle Steele,1
"Michelle Steele, Board of Equalization",1
Mick Ohanesian,1
Miguel A. Pulido,1
Miguel Arias - Fresno City Councilmember,1
"Miguel Villapudua, District 1 San Joaquin County Supervisor",1
"Mike A. Gipson, Councilmember",1
"Mike Antonovich, Los Angeles County Supervisor",1
"Mike Carroll, Councilmember",1
Mike Curley,1
"Mike Dierks, Director, Strategic Investments, Intel Capital",1
"Mike Eng, Retired Assemblyman",1
"Mike Fong, Board Member, Los Angeles Community College District",1
"Mike Healy, Petaluma City Council",1
Mike Jackson,1
Mike Johnson - City of Ventura Councilmember,1
"Mike Karbassi, District 2 Councilmember, Fresno City Council",1
"Mike Kerns, Sonoma County Board of Supervisors",1
"Mike Maggard, Supervisor 3rd District, Kern County",1
"Mike McCluskey, Director of Public Works",1
Mike McCutcheon,1
"Mike Niemeyer, Manager, Victim Offender Reconciliation Program, St",1
Mike Skogh,1
"Mike Skogh, Chief of Police",1
"Mike Thompson, Member of Congress, 1st Congressional: District",1
"Mildred Daley Pagelow, Ph.D. Family Specialist",1
Mildred Nutter,1
Mindy Proffitt,1
Miranda Joseph,1
"Miss Dawne Shulte, San Francisco, CA",1
"Mitch O'Farell, Los Angeles City Councilmember",1
"Mitch Rosen, Los Angeles, CA",1
"Mitchell Englander, Councilmember, Los Angeles City Council",1
Mitchell Keiter,1
Mlk Residents,1
Modesto Councilmember Tony Madrigal,1
Modesto Vice Mayor and City Councilmember Tony Madrigal,1
Monica Burcelis,1
Monica Burcelis (Individual),1
Monica Garcia,1
"Monica Garcia, Board Member, District 2, Los Angeles Unified School",1
"Monica Garcia, member of the Los Angeles Unified School District Board",1
Monica Montgomery Steppe - San Diego City Councilmember,1
Monica Zuniga,1
"Mono County Supervisor, District 2, Fred Stump",1
"Monterey County Board of Supervisors, District 5 Supervisor, Dave Potter",1
"Monterey County Board of Supervisors, Edith Johnsen and Dave",1
Monterey County Supervisor Fernando Armenta,1
Monterey County Supervisors Edith Johnsen,1
Monterey County Supervisors Edith Johnsen and Dave Potter,1
Monterey County Supervisors Edith Johnsen and Sam Karas,1
Monterey County Supervisors Edith Johnson and Dave Potter,1
Monterey County Supervisors Sam Karas and Edith Johnsen,1
"Morgan Theis, Medical Doctor",1
"Morris B. Vance, Mayor",1
Mosswood Residents,1
Mountain View Whisman School District Trustee Charles Difazio,1
Mr. & Mrs Mastrangelo,1
Mr. Bob Haley,1
Mr. Bruce Gray,1
Mr. Bryan Boylan,1
"Mr. Charles L. Smith, of Berkeley, CA",1
"Mr. Dan Oase, Orange Coast College Student",1
Mr. David M. Howard,1
Mr. Donald Bentley,1
Mr. Earl Grad,1
"Mr. Eric Goines, of Sacramento",1
Mr. Gregory Wonderwheel,1
Mr. Hap Dunning,1
"Mr. Harold Newel of Long Beach, California",1
"Mr. Harvey Rosenfield, Voter Revolt",1
Mr. J's,1
Mr. Jake Goldenflame,1
"Mr. James E. Grenier, Employee of Intuit",1
"Mr. Jim Greaves, Santa Barbara",1
"Mr. Joe Lubin, Engineer",1
Mr. John Anderson,1
Mr. Kenneth Noble,1
"Mr. Louis M. Meunier, Executive Vice President",1
"Mr. Michael Williams, Citizen, Mount Shasta",1
"Mr. Nasser Khan, Irvine, CA",1
Mr. Paul Bunje,1
"Mr. Peter Halmay, Lakeside",1
"Mr. Peter N. Austin, West Hollywood, CA",1
"Mr. Philip G. Mullen, Citizen, La Crescenta",1
"Mr. R. J. Giovanoni, Huntington Beach",1
"Mr. Randy Paige, Consumer Reporter, KABC-TV, Los",1
"Mr. Raymond G. Sanchez, Speaker of the House, New Mexico House",1
"Mr. Raymond G. Sanchez, Speaker of the House, New Mexico House of Representatives",1
Mr. Richard L. Walke (parent),1
"Mr. Robert Brooks, Firefighter, Local 1775",1
"Mr. Ron Clarida, CPA",1
Mr. Russell J. Walke,1
Mr. Samuel Dolnick,1
Mr. Steve L. Shepherd,1
"Mr. Timothy J. Kolesnikow, Attorney at Law",1
"Mr. Van Do, Garden Grove, CA",1
"Mr. W. Burke, Glendale",1
"Mr. Wayne Simon, Chief Deputy Commissioner of Corporations (1987-91)",1
Mr. William E. Ott,1
Mr. and Mrs. A.R. Salbi,1
Mr. and Mrs. Bob Lombardo (North Hills),1
"Mr. and Mrs. E. Dell'Aquila, Morgan Hill",1
"Mr. and Mrs. Ed and Lavonda Heredia, Westminster, CA",1
"Mr. and Mrs. Joe Bordwell, Tehachapi",1
"Mr. and Mrs. L.M. Wilkinson of Long Beach, California",1
Mr. and Mrs. Tom Lagerquist,1
Mrs. Constance E. Kuruppu,1
"Mrs. Heather Jackson, Teacher, Vintage High School",1
"Mrs. Helene DicKard, San Francisco, CA",1
"Mrs. Norma Nelson, Colma, CA",1
"Ms. Alice J. Moe, Salinas, CA",1
Ms. Alicia Davis,1
"Ms. Brenda Hinton, Citizen, Ukiah",1
Ms. Catherine M. Walke (parent),1
"Ms. Deborah Aber (Gardena, CA)",1
Ms. Denise Rubin,1
Ms. Ilene Pritikin,1
Ms. Jean Knutson,1
"Ms. Linda Steffer, Teacher, Nuview Elementary School",1
"Ms. May Chen, Irvine, CA",1
Ms. O'Brien Young,1
"Ms. Pamela Luna, Teacher and Education Administrator",1
Ms. Patricia Gomez (individual),1
Ms. Shirley Burnell,1
"Ms. Susan W. O""donnell, Parent, Berkeley Unified School District",1
Ms. Tiffany Romain,1
"Ms. Valerie O. Lane of Huntington Beach, California",1
Mt. Pleasant School District John R. Porter,1
Muriel Newberry,1
"Myra Finkelstein, PhD UC Santa Cruz",1
"Myra Finkelstein, PhD UCSC",1
"Myrna De Vera, Vice-Mayor",1
N. Mitchell Feinstein,1
"N. Scott Grant, Esq",1
NCCUSL Commissioners Diane Boyer-Vine,1
"Nachman Braubar, clinical Professor of Medicine, USE School of Medicine and Diplomat",1
"Nancy Donkin Young, Ph.D",1
Nancy E. Weber,1
Nancy Evans,1
"Nancy Gall, part-time faculty member, Riverside Community College and Mt. San Jacinto College",1
"Nancy J. Nadel, Oakland City Council District 3",1
"Nancy Jacobson, Alternate Delegate, Democratic National",1
"Nancy Stassinopoulos, Attorney",1
"Napa County Supervisor Diane Dillon, District 3",1
Natalie Timm,1
Natalie Tinoco,1
Natasha Yankoffski,1
"Nate Miley, Alameda County Supervisor, District 4",1
"Nate Miley, Supervisor, Alameda County",1
"Nate Miley, Supervisor, District 4",1
"Nathan Fletcher, Supervisor, 4th District County of San Diego",1
Nathan Valdez,1
National City Councilmember Jose Rodriguez,1
National City Councilmembers Mona Rios and Alejandra Sotelo-Solis,1
National City Honorable Louis Scanlon,1
"National High School Journalism Teacher of the Year, Paul Kandell",1
"Ned L. Nix, D.D.S",1
"Neil Kramer, constituent",1
Neraki N. Peramoy,1
Nevada Governor Kenny Guinn,1
Newt Gingrich,1
Nic Arnzen - Altadena Town Councilmember,1
Nicholas Scott,1
Nick Benson Sr,1
Nick D'Antonio,1
Nick Schultz - Burbank Vice Mayor,1
Nick and Amanda Wilcox (parents of Laura for whom Laura's Law was named),1
"Nicky Gonzales Yuen, Trustee, Peralta Community College Board",1
Nicola Duesberg,1
"Nicolas Hippisley-Coxe, Venice, CA",1
"Nicolas Sueverkruepp, Captain",1
Nikki Pérez - Burbank City Councilmember,1
"Nikola Jurisic, Los Angeles, CA",1
Niles Rasmussen,1
Nils Nehrenheim - Redondo Beach City Councilmember,1
"Nina Menkes, Venice, CA",1
"Nina Taylor, Library Director",1
Nine witnesses,1
"Nithya Raman, 4th District, Los Angeles City Council",1
"Nithya Raman, Los Angeles City Councilmember District 4",1
"Nithya Raman, Member, LA City Council",1
"Nneoma Ojiaku, Medical Doctor",1
"Noe Paramo, Legislative Advocate, 209-499-8637, nparamo@crlaf.org is the contact person",1
Noel Burcelis,1
Noel Burcelis (Individual),1
"Norm Boyer, Chief Legislative Representative",1
Norm Helmuth,1
"Norm Venturino, Chief of Police",1
"Norma J. Torres, U.S. Representative, CA-35",1
"Norman C. Davis, Esq",1
Norman E. Matteoni,1
Norman Goldlaw,1
"Norman Goldman, Esq., Plaintiff's Counsel in Krumme",1
"Norman Schwarzkoph, U.S. Senator Dianne Feinstein",1
Norman Tabachnick,1
Numerous California patients with CAH and their family members,1
Numerous Independent Small,1
Numerous Individuals (Identified as Inspectors of Record),1
Numerous Physiological County Associations,1
Numerous Redevelopment Agencies,1
Numerous individuals including restaurant owners,1
Numerous individuals: Support,1
"Numerous members of AFSCME, Local",1
"Nury Martinez, Los Angeles City Council",1
"Nury Martinez, Los Angeles City Councilwoman",1
"Nury Martinez, Los Angeles School Board Member, District 6",1
"Nury Martinez, Member, Board of Education - City of Los Angeles, District 6",1
O'Malley,1
"O'Malley M. Miller, Esq",1
O. Livingston,1
Oak Days Residents,1
Oakland Board of Education Jean Quan,1
Oakland City Council District 3,1
Oakland City Council Member Noel Gallo,1
Oakland City Councilmember Carroll Fife,1
Oakland City Councilmember Charlene Wang,1
Oakland Jerry Fellengim,1
"Obama, Retired",1
Oceanside City Councilmember Jerry Kern,1
"Octavio Scheffino, Sr. (individual)",1
Office of Angelina Jolie,1
"Office of C.R. Barclay, Trustee",1
Office of Congressman Lou Correa,1
Office of Congressman Lou Correa (CA-46),1
Office of Councilman Mario Trujillo,1
Office of Councilmember Al Austin,1
Office of Councilmember Gabby Plascencia of Riverside,1
Office of Jess Swick,1
Office of Los Angeles City Councilmember Bob Blumenfield,1
Office of Los Angeles County Supervisor Hilda L. Solis,1
"Office of Los Angeles Unified School District Board, Nick Melvoin",1
Office of Mary-Alice Coleman,1
Office of Mayor Antonio R,1
Office of Mitri Hanania,1
Office of San Diego County Supervisor Joel Anderson,1
Office of United States Senator Dianne Feinstein,1
Office of Vice Mayor Cindy Allen of Long Beach,1
"Office of Vice Mayor Kate Harrison, Berkeley City Council District 4",1
"Officer Erin Taylor, Sacramento Police",1
"Officer Lori LaGrassa, Sacramento Police",1
Officer Warren Slocum,1
"Omar Murillo, Individual",1
One Individual CLS,1
One Individual Veteran,1
One Individual. AB 475 - Baca,1
One Private Person,1
"One individual, Rolling Hills Estate",1
Orange County Board of Supervisors - Supervisor Vincente Sarmiento,1
Orange County Municipal Court Presiding Judge Wendy S,1
Orange County Municipal Court Presiding Judge Wendy S. Lindley,1
Orange County Second District Supervisor Vicente Sarmiento,1
"Orange County Supervisor Charles V. Smith, 1st District",1
Orange County Supervisor Don Wagner,1
Orange County Supervisor James Silva,1
Orange County Supervisor Katrina Foley,1
Orange County Supervisor Pat Bates,1
Orange County Supervisor Vicente Sarmiento,1
Oregon State Representative Ken Helm,1
Oregon State Senator Michael Dembrow,1
"Orinda Union School District, Member, Sarah Butler",1
Over 30 individuals who wrote the Committee in opposition,1
Page Lieutenant Governor Bustamante,1
Palo Alto Councilmember George Lu,1
Palo Alto Councilmember Julie Lythcott-haines,1
Pam Brown Schachter - Rolling Hills Estates City Councilmember,1
Pam Fulmer,1
"Pam Slater, Member of the San Diego Board of Supervisors",1
"Pam Slater, San Diego Board of Supervisors",1
"Pam Slater, San Diego County Supervisor",1
"Pam Slater, San Diego Supervisor",1
"Pam Slater-Price, 3rd District San Diego County Board of Supervisors",1
"Pam Slater-Price, Supervisor San Diego County Board of Third District",1
Pamela,1
Pamela A. Ogletree,1
"Pamela Bensoussan, Deputy Mayor",1
"Pamela Hudson, M.S.S.W., A.C.S.W",1
Pamela Kay Boggs,1
"Pamela L. Iles, Assistant Presiding Judge, South Orange County",1
Pamela Metzow (North Coast),1
Pamela Pickup,1
Pamela Pierce,1
Pamela Ryan,1
Pamela Samuelson (uc Berkeley School of Law),1
"Pamela Samuelson, Professor of Law- University of California, Berkeley",1
Pamela Shaffer,1
Pamela Stettner and Richard Curtis,1
Papan,1
Park City Councilman Andy Molina,1
"Pat Cantrall, Modoc County Supervisor",1
"Pat Ferraro, Director, Santa Clara",1
Pat Mattingly,1
Pat Moomey,1
"Pat Ziegler, RN, MPA, CPHQ, FNHQ, Sherman Oaks Hospital",1
"Pat Ziegler, RN,MPA,CPHQ,FNHQ, Sherman",1
"Patrica McShane, Graphic Artist of Berkeley",1
Patricia,1
Patricia A. Trombly,1
"Patricia A. Wallach, Mayor",1
"Patricia Almazan Upland, Ca",1
"Patricia Bates, Orange County Supervisor",1
Patricia Berlin,1
Patricia Blackmon,1
"Patricia C. Bates, Orange County Board of Supervisors, Supervisor, Fifth",1
Patricia Cosgrove,1
"Patricia Cragar, Director of Social Welfare and Public Guardian",1
Patricia J. Rynn,1
Patricia Jones,1
"Patricia Kernighan, Oakland City Council Member",1
Patricia Kite,1
Patricia M. Flahavan (individual),1
Patricia Mann,1
"Patricia Mathieu, Los Angeles, CA",1
"Patricia McDaniel, PhD, Assistant Professor at UCSF",1
"Patricia Plaster, Lesbian and Gay Men's Community Center",1
Patricia Quick,1
Patricia Riordan,1
"Patricia Trauth, Principal, RICK Engineering",1
"Patricia Williams, Los Altos",1
"Patrick & Geraldine Davis, FV Susan T",1
Patrick A. Smith,1
"Patrick A. Smith, Chief of Police",1
"Patrick Boyd, Chief",1
"Patrick Boyd, Chief Probation Officer, Retired, San Francisco County",1
"Patrick Cahalan, Board Trustee, Pasadena Unified School District",1
Patrick Cunningham,1
"Patrick D. Kennedy, Sacramento County Supervisor, District 2",1
"Patrick J. Kennedy, Member of Congress, Retired",1
Patrick Knisely of West Hollywood,1
"Patrick L. McMahon (and other 9 Superior Court Judges, Santa Barbara County)",1
Patrick M. Keating,1
Patrick McCormick,1
"Patrick O'Heffernan, Marin County Resident",1
Patsy Sapra,1
"Patty McWilliams, MS, RN, MFCC",1
Paul Angulo,1
Paul Bannai,1
"Paul Canepa, District 3 Councilmember, Stockton City Council",1
Paul Cuellar,1
Paul Davis,1
Paul H. Frankel,1
Paul Henry Abram (Hanford),1
Paul Hohman,1
"Paul Jacobs, Saratoga",1
"Paul Junger Witt, Partner, Witt Thomas Productions",1
"Paul Kelly, Ph.D, San Diego County Department of Health",1
Paul Knapp,1
"Paul Koretz Council Member, 5th District",1
"Paul Koretz, Council Member",1
"Paul Koretz, Los Angeles City Council Member, District 5",1
"Paul Kortez, Los Angeles City Council",1
"Paul Kress, Individual from El Cajon",1
"Paul Long, Board Member, Western Placer Unified School",1
"Paul Long, Board Member, Western Placer Unified School District",1
Paul M. Irene,1
"Paul M.E. Bunje, Ph.D, Center for Climate Change",1
"Paul Marcillac, Landscape Architect",1
"Paul McIntosh, Chief Administrative Officer",1
"Paul Mills (Epidemiologist, Cancer Registry of Central California/Public Health Institute)",1
"Paul Miloknay, Rohner, Walerstein & Miloknay",1
Paul Satkowski,1
"Paul Summers, Battalion Chief/Chief Investigator, Fountain Valley",1
"Paul Thiebaut, III (an individual)",1
Paul Tweed (UK-based media lawyer),1
"Paul W. Comiskey, Esquire",1
Paul White,1
"Paul, Council of L.A",1
"Paul, Council of Los Angeles",1
"Paula Daniel, Atnip Co., Inc",1
"Paula J. Ortega, RJ Bradbury Company",1
Paula Ortega,1
"Pauline Kim, Daniel Noyes Kirby Professor of Law, Washington University School of Law",1
Pauline Kirby,1
"Pedro Aceituno, Council Member, Bell Gardens City Council",1
Pedro Carrillo,1
Pellerin,1
Perry Benson,1
"Pete Chacon, Placerville",1
Pete Evans,1
Pete Johnston,1
"Pete Wilson, Vice President of the United black Men of Fresno",1
Peter,1
"Peter Addy, Institute of Transpersonal Psychology",1
Peter Byrne,1
"Peter Carlson, Miyamoto International",1
"Peter Davis, Appellate Department, Reed Smith Crosby Heafy",1
"Peter Dreier, Director, Urban & Environmental Policy Program, Occidental College",1
"Peter E. Racobs, General Counsel, Canyon Lake Property Owners Association",1
"Peter F. Eastman, Attorney",1
"Peter Foy, Ventura County Supervisor",1
"Peter Keane, Dean, School of Law, Golden Gate University",1
"Peter Lomhoff, Attorney at Law",1
"Peter M. Fukumae, CPA",1
Peter Margen,1
Peter R. Sobel,1
Peter Rosen,1
"Peter Tufano, Professor, Harvard Business School",1
"Peter Zschiesche, VP San Diego Community College Board",1
"Phil O'Lane, Member, San Ramon City Council",1
Phil Ozenick,1
Phil Serna,1
"Phil Ting, Assessor-Recorder, City & County of San Francisco",1
"Phil and Heather Rheingans, Winchester",1
"Philip B. Stark, UC Berkeley Associate Dean of Mathematical and Physical",1
"Philip Kaplan, Northridge",1
"Philip McIlnay, Ph.D",1
"Philip Overbaugh, Architect",1
"Philip Yu, Ms, Se",1
"Phillip Bautista, Council Member",1
"Phillip Dreisbach, M.D",1
Phillip H. Schott,1
Phillip Jelsma,1
Phillip L. Isenberg,1
Phillip P. Pflager (individual),1
Phillip V. Coleman,1
Pipe Fitting Industry of the United States and Canada (2) Individuals,1
Pismo Beach James R. Nunes,1
Pittsburg Police Department Daniel Givens,1
Pleasanton Council Member Julie a Testa,1
Plumas County Supervisor Bill Powers,1
Pomerance,1
Pomona City Council Member Debra Martin,1
Poteshman,1
"Powell, Bonnie",1
President Nancy Jacobson,1
President/Chief Executive Officer,1
"Presiding Judge Charles W. McCoy, Jr., Los Angeles County Superior Court",1
Pritpal Bhandal,1
Private Citizen (2),1
Private Citizen Howard Whitfield,1
"Private Citizen, Claremont",1
Private Citizens (10),1
Private Citizens (7),1
"Prof. Edward Imwinkelried, UC Davis Law School",1
"Prof. Erwin Chemerinsky, USC School of Law",1
Prof. Frank Beall of the University,1
Prof. George W. Pring,1
"Prof. Janet Weinstein, California Western School of Law",1
"Prof. Thomas Hahn, Hughes Professor of Manufacturing",1
"Prof. Thomas Hahn, Hughes Professor of Manufacturing, UCLA School of Engineering & Applied Science",1
"Prof. W. Patton, Whittier Law",1
"Prof. W. Patton, Whittier Law School",1
Prof. William Sullivan of Humboldt,1
"Professional Firefighters Local 456, one individual",1
Professor Alan Brownstein,1
"Professor Alan Heeger, UCSB",1
Professor Alpert at the University of South Carolina,1
Professor Barnett,1
Professor Catherine Fisk,1
"Professor Edward Imwinkelried, Professor of Evidence and Author, UCD School of Law",1
"Professor Edward L. Barrett, Jr., Professor of Law, UC Davis",1
Professor Emeritus,1
"Professor Emeritus, SDSU Graduate Program in City Planning",1
"Professor Erwin Chemerinsky, Duke University School of Law",1
"Professor Erwin Chemerinsky, USC Law School",1
"Professor Erwin Chemerinsky, University of California, Berkeley, School of Law",1
"Professor F. Jay Dougherty, Loyola Law School",1
"Professor Gary Williams, Loyola Law School",1
Professor George Pring,1
"Professor Gerald Uelman, Santa Clara University School of Law",1
"Professor John Merryman, Stanford Law School",1
"Professor Joseph Morrow, Department of Psychology, California State: University, Sacramento",1
Professor Judith Daar (Whittier Law School),1
"Professor Karl M. Manheim, Loyola Law School",1
Professor Law,1
"Professor Lillian Hyatt, M.S.W",1
"Professor Marci Hamilton, Cardozo School of Law, Washington",1
"Professor Marlene Zepeda, Department of Child and Family",1
Professor Matthew Bodie,1
"Professor Michael Peter Madow, Brooklyn Law School",1
"Professor Michelle Oberman, Santa Clara University, School of Law",1
"Professor Natalie Mladenov, Department of Civil, Construction and Environmental Engineering, San Diego State University",1
"Professor Pamela Samuelson, Boalt Hall School of Law",1
"Professor Paula Tavrow, Fielding School of Public Health, UCLA",1
Professor Pauline T. Kim,1
Professor Philip B. Stark,1
Professor Richard,1
"Professor Sharon Sandeen, Hamline University School of Law",1
"Professor Shuji Nakamura, UCSB",1
"Professor Stephen Barnett, Boalt Hall School of Law",1
"Professor Stephen Barnett, Boalt Hall School of Law, University of California",1
"Professor Stephen R. Barnett, Boalt Hall School of Law",1
"Professor Thomas Murray, Former Chair, Task Force on Genetic Information and Insurance",1
"Professor William Wesley Patton, Whittier",1
Professor at UCSF Jeffrey O. Bush,1
"Professor of Economics, Director, Center for Health and Social Policy, University of Texas at Austin",1
"Professor of Medicine, (UCSF)",1
"Professor, Sergio Aguilar-Gaxiola, M.D., Ph.D. (UCD)",1
"Professor, USC Keck",1
"Public Library Board of Trustees, Gary Knight, President",1
"R. Patrick Kasperzak, Former Mayor",1
"R.W. Gittings, City Manager",1
"Rabbi Harvey J. Fields, Ph.D",1
"Rabbi Jay Miller, Peninsula Clergy Network",1
Rabbi John Rosove,1
Rabbi Neil Comess-daniels,1
Rabbi Zev-Hayyim Feyer,1
"Rachael Ortiz, Executive Director",1
Rachel Bradley,1
"Rachel Huff, parent",1
"Rageshree Ramachandran, MD, PhD, Assistant Professor at UCSF",1
"Rajiv Bhatia, MD, MPH (Director, Occupational & Environmental Health, San Francisco Department of Public Health, Assistant Clinical Professor of Medicine, UCSF)",1
"Rajiv Bhatia, MD, MPH (Director, Occupational & Environmental Health, San)",1
Ralph Cavanagh,1
Ralph Inzunza,1
"Ralph Inzunza, Councilmember",1
"Ramona M. Carlos, MS, Department of Human and Community Development, University of California, Davis",1
Randall Neustaedter,1
Randy Bogs,1
"Randy Martin, OMD, Ph.D., L.Ac., Doctor of Oriental Medicine, Santa Monica",1
Randy Nahas,1
Randy Page,1
Randy Stinchfield,1
Ransdell,1
"Rashi Kesarwani - Councilmember, Berkeley",1
Rashi Kesarwani City Council Member,1
"Rashi Kesarwani, Councilmember - City of Berkeley",1
Rawn Wanamaker,1
Ray McKeon,1
"Ray Mueller, Mayor",1
Rebecca Bundy,1
Rebecca Callen,1
"Rebecca J. Garcia, Councilmember",1
Rebecca Stanek-Rykoff,1
Redwood City Council Member Giselle Hale,1
Redwood City Vice Mayor Giselle Hale,1
"Ref Rodriguez, LAUSD Board Member, District 5",1
"Ref Rodriquez, LAUSD Board Member, District 5",1
"Renee Copes, Los Angeles, CA",1
Renee Kiff,1
"Representative David Monson, State of North Dakota",1
Representative Jane Harman,1
Representative Matthew Martinez,1
Representative Nanette Diaz Barragan 44th Congressional District,1
Retired Judge Julie Conger (Alameda County),1
Retired Judge LaDoris Cordell,1
"Retired Judge Leon Emerson, Member of the Commission on Alcoholism County of Los Angeles",1
Retired Judge Roderick Duncan,1
Retired Judge and Former State Senator Lawrence Stirling,1
"Rev. James Conn, Urban Strategy, United Methodist Church",1
Rev. John Anderson,1
"Reverend Harold Johnson, Good",1
"Reverend Robert W., Auxiliary Bishop of San Francisco",1
Rex Cozzali,1
Rex Thornhill,1
"Rhea Damon Second Grade Class, Tarzana",1
"Ric Loya, Mayor Pro Tem",1
Ricardo Pacheco,1
"Richard A. Breza, Chief of Police",1
"Richard A. Bull, Director of Public Safety",1
"Richard Alarcón, Los Angeles City Council Member, District 7",1
Richard Constantine,1
"Richard D. Dean, County Clerk and Recorder",1
"Richard Deslauriers, M.D",1
"Richard Deslauriers, M.D. - Director Palo Alto Medical Foundation Urgent Care",1
"Richard Deslauriers, M.D., Director Palo Alto Medical Foundation Urgent",1
Richard Eberle,1
"Richard F. Thomas, Chief of Police",1
Richard Hall,1
Richard Hawley,1
Richard Hedges,1
Richard Heim,1
Richard Jacobsen,1
Richard Krupp,1
"Richard Lamb, Member, Advisory Council, Area 12 Agency on Aging",1
Richard McCracken,1
Richard Philips,1
Richard Raushenbush,1
"Richard Rubenstein, Los Angeles, CA",1
"Richard Schneider, PhD, Associate Professor at UCSF",1
Richard Shontz,1
Richard Sill,1
"Richard Sill, Chief of AB 1397 (Poochigian) Police",1
"Richard Sill, Chief of Police",1
"Richard Surbech, Upland",1
Richard T. Pettit,1
Rick Farinelli,1
Rick Fuller,1
"Rick Hauptman, Computer and Internet Caucus, California",1
Rick Kaplowitz,1
"Ring, Consulting Chemical Engineer, Zone 7",1
"Rita Walters, Los Angeles City Council",1
"Rita Walters, Los Angeles City Council Member",1
Riverside County Board of Supervisor John,1
Riverside County Office of Individual letter (1),1
Riverside County Supervisor John Tavaglione,1
Riverside County Supervisor Perez,1
Riverside County Supervisor Yxstian Gutierrez,1
"Robert & Karen Blair, Long Beach",1
Robert (Bob) Miraglio,1
"Robert A. Ferber, Director of Animal Abuse Prosecutions, Los",1
"Robert A. Pool, Esq",1
"Robert Abeldon, Regional Vice President, Northern California, College Democrats of America",1
Robert Ballo,1
"Robert Barile, West Hollywood, CA",1
"Robert Blankenship, Chief of Police",1
Robert Brown,1
"Robert C. Wright Ph.D., L.Ac., Napa",1
"Robert Callan Jr., Commissioner on the Commission for Behavioral Health",1
Robert Chalk,1
"Robert Chalk, Chief of Police",1
"Robert Denham, Chief Deputy, Court Security, Sacramento County",1
Robert Dickinson,1
"Robert Dougherty, Campbell",1
"Robert Dubin, D.C",1
Robert Ellis,1
"Robert Erickson, LCSW, MPA, Director of Health Services",1
"Robert F. Phalen, Ph.D. Professor of Community and Environmental Medicine, College of Medicine, UCI",1
"Robert Fellmeth, Center for Public Interest Law, University of San Diego Law",1
"Robert Geis, County Auditor-Controller",1
Robert Green,1
Robert Haedtke,1
"Robert Harrison, MD, MPH (Professor of Medicine, Division of Occupational and Environmental Medicine, University of California, San Francisco)",1
"Robert J. Beste, Public Works Director",1
Robert J. Lessman,1
Robert J. Masten,1
"Robert J. Sutton, Attorney At Law",1
Robert Jaffe,1
"Robert K. Booth, Jr",1
"Robert Kunkle, D.C",1
"Robert L. Poythress, Member, Madera County Board of Supervisors",1
Robert L. Toms,1
"Robert M. Stern, Co-Chair, FPPC Task Force on Reform of the Political",1
Robert M. Weygandt,1
"Robert M. Weygant, Placer County",1
Robert Mariano (student of acupuncture),1
"Robert P Brown, Los Angeles, CA",1
"Robert Poole, Attorney",1
"Robert Rickman, Fifth District Supervisor, San Joaquin County",1
Robert Rohrbacher (Costa Mesa CA),1
"Robert Rosenbloom, MD, Culver City",1
"Robert S. Lieber, Albany City Council Member",1
"Robert Schiestl, Ph.D. (Department of Pathology, UCLA)",1
"Robert Torres, Councilmember",1
Robert Wagener,1
Robert and Betty Goodrich,1
"Robert and Rosemarie Hocker, The Sea Ranch, CA",1
Roberta Barba,1
"Roberta Cooper, Hayward",1
"Roberta Cooper, Mayor",1
Roberta King,1
Roberta Supervisor,1
"Roberto C. Alcantar and Nora E. Vargas, Governing Board Members, Southwestern Community College",1
Robin Brassfield-Cooper,1
"Robin Parker, Sunnyvale",1
"Robin William Welch, D.C",1
Robyn Bleakley,1
"Robyn Magalit Rodriguez, PhD, Professor UC Davis, Asian American Studies",1
"Rod Murphy, GIS Analyst for the City of Newport Beach",1
"Rod Sinks, Former Mayor",1
"Roger Delano, Individual",1
Rogoff,1
Rohnert Park City Council Member Gerard Giudice,1
Roland Boucher,1
Ron Boatman and the Boatman Family,1
Ron Kelly,1
"Ron Kelly, Private Mediator",1
Ron Labetich,1
"Ron Roberts, 4th District San Diego County Board of Supervisors",1
"Ron Roberts, San Diego County Supervisor",1
"Ron Roberts, Supervisor, Fourth District",1
Ron and Debby Smith,1
Ronald & Donna Thompson,1
Ronald E. Lowenberg,1
"Ronald E. Lowenberg, Chief of Police",1
"Ronald E. Stadtmueller, Chapter 7 Trustee",1
Ronald Friberg,1
Ronald H. Markarian,1
"Ronald Iwasaki, Harbor Property Branch Claims, Long Beach",1
"Ronald J. Campbell, President, National Guard",1
Ronald L. Hartman,1
Ronald Mulcare,1
"Ronald S. Schandler, CIO, Los Angeles Unified School District",1
"Rosemary Ramirez, Mayor Pro Tem",1
Rosemead City Councilmember Margaret Clark,1
"Ross A. Johnson, CPA",1
"Ross Mirkarimi, San Francisco Board of Supervisors",1
"Ross Mirkarimi, San Francisco District 5 Supervisor",1
Ross S. Heckmann,1
"Ross Yamamoto, P.E",1
Roy Barba,1
Roy Tobin,1
Ruben Lao,1
"Rudy Savorinich, Jr., Councilman 15th Dist. City of Los Angeles",1
Ruscal Cayangyang - Individual,1
"Russ Melton, Councilmember",1
"Russ Smith, Chief of Police",1
"Russell Tershy, Executive Director",1
"Ruth Galanter, Los Angeles City Councilmember",1
Ruth Henderson (Ojai),1
Ruth Narancic,1
Ruth Texeira,1
"Rutherford ""Bud"" Gaston, Past President of the United Black",1
"Ryan Coonerty, Santa Cruz County Board of Supervisors, District 3",1
Ryan Newkirk,1
"S. Joseph Simitian, Senator (ret.)",1
"S. R. Albertson, La Mesa",1
"S. Stiven, U.S. Magistrate Judge (retired)",1
"S. Sue Johnson, Member, University of California Board of Regents",1
"SAG Members: Shannon Bilbray, Angela Ohren and Chrissy Sonnek",1
SENATE RULES COMMITTEE: Sandy Kenyon/(916) 323-8897,1
Sabine Dherbecourt,1
"Sabrina Brennan, Member, San Mateo Harbor Commission",1
Sacramento City Council Member Deborah Ortiz,1
Sacramento City Council Member Jay Schenirer,1
Sacramento City Council Member Steve Cohn,1
Sacramento City Councilmember Caity Maple,1
Sacramento City Councilmember Jeff Harris,1
Sacramento City Councilmember Karina Talamantes,1
Sacramento City Councilwoman Lauren R. Hammond,1
Sacramento Councilmember Steve Cohn,1
Sacramento County Fred Keeley,1
Sacramento County Supervisor District 1 Rich Desmond,1
Sacramento County Supervisor District 2 Rich Desmond,1
"Sacramento County Supervisor Pat Hume, District 5",1
"Sacramento County Supervisor Patrick Kennedy, District 2",1
"Sacramento County Supervisor Phil Serna, District 1",1
"Sacramento County Supervisor Sue Frost, District 4",1
Sacramento Municipal Court Commissioner David P. Foos,1
"Saeed Ali, Director, Government Relations, and Member, Latino Leadership Education Coalition",1
"Sal Guarriello, Councilmember, West Hollywood",1
"Sal Quintero, District 3 Fresno County Supervisor",1
Sally,1
"Salomon Stupp (Author of the ""Lizzie Initiative for Veterinary Pharmacy"")",1
"Salud Carbajal, First District Supervisor, the Santa Barbara County Board",1
"Salud Carbajal, First District Supervisor, the Santa Barbara County Board of Supervisors",1
"Salud Carbajal, Member of the United States Congress",1
"Salud Carbajal, Santa Barbara County Supervisor",1
"Salvatore LaMattina, 1st District Councilor",1
"Sam A. Scialaba, Area Manager, Marine Fuels, Chevron",1
"Sam A. Scialabba, Area Manager, Marine Fuels, Chevron",1
"Sam Davis, Board Trustee, Oakland Unified School District, Individual",1
"Sam Davis, Oakland School Board Director, District 1",1
"Sam Dolnick, CID Homeowner",1
"Sam Hindi, Councilmember, Foster City",1
"Sam Jojola, retired Special Agent with U.S. Fish and Wildlife Office of Law Enforcement",1
Sam K,1
Sam Karas,1
"Sam Liccardo, Councilmember, San Jose City Council",1
"Sam Pannell, Sacramento City Council Member",1
Sam Wan,1
"Samuel C. Pannell, Sacramento City Council",1
"Samuel C. Scott, Chief of Police",1
Samuels,1
San Anselmo City Councilmember Ford Greene,1
San Bernardino City Councilmen Jerry Devlin and David Oberhelman,1
San Bernardino County Superior Court Presiding Judge Joseph E. Johnston,1
San Bernardino County Supervisor Curt Hagman,1
San Bernardino County Supervisor Larry Walker,1
San Diego City Council Member David Alvarez,1
San Diego City Council Member Lorie Zapf,1
"San Diego City Council members:: Toni Atkins, Ralph Inzunza, Charles L. Lewis, Michael Zucchet",1
"San Diego City Councilmember Byron Wear, 2nd District",1
San Diego City Councilmember Carl DeMaio,1
"San Diego City Councilmember Christine Kehoe, 3rd District",1
San Diego City Councilmember Georgette Gomez,1
San Diego City Councilmember Judy McCarty,1
San Diego City Councilmember Kevin Faulconer,1
San Diego City Councilmembers Toni Atkins,1
San Diego City Councimember Lorie Zapf,1
San Diego Councilmember Toni Atkins,1
"San Diego County Assessor, Ernest J. Dronenburg",1
"San Diego County Assessor/Recorder/Clerk Ernest J. Dronenburg, jr",1
"San Diego County Superior Court Presiding Judge William J. Howatt, Jr",1
"San Diego County Supervisor Bill Horn, Fifth District",1
"San Diego County Supervisor, George F. Bailey",1
"San Diego County Supervisor, Joel Anderson",1
San Diego John Welter,1
San Diego Rachael Ortiz,1
San Diego Randy Martin,1
San Francisco County Supervisor Bilal Mahmood,1
San Francisco County Supervisor Danny Sauter,1
San Francisco County Supervisor Matt Dorsey,1
San Francisco County Supervisor Myrna Melgar,1
San Francisco Supervisor Jon Avalos,1
San Francisco Supervisor Scott Wiener,1
San Joaquin County Supervisor Miguel A. Villapudua,1
San Jose City Council Member Madison Nguyen,1
"San Jose City Councilmember Charles ""Chappie"" Jones",1
San Jose City Councilmember David Pandori,1
San Jose City Councilmember Xavier E. Campos,1
San Jose Councilmember Pamela Campos,1
San Jose Councilmember Tom Nguyen,1
San Jose Mayor,1
San Luis Obispo Bill Sonne,1
San Luis Obispo County Supervisor Adam Hill,1
"San Luis Obispo County Supervisor, Debbie Arnold",1
"San Luis Obispo County Supervisor, Frank. R. Mecham",1
San Luis Obispo Superior Court Judge Tangeman,1
San Luis Obispo Supervisor Shirley Bianchi,1
San Mateo Board of Supervisors Stephen G. Barber,1
San Mateo City Councilmember Rick Bonilla,1
San Mateo Superior Court Judge Quentin,1
San Mateo Superior Court Judge Quentin Kopp,1
"San Rafael CA Library Board, Arlene Sukolsky, Trustee",1
"Sandee Conn, Buena Park Police Department",1
"Sandi Carboni, Cameron Park",1
"Sandra Hutchens, Sherriff-Coroner",1
Sandra Pezqueda,1
"Sandra Rubin, Medical Doctor",1
Sandy Jolley,1
"Sanford I. Horowitz, Esq. (Sonoma)",1
"Sanford Morita, D.C",1
"Santa Barbara City Council Member Gregg Hart, Cities of",1
"Santa Barbara City Council Member Gregg Hart, City of Goleta",1
Santa Barbara County Supervisor Das Williams,1
"Santa Barbara County Supervisor, Salud Carbajal-1st",1
"Santa Barbara County, Supervisor Adam",1
Santa Clara County Supervisor Michael Honda,1
Santa Clara County Supervisor Pete McHugh,1
Santa Clara Superior Court Judge Bernal,1
Santa Cruz County 2nd District Supervisor Zach Friend,1
Santa Cruz County Superior Court Presiding Judge Heather Morse,1
Santa Cruz County Supervisor Bruce McPherson,1
Santa Cruz County Supervisor Zach Friend,1
"Santa Cruz County Supervisors Mark Stone, Janet Beautz and Ellen Pirie",1
Santa Rosa City Council Member Victoria Fleming,1
Sara Fuller,1
"Sarah Eeles, Chevron Community Advisory Panel",1
"Sarah G. & Richard L Harlow, II, Los Angeles CA",1
Sarah Hicks-Kilday,1
"Sarah Metz, Psy. D",1
Sarah Patrick,1
Sarah Shena,1
"Sarah-Jeanne Royer, Phd",1
Saul,1
Saul H. Kay,1
Sauwan Leung,1
Schaefer,1
Schatz,1
Schetter,1
"Schmerelson, Scott, Member of the Los Angeles Unified School District Board of Education",1
School District Board Member Sue Kuwabara,1
"Scott Barnett, Trustee San Diego Unified School District",1
Scott Bradberry,1
Scott Clark,1
"Scott Creps, FV Calypso",1
Scott Devine,1
Scott Huerta,1
"Scott J. White, Davis",1
"Scott Lamb, Canteen Vending Service",1
"Scott Peters, San Diego Councilmember",1
"Scott Wiener, Supervisor of the City and County of San Francisco",1
Sean Elo-Rivera - City of San Diego Councilmember,1
"Sean G. Erenstoft, Esquire",1
"Sean K Urbshot, Member Local I-25 IAFF - Firefighter/EMT",1
"Sean Mginty, CPA",1
"Sean R. Elsbernd, Member of the Board of Supervisors, City and County of San Francisco",1
"Sean Rutledge, Firegighter/EMT",1
Seaside Councilmember Jon Wizard,1
Sebastiano Scarampi (private individual),1
Second District Honorable Michael Van Winkle,1
"Second Graders in Aptos, California",1
"Secretary of State Debra Bowen, ""There is",1
"Section 2: Steven W. Murray, Esq",1
"Section 4: Steven W. Murray, Esq",1
Selma Councilmember Jim Avalos,1
"Sen. Loni Hancock, California Ninth Senate District",1
Senator Alfred E,1
Senator Ayala,1
"Senator Ben Hueso, 40th District",1
Senator Bernard Sanders,1
Senator Bill Lockyer,1
Senator Blakeslee,1
Senator Bob Beverly,1
Senator Byron Sher,1
"Senator Cathleen Galgiani, Fifth Senate District",1
Senator Cedillo,1
Senator Charles M,1
Senator Cox,1
Senator David Sibley,1
Senator Dean Florez,1
Senator Dean Florez (Ret.),1
"Senator Dean Florez, 16th Senate District",1
Senator Denham,1
Senator Dick Monteith,1
Senator Escutia,1
Senator Fuller,1
Senator George Runner (Ret.) Member State Board of Equalization,1
"Senator George Runner (Retired), Member, Board of Equalization",1
"Senator Gil Cedillo, 22nd District (retired)",1
Senator Haynes,1
Senator Huff,1
Senator Hurtt,1
Senator Jackson,1
"Senator Jeff Stone, District 28",1
Senator Killea,1
Senator Kuehl,1
Senator Lara,1
Senator Leno,1
Senator Lois Wolk (ret.),1
"Senator M.L. Dierks, Agriculture Committee Chair, Nebraska State",1
Senator Maurice Johannessen,1
Senator Mello,1
Senator Morrow,1
Senator Murray,1
Senator Pat Johnston,1
Senator Paul Converdell (GA),1
Senator Paul Converdell (Georgia),1
Senator Paul Douglas,1
Senator Pavley and Planning and Conservation League,1
Senator Pete Knight,1
Senator Ricardo Lara,1
Senator Richard G,1
Senator Richard Polanco,1
Senator Robert Presley,1
Senator Ron Calderon,1
Senator Roy Ashburn,1
Senator Shannon Grove,1
"Senator Shelley B. Mayer, Deputy Majority Leader, 37th District of the State of New York",1
Senator Tim Leslie,1
Senator Walters,1
Senator Watson,1
Senator Wolk,1
Senator Wyman,1
Senators Knight and McClintock,1
Senators Kopp,1
Senators Kyl,1
Senators Obama,1
"Senators Paul Muegge and Bruce Price, Agriculture Committee Chair",1
"Senators Paul Muegge and Bruce Price, Agriculture Committee Chair and Vice Chair, Oklahoma State Senate",1
Senators Ross Johnson and Quentin Kopp,1
Senators Thompson et al,1
Senior Assembly Member Austin E. Lucero,1
Senior Assemblymember Gerald Richards (Hercules),1
Senior Senator Sunny Scofield,1
Sergio Jimenez City Councilmember City,1
"Seth Atkinson, Staff Attorney, Oceans Program, Natural Resources Defense Council",1
"Seth Bates, Professor, San Jose State University",1
Seung Choi,1
Several Individual Court Reporters,1
Several Individual Nurse Practitioners,1
Several Individual Transplant Recipients,1
Several individual constituents,1
Several individuals AB 839 (Torrico),1
"Several letters from Professors, Stanford University School of Medicine",1
"Severin Borenstein, Professor, Haas School of Business, UC Berkeley",1
"Shana Garcia, PsyD",1
Shanahan,1
Shane Brinton,1
Shannon Bishop,1
"Shant Sahakian, Board of Education Member, Glendale Unified School District",1
"Shant Sahakian, Glendale Unified School District Board of Education Member",1
Shari Schapmire,1
Sharon Boswell,1
"Sharon K. Sakaki, L.Ac., San Francisco",1
"Sharon Lubert, The Center",1
Sharon Pierce,1
Sharon Stone,1
"Sharon Youngblood, Tehachapi",1
Shawn Fong,1
Sheehan,1
"Sheila Forsander, Santa Monica, CA",1
Sheila Lyons,1
Sheriff Block,1
Sheriff Butts,1
"Sheriff Gary S. Penrod, San",1
Sheriff Glen Craig,1
Sheriff Lee,1
Sheriff Lee Baca,1
"Sherri A. Mason, PhD",1
"Sherry McCoy, City Council Member",1
Sherry Sweeney,1
Sheryl Coats,1
"Shimer, Stephen D., L.Ac",1
"Shipman, Ron",1
"Shirley Oller, Director of Library Services, Tuolumne County",1
"Shubha Ghosh, Crandall Melvin Professor of Law",1
"Shuinn Chang, Nurse Practitioner",1
"Sidney and Susie Kass, San Francisco, CA",1
Signal Hill City Council (Council Member Larry Forester),1
Signal Hill City Council Member Larry Forester,1
"Silveira, Jr",1
"Simon Salinas, Member of the Monterey County",1
"Simpson, Kirk",1
Social Various Individuals,1
"Soheila Bana, Richmond Councilmember, District 4",1
"Sol Jobrack, District 1 Councilmember",1
Solano County Superior Court Judges,1
"Solano County Supervisor Barbara Kondylis, South San Francisco Mayor Richard Garbarino",1
Sonoma County Betsy Marchand,1
Sonoma County Supervisor Shirley Zane,1
Sonora Craig T. Steckler,1
"Sophie Hahn, Vice Mayor of Berkeley",1
"Sophie Maxwell, Member of the Board of Supervisors, City and County of San",1
South Gate City Councilmember Jorge Morales,1
South San Francisco City Council Member Richard Garbarino,1
Spada Family,1
Speaker Bustamante,1
"Speckels Greeley, Marybeth Halloran, Donna B",1
"Spikes, Kings County Administrative Officer",1
Sr. Claudia Romero,1
Sr. Teresa Doherty,1
Stacy Bonnifield,1
"Stacy Fortner, Officer Enviromental Caucus, Cadem",1
Stan Oken,1
Stanislaus County Supervisor Channce A. Condit,1
Stanley Zimmerman,1
"State Attorney General, Honorable Bill Lockyer",1
State Board of Equalization - Vice Chairman Ernest Dronenburg,1
State Board of Equalization Board Member Betty Yee,1
State Board of Equalization Member Johan Klehs,1
"State Chair, Assemblyman Howard Kaloogian and 45",1
State Dental Director,1
"State Representative Daniel P. Brady, Illinois",1
State Senator John F. Foran (Ret),1
State Senator Nick Petris (retired),1
State Senator Quentin Kopp (Ret),1
State Treasurer Phil,1
State Treasurer Phil Angelides California,1
"Stephanie Allen, Santa Monica , CA",1
Stephanie Perry,1
"Stephen A. Rosenbaum, UC Berkeley School of Law",1
"Stephen Barnett, Boalt Hall School of Law, University of California",1
"Stephen Butcher, San Miguel Firefighters",1
Stephen D,1
Stephen G. Barber,1
Stephen Gonzales,1
Stephen H. Lewis,1
Stephen Hall (individual),1
"Stephen Helsley, National Rifle Association of America",1
"Stephen LeMarr, D.C. Q.M.E",1
Stephen M,1
Stephen M. Bayus,1
Stephen Nelson,1
Stephen O. Hedstrom,1
Stephen P. Pougnet,1
"Stephen P. Rae, RPF2445",1
"Stephen Rosenthal MD, Professor of Pediatrics, UCSF Benioff Children's Hospital",1
"Stephen Smith, D.C",1
"Stephen Torres, Magnetek",1
Stephen V. Manley,1
"Stephen Whitburn, Council President Pro Tem",1
"Stephen Whitburn, Councilmember",1
Stephen Young,1
"Steve Adams, Mayor pro Tempore",1
"Steve Bennett, Supervisor District 1",1
"Steve Bloomer, Councilperson",1
"Steve Brown, Volunteer Organizer for Citizens Climate Lobby (as Individual)",1
"Steve Castaneda, Councilmember",1
"Steve Chadima, CMO, Energy Innovations, Inc",1
"Steve Cooley, Los Angeles District",1
"Steve Devine, Program Manager, Public Works",1
"Steve Farrell, Chairman Emeritus, Netigy Corporation, ENS",1
"Steve Fioretti, Senior Director Product Marketing, Siebel",1
"Steve Hansen, Sacramento City",1
"Steve Kinsley, Marin County Supervisor",1
Steve Konoff,1
Steve Largent (member of Congress and former football player),1
"Steve Lavagnino, Santa Barbara County Supervisor",1
Steve Lynch-Lt. Col,1
"Steve McShane, Citcy Councilman",1
"Steve Mooser, Santa Monica, CA",1
Steve Ontiveros,1
"Steve Palmisano, Director of Public Works & Utilities",1
"Steve Reis, Esq",1
"Steve Reiss, Esq",1
"Steve Salo, FV Jeanette P",1
Steve Shanahan of Department of Rehabilitation,1
Steve Sinton,1
Steve Staveley,1
"Steve Staveley, Chief of Police",1
Steve Tate,1
Steve Valle,1
Steve Westly,1
"Steve Westly, California State",1
Steve and Debbie Allen,1
Steven Belzer,1
"Steven Brandau, District 2 Fresno County Supervisor",1
Steven Brown,1
Steven Frank Johnson - LA Verne City Councilmember,1
"Steven Hernandez, Mayor",1
"Steven J. Ybarra, Chair, Select Committee on Voting Rights",1
"Steven K. Hazen, Esq",1
"Steven K. Hazen, Esq. (An individual)",1
"Steven Naftali, Santa Monica, CA",1
"Steven Neal, Councilmember 9th District",1
"Steven Schnell, RJ Bradbury Company",1
"Steven Shallenber, American Synergy Corp",1
"Steven Sultan, Ph.D",1
Steven W. Lynn,1
Steven W. Murray,1
Steven W. Murray -- Attorney,1
"Steven W. Murray, Esq",1
"Steven W. Murray, Esq., Encino, CA",1
"Steven Ybarra, former Chair of the Chicano/Latino Caucus of the California Democratic Party",1
"Stuart Zola, Ph.D., Professor, Psychiatry and Neurosciences, UCSD",1
"Sue Dinwiddie, M.A., Palo Alto, CA",1
Sue Luft,1
"Sulger, Karen, L.Ac",1
"Sunita Pullela Ho, PhD, Associate Professor at UCSF",1
Sunnyvale City Council Member Mason Fong,1
Sunnyvale City Council Member Omar Din,1
Superintendent Jack O'Connell,1
"Superior Court Judge Michael Smith, Fontana, California",1
Superior Court Judge Quentin Kopp,1
Superior Court Judge Quentin L. Kopp,1
Superior Court Judge Ricardo,1
Superior Court Judge Robert M. Mallano,1
Superior Court Judge Thomas N. Townsend,1
"Superior Court Judges Raymond Davilla, Jr., Eugene Hyman, and Rosemary Pfeiffer",1
"Superior Court Presiding Judge William J. Howatt, Jr",1
"Supervisor A.L.&E. Amaro, First District of Yuba County",1
"Supervisor Aaron Peskin, District 3, City & County of San Francisco",1
Supervisor Adrienne Tissier,1
"Supervisor Ahsha Safai, San Francisco",1
"Supervisor Ahsha Safai, San Francisco Board of Supervisors",1
"Supervisor Alvarado, Santa Clara County Board of Supervisors",1
Supervisor Andrea Lawrence,1
"Supervisor Andrea Lawrence, Mono County",1
"Supervisor Bill Horn, San Diego",1
"Supervisor Bob Nelson, District 4",1
"Supervisor Brett Frazier, Madera County, District 1",1
"Supervisor Brian K Veerkamp, El Dorado County Board of Supervisors, District 3",1
"Supervisor Catherine Stefani, San Francisco Board of Supervisors",1
"Supervisor Charles Peterson, Medocino County",1
"Supervisor Cindy Chavez, District 2",1
"Supervisor Cindy Gustafson, Placer County, District 5",1
"Supervisor Cliff Edson, Calaveras County, District 1",1
Supervisor Curt Hagman (County of San Bernardino),1
"Supervisor Cynthia Murray , 5th District, Marin County",1
Supervisor Das Williams,1
Supervisor Dave Pine,1
"Supervisor Dave Pine, San Mateo County",1
"Supervisor Dave Rosenberg, Fourth District",1
"Supervisor David Campos, San",1
Supervisor David Chiu,1
"Supervisor David Couch, Kern County-District 4",1
"Supervisor Dawn Ortiz-Legg, District 3 - San Luis Obispo County",1
"Supervisor Dawn Ortiz-Legg, District Three",1
"Supervisor Dawn Roe, San Bernardino County Board of Supervisors",1
Supervisor DeSaulnier and Supervisor,1
"Supervisor DeSaulnier and Supervisor Powers, Contra Costa County",1
"Supervisor Debbie Arnold, District Five",1
"Supervisor Deidre Kelsey, District Four, Merced County",1
Supervisor Dennis Hansberger,1
"Supervisor Diana Jacob, San Diego",1
Supervisor Dianne,1
Supervisor Don Horsley,1
"Supervisor Don Horsley, Board of Supervisors",1
"Supervisor Don Horsley, San Mateo County, 3rd District",1
"Supervisor Don Knabe, Los Angeles County Board of Supervisors, Fourth",1
"Supervisor Don Nottoli, Sacramento County Board of Supervisors",1
Supervisor Don Wagner,1
"Supervisor Doreen Farr, Santa Barbara",1
"Supervisor Doreen Farr, Third District, Santa Barbara County",1
Supervisor Doug Chaffee,1
Supervisor Doug Chaffee (County of Orange),1
"Supervisor Doug Verboon, Kings County",1
Supervisor Ed Robey,1
"Supervisor Ed Scofield, Nevada County",1
"Supervisor Efren Carrillo, Sonoma County",1
Supervisor Federal Glover,1
"Supervisor Frank Sieferman, Yolo County",1
"Supervisor Gary Wyatt, District 4, Imperial County Board of Supervisors",1
Supervisor Gayle B. Uilkema of Contra Costa,1
"Supervisor Gayle B. Uilkema, Contra Costa",1
"Supervisor Gerardo Sandoval, City and County of San",1
"Supervisor Gerardo Sandoval, City and County of San Francisco",1
Supervisor Gloria,1
Supervisor Gordon Thomas (Butte County),1
"Supervisor Greg Caput, Fourth District, County Of Santa Cruz",1
"Supervisor Greg Caput, Santa",1
"Supervisor Greg Cox, First District, San Diego",1
"Supervisor Hank Weston, Nevada County Board of Supervisors, District 4",1
"Supervisor Harry L. Ovitt, District One, San Luis Obispo",1
Supervisor Illa Collin,1
"Supervisor Illa Collin, Sacramento County Board of Supervisors",1
"Supervisor James P. Spering, District 3, Solano County Board of Supervisors",1
Supervisor Jane Kim,1
Supervisor Jane Parker,1
Supervisor Jaron E. Brandont,1
"Supervisor Jeff Flores, Kern County Third District",1
"Supervisor Jeff Flores, Kern County-District 3",1
Supervisor Jeff Smith,1
Supervisor Jeff Stone,1
"Supervisor Jeff Stone, Third District",1
Supervisor Jim Venable,1
Supervisor Joan Hartman,1
"Supervisor Joan Hartmann, District 3 - Santa Barbara County",1
"Supervisor Joe Hammond, Kings County",1
"Supervisor Joel Anderson, San Diego County",1
Supervisor John Leopold,1
Supervisor Jon McQuiston,1
"Supervisor Jose Medina, Riverside County",1
Supervisor Joseph Simitian,1
"Supervisor Josh Pedrozo, District 2 - Merced County",1
"Supervisor Josie Gonzales, 5th District",1
Supervisor Judy,1
"Supervisor Julie Fulkerson, Humboldt County",1
"Supervisor Kathrin Sears, Marin County",1
"Supervisor Kathryn Barger, Fifth District",1
"Supervisor Katrina Foley, District 5, Vice-Chair, Orange County Board of Supervisors",1
"Supervisor Katrina Foley, Orange County Board of Supervisors - District 5",1
"Supervisor Katy Tang, City and County of San Francisco, District 4",1
"Supervisor Katy Tang, San Francisco Board of Supervisors",1
Supervisor Keith Caldwell,1
"Supervisor Kevin Cann, District 4, Mariposa County",1
"Supervisor Kuyler Crocker, District 1, Tulare County",1
Supervisor Leslie Katz,1
Supervisor Liz Kniss,1
Supervisor Lofgren,1
"Supervisor Louis R. Calcagno, Third District, Monterey County",1
"Supervisor Lynn Compton, District 4 - San Luis Obispo County",1
"Supervisor Lynn Compton, District Four",1
"Supervisor Manu Koenig, District 1 - Santa Cruz County",1
"Supervisor Mark Luce, District 2, Napa County Board of Supervisors",1
"Supervisor Mark Ridley-Thomas, Board of Supervisors",1
"Supervisor Mary L. Adams, District 5 - Monterey County",1
"Supervisor Mary Nejedly Piepho, Distruct 3, Contra Costa County",1
"Supervisor Maureen Kirk, Butte County - District 3",1
"Supervisor Merita Callaway, Calaveras County, District 3",1
"Supervisor Michael Antonovich, Los Angeles Board of Supervisors",1
"Supervisor Michael D. Antonovich, Board of Supervisors, County",1
"Supervisor Michael D. Antonovich, Los Angeles County Board of Supervisors",1
Supervisor Michelle Steel,1
"Supervisor Miguel A. Villapudua, San Joaquin County, District 1",1
Supervisor Mike Antonovich,1
Supervisor Mike Ennis,1
"Supervisor Monica Brown, District 2",1
"Supervisor Monica Brown, Solano County Board of Supervisors",1
Supervisor Monica E. Brown,1
Supervisor Monica Montgomery Steppe,1
"Supervisor Nate Miley, Alameda County, District 4",1
"Supervisor Nathan Fletcher, 4th District, San Diego County Board of Supervisors",1
"Supervisor Neil Derry, 3rd District",1
Supervisor Nora Vargas,1
Supervisor Pam Slater-Price,1
"Supervisor Pat Bates, Orange County",1
Supervisor Patricia Bates,1
"Supervisor Paul Kelley, Sonoma County",1
Supervisor Peter Foy,1
"Supervisor Peter Huebner, Sierra County Board of Supervisors",1
"Supervisor Phil Larsen, Fresno County",1
"Supervisor Randy Hanvelt, District 2, Tuolumne County",1
"Supervisor Rex Bohn, District 1 - County of Humboldt",1
Supervisor Rob Brown,1
"Supervisor Robert A. Meacher, Dist. 2 (Quincy)",1
"Supervisor Robert J. Cabral, San Joaquin County Board of Supervisors",1
"Supervisor Robert J. Cabral, Stockton",1
"Supervisor Ron Roberts, San Diego County",1
Supervisor Ronn Dominici (Madera District 2),1
"Supervisor Rose Jacobs Gibson, District 4, San Mateo County Board of Supervisors",1
Supervisor Roy Ashburn,1
"Supervisor Sal Quintero, Fresno County, District 3",1
"Supervisor Salud Carbajal, First District, Santa Barbara County",1
"Supervisor Salud Carbajal, Santa Barbara",1
"Supervisor Scott M. Silveira, District 5 - Merced County",1
"Supervisor Sheila Kuehl, Board of Supervisors County of Los Angeles",1
"Supervisor Shirley Bianchi, District Two, San Luis Obispo",1
"Supervisor Sophie Maxwell, District 10, City and County of San Francisco",1
Supervisor Steve A. Perez,1
Supervisor Steve Lambert (Butte County District 4),1
Supervisor Steven Brandau,1
"Supervisor Steven Brandau, Fresno County, District 2",1
"Supervisor Steven Worthley, District 4, Tulare County",1
"Supervisor Sue Frost, Sacramento County Board of Supervisors",1
"Supervisor Thomas W. Wilson, District 5, Orange County Board of Supervisors",1
Supervisor Thomas Wilson,1
"Supervisor Timothy J. Staffel, County of",1
Supervisor Tom Ammiano,1
"Supervisor Tom Wheeler, District 5, Madera County",1
"Supervisor Tony Campos, Fourth District",1
"Supervisor Tony Campos, Fourth District, Santa Cruz County",1
"Supervisor Tony Hall, City & County of San Francisco",1
"Supervisor Vicente Sarmiento, Orange County District 2",1
"Supervisor Vito Chiesa, Stanislaus County, District 2",1
"Supervisor Wendy Otto, Trinity County Board of Supervisors",1
"Supervisor of Contra Costa County, John Gioia",1
"Susan A. Bonilla, Contra Costa County Board of Supervisor, District IV",1
Susan A. Harvey,1
Susan Bachellier,1
"Susan Bonilla, Assemblywoman, Eleventh Assembly District",1
"Susan C. Harlan, Superior Court Judge",1
"Susan Eakle, Superintendent",1
"Susan Follett, Los Angeles, CA",1
"Susan Griffin, Los Angeles, CA",1
"Susan Lala, Disabled Students Programs and Services, Program Coordinator, Porterville College",1
Susan Macky,1
Susan Mandel,1
"Susan Mentley, Animal Welfare Director, Oregon",1
"Susan Mentley, Animal Welfare Director, Oregon: Euthanasia Task Force",1
Susan Mogilka,1
Susan Needleman,1
"Susan Skinner Caustin, MD, Newport Beach, CA",1
"Susan St Louis, Indivisible",1
"Susan Steinbrecher, Licensed Vocational Nurse",1
Susan T. Levin,1
"Susan Thompson, Senior Senator",1
"Susan Uretzky, MA, MPH",1
Susan V. Walker,1
"Susan Wang, L.Ac., M.S",1
Susan Wengraf - Berkeley City Councilmember,1
"Susan and Jonathan Wittwer, Santa Cruz",1
Suzanne Cope (an Omnitrition Independent Distributor),1
Suzanne Escoffer,1
Suzanne Martin,1
Suzanne Martin (San Francisco CA),1
"Suzanne Paulson, Ph.D. (Professor Atmospheric Chemistry, UCLA)",1
Suzanne Rava,1
"Suzi Goldmacher RN, MSN",1
Svetlana Karni,1
Swofford,1
"T.E. Houston, Ph.D",1
"Tamar Galatzan, Los Angeles School Board Member",1
Tammy Fenske,1
Tanya Narath,1
Taube,1
"Ted Driscoll, Venture Partner, Claremont Creeks Venture",1
Ted J. Gilbert,1
Ted Lempert,1
"Ted Lempert, Supervisor, San Mateo County",1
Ted Rue,1
Ted Sheedy,1
"Tedd Laycock, Fire Chief",1
Tehama County Superior Court Presiding Judge Dennis E. Murray,1
Teresa Jordan,1
"Teri J. Williams, RD, Lodi Memorial Hospital",1
Terri,1
Terri Eade,1
"Terri Tippit, Los Angeles, CA",1
"Terry E. Crow, Esq",1
Terry Edwards,1
Terry Harrison,1
Terry Huston,1
Terry J. Hartman,1
"Terry Lamphier, Nevada County Supervisor, 3rd District",1
Terry Raley,1
Terry Taplin - City of Berkeley Councilmember,1
"Terry Taplin, City Council Member",1
"Terry Taplin, Council Member",1
Terry Warth,1
Terry Withrow,1
"Terry Withrow, District 3 Stanislaus County Supervisor",1
"Terry Woodrow, Chair",1
Texas State Senator David Sibley,1
The Domenigoni Family,1
The Francis Mathews Family,1
The Helms Family,1
"The Hon. Barbara Lee, Member of Congress, 9th District",1
"The Hon. Keith Carson, Supervisor",1
"The Hon. Sam Farr, Member of Congress",1
"The Honorable Al Austin, Councilmember",1
"The Honorable Alan Lowenthal, 47th Congressional District",1
"The Honorable Betty Yee, State Board of Equalization Member",1
"The Honorable Bill Leonard, Member, State",1
"The Honorable Brad Sherman, Member, State Board of Equalization",1
"The Honorable Bryan Osorio, City Council Member, Delano",1
"The Honorable Catherine Stefani, Supervisor",1
"The Honorable Charles V. Smith, Supervisor/First District, Orange",1
"The Honorable Chris Ward, City Council Member, San Diego",1
"The Honorable Cynthia A. Sterling, Councilmember",1
"The Honorable Dan Eaton, Member, Integrated Waste Management",1
"The Honorable Dan Kalb, Oakland City Councilmember",1
"The Honorable Dave Pine, Supervisor",1
"The Honorable David Alvarez, Councilmember",1
"The Honorable Dean Pregerson, U.S. District Judge",1
"The Honorable Dennis Hansberger, San",1
"The Honorable Dennis Hansberger, San Bernardino County Supervisor",1
"The Honorable Dennis Townsend, Supervisor",1
"The Honorable Don Knabe, Los Angeles County Supervisor",1
"The Honorable Donal B. Donnelly, Imperial County Superior Court Judge",1
"The Honorable Doug Verboon, Supervisor",1
"The Honorable Drew Bessinger, Councilmember",1
The Honorable Eugene M. Hyman,1
"The Honorable Felipe Fuentes, Councilmember",1
"The Honorable Francisco J. Chavez, Boardmember, Coalinga-Huron Unified School District",1
"The Honorable Frank Matarrese, Councilmember",1
"The Honorable Garry Bredefeld, Councilmember",1
"The Honorable Harry Pregerson, U.S. District Judge",1
"The Honorable Hugo Loza, Commissioner of Tulare County Juvenile Court",1
"The Honorable Jackie Speier, Congressmember, 14th District, California",1
"The Honorable Janet Beautz, Santa Cruz County",1
"The Honorable Jay Inslee, Governor, Washington",1
"The Honorable Jen Campbell, City Council Member, San Diego",1
The Honorable Jerry Brown,1
"The Honorable Jesus Mendoza, Mayor Pro Tem",1
"The Honorable Jim DeMartini, Supervisor, District Five",1
"The Honorable Joe Neves, Supervisor",1
"The Honorable John Garamendi, Congressman",1
The Honorable John J. Garibaldi and Family,1
"The Honorable John K. Flynn, Ventura County",1
The Honorable Jon McQuiston -- Kern County Supervisor,1
"The Honorable Jon McQuiston Supervisor, Kern County",1
"The Honorable Juan Vargas, 51st Congressional District",1
"The Honorable Julie Naturman, Standing Member, West Hills Neighborhood Council",1
"The Honorable Justin Cummings, Ph.D., Supervisor",1
"The Honorable Kathleen E. O'Leary, Presiding Justice, Fourth District Court of Appeal, Division Three",1
"The Honorable Kathleen E. O'leary, Presiding Justice of The Fourth District Court of Appeal, Division Three",1
"The Honorable Kelly Kent, Culver City Unified School District Board Member",1
"The Honorable Lance A. Ito, Judge (ret.), Los Angeles Superior Court",1
"The Honorable Larry Micari, Supervisor",1
"The Honorable Linda Sanchez, Member of Congress",1
"The Honorable Lucille Roybal-Allard, Member of",1
"The Honorable Lucille Roybal-Allard, Member of Congress",1
"The Honorable Luis Chavez, Councilmember",1
"The Honorable Mark West, City Council Member, Imperial Beach",1
"The Honorable Matt Kingsley, Supervisor",1
"The Honorable Meghan Sahli-Wells, City Council Member & Former Mayor, Culver City",1
"The Honorable Michael Antonovich, Supervisor",1
"The Honorable Michael Kelley, Imperial County Supervisor",1
"The Honorable Mike Karbassi, Councilmember",1
"The Honorable Monica Montgomery, City Council Member, San Diego",1
"The Honorable Nanette Diaz Barragán, Member of the US Congress, 44th California District",1
"The Honorable Nathan Magsig, Board Chair and Supervisor",1
"The Honorable Nathan Magsig, Supervisor",1
"The Honorable Oscar Rosales, Councilmember",1
"The Honorable P. David Benavides, Councilmember",1
The Honorable Patricia Bamattre-Manoukian and Family,1
"The Honorable Paul Koretz, Councilman",1
"The Honorable Peggy Huang, Council Member",1
"The Honorable Pete Vander Poel, Supervisor",1
"The Honorable Phil Angelides, State Treasurer",1
"The Honorable Ray Singlento, Councilmember",1
"The Honorable Ray Singleton, Councilmember",1
The Honorable Richard,1
The Honorable Richard Ortiz,1
"The Honorable Richard Valle, Supervisor",1
"The Honorable Robert Poythress, Supervisor",1
"The Honorable Sal Quintero, Supervisor",1
"The Honorable Salud Carabajal, Member of the U.S. Congress",1
"The Honorable Scott Haggerty, Supervisor, Alameda County",1
The Honorable Socrates Peter Manoukian and Family,1
The Honorable Steve Perez -- Kern County Supervisor,1
"The Honorable Susan B. Anderson, Supervisor, District Two",1
"The Honorable Tanya Stolz, Councilmember",1
"The Honorable Terry Friedman, Supervising Judge of the Los",1
"The Honorable Terry Tornek, Mayor",1
"The Honorable Tony Cardenas, Congressman",1
"The Honorable Vivian Moreno, City Council Member, San Diego",1
"The Honorable Vong Mouanoutoua, Councilmember",1
"The Honorable William O'Brien, Supervisor, District One",1
The Nelson Family,1
Thea Gast,1
Then-Councilman Antonio R. Villaraigosa,1
"Then-Councilman Antonio R. Villaraigosa, City of",1
Theo Swerissen,1
Theodore Fallati,1
Theresa DeBell,1
"Theresa Perez, California Catholic Conference, Sacramento",1
Theresa Rosarno - Teacher - Pathways Charter School CharterVoice,1
Theresa Shaeffer,1
Third District Honorable James C. Predmore,1
Thoits,1
"Thomas Ashworth, Judge of the Superior Court",1
Thomas Babbitt,1
Thomas Bickell,1
"Thomas Cromwell, Mayor",1
"Thomas H. Simms, Chief of Police",1
"Thomas Lando, Board Member, Chico Unified School District",1
Thomas Nagle,1
Thomas Papageorge,1
Thomas Sullivan,1
Thomas Taylor,1
Tilford Patterson,1
Tim Hausmann,1
"Tim Jones, Venice, CA",1
"Tim Lundell, P.E",1
"Tim Newell, Vice President & CFO, GetActive Software",1
"Tim Newell, Vice President & CFO, GetActive Software: Other E2 Business Leaders",1
Tim Riordan,1
Tim Schmelzer,1
"Tim and Gail Fuller (individuals), Los Angeles",1
"Tina Ogata, Santa Monica, CA",1
Todd Giedt,1
"Todd Gloria, 3rd Dist",1
"Todd Spitzer, Orange County Board of Supervisors, Third District",1
Tom & Flora Pearson,1
Tom Ammiano,1
Tom Babbitt,1
"Tom Bordonaro, Jr., Assessor",1
Tom Butt,1
"Tom Carroll, Mayor",1
"Tom Daly, Mayor",1
Tom Demaranville,1
"Tom Dumont, No Doubt",1
Tom Engstrom,1
Tom Graham,1
"Tom Hafkenschiel, MD, Portola Valley",1
Tom Hanson,1
Tom Lidot,1
"Tom Minor, San Bernardino",1
"Tom Perkins, Supervisor, Third District",1
Tom Stallard - Yolo County Board of Supervisors,1
"Tom Stallard, Woodland",1
"Tom Stallard, Yolo County Supervisor",1
"Tom Watson, Stanislaus County Treasurer-Tax Collector",1
Tom and Sally Lagerquist,1
"Toni Atkins, Councilmember, Third District",1
"Tony Campos, Supervisor",1
Tony Cardenas (author of Proposition 20),1
"Tony Cardenas, Council Member",1
"Tony Cardenas, Los Angeles City Councilman, 6th District",1
"Tony Cárdenas, Member of the United States Congress",1
Tony Madrigal - Modesto Councilmember,1
"Tony Madrigal, Modesto City Councilmember, District 2",1
Tony Oliveira,1
"Tony P. Tirado, Supervisor, District One, Imperial County",1
Torrance Councilmember John Mirisch,1
Toua Thao,1
Tracy Moore,1
Tracy Phillips,1
Trask,1
"Treva Reid, Oakland City Council Member, District 7",1
"Trevor Getz, Associate Professor, San Francisco State University",1
"Trinity County Supervisors: Wendy Otto, District 5",1
"Trixie Johnson, San Jose (Vice-Mayor)",1
Tulare County Juvenile Court Judge,1
Tulare County Juvenile Court Judge Elisabeth B. Grant,1
"Tulare County Superior Court Judges Joseph Kalashian and William Silveira, Jr",1
Tulare County Supervisor Amy Shuklian,1
"Tulare County, Supervisor Vander Poel",1
"Tulare County, Supervisor Worthley",1
Tummond,1
Tuolumne County Supervisor Randy Hanvelt,1
Twenty-eight postcards from patrons of the South Bay Library of the San Luis Obispo County Library,1
Two Individual Veterans,1
Two Individual Veterans Oppostion: None Known,1
"Two mobilehome owners, Aptos and Santa Cruz",1
U.S. Representative Sam Farr,1
U.S. Representatives Charlie Melancon and Charles Boustany,1
U.S. Sen. James A. McClure,1
U.S. Senators Boxer and Feinstein,1
"US Representative, David G. Valadao",1
United States Representatives Charlie Melancon and Charles Boustany,1
"United States Representatives Davis, Honda, Garamendi, Huffman, Lowenthal, Lieu, DeSaulnier",1
United States Senator Byron Dorgan (D-North Dakota),1
"Unites States Attorneys Nora Manella (Central District of California), Charles",1
University of California President Emeritus Richard C. Atkinson,1
"Valdez, Vice Mayor of San Pablo",1
"Valerie Lambertson, Member",1
Van Maddox,1
"Vanessa Forsythe, Registered Nurse",1
Various Constituent Letters (Over 450),1
"Vera Valdiviez, Vice Mayor of City of South El Monte",1
Veronica Kessler Thomas,1
Veronica Porter,1
Vice Mayor Ken Weir,1
"Vice Mayor Vera Valdiviez, South El Monte",1
Vice Mayor of San Jose Don Iglesias,1
Vice Mayor of the City of Oakland Ignacio De La Fuente,1
Vice-Mayor Andy Molina City of Long Beach,1
Vicent & Jeanne Agor,1
Vickie Fairchild - Santa Clara Unified School District Governing Board Member,1
"Vickie Fairchild, Governing Board Member, Santa Clara Unified School District",1
Victoia Hoekstra,1
"Victor A Sanchez, Bellflower Councilmember",1
Victor Garcia-Delgado,1
"Victor Preciado, Pomona Councilmember",1
"Victor Ramirez, Retired Superior Court Judge, San Diego County",1
Victoria A. Cole,1
"Victoria M. Castro, LA School Board",1
"Victoria Szatalowicz, MD, Culver City",1
Viegas-Walker,1
"Viet Lam, MD",1
"Viet Lam, MD, San Francisco",1
"Vincent, Commissioner of San Bernardino Superior",1
Violet Fulton,1
Vito Chiesa,1
"Vito Chiesa, Stanislaus County Board of Supervisors, District 2",1
Vollette,1
"W. Douglas Franks, Chief of Police",1
W. James Edwards,1
"W.D. ""Bill"" Stearns, Chief of Police",1
"Washington State Governor, Jay Inslee",1
Watkins,1
"Weimin Wu, Ph.D, PE",1
Wendy Gonzalez,1
"Wendy Greuel, Controller",1
"Wendy Rianldi, Board of Friends of the San Francisco Public Library",1
Wendy S. Lindley,1
Wesley K. Mukoyama,1
Wessel,1
West Hollywood Councilmember Abbe Land,1
"Whitney R. Sponsler, Oceanside",1
Wigglesworth,1
"William Barnes, former Corporations Commissioner",1
"William Bowen, owner of James Montgomery Dam, Redding",1
William Dale Boggs,1
William E. McCain,1
"William E. Simon, Jr",1
William Hollabaugh,1
William J. Schoene,1
William J. Witt,1
"William K Hayes, Ph.D., Professor of Biology, Loma Linda University",1
William L. Ahlgren,1
"William L. Lee, MS, CIH, CSP",1
"William L. Wallace, Davis",1
William M. Silaghi,1
William Mintline,1
"William Monroe, Region 1 Director, California Democratic Party",1
"William O'Hare, Attorney at Law",1
"William O. Vanderburg, Engineer",1
"William Pevec, Medical Doctor",1
William S. Choate,1
"William Silveira, Jr. Juvenile Court Judge",1
William Stern,1
"William Teague, MD, Fair Oaks",1
"WilliamS. Comanor, Professor of Economics, UCSB",1
Willis Casey,1
Win Heiskala,1
Winholtz,1
Yolo County Ben Anderson,1
Yolo County Supervisor Helen M,1
Yong Sup Lee,1
"Yoram Tal, Santa Monica, CA",1
Yuba City Police Dept. Lt. Kristina Wraa,1
"Yvonne Brathwaite Burke Supervisor, 2nd District Board of Supervisors",1
"Yvonne Everett, Assist. Professor of Natural Resources",1
"Yvonne P. Martin, Mojave",1
"Zev Yaroslavsky, Supervisor, Third District, Los Angeles",1
"Zine, 3rd District",1
"Zoe Novic, Public Health",1
a number of private citizens,1
a variety of individuals,1
dam co-owner Marie Wallace,1
former athletes and parents,1
individual letters SB 128 (Polanco),1
individual letters from local city council members from the Los Angeles area,1
letters from several rural county sheriffs - Kern,1
numerous AB 2116 (Alby) individuals,1
numerous individuals (56 petitions for support),1
numerous individuals AB 49x (Burton),1
numerous individuals SCA 1 (Morrow),1
numerous individuals and private investigator firms,1
numerous local elected officials and private individuals,1
"numerous religious leaders, hundreds of individuals",1
of Stockton Council Member Moses Zapien,1
"one faculty member in the Department of Criminal Justice, University of Massachusetts (Lowell)",1
"one faculty member in the Department of Psychology, Simon Fraser University, Canada",1
"one faculty member of the Department of Psychology, California State University at Long Beach",1
one individual (received prior to most recent AB 240 (Berm?dez) ),1
one regulatory analyst (Public Utilities Commission Utilities Recovery Account),1
other individuals and elected officials,1
professor of economics at the UC Berkeley School of Public Health,1
retired Senator Robert Presley,1
seven individual home inspectors AB 293 (Maze),1
several individual letters AB 988 (Lowenthal),1
several individuals AB 996 (Ridley-Thomas),1
several individuals SB 1152 (Scott),1
ten letters from citizens,1
the Honorable Michael Kelley,1
the Nicole Brown Simpson,1
thousands of other individuals,1
thousands of residential and business customers,1
three individuals SB 945 (Soto),1
three new staff,1
"Chula Vista City Councilwoman, Pamela Bensoussan",1
Santa Clara County Office of Education Dave Cortese,1
"Al Austin, Council Member, Eighth District",1
"Honorable Mike Eng, Forty-Ninth Assembly District (retired), Vice-President, Los Angeles Community College District",1
"Ken Dozier, Director, Center for Research School of Engineering & Technology, California State University, Los Angeles",1
"Michael Kreeger, 4th District Commissioner, San Bernardino County Regional Parks Advisory Commission",1
"Nadine Peyrucain, Elected Democratic Party Delegate, Contra Costa County, District 5",1
"Natividad Vazquez, EOP&S Student Services Specialist, Santa Monica College",1
"Ken Dozier, Director, Center for Research",1
"Stevens (Eastern District of California), Alan Bersin (Southern District of)",1
University Librarian at UCD SPARC (Scholarly Publishing & Academic Resources Coalition) Francis F. Steen,1
"Penny Skemp, Child Development Department Chair, MiraCosta College",1
"Bonnie Pannel, Sacramento City Council Member, District 8",1
o C.G. Rubin (Beverly Hills),1
"Yvonne McMurray, resident of Los Banos",1
"Val Lerch, former Vice Mayor of Long Beach",1
"Two constituents, George and Therese Nagy",1
"Trinh Le, UC Berkeley student",1
Sacramento City Council member Sandy Sheedy,1
Private individual (San Jose Community College District student trustee),1
"Peter G. Mehas, former Fresno County Superintendent",1
"Pastor Herrera Jr, former Public Member, Contractors State License Board (2011-2018)",1
"Moira Burke, Solano County farmer",1
"Mike A. Gipson, Carson City Council member, references a Carson",1
"Michael McCarthy, Harley-Davidson employee and Rider Coach",1
"Mel Nutter, Esq., former Coastal Commissioner",1
"Lynn M. Suter, on behalf of the Ventura County",1
Los Angeles County Board of Supervisors member Mark Ridley-Thomas,1
Los Angeles Board of Education member Julie Kornstein,1
"Leila Levy, parent",1
"L. ""Cuffie"" Joslin, former member, State Cemetery Board Numerous Individuals",1
Joanne David on behalf of Haven Hills,1
"Honorable Val Lerch, former Vice Mayor",1
"Hon. Val Lerch, former Vice Mayor",1
o Joseph Lodge(Santa Barbara),1
o John Lynch (Inglewood),1
"Eugene Sun, City Council member of San Marino",1
"Don Reed, father of Roman Reed",1
"Dolores M. Holguin, member of the Valley County Water District",1
"David Brown, member, Santa Monica Mountains",1
"Dave Potter, Monterey County Supervisor and Board member, Monterey Peninsula Water Dist",1
"Craig Dill, former CSAA Driver Improvement Program Coordinator",1
"Craig Dill, former CSAA Driver Improvement Program",1
"Claude oBudo Lewis, Carlsbad",1
former Senator Deborah Ortiz,1
former Assemblymember Thomas Umberg,1
former Assembly Member Drew Shindell,1
BOE member Ernest Dronenberg,1
BOE Member Michelle Steel in order to provide some reasonable remedies to taxpayers,1
BOE Member George Runner to provide additional time for feepayers to review their assessments,1
BOE Member George Runner to provide additional time for feepayers to adjust their budgets,1
"William D. Smyth, an individual",1
"Abe Binder, Santa Clara resident and Rebecca Kassel, Santa Cruz",1
"University of California, Los Angeles professor Donald Shoup",1
"Tom Martens, writer and editor",1
"Thomas Bauer, teacher",1
The Schumacher family,1
"The Honorable Tommy Thompson, former U.S. Secretary of Health and Human",1
"Steven Ybarra, former Chair of the Chicano/Latino",1
"Steven A. Carlson, a concerned citizen",1
"Sharon Haron, teacher",1
"Senator John V. Briggs, retired",1
"Sarah Bauer, teacher",1
"Rozy Press, former hostage, target, and evacuee out of Iran",1
"Rocky Horde, a Los Angeles attorney",1
"Robin Regan, a private citizen",1
"Robert Stark, retired Auditor-Controller of Sutter County",1
"Pete Conaty, former member of the 101st Airborne Division",1
One individual (Richard Odabashian),1
"One (1) individual - Ari Freilich, Esq., veteran advocate",1
"Noel Gallo, Oakland City council Member, District 5",1
"Ms. Leila Levi, parent",1
"Mitch Karlan, M.D., and President of MBC, states, ""Gag clauses",1
"Mr. Frederick J. Anderson, CCRC resident",1
"Lloyd Wicker, licensed trainer",1
"Lisa Stern, constituent",1
"LaVera Williams, resident of Fresno",1
"L. Stuart Milk, nephew of Harvey Milk",1
Kristopher's mother Kenneth Woodmansee,1
"Les Hardie, a family law attorney and former",1
"Lauren Ward, constituent of Assmblymember",1
"Keith Bishop, private citizen",1
"Kathryn Slater Carter, McDonald's franchisee",1
"Jed Sommit, adoption attorney",1
"Joni Gray, county of Santa Barbara Supervisor, 4thdistrict",1
"John Davids, Esq. attorney for Dalkon Shield plaintiffs",1
"Joaquin Avila, former President, MALDEF",1
"Jerrold Klatt, a constituent",1
Individual TACC member: William Dailey Jr,1
"G. Mitchell Wilk, former PUC Commissioner",1
"Evelin Urbina Diaz, an individual",1
"Ed and Lavonda Heredia, affected property owners in",1
Ed & Lavonda Heredia and four other,1
"Doug Brodie/Jim Watson, authors of ""Big Bad Bodie: high",1
Dennis T. Collins - grape grower,1
"Deborah Ortiz, retired California State Senator",1
"David Stottlemyre, mayor Pro Tem",1
"David Barulich, an individual",1
"Dan L. Hankins, Plains Miwok descendant",1
Council members David Oberhelman and Jerry Devlin,1
"Congressman Brian P. Bilbray, 50th district",1
City of Los Angeles Council members Laura Chick and Rudy Svorinich,1
City of Los Angeles Council members Laura Chick and Rudy,1
4 - Linda Adams,1
"Alan Kafton, member, Loch Haven Mutual Water Company",1
Angela Ohren SAG Member,1
Anmarie Medin,1
"Ann Hancock, concerned citizen",1
Appellate attorney Roni Keller,1
"Appellate attorneys Lori A. Fields, Carole Speckels Greeley, Marybeth Halloran, Donna B. Kaiser, Maryann M. Milcitec, Sylvia L. Paoli, Janet H. Saalfield, Janet G. Sherwood, Alan Siraco, and Valerie E. Sopher",1
"Arlo Smith, Member, California Gambling Control Commission",1
"Armando I. Orozco, ASVAB program manager",1
Assembly Members Sher & Olberg,1
Assemblymember McDonald,1
Assemblymembers Buchanan and Gordon,1
Barbara T. Newcombe [concerned citizen],1
"Barry J. Nadell, an individual",1
"Beth Aldecoa, Santa Ana code enforcement",1
"Bill Hauck, former Chairman of California Constitutional",1
"Board member Christopher Dobbins, Oakland Unified School District",1
"Board of Equalization Member Dean Andal (NOTE: BOE position is ""neutral)",1
"Board of Equalization Member Dean Andal (note: official BOE position is ""Neutral)",1
"Boardmember Bernard Briemont, Friends of Santa Cruz City/County Public Libraries",1
"Boardmember Glenda Hastings, Friends of Santa Cruz City/County Public Libraries",1
"Boardmember Jan McCord, Friends of the Santa Cruz City/County Public Libraries",1
"Boardmember JoAnn Mattingley, Friends of Santa Cruz City/County Public Libraries",1
"Boardmember Mary Simpson, Friends of the Santa Cruz City/County Public Libraries",1
"Boardmember Pat Huntsinger, Friends of Santa Cruz City/County Public Libraries",1
"Boardmember Richard Gaughan, Friends of Santa Cruz City/County Public Libraries",1
"Boardmember Sharon Skold, Friends of the Santa Cruz City/County Public Libraries",1
"Boardmember Teall Messer, Friends of the Santa Cruz City/County Public Libraries",1
"Bob Mathias, former Member of Congress",1
Brad Taylor,1
"Brandelle Whitworth, an in-house attorney with Shoshone-Bannock Tribes of the Fort Hall Reservation of Idaho",1
"Brian E. Hayes, Ogaltree Deakens, former NLRB member",1
"Brian J. Brown, architect",1
CNA individual members 20,1
"Cammie Kaulkin, psychology student",1
"Capdet, Jordi, L.Ac",1
"Casey & Margaret Brandson, residents of Sutter Creek",1
"Chaplain Catherine Connealy-Salazar, Ventura Youth Correctional",1
"Chen, Ta Fang, C.A",1
"Chris Miller, Lobster trapper",1
Chrissy Sonnek SAG Member,1
"Chuck kalajkovic, M.A., M.F.C.C",1
Corbett,1
Councilmember-Elect Gil Cedillo to the Los Angeles City Council for District 1,1
Court of Appeals Justice Donald King,1
"Curriculum Commissioner Michael Matsuda, administrator, Professional Development Office, Anaheim Union High School",1
Dean Andal,1
"Dr. Daniel Anderson, individual",1
"Dr. Donald Kennedy, Bing Professor of Environmental",1
George Bell Individual,1
"Glenn F. Zurawski, M.D. (w/ Anesthesia Care Associates Medical Group)",1
"Hon. Dean Andal, Member, Bd. of Equalization",1
"Hon. Robert C. Coates, San Diego Judicial District",1
Honorable Charles L,1
Howard Gould State Banking Commissioner,1
James Gilleran State Banking Commissioner,1
"James L. Unmack, P.E., CIH, CSP",1
"James Milam, attorney at law",1
"Jardstrom family, FV Keltie",1
"Jennifer Pena, registered nurse and nurse practitioner student",1
"John F. Hamrick, Sacramento State University, Department of Public Safety",1
Joseph Yocca,1
Judge Laura Hammes of the San Diego Superior court,1
Judge Philip M. Saeta,1
Kate Riley,1
"Laurence L. Manning, Secretary, IAFF Local 1-25 - Engineer/EMT",1
"Leeland S. King, Board member of Eskaton",1
Lempert,1
Malcolm-Jamal Warner SAG Member,1
Michael D'Arelli,1
"Michael Matsuda, BTSA coordinator, Orange County",1
Mimi Gibson SAG Member,1
"Ms. Esther Boynton, attorney at law",1
Myriam Buenaventura peletera,1
"Otto G. Raabe, Ph.D., Professor Emeritus, (Board Certified Health Physicist), UC Davis",1
Over 100 letters from homeowners and consumers,1
Over 500 letters from individual members of Charity First for California,1
"Patricia Cragar, Director of Social Welfare and Public Guardian/: Administrator, Butte County",1
"Peggy J. Standefer, Senior VP/Senior Counsel (CA Bank Trust)",1
"Quentin L. Kopp, Judge of the Superior Court of San Mateo County",1
Robert Stern (as an individual),1
"Ronald O. Davies, D.D.S./Anesthesiology for Denistry",1
Senator Kamala Harris,1
"Senator Tom Hayden, individuals",1
Senators John McCain,1
Senators Perata and Lowenthal,1
"Senators Simitian, Steinberg, and Strickland",1
Shannon Bilbray SAG Member,1
"Shira Rutman, Research Coordinator, UCSF Center for Reproductive: Health Research & Policy",1
Stan Cardenas State Banking Commissioner,1
"Supervisor Sam Karas, Monterey County Board of Supervisors, District 5",1
"The sponsor of this bill, BOE Member George Runner",1
"Thomas A. Re, Ph.D. D.A.B.T., toxicologist",1
"Thomas Hastert, Attorney, who hires work out to Page",1
Thomas L. McKenzie and other attorneys,1
Tony Miller (as an individual),1
Tony Miller (former acting Secretary of State and Proposition 208),1
Women For: One Individual,1
Women for: Letters from Individuals: Six,1
Women for: Numerous Individuals,1
"Yvonne Brathwaite Burke, Supervisor",1
"Zev Yaroslavsky, Supervisor",1
attorneys Robert S,1
former District Attorney of Los Angeles County Marian M.J. Thompson,1
"Dean Andal, Member of the Board of Equalization",1
"Appellate attorneys Lori A. Fields, Carole",1
"Arner de France, an individual",1
"Bud Gerhardt, dam co-owner",1
"O'Callaghan, as individuals",1
"One individual (Professor and Dean Emeritus, UCLA School of)",1
"Troy B. Smith, Public member, CAARP",1
"Sam Jojola, retired Special Agent",1
"Selwyn Whitehead, Public member, CAARP",1
"Siraco, and Valerie E. Sopher",1
Steve Largent (member of Congress and former football),1
"Steven Ybarra, former Chair of the Chicano/Latino Caucus of",1
"Supervisor Jane Parker, Monterey County Board of Supervisors (previous)",1
Craig Wilson (Deputy to BOE member Ernie),1
"David Lash, the former executive director of Bet",1
"David Ratner, former Dean, School of Law, University of San",1
"Diane Karpman, Attorney at Law and former State Bar Court Referee",1
"Dr. Henry Lai, University of Washington (according to communications to the Health)",1
"Dr. Peter Lurie, an AIDS researcher at the University of California, San Francisco, needle-exchange",1
Dr. Robert Jacobson (former Assembly),1
Driver and Board member of PDA,1
"Dylan F. Stute, individual letter (with or without)",1
"Edward Gutentag, cinematographer & founder of",1
"Ernest J. Dronenburg, Jr., member of",1
"Patrick L. McMahon (and other 9 superior court judges, Santa)",1
"Pete Wilson, Vice President of the United black Men of",1
"Roy Crawford, attorney with Brobeck, Phleger and Harrison (San)",1
"Hon. Dean Andal, Member, Bd. of Equalization (individually by)",1
"James D. Wood DDS, member of",1
"James Murphy, Esq., Costa Mesa, CA (past chair, Orange County)",1
"Javier Rodriguez, Producer member, CAARP",1
"John Weston, Esq., on behalf of 37 listed",1
"Keith Paul Bishop, former",1
"Marie Wallace, dam co-owner",1
Mark Peterson,1
"Mayda Winter (former Councilmember of the City of Imperial Beach, 1996)",1
Michael Shimansky,1
"Nancy Gall, part-time faculty member, Riverside Community College",1
Warren Slocum,1
"William Barnes, former",1
de La Fuente,1
personal friend John and Dee Lacy,1
"o Arjuna T. (Vic) Saraydarian (Three Lakes, Riverside)",1
o Commissioner Michael L. Kanninen (Fremont-Newark-Union),1
granddaughter Tom Bordonaro,1
the Honorable John K. Flynn (Ventura County Board of Supervisors),1
former Deputy District Attorney in Los Angeles County,1
former UCD Postdoc Patricia McDaniel,1
104 Individual Letters from Representatives of Residential Care Facilities,1
203 Private Citizen Signatures on a Petition 2326,1
247 letters of support from private citizens (author's office),1
3 - Andrew S. Huang,1
3 - Mary Shallenberger,1
6 - Mark Hite,1
"A four inch high stack of individuals, including many physicians and researchers in the field of spinal cord injury as well as Christopher Reeve, Gen. H. Norman Schwarzkoph, U.S. Senator Dianne Feinstein and Honorable Pete Stark, House of Representatives",1
A group of State Bargaining Unit 2 members recommends,1
"Al Austin, Council Member, Eighth District, City of Long Beach",1
"Alan Haffa, Councilmember, City of Monterey",1
"Andy Molina, Council Member, City of Huntington Park",1
"Ara Najarian, City of Glendale Councilmember",1
"Ara Najarian, Director, MTA, Councilmember, City of Glendale",1
"Art Gage, Councilmember, City of Riverside",1
"Ash Kalra, Councilmember, City of San Jose",1
"Ash Kalra, Councilmember, District 2, City of San Jose",1
Assemblyman Woodruff,1
"Barry E. Weiss, Director, City of San Carlos Parks and Recreation",1
"Beatriz Bustamante, Hispanic Advisory Committee of Danville",1
"Beth Thomas, R.N./N.P., Litton Applied Technology",1
"Bill Horn, County Supervisor, County of San Diego",1
"Bill Horn, County of San Diego Supervisor, 5th District",1
"Bill Rosendahl, 11th District Councilmember, City of Los",1
"Bill Rosendahl, Councilman, City of Los Angeles",1
"Blanca Alvarado, Supervisor, County of Santa Clara",1
"Blong Xiong, City of Fresno Council Member, District 1",1
"Blong Xiong, Councilmember, City of Fresno",1
"Blumenfield, Bob (Councilmember, City of Los Angeles, Third District)",1
"Bob Emery, Councilmember, City of Poway",1
"Brent A. Tercero, Councilmember, City of Pico Rivera",1
"Brian Calhoun, Councilmember, City of Fresno",1
"Brian Calhoun, Councilmember, District 2, City of Fresno",1
"Bruce Gibson, District Two Supervisor, County of San Luis Obispo Board of Supervisors",1
"Byron Wear, City of San Diego Councilmember",1
"Caity Maple, Councilmember District 5, City of Sacramento",1
California State University Individual letter from a member of the Alumni Association,1
"Carlos A. Leon, Councilmember, City of Anaheim",1
"Carol S. Bruch, Professor Emeritus at the UC Davis School of Law",1
"Catherine Jones, Camilla Moates, Inge Tiegel-Doherty",1
"Charles ""Chappie"" Jones, Councilmember, District 1, City of San Jose",1
"Charles Chrietzberg, Member, Governor's Task Force on Base Closures",1
"Charles Peterson, County of Mendocino Supervisor",1
"Chris Barajas, Councilmember, City of Jurupa Valley",1
"Chris Pedersen, gift basket entrepreneur",1
"Cindy Chavez, Councilmember, City of San Jose",1
"Cindy Chavez, Vice Mayor, City of San Jose",1
"City Council Member Alysa Cisneros, City of Sunnyvale",1
"City Council Member Brian Barnacle, City of Petaluma",1
"City Council Member Gerard Giudice, City of Rohnert Park",1
"City Council Member James Coleman, City of South San Francisco",1
"City Council Member Jonathan Weinberg, City of Los Altos",1
"City Council Member Mason Fong, City of Sunnyvale",1
"City Council Member Omar Din, City of Sunnyvale",1
"City Council Member Rick Bonilla, City of San Mateo",1
"City Council Member Victoria Fleming, City of Santa Rosa",1
City of El Segundo Councilwoman Nancy Wenick,1
City of El Segundo Jean Warnes,1
City of El Segundo Sandra Jacobs,1
City of Orange County Supervisor Chris Norby,1
"City of West Hollywood Councilmember Marti Emerald, 7th District, City of San Diego Councilmember Sherri S. Lightner, 1st District, City of San Diego Councilmember Donna Frye, 6th District, City of San Diego",1
"Collin, Illa, Supervisor, County of Sacramento",1
"Council Member Alysa Cisneros, City of Sunnyvale",1
"Council Member Anthony Phan, City of Milpitas",1
"Council Member Cathy Murillo, City of Santa Barbara",1
"Council Member Charlie Rosales, City of La Verne",1
"Council Member Emily Ramos, City of Mountain View",1
"Council Member Gregg Hart, City of Santa Barbara",1
"Council Member Harwood ""Bendy"" White, City of Santa Barbara",1
"Council Member Janice Hahn, City of Los Angeles",1
"Council Member Jesse Zwick, City of Santa Monica",1
"Council Member Joe Buscaino, City of Los Angeles",1
"Council Member José Trinidad-Castañeda, City of Buena Park",1
"Council Member Lucas Ramirez, City of Mountain View",1
"Council Member Mike Johnson, City of Ventura",1
"Council Member Nelson Esparza, City of Fresno District 7",1
"Council Member Norma Campos Kurtz, City of Anaheim",1
"Council Member Rashi Kesarwani, City of Berkeley",1
"Council Member Richa Awasthi, City of Foster City",1
"Council Member Richard Mehlinger, City of Sunnyvale",1
"Council Member, City of Anaheim",1
"Council Member, City of Huntington Beach",1
"Council Member, City of Laguna Niguel",1
"Council Member, City of San Juan Capistrano",1
"Council Member, City of Santa Ana",1
"Council Member, City of Santa Margarita",1
"Council Members (2), City of Newport Beach",1
"Council Woman Patsy Marshall, City of Buena Park",1
"Councilman Fred Strong, City of El Paso de Robles",1
"Councilman Mike A. Gipson, City of Carson",1
"Councilman Ron Beagley, City of Walnut Creek",1
"Councilman Scott H. Peters, City of San Diego",1
"Councilmember Abel Guillen, City of Oakland",1
"Councilmember Alex Evans, City of Richmond",1
"Councilmember Alex Fisch, City of Culver City",1
"Councilmember Alysa Cisneros, City of Sunnyvale",1
"Councilmember Ann Keighran, City of Burlingame",1
"Councilmember Anthony Phan, City of Milpitas",1
"Councilmember Anthony Young, City of San Diego",1
"Councilmember Bernard Parks, City of Los Angeles",1
"Councilmember Billy Bradshaw, City of Needles",1
"Councilmember Bonnie Pannell, City of Sacramento",1
"Councilmember Brian Barnacle, City of Petaluma",1
"Councilmember Brian Calhoun, City of Fresno",1
"Councilmember Brian W. Jones, City of Santee",1
"Councilmember Caity Maple, Chair, Law and Legislation Committee, City of Sacramento",1
"Councilmember Caity Maple, City of Sacramento, District 5",1
"Councilmember Carmen Ramirez, City of Oxnard",1
"Councilmember Carroll Fife, City of Oakland",1
"Councilmember Cecilia Lunaparra, City of Berkeley, District 7",1
"Councilmember Claudia Jimenez, City of Richmond, District 6",1
"Councilmember Courtney Walsh, City of Emeryville",1
"Councilmember Cynthia Conners, City of Laguna Woods",1
"Councilmember Dan Prince, City of Ripon",1
"Councilmember Daniel Goldstein, City of Hayward",1
"Councilmember Darrell Fong, City of Sacramento",1
"Councilmember Das Williams, City of Santa Barbara",1
"Councilmember David Pandori, City of San Jose",1
"Councilmember David Penaloza, City of Santa Ana",1
"Councilmember Dee Andrews, 6th District, City of Long Beach",1
"Councilmember Dennis Zine, City of Los Angeles",1
"Councilmember Desley Brooks, City of Oakland",1
"Councilmember Dominic Farinha, City of Patterson",1
"Councilmember Emily Ramos, City of Mountain View",1
"Councilmember Eric Garcetti, City of Los Angeles",1
"Councilmember Eric Ohlsen, City of Palmdale",1
"Councilmember Fernando Vasquez, City of Downey",1
"Councilmember Gleam Davis, City of Santa Monica",1
"Councilmember Greig Smith, City of Los Angeles",1
"Councilmember Heather Fargo, City of Sacramento",1
"Councilmember Herb J. Wesson, Jr., City of Los Angeles",1
"Councilmember Igor Tregub, City of Berkeley, District 4",1
"Councilmember Jake McKenzie, City of Rohnert Park",1
"Councilmember Jan Perry, City of Los Angeles",1
"Councilmember Janice Hahn, City of Los Angeles",1
"Councilmember Jerome Stocks, City of Encinitas",1
"Councilmember Jerry Holloway, City of Rancho Santa Margarita",1
"Councilmember Jesse Zwick, City of Santa Monica",1
"Councilmember Jim Avalos, City of Selma",1
"Councilmember Joe Brown, City of Laguna Niguel",1
"Councilmember Joe Carchio, City of Huntington Beach",1
"Councilmember John Bauters, City of Emeryville",1
"Councilmember John Erickson, City of West Hollywood",1
"Councilmember John Mitchell, City of Colton",1
"Councilmember Johnathan R. Hernandez, City of Santa Ana",1
"Councilmember Jon Wizard, City of Seaside",1
"Councilmember Jose Huizar, City of Los Angeles",1
"Councilmember Jose Rodriguez, City of National City",1
"Councilmember Joseph N. Yee, City of Sacramento",1
"Councilmember José Trinidad-Castañeda, City of Buena Park",1
"Councilmember Jovanka Beckles, City of Richmond",1
"Councilmember Katie Valenzuela, City of Sacramento",1
"Councilmember Katie Valenzuela, District 4, City of Sacramento",1
"Councilmember Keith Land, City of Lodi",1
"Councilmember Kelly A. Bennett, City of Murrieta",1
"Councilmember Kevin Mcdonnell, City of Petaluma",1
"Councilmember Kriss Worthington, District 7, City of Berkeley",1
"Councilmember Larry Forester, City of Signal Hill",1
"Councilmember Lori Droste, City of Berkeley",1
"Councilmember Lorie Zapf, City of San Diego",1
"Councilmember Lorie Zapf, Second District, City of San Diego",1
"Councilmember Lucas Ramirez, City of Mountain View",1
"Councilmember Luis Uribe, City of Riverbank",1
"Councilmember Magdalena Carrasco, City of San Jose",1
"Councilmember Maggie Houlihan, City of Encinitas",1
"Councilmember Mai Vang, City of Sacramento",1
"Councilmember Mai Vang, City of Sacramento, District 8",1
"Councilmember Marni von Wilpert, City of San Diego",1
"Councilmember Matt Mahan, City of San Jose",1
"Councilmember Michael Zucchet, City of San Diego",1
"Councilmember Mike Johnson, City of Ventura",1
"Councilmember Mike Karbassi, City of Fresno District 2",1
"Councilmember Mitch O'Farrell, City of Los Angeles",1
"Councilmember Mitch O'farrell, 13th District, City of Los Angeles",1
"Councilmember Nancy Ross, City of Cathedral City",1
"Councilmember Noel Gallo, City of Oakland",1
"Councilmember Pam O'Connor, City of Santa Monica",1
"Councilmember Paul Canepa, City of Stockton, District 3",1
"Councilmember Randon K. Lane, City of Murrieta",1
"Councilmember Rebecca J. Garcia, City of Watsonville",1
"Councilmember Richard Alarcon, City of Los Angeles",1
"Councilmember Richard Mehlinger, City of Sunnyvale",1
"Councilmember Rita Walters, City of LA",1
"Councilmember Robert Christman, City of Loma Linda",1
"Councilmember Sam Allevato, City of San Juan Capistrano",1
"Councilmember Scott Sherman, City of San Diego, District 7",1
"Councilmember Sean Elo-rivera, City of San Diego",1
"Councilmember Sergio Infanzon, City of Bell Gardens",1
"Councilmember Sherri Lightner, City of San Diego",1
"Councilmember Sherri S. Lightner, City of San Diego",1
"Councilmember Soheila Bana, City of Richmond, District 4",1
"Councilmember Stephen Whitburn, City of San Diego",1
"Councilmember Steve Cohn, City of Sacramento",1
"Councilmember Steve Hansen, City of Sacramento",1
"Councilmember Steven Neal, 9th District, City of Long Beach",1
"Councilmember Stienberg, City of Sacramento",1
"Councilmember Suja Lowenthal, City of Long Beach",1
"Councilmember Tim Raboy, City of Galt",1
"Councilmember Tonia Reyes Uranga, 7th District, City of Long",1
"Councilmember Tony Cardenas, City of Los Angeles",1
"Councilmember Tyron Hampton, City of Pasadena",1
"Councilmember Val Lerch, City of Long Beach",1
"Councilmember Vincent Sarmiento, City of Santa Ana",1
"Councilmember Wendy Thomas, City of Placerville",1
"Councilmember, 2nd District, City of Los Angeles",1
"Councilmember, 7th District, City of Los Angeles",1
"Councilmember, City of Benicia",1
"Councilmember, City of Fairfax",1
"Councilmember, City of Oxnard",1
"Councilmember, City of Palmdale",1
"Councilmember, City of Visalia",1
"Councilmember, District 4, City of Berkeley",1
"Councilmember, Sixth District, City of San Diego",1
County of Beverly Del Soldato,1
County of Mae Duncan,1
County of Norman Duncan,1
"County of Santa Cruz, Board of Supervisor Member Neal Coonerty",1
County of Susan C. Harlan,1
County of private citizens Susan Hyatt,1
Cudahy City Council Dr. John Robertson,1
Cudahy City Council Jane Friedkin,1
"Cynthia Sterling, City of Fresno Councilmember",1
"Dan Baker, Councilmember Second District, City of Long Beach",1
"Dan Madden, Interim Municipal Services Director, City of Modesto",1
Daniel A,1
"Daniel Barton, Esq., of Nolan & Armstrong",1
"Daniel Keesey, Director of Public Works, City of La Verne",1
"Daniel Penaloza, Council Member, City of Porterville",1
"Dave Cortese, County of Santa Clara Supervisor",1
"Dave Cortese, County of Santa Clara Supervisor, District Three",1
"Dave Finigan, District 5 Supervisor, County of Del Norte",1
"Dawn Ortiz-Legg, District Three Supervisor, County of San Luis Obispo Board of Supervisors",1
"De La Fuente, Ignacio, City of Oakland Councilmember, District 5",1
"Debbie Arnold, District Five Supervisor, County of San Luis Obispo Board of Supervisors",1
"Dennis P. Zine, Council Member, City of Los Angeles",1
"Deputy Major Maggie Houlihan, City of Encinitas",1
"Deputy Mayor Jerome B. Stocks, City of Encinitas",1
"Dick Stanford, Councilman, City of Azusa",1
"Don Knabe, Supervisors, Fourth District, County of Los",1
"Don Wagner, Supervisor, County of Orange",1
"Donald Garcia, Former Mayor and Councilmember, City of Aliso Viejo",1
"Donna Colson, Councilmember, City of Burlingame",1
"Donna Frye, Councilmember, Sixth District, City of San Diego",1
"Doreen Farr, County of Santa Barbara Supervisor, 3rd District",1
"Dorothy Klishevich, San Joaquin County Deputy District Attorney",1
"Ed Gallo, Council Member, City of Escondido",1
"Ed P. Reyes, Council Member, City of Los Angeles",1
"Eddie Rose, Councilmember, City of Laguna Niguel",1
"Edward R. Campbell, Supervisor, First District, County of Alameda",1
"Elba Guerrero, Council Member, City of Huntington Park",1
"Eric Guerra, Vice Mayor, City of Sacramento",1
"Ernest Ewin, Council Member, City of La Mesa",1
"Eugene Moses, City of Azusa",1
Eureka City Councilwoman James L. Worthen,1
"Evelyn Skall and Joanne O'Callaghan, as individuals",1
"Felipe Hernandez, Council Member, District One, City of Watsonville",1
"Frank R. Obhaus, Esq. of Berliner & Cohen",1
GSMOL Members residing in Desert Sands Mobilehome Community,1
"Gabe Quinto, Councilmember, City of El Cerrito",1
"Garry Lion, City of Mill Valley",1
"Gary Gardner, Council Member, City of Desert Hot Springs",1
"Gary Kendrick, City Council, City of El Cajon",1
"George G. Alongi, Councilmember, City of Lake Elsinore",1
"Georgette Gomez, Council Member, City of San Diego",1
"Gleam Davis City Councilmember, City of Santa Monica",1
"Glen Spearman, Vice President, Juvenile Traffic Hearing",1
"Gloria Molina, Supervisor, County of Los Angeles",1
"Grace Vallejo, Council Member, City of Delano",1
"Greg Watkins, City Councilman, City of Shasta Lake",1
"Gregory M. Caskey, Supervising Judge, Superior Court, County of Shasta",1
"Haidar Awad, Councilmember, City of Hawthorne",1
"Harrison, Kate (Councilmember, City of Berkeley, District 4)",1
"Harry L. Ovitt, Member, Board of Supervisor, County of San",1
"Henry Chang, Jr., Vice Mayor, City of Oakland",1
"Holly Mitchell, Supervisor, County of Los Angeles",1
"Hon. Dan Horden, Councilmember, City of La Verne",1
"Hon. Don Knabe, Supervisor, County of Los Angeles",1
"Hon. Donna Frye, Councilmember, City of San Diego",1
"Hon. Gus Ayres, Councilmember, City of Fountain",1
"Hon. James Herman, Superior Court of California, County of Santa Barbara, Hon. Steven Austin, Superior Court of California, County of Contra Costa",1
"Hon. John Duran, Councilmember, City of West Hollywood",1
"Hon. Kevin McKeown, Councilmember, City of Santa Monica",1
"Hon. Mike Alvarez, Councilmember, City of Orange",1
"Hon. Paul Biane, Second District Supervisor, County of San",1
"Hon. Richard Bloom, Councilmember, City of Santa Monica",1
"Hon. Ryan Coonerty, Supervisor, County of Santa Cruz",1
"Honorable Abbe Land, City of West Hollywood",1
"Honorable Bill Horn, Supervisor, County of San Diego, Fifth District",1
"Honorable Bill Rosendahl, Councilman, 11th District, City of Los Angeles",1
"Honorable Bob Blumenfield, Councilmember, City of Los Angeles",1
"Honorable Chris Cake, Councilmember, Sixth District, City of San Diego",1
"Honorable Dave Rosenberg, Superior Court Judge, County of Yolo",1
"Honorable David Alvarez, Councilmember, City of San Diego",1
"Honorable Don Knabe, Supervisor, County of Los Angeles",1
"Honorable Fred Keely, Treasurer, County of Santa Cruz",1
"Honorable Greg Cox, Supervisory, County of San Diego, First District",1
"Honorable Josh Bryant, Councilmember, City of Taft",1
"Honorable Keith Carson, Supervisor, County of Alameda, 5th",1
"Honorable Paul Koretz, Council District 5, City of Los Angeles",1
"Honorable Richard H. Pland, County of Tuolumne Board of Supervisors",1
"Honorable Ron Roberts, Supervisor, County of San Diego, Fourth District",1
"Honorable Sam Farr, 17th Congressional District",1
"Honorable Steve Castaneda, Councilmember, City of Chula Vista",1
"Honorable Todd Gloria, Councilmember, City of San Diego",1
"Honorable Val Lerch, former Vice Mayor, City of Long Beach",1
"Howard Jacobs, Deputy Councilmember, City of West Hollywood",1
"Hugh McIsaac, Family Court Services, Portland, Oregon",1
"Hugo Soto-Martinez, Councilmember, City of Los Angeles",1
"Illa Collin, Member, Sacramento County Board of Supervisors 542",1
"In opposition to the measure, Judge Quentin Kopp",1
"Jack Feller, Councilmember, City of Oceanside",1
"James Dahl, Former Mayor and Councilmember, City of San Clemente",1
"James H.A. Pooley, Esq. of Fish & Richardson",1
"James W. Silva, Supervisor, Second District, City of Orange",1
"Jan Harnik, Council Member, City of Palm Desert",1
"Jean Warmes, Councilmember, City of Eureka",1
"Jenny Oropeza, Councilmember First District, City of Long Beach",1
"Jeremy Smith, Councilmember, City of Canyon Lake",1
"Jerome M. Kern, Councilmember, City of Oceanside",1
"Jerry Lenthal, Member, Board of Supervisors, County of San",1
"Jim Madaffer, Councilmember, City of San Diego",1
"John Erickson City Councilmember, City of West Hollywood",1
"John Leopold, Supervisor, County of Santa Cruz",1
"John Peschong, District One Supervisor, County of San Bernardino",1
"John Peschong, District One Supervisor, County of San Luis",1
"Jon Wizard - Councilmember, City of Seaside",1
"Jon Wizard City Councilmember, City of Seaside",1
"Jon Wizard Council Member, City of Seaside",1
"Josie Gonzales, 5th District Supervisor, County of San",1
"Josie Gonzales, 5th District Supervisor, County of San Bernardino",1
"Josie Gonzalez, Council Member, City of Coachella",1
Judge Harlan Grossman (ret.),1
"Judge Harold Bradford, Superior Court, Alpine County",1
Judge Quentin L,1
"Judge Quentin L. Kopp, County of San Mateo",1
"Judge Rolleen K. Mcilwrath, County of San Joaquin",1
"Karen Humphrey, Past Mayor, City of Fresno",1
"Karin Mohr, Councilmember, City of Pleasanton",1
"Kathrin Sears, Supervisor, County of Marin",1
"Kathy Neal, Member, CA Integrated Waste Management Board",1
"Katie Valenzuela, City of Sacramento, Councilmember",1
Keller California Appellate Court Justice Stewart Contra Costa Superior Court Judge Mockler Los Angeles Superior Court Judges: Sloan,1
"Ken Rosenblatt, Santa Clara County Deputy District Attorney",1
"Kevin McCarty, Councilmember, District 6, City of Sacramento",1
Kit Cole,1
"Kriss Worthington, Councilmember, City of Berkeley",1
"Linda J. LeZotte, Councilmember, City of San Jose",1
"Lori Droste City Council Member, City of Berkeley",1
"Lorie Zapf, Councilmember, City of San Diego",1
"Lt. Don Stefani, City of Campbell Police Department",1
"Lynn Compton, District Four Supervisor, County of San Luis Obispo Board of Supervisors",1
"Madison Nguyen Councilmember, City of San Jose",1
"Marcia Rudloph, Councilmember, City of Lake Forest",1
"Maria Orozco, City of Gonzales Council Member",1
"Marian Wolfe, Housing Advisory Commissioner, City of Berkeley",1
"Mark Wheetley, City of Arcata Councilmember",1
"Marqueece Harris Dawson, Council Member, City of Los Angeles",1
"Marti Emerald, State Building and Trades Council",1
"Marvin E. Crist, Vice Mayor, City of Lancaster",1
"Mary England, Councilmember, City of Lemon Grove",1
"Mary England, Former Councilmember, City of Lemon Grove",1
"Matt Jiminez, Councilmember, City of Hayward",1
Member Second District George Runner,1
Merced Larry Galvan,1
"Michael D. Antonovich, Board of Supervisors County of Los Angeles",1
"Michael Feuer, City of Los Angeles Councilman",1
"Michael Tubbs, Councilman, City of Stockton",1
"Michele Diaz, City of Artesia Councilmember",1
"Mike A. Gipson, Councilmember, City of Carson",1
"Mike Carroll, Councilmember, City of Irvine",1
"Mike McCluskey, Director of Public Works, City of San Luis Obispo",1
"Mike Murphy, Council Member, City of Merced",1
"Mr. and Mrs. A.R. Salbi, City of Torrance",1
"Ms. Yvonne Brathwaite Burke, Supervisor, County of Los",1
"Myrna De Vera, Vice-Mayor, City of Hercules",1
"Natasha Johnson, Councilmember, City of Lake Elsinore",1
"Nate Miley, Supervisor, District 4, County of Alameda",1
"Nathan Fletcher, Supervisor, District 4, County of San Diego",1
"Norm Boyer, Chief Legislative Representative, City of Los Angeles",1
"Office of Councilmember Al Austin, City of Long Beach, 8th District",1
"Oliver L. Baines, Council Member, City of Fresno",1
One Private Citizen 755,1
"POSITIONS, Continued Prof. Thomas Hahn, Hughes Professor of Manufacturing",1
"Pamela Bensoussan, Deputy Mayor, City of Chula Vista",1
"Paul Koretz, Council Member, City of Los Angeles",1
Philip Lee Squire (56190 member) District,1
"Phillip Bautista, Council Member, City of Coachella",1
"Professor Carol Bruch, UCD School of Law",1
"Professor Gerald Uelman, Santa Clara University School of Law (with reservation)",1
"Professor Imwinkelreid (University of California Davis evidence expert), opines that this feature of the bill is particularly troublesome and may violate due process. The determination of witness bias is",1
"Quan Van Le, Member, Sacramento Metropolitan Arts Commission",1
"Ralph Inzunza, Councilmember, City of San Diego",1
"Rashi Kesarwani City Council Member, City of Berkeley",1
"Related bills . Last year, Assembly Member Figueroa",1
"Retired Police Chief, City of Grover Beach",1
"Ricardo Pacheco, City of Baldwin Park Councilman",1
Richard Alatorre - Los Angeles City Council Member,1
Rick Battson,1
"Rick Farinelli, County of Madera Supervisor",1
"Robert Erickson, LCSW, MPA, Director of Health Services, County of Lake",1
"Robert Hill, former Assistant District Attorney for Lassen County",1
"Robert J. Beste, Public Works Director, City of Torrance",1
Robert Owen,1
"Robert Torres, Councilmember, City of Pomona",1
"Roberta Supervisor, County of Sacramento",1
"Roger Hernandez, City of West Covina Councilmember",1
"Ron Roberts, Supervisor, Fourth District, County of San Diego",1
"Ronald C. Taylor, Vice President, Academic Services, Chabot College",1
"Ronald L. Hartman, Attorney",1
"Russ Melton, Councilmember, City of Sunnyvale",1
Sacramento City Councilmember Deborah Ortiz,1
"Salud Carbjal, County of Santa Barbara Supervisor, 1st District",1
"Salvatore LaMattina, 1st District Councilor, City of Boston, MA",1
"San Diego, City of San Diego, Councilmember Chris Cate",1
"Sergio Jimenez City Councilmember City, City of San Jose",1
"Several family law attorneys, as individuals",1
"Shane Brinton, City of Arcata Councilmember",1
"Sherry McCoy, City Council Member, City of Hercules",1
"Sol Jobrack, District 1 Councilmember, City of Stockton",1
"Stephen Whitburn, Councilmember, City of San Diego",1
"Steve Bennett, Supervisor District 1, County of Ventura",1
"Steve Bloomer, Councilperson, City of Seaside",1
"Steve Castaneda, Councilmember, City of Chula Vista",1
"Steve Devine, Program Manager, Public Works, County of Napa",1
"Steve Fioretti, Senior Director Product Marketing, Siebel Systems",1
"Steve McShane, Citcy Councilman, City of Salinas",1
"Steve Palmisano, Director of Public Works & Utilities, City of Watsonville",1
"Steven Choi, City of Irvine Councilmember",1
"Steven Neal, Councilmember 9th District, City of Long Beach",1
Superior Court Judge Ricardo Torres,1
"Supervisor Adrienne Tissier, County of San Mateo",1
"Supervisor Anthony W. Farrington, County of Lake, Board of Supervisors, District 4",1
"Supervisor Bob Nelson, District 4, County of Santa Barbara",1
"Supervisor Bruce Gibson, District Two, County of San Luis Obispo",1
"Supervisor Cindy Chavez, District 2, County of Santa Clara",1
"Supervisor Das Williams, County of Santa Barbara",1
"Supervisor Dave Pine, County of San Mateo",1
"Supervisor Dawn Ortiz-Legg, District Three, County of San Luis Obispo",1
"Supervisor Debbie Arnold, District Five, County of San Luis Obispo",1
"Supervisor Dennis Hansberger, County of San Bernardino",1
"Supervisor Don Horsley, Board of Supervisors, County of San Mateo",1
"Supervisor Don Knabe, County of Los Angeles Board of Supervisors",1
"Supervisor Don Wagner, County of Orange",1
"Supervisor Ed Robey, County of Lake, Board of Supervisors, District 1",1
"Supervisor Federal Glover, County of Contra Costa",1
"Supervisor Gloria Molina, County of Los Angeles Board of Supervisors",1
"Supervisor Jane Parker, County of Monterey",1
"Supervisor Jaron E. Brandont, County of Tuolumne District 5",1
"Supervisor Jeff Smith, County of Lake, Board of Supervisors, District 2",1
"Supervisor Jeff Stone, County of Riverside",1
"Supervisor Jeff Stone, Third District, County of Riverside",1
"Supervisor Jim Venable, County of Riverside",1
"Supervisor Joan Hartman, County of Santa Barbara",1
"Supervisor John Leopold, County of Santa Cruz",1
"Supervisor John Peschong, District One, County of San Luis Obispo",1
"Supervisor Jon McQuiston, County of Kern",1
"Supervisor Joseph Simitian, County of Santa Clara",1
"Supervisor Josie Gonzales, 5th District, County of San Bernardino",1
"Supervisor Kathryn Barger, Fifth District, County of Los Angeles",1
"Supervisor Keith Caldwell, County of Napa",1
"Supervisor Liz Kniss, County of Santa Clara",1
"Supervisor Lofgren, County of Santa Clara",1
"Supervisor Lynn Compton, District Four, County of San Luis Obispo",1
"Supervisor Michael Antonovich, County of Los Angeles",1
"Supervisor Mike Ennis, County of Tulare",1
"Supervisor Monica Brown, District 2, County of Solano",1
"Supervisor Monica E. Brown, County of Solano",1
"Supervisor Neil Derry, 3rd District, County of San Bernardino",1
"Supervisor Nora Vargas, County of San Diego",1
"Supervisor Patricia Bates, County of Orange",1
"Supervisor Peter Foy, County of Ventura",1
"Supervisor Rob Brown, County of Lake, Board of Supervisors, District 5",1
"Supervisor Roy Ashburn, County of Delano",1
"Supervisor Steve A. Perez, County of Kern",1
"Supervisor Steven Brandau, County of Fresno",1
"Supervisor Tony Campos, Fourth District, County of Santa Cruz",1
"Supervisor Yaroslavsky, County of LA",1
"Supervisor, County of Fresno",1
"Supervisor, Fifth District, County of Los Angeles",1
"Supervisor, Fourth District, County of Los Angeles",1
"Sweetwater Authority Board Member, Jess Van Deventer",1
"Terry Taplin, City Council Member, City of Berkeley",1
"Terry Taplin, Council Member, City of Berkeley",1
"The Hon. Keith Carson, Supervisor, County of Alameda, 5th",1
"The Honorable Al Austin, Councilmember, City of Long Beach",1
"The Honorable Cynthia A. Sterling, Councilmember, City of Fresno",1
"The Honorable Dave Pine, Supervisor, County of San Mateo",1
"The Honorable David Alvarez, Councilmember, City of San Diego",1
"The Honorable Dennis Townsend, Supervisor, County of Tulare",1
"The Honorable Doug Verboon, Supervisor, County of Kings",1
"The Honorable Drew Bessinger, Councilmember, City of Clovis",1
"The Honorable Felipe Fuentes, Councilmember, City of Los Angeles",1
"The Honorable Frank Matarrese, Councilmember, City of Alameda",1
"The Honorable Garry Bredefeld, Councilmember, City of Fresno",1
"The Honorable Joe Neves, Supervisor, County of Kings",1
"The Honorable Justin Cummings, Ph.D., Supervisor, County of Santa Cruz",1
"The Honorable Larry Micari, Supervisor, County of Tulare",1
"The Honorable Luis Chavez, Councilmember, City of Fresno",1
"The Honorable Matt Kingsley, Supervisor, County of Inyo",1
"The Honorable Michael Antonovich, Supervisor, County of Los",1
"The Honorable Mike Karbassi, Councilmember, City of Fresno",1
"The Honorable Nathan Magsig, Supervisor, County of Fresno",1
"The Honorable Oscar Rosales, Councilmember, City of Mendota",1
"The Honorable P. David Benavides, Councilmember, City of Santa Ana",1
"The Honorable Paul Koretz, Councilman, City of Los Angeles",1
"The Honorable Peggy Huang, Council Member, City of Yorba Linda",1
"The Honorable Pete Vander Poel, Supervisor, County of Tulare",1
"The Honorable Ray Singlento, Councilmember, City of Coalinga",1
"The Honorable Ray Singleton, Councilmember, City of Coalinga",1
"The Honorable Richard Alatorre, Los Angeles City Councilman",1
"The Honorable Richard Valle, Supervisor, County of Kings",1
"The Honorable Robert Poythress, Supervisor, County of Madera",1
"The Honorable Sal Quintero, Supervisor, County of Fresno",1
"The Honorable Tanya Stolz, Councilmember, City of Coalinga",1
"The Honorable Vong Mouanoutoua, Councilmember, City of Clovis",1
"Then-Councilman Antonio R. Villaraigosa, City of Los Angeles",1
"Toni Atkins, Councilmember, Third District, City of San Diego",1
"Tony Campos, Supervisor, County of Santa Cruz",1
"Tony Cardenas, Council Member, City of Los Angeles",1
"Tony Mendoza, Council Member, City of Artesia",1
"Tyron Hampton, Councilmember, City of Pasadena",1
United States Senators Diane Feinstein and Barbara Boxer and the California Congressional delegation to continue in their,1
"V. Manuel Perez, Supervisor, County of Riverside",1
Various letters from independent physicians,1
"Vartan Gharpetian, City of Glendale Councilmember",1
"Vice Mayor Francisco Ramirez, City of Hanford",1
"Vice Mayor Giselle Hale, City of Redwood City",1
"Vice Mayor Gloria C. Normura, City of Stockton",1
"Vice Mayor Jack Shu, City of La Mesa Councilmember Joe LaCava, City of San Diego",1
"Vice Mayor Jen Wolosin, City of Menlo Park",1
"Vice Mayor Lucas Ramirez, City of Mountain View",1
"Vice Mayor, City of Placerville - Marian E. Washburn",1
Walter Mix State Banking Commissioner,1
"William Allen, Los Angeles Superior Court",1
"Yvonne Brathwaite Burke, Board of Supervisors, County of Los",1
"Yvonne Brathwaite Burke, Supervisor, County of Los Angeles",1
"Zach Hilton-City Council Member, City of Gilroy",1
"Zack Scrivner, Supervisor, 2nd District, County of Kern",1
"Zareh Sinanyan, City of Glendale Councilmember",1
"Zella Knight, Housing Commissioner, County of Los Angeles Housing Authority",1
"Zev Yaroslavsky, Supervisor, County of Los Angeles",1
"and, numerous residents of the City of El Monte",1
"and, several members of the LAIF Advisory Board",1
believes the consolidation is a mistake because Judicial,1
including Insurance Commissioner Dave Jones,1
"California Professional Firefighters, Brian Hatch, Dir. Gov. Affairs",1
"Alan Ruby, Esq., of Morgan, Ruby, Schofiled, Franich & Fredkin",1
"Toby Ross, City Manager, City of West Sacramento",1
"Tom Bordonaro, Jr., Assessor, County of San Luis Obispo",1
"Wendy Greuel, Controller, City of Los Angeles",1
"William Matthew Ditzhazy, City Attorney, City of Palmdale",1
"COUNCIL MEMBER JON WIZARD, CITY OF SEASIDE",0
"HONORABLE SALUD CARABAJAL, MEMBER OF U.S. CONGRESS",0
"SCOTT WIENER, SUPERVISOR - DISTRICT 8, SAN FRANCISCO",0
