org_name,count
Opposition,78
International,35
"Black Brant Group, the Cal-ore Wetlands and Waterfowl Council",5
"Child Abuse Prevention Center and its Affiliates Safe Kids California, Prevent Child Abuse California and the California Family Resource Association",18
County of City of Santa Clara,7
Issue | | |days |days,1
"Jewish Federation of Greater Los Angeles, the Jewish Federation of Greater Santa Barbara",18
"Jewish Federation of Greater Los Angeles, the Jewish Federation of the Greater San Gabriel and Pomona Valleys",4
Education Trust-West EdVoice,17
Planning and Conservation League Sierra Club,2
Marin and Sacramento Builders Exchanges,2
Sempra Energy and its Affiliates: San Diego Gas & Electric Company and Southern California Gas Company,7
"California Innocence Coalition: Northern California Innocence Project, California Innocence Project, Loyola Project for the Innocent",18
County of City of Los Angeles,2
Allied Managed Care and Acclamation Insurance Management Services,10
Florin Resource Conservation District/elk Grove Water District,5
County of City of San Mateo,2
County and Municipal Employees American Legion,5
Catholic Healthcare West Kaiser Permanente,16
County and Municipal Employees California Labor Federation,13
Academy of California Adoption Lawyers/Academy of California Family Formation Lawyers,11
County of City of Marin,14
California Fire Chiefs Association and Fire Districts,7
"California Taxpayers Association, Howard Jarvis Taxpayers",8
County of Vacaville Chamber of Commerce,13
County of City of Riverside,5
"Defense Council, Planning and Conservation",4
"5 Gyres Institute, the Active San Gabriel Valley",7
Hills and Rancho Santa Margarita,9
County of City of Glenn,12
County of City of San Joaquin,12
"Habra, Lodi, Long Beach, Marin, Menlo Park, Montclair, Mountain View, Napa City, Nevada County, Newport Beach, Orange City, Orange County, North Highlands, Pasadena, Redlands, Sacramento, San Bernardino, San Diego, San",6
"5 Gyres Institute, the 7th Generation Advisors",6
California Peace Officers' Association and California,11
Orange County School of the Arts / California School of the Arts Foundation,9
UC and CSU,10
Feline Foundation/Valley Animal Center,10
Inland Ocean Coalition & Colorado Ocean Coalition,8
"5 Gyres Institute, the Audubon California",1
"Trust for Public Land, The Upstream",1
County of National Association of Social Workers,2
"20/20 Recycling Centers/Contain-A-Way, Inc",8
"American Federation of State, County and Municipal Employees, Associated Builders and Contractors of California",3
California Association of Health Plans (CAHP) and Association of California Life and Health Insurance Companies (ACLHIC),13
Cities of: Agoura Hills,9
Jetty Extracts and the Shelter Project,7
California Feline Foundation & Valley Animal Center - Fresno,9
"California Chamber of Commerce, California Manufacturers and Technology Association",2
"Sierra Club, Planning and Conservation League",3
"Black Brant Group, the California Bowmen Hunters/state Archery Association",1
"California Medical Association Aetna, Inc",9
County of City of Alameda,9
County of City of San Bernardino,9
County of City of San Diego,9
County of City of Santa Rosa,2
County of County,1
Inc. Hotel Employees,7
Sheriffs of Los Angeles and San Mateo,5
"Systems, Inc., Planning and Conservation",3
AFL-CIO California Tax Reform Association,5
Assistance Program/Family Violence Project,6
Brawley Chamber of Commerce Brea Chamber of Commerce,8
California Financial Services Association California Retailers Association,4
"California Taxpayers Association, Howard Jarvis Taxpayers Association",4
"San Diego, Southern California, and Central California Chapters of Associated Builders and Contractors",7
American Career College/West Coast University,8
"Santa Clara Valley Water District, Association of California Water Agencies",3
"Trust for Public Land, The Wild Places",2
County of Humboldt . California State Association of Counties,2
Children's Advocacy Institute / Dependency Legal Services,2
California Association of Area Agencies on Aging Alzheimer's Association Alzheimer's Greater Los Angeles Alzheimer's Orange County Alzheimer's San Diego California Collaborative for Long-term Services and,4
California Attorney Generalos Office Association for California Tort Reform,8
County of Legal/Court Interpretation Program,8
"County, Santa",5
"Fernando Valley, San Gabriel Valley and East San Gabriel",5
Women for:...: Coalition for Family Equity,2
County of Cities of Adelanto,2
County of County of San Bernardino,8
County of County of San Mateo,8
County of County of Yolo,8
"California State Association of Counties, East",4
Air Transport Association Southwest Airlines,7
"California State Association of Counties, League of California Cities",4
Child Abuse Prevention Center/California Family Resource Association,5
Commonweal/Californians for Juvenile Justice Reform,8
County of Vista Chamber of Commerce,7
Pacific Coast Federation of Fishermen's Associations/Institute for Fisheries Resources,5
Safari Club International Foundation and Safari Club International,9
San Francisco BayKeeper and DeltaKeeper,4
Santa Clara Chamber of Commerce and Simi Valley Chamber of Commerce,7
Unions California Labor Federation,7
"United Way Fresno Madera Counties, United Way of Stanislaus County",7
Southland Partnership Corporation/P.O.W.E.R. Collaborative Network,6
Turlock Scavenger Turlock Recycling Turlock Transfer,1
"Communication Workers of America Local 9412, and Local 9423",7
County and Municipal Employees AMVETS,2
"Boards of supervisors of Del Norte, Humboldt, Mendocino, Sonoma, Napa, Shasta, Yuba, and El Dorado counties",1
"5 Gyres Institute, The American Academy of Pediatrics, California",3
AFL-CIO Judy Michaels,6
Adventist Health and Loma Linda University Medical Center,3
"American Federation of State, County and Municipal Employees, AFL-CIO American Legion-Department of California",3
"American of Federal, State, County and Municipal Employees, AFL-CIO Peace Officers Research Association of California",3
"Associated Builders and Contractors, San Diego, Southern California and Central Valley Chapters",2
"Attorney General, the League of California Cities, the County Supervisors Association",5
"Audubon California, Defenders of Wildlife, The Nature",4
"Bay, Torrance, Tehama County, Tulare County, Ventura",5
CMHDA and CSAC,1
"California Building Industry Association, California Business Properties Association",4
"California Rural Legal Assistance Foundation, Western Center on Law and Poverty",6
"California State Association of Counties, California State Association of Local Agency Formation Commissions, East Bay Municipal Utility District",3
"Center for Oceanic Awareness, Research, and Education, the Center for Public Environmental Oversight",4
"Cities of: Camarillo, Chino Hills, Rancho Cucamonga",6
Cook Erectors Cordova Glass Co,7
"Counties of: Riverside, Sacramento, San Bernardino",6
"County, South",5
"Firefighters Associations of Alhambra, Alpine, American",6
"Humane Society of the United States, The Humane Society Veterinary Medical Association",3
Jefferson Smurfit Corporation/Container Co. of America,6
LAX Coastal Chamber of Commerce Los Angeles Parking Association,6
"Planning and Conservation League, South Coast Air",4
Plastic Pollution Coalition/ the Last Plastic Straw,3
Public Interest Law Project/California Affordable Housing Law Project,3
Safari Club International/Safari Club International Foundation,6
"Towns of: Apple Valley, Town of Danville, Hillsborough, Mammoth Lakes, Paradise, Tiburon, Windsor, Yountville",6
Western States Council Del Mar Firefighters Loc. 4163,6
"American Legion-Department of California, AMVETS-Department of California, California State Commanders Veterans Council",5
"Charge Ahead California Campaign (Coalition for Clean Air, Communities for a Better Environment, Environment California, The Greenlining Institute, Natural Resources Defense Council)",6
Jewish Federation of The Sacramento Region and The Sacramento Jewish Community Relations Council,6
American Heart Association/American Stroke Association (AHA/ASA),6
"Planning and Conservation League, Sierra Club California",4
Consumer Attorneys of California and the California Employment Lawyer's Association,1
"Medical Professionals with: Valley Children's Hospital, Visalia Family Practice",6
California Coastkeeper Alliance: Defenders of Wildlife,4
"New Frontier Democratic Club, President and Chair of Criminal Justice Task Force, Black Women's Forum, Bobbie: Anderson",4
American Civil Liberties Union of California Coalition for Humane Immigrant Rights of Los Angeles Mexican American Legal Defense and Education Fund National Council of La Raza African Advocacy Network Asian Americans Advancing Justice Asian Law Alliance California Attorneys for Criminal Justice California Immigrant Policy Center California Partnership California Public Defenders Association California Rural Legal Assistance Foundation Californians for Safety and Justice Californians United for a Responsible Budget Central American Resource Center - Los Angeles Chinese for Affirmative Action Community United Against Violence Congregations Building Community Del Sol Group,3
California Coastal Protection Network Coastwalk,3
California Medical Association Organizations Expressing Concern,6
California School Boards Association EdVoice,3
California Association of Sanitation Agencies : Amador County,2
County/City Association of Governments,3
AFL-CIO California State Council of Laborers,3
"California Labor Federation, AFL-CIO, Sacramento",2
City of Lasd,2
City of Recology,1
"League, Sierra Club California, Worksafe",2
"Reform Association, American Federation of State, County, and Municipal",2
"Counties of Merced, San Luis Obispo and Stanislaus",2
"Counties of Sonoma, Placer and San Luis Obispo",2
Yuba and Sutter Counties,2
"Boards of Supervisors for Del Norte, Humbolt, Mendocino, Napa, Shasta, Solano, Sonoma, and Yuba Counties",3
"California Community College Trustees, California Community",3
"ACLU, CACJ and California Judges Association",3
"American Federation of State, County, and Municipal Employees, AFL-CIO California Conference of Machinists",2
"Association of California Water Agencies, California Association of Sanitation Agencies",3
Bolt ElectricRex Moore Electrical Contractors & Engineers,5
CAHP and ACLHIC,2
California Association of Health Plans and the Association of California Life and Health Insurance Companies are,3
California Attorneys for Criminal JusticeInter-Agency Council on,2
"California Communities Against Toxics, Planning and Conservation League",5
California Hospital Association Scripps Health,5
"California League of Conservation Voters, Sierra Club California",3
California Native Plant Society Defenders of Wildlife,5
California Pharmacists Association (CPhA) and Western Center on Law & Poverty (WCLP),3
"California Tax Reform Association, California Teachers Association",3
Center/Pathways Domestic Violence Program,3
Cities of Alhambra,3
"Cities of Benicia, Lakewood, Stockton",4
"Cities of: Adelanto, Agoura Hills, American Canyon, Antioch, Arvin, Atascadero, Azusa, Bell Gardens, Bellflower, Belmont, Benicia, Berkeley, Beverly Hills, Bishop, Blythe, Brea, Brisbane, Burbank, Burlingame, California City, Calistoga, Camarillo, Carlsbad, Carmel-by-the-Sea, Carson, Chowchilla, Citrus Heights, Clayton, Cloverdale, Clovis, Coalinga, Colfax, Commerce, Concord, Costa Mesa, Cotati, Covina, Cypress, Daly City, Diamond Bar, Dixon, El Cajon, El Segundo, Emeryville, Encinitas, Exeter, Fairfield, Folsom, Fontana, Fortuna, Foster City, Fountain Valley, Fowler, Fremont, Fullerton, Glendora, Grand Terrace, Greenfield, Gridley, Guadalupe, Half Moon Bay, Hanford, Healdsburg, Hermosa Beach, Hesperia, Highland, Hollister, Huntington Beach, Huntington Park, Huron, Imperial Beach, Irvine, Irwindale, Jackson, Kingsburg, La Palma, La Puente, La Verne, Lafayette, Laguna Beach, Laguna",5
"Cities of: Berkeley, Claremont, Culver City, Cupertino, Del",5
City of San Diego State Board of Equalization Burbank Chamber of Commerce Aris Helicopters,5
City of Torrance County of Butte,5
City of Windsor City of Arcata Councilmember,5
County of San Diego Design-Build Institute of America,5
County of Santa Clara County of Los Angeles,3
"County, CA. State Assoc. of Counties (CSAC) (AFSCME)",2
"County, Metropolitan State Hospital, Monterey County, Mt",5
Daniel Freeman Marina Hospital/Daniel Freeman Memorial,5
Department of General Services/Victim Compensation and Government Claim Board,5
Environmental Working Group & EWG Action Fund,3
Giffords Law Center to Prevent Gun Violence and National Network Of Hospital-Based Violence Intervention Programs (NNHVIP),3
"Gorgonio Pass, Crestline-Lake Arrowhead, and Antelope Valley-East Kern",5
Half Moon Bay Coastside Chamber Surety Company of the Pacific,1
"Hills, Chula Vista, Claremont, Culver City, El Cajon, Laguna Hills, La",5
"Hills, Lake Forest, Lakewood, Lathrop, Lawndale, Lemoore, Lindsay, Livermore, Livingston, Long Beach, Madera, Manhattan Beach, Manteca, Martinez, Marysville, Mendota, Merced, Mill Valley, Modesto , Moreno",5
Inland Abundant Housing & Housing and Homeless Collaborative of Claremont,3
"League of California Cities, Sierra Club California",3
"Legislative Alliance, and Ventura County Climate Hub",3
"Locals 1034, 9400, 9415, 9423",5
Municipal Employees California Labor Federation,5
Museum of Vintage Fashion and Mott Memorial Meadow,5
"NAACP of Sacramento, Santa Rosa and Vallejo",5
"Nature Conservancy, The Pacific Forest Trust",5
"One Lambda, Incorporated (7) Seven Design Co., LTD",5
Sachs & Book California Association of Professional Scientists California Botanical Society-Madrono California Native Plant Society California State University,5
Sheriff-Coroner of Alameda County and of Monterey County,6
"Sr. Claudia Romero, ODN, Office of The Roman Catholic",5
Western Center on Law & Poverty Department of Consumer Affairs,2
California TCM University Alumni Association and Institute of TCM Seminars,5
"Children's Partnership, the Coalition of California Welfare Rights Organizations",5
City of Pomona and Pomona Redevelopment Agency,5
Southern California Watershed Alliance & Desal Response Group,5
The American Institute of Steel Construction & the National Steel Bridge Alliance,5
"California Labor Federation, California Nurses Association",4
City of Whittier Civil Justice Association of California County of Lassen,5
"Escondido Creek Conservancy, the Felidae Conservation Fund",3
California Association of Local Agency Formation Commissions California Special Districts Association,1
"California IATSE Council , Entertainment Union Coalition , Affiliated Property Craftspersons",1
California Trout Sierra Club,5
County and Municipal Employees American Academy of Pediatrics,2
County of Kern and Kern County Water Agency,2
"County of Los Angeles Board of Supervisors, Downtown Women's Center, Hathaway-Sycamores Child and Family Services, Los Angeles Homeless Service Authority, Mental Health of America Los Angeles",1
"Franchise Tax Board, California Association of Nonprofits and The Howard Jarvis Taxpayer Association",1
"Planned Parenthood Affiliates of California, NARAL Pro-Choice California, California NOW, and the American Academy of University Women, California",2
Sonoma Connect|sonoma Unidos,1
"City of Los Angeles , American",1
": Counties of San Joaquin, Yuba, San",5
A Center for Healing Rape Trauma Service,5
"Animal House, Inc. Animal Lovers Unlimited, Inc. Authentic Bengal Cat League Bahia Sur Kennel Club of Chula Vista Barbary Coast Bull Terrier Club Bear County Cattery Bijou Bleu Cattery Borzoi Club of California The Cat Care Clinic The Cat Fanciers Association, Inc. Del Sur Kennel Club Embergain Golden Retrievers Feather River Dog Training Club Fresh Start Victorian Cat Shelter Golden Empire Brittany Club Great Companions Dog Training High Desert Cat Club Human/ Animal Bond in Society International Bengal Cat Club Just Persians Cat Club Malibu Cat Club Mother Lode Bulldog Club Nakota Siberians National Pet Alliance Northern California Alaskan Malamute Association Pet Pantry Pups are Us Pet Store Rowe's La Mesa Pet Hotel Sacramento Council of Dog Clubs Saluki Club of Greater San Francisco San Diego Cat Fanciers San Francisco Dog Training Club Sandy Oak Chesapeakes Santa Clara Cat Fanciers Association Sierra Foothills Dalmatian Club Tahoe Bengals Two Cities Kennel Club Western Abyssinian Cat Club West Shore Shorthair Cat Club",5
CDC Live Oak Adult Day Services Madera Coalition for Community Justice Member San Francisco Mental Health Board (for identification purposes only) Monterey County Department of Social and Employment Services Old Lesbians Organizing for Change Older Women's League of California ONEgeneration Organization of Farmworker Women Leaders in California Partners in Care Foundation Passages Planned Parenthood of San Diego and Riverside Counties Professional Fiduciary Association of California Rebuilding Together Oakland Retired Public Employees' Association Richmond Commission on Aging Sacramento County Mental Health Services Act Community Services and,5
Christian Yellow Pages Divine Connection,5
"Pricilla Eiden, Inc. Balua Sur Kennel Club Kayra Kennel Killija Labradors Dalmatian Club of Southern California Golden West Fox Terrier Association Custom Canines Obedience Tioka Norwegian Elkhounds Bulldog Club of Southern California BisSchips CB Schipperkes JMC Service CRIS'S K9 Training Coyote Hills Kennel Club American Dog Owners Association, Inc. ASTRO The Animal Council",5
Reedley College: Sacramento City College,5
Resource Book Divine Connection,5
"SEIU, Local 99, 247, 250, 347, 399, 415, 434B, 535, 614, 616, 620, 660, 707, 715, 790, 817, 1280, 1877",5
"Society Collies Keeshound Club of Southern California National Animal Interest Alliance Collie Club of America, Inc. San Gabriel Valley Collie Club Simply Corgis South West Dog Sports of California Saga Welsh Springer Spaniels The Welsh Springer Club of America The Art Network",5
Violence Prevention Rape Trauma Service,5
County of Indivisible 30/Keep Sherman Accountable,5
Association Association,5
County of City of Managers Association of California,2
"Gabriel Valley and East San Gabriel Valley, San Luis",2
The State Bar of California Harriett Buhai Center for,5
"Union 11, 18, 100, 302, 551, 569, 1245",2
National Association of ConsumerNumerous collection agencies,1
County of Your Own Health,5
"Park, Ceres",2
"League, Sierra Club",2
San Luis Obispo and Santa Barbara Counties,2
oStrike Backo (an alliance between the National),3
"Sheriff's Departments in Los Angeles, San Bernardino, and San Diego counties",2
"Police departments in San Diego, Escondido, El Cajon, Galt, and Los Altos",2
"Association, AFL-CIO",1
"350 Bay Area, Alameda Interfaith Climate Action Network",4
"A Better Way, Inc., Community of Friends",2
AFL-CIO Cement Masons,4
AFL-CIO International Union of Operating Engineers,2
AFL-CIO National Association of Social Workers,2
Adventist Health and Loma Linda University Health,2
"Air Quality Coalition, Associated General",4
"Alameda, Kern, Los Angeles, Sacramento, Santa Cruz, and Ventura Counties",4
"American Civil Liberties UnionAmerican Federation of State, County and Municipal Employees",2
"American Federation of State, County, Municipal Employees (AFSCME) The Greenspan Company",2
"American Nurses Association-California, California Labor Federation",4
American Staffing Association/California Staffing,4
Area Agency on Aging/North Coast Opportunities,2
Arizona State University Planning and Conservation League Positive Energy,4
Assoc. for L.A. Deputy Sheriffs CA Attys. for Criminal Justice,2
"Associated Builders and Contractors, San Diego, Southern and Central California Chapters",1
Benicia. California Specialty Extrusion Corporation,2
Board of Directors Art Naldoza,4
Brady Campaign and Brady California,4
"Brady Campaign to Prevent Violence, United with the Million",4
CA Correctional Peace Officers Assn. California Taxpayers' Association,2
Calif. Municipal Utilities Assn.Sierra Club of California,2
California Association of Clerks and Elections Officials California State Association of Counties Counties of Alameda,4
California Association of Councils of Governments/Self Help Counties Coalition,3
"California Association of County Treasurer-Tax Collectors, California State Association of Counties",2
"California Association of County Treasurers and Tax Collectors, California Association of Realtors",1
California Association of Realtors Dr. Robert B. Cialdini,4
"California Association of Sanitation Agencies, East",4
California California Manufacturers Association California Cast Metals Association Council of Engineers and Scientists Organizations,2
California Cannabis Manufacturers Association and Kiva Confections,2
California Chamber of Commerce California Judges Association California Judicial Council Superior Courts of California for the Counties of,3
California Chamber of Commerce California Manufacturers Association,4
California Coalition for Youth\California District,4
"California Federation of Teachers, the California Teachers Association",2
California Independent Petroleum Assn. Southern California Gas Company,2
"California Insurance Commissioner Ricardo Lara and Generation Up, Inc",2
California League of Conservation VotersKings County,2
California Manufacturers AssociationUnited Food and Commercial,4
California Peace Alliance/ Department of Peacebuilding Campaign,4
California Pharmacists Association/California Society of Health-System,2
California Rifle and Pistol Association California Waterfowl,4
"California Sheet Metal and Air Conditioning Contractors, National Association Construction Employers' Association",4
"California State Association of Counties, California Tax Reform Association, Rural County Representatives of California",2
"California State Association of Counties, League",3
"Californians Against Waste, Environment California, Heal the",2
Cardinal Health and AmerisourceBergen,4
Cities of Antioch,2
Cities of Apple Valley,2
"Cities of Thousand Oaks, Encinitas, Los Angeles, Norwalk, Poway, San Carlos, San Luis Obispo, Santa Maria, Signal Hill, Tracy Kemnitzer, Dickinson, Anderson & Barron",4
"Cities of: Arcadia, Bellflower, Carlsbad, Chico, Chino",4
Cities of: Downey,4
"Cities of: Long Beach, Palm Desert, Poway, Sacramento, San",4
City of Ventura Counties of Alameda,2
"Clara, and Ventura, and the City of Albany",4
Coalition of California Welfare RightsCounty Welfare Directors,2
Commonweal and Californians for Juvenile Justice Reform,6
"Congress of California Seniors, State Bar of California",4
Consumer Attorneys of CaliforniaCA Defense Counsel,2
"Contractors, Engineering Contractors, Irvine Chamber of Commerce, Southern California General Contractors, Southern",4
"Counties of Humboldt, Placer, Madera, and",3
"County Libraries of Alameda, Contra Costa, Los Angeles, Marin, and San Luis",4
County of City of Santa,4
County of Valley Industry & Commerce Association,4
"County, Teamsters Local No. 481",5
"County, and Silicon Valley",4
"Crusaders for Life, Kolbe Academy and Trinity Prep",4
Dole Food Company and the Dole Nutrition Institute,4
"ENZO Olive Oil Company/P-R Farms, Inc",4
EdTrust-west EdVoice,2
"Eden Housing, Emergency Services Network",4
Fuller Sound/CSS Music/ D.A.W.N,2
Fuller Sound/CSS Music/D.A.W.N,2
"Greater Eureka Chamber of Commerce, the Independent Energy Producers Association",3
"Hamburger Factory, Inc/Po Folks Restaurant Inc",4
IBA West L3 Communications,4
Indivisible Colusa County Indivisible East Bay,2
"Intercool Inc, Institute of Heating and Air Conditioning Industries, Inc",4
"Jericho La Raza Centro Legal, Inc., San Francisco",4
Judicial Council and California State Association,4
Judicial Council of CA and CA State Association of Counties,4
"La Canada Air Conditioning Inc, Lancaster Burns Construction Inc",4
"Last Plastic Straw, The Los Angeles Waterkeeper",2
"Los Angeles County Bar Association, Hospice/AIDS Project",2
"Lucky Stores, Inc.Alameda County Board of Supervisors CA Grocers Association",4
Marin and Sacramento Builders' Exchange,2
"Mateo, Alameda, Marin, and Contra Costa Counties",4
"Mayors of Sand City, Pacific Grove, Del Rey Oaks and Seaside",4
"Middle Eastern and North American Chamber of Commerce & Clever Community Development, Inc",3
Mujeres Unidas Y Activas and the CA Domestic Workers Coalition,4
"Nature Conservancy, The Pacific Coast Federation of Fishermen's Associations",2
Sacramento Metro Chamber of Commerce State Building and Construction Trades,4
"San Diego, Southern California and Central California Chapters of Associated Builders",4
"San Diego, Southern and Central California Chapters of Associated Builders and Contractors",4
Seawright Custom Precast Inc. Sherrin Glass & Metal Inc,5
"Sierra Club California, Planning and Conservation League",4
"Southern California Air Quality Alliance, California Manufacturers' Association",4
"Story of Stuff Project, The Surfrider Foundation",2
Touchstone Software Corporation Public Counsel Law Center,2
Towns of Apple Valley and Mammoth Lakes,2
"Toy Manufacturers of America, The Cosmetic, Toiletry, and Fragrance Association, Association for California Tort Reform (ACTR), Hasbro, Lego, Mattel, S",3
Tulare and Tulare Redevelopment Agency,2
"Tunnell Roofing Co. Inc, Two Rivers Demolition",4
"UNITE HERE\! Locals 30, 49, 483",4
"Vinttrals INC. Medea & Associates, INC",2
Yuba Regional Council of Rural Counties Registrar of Voters,4
for Children National Association of Social Workers,3
American Career Colleges/West Coast University,4
"American Lung Association of California, California League of Conservation Voters, Clean",2
"Community Legal Services in East Palo Alto, Consumer Federation of California",4
"Greenlining Institute, The Justice2jobs Coalition",1
Mendocino County Youth Project and Mendocino Family and Youth Services,4
"Peninsula Multifaith Coalition and Congregational Church of Belmont, UCC",4
"Association, Howard Jarvis Taxpayers Association",4
California Public Health Association -North CALPIRG,1
"California State Treasurer, John Chiang , California Taxpayers Association",1
Kings River Conservation District / Kings River Water Association,2
"SEIU California , Alameda Labor Council",1
"State Building and Construction Trades Council , California State Council of Carpenters , California Association of Sheet Metal and Air",1
Afl-cio Consumer Attorneys of California United Food and Commercial Workers,1
Alameda County Sharps Coalition : Alameda Alliance for Health,2
"American Federation of State, County, and Municipal Employees (AFSCME) AFL-CIO and Service Employees International Union (SEIU)",1
Asian Pacific Environmental Network |Metropolitan Education District,1
"Assistance Foundation , the Natural Resources Defense Counsel and others",1
Association of Northern California Oncologists Biocom,4
Biodegradable Plastics Institute : Californians Against Waste,1
Bluewater Network : California Coastal Commission,1
"Boards of Supervisors of Riverside County, San Bernardino County, and Tuolumne County",1
California Academy of Family Physicians : Alzheimer's Association,1
"California Food Policy Advocates, AARP California, California Association of Food Banks, Feeding San Diego, San Francisco Marin Food-Banks",1
California Medical Association : SEIU California,1
California Public Interest Research Group : American Cancer Society,1
"California Public Interest Research Group : California Common Cause, Gray Panthers California, Green Party of California",1
"California Senior Legislature : California Commission on Aging, Congress of California Seniors",1
Center for Marine Conservation : Bluewater Network,2
"Cities of Murrietta , Canyon Lake, Cathedral City, Desert Hot Springs, Rancho Mirage",1
County Welfare Directors Association/Children Now/County Behavioral Health Directors Association,1
Department of Motor Vehicles : State Department of Finance,2
Environment California : Breast Cancer Action,5
"Fair Housing Councils of Marin, San Diego, and Riverside Counties and Oakland",1
Family Winemakers of California and Wine Institute,1
Healdsburg California Professional Firefighters California Manufacturers Association,1
Housing California and Consumers Union,1
"Marin Institute , California Council on Alcohol Policy, California Council on Alcohol Problems, Consumer Federation of California, and Peace Officers Research Association",1
MidAmerican Energy Holdings Company : Brawley Chamber of Commerce,1
"Office of the Sheriff and Coroner of: Alpine County: Del Norte County, Merced County, San Joaquin County, Santa Cruz County, Yuba County",1
"Republic Services, Inc. : Allied Waste, Inc",2
"Spidell Publishing, Inc. , Cal Chamber of Commerce",1
"Spidell Publishing, Inc. , Cal Chamber of Commerce, of Enrolled Agents, Betty Yee, Chairwoman, State Board of Equalization",1
Union of Concerned Scientists : American Lung Association,1
Victor Treatment Centers & Victor Community Support Services - Chico,1
Western Center on Law and Poverty : Asian Law Alliance,1
Counties of San Diego and Sacramento,1
Bureau of State Audits American Federation of State,2
Association of California : California Medical Association,2
California Dental Association : Dental Board of California,2
"California Special Districts Association, Alameda County Mosquito Abatement District, Association of California Health Care Districts, Association of California Water Agencies, Beach Cities Health District, California Municipal Utilities Association, Castro Valley Sanitary District, Central Contra Costa Sanitary District, East Orange County Water District, Eastern Municipal Water District, Fresno Metropolitan Flood Control District, Fresno Mosquito and Vector Control District, Gold Mountain Community Services District, Goleta West Sanitary District, Indian Valley Community Services District, Kern County Cemetery District No. 1, Midpeninsula Regional Open Space District, River Pines Public Utility District, San Joaquin County Mosquito and Vector Control District, Santa Margarita Water District, Santa Ynez Community Services District, Stockton East Water District Board of Directors, Tahoe City Public Utility District, Three Valleys Municipal Water District, Tulare Mosquito Abatement District, United Water Conservation District",1
"Motion Picture Association of America, San Diego Regional Chamber of Commerce",1
Official Police Garage Association of Los Angeles TechNet,1
"New America Foundation : AARP California, Asset Building Strategies",1
Alzheimer's Los Angeles Alzheimer's Orange County Alzheimer's San Diego Alzheimer's Association American Association of Retired Persons California Assisted Living Association California Association of Highway Patrolmen California Coalition on Family Caregiving California Collaborative for Long-term Services and,2
CalPACE AARP California AltaMed Alzheimer's Los Angeles Alzheimer's San Diego Association of Regional Center Agencies California Alliance for Retired Americans California Collaborative for Long Term Services and,2
California Association of ProfessionalVictims Group Opposed to Unsafe,2
Childrenos Advocacy Institute and California Consortium for the Prevention of Child Abuse,2
Cubic Corportion Del Monte Foods,4
Inc. American Sports Medicine Association Board of Certification,4
Inc. World Sports Medicine Association of Registered Therapists,4
"Michael P. Judge, Law Offices Los Angeles County Public Defender",4
Montebello Mountain View City,4
"Nick Roxborough, Esq., Roxborough, Pomerance, Nye, & Adriani, counsel for Ceradyne",4
Santa Clara Silicon Valley Central Chamber of Commerce & Convention-Visitors Bureau,4
Sonoma County Housing Advocacy Group AIDS Legal Referral Panel Alameda County Network of Mental Health Clients Aldea Children and Family Services Area I Developmental Disabilities Board Area IX Developmental Disabilities Board Area XI Developmental Disabilities Board Association of Regional Center Agencies Breaking Barriers California Association for the Retarded California Foundation for Independent Living Centers California Human Development Corporation California Rural Legal Assistance Foundation Community Child Care Council of Sonoma County Community Living,2
Tustin Chamber of Commerce: GOVERNOR'S VETO MESSAGE,4
Women for: Women's Shelter of Long Beach,4
County of Indivisible CA-33,4
"California TGI Policy Alliance, which includes various organizations advocating for TGI consumers, including Translatin@ Coalition, California TGI Intersex Policy Alliance, and TGI Justice Project",2
Town of Paradise and supported by the County of Butte,2
"9412, and Local 9423",1
"Asian Pacific Islander Lesbian, |Bisexual",1
Chiefs of Police for the Cities of Berkeley,1
City of Santa Cruz Gary Loustalot,1
"Clara, Sunnyvale",4
County of City of Advocacy,2
County of City of Protection,2
County of United Food,4
County of Venice Family Clinic,4
Desert Chapter and East Bay Chapter,1
"Fernando Valley CA, and Silicon Valley Chapter",4
GeyerLamb,1
"Hill, Newport Beach, San Diego",4
Inc. California Child,1
Inglewood/South Bay,1
L.A. District Attorneys's OfficeCalifornia Financial Services Assn,1
"Leandro, and Richmond Police Departments",1
Long Beach Pittsburg,1
Long Term Care Interagency Commission/County,1
Los County District Attorney's Office,2
Riverside County Chiefs of Police and Sheriffs,2
SB 1637 - Veterans Affairs Committee,4
SB 1838 - SRT Committee,4
San Diego. San Luis Obispo,1
School/San Rafael (Marin Co),1
The State Bar of CaliforniaHarriett Buhai Center for,4
Truth Love Justice - John C. Carpenter,1
Tulare County/District SELPA,1
Tuolumne County Interagency Early,4
"Union 11, 18, 45, 302, 551, 569, 595, 684",1
Anti-Discrimination Committee Numerous individuals,1
Department of Psychiatry 93 private citizens,1
Judicial Council of California and supported by the California Public Defenders Association,1
"Agencies, California League of Conservation",2
"California Association of Realtors, Civil",2
"Central, San Jose, San Pedro, Santa Barbara, Santa Cruz County, Sausalito, Sebastopol, SF, SF Peninsula and CA-14, SFV, Sherman Oaks, Sonoma",2
"Kern, Los Angeles, Los Rios, Mt. San Jacinto and Yosemite Community",2
"Mesa, Covina, El Cajon, Elk Grove, Fairfield, Fremont, Garden Grove, Glendale, Healdsburg, Livermore, Merced, Murrieta, Novato, Pasadena, Rancho Cordova, Red Bluff, Redwood City, Sacramento, San Luis Obispo, San",2
Natural Resources Defense CouncilState Water Resources Control,1
Various Other Public and PrivateDozens of Private Investigators,1
"Association, City of Commerce",2
"Association, LA County Sacramento County, Legislative",1
"Association, Los Angeles Unified School",2
"Center, Service Employees International",2
County of National Tax Limitation Committee,2
"Cruz County, Sausalito, Sebastopol, San Francisco, San Francisco Peninsula, SFV, Sonoma County, South Bay LA, Stanislaus, Stockton, The Resistance",2
Delano Palmdale,2
"Eldorado, Fresno, Placer. Santa Barbara, and Tuolumne",2
"The Boards of Supervisors of Los Angeles, Sacramento, Ventura and Nevada",2
Hesperia Cities or Counties as follows: Moorpark,1
"District Attorneys for the following counties: Inyo, Tehama, Riverside, Tulare, Siskiyou, Humboldt, Kern and Napa",2
Chiefs of Police of the following cities: Anaheim,1
"Bernardino affiliate, Fresno & Tulare",1
Sheriffs from 9 counties,3
"Counties of Alameda, Contra Costa, Sacramento, Santa Clara",1
"Builders Association of the Central Coast, Greater Riverside Chambers of Commerce, The Towbes Group, Inc.",4
1621 International Brotherhood of Paintes and Allied Trades JJJ Floor Covering,3
"350: Bay Area Action, Petaluma, Sacramento, SoCal Climate Action, and Ventura",2
"350s: Conejo, Humboldt Grassroots Climate Action, Sacramento Legislation Team, SoCal, South Bay",2
"A Community of Friends, A LA Brava, Agfhan",2
AARP |City of La Mirada |City of Santa Fe,2
AB 2701 Citizens' Committee,3
AB 65 Program of Los Angeles Unified School District,3
"AD Industries, Inc., California Industrial Leadership Council",3
AFL-CIO American Planning Association,3
Advisory Council/Area Agency on Aging,2
"Air Force Sergeants Association, Reserve Officers Association",3
Alliance for AC Transit/Bus Riders Union,3
"American Federation of State, County and Municipal Employees, California Association of County Treasurers and Tax Collectors",1
"American Federation of State, County and Municipal Employees, California Conference Board of the Amalgamated Transit Union",1
"Amond Court, Inc., Anderson Valley Housing Association",2
"Apartment Owners Association of California, Berkeley Chamber of Commerce",2
"Associated Builders and Contractors Inc., Coalition for Fair Employment in Construction, La Raza",3
"Association of California Water Agencies, Central Basin Municipal Water District, San",3
"Association of Regional Center Agencies, California Professional Firefighters Association",3
"Atascadero, Chico, Colfax, Elk Grove, Fairfield, Folsom, Grass Valley, Lincoln, Nevada City, Orland, Oroville, Portola, Rancho Cordova, Red",2
"Attorneys Larry L. Wright, Randall Ward Rosa, Brent",3
"Audubon Society, The Nature Conservancy, The Trust for",3
"Barbara, Vallejo, Piedmont, San Leandro, and Blue Lake Police Departments",4
"Bernardino, Orange, Riverside, Imperial, and Inyo Counties",2
"Better Choices, Inc/Ready for Life Foster Agency",3
"Black Brant Group, the California Cattlemen's Association",2
CA Attorneys for Criminal Justice and the CA Public,3
California Advocates /California Association of Joint Powers Authorities,3
"California Advocates for California Labor Federation, AFL-CIO",3
California Association of County Veterans Association,2
California Association of Health Plans and the Association of California Life and Health Insurance Companies,2
California Association of Professional Scientists and Professional Engineers,3
"California Association of Public Hospitals and Health Systems, California Association of Social Rehabilitation Agencies",3
"California Association of Realtors, Cal-Tax",3
"California Association of Sanitation Agencies, Clean Water",3
California Association of Sheet Metal & Air Conditioning Contractors National California Association of Winegrape Growers,3
California Bean Shippers California Cotton Ginner and Growers Association,2
California Beer and Beverage Distributors California Cast,3
California Bicycle Coalition California Association,3
California Chamber of Commerce California Trucking Association Certified Freight Lines,3
California Chamber of Commerce and TechNet,5
"California Chamber of Commerce, California Manufacturers and Technology Association, Western States Petroleum Association",3
California Health Federation/Sequoia Health Foundation,3
California Homicide Investigators Association California State Sheriffs' Association California Union of Safety Employees Doris Tate Crime Victims Bureau Hon. Carl Sparks,3
"California Lawyers Association, Trusts and Estates Section and Taxation Section",3
California Licensed Foresters AssociationNational Audubon Society,1
California Retailers Association/National Association of Chain Drug Stores,3
California School Employees Association American Federation of State,3
California State Association of Counties League of California Cities Solid Waste Association of North America County of Sacramento,3
"California State Association of Counties, Regional Council of Rural Counties",3
"California State Association of Counties, Rural County Representatives of California (RCRC)",3
"California State Association of Counties, the Counties of Los Angeles, San Bernardino, San Diego, and Solano",1
California Thoroughbred Breeders Association and Pacific Quarter Horse Racing Association,3
"California, Commercial Real Estate Development Association",3
Californians for Justice and the Coordinating Committee of the Campaign for,3
"Casa de Amparo, Children's Hospital Los Angeles",3
"Chief's of Milpitas, El Monte, Monterey Park, Ontario, Brea, Palms Springs",4
"Chiefs of Police of: Alhambra, Azusa, Baldwin Park, El Monte, Los Angeles, Monterey Park, and San Gabriel",3
Children Now Public Health Advocates,3
"Chino Hills, Laguna Hills, Santa Fe Springs",3
"Cities of Cupertino, Los Altos Hills, Monte Sereno, Saratoga",2
Cities of: Angeles,3
Cities of: Angels,3
"Cities of: Blue Lake, Burbank, Chula Vista, El Centro, Huntington Beach, Lakewood, Los Angeles, Sacramento, San Marcos, Visalia, and Vista",3
"Cities of: Calabasas, Dana Point, El Segundo, Hermosa Beach, Huntington",3
"Cities of: Merced, Chula Vista, El Cajon, Modesto, Barstow, Ceres",3
City of Buelton Towns of Yucca Valley,3
City of Carlsbad Lifeguard Academy (Academy). The City of Carlsbad,3
City of Los Angeles California Labor Federation,3
City of Sacramento City of San Bernardino,3
"City of Selma City of Bakersfield Mayor, Harvey L. Hall City of El Cajon City Council, Gary Kendrick City of Encinitas Council Member, Mark Muir City of Escondido Council Member, Ed Gallo City of Escondido Mayor, Sam Abed City of Fresno Council Member, Oliver L. Baines City of Fresno Councilmember, Blong Xiong City of Huron Mayor, Sylvia Chavez City of La Mesa Council Member, Ernest Ewin City of Merced Council Member, Mike Murphy City of San Clemente Mayor, James Dahl City of San Joaquin Mayor, Amarpreet Dhaliwal City of Vista Council Member, Cody Campbell",3
City of South El Monte City of Atascadero,3
"City of Whittier Communications Workers of America, District 9",3
"Clara County, Shasta, Solano/Napa, Southern California, Stockton, Valley, Inc",2
"Compuserve, Microsoft, Netcom and Netscape",3
"Corporation of America, Dow Chemical Company",2
County of City of Antioch,3
County of Councilmembers Rural County Representatives of California Town of Atherton Town of Hillsborough,3
County of County Health Executives Association of California,3
County of Peninsula Bicycle & Pedestrian Coalition of San Mateo,3
County of Santa Barbara City of Calabasas,3
County of Santa Barbara and County of Ventura,3
County of Valley Children's Healthcare,3
County of Walnut Valley Water District,3
County of Western Center on Law & Poverty,3
County of Western Riverside Council of Governments,3
County of Westside Cities Council of Governments,3
County of Wilmington Chamber of Commerce,3
"County, Los",2
"Defenders of Wildlife, Environmental Defense",3
"Del Mar, Encinitas, Escondido, Fairfield, Fountain Valley, Garden Grove, Kerman, La Mirada, Laguna Niguel, Lake Forest, Lakeport, Lakewood, Lincoln, Lomita, Los Alamitos, Manhattan Beach, Newport Beach, Oceanside, Paramount, Rancho Cucamonga, Redding, Redlands, Rolling Hills Estates, San Luis Obispo, Santa Ana, Sausalito, Solana Beach, Thousand Oaks, Torrance, Whittier, and Yorba Linda",3
Department of Agriculture Dept. of Weights & Measures Lake Administrative Officer,3
Department of General Services/Calif. Victims Compensation,1
"District Attorney Kamela Harris, City and Friends Committee on Legislation of CA",3
Donor Network West Epilepsy California,3
EBMUD and ACWA,3
"East Bay MUD, County Sanitation Districts of Los Angeles County",3
Education Trust - West EdVoice,3
Education Trust-West Families NOW,3
Edwards Lifesciences Genentech,3
"Environmental Defense, Los Angeles Environmental Justice",3
Environmental Technology Council & DeMenno/Kerdoon,3
"Fair Housing Councils of Marin, San Diego, and Riverside",3
Feminist Majority and National Center for Women and Policing,4
General Motors Honda North America,2
Geologists American Society of Civil Engineers,3
Governor's Office/Department of Social Services,3
"Habitat for Humanity SC, SC Housing Adv. Com",3
"Habitat for Humanity of East Bay, Greater Los Angeles, Orange County, and Tulare County",3
"Hill, Tulelake, Vallejo, Vista, Walnut Creek, Watsonville",3
IBM and IBM Credit Corporation,3
"IBM, Jones Intercable",3
Inc. Bergey Windpower,3
Inc. Burke Flooring Products California Painters and Allied Trades District Council No. 16 California Profesional Employees Local Union 2345 Carpet,3
Inc. California Rifle and Pistol Association,3
Inc. Conklin Bros,3
Inc. Floor Covering Installers,3
Inc. G & R Floor Service Glaziers,3
Inc. Harry L. Murphy,3
Inc. Mannington Mills,3
Inc. Mike Campbell & Associates,3
Inc. Morgan Keegan & Company,3
Inc. National Shooting Sports Foundation,3
Inc. North Hollywood Horizon Industries,3
Inc. P & R Trucking,3
Inc. Painters Locals 256,3
Inc. Rauscher Pierce Refnses,3
Inc. San Mateo County Board of Supervisors W.P. Carey,3
"Jose, San Leandro, San Luis Obispo, San Marcos, San Mateo, San Pablo, Santa Cruz, Santa Maria, Santa Rosa, Seaside, Sebastopol, Shafter , Signal Hill, Sonoma, Sonora, South San Francisco, Stockton, Tehachapi, Torrance, Tracy, Tulare , Turlock, Tustin, Vacaville, Villa Park, Visalia, Vista, Walnut Creek, Wasco, West Covina, West Hollywood, Westminster, Woodlake, Yorba Linda, Yucaipa",3
"Jose, Sonoma County, Ventura, and Yolo",2
Judicial Council Counties of Orange,3
"Lake, Mendocino, and Sonoma County Offices of Education",4
"Lakewood, Lindsay, Lompoc, Long",1
"Lambda Letters Project, The League of Women Voters",3
League of California Cities California State Association of Counties Cities of Baldwin Park,2
League of California Cities Cities of: Alameda,3
MORE Real Estate LoansMortgage Advantage,3
Mark Wheetley Friends of Redding Library Friends of the Camarillo Library Howard Jarvis Taxpayers Association League of California Cities Library Systems & Services,3
"Mayors of: Azusa, El Monte, Irwindale, and Los Angeles",3
"Mondavi Winery, Cakebread Cellars, Trefethen Vineyards, Joseph Phelps Winery, Niebaum Coppola Winery, Opus One, William Hill Winery, Atlas Peak Winery, La Famiglia di",4
Montana EyecareMontana NaturalMs. Fits Consignments,3
Municipal Court Judges' Assoc. Kaiser Permanente,1
"NAIOP of California - Inland Empire Chapter, San Diego Chapter, and SoCal Chapter",3
"Nature Conservancy, The Northern California Water Association",3
"Network, California Federation of Teachers, California",3
Normalization (TURN) Southern California Edison,3
OMI Government Relations: California Licensed Foresters Association,3
Oakland CONTINUED California Professional Firefighters,3
Orange County California Contract Cities Association California Chamber of Commerce City of Artesia,3
Our Lady of Perpetual Help ChurchWOMEN FOR,3
"Park, Riverside",3
People Assisting the HomelessPeople of Progress,3
"Personal Insurance Federation of California, State Farm Insurance Companies",3
"Pew Charitable Trusts, the Planning and Conservation League",3
Philip Morris: R. J. Reynolds,4
Planning and Conservation League Endecon Engineering,3
"Planning and Conservation League, Santa Cruz, Sierra Club California, Silicon Valley Leadership Group",3
Princess Cruises and Princess Tours,3
Redding Municipal Utilities and Redding Electric Utility,3
"Rural Legal Assistance Foundation, Western Center on Law",3
San Diego Anglers Club/San Diego Anglers Foundation,3
San Diego Community College District San Diego County Board of Supervisors San Diego East County Chamber of Commerce San Diego Hispanic Chamber of Commerce Santee Chamber of Commerce Sheila Jackson,3
San Diego Unified School District League of Women Voters of San Diego County Maria Nieto Senour,3
San Diego Unified School District Nick Aguilar,3
"San Diego, Southern California, and Central Valley Chapters of Associated Builders and Contractors",3
"San Francisco Bay Restoration Program, National Audubon Society",3
"San Francisco, Sonoma, and Tuolumne County DA's",4
"San Jacinto, Santa Ana, Santa Cruz, Soledad, of Sonora, Scotts Valley, and Tustin Police Departments",4
San Mateo County Parks and Recreation Foundation Sierra Club,3
Seattle Children's Sleep Disorders Center/University of Washington School of Medicine,2
Section 1: California Association of Realtors,3
"Special Districts Association, Association of California Water",3
"State Bar Family Law Section, California Adoption Alliance",3
"TST Inc., United Alloys and Metals",2
"The California State Bar, Family Law Section and Estate Planning, Trust and Probate Law Section",2
"Towns of Apple Valley, Los Gatos, Mammoth Lakes, and Truckee",2
Towns of Danville and Fairfax,2
Towns of Fairfax and Tiburon,2
"Towns of Fairfax, Los Altos Hills, Mammoth Lake, Ross, and Truckee",2
Transgender Law Center and Equality California,3
"Tri-Valley Cities of Dublin, Livermore, Pleasanton, San Ramon",2
Trial Courts Legislation CommitteeDistrict Attorney of Nevada,1
Truckee Donner Public Utility District and Turlock Irrigation District League of California Cities Southern California Public Power Authority,2
"Trust for Public Land, the Union of Concerned Scientists",2
Trust for Public Land. County of Alameda,3
"UNITE HERE! Local 30, Local 49, Local 483, and Local 2850",7
United State Marine Corps and United States Navy,3
Urban Habitat and Public Advocates,3
"Veterinary Medical Board, the Registered Veterinary Technician Examining Committee, the California Veterinary Medical Association",3
Anschutz Entertainment Group and STAPLES Center,3
"City of ""Adjusters Almanac"" Bullseye Publishing",2
"County, California",2
"Districts of Los Angeles County, East Bay",2
"Norte, El Dorado, Los Angeles, Sacramento, San Diego, Santa Barbara, Shasta, Tuolumne, Ventura, Yolo",3
"Norte, Sacramento, San Diego, Shasta, Tuolumne, Ventura, Yolo",3
Prevent Gun Violence united with the Million Mom March,3
"University of California Employees, American Federation of",1
"of Independent Business, Inc., Southern California",2
California Funeral Directors Association and SCI California Funeral Services,3
"California Rural Legal Assistance Foundation, Center for Community Advocacy, Salinas",3
"California Innocence Coalition: California Innocence Project, Northern California Innocence Project, Loyola Project for the Innocent",3
"City of Fresno, Nelson Esparza Council District 7",3
"City of Marina, League of California Cities",3
"Desert Water Agency, El Dorado Irrigation District",3
"Innocence Project, Loyola Project for the Innocent",3
"Otter Project, the Ourwaterla Coalition",2
San Diego Pro Chapter of the Society of Professional Journalists (SD-SPJ) and the California News Publishers Association (CNPA),3
Water Service Company and the Association of California,1
"Workers Union, Western States Council",3
"American Federation of State, County and Municipal Employees (Prior Version) Aspiranet",3
"Association, California Peace Officers' Association",3
Attorney General : AARP,1
California Chiropractic Association Coalition for Natural Health,1
California Hospital Association : SEIU - UHW,1
"California Professional Firefighters , Peace Officers' Research Association of California , California State Sheriffs' Association, California State Firefighters Association, California Police Chiefs Association, and Los Angeles Police Protective League, California Association of Highway Patrolmen",1
California State Building and Construction Trades Council : Bluewater Network,1
Consumer Attorneys of Correctional Association California,1
East Bay Rental Housing Association Howard Jarvis Taxpayers Association,3
"Economic Security Project Action , End Child Poverty in CA/The GRACE Institute , California Alternative Payment Program Association, Child Action Inc, Friends Committee on Legislation of California, Golden State Opportunity, John Burton Advocates for Youth, National Association of Social Workers, National Foster Youth Institute, South Bay Community Services, The Daughters of Charity, The Children's Movement of Fresno",1
"Escondido Creek Conservancy, the Friends of Harbors, Beaches and Parks",1
"State of California Auto Dismantlers Association, West Coast Chapter-institute of Scrap Recycling Industries",1
Whittier Civil Justice Association of California County of Lassen,3
Governor's Office of Emergency Services American Federation of State,1
Los Angeles County Sheriff's Department American Federation of State,1
City of Ventura American Federation of State,1
Department of General Services American Federation of State,1
California Disability Services Association American Federation of State,1
"Adelanto, Californians Against Waste, Heal the Bay, Sonoma County Waste Management Agency, Sierra Club California, StopWaste.Org (the Alameda County Waste Management Authority)",1
Affiliated Entity Alpha Fund Bet Tzedek Legal Services California Collaborative for Long-Term Services And,1
Agricultural Council of California (California Grocerso Association),1
American Civil Liberties Union of California and the Medical Board of California,1
American Institute of Architects California Council : California Architects Board,1
Animal Legal Defense Fund (San Francisco Best Friends Animal Society City of Los Angeles City of Oakland Councilmember Paul Koretz),3
Animal Legal Defense Fund (San Francisco Best Friends Animal Society City of Oakland Councilmember Paul Koretz),3
Area I Agency on Aging (Humboldt and Del Norte Counties California Department of Aging),1
Association (APAPA California Pan-Ethnic Health Network),1
"Association of North America, Waste Management",2
"Association of Orange County Deputy Sheriffs, Los Angeles County Probation Officers Union, Riverside Sheriffs Association",1
Board of Equalization (BOE) and California Veterinary Medical Association,1
C.O.A.A.S.T. (Californians Organized To Acquire Access To State Tidelands Natural Resources Defense Council),1
CA Precast Concrete Assoc. Third Undesignated Category: CA Building Industry Assoc.,1
California Advocates for Nursing Home Reform and Disability Rights California,1
California Senior Legislature - Sponsor California State Association of Counties (CSAC) - Sponsor California State Sheriffs' Association,1
"Cities of :: Adelanto, Highland, Irwindale, Moreno Valley , Ontario, Paramount, San Clemente, Santa Fe Springs, Vernon",4
"Consumer Attorneys of California (CAOC), Home Ownership Advancement Foundation (HOAF)",3
County of Mariposa SCities of: Pacific Grove,1
County of MariposaSCities of: Pacific Grove,1
Dept. of Corporations Consumer Attorneys,1
Education Trust-West ( Californians Together),1
"Foundation, Tulare County Asthma Coalition, Union of Concerned Scientists",1
Fresno Barrios Unidos (if California Public Defenders' Association),1
"Huggers Club of Chino Hills High School, Western Multitex Co. +",1
"IMPACT (Independently Merging Parent Associations of California - Together for deaf and hard of hearing children. Lawrence M. Siegel, Attorney at Law NorCal Center on Deafness)",1
Inc. California School Boards Association EdVoice,1
Inc. Goodwill Southern California Veterans of Foreign Wars of California (San Diego County),2
Inc. Western Manufactured Housing Communities Association Five mobilehome owners (Petaluma),1
"International Union of Operating Engineers (IUOE), Co-Sponsor Professional Engineers in California Government (PECG), Co- Sponsor Union of American Physicians and Dentists (UAPD)",2
"International Union of Operating Engineers (IUOE), Co-Sponsor Union of American Physicians and Dentists (UAPD)",1
League of CA Cities CA State Association of Counties,1
Legal Services of Northern California and the California Law Revision Commission. SB 1033,3
"Mexican American Legal Defense and Educational Fund (MALDEF Sacramento Branch, National Association for Advancement of Colored People)",1
"National Association of Social Workers, California Chapter (NASW-CA Rural Legal Assistance Foundation Social Work Department within the UCSF Helen Diller Family Comprehensive Cancer Center)",1
National Health Law Program Political organizations: Democratic Women's Club of Pebble Beach,1
National Health Law Program and the California Pharmacists Association,1
Patriot RN and Supply Patriot ( Rainbow Chamber of Commerce Silicon Valley Sacramento Rainbow Chamber of Commerce Sacramento Black Chamber of Commerce Sinnott Puebla Campagne & Curet The Billups Group),1
People for the American Way Health care organizations: American Academy of Pediatrics,1
"Planned Parenthood Affiliates of CA, Inc. (PPACO Quality Plus Automotive Parts San Diego-Imperial Counties Labor Council Shipyard Workers Union UNITE HERE International UNITE HERE Local 30 Watkins)",1
Rhoda Grossman (Illustration Digital Painting California Lawyers for the Arts American Society of Media Photographers Peter Friedrich (Charette Communication Design)),1
St. John's Well Child & Family Center (SJWCFC0 Street Level Health Project Vision Y Compromiso Western Regional Advocacy Project Women's Health Specialists Youth Justice Coalition),1
United Food and Commercial Workers Union - Western States Council and California Communities United Institute,1
University of California Student Association (UCSA) & California State Student Association (CSSA),1
"Verdes/South Bay Audubon Society, Planning and Conservation League, Save the Bay, Sierra Club (Santa Lucia Chapter)",2
"Voice, Grandparents As Parents, Inc., Grandparents As Momentary Parents Again, and",2
West Hollywood Democratic Club Pro-choice organizations: California Abortion Rights and Reproductive Rights Action League (CARAL),1
Western Center on Law and Poverty : ACORN,1
Western Manufactured Housing Communities Association : Office of the Attorney General,1
Whittier League of California Cities Planning and Conservation League Sierra Club,2
"Wiyot Tribe, The Presbytery of San Diego, Twenty-nine Palms Band of Mission Indians, United Auburn Indian Community, Union of American Hebrew Congregations",1
Women's Lifecycle Medical Group of Inglewood Legal organizations: California Women Lawyers,1
"Women's Programs of Monterey Peninsula College Other: JWCH Institute, Inc",3
NCO / Area Agency on Aging,1
Association of General ContractorsCalifornia Teamsters Public Affairs,1
"Health Access California: California ACORN, Coalition for Community Health",2
Golden State Manufactured Home Owners League (GSMOL) Los Robles Mobile Homeowners Association 126 mobilehome owners (Alpine),1
Golden State Manufactured Home Owners League (GSMOL) Los Robles Mobile Homeowners Association 121 mobilehome owners (Alpine),1
AARP California Association of County Veterans Service Officers,3
AdvancePCS and Express Scripts Incorporated (pharmaceutical benefit management companies),3
"Alliance of California Taxpayers & Involved Voters American Federation of State, County and Municipal Employees Asian Pacific American Legal Center of Southern California California Association for Bilingual Education California Coalition of Hispanic Organizations California English Campaign California Federation of Teachers California Rural Legal Assistance Foundation Claremont Graduate School Coalition of Labor-Agriculture-Business",3
Alternatives for Abused Women Human Option,3
"Apartment Associations of California Southern Cities (Long Beach), Greater Los Angeles, and Orange County",3
"California State Commanders Veterans Council (includes nine member organizations that separately support : Vietnam Veterans of America, Armed Forces Retirees Association of California, Air Force Sergeants Association, Military Order of the Purple Heart, Jewish War Veterans of the USA, Marine Corps League, The Legion of Valor, The Paralyzed Veterans of America, and the Reserve Officers Association)",3
"Central Valley Joint Venture (comprised of: California Waterfowl Association, Defenders of Wildlife, Ducks, Unlimited, Inc., National Audubon Society, The Nature Conservancy, The Trust for Page Public Land, and PRBO Conservation Science)",3
"Cities of Benicia, Colma, Costa Mesa, Dana Point, El Cajon, Emeryville, Foster City, Fullerton, Galt, Garden Grove, Hayward, Irwindale, Laguna Hills, Lake Forest, Lakewood, La Palma, La Quinta, Merced, Millbrae, Monterey, Moreno Valley, Oakland, San Clemente, San Dimas, San Marcos, Saratoga, Riverside, Signal Hill, Thousand Oaks, Yucca: Valley",3
City of Fremont Hayward Livermore,3
City of Redondo Sacramento,3
County of Indivisible Petaluma,3
County of Indivisible SF,3
County of Indivisible SF Peninsula,3
County of Indivisible Sacramento,3
County of Indivisible San Bernardino,3
County of Indivisible San Jose,3
County of Indivisible San Pedro,3
County of Indivisible Santa Barbara,3
County of Indivisible Santa Cruz County,3
County of Indivisible Sausalito,3
County of Indivisible Sebastopol,3
"Engineers and Scientists of California, International Federation of Professional & Technical Engineers Local 20",3
"Gas Vehicle Coalition, California Public Interest Research Group, California School",3
Inc. California Alliance for Consumer Protection,3
Inc. California Independent Public Employee,3
Institute for Justice Lawyers' Committee for Civil Rights of the San Francisco Bay Area Legal Services for Prisoners with Children Los Angeles Regional Reentry Partnership Justice Not Jails MAAC Mujeres Unidas y Activas National Association of Social Workers - California Chapter National Day Laborer Organizing Network National Immigration Law Center Pangea Legal Services PICO California,3
"Lakewood, Lindsay, Lompoc, Long Beach, Mid Valley, Montebello, Montrose, Pacific Palisades, Poway, Rancho Cucamonga, San Diego North, San Pedro Peninsula, Santa Clarita, Santa Maria Valley, Torrance Area, Ventura, and Winnetka",3
Legislative Council California Independent Public Employee,3
"Los Angeles County Probation Department, Local 685",3
"Police Departments of the cities of Anaheim, Auburn, Alameda, Arcata, Bakersfield, Barstow, Burbank, Chino, Chula Vista, Cotati, Delano, Fontana, Glendale, Grass Valley, La Habra, Hayward, Hemet, Huron, Irvine, Laguna Beach, Lompoc, Los Altos, Mammoth Lakes, Mill Valley, Modesto, Monrovia, Montebello, Monterey Bay, Moreno Valley, Newport Beach, Oakdale, Orange, Pasadena, Roseville, San Gabriel, Salinas, San Luis Obispo, Sonoma, Sonora, Stockton, Twin Cities (Police Authority), Torrance",3
Progressive Christians Uniting Red Mexicana de Lideres y Organizaciones Migrantes Santa Clara County Public Defender's Offic Silicon Valley De-Bug Solutions for Immigrants William C. Velasquez Institute Vital Immigrant Defense Advocacy and Services,3
Reed Elsevier Inc. and Lexis-Nexis (publishing conglomerate and one of its companies),3
Silicon Valley The Climate Reality Project,3
"The American Kennel Club American Staffordshire Terrier Club Irish Setter Club of San Diego Samoyed Club of America Associated Obedience Clubs of Northern California Golden Gate Labrador Retriever Club, Inc. Irish Setter Club of Southern California Pet Lovers Protective League South Bay Collie Fanciers, Inc. California Federation of Dog Clubs Afghan Hound Club of California Antelope Valley Kennel Club Aztec Doberman Pinscher Club of San Diego Bull Terrier Club of California Cabrillo Club of California California Canine Hikers Channel City Kennel Club Cocker Spaniel Club of San Diego Diablo Valley German Shepherd Dog Club Western Hound Association of Southern California Golden Retriever Club of Greater Los Angeles Golden Gate Akita Club Golden State Chow Chow Club Golden State Rottweiler Club Great Pyrnees Association of Southern California Kennel Club of Riverside Kennel Club of Palm Springs Kern Valley Kennel Club Lake Matthews Kennel Club Mensona Kennel Club Orange Coast Rhodesian Ridgeback Club Dalane Golden Retrievers Samoyed Club of Los Angeles San Angeles Saluki Club San Joaquin Kennel Club Santa Maria Kennel Club Santa Clara Valley Kennel Club Shoreline Dog Fanciers Association Southern California Beagle Club Southland Weimaraner Club St. Bernard Club of San Diego St. Bernard Club of Southern California Western Fox Terrier Breeders Association Ventura County Dog Fanciers",3
"The Greenlining Institute (Asian Business Association, Black Business Association, California Coalition of Hispanic Organizations, California Hispanic Chambers of Commerce, Filipino-American Political Association, Latino Issues Forum, Mexican American Political Association)",3
"Vulcan Chemicals (Pentachlorophenol California Sod Producers Association Lassen Canyon Nursery Herbert Frenery (walnuts) C.E. Foiada (walnuts) Greenleaf Farms (walnuts, prunes, citrus, and almonds) Patricia Cosgrove (almonds and walnuts) Dow Chemical (Methyl Bromide) California Association of Winegrape Growers California Chamber of Commerce Port of Oakland Zellerbach (box manufacturer) Weeks Roses (rose grower) Farmland Management Services (walnuts) Carl Hartman (walnuts) J. Orth (walnuts) Lorna Peterson (walnuts) SB)",3
California League of Conservation Voters : Breast Cancer Fund,1
California Retailers Association: Capital One Financial Corp,2
California Waterfowl Association : Bay Area Open Space Council,1
Child Care Law Center Health and Human Services: Ayes 7 - Noes 1,2
Inc. Gun Owners of California,2
"Public Banking Alliance , 350 Bay Area Action, 350 Chico, 350 Conejo San Fernando Valley, 350 Riverside, 350 Santa Cruz, 350 Silicon Valley, 350 Sonoma, 350 South Bay Los Angeles, Act LA, Active San Gabriel Valley, AFSCME California, AFSCME Council 57, Alliance for Community Transit - Los Angeles, Alliance for Democracy, Alliance of Californians for Community Empowerment Action, American Federation of Teachers Guild Local 1931, American Federation of Teachers Local 2121, American Indian Movement SoCal, American Postal Workers Union, AFL-CIO, Asian Pacific Environmental Network, Backbone Campaign, Beneficial State Foundation, Beverly-Vermont Community Land Trust, California American Postal Workers Union, AFL-CIO, California Association for Micro Enterprise Opportunity, California Community Land Trust Network, California Environmental Justice Alliance, California Faculty Association - San Francisco State University, California Labor Federation, California Nurses Association/National Nurses United AFL-CIO, California Progressive Alliance, California Reinvestment Coalition, California State Board of Education, Campaign for Sustainable Transportation - Santa Cruz, Center for Community Action and Environmental Justice, Center for Farmworker Families, City and County of San Francisco",3
"State Treasurer Bill Lockyer , Bridge Housing, California Housing Consortium, California Housing Partnership Corporation, Housing California, Non Profit Housing Association of Northern California, Tenderloin Neighborhood Development Corporation, Westside Center for Independent Living",1
"United Association of Plumbers and Steamfitters Local 230, 355, 398, 582",3
"United Auto Workers Local 2865, Local 2103, Local 4123",3
1 |UNKNOWN |Final |YES |UNKNOWN|UNKNOW|UNKNOW|NO |NONE,1
"62, 114, 230, 246, 345, 355, 398, 447, 582, and 761",1
Association\California,1
"Bay, Ojai, Palm Desert, Palo Alto, Paso Robles, Pismo Beach, Portola, Poway, Rancho",1
Beach | |Rohnert Park City,1
Beach | |of,1
Beach |El Dorado Hills |Sac. Metropolitan,1
Chief of Police from 31 Cities,1
Flintridge | | Commission,1
Hills |City of Rosemead |Marin,1
Hills |City of Rosemead |Marine County Board,1
Mbr|Departme| | rb |Selecti|Select|Notice|Pill|subjec,1
Only | |3 days | 10 |10,1
Park | | Commission,1
Section 1-4 - County Community Schools/Independent Study,1
Section 11- Independent Study,1
"VALLEJO |1 |AAA, SM |Final |YES |UNKNOWN|UNKNOW|UNKNOW|NO |Discip",1
Yolo and Yuba,1
al | |5 days,1
al | |5 days | | | |ment,1
el |tion or | on Type |Med/A| Arb. | Arb. | | on | NOT,1
350 Bay Area Action AARP,1
"Agency, Municipal Water District of Orange",1
"Americans for a Safe Future, California League",1
Anaheim Duck Hockey Club/ Anaheim Ducks Foundation,1
Audubon - San Francisco Bay Restoration Program,1
"Beach Water Department, Natural Heritage",1
"Board of Supervisors, Waste Management, 4",1
"California, Nevada and Hawaii",1
City of Citrus Heights Chamber of Commerce,3
"Colusa, Glenn, Trinity Community Action Board of Directors",1
"Company, Inc., Tracy Delta Solid Waste",1
Council (CIPELC): Individual letter,1
Council (CIPELC): Many letters from individuals,1
"County District Attorney, The Nicole Brown",1
County of City of Planning,3
County of Sheriffs California Probation,3
County of Vote the Coast,3
Crime SB 1942 (Karnette) Victims United of California,3
ElectIQEnvironmental Defense Fund,1
Electronic Frontier Foundation and the Consumer Federation of America writes,1
"Environmental Bio-Systems, Inc., Law Offices of Mark B",1
"Exchange, Flasher/Barricade Association, Fontana Wood Preserving, Inc., Forest Products",1
FISCAL EFFECT Unknown COMMENTS The American Insurance Association,1
"Fbs International -- Mark E. Safarik M.s., V.s.m, Supervisory Fbi Agent (RET.)",1
"Foundation of California, WORKSAFE",1
"Francisco, Stockton",3
"Fresno Council on Child County and Municipal Employees, AFL-CIO",1
Friends Committee on Legislation of Bail Agents Association,1
"Fuel Strategy, Chawanakee Joint School",2
INC. Dba Lime Skinny Labs,1
Inc. Consulting Services,1
Kern County Board of Supervisors Agencies,1
LAFCO for San Diego LAFCO for San Luis Obispo,1
"LGBT Caucus, California Democratic |PFLAG | Danville/San Ramon Valley | |Party",1
Law AB 2523 (Frommer) Offices of Grimm & Scholnick (Granada Hills),3
"League, Relational Culture Institute, Sierra",1
"League, Sierra Club California, SOCAL Computer",1
"League, Sierra Club California, Solid Waste",1
"League, Sierra Club California, Teamsters",1
"Los Angeles County, Los Angeles County District",2
MSK Solutions - Mile High Behavioral Health,1
"Mountain Vistas and Mountain Vistas II, Redding",1
"Municipal Utility District, Santa Cruz, San",1
Northern California Radio- (Sher) Directors Association of Northern California,1
Ontario and San Luis Obispo League of CA Cities,1
"Painters Locals 256, 272, 294, 741, 3, 913, 286, 686, 487, 775, 333, 507, 376, and 1595",3
"Panthers of Sacramento, Health Officers",2
Pelican Bay State Prison (Crescent City) High Desert State Prison (Susanville) California State Prison (CSP)-Sacramento Substance Abuse,1
"Police Department, cities of: Santa Barbara",1
"Practical Regulation, Director of Public Works",3
"Public Affairs Council, Californians Against",1
"Railway Company, California Short Line Railroad",1
"Riverside Community College District, Foster Youth Support Network",1
"Sacramento, and Whitter",3
San Diego City Attorney and Chief of Police,2
"San Francisco Office of Financial Empowerment, Jacob DuMez, Manager of Policy and Programs",1
Santa Ana Bernardino County Sheriff,1
Seismic Safety Commission Joe Grebmeier,1
"Services, Joe Neves, Jon Rachford, Lee",1
Sheriffs of the following counties: El Dorado,1
Sheriffs/Police Chiefs,1
State Bar of California Judge Eugene M. Hyman,1
State Department of Health Services AARP,3
State Prison (Ione) Calipatria State Prison CSP-Corcoran CSP-Los Angeles (Lancaster) Pleasant Valley Prison (Coalinga),1
The California League of Conservation Voters (CLCV The Planning and Conservation League),1
"Treaters, American Fence Contractors",1
Violence Prevention Coalition of Greater Los Angeles AB120X,1
Viterbi School of Engineering California State University Northridge,1
"Wastewater District Board of Directors, East",1
"Water Agencies Group, Rowland Water District, Walnut Valley",3
"Women Escaping a Child, Youth and Family Board of Supervisors",1
"Women, California Public Interest Research",3
"of California, California Environmental Rights",1
"of California, Coalition for Family Equity, women for:, El Dorado Womenos Center, Shelter Against Violent Environments, San",1
"of Lakewood, California Assessors Association, California Nurses",1
"of Southern California, Home Builders Association, Home",1
"of the Navy, BIOCOM, Industrial Environmental Association",1
"Area Governments, County of San Joaquin",2
"Association, San Joaquin Valley Air Pollution",2
Behavioral Health's Alcohol and Other Drug Services and Public Health's Tobacco Prevention Programs,2
"California, Northwest El Monte Community Task",2
Counties of Mendocino and Sonoma,1
Counties of Napa and San Joaquin,1
Counties of Stanislaus and Yolo,1
FQHCs and RHCs,2
Kings & Kern Stubhub,2
"Management Agencies Association, Bay Planning",2
"Manufacturing Group, California Environmental",2
Alameda County Board of SupervisorsNone received,1
Students for Democracy at San Jose State Various individuals,1
"U.S. Army, Marine Corps., Navy and Air Force installations in California",1
"Alto, Roseville, Sacramento Municipal Utility",2
"Angeles Area Chamber of Commerce, Long Beach",2
"Association of California Water Agencies, Bay",2
"Association of Counties, Concord, Central",2
"Association of North America, Yucca Valley, 1",2
"Association, California Environmental Business",2
"Association, California Independent Producers",2
"Association, California Marine Parks & Harbors",2
"Association, Regional Council of Rural",2
"Association, and CSAC",2
LAMTA and SF,2
"Locals 373, 839, 870, 1179",2
"Management Task Force, Monrovia, Montebello, Pasadena, San Jose, Santa Cruz, Solid Waste",2
Various members of Haven Human Society and the Inland Valley Humane Society,1
The Superior Courts of the following counties: Alameda,1
"10th AD Democrats, and two residents in their private capacities",1
"350 Bay Area, including East Bay, Marin, San Francisco and Sonoma",1
"California Municipal Business Tax Association, California State Association of Counties, League of",1
"Chiefs of Police from the cities of: Arcadia, Azusa, Baldwin Park, Bell, Bell Gardens, Burbank, Claremont, Culver City, Downey, El Monte, El",1
Counties of Stanislaus and Merced,3
350 Bay Area Action and 350 Sacramento,1
350 Humboldt 350 Sacramento,1
"350 Sacramento, 350 Silicon Valley, 350 South Bay Los Angeles, Fossil Free California, the Nature Conservancy",1
"350: Bay Area Action, Bay Area Group, Conejo / San Fernando Valley, Humboldt, Sacramento, San Diego, Santa Barbara, SoCal Climate Action, South Bay Los",1
"350: Bay Area Action, Butte County, Conejo",1
"350: Bay Area Action, Butte County, Conejo, San Fernando Valley, Humboldt, Sacramento, San Diego, SoCal Climate Action, South Bay Los Angeles, Southland Legislative Alliance, and Ventura County Climate Hub",2
"350: Bay Area Action, Chico, Inyo, Sacramento, Silicon Valley, South Bay Los Angeles, SoCal, Ventura County Climate Hub",1
"350: Bay Area Action, Conejo San Fernando Valley, and SoCal",1
"350: Bay Area Action, Conejo, So Cal, San Diego, South Bay LA, Southland",1
"350: Bay Area Action, Conejo, SoCal, San Diego, South Bay LA, Southland",1
"350: Bay Area Action, Humboldt, and Ventura County Climate Hub",1
"350: Bay Area Action, Humboldt: Grass Roots Climate Action, Southland",1
"350: Bay Area, Bay Area Action, Conejo/San Fernando Valley, Humboldt, San Diego, SoCal, South Bay Los",1
"350s: Bay Area Action, Sacramento, Ventura",1
"350s: Bay Area, Conejo/San Fernando Valley, Contra Costa Action, Long Beach, San Diego, SoCal, South Bay LA, Southland Legislative Alliance, and Ventura",1
"350s: Bay Area, Conejo/San Fernando Valley, Contra Costa Action, Long Beach, San Diego, SoCal, South Bay LA, Southland Legislative Alliance, and Ventura County Climate Hub",1
"350s: Bay Area, Conejo/San Fernando Valley, Contra Costa Action, Long Beach, San Diego,SoCal, South Bay LA, Southland Legislative Alliance, and Ventura County Climate Hub",1
"350s: Bay Area, Humboldt, San Diego, and Southland Legislative Alliance",1
"350s: Conejo, Humboldt, Sacramento Legislation Team, SoCal, South Bay LA, Southland Legislative Alliance, Ventura County Climate Hub",1
"350s: Conejo/San Fernando Valley, Contra Costa Action, Long Beach, San Diego, SoCal, South Bay LA, Southland Legislative Alliance, and Ventura County",1
"413,340, 47, 18, 45, 11, 639, 551, 40, 332, 6, 595, 100, 180, 234, 1245, 440, 441, 569, Orange County Electrical Training",2
"5 Gyres Institute, The 350 Conejo / San Fernando Valley",1
"5 Gyres Institute, The Algalita Marine Research And Education",1
"5 Gyres Institute, The American Heart Association",1
"5 Gyres Institute, The Association of California Healthcare Districts",1
"5 Gyres Institute, the Alameda County Democratic Party",1
"5 Gyres Institute, the Alliance of Nurses for Healthy Environments",1
"5 Gyres Institute, the Azul",1
7th Generation AdvisorsActive San Gabriel Valley,1
A New Way of Life Reentry ProjectAnti-Recidivism Coalition,1
AAA California State Automobile Association & Automobile Club Southern,2
AARP Alzheimer's Association,1
AB 2592 - Cortese District,2
"ABATE, Local Chapters 1, 6, 8, 10, 19, 23, 25, 27, 28, 34, 38, 44, 51",2
ACLU California Action and Oakland Privacy,2
"ACLU California Action, Disability Rights California, the National Organization for Women",2
ACWA and the Regional Council of Rural Counties,2
AFL-CIO AMVETS,2
AFL-CIO American Legion,2
AFL-CIO California Medical Association Los Angeles County Probation Officers' Union,2
AFL-CIO California State Council of Laborers District Council16,2
AFL-CIO California Tax Reform Association California School Employees Association,2
AFL-CIO California Teachers Association LGBTQ+ Inclusivity,2
AFL-CIO Capitol Resource Family Impact,2
AFL-CIO Construction Employers' Association District Council 16,2
AFL-CIO International Brotherhood of Boilermakers,2
AFL-CIO SMART-Transportation Division,2
AFL-CIO Sheet Metal,1
"APLA Health, Black Women for Wellness Action Project, Equality California, Essential Access Health, Los Angeles LGBT Center",2
"APM Terminals, California Association of Port Authorities, California Chamber of Commerce",1
ARB and the Energy Commission,2
"ARCO, California Chamber of Commerce, California Manufacturers Association",1
AT&T IBM,2
"Additionally, the California Medical Association (CMA)",2
Adelphia |City of La Palma |Springs,2
AdvancePCS and Express Scripts,1
AeA (American Electronics Association) Affymetrix,2
AeA Apple Computer,2
Affairs (South San Francisco) California State Automobile Association,2
"Agency on Aging Advisory Council (Nevada, Placer, Sacramento, Sierra, Sutter, Yolo, & Yuba)",2
Alameda Corridor-East Construction |Gateway Chamber Alliance,2
Alameda County Chiefs of Police and Sheriff's Association Police Departments of Waterford,2
"Alameda County Youth Development, Inc./George P. Scotlan Youth & Family Center",2
"Alameda County, Breast Cancer Early",1
"Alliance of Automobile Manufacturers, Automobile Club of Southern California, California Chamber of Commerce, California",1
Alliance |Rio Bravo Poso,1
"Alticor Inc, American Chemistry Council",2
American Association of University WomenChildren's Rights Council,2
American Association of UniversityCalifornia District Attorneys,1
American College of Emergency Physicians Trauma Foundation St. Francis Medical Center of Santa Barbara Los Angeles County District Attorney Handgun Control City of Los Angeles Boards of Supervisors of Alameda County,2
American Federation of State County and California Association of Nonprofits,2
"American Federation of State, County and Municipal Employees (AFSCME), AFL-CIO California Environmental Voters (formerly Clcv)",1
"American Federation of State, County and Municipal Employees (AFSCME), AFL-CIO, California Labor Federation (CLF)",2
"American Federation of State, County and Municipal Employees Alzheimer's Association",2
"American Federation of State, County and Municipal Employees Baxter Healthcare",2
"American Federation of State, County and Municipal Employees Housing California",1
"American Federation of State, County and Municipal Employees, AFL-CIO Aspiranet",2
"American Federation of State, County and Municipal Employees, AFL-CIO Boeing Company",2
"American Federation of State, County and Municipal Employees, California Newspaper Publishers Association",1
"American Federation of State, County and Municipal EmployeesThe Legal Clinic of Santa Barbara",1
"American Federation of State, County, Municipal Employees (AFSCME) (AFL-CIO) California Conference Board of the Amalgamated Transit Union",1
"American Federation of State, County, and Municipal Employees of CA (AFSCME CA) California Conference Board of the Amalgamated Transit Union",1
"American Federation of State, County, and Municipal Employees, Beverly Hills/Hollywood NAACP",1
"American Planning Association-California Chapter, California State Association of Counties, League of California",2
American River Fire Department Jennifer Baues,2
Americans Against Crime Mothers Against Drunk Drivers Stockton City Council Police Departments of: Antioch,2
"Amo Action Committee, Desert Citizens Against",2
"Angeles (CHIRLA, National Immigration Law Center (NILC), and Services Immigrant Rights and Education Network (SIREN))",2
"Angeles County Board of Supervisors Members, Michael Antonovich, Deana Dana and Yvonne Brathwaite Burke",2
Angeles County and Beverly Hills Bar Associations,2
Angeles District Attorney California Applicants' Attorneys,2
"Arc of San Francisco, The Asian Law Caucus",2
Arsen's Recycling Californians Against Waste,2
Artelias S. Guyton & |City of La Verne |City of Santa Monica,2
Asian Pacific American Legal Center and Chinese for,1
"Asian Pacific Islander American Public Affairs Association of: Bay Area Region, Central Valley Region, Community Education Foundation, Los Angeles Chapter, Orange County Chapter, San Diego Chapter, San Francisco Chapter, San Gabriel Chapter, Silicon Valley Chapter, Solano County Chapter, Southern California Region, and Tri Valley Chapter",2
Assn. for Children for EnforcementCA Family Support Council,2
Assoc. of Trial Court AdministratorsCA Public Defenders Assoc,1
Associated General Contractors-San Diego. Association of California Water Agencies,2
Associates |City of Lafayette |City of Santa Rosa,2
Association (the California Peace Officers Association and the California Police Chiefso),2
"Association Association, Los Angeles County",2
Association California Police Chiefs' Association,2
"Association of Bay Area Governments, Save the Bay, Trust for",2
Association of California Life and Health Insurance Companies (ACLHIC) and the California Association of Health Plans (CAHP),2
"Association of California Water Agencies, California Association of Sanitation Agencies, California",2
"Association of California Water Agencies, California Special District Association",2
Association of California Water AgenciesPublic Utilities,1
"Association of Contract Counties, California Ambulance Association",2
"Association of Social Workers, the Youth Law",2
Association |Angeles County,1
"Association, California Chamber of Commerce, California Council for Environmental and Economic Balance, California Farm Bureau",3
"Association, California Tax Reform Association",1
"Association, Grocery Manufacturers of America, Industrial Environmental Association, Lumber",2
"Association, Solid Waste Association of Orange",2
"Association, the American Nurses Association of California, the California Rehabilitation Association and the California",2
Association/California Police Chiefso Association,2
Association/National Nurses Organizing Committee,2
"Association/National Nurses United, Association of Northern California",2
Automobile Club of Southern California AT&T Wireless,2
Automobile Club of Southern California California State,2
"Automotive Service Councils of California, Automotive Trade Organizations of California, California Chamber of Commerce, California",1
"Baumbach & Piazza Civil Engineers, California Building Industry Association",2
Bay Area CouncilCA Farm Bureau Federation CA Building Industry Association,2
"Bet Tzedek Legal Services, Caifornia Alliance for",1
"Bet Tzedek Legal Services, California Alliance for",1
"Black Brant Group, the Blood Origins, INC",2
"Black Brant Group, the Blue Seas Fabrication",2
Boston Scientific Corp.: California Chamber of Commerce,3
Both the American Civil Rights Coalition (ACRC) and the California Association of Scholars,2
Both the California Federation of Teachers (CFT),2
"Brady Campaign to Prevent Gun Violence, ""Data",2
Breast Cancer Fund and Commonweal,2
"Breast Cancer Fund, California League of California Voters, Environment California, Sierra Club",2
Building Industry Association of Southern California. A-Built Aluminum Gutters,2
Building Systems Management and Norman and Norman,2
"Building and Construction Trades Council, Los Angeles, Orange, Santa Clara, San Benito Counties",2
CA American College of EmergencyBlue Cross of California,1
CA Arthritis Foundation Council CA Newspaper Publishers Assn,1
CA Assn. of Marriage and Family National Assn. of Social Workers,1
CA Assoc. of Black Social WorkersTraditional Values Coalition,1
CA Assoc. of Long Distance Cos. League of California,1
CA Association of Realtors CA Municipal Utilities Association,1
CA Association of Realtors Judicial Council of California,1
CA Association of RealtorsCA State Assoc. of Counties CA Taxpayers Association,2
"CA Child, Youth and Family CoalitionCA Attorneys for Criminal",1
CA Chiropractic Association Association of CA Insurance,1
"CA Coalition for Electronic ReportingSEIU, AFL-CIO CA State",1
CA Commission on Uniform State LawsAttorney General,1
"CA Congress of Parents, Teachers,Bernice Bush Company",2
CA Correctional Peace Officers Assoc.Dept. of Forestry & Fire,1
CA Dept. of Forestry Employees Assn. California Taxpayers' Association,1
CA District Attorneys AssociationAmerican Civil Liberties Union,1
CA Farm Bureau Federation CA Chamber of Commerce,1
CA Federation of Republican WomenMexican American Legal Defense,2
CA Kiner/Goodsell Advertising (on behalf of Programmed Special Markets) American Lung Association of Metropolitan Chicago Life Insurance Buyers,2
CA Medical Association CA Association of Health Plans,1
CA National Organization for WomenCA Attorneys for Criminal,2
CA National Organization for WomenCoalition of Parent Support,1
CA National Organization of WomenCapitol Resource Institute,1
CA Organization of Police and SheriffsCity of Oakland,1
CA Public Defenders Association Beverly Hills Bar Association,2
CA Public Interest Research GroupCA State Assoc. of Counties,2
CA Resource Recovery Association |Planning and Conservation League,2
CA Rural Legal Assistance FoundationCalifornia Apartment Association,1
CA School Employees Association CA Manufacturers Association,1
CA State Assoc. of CountiesCA State Firefighters' Association County Health Executives Assoc,2
CA State Association of CountiesCalifornia Teamsters,2
CA State Association of CountiesService Employees International,1
"CA State Bar, Family Law SectionCapitol Resource Institute",1
"CASA County Chapters of: Alameda, Amador, Butte, Glenn, Contra Costa, Del",2
"CH2MHill, La Raza Roundtable",2
CIGNA and UnitedHealthcare,2
CONTINUED AB 1397 California Attorney General California Narcotic Officers' Association Doris Tate Crime Victims Bureau Orange County Chiefs' and Sheriff's Association Neil J. Purcell,2
"CalChamber, TechNet, Internet Association, and Civil Justice Association",2
CalPartners and the Alcohol Policy Network of Alameda,1
California Adult Education Administrators Association and the California Council for Adult Education,2
"California Air Pollution Control |Mayor, Curt Pringle",2
"California Alliance of Licensed Security and Guard Agencies, Inc. Heritage Security",2
"California American Federation of State, County, and Municipal Employees California National Organization for",2
California Apartment Association California Native Plant,1
"California Assessors Association, United Airlines, Alaska",1
California Assessors Association. United Airlines,1
"California Assessors' Association, Howard Jarvis Taxpayers",1
"California Assessors' Association, Howard Jarvis Taxpayers Association",2
"California Assisted Living Association/Leading Age California/6Beds, Inc",2
"California Association for Health, Physical Education, Recreation and Dance American Heart Association",2
"California Association of Code Enforcement Officers, California College and University Police Chiefs Association, California Narcotic Officers Association, California Taxpayers Association, Los Angeles Professional Peace Officers Association",2
California Association of Health Plans (CAHP) and Association of California Life and Health Insurance Companies (ACLHIC) are,2
"California Association of Joint Powers Authorities , State Building and Construction Trades Council, CSAC Excess Insurance Authority",2
California Association of Joint Powers Authorities California Association of Sheet Metal and Air Conditioning Contractors National Association,2
"California Association of LAFCOs, American Federation of State, County and Municipal Employees",1
"California Association of Realtors, California Land",2
California Association of RealtorsBuilding Owners and Managers,1
California Association of RealtorsNone,2
"California Association of Sanitation Agencies, California State Association of Counties, League of California Cities, Regional Council",2
"California Association of Sanitation Agencies, Orange County",2
California Association of Services for Children: Special Education Local Plan,2
"California Attorneys for Criminal Justice, California Public Defenders Association",2
California Bicycle Coalition Rails-to-Trails,2
California Board of Psychology and the California Academy of PAs are,2
California Builders Exchange and American Electronics Association,2
"California Building Industry Association, Bay Area Council",2
"California Building Industry Association, California Business Properties Association, California",1
"California Building Industry Association, Judicial",1
"California Business Properties Association, California Association of County Treasurer-Tax Collectors, Howard Jarvis Taxpayers Association, San Francisco Chamber of Commerce",2
"California Cable Television Association, LIFETIME Television",2
California Chamber of Commerce California Coalition on Workers' Compensation,1
California Chamber of Commerce and Civil Justice Association of,1
California Chamber of Commerce and the California Retailers Association,2
California Chamber of Commerce and the Western States Petroleum Association,2
California Chapter California State Association of Counties City of Alhambra,2
California Chapter of the National Emergency Number Association California State Sheriffs' Association,2
"California Children's Health Coverage Coalition (Children's Defense Fund - California, United Ways of California, The Children's Partnership, California Coverage and Health Initiatives, Children Now)",2
"California Coastkeeper Alliance, Clean Water Action, Environment California, Seventh Generation Advisors, Sierra",2
"California Congress of Parents, Teachers, and Students, Inc. Children Now",2
California Consortium of Addiction Programs and Professionals California Pan-Ethnic Health Network,2
California Contract Cities Association City of Artesia,2
California Correctional Peace OfficersCalifornia Attorneys for,2
"California Council for Environmental and Economic Balance, California Manufacturers and Technology Association, DeMenno/Kerdoon",2
"California Council for Environmental and Economic Balance, California Retail Air Quality Coalition",2
California Court Reporters Assn.CA State Automobile Assn,1
California Credit Union League A Coalition of Companies (Acxiom),1
California Department of TransportationConsumer Attorneys of California (Caltrans),2
"California District Attorneys Association, Peace",2
"California District Attorneys Association, San Bernadino County Sheriffos Department, the Attorney Generalos Office",2
California District Attorneys AssociationState Bar of California,1
California Drilling Fluids Independent Oil Producers' Agency Kenneth Hunter,2
California Employment Law CouncilConsumer Attorneys of California,1
California Financial Services Association and Premium Finance Association,1
California Fire Chiefs Association and Fire Districts: Association of California,6
California Fire Chiefs Association and the Fire Districts Association of California,2
"California Fire Chiefs Association and the Fire Districts Association of California, in support of the bill",2
"California Firefighters, California Legislative",2
California Grape & Tree Fruit League Adobe Creek Packing Company California Women for Agriculture County of Lake Probation Department,2
California Grocers Association California State Association,2
California Grocers Association and the California Retailers Association,3
"California Health+ Advocates, California Immigrant Policy Center",2
California Health+AdvocatesCalifornia Nurse Midwives Association,2
California Healthcare Institute Citizens Against Law Suit,2
California Hospital Association (CHA) and numerous individual hospitals,2
California Hospital Association and Tenet,2
California Housing Consortium and Housing California,1
"California Independent Public Employees Council, Central Labor Council of Contra Costa County (AFL-CIO)",2
California Institute of Technology/ Division of Biology,2
California Interfaith Power & Light |San Francisco Board of Supervisors,2
California Labor Federation and California Rural,2
California Labor Federation and California Teamsters Public Affairs Council,2
"California Labor Federation, AFL-CIO Sierra Club",2
"California Labor Federation, AFL-CIO, the State Building and Construction Trades Council",1
"California Labor Federation, California Teachers Association",2
"California Labor Federation, UFCW 1428",2
California Law Revision CommissionCalifornia Association of,1
"California Lawyers Association, Trusts and Estates and Taxation Sections",2
California League of Conservation |Natural Resources Defense Council,1
California League of Savings InstitutionsCalifornia Municipal,2
"California Legislative Conference of the Plumbing, Heating, and Piping Industry California State Pipe Trades Council",2
California Manufacturers & Technology Association Cal-Tax,2
"California Marine Association, California Auto",2
California Medical Assoc. (CMA) California Chamber of Commerce,1
California Municipal Utilities Association and IID,1
"California Municipal Utilities Association, League of California Cities",2
California Peace Officers Association and Police Chief's Association,1
California Peace Officers' Association and the California,2
California Pharmacists Association and California Healthcare,1
California Pharmacists Association/ California Society for Health System,2
California Pharmacists Association/ California Society of Health-System,2
California Police Chiefs and State Sheriff's,2
California Professional Firefighters Peace Officers Research Association of California Alameda City Firefighters,2
California Psychiatric Association City Ambulance,2
"California Public Interest Research Group, Department of Toxic Substances Control, Planning and Conservation League, Sierra Club",2
California Public Utilities CommissionSprint Communications,1
"California Redevelopment Association, League of California",1
"California Reinvestment Coalition, California Tax Reform Association, Service Employees International Union",2
California Retailers Association |SolarCity,2
"California Rifle and Pistol Association, California Sportsman's Lobby, California Waterfowl Association, National Shooting Sports Foundation, Outdoor Sportsmen's Coalition of California, Safari Club International, Safari Club International Foundation",2
California Rural Legal Assistance Foundation American Federation of State,2
"California Rural Legal Assistance Foundation, Western Center",2
California Safety and Legislative Board of SMART - Transportation Division California State Association of Electrical Workers,2
"California School Employees Association, California Tax",2
"California School for the Deaf/Riverside, Parent Advisory Council",2
California Solar Energy Industries |Solar World California,2
California Space Authority Carpenter Co,2
"California Special Districts Association, the California State Association of Counties, the League of California Cities",3
California State Association of Counties (CSAC) and the County Welfare Directors Association (CWDA) write,3
California State Association of Counties Counties of Butte El Dorado,2
California State Association of Counties and Sierra Club,2
"California State Association of Counties, California Labor",2
"California State Association of Counties, Western",2
California State Association of Electrical Workers and Western,2
California State Association of Electrical Workers and Western States Sheet Metal Workers,2
"California State Automobile Association, Automobile Club of Southern California",2
California State Sheriff's AssociationService Employees,1
"California State Treasurer Bill Lockyer, California Association",2
"California Tax Reform Association, American Federation of State, County and Municipal Employees",2
"California Taxpayers' Association, State Treasurer Bill Lockyer",2
California WalksCentral City Association of Los Angeles,2
"California, Independent Cities Association, East Bay",2
"California, U.C. Berkeley",2
"California, the Commercial Real Estate Development Association",2
Californians Against Waste and the Natural Resources Defense Council (NRDC) express,2
Calleguas Municipal Water DistrictSouthern California Edison,1
"Campaign, Coalition for Clean Air, Environment",2
Capitol Resource Institute (sponsor) Judicial Council,1
Capitol Resource Institute California Judges Association,1
"Carolina Tobacco Company and Single Stick, Inc",2
"Carpenters Local Union 22, 46, 152, 180, 405, 505, 605, 562, 619, 661, 701, 713, 714, 721, 805, 909, 951, 1109, 1599, 1789, and 2236",2
Catholic Hospitals West Sutter Hospitals,2
Center for Missing and ExploitedCA Attorneys for Criminal Justice,1
"Center for Oceanic Awareness, Research, and Education, the Central Contra Costa Sanitary District",2
Center for Race Poverty & the Environment Food and Water Watch Leadership Counsel for Justice and Accountability Communities for a Better Environment Center for Community Action for Environmental Justice,2
Central San Fernando Valley Contra Costa,2
"Chamber of Commerce, California Council for",2
"Chamber of Commerce: Alhambra, Antelope Valley African American, Arcadia, Burbank, California Asian Pacific, California Black, California Hispanic, Carlsbad, Carmel Valley, El Dorado County, Escondido, Fresno, Fresno Metro Black, Glendale, Greater Coachella Valley, Greater Los Angeles African American, Greater Riverside, InBiz Latino/North County Hispanic, Korean American Central, La Cañada Flintridge, Long Beach Area, Los Angeles Area, Mariposa County, North Orange County, Oceanside, Orange County Hispanic, Pacific Grove, Pasadena, Redding, Sacramento Asian Pacific Islander, Sacramento Black, Sacramento Hispanic, Sacramento Metropolitan, San Diego County Hispanic, San Diego Regional, San Ysidro, Slavic-American",2
"Chambers of Commerce of Fresno, Long Beach, Los Angeles, Oakland, Sacramento, San Diego, San Francisco, and San Jose/Silicon Valley",2
"Chambers of Commerce: Black Chamber of Orange County, California Asian Pacific, California Black, California, California Hispanic, Carmel Valley, Chino Valley, Fontana, Fresno Metro Black, Glendale, Greater Coachella Valley, Greater Los Angeles African American, Greater Riverside, Hesperia, Hollywood, Los Angeles Latino, Murrieta/Wildomar, Orange County Hispanic, Pacific Grove, Pasadena, Rancho Cucamonga, Redlands, Sacramento Asian Pacific, Sacramento Black, Sacramento Hispanic, Slavic-American, Upland, and Victor Valley",2
"Chambers of Commerce: Brea, Camarillo, El Centro, Fullerton, Goleta, Greater Conejo Valley, Irwindale, Irvine, Long Beach, Oxnard, Palm Desert, Rancho, Redondo, San Gabriel Valley Regional, and Simi Valley",2
Chambers of Commerce: California Chamber of Commerce,2
"Chemistry Council, the American Electronics Association, the Bromine Science and Environmental Forum, California Women for",2
Children Now and First 5 LA,2
Children Now and The Children's Partnership,2
Childrenos Advocacy Institute and California Consortium for,2
"Cites of Bellflower, Carlsbad, Carson, Cathedral City, Ceres, Cerritos, Chula Vista, Concord, Corona, Downey, El Cajon, El Monte, Escalon, Escondido, Gilroy, Hayward, Huntington Park, Lancaster, Lemon Grove, Loma Linda, Monrovia, Newport Beach, Norco, Oxnard, Petaluma, Poway, Roseville, San Bernardino, Santa Clarita, Santa Maria, Santa Rosa, Stockton, Thousand Oaks, Vista, West Covina",2
Cities of Alturas,2
"Cities of American Canyon, Calistoga, Napa, St. Helena",2
"Cities of Camarillo, Commerce, La Mirada, Moreno Valley, Norwalk, Paramount, Santa Fe Springs, South Gate, (co-sources)",2
Cities of Carpinteria,2
"Cities of Cerritos, Costa Mesa, Lakewood, Santa Barbara",2
Cities of Fontana and Torrance,1
"Cities of Novato, Tustin, San Bernardino, Sunnyvale & Victorville",2
Cities of: Adelanto,2
"Cities of: Alameda, Albany, Dublin, Emeryville, Fremont Hayward Livermore, Newark, Oakland, Piedmont, Pleasanton, San Leandro, and Union City",2
Cities of: American Canyon,2
"Cities of: Apple Valley, Cathedral City, Hermosa Beach, San Diego",2
"Cities of: Arroyo Grande, Berkeley, Clovis, Dublin, Garden",2
"Cities of: Azusa, Berkeley, Brawley, Burbank, Calistoga, Capitola, Ceres, Chico, Colma, Coronado, Emeryville, Fort Bragg, Lodi, Los Altos, Los Angeles, Oakland, Pasadena, Riverside, Salinas, San Diego, San Jose, San Mateo, San",2
"Cities of: Bellflower, Cathedral City, Culver City, El Segundo, Gardena, Gilroy, Redwood City, Sacramento, San Gabriel, San Luis Obispo, Santa Barbara, Santa Fe Springs, Consolidated Communications Inc",2
Cities of: Brea,2
"Cities of: Brea, Camarillo, Foster City, Glendale, Huntington Beach, Moorpark, Pasadena, Redwood City, Sacramento, San Clemente, Salinas, Vista, and West Hollywood",2
"Cities of: Brea, Daly City, Salinas, Santa Monica",2
"Cities of: Brisbane, Hercules, and Los Gatos",2
Cities of: Ceres,2
"Cities of: Cerritos, El Cajon, Fremont, Moreno Valley, Santa",2
"Cities of: Chino, Chino Hills, Corona, Covina, Dana Point, Davis, Inglewood. La Verne, Ontario, Pomona, Redondo",2
"Cities of: Cotati, Healdsburg, Sonoma",2
"Cities of: Mission Viejo, Placentia, Brea, Buena Park, San",2
Cities of: Pacific Grove,2
"Cities of: Pomona, Chino, Ontario, and Fontana",1
"Cities of: Sacramento, Signal Hill",2
Citizen's Climate Lobby LA West Clean Coalition,2
"City of Alhambra, American Canyon, Bellflower, Carlsbad, Corona, Costa",2
"City of Bell, Commerce, and Huntington Park",2
City of Berkeley City of Cupertino,2
City of Brea |City of Norwalk |City/County Assn. of,1
City of Brentwood |City of Novato |Governments of,1
City of Camarillo Cities of Rancho Cucamonga,2
City of Capitola |City of Palm Desert |City/County Assn. of,1
City of Carlsbad |City of Palmdale |Governments of,1
"City of Chino Hills, League of California Cities, SB 138",2
City of City of Rohnert Park,2
City of City of Turlock,2
City of Colusa |City of Petaluma |Foundation for,1
City of Colusa |City of Pinole |Foundation for,1
City of Commerce |City of Pinole |Taxpayers and,1
City of Commerce |City of Pismo Beach |Taxpayers and,1
City of Concord |City of Pomona |Kern County Board of,1
City of Conservation League Sierra Club,2
City of Coronado |City of Pomona |Council of,1
City of Cotati |City of Rancho Cordova |Council of,1
City of Emeryville |City of Salinas |Marin County Board of,1
City of Escondido |City of San Clemente | Association of,1
City of Fairfield |City of San Dimas | Association of,1
City of Fresno |City of San Pablo |Television of,1
City of Garden Grove |City of San Marcos |Television of,1
City of Hughson |Barbara |Sac. County Board of,1
"City of La Mirada, California Manufacturers",2
City of Laguna Hills Civil Justice Association of California California Joint Powers Insurance Authority League of California Cities,2
City of Lancaster Rosamond Community Services District,2
City of Long Beach Cities of Pittsburg,2
City of Los Angeles & San Jose,1
City of Los Angeles County Sanitation Districts City of Lodi,2
City of Los Angeles East Bay Municipal Utility District,2
City of Los Angeles and Los Angeles Police Department,2
"City of Los Angeles, Oakland, and Sacramento",2
City of Mountain View Counties of San Mateo,2
"City of Palm Desert, California Association for",2
City of Pasadena County of Contra Costa,2
City of San Jacinto California Organization of Police and Sheriffs Richard F. Thomas,2
"City of Santa Ana W.D. ""Bill"" Stearns",2
City of Vernon City of Whittier,1
"City of Whittier, Yolo County",2
City of Yreka SB 1354-Escutia Homexx International,2
"Clarita, Santa Cruz/Santa Cruz County, Sonora/Mother Lode, Temecula, Vacaville/North Solano County, Ventura County, Walnut Creek/Diablo",1
"Clarita, Temecula, Visalia, and Wildomar",2
"Coachella Valley Association of Governments, Southern California Association of Governments",2
Coalition California Professional Firefighters California School Employees,2
Coalition of California Welfare Rights Organizations/Children's Defense Fund/Western Center on Law and Poverty,1
Cobb County Roy T. Ramirez,2
"College, Golden West College, Orange Coast College",2
"Colleges, Inc. Iglesia Biblica Fundamental",1
Colton Redevelopment Agency Cities of Merced,2
"Commissions, Humboldt LAFCO, Santa Cruz LAFCO",2
"Committee Unity Outreach Program, La Mesa First United Methodist Church, Community Housing Development Corporation",2
Committee on Moral Concerns and by the Traditional Values Coalition,3
Committee on the Administration of JusticeCA Defense Counsel,1
"Communications Workers of America Locals 9000, 9414, 9415, 9423, 9503 Congress of California Seniors",2
Communications |City of La Quinta |City of Santa Maria,2
Community Health for Asian Americans and Asian Americans Advancing Justice,2
Company Abuse Pacific Gas & Electric Company,2
"Computer & Communications Industry Association, California Chamber of Commerce, and TechNet",2
Consumer Attorneys of California (CAC) and the Foundation for Taxpayer and Consumer Rights,2
Consumer Attorneys of California Council on American-Islamic Relations - California Chapter,2
Consumer Attorneys of CaliforniaAmerican Academy of Pediatrics,2
Consumer Attorneys of CaliforniaAssociation for California Tort,1
Consumer Attorneys of CaliforniaBristol-Myers Squibb Company,1
Consumer Attorneys of CaliforniaCA Employment Law Council,1
Consumer Attorneys of CaliforniaCredit Bureau of Santa Cruz County,1
Consumer Federation of CaliforniaAssociation for California Tort,2
Consumer Federation of CaliforniaIMS America,1
Consumer Protection Policy Center based at the University of San Diego School of Law and Giffords both write the following,2
Consumeros Union and Consumer Attorneys of California,2
Contractors State License Board California HealthCare Association,1
Contractors State License Board Surety Company of the Pacific,1
"Contractors' Association, California Fence Contractors",2
"Corporations Committee and Nonprofit Organizations Committee, Business Law Section, California Lawyers Association",4
"Corridor Joint Powers Authority, Sacramento Regional Transit and Sacramento Area Council of Governments",2
Costa Mesa Chamber of Commerce and Costa Mesa Motorcar Dealers Association,1
"Council for Environmental and Economic Balance, California Manufacturers and Technology",1
"Counties of: Riverside, San Bernardino",2
"County Recorders in Butte, Contra Costa, Glenn, Napa, Placer, San Mateo, Santa Rosa, and Sonoma Counties",1
County School Facilities Consortium |Tim Lewis Communities,2
"County Sheriff's Department of Contra Costa, Imperial, Sacramento, Sierra, San Bernardino, and Yolo",2
"County Sheriff's of Riverside, Siskiyou, Shasta, Mendocino, Santa Barbara, Humboldt, and Kern Counties",2
County and Municipal Employees (AFSCME) American Legion,1
County and Municipal Employees (AFSCME) Board of Supervisors from Stanislaus,2
County and Municipal Employees (AFSCME) CA State Firefighters' Association,2
County and Municipal Employees (AFSCME) California School Employees Association,2
County and Municipal Employees (AFSCME) County of Los Angeles,1
County and Municipal Employees California Association for Health,2
County and Municipal Employees California Federation of Labor Unions,2
County and Municipal Employees California State Legislative Board,2
County and Municipal Employees Los Angeles District Attorney's Office ACFC. National Membership Director,2
County of California Custom Sound & Video,2
County of City of Barbara,2
County of City of Grocers Association,2
County of City of Industries (ISRI),2
County of City of Institute of Scrap Recycling,2
County of City of Prevention Program of Southern California,2
County of City of The Construction Industry's Crime,2
County of Inyo and City of Los Angeles,2
County of Long Beach Area Chamber of Commerce,2
County of Sacramento & City of Sacramento,2
County of Sacramento City of Buena Park,2
County of Sacramento Land & Farming Inc,2
County of Santa Clara Health Department (cont'd) County of San Luis Obispo Health Agency,2
County of Tulare League of California Cities Marin County Council of Mayors,2
"County of Ventura, and the Cities of Albany, El Centro, Florin, Hollister, Newport Beach, and Santa Monica",2
County of Victor Valley Chamber of Commerce,2
County of Yuba Cities of Barstow,2
"County, AFL-CIO",1
"County, DHS",1
"County, Glenn",1
"County, Los Angeles County, Marin, Mendocino County, Metropolitan State Hospital, Monterey County, Mt. San",2
"County, Orange County, San Luis Obispo County, Southern Santa",2
"County, Santa Clara County, Santa Cruz County, Shasta",2
"County, Santa Clara County, Stanislaus County, and Yolo",2
"County, Sonoma County, South Bay, Torrance, Tehama",2
"County, Tulare County, Ventura County",2
Courageous Resistance and Indivisible of the Desert,2
Crime Victims Action Alliance and Crime Victims United,2
Davis Community Church Shelly Mahlmann,2
Davis Police Department Jeffrey Ritschaw,2
Davis Storm Girls' Basketball American Academy of Pediatrics,2
Deep Peninsula Dog Training Club Board of Directors Del Arroyo 4-H Club,2
Defenders of Wildlife Endangered Habitats League,2
Del Norte and Mariposa Counties,2
"Del Norte, Humboldt, Mendocino and Sonoma Counties and the Sonoma County Water Agency",2
Dental Coverage. According to the California Dental Association (CDA),2
Department of California AMVETS-Department of California Vietnam Veterans of America,2
Department of California Bingo Innovations Calexico Chamber of Commerce California Association of Nonprofits Knights of Columbus,2
Department of California California State Military Museum Vietnam Veterans of America,3
"Department of California Veterans Action Network, Roseville Fleet Reserve Association, West Coast Region California Association of County Veterans Service Officers, Inc. Agency on Aging, Yreka, California Council on Aging, City of Huntington Beach Veterans Advisory Council, County of Orange",2
"Department of Contra Costa, Imperial, Sacramento, Sierra, San Bernardino, and Yolo",2
"Department of Finance, League of California",2
Department of Personnel AdministrationCA State Employees' Association,2
Deposition Reporters Assn. California Court Reporters Assn,1
Dept. of Mental Health CA Assn. of Mental Health,1
Desvernine Associates Fred W. Keplinger,2
"Developmental Disabilities Area Boards 1,2,3,4,5,7,8,12, and 13",2
"Diagnostek, Inc./Health Care Services, Inc. (HCS)",2
Dianna Thompson Albert Woolstencroft,2
"Directors Association of California, California State Association of Counties, the California Chapter of the National",2
"Directors Guild of America, Inc.Assn. for California Tort Reform",1
"District Attorney, California Catholic Conference",2
"District Attorneys of Orange, San Mateo, San",1
District Council 16 State Building and Construction Trades Council,2
Dolores Street Community Services Faith in Action Kern County Friends Committee on Legislation of California Harvey Milk LGBT Democratic Club Human Rights Watch Immigration Action Group,4
"Dow Chemical Company, The General Mills Inc",2
"Drug Policy Alliance, Immigrant Legal Resource Center, PICO, SEIU, Los Angeles Regional Reentry Partnership, Vera Institute of Justice",1
"EDF Renewable Development, EnerVault",2
East Bay Municipal Utility District |Union of Concerned Scientists,2
EdTrust-West Educate. Advocate,2
Education Trust - West Innercity Struggle,2
Ella Baker Center for Human Rights Environmental Working Group,2
Embarcadero Coalition of San Diego Environmental Center of San Diego Planning and Conservation League,2
Emergency Medical Services Administrators of California and the EMDAC,2
Employee Relations Board (ERB) and the Los Angeles County Employer,2
Employees (AFSCME) Asian Americans,1
"Employers Health Insurance (EHI)/EMPHESYS Financial Group, Inc",2
Empower Family California National Adult Protective Services Association,2
"Engineers and Land Surveyors of California, Orange County Water District, Sierra Club, Water Replenishment District of Southern",2
"Environmental Working Group (Business, Industry and Agriculture Coalition) FMC, Corporation",2
"Estate Planning, Trust & ProbateCalifornia Bankers Association",1
"Fe Springs, Seal Beach, South El Monte, South Gate, South Pasadena, Temple City, Torrance, Walnut, Whittier",1
Feminist Majority & National Center for Women and Policing,2
"Finally, Commonweal and the Youth Law Center",2
"Fontana Wood Preserving, Inc./Fontana Wholesale Lumber, Inc",2
Francisco & Fresno Children NOW,2
"Francisco, Oakland, Alameda and Long Beach",1
Friends Committee on LegislationCA Attorneys for Criminal Justice,1
Fuller/Sound/CSS Music/D.A.W.N,2
GRID alternatives Green for All,2
"Gabriel Valley, of Humboldt, Inc., of Madera County, Inc., of Petaluma, of Fresno, of Roseville, of the Valley, of Marin, of Merced and Mariposa",2
Gabriel Valley/Whittier/Pomona - California,2
"Gastroenterological Association, American Society of Cataract and Refractive Surgery, American Society of Echocardiography, American",2
"GeoSolve, Inc./BioTech Restorations",3
Geologists California Nurses Association,1
"Giffords Law Center, Youth ALIVE",2
Global Automakers Honda North America,2
"Goodwill Industries, Salvation Army, Society of St. Vincent",2
Governor's Office and the Department of Mental Health,2
"Governor's Office of Planning and Research, Howard Jarvis",2
"Governor's Office of Planning and Research, League of California Cities, City of Culver City",2
Grade(s) |Content Tested,2
"Granite Rock Company, Granite Construction, Inc., California Construction and Industrial Materials Association",2
"Greater Sacramento Economic Council, Bay Area Council, and Valley Vision",1
"Greater Stockton Chamber of Commerce, The Los Angeles County Business Federation",1
Green Party of St Louis/Gateway Green Alliance,2
"Group, Los Angeles County Office of Education, Los Angeles County Waste Management",2
"Habitat for Humanity SC, AARP",3
Half Moon Bay Groundfish Marketing Association/Half Moon Bay Commercial Fisheries Trust,2
Health Access California California ACORN,2
"Health Services, and the California Highway Patrol",2
"Hills, Century City, Chino",1
"Hills, Century City, Chino Valley, Costa Mesa, Crenshaw, Downey, Hanford, Hollywood, Inglewood/Airport Area",1
Home Ownership Advancement Foundation. Apartment Association of Greater Los Angeles,2
"Hoover Commission, the Mental Health Association in",1
"Housing Authorities of Butte County, Fresno City and County, Monterey",2
Howard Jarvis Taxpayers Association Law Office of Babak Naficy,2
"Howard Jarvis Taxpayers Association, Stop Hidden Taxes",2
Humboldt Trim Company & Fraktal,2
"IBEW, Sheet Metal Workers & California State Pipe Trades",2
"In to the bill, the County Welfare Directors",2
Inc Move LA,2
Inc. California Labor Federation,2
Inc. Don Fournier,2
Inc. Doris Tate Crime Victims Bureau Arlo Smith,2
Inc. Genentech,2
Inc. Handgun Control,2
Inc. Hospitality Escrow,2
Inc. J.E.M. F/X,2
Inc. Mid-Peninsula Housing Coalition,2
Inc. Pro-Life Catholic Ministries Our Lady of Guadalupe,2
Inc. Sherman Block,2
Inc. The Doris Tate Crime Victims Bureau Mothers Against Sexual Abuse The Humane Society of the United States San Francisco Child Abuse Council Concerned Women for America Ed Szendrey,2
Inc. Women's Legal Resource,1
Incest |(a),2
Indivisible Fallbrook and IndiSquared,2
"Indivisible: 36, 41, CA 25 Simi Valley-Porter Ranch, CA 43, CA 45, Alta-Pasadena, Auburn CA, Beach",2
"Indivisible: Alta Pasadena, CA: StateStrong, California Green Team, Marin, San",2
"Indivisibles: 30/Keep Sherman Accountable, 36, 41, Alta-Pasadena, Auburn CA, Beach Cities, CA-7, CA-39, CA-43, CA-45, CA: StateStrong, CA-25 Simi",2
"Indivisibles: 36, 41, CA-14,CA-25 Simi Valley Porter Ranch, CA-43, CA-45, Alta",2
Industrial Relations and the Employment Development,2
Inner City L.A. NOW & Disabled Rights Union,2
"Institute for Conflict Management, St. Vincent De Paul Center for",2
Insurance Companies Sierra Club,2
"International Association of Sheet Metal, Air, Rail and Transportation Workers, International Brotherhood of Electrical Workers, Local Union 1245",2
"International Brotherhood of Boilermakers, Iron Ship Builders, Blacksmiths, Los Angeles Area Chamber of Commerce",1
International Union of Operating |Southern California Edison,2
International Union of Painters and Allied Trades State Building and Construction Trades Council of California,2
J R Construction - SOL SOLUTIONS,2
"Jacinto, Napa Valley, San Luis Obispo, and San Mateo",2
Jain Foundation/India Community Center/Simi Valley Mandir,2
Jeff Ira San Mateo City/County Association of Governments Shasta Public Library Foundation,2
John and Joanne DeRaadt Dairy,2
"Jose, San Marino, Sebastopol, Stanton, Susanville, Ventura, Walnut Creek",2
"Jose, Santa Barbara, Santa Clara, Santa Maria, South San",2
"Judd's Hill, Finkelstein Vineyards",2
"Judges John W. DeGroot and Paul R. Martin, Madera Superior Court",2
Kal Plastics/Tom York Enterprises,3
Kern County Board of Supervisors Leona Valley Town Council,2
LA County Chicano Employees Assn.Americans Against Discrimination,2
"LIUNA California Labor Federation, AFL-CIO",2
"Lakewood, Barstow, Daly City, Eureka, La Mirada, Mammoth Lakes, Modesto, Moreno Valley, Poway, Santa Maria, South Gate, Stockton, Sunnyvale, Vista, Buena Park, Arcadia, El Cajon, El Segundo, Brea, Cerritos, Santa Cruz, Cupertino, Tracy, Laguna",2
"Lambda Letters Project, The Metro United Methodist Urban Ministry",2
Larry Flynt's Hustler Casino and Larry Flynt's Lucky Lady Casino,2
League of CA CitiesCA Coalition for Rural Housing,2
League of California Cities California State Association of Counties California State Association of Counties City of Cupertino,2
League of California Cities Sacramento Municipal Utility District Lake County LAFCO California Firefighters Cities of: Angeles,2
"League of California Cities, Sierra Club",1
"League of Conservation Voters, American Lung",3
"Leandro, San Luis Obispo, San Marcos, San Mateo, San Pablo, Santa Cruz, Santa Maria, Santa Rosa, Seaside, Sebastopol, Shafter , Signal Hill, Sonoma, Sonora, South San Francisco, Stockton, Tehachapi, Torrance, Tracy, Tulare , Turlock, Tustin, Vacaville, Villa Park, Visalia, Vista, Walnut Creek, Wasco, West Covina, West Hollywood, Westminster, Woodlake, Yorba Linda, Yucaipa",2
"Legal Aid Society of San Diego, Inc.California Judges Association",1
Liberty Mutual and Nationwide Insurance,2
Lighthouse Counseling & Family Resource Center Long Beach Area Chamber of Commerce,1
Local 1711 Southern California Painters and Allied Trades District Council 36 Trade Show and Sign Crafts,2
Local 324 United Nurses Associations of California/Union of Health Care Professionals Warehouse Worker Resource Center,2
Local 433 National Electrical Contractors Association Plaster Tenders,2
Lompoc e Lake California Nurses Association California Police Chiefs Association Long Beach Police Officers Association Police Chief's of Milpitas,2
"Long Beach Area Chamber of Commerce Motion Picture Association of America, Inc",1
Longshore and Warehouse Union Planned Parenthood Affiliates of California,2
Los Angeles Area Chamber of Commerce National Association of Theater Owners of California,1
Los Angeles Area Chamber of CommerceCA Attorneys for Criminal,1
Los Angeles Conservation Corps Los Angeles Neighborhood Land Trust,2
Los Angeles District Attorney and Los Angeles City Attorney,2
Los Rios and Mt. San Jacinto Community College District,1
MALDEF: Bet Tzedek Legal Services,3
Mainstream Energy/REC Solar/AEE Solar,2
"Manuel Duran, Bet Tzedek Legal",2
Marin & Sacramento Builders' Exchanges,1
Marin Healthcare District and Its Affiliated Entity Marin General Hospital,2
Mark Wheetley Friends of Redding Library Howard Jarvis Taxpayers Association League of California Cities Library Systems & Services,2
"Mateo, Sacramento, Solano, Stanislaus",2
"Mayors of the Cities of: Carmel-by-the-Sea, Del Rey Oaks, Monterey, Pacific Grove, Sand City, and Seaside",2
"Metropolitan Water District of Southern California, The Nature Conservancy, The",1
Mothers Against Drunk Drivers Stockton City Council,4
Municipal Employees - United Nurses Associations of California- Union of Health Care Professionals Alameda Labor Council,2
"National Assn for the Advancement of Colored People: California State Conference, Inglewood/South Bay Branch, Los Angeles County, Riverside Branch, Ventura County Branch",2
National Assoc. of Social WorkersLucerne Christian Conference,2
National Assoc. of Social WorkersTraditional Values Coalition,1
National Audubon Society (TURN) CALPIRG,2
National Fish and Wildlife Foundation and Ecotrust,2
National Health Law Program (NHLP) and Western Center on Law & Poverty (WCLP),2
"Natural Resources Defense Council, Pacific Forest Trust",2
"Natural Resources Defense Council, Pacific Forest Trust, The",1
"Nature Conservancy, The North County Watch",2
"Nature Conservancy, The Planning and Conservation League",2
"Nature Conservancy, The Rural County Representatives of California",2
"Network, California League of Conservation",4
North Bay Association of RealtorsBuilding Owners and Managers,1
"North Coast Builders Exchange, Inc.Milpitas Chamber of Commerce",1
Northern California Elevator Industry Joint Apprenticeship & Training Committee San Francisco Building and Construction Trades Council,2
"Nursing Home Reform (CANHR) and the Western Center on Law & Poverty (WCLP), who",2
Offense |§ 44011,2
Office of the Mayor of the City of Bakersfield/ The Bakersfield City Council,1
Oppose:Milpitas Chamber of Commerce (cont'd) National Federation of Independent Business,1
Orange County Division Cities of Arcadia,2
"Orange County Sheriff's Office, Orange Chiefs and Sheriffs Association",2
"Organizations, California Hispanic Chambers of Commerce, Filipino-American Political Association, Latino Issues Forum, Mexican American Political Association",2
"Organizations, Congress of Neurological Surgeons, North American Spine",2
Osiris Ventures/NorCal Cannabis states it,4
Pacific Bell (TURN) AT&T,2
Pacific Coast Renderers Association and the California Grain and Feed Association,2
Pacific Coast University School State Bar of California,1
"Palisades, Poway, Rancho Cucamonga, San Diego North, San",1
Panadería Los ArcosPleasanton Chamber of Commerce,2
"Park, Merced, Palo Alto, Piedmont, Santa Barbara, Santa",2
Paw Pac and the Public Interest Coalition,2
Peace Officers Research AssociationThe Sacramento Bee,1
Peninsula University School of LawUniversity of LaVerne Law School,1
Planned Parenthood Affiliates of CACommittee on Moral Concerns,1
Planned Parenthood of Mar Monte and Orange and San Bernardino Counties,2
"Planned Parenthood of Santa Barbara, San Bernardino, Orange, Ventura and San Luis Obispo Counties",2
"Planned Parenthood of Santa Barbara, Ventura and Planned Parenthood Orange and San Bernardino Counties",2
"Planning and Conservation League, Sierra Club, Bay",2
Planning and Conservation LeagueCalifornia Manufacturers Association,1
Police Departments of: Antioch,2
Port of Oakland United Airlines,2
"Project Eden/Horizon Services, Inc",2
"Prospect Medical Group, Culver City (Jacob Y. Terner, MD)",1
Public Health Advocates and the California COVID Justice Coalition,4
Regional Bay Area Building Trades Councils,2
Rental Housing Association Howard Jarvis Taxpayers Association,2
"Resistance, North San Diego County, OC 46, OC 48, Orchard City, Petaluma, Resisters Walnut Creek, Ross Valley, Sacramento, San Bernardino, San Diego",2
Riverside and San Bernardino Counties,2
"Rural Legal Assistance Foundation, Western Center on Law and Poverty",2
SAP Center at San Jose | San Jose Sharks,2
SB 17 -- Escutia Association,2
"SEIU, Locals 99, 399, 535 and 660",2
Sacramento County Deputy Sheriffs'CA Attorneys for Criminal,1
Sacramento County District Attorney and Vacaville,2
Sacramento County Monica Ortega and Jeffrey Rodrigues,2
Sacramento McBeth and Frederick Uhlman,2
San Benito County Sherrif's Office California Community Technology Police Group (CCTPG) CALNENA Charles Cullen,2
San Bernardino County Sheriff and Los Angeles County,2
San Bernardino and Riverside (Inland Empire),2
"San Diego City Council Members Ralph Inzunza, Scott Peters",2
"San Diego County Court Employees Association, San Francisco Labor Council, AFL-CIO",2
"San Diego, Southern CA and Central CA Chapters of Associated Builders and Contractors",1
"San Mateo Building Trades Council, Plumbers and Service Employees International Union",2
Sanitation Agencies Southern California Water Company,2
Santa Ana Police Officers Assoc.Los Angeles County Bar Association,1
Santa Clara County Green Party San Francisco Berniecrats,2
Sault Ste. Marie Tribe of Chippewa Indians Attorney Elizabeth A. Eggert Shoshone-Bannock Tribes of the Fort Hall Reservation of Idaho,2
"Save the Redwoods League, Trust for Public Lands",1
Services and Senate Judiciary Committee,2
Sheriff of San Bernardino CountyWestern Center on Law and Poverty,1
"Sheriff's Department County of Mendocino, Department of Public Health County of Mendocino, Office of the Sheriff-Coroner County of Yuba, Health and Human Services Department",2
Sheriff's and District Attorneys Association,1
"Sheriffs of the Counties of Alameda, Sacramento, Imperial, Shasta, San",2
"Sierra Fund, the Trust for Public Land, the",1
Silicon Valley Software CoalitionPipe Trades Association,1
"Sodomy |(a), (g)",2
"Solar Alliance, Chuck Reed, Mayor",2
"Solvang, Stockton, Sunnyvale, Thousand Oaks, Turlock, Victorville, Visalia, Vista, West Hollywood, Winters",1
Sonoma County District Attorneys of San Francisco,2
Sonoma State California Student Association of Community Colleges (CalSACC) California State Student Association (CSSA) State Board of Equalization Student Voice,2
Southern California Contractors'Consumer Attorneys of California Association,1
Southern California Regional Rail Authority Riverside Police Department Sheriffs of Los Angeles,2
Southern California and Central California Chapters of Associated Builders and Contractors,2
State Assn. of County Retirement SystemsSacramento County Deputy,1
"State Association of Counties (CSAC), the Urban Counties Caucus (UCC), the California Municipal Utilities Association (CMUA), and the California",2
State Bar Conference of DelegatesCoalition of Parent Support,1
State Building and Construction Trades Council California State Pipe Trades,2
"State Building and Construction Trades Council of California, AFL-CIO Supervisor Kathryn Barger, Los Angeles County Board of Supervisors",2
State Department of Corrections California State Sheriff's Association Michael Carona,2
State of California California Labor Federation,2
States and Canada International Brotherhood of Electrical Workers,2
"Stephen P. McGee, Law Offices of Stewart Heating & Air, Inc",2
Stockton CONTINUED La Cooperative Campesina de California,2
"Stockton, and Rancho Cucamonga League of California Cities",2
Stonewall Young Democrats Transgender Law Center,3
"Strategic Committee of Public Employees, LIUNA California Labor Federation, AFL-CIO",2
"Strategic Committee on Public Employees, Laborers International UNITE HERE",2
"Studios Motion Pictures, Paramount Pictures Corporation, Sony Pictures",2
"Supervisors, California State Association of Counties, Los Angeles County",2
"Supervisors, City and County of San Francisco",2
"TechNet, CalChamber, the California Newspaper Publishers Association, and the Association of Magazine Media",2
Terra Linda High School/San Rafael (Marin County),2
"The ACLU, the CA Teamsters, CA Attorneys for",2
The Association of California Life and Health Insurance Companies (ACLHIC) and the California,2
The Association of California Life and Health Insurance Companies (ACLHIC) and the California Association of Health Plans (CAHP),2
The Association of California Life and Health Insurance Companies (ACLHIC) and the National Association of Financial Advisors of California (NAIFA-California),2
"The California Commission on Aging, a co-sponsor with the California Elder Justice Coalition",2
The California District Attorneys Association has,2
"The California Family Health Council, Planned Parenthood",2
"The California Medical Association, the California Chapter of the American College of Emergency",2
"The California Optometric Association, the California Chapter of the American Physical Therapy",2
"The California Peace Officers' Association, the California",2
The California State Association of Counties (CSAC) and the California Behavioral Health Directors Association (CBHDA),2
"The California State University, The University of California",2
"The Consumer Attorneys of California (CAC), Consumers Union (CU), and the California Medical",2
Tolowa Nation Twenty-Nine Palms Band of Mission Indians,4
Toward Utility Rate Normalization Public Utilities Commission (TURN),2
"Town of Apple Valley, Corte Madera, Danville, Hillsborough, Mammoth Lakes, Moraga, Portola Valley, and Ross",2
Towns of Apple Valley and Colma,1
"Towns of Apple Valley, Colma, Danville, Fairfax, and Loomis",1
"Towns of Apple Valley, Colma, Fairfax, Los Altos Hills, Mammoth Lakes, Ross, Truckee, Woodside",1
"Towns of Apple Valley, Colma, Fairfax, Mammoth Lakes, Ross, and Truckee",1
"Towns of Apple Valley, Colma, Fairfax, Mammoth Lakes, and Ross",1
"Towns of Atherton, Colma, Hillsborough Portola Valley, and Woodside",1
"Towns of Atherton, Colma, Hillsborough and Woodside",1
"Towns of Danville, Hillsborough, Mammoth Lakes, and Portola Valley",1
"Towns of Fairfax, Mammoth Lake, Ross, Truckee",1
"Towns of Fairfax, Mammoth Lake, Ross, and Truckee",1
"Transit, BART and San Francisco Municipal Transportation Agency and the use",2
Transportation Authority and the City/County Association of Governments,1
Traveling Times Inc./Travel Center of Santa Clarita,1
Tri-City Athletic League and Tokay High School,1
Tribune Broadcasting Company (TBC) &Gannett Broadcasting Co,2
Trout Unlimited : Clean Water Action,1
Truckee Donner Public Utility District and Turlock Irrigation District,1
True BlueUnited Contractors,1
"Trust For Public Land, The Urban Semillas",1
"Trust For Public Land, The Watershed Conservation Authority",1
"Trust For Public Land, The Watershed Project, The",1
"Trust for Public Land, The Tuleyome",1
"Trust for Public Land, The Tuna Club of Avalon",1
"Trust for Public Land, The VF Outdoor & Action Sports",1
"Trust for Public Land, The Wholly H2O",1
"Trust for Public Land, The Wilderness Society, The Wildlands Conservancy, The",1
"Trust for Public Land, The Wildlands Conservancy, The",1
"Trust for Public Land, The Wildlands Conservancy, The Your Children's Trees",1
"Trust for Public Land, Watershed Conservation Authority",1
Tulare Basin Wildlife PartnersPeople,2
Tulare California District Attorney's Association District Attorneys of: Amador,2
Tulare and Merced. Alene Taylor,2
Tuolumne Counties Donna Gerber,2
Tustin City and County of San Francisco Cities of: Agoura Hills,2
Twentynine Palms and Westminister,1
UC San Diego - Center for Public Interest Law CALPIRG,1
"Unified School Districts: Castro Valley, Clovis, Long",2
Unitarian Universalist Legislative Ministry Action Network- California UNITE HERE,2
"United Hospital Association, California Firefighters, Orange County Medical Association",1
United Policyholders and Insurance Commissioner Ricardo Lara,1
United Trustees Association and California Mortgage Association,1
United Way of Fresno and Madera Counties and The United way of Stanislaus County,2
"United Ways of the Bay Area, Fresno and Madera Counties, Monterey County, Orange County, San Diego County, and Stanislaus County",2
UnitedHealth Group and HealthAllies,1
Valley |City of San Leandro |Monterey County,1
Valley |City of San Marcos |Mayors' Assn,1
Veterans of Foreign Wars and the Ladies,2
Victims of Identity Theft (VOIT)California Retailers Association,1
Vista Town of Apple Valley California State Association of Counties,2
Vista Town of Apple Valley County of San Diego,2
Walnut Creek Planning and Conservation League Sealed Air Corporation,2
West Covina United Organization of Taxpayers California Motor Car Dealers Association Ernest Dronenburg,1
Western Center on Law & Poverty North Coast Builders Exchange,1
"Western Center on Law and Poverty, Housing California, and ACLU California Action",2
Western Center on Law and Poverty/MAZON/CSSA/Student Senate for California Community Colleges/Young Invincibles /University of California Student Association CCWRO,2
Western Center on Law and PovertyCA Association of Realtors,1
Western Riverside Council of Governments Cities of : Aliso Viejo,2
Western States Petroleum Association Hughes Electronics Northrop Grumman,1
Western United Dairymen and California Grain and,1
Women Prosecutors of California Ventura County Bar Association,1
Woodland Cities. District Attorneys of: Alameda,1
"YIMBY: Action, California, East Bay, Mountain View, San Francisco, San Luis",2
Yorba Linda Water District Redevelopment Agencies of Buena Park,2
"Youth Alive! American College of Emergency Physicians, California Chapter",4
co-sponsors - California Employment Lawyers Association (CELA) and Equal Rights Advocates (ERA),2
for California Families Committee on Moral Concerns,1
for Environmental Research & Technology Waste Management,2
numerous individual hospitals and the California Hospital Association (CHA),3
of California (PORAC) California Broadcasters Association,1
"of California Cities, Committee on Moral Concerns, Marin",1
of Los Angeles County County of San Diego,2
of Los Angeles County Public Defender of San Francisco,1
"of Mental Health Directors, California Psychiatric",1
"the Aerospace and Defense Forum, Torrance Area Chamber of Commerce",1
AIDS Emergency Fund & Breast Cancer Emergency Fund,2
"AMVETS- Department of California, California Association of County Veterans",2
"American Lung Association of California, Coalition for Clean Air, Natural Resources",2
American Petroleum and Convenience Store Association California Fuels and Convenience Alliance,2
"American Planning Association-California Chapter, California Farm Bureau Federation, California State",2
"Association of Realtors, Endangered Habitat League",2
"AB 458 o Ducheny Project CLEAN, City Heights",2
"Assistance Foundation, Californians for",2
"Assistance Foundation, Downtown Sacramento",1
Assn. for Children for,2
"Associated General Contractors, Associated",2
"Association of Shasta County, Happy Valley Fire",1
"California Apartment Association, Western Center on",1
City of AB 1546 (SIMITIAN) Daly City,2
"City of Commerce, City",2
"City of Norwalk, Clean Power",2
"City of Santa Clara, County",2
City of Walnut & Diamond Bar and,1
"Clearing Corporation, New York Clearing",1
County and Municipal Employees Association for Health,1
"County, Physicians for Social",2
"County, San",2
"District of Southern California, National",1
"District of Southern California, Natural",1
"District of Southern California, Orange County",1
"Employees Association, Chawanakee Joint School",1
"Estates, Rosemead, San Bernardino, San Gabriel, Santa",1
"Estates, San Bernardino, San Bernardino, San Diego, San",1
"Family Violence Project, Shelter Against",1
Inc. California UFCW locals,1
Labor Federation and American Association of,1
"League of California, National Association",1
Loma Linda University Children's AB 3305 (Setencich) Hospital & Safe Kids,2
"Management Authority, California Commission for",2
"Management District, Sierra Club California",1
"Management Task Force, Southern California",1
"Margarita, Rosemead, Santee, Coalition for",2
Orange County Business Council and Interfaith Coalition for,2
Service Employees International Union American Federation of State,1
Stanislaus County Emergency Dispatch/CA Chapter of the,1
"Therapists, California Coalition for Youth, Committee on",1
"Trust Company, Federal Reserve Bank of New",1
"Valley, League of California Cities",1
"of Counties, California Tax Reform Association",1
"of San Diego, Motion Analysis Laboratory",2
"California Council for the Blind, American Institute",2
California Long-term Care Insurance Services/NorthStar Network Insurance Agency,2
"California State Association of Electrical Workers, California State Pipe Trades Council",2
"California Advocates (Twentynine Palms Water District, Association of California Water Agencies)",1
"Chamber of Commerce: California, California Hispanic, Cambodian, Carson, Coalition of Filipino American, Greater Coachella Valley, Greater Conejo",2
"Chicano Federation of San Diego County, Clairemonte Graduate University",2
"Children's Partnership, the Children's Specialty Care Coalition",2
"Children's Partnership, the Church World Service",2
"Children's Partnership, the Community Clinic Association of Los Angeles County (CCALAC)",2
"Children's Specialty Care Coalition, the California Children's Hospital Association",2
"Chrysalis Center, the Community Legal Services in East Palo Alto",2
City and County of San Francisco and City of Oakland,2
"City of Delano, Council Member, Grace Vallejo",2
"City of El Cajon, League of California Cities",2
"City of Gilroy, Paul Gann Citizens Committee",2
City of Glendale and Glendale Successor Agency,2
"City of Oakland, Association of Bay Area Governments, American",2
"City of San Diego, District 7 & Boardmember, San Diego River Conservancy",2
"City of San Marcos, Town of Loomis",2
"City of Santee & Boardmember, San Diego River Conservancy",2
"Clearwater Revival Company, Oak Center",2
"Climate Alliance, The Climate Center, The Environment California",2
"Dometic Group, Thetford Corporation",2
FACTS Education Fund & Fair Chance Project,2
"League of California Cities, City of San",1
Monterey College of Law & San Luis Obispo College of Law,2
"Ocean Foundation, The Ocean Protection Coalition",2
"Opportunities for Neighborhood Empowerment Company, Inc., Los Angeles Orange County Community Housing Corporation, Santa Ana",2
"Society of Plastic Surgeons, Coalition of State Rheumatology",2
"Society, Society for Cardiovascular Angiography and Interventions and Society for Excellence in Eyecare",2
Southern California Gas Company and San Diego Gas & Electric Company (collectively known as the Sempra Energy Utilities),2
Southern California Gas Company and Sand Diego Gas & Electric Company,2
"The Alliance for Children's Rights, Youth Law Center",2
"Service America Corporation, San Diego Convention Center",2
"Service Employees International Union Locals 104, 2028, Sheet Metal Workers' International Association",2
"University of California Global Health Institute, Center for Gender and Health Justice and UC Santa Barbara Health Equity Initiatives",2
"Water Replenishment District of Southern California, Association of California Water Agencies, Central Basin Water",2
"Workers, California State Pipe Trades Council, Western",2
International Socioeconomic Society & Finxerunt Policy Institute,2
"Silver Creek Valley Country Club, Geologic Hazard Abatement District",2
Sonoma County Herb Association and Organic Garden Club,2
"Opponents, including the Outdoor Sportsmen's Coalition of California (OSCC) and Safari Club International (SCI)",1
Aim High Aspiranet: Boys and Girls Clubs,2
"California Assessors Association, California State Association of Counties, California Special Districts Association, California Tax Reform Association, League of California Cities, Rural County Representatives of California, Urban Counties Caucus,",2
California Association of Area Agencies on Aging IKEA California: Consumers Union,2
"California Nurses Association CALPIRG: Health Access California Health Net, Kaiser Permanente",2
Child Care Resource Center Crystal Stairs,2
"Cities of (based on prior version of bill): Arcadia, Costa Mesa Cathedral City Lakewood, Long Beach, Pinole",2
"Environmental Defense, Los Angeles Environmental Justice: Project Office",3
Goldfarb & Lipman Santa Cruz Community Housing Corporation,1
"Now, Children's Defense Fund California and PICO California",1
"Participating Freestanding Cardiac Labs (San Jose, Sacramento, Los Angeles (2), and Brea Association of California Hospital Districts Office of Statewide Health Planning and Development)",1
"Policy/FoodFirst, Natural Heritage Institute, Newman, Aaronson, Vanaman, Attorneys at Law, Sierra Club California",1
"Pollution, Gray Panthers California, Healthy Children",2
"SDV ACCI (Service Disabled Veteran - America Consulting and Commodities Brooks Company Industrial Supplies MJ King Insurance Services Like New Pool Cleaning and Repair Service, Inc)",1
San Jos(/Santa Clara Water Pollution Control Plant Pacific Coast Federation of Fishermenos Associations Save Our Shores Sierra Club),1
Sequoia Cigar Company (prior version) Oppose Bidwell Cigar,2
"Utility Workers Union of America, Local 132 Walgreens",2
"Voters for Choice Women's organizations: American Association of University Women (AAUW), California, San Jose, and Santa Cruz chapters",1
"Water District, Whispering Palms",1
Woodland Monterey Bay Unified Air Pollution Control District Monterey County Mayors' Association Salinas Area Chamber of Commerce,1
Police chiefs of East Palo Alto and Santa Monica,5
Biotechnology firms and the California Chronic Care Coalition,2
"San Diego Community Land Trust, San Diego Housing Federation, San Francisco Community Land Trust, Sustainable Economies Law Center, T.R.U.S.T. South LA, Urban Strategies Council",1
"Administrators, California Manufacturers & Technology Association (before proposed)",1
"Water Solutions Now, a coalition of the following entities",2
AARP California Employment Lawyers Association California Work & Family Coalition Equality California Equal Rights Advocates Legal Aid at Work A Better Balance AAUW California Access Reproductive Justice ACLU California Action Alliance of Californians for Community Empowerment Alzheimer's Association California Alzheimer's Los Angeles Alzheimer's Orange County Alzheimer's San Diego American College of Obstetricians & Gynecologists - District IX Asian Americans Advancing Justice - Asian Law Caucus Asian Americans Advancing Justice Southern California Asian Law Alliance Asian Law Caucus Association of California Caregiver Resource Centers Black Women for Wellness Action Project BreastfeedLA California Black Chamber of Commerce California Breastfeeding Coalition California Child Care Resource and Referral Network California Coalition on Family Caregiving California Collaborative for Long-Term Services and,1
ACLU People for the American Way,2
Air Logistics Corporation American Council of Engineering Companies Anheuser-Busch Companies Inc. Association California Cable and Telecommunications Association of California Cities: Orange County Association of California Life and Health Insurance Companies California Aerospace Technology Association California Apartment Association California Association of Bed and Breakfast Inns California Attractions and Parks Association California Automated Vendors Association California Bankers Association California Beer and Beverage Distributors California Business Properties California Chamber of Commerce California Farm Bureau Federation California Grocers Association California Hotel and Lodging Association California Independent Grocers Association California Manufacturers and Technology Association California New Car Dealers Association California Restaurant Association California Retailers Association California Spa & Pool Industry Education Council California State Automobile Association California Taxpayers Association California/Nevada Soft Drink Association Council on State Taxation Direct Selling Association Distilled Spirits Council of the United States Family Winemakers of California Garden Grove Chamber of Commerce Granite Construction Heineken USA,2
Alzheimer's Association Advisory Council to the Napa/Solano Area Agency on Aging California Advocates for Nursing Home Reform California Alliance for Retired Americans California Assisted Living Association California Association for Nurse Practitioners California Collaborative for Long-term Services and,1
"American Academy of Pediatrics and the California State Alliance of YMCAs, cosponsors of",2
American Assn. of University of California Commission on the Status Women,2
American Civil Liberties Union of California Coalition for Humane Immigrant Rights of Los Angeles Mexican American Legal Defense and Education Fund National Council of La Raza African Advocacy Network Asian Americans Advancing Justice Asian Law Alliance California Attorneys for Criminal Justice California Immigrant Policy Center California Partnership California Public Defenders Association California Rural Legal Assistance Foundation Californians for Safety and Justice Californians United for a Responsible Budget Central American Resource Center - Los Angeles Chinese for Affirmative Action Community United Against Violence Congregations Building Community County Behavioral Health Directors Association Del Sol Group,1
American Diabetes Association Association for Clinical Oncology Association of Northern California Oncologists California Access Coalition California Academy of Child and Adolescent Psychiatry California Association of Medical Product Suppliers California Behavioral Health Association California Chapter American College of Cardiology California Children's Hospital California Chronic Care Coalition California Collaborative for Long-Term Services and,2
American Electronics Association: American Express,2
"American Federation of State, County and Municipal Employees, (AFSCME) Autism Society of Los Angeles Arcade Water District Association of Regional Center Agencies Barbara Ann Karmanos Cancer Center Board of Registered Nursing Children's Hospital and Health Center CSU Northridge Fairview Southdale Hospital Genzyme Kaiser Foundation Health Plan Lucile Packard Children's Hospital/Stanford MUSC Children's Health National Society of Genetic Counselors Roswell Park Cancer Institute The American Board of Genetic Counseling UCLA Neuropsychiatric Institute University of California Irvine",2
"Angeles, Pollution Prevention Education and Research Center, West County Toxics Coalition, Women's International League for Peace & Freedom-Sacramento Valley Branch, Alvara Garza, M.D., M.P.H., Stanislaus County Health Services",2
"Aptos, California Coalition to End Native-Language Bilingual Education East Palo Alto Community Law Project Educational Empowerment Program, Centro Legal de La Raza Equal Rights Advocates Legal Advocates for Children and Youth Legal Services of Northern California M.E.Ch.A. (Movimento Estuadiantil Chicano de Aztlan) Northern Region M.E.Ch.A., California State University, Sacramento Chapter Mexican American Legal Defense and Educational Fund (MALDEF) Multicultural Education, Training and Advocacy, Inc. (META) Protection and Advocacy, Inc. Sacramento City Unified School District Santa Clara County Bar Association Foundation",2
"Arc and United Cerebral Palsy California Collaboration, sponsor of the bill",2
Armed Forces Retirees Association of California -Mountjoy Disabled Veterans of America-Chapter 35,2
"Association for California Tort ReformCalifornia Probation, Parole and California Union of Safety Employees",2
"Association for California Tort ReformCalifornia Probation, Parole and Correctional Association",2
Association for Los Angeles Deputy Sheriffs and Los,1
Association of Bay Area Governments California Association of Public Authorities for IHSS California State Association of Counties City Clerks Association of California League of California Cities Metropolitan Transportation Commission Agency on Aging Area 4 Alameda County Transportation Commission Alameda-Contra Costa Transit District Association of California School Administrators Association of California Water Agencies Bet Tzedek CA In-home Supportive Services Consumer Alliance California Association of Area Agencies on Aging California Association of Councils of Governments California Association of Recreation & Park Districts California Clerk of The Board of Supervisors Association California Collaborative for Long-term Services and,1
Association of Bay Area Governments California State Association of Counties California Municipal Clerks Association League of California Cities Metropolitan Transportation Commission Agency on Aging Area 4 Alameda County Transportation Commission Alameda-Contra Costa Transit District Bet Tzedek CA In-Home Supportive Services Consumer Alliance California Association of Area Agencies on Aging California Association of Public Authorities for In-Home,1
Bet Tzedek Legal Services Elder Law & Advocacy Justice in Aging Office of the San Diego City Attorney AARP California Alzheimer's Association Asian Americans Advancing Justice Southern California California Advocates for Nursing Home Reform California Civil Liberties Advocacy California Collaborative for Long-Term Services and,1
Bet Tzedek Legal Services Elder Law & Advocacy Justice in Aging San Diego County District Attorney's Office AARP California Alzheimer's Association Asian Americans Advancing Justice Southern California California Advocates for Nursing Home Reform California Civil Liberties Advocacy California Collaborative for Long-Term Services and,1
Bet Tzedek Legal Services Elder Law & Advocacy Justice in Aging San Diego County District Attorney's Office AARP California Alzheimer's Association California Advocates for Nursing Home Reform California Civil Liberties Advocacy California Collaborative for Long-Term Services and,1
Black Chamber of Orange County Chamber of Commerce,2
Burnham Veterinary Clinic: Central Coast Pet Emergency,2
CA Attorneys for Criminal Justice and the CA Public Defenders Association,2
CA Federation of Republican WomenMexican American Legal Defense and,1
CA Grocers Assoc. CA,1
CA League of United Latin American Citizens (LULAC) California Black Chamber of Commerce California Hispanic Chambers of Commerce California Lulac California Urban Partnership Central Valley Latino Mayors and Elected Officials Coalition Central Valley Yemen Society Chamber of Progress Gametime Hispanic 100 Latin Business Association Lenusa Multicultural Business Alliance National Action Network - Sacramento Chapter National Consumers League Seatgeek,2
CA State Association of Counties CA,1
CalPACE AARP Altamed Health Services Alzheimer's Los Angeles Alzheimer's San Diego Association of Regional Center Agencies Brandman Centers for Senior Care California Collaborative for Long-Term Services and,1
CalTax -Frommer,2
California Advocates for Nursing Home Reform and,1
"California Association for Medical Laboratory Technology, California Labor Federation, California Nurses Association, California State Council of Service Employees International Union (SEIU California), International Federation of Professional and Technical Employees, Local 20, United Food and Commercial Workers Western",2
California Association of Area Agencies on Aging AARP Alzheimer's Association Alzheimer's Greater Los Angeles Alzheimer's Orange County Alzheimer's San Diego California Collaborative for Long-term Services and,1
California Association of Homes and Services for the Aging Public Citizen,2
California Behavioral Health Association and California Disability Services Association and supported by numerous social service provider entities,1
"California Board of Pharmacy, California Medical Association",2
"California CCS Coalition (includes: Aera Energy, Chevron, Clean)",1
California Chamber of Commerce and health plans and insurers,2
"California Collaboration for Youth American Camping Association, Southern California Section American Camping Association, Northern California Section Campfire Bay Area Council Campfire Council of the Foothills Orange County Council, Boy Scouts of America (BSA) Western Los Angeles County Council, BSA San Gabriel Valley Council, BSA Girl Scout Councils of California Girl Scouts of Monterey Bay Girl Scouts, Joshua Tree Council Girl Scouts, Napa-Solano Council Channel Islands YMCA",1
"California Community Colleges Chancellor's Office California Department of Education Advancement Project American Federation of State, County and Municipal Employees Association of California School Administrators California Chamber of Commerce California Communities United Institute California Community College Association for Occupational Education California Hospital Association California School Boards Association California State PTA Career Ladders Project Community College Districts of Contra Costa, Feather River, Mt. San Jacinto, Napa Valley, San Luis Obispo, and San Mateo Faculty Association of the California Community Colleges Foothill College Green Tech Education and Employment Los Angeles County Office of Education Metropolitan Education District North State Building Industry Association Placer Union High School District Real Coalition: Silicon Valley Leadership Group",1
"California Community Colleges Chancellor's Office California Department of Education Advancement Project American Federation of State, County and Municipal Employees Association of California School Administrators California Communities United Institute California Community College Association for Occupational Education California Hospital Association California School Boards Association California State PTA Career Ladders Project Community College Districts of Contra Costa, Feather River, Mt. San Jacinto, Napa Valley, San Luis Obispo, and San Mateo Faculty Association of the California Community Colleges Foothill College Metropolitan Education District North State Building Industry Association Placer Union High School District Real Coalition: Silicon Valley Leadership Group",1
California Conference of Bar Associations and supported by the Red Cross,1
California Conference of Carpenters and supported by the Western States Regional Council of Carpenters,1
California Council of the Blind AARP Association of California State Employees with Disabilities California Academy of Child and Adolescent Psychiatry California Academy of Family Physicians California Association of Public Hospitals and Health Systems California Collaborative for Long-term Services and,1
California Council of the Blind AARP California Academy of Child and Adolescent Psychiatry California Academy of Family Physicians California Association of Public Hospitals and Health Systems California Collaborative for Long-term Services and,1
California Department of TransportationConsumer Attorneys of California,2
"California Federation of Teachers, Union of Educators & Classified Professionals, AFT, AFL-CIO",1
California Federation of Teachers-California State Association of Counties,2
California Hospital Association (CHA) and individual hospitals,2
"California Immigrant Welfare Collaborative (Partnership of 4 immigration rights organizations: Asian Pacific American Legal Center of Southern California (APALC), Coalition for Humane Immigrant Rights of Los Angeles (CHIRLA, National Immigration Law Center (NILC), and Services Immigrant Rights and Education Network (SIREN)) California Rural Legal Assistance Foundation Congresswoman Lynn Woolsey Inter-Agency Council on Child Abuse and Neglect Jericho Lambda Letters Project Legal Services for Children Marc Klass - The KlaasKids Foundation Mexican American Legal Defense and Educational Fund (MALDEF) Northern California Association of Counsel for Children Public Counsel Law Center Youth Law Center)",2
California Law Revision Commission and the Estate,1
"California League of Conservation Voters, California Teamsters Public Affairs Council, Clean Power Campaign, Coalition for Clean Air, El Monte/South El Monte Chamber of Commerce, League of California Cities (Los Angeles County Division), San Gabriel Valley Council of Governments, Sierra Club California, South Bay",2
California Medical Association (American College of Obstetricians & Gynecologists - District IX Attorney General Rob Bonta California Association of Orthodontists California Chapter of the American College of Emergency Physicians California Dental Association California Independent Physician Practice Association California Orthopedic Association California Retired Teachers Association California State Council of Service Employees International Union (SEIU California) Coalition for Patient-Centered Care),1
California Nurses Association and supported by the Board of Registered Nursing and other labor organizations,1
California PACE Association (CalPACE) AARP California AltaMed Alzheimer's Los Angeles Alzheimer's San Diego Association of Regional Center Agencies California Alliance for Retired Americans California Collaborative for Long Term Services and,1
California Psychological Association Individual letters,1
"California School Employees Association Service Employees International Union American Federation of State, County and Municipal Employees PERS California Federation of Teachers GOVERNOR'S VETO MESSAGE: """"This bill would provide the two pre-retirement death benefits to school members of the California Public Employees' Retirement System (CalPERS) that mirror those provided to State employees. """"I have supported and signed legislation providing classified school employees substantial benefit improvements in recent years. These include the 2% at age 55 retirement formula based on highest 12 months of earnings",2
"California Society of Health-System Pharmacists, California Board of Pharmacy",2
California State Sheriff's Association Stanislaus County Sheriff's Department,1
"California Welfare Directors Association AARP California Alliance of Catholic Health Care American Association of University Women American Federation of State, County and Municipal Employees California Academy of Physician Assistants California Association of Public Hospitals and Health Systems California Catholic Conference California Healthcare Association California Medical Association California Primary Care Association California School Employees Association California State Association of Counties Children Now Children's Advocacy Institute Children's Defense Fund Consumers Union Counties, of Los Angeles, Sacramento, and Santa Clara Daughters of Charity Ministry Services Corporation Health Access California Jericho Local Health Plans of California Mexican American Legal Defense and Education Fund National Organization for Women The Children's Partnership 100% Campaign 3 individuals GOVERNOR'S VETO MESSAGE: """"This bill would expand Medi-Cal eligibility by allowing more two-parent families to enroll. """"From the beginning of my administration, I have made providing health coverage for children a major priority. In my first two budgets, I launched an aggressive outreach campaign, expanded eligibility and dramatically simplified the application process. Medi-Cal eligibility has been expanded to provide no-cost benefits to low-income families with incomes at or below 100 percent of the federal poverty level (FPL)",2
"California, Association of California Water Agencies",2
Californians for Justice and the Coordinating Committee of the Campaign for Quality Education,2
Center/Californians for Family Economic Self-Sufficiency,1
Central Coast Center for Independent Living (CCCIL Disabilities Rights California Making Headway Center for Brain Injury Recovery Mercy's Coordinated Care Project San Francisco Traumatic Brain Injury Network (SF TBI Net) St. Jude Brain Injury Network The California Disabled Veteran Business Alliance Traumatic Brain Injury Services of CA),1
"Chamber of Commerce: Alhambra, Antelope Valley African American, Arcadia, Burbank, California Asian Pacific, California Black, California Hispanic, Carlsbad, Carmel Valley, El Dorado County, Escondido, Fresno, Fresno Metro Black, Glendale, Greater Coachella Valley, Greater Los Angeles African American, Greater Riverside, InBiz Latino/North County Hispanic, Korean American Central, La Canada Flintridge, Long Beach Area, Los Angeles Area, Mariposa County, North Orange County, Oceanside, Orange County Hispanic, Pacific Grove, Pasadena, Redding, Sacramento Asian Pacific Islander, Sacramento Black, Sacramento Hispanic, Sacramento Metropolitan, San Diego County Hispanic, San Diego Regional, San Ysidro, Slavic-American",2
Children's Advocacy Institute Americans for Gun Safety Brady Campaign to Prevent Gun Violence California Organization of Police and Sheriffs (COPS) Legal Community Against Gun Violence Los Angeles County District Attorney's Office Los Angeles County Board of Supervisors Million Mom March,1
"Children's Advocacy Institute, California League",2
Cities of: San Diego Oxnard Pasadena San Buenaventura West Covina,1
"Cities of:: Brea, Ceres, Cerritos, Chula Vista, Claremont, Costa Mesa, Cupertino, Hayward, Hollister, La Habra Heights, Lompoc, Merced, Oceanside, Palm Springs, Rancho Cucamonga, Ripon, San Gabriel, Santa Maria, Saratoga, Stockton",1
City of Bell Gardens Coronado Merced Norco Stockton,2
City of California State Association of Counties,2
City of Consolidated Communications Inc,2
"City of Huntington Beach Association for California Tort Reform California State Association of Counties League of California Cities East Bay Municipal Utility District Cities of Camarillo, Carlsbad, Cerritos",1
City of Inglewood. La Verne,2
City of Los Angeles Earth Island Institute Elephant Voices Elephant Sanctuary in Tennessee Free Willy Keiko Foundation The Fund for Animals Wildlife Center The Global March for Elephants and Rhinos Global Sanctuary for Elephants Humane Society Veterinary Medical Association In Defense of Animals Last Chance for Animals The League of Human Voters Lions Tigers & Bears LIUNA Locals 777 & 792 March for Elephants and Rhinos San Francisco The Marin Humane Society San Diego Human Society San Francisco SPCA Santa Clara County Activists for Animals Sierra Wildlife Coalition Society for the Prevention of Cruelty to Animals Los Angeles State Humane Association of California Uganda Carnivore Program Several individuals,2
"City of San Diego Azalea Park Neighborhood Association California Native Plant Society Endangered Habitats League Estrada Land Planning Environment California Friends of Rose Canyon Friends of Switzer Canyon La Jolla Community Planning Association San Diego Audubon Society San Diego Canyonlands San Diego City Councilmembers: Sherri S. Lightner, 1st Dist",1
"City of San Diego Entertainment Union Coalition Kern Inyo Mono Central Labor Council LiUNA! Local 724 Los Angeles County Federation of Labor San Diego & Imperial Counties Labor Council San Francisco Labor Council San Mateo County Central Labor Council Supervisor Nathan Fletcher, District 4",2
City of Tustin Civil Works Engineers,2
"City of West Hollywood, Civil Justice Association of California, East Palo Alto Community Alliance and Neighborhood Development Organization, Endangered Habitats League, FannieMae, Job-Center Housing Coalition, Greenlining",2
City of Yreka -Escutia Homexx International,2
"Commissions, California State Association of Counties, Contra Costa Water District, County Clerks Association of California",2
Community Initiatives for Visiting Immigrants in Confinement Immigrant Legal Resource Center (ILRC) Alliance for Boys and Men of Color American Immigration Lawyers' Association A New Way of Life Re-entry,1
Consumer Attorneys of California Companies,2
Consumer Attorneys of California Institutions,2
Council California Association of Harbor Masters and Port Captains,2
Counties of: Alameda Contra Costa S,1
Counties of: Alameda Santa Clara,1
Counties of: Los Angeles San Bernardino,1
Counties of: San Diego Alameda Contra Costa Sacramento Santa Clara,1
"County Welfare Directors Association (CWDA California State Association of Counties (CSAC) American Federation of State, County, and Municipal Employees (AFSCME) Butte County Department of Employment and Social Services Humboldt County Department of Health and Human Services Children's Advocacy Institute National Association of Social Workers (NASW) National Center for Youth Law Riverside County Department of Public Social Services San Luis Obispo County Department of Social Services Tehama County Department of Social Services)",1
County of Calaveras Santa Barbara,2
County of Contra Costa Fresno,2
Department of Fair Employment and Housing (DFEH): GOVERNOR'S VETO MESSAGE,2
"Department of Social Services, Butte County: El Dorado County, Fresno County, Los Angeles County, Sacramento County, Humboldt County, Imperial County, Merced County, Mono County, Orange County, San Bernardino County, San Diego County, San Francisco County, San Joaquin County, San Luis Obispo County, Santa Clara County, Sutter County, Ventura County",1
Disability Rights California AARP Asian Americans Advancing Justice - California Bet Tzedek Legal Services Blue Shield of California California Association of Health Facilities California Collaborative For Long-Term Services and,1
Disability Rights California AARP California Asian Americans Advancing Justice - California Bet Tzedek Legal Services Blue Shield of California California Advocates for Nursing Home Reform California Association for Adult Day Services California Association of Health Facilities California Association of Public Authorities for IHSS California Collaborative for Long-Term Services and,1
Disability Rights California East Bay Innovations California Advocates for Nursing Home Reform California Alliance for Retired Americans California Association for Adult Day Services California Association of Public Authorities for IHSS California Collaborative for Long-term Services and,1
Disability Rights California Justice in Aging Western Center on Law & Poverty AARP AIDS Healthcare Foundation Alliance of Californians for Community Empowerment Action America's Physician Groups Asian Americans Advancing Justice - California Association of California Healthcare Districts Bay Area Legal Aid Bet Tzedek Legal Services Blue Shield of California California Advocates for Nursing Home Reform California Assisted Living Association California Association of Health Plans California Association of Public Hospitals and Health Systems California Collaborative for Long-Term Services and,1
"Electric Transportation Coalition, Center for Environmental Health, Clean Power Campaign, Environment California, Natural Resources",2
"Environmental Services, and Erickson, Inc.",2
First American Financial Corporation: First Union Corporation,2
Franchise Tax Board and GO-Biz,2
"Global Automakers Honda North America, Inc",2
"Gotch & Associates, Urban Counties Caucus",2
Grocery Manufacturers Association Kern County Board of Supervisors LAX Coastal Area Chambers of Commerce Los Angeles County Business Federation MillerCoors Motion Picture Association of America National Association of Theatre Owners of California/Nevada National Federation of Independent Business Orange County Board of Supervisors Personal Insurance Federation of California San Francisco Chamber of Commerce San Gabriel Valley Legislative Coalition of Chambers South Bay Association of Chambers of Commerce TechAmerica Vending Plus Western Growers Association Western States Petroleum Association Wine Institute Worldwide Vending,2
"Honorable James T. Warren, Presiding California Attorneys for Criminal Justice (NOTE: Opposition letters received prior to proposed amendments reflected in this analysis) NOTE: THIS ANALYSIS REFLECTS AMENDMENTS THE AUTHOR INTENDS TO SUBMIT TO THE SUBCOMMITTEE",2
INC. Si Se Puede Fresno,2
Inc. California Right to Life Committee,2
Inc. Capitol Resource Family Impact,2
Inc. Nissan,2
"Institute, Clean Water Action, Coalition for Clean Air, Desert Citizens Against Pollution, East Bay Municipal Utility District, Gray",2
Insurance Agents and Brokers Legislative Council California State Automobile Association,2
"International Professional Rodeo Association: California Rodeo Salinas, Pioneer Equine Hospital, Inc",2
Investment Company Institute: J.P. Morgan Chase & Co,2
"Japan Business Association (represents many of the groups Japan Business Association of Southern California apan National Tourist Organization Japan Travel Bureau International, Inc. Japanese Chamber of Commerce Japanese Chamber of Commerce of Northern California JCB International Credit Card Co., Ltd. JETRO San Francisco JPSS Co., Inc. Kaijo America, Inc. Kanematsu Corporation Kanematsu USA Inc. Kinetsu Enterprises Co. of America Kubota Corporation Manufacturers Bank Marobani America Corporation Marobani International Electronics Corporation Marubeni America Corporation Marubun USA Corporation Matsubo Co. (America), Inc. Meijiseimel Insurance Services of California, Inc. Meiko America, Inc Miki (USA), Inc. Mitsubishi Electronics America Mitsubishi International Corporation Mitsui & Co.(USA), Inc. Mitsui Corntek Corp. Moriwaki Imai & Fujita, Inc. Nagase California Corporation Namco Homeleck, Inc. NDK America, Inc. NEC Electronics, Inc. NHK International Corporation Nichimen America Inc. Nippon Cargo Airlines Co., Ltd. Nippon CMK Corporation Nippon Express Travel USA, Inc. Nippon Express USA, Inc. Nissel Sangyo America, Ltd. Nissho Electronics Nissho Iwai American Corporation Nitto Denko America, Inc. Noritsu America Corporation NTT Software Corporation OCS America, Inc. Oki Semiconductor Omron Management Center of America, Inc. Pacific Leisure Management Panasonic Technologies, Inc. Pentel of America, Ltd. Renown Enterprises, Inc. Ricoh Electronics, Inc. S & B International Corporation Sakata Seed America, Inc. San Francisco 109, Inc. Sanae International Sankei Travel of America Sanwa Bank California Sega of America, Inc. Seiko Precision, Inc. Shaklee Corporation Shin-Eisu Magnetics, Inc. Snow Brand America, Inc. Sony Electronics, Inc. South San Francisco Printing Co. Sumitomo Corporation of America Sumitomo Marine & Fire Insurance Company, Ltd. Sumitronics, Inc. Takara Sake USA, Inc. Takenaka (USA) Corporation Takenaka Executive Search LLC Teraoka & Associates The Bank of Tokyo-Mitsubisi Ltd. The Industrial Bank of Japan, Ltd. The Lone Cypress Company The Mitsubishi Trust and Banking Corporation The Sanwa Bank, Ltd. The Sumitomo Bank, Limited The Sumitomo Trust & Banking Co., Ltd. The Tokai Bank, Ltd. TOA Electronics, Inc. Tokio Marine Management, Inc. Tokyo Express International Tomen America, Inc. Toshiba America, Inc. Toyota Motor Personnel Services, USA, Inc. Toyota Tsusho America, Inc. Union Bank of California, N.A. Watahan Nohara International, Inc. Yamaha Motor Corporation, U.S.A. Zen Trading Co., Ltd. Zenrin Co., Ltd)",2
Justice in Aging LeadingAge California State Council on Developmental Disabilities United Way of Greater Los Angeles California Apartment Association California Collaborative for Long-Term Services and,1
LLC Women Veterans Alliance SUGGESTED COMMITTEE AMENDMENTS The people of the State of California do enact as follows: SECTION 1. Section 22500 of the Business and Professions Code is amended to read: 22500. (a) Original sellers,2
"Latino Coalition for a Healthy California (cosponsor Southeast Asia Resource Action Center Access Women's Health Justice American Federation of State, County And Municipal Employees, AFL-CIO API Equality-LA Asian Americans Advancing Justice - California Asian Health Services Asian Pacific Islander Forward Movement California Immigrant Policy Center California Latinas for Reproductive Justice California LGBTQ Health and Human Services Network California School Employees Association California School-Based Health Alliance CaliforniaHealth+ Advocates Center For Empowering Refugees And Immigrants Community Clinic Association of Los Angeles County Disability Rights California Equality California. Fathers And Families of San Joaquin Fresno Interdenominational Refugees Ministries Khmer Girls in Action Latino Coalition For a Healthy California Little Manila Rising Maternal Mental Health Now Mid-City Community Advocacy Network Racial and Ethnic Mental Health Disparities Coalition Southeast Asia Resource Action Center Stone Soup Fresno The Cambodian Family Union of Pan Asian Communities Vietnamese Youth Development Center Western Center on Law & Poverty)",1
Legal Services for Non-Profit Housing Association of Northern California,2
Multicultural Childcare Nihonmachi Little Friend,2
"PageQ Attorney General, the League of California Cities, the County Supervisors Association",1
"Police Departments of Waterford, Los Gatos/Monte Serano, Burbank, Rialto, Auburn, Barstow, Emeryville, Escondido, Lodi, Brentwood, Delano, Livermore, Glenora, Glendale, Lodi, Fremont, Millbrae, Antioch, Santa Barbara, Vallejo, Piedmont, San Leandro, Lompoc e Lake",2
Professional Insurance Agents Group: Providian Financial Corp,2
Ruben Ayala Senior High School (San Bernardino County Sacramento City Unified School District Salinas High School (Monterey County) San Rafael City Schools (Marin County) San Bernardino Unified School District San Dieguito Union High School District (San Diego County) San Juan Unified School District (Sacramento County) San Leandro Unified School District (Alameda County) Santa Barbara School Districts (Santa Barbara County) Santiago High School (Orange County) Silverado High School (San Bernardino County) Sunny Hills High School (Orange County) Temecula Valley Unified (Riverside County) Terra Linda High School/San Rafael (Marin County) Walnut High School (Los Angeles County) Woodland Unified School District (Yolo County)),2
Rural Counties Environmental Services Joint Powers Authority San Diego Gas and Electric,2
San Francisco Bay Area The Climate Reality Project,2
"Santa Clara County Judges R. Ambler, L. Edwards, and N. Hoffman California Advisory Commission on Special Education California Children's Lobby California Peace Officers' Association California Police Chiefs Association California State PTA Chiefs of Police: Los Altos, Los Gatos, Milpitas, Monte Sereno, San Jose Community Alliance for Special Education County Welfare Directors Association Family Education Foundation Judge Eugene M. Hyman, Superior Court Juvenile Court Judges of California Legal Advocates for Children and Youth, Santa Clara County Legal Aid Society, Santa Clara County NAACP Legal Defense and Educational Fund, Inc. Probation Department, Counties of: Alpine, Glenn, Imperial, Lassen, Mendocino, San Benito, San Luis Obispo, Santa Clara, Sonoma Santa Clara County: Board of Supervisors",2
"Service Employees International Union California Asian Americans Advancing Justice-Asian Law Caucus Asian Americans Advancing Justice-Los Angeles California Employment Lawyers Association California Labor Federation, AFL-CIO California Professional Firefighters California School Employees Association",1
"Sheriffs of the following counties: Amador, Alameda, Butte, Colusa, Del Norte, El Dorado, Contra Costa, Fresno, Imperial, Kern, Marin, Mariposa, Merced, Mono, Nevada, Sacramento, San Diego, San Joaquin, Santa Barbara, Shasta, Sonoma, Tuolumne, and Yolo",2
Sonoma County Housing Advocacy Group AIDS Legal Referral Panel Alameda County Network of Mental Health Clients Aldea Children and Family Services Area I Developmental Disabilities Board Area IX Developmental Disabilities Board Area XI Developmental Disabilities Board Association of Regional Center Agencies Breaking Barriers CA Association for the Retarded CA Foundation for Independent Living Centers CA Human Development Corporation CA Rural Legal Assistance Foundation Community Child Care Council of Sonoma County Community Living,1
"Southwest California Legislative Council (SWCLC), on behalf of Lake Elsinore Valley Chamber of Commerce, Menifee Valley Chamber of Commerce, Temecula Chamber of Commerce, and Wildomar Chamber of Commerce",2
"State Bar of California, Attorney Generalos",2
State Farm: U.S. Bancorp,2
"Steamfitters Local 159, Local 6 and Local 94",2
The ACLU and the CA Public Defenders Association,2
The Animal Council Contra Costa County Contra Costa Humane Society,2
"The Los Angeles Probation Officers' Union, AFSME, Local 685",1
The State Bar of California Harriett,1
"The State Bar of California, The Estate",1
"The Superior Courts of the following counties: Alameda, Butte, El Dorado, Fresno, Imperial, Kern, Lake, Los Angeles, Mendocino, Orange, Sacramento, San Benito, San Bernardino, San Diego, San Joaquin, Santa Clara, Shasta, Siskiyou, Solano, Sutter, Tehama, Ventura and Yolo",2
"The many members of the Coastside Fishing Club, and the Recreational Fishing Alliance",2
Union Pacific Railroad San Joaquin Valley Railroad Company Pacific Harbor Line Yolo Short Line Railroad Company Park Sierra Rail Group The California Railroad Industry (Burlington Northern and Santa Fe Railway Company),2
"United Association, Local 582, Local 345",2
"University,State Bar",2
"Wells Fargo & Co.: Concerns, State Farm Insurance companies",2
"of Conservation Voters, Californians for Pesticide Reform, Environmental Working Group, Healthy Children Organizing Project, Children's",2
California Million Mom March United with the Brady Campaign,1
Consumer Attorneys Of California Reform,1
Inc. Women's Program of Monterey Peninsula College Other,1
Inc. Young's Market Company,1
JWCH Institute Women's Program of Monterey Peninsula College Other,1
WOMEN FOR: Children Now,2
Women For: YWCA of Greater Los Angeles,2
Women for: Legal Services of Northern California,2
"ZEVs-Electric Vehicles International , PiMobility, Tesla Motors, Inc. and Zero Motorcycles-who potentially would benefit from the rebate",2
Reed Elsevier Inc. and Lexis-Nexis (publishing conglomerate),2
"Richard D. Dean, County Clerk andHome Savings of American Recorder",2
AEGON/Transamerica companies,1
AdvancePCS and Express Scripts Incorporated (pharmaceutical),2
California Law Revision CommissionNone received,2
California Public Utilities Commission None reported to the Committee,1
"the Association of Deputy District Attorneys, the California Association of Code Enforcement Officers",1
"the California Association of County Veteran Service Officers, Military Officers Association of California, California Council of Chapters",1
"the City and County of San Francisco, Jeff Adachi",2
the Environmental Defense Fund and the National Resources Defense Council,2
the Personal Insurance Federation of California Santa Clara Valley Water District,1
East Bay Municipal Utility District (Co-Sponsor)None received,1
East Bay Municipal Utility District Numerous individual cards and letters,2
"Environmental Health Administrators , several local public and environmental health agencies and environmental advocates",2
FPPC and supported by California Common Cause,1
FPPC and supported by the California Association of Clerks and Election Officials,1
FPPC and supported by the California Special Districts Association and California Common Cause,1
FPPC and supported by the League of Women Voters of California,1
FPPC and supported by the League of Women Voters of California and local government entities,1
HCDs and the Association of Health Care Districts,1
Local Government Commission and 66 local elected officials from around California,1
"100% Campaign , a collaborative of Children Now, Children's Defense Fund, The Children's Partnership and PICO",2
"100% Campaign, a collaboration of Children's Defense Fund",1
"100% Campaign, a consortium of Children's Partnership, Children",1
"3M and 400,000 employees",2
"Agency, Southern San Joaquin Municipal Utility",1
"Angeles County Board of Supervisors, Olivenhain",1
Asian Pacific Environmental Network |Centers,1
"Association of:: Bay Area, Central Valley Region, Community Education Foundation, Solano County, Southern California Region",1
"Beach Water Department, Upper San Gabriel Valley Municipal",1
"Buenaventura, Seal Beach, and Rio Vista",1
"Bureau Federation, California Licensed",1
"Bureau, California Manufacturers and Technology",1
Burlingame and Sewer Rates Ceres,1
"Central California, Los Angeles, Orange County, San Diego",1
"Central California, Los Angeles, Orange County, Silicon Valley and San Diego County chapters",1
City of Housing Long Beach,1
Consumer attorneys and other labor groups,1
Diego: California Chamber of Commerce,1
"Federation, California Independent Petroleum",1
Folsom Fontana Fortuna Fort Bragg,1
"Foundation, Industrial Environmental",1
"Fresno Area Chamber of Commerce, International",1
Gardens |County of San | Lathrop,1
Gilroy Glendale Glendora Goleta,1
Hawaiian Gardens Hawthorne Hayward Hemet,1
Hermosa Beach Hesperia Highland Hollister,1
Huntington Beach Indian Wells Indio Inglewood,1
L.A. and Orange Counties,1
"Marin, Southern California Alliance of Publicly",1
"National Environmental Trust, La Raza Centro Legal",1
National Institute of Justice and the ABA,1
Police Activities Leagues and police departments,1
Presidential | Registered,1
"School, Liberty, Livermore Valley Joint, Lodi, Los Banos",1
"Service, Waste Management, Water Environment",1
"Services Committee, the American Civil Liberties Union (ACLU)",1
"Services, Western Growers, Western Plant Health",1
"Short Line Railroad Association, Chemical",1
"Union 104, and 162",1
United Cannabis Business Association and six other cannabis business organizations,1
Association California Health Care Districts,1
"Association of California and Nevada, Mead",1
"Association of California and Nevada, Sherwin",1
"Association of Sanitation Agencies, County",1
"Association of Sanitation Agencies, Santa",1
"Association of Southern California, Norcal",1
"Association, , The California Railroad",1
"Association, CSUS",1
"Association, County of Nevada",1
"Association, East Bay Municipal Utility",1
"Association, Industrial Environmental",1
"Association, LA CountySacramento County, Legislative",1
"Association, Salinas",1
"Association, Sempra Energy",1
"Association, UCLA",1
AtascaderoAtwater Bakersfield Baldwin Park Banning,1
"Azusa, League of California Cities, Los Angeles",1
"Bakersfield, Greater Los Angeles African American, Greater Riverside, Los",1
"Band of Mission Indians, Native American",1
Board of Supervisors Office of the Mayor,1
California Association of School Business Officials Metropolitan Education District Riverside County School Superintendent Association San Bernardino County District Advocates for Better Schools,1
California CVSOs and VSOs,1
California Chapter Cities of Berkeley,1
California Labor Federation: GOVERNOR'S VETO MESSAGE,1
California State Council American Federation of State,1
California Youth Empowerment Juvenile Justice Fairness and Equity,1
"California, South Central Coast Basinwide Air",1
"California, South Natomas Transportation",1
"Center, California Coalition of United",1
"Center, Environmental Working Group, Healthy",1
"Center, San Diego Miramar College",1
"Chamber of Commerce - Costa Mesa, Greater San Diego, Gardena Valley, Hermosa Beach, Redondo Beach, San Mateo, Santa Clarita Valley, West Covina",1
Chico Chino Hills Chowcilla,1
"City of Bell, Compton, Huntington Park, and Montebello",1
Clean Power Campaign SB 70XX Environmental Defense,1
Colfax Colma Colusa,1
"Community College Districts of De Anza, Kern, Peralta, and San Diego",1
Community College League of California: GOVERNOR'S VETO MESSAGE,1
"Contra Costa, Kern, Lassen, Marin, Nevada, Plumas, Sacramento, San Luis",1
Contractors Building Materials,1
"Contractors, Nat'l Association",1
"Council, AFL-CIO & CLC",1
"Council, Physicians for Social",1
"Counties of Los Angeles, San Bernardino, San Mateo, & Santa Clara",1
"Counties of: San Joaquin, Sonoma, Stanislaus",1
DPH and local health departments,1
"El Cajon, Glendale",1
"Environmental Assn. of San Diego, Western",1
"Escondido, Greater High Desert, La Verne, Livermore Valley, Long Beach",1
"Farmers, Community Recycling and Resource",1
"Hardware Company, Industrial Environmental",1
"Industrial Services, Inc., San Joaquin Valley",1
"International, Industrial Environmental",1
"Juan Capistrano, Santa Barbara, Santee, Sierra Madre, Sunnyvale, Thousand Oaks, Victorville, Visalia, Watsonville, Westlake Village, Town of Apple Valley",1
"La Habra, Placentia, San Clemente, San Juan",1
Madera County Stanislaus County,1
"Manufacturers Association, International Diary",1
"Monterey, Moorpark, Moreno Valley, National City, Rancho Cucamonga, Rocklin, Santa Cruz, Stockton",1
"Mutual No. Fifty, Lake Forest Community",1
Oceanside Ontario Orange Orland,1
Pacific Grove Palmdale Palm Springs,1
Pico Rivera Pismo Beach Placentia Pleasant,1
"Prada, Rolex, SIEU",1
Redondo Beach Redwood City Reedley Rialto,1
Ridgecrest Ripon Riverside Rocklin,1
"Salinas, Sand City, Santa Cruz, Seaside, Watsonville",1
San Clemente San Diego San Dimas San Gabriel,1
School of Law University of California Graduate and Professional Council,1
Shasta and Siskiyou Counties,1
Stanislaus and Yuba Counties,1
Sunnyvale Susanville Temecula Temple City,1
"The Experts, Master Painters",1
Thousand Oaks Torrance Tracy Tustin,1
"Union, Merced Union High, Moreno Valley, Murrieta Valley, Newhall, Norris, Nuview Union, Oak Grove, Palmdale, Palo",1
"Viejo, Lake Forest, Laguna Nigel, Laguna Hills, Los Angeles, Ontario, Fountain Valley, Huntington Beach",1
Vista Walnut Walnut Creek Wasco,1
Waterford Weed Westminister West Sacramento,1
Whittier Yorba Linda Yuba City,1
"Winemakers of California, Western States",1
"Women's International League for Peace and Freedom, San Jose Branch: Several individuals",1
"of Los Angeles-Long Beach Harbor, Inc., Pacific",1
"sponsor of this bill, CAL FIRE Local 2881, IAFF, AFL-CIO",1
"Alameda County Youth Development, Inc./George P",1
"LAFCOs of Alameda, Amador, Contra Costa, Los Angeles, Placer, Riverside, San",1
"LAFCOs: Alameda, Amador, Contra Costa, Los Angeles, Placer, Riverside, San Bernardino, San Diego, San Mateo, Yolo",1
. ACLHIC and CMTA,1
"100% Campaign, Blue Shield of California",1
18 individual employees of Keystone Automotive (Submitted after recent amendments) State Farm Insurance,1
"21, Engineers and Scientists of CA, IFPTE Local 20, International Longshore and Warehouse Union",1
"248 Individuals, California Nevada Soft Drink Association, California Chamber of Commerce, California Grocers Association, California",1
"259:: American Veterans, Jewish War Veterans, Marine Corps League",1
"350 Bay Area, Alameda Interfaith Climate Action",1
6) Secretary of State (Secs. 4,1
"7-Eleven Stores Inc., California Distributors Association",1
"7-Eleven Stores Inc., California Retailers Association",1
"A Community of Friends, Adult Day Health",1
"A joint letter from CalBroadband|The California Broadband & Video Association, US Telecom|The Broadband Association, and CTIA-the Wireless Association",1
A joint letter from several organizations including the California Electric Transportation Coalition and Natural Resources Defense Council,1
"A joint letter of opposition submitted by Chamber of Progress, Computer and Communications Industry Association, NetChoice, Software & Information Industry Association, and TechNet",1
"A-Z Bus Sales, Inc., American Honda Motor Co., Inc., American Lung Association, Antelope",3
AAA Automobile Club of Nor Cal and So Cal,1
AAA Automobile Club of Northern and Southern California,1
AAA California State Automobile Association & Automobile,1
AARP Adelphia Communications Artelias S. Guyton & Associates Business Women for the Environment California Contract Cities Association California Library Association California State Association of Counties California State University,1
AARP California Alzheimer's Association California Assisted Living Association California Association for Health Services at Home California Collaborative for Long-Term Services and,2
AB 1105 (Jackson) Office,1
AB 1397 (Poochigian) Los Angeles County Police Chiefso Association,1
AB 1773 (Committee on Banking and Finance) PageB,1
AB 1788 - 06/26/95 Santa Clara Manufacturers Group,1
AB 195 (Dymally) Association,1
AB 2599 - 5/21/96 Town & Country Funding,1
AB 2788 - 06/01/94 Los Angeles County Professional Peace Officers Association Los Angeles County Sheriffs,1
AB 3001 (Napolitano) Association,1
"AB 3013, California Society of Clinical Social Work",1
AB 3075 - Klehs California Manufacturing & Technology Association Cal-Tax,1
AB 575 (DUTRA) Association,1
"AB Cities of Los Angeles, San Jose, San Diego, Sacramento, Oakland and National City",2
ABATE California Motorcycle Dealers Association,1
"ABATE, Local Chapters 1, 6, 10, 19, 23, 25, 27, 28, 34, 38, 44",1
"ABC Project, Director of A Local Affiliate of The Dolly Parton Imagination Library",1
"ABC, NBC, CBS, CNN and Court-TV",1
ACLHIC and AHIP,1
ACLHIC and CAHP,1
ACLU Members for LPS Reform - Los Angeles Alliance for the Mentally Ill - Coachella Valley,1
ACLU and California Attorneys for Criminal Justice,3
ACLU and California Public Defenders,1
ACLU and California Public Defenders Association,1
"ACLU, California Attorney's for Criminal Justice",1
"ACLU, Electronic Frontier Foundation",1
"ACLU, Electronic Frontier Foundation, Common Sense Kids Action, Consumer Federation, Privacy Rights Clearinghouse",1
ACORN Financial Justice Center and ACORN California,1
ACTCM and PCOM,1
ACVS Veterinary Surgeon American Emergency Clinic American Holistic Veterinary Medical Association American Holistic Veterinary Medical Foundation Animal Urgent Care,1
"ACWA, San Diego County Water Authority",1
AFL- CIO California Credit Union League (CCUL),1
AFL-CIO & Vaca Valley Chiropractic,1
AFL-CIO (AFSCME) California Labor Federation,1
AFL-CIO (AFSCME) Peace Officers Research Association of California,1
AFL-CIO (prior version) League of Women Voters of California,1
AFL-CIO AYPAL: Building API Community Power California Employment Lawyers Association California Immigrant Policy Center California Labor Federation,1
AFL-CIO American Academy of Pediatrics,1
AFL-CIO American Federation of Television and Radio Artists,1
AFL-CIO Asian Law Caucus Union of Needletrades,2
AFL-CIO Association for Los Angeles Deputy Sheriffs (ALADS) Los Angeles Probation Officers' Union,1
AFL-CIO Association of Federal,1
AFL-CIO Association of Los Angeles Deputy Sheriffs Los Angeles Probation Officers' Union,1
AFL-CIO Biocom California Children's Hospital Association,1
AFL-CIO Blanca Alvarado,1
AFL-CIO Brady Campaign to Prevent Gun Violence,1
AFL-CIO Brotherhood of Locomotive Engineers & Trainmen,1
AFL-CIO CA Tax Reform Association CA Teamsters Public Affairs Council Consumer Federation of CA Dan Baker,1
AFL-CIO Calfiornia Conference Board,3
AFL-CIO California Association of Clerks and Election Officials,1
AFL-CIO California Association of Highway Patrolmen,1
AFL-CIO California Biodiesel Alliance Crimson Renewable Energy,1
AFL-CIO California Catholic Conference,1
AFL-CIO California Court Reporters Association Service Employees International Union,1
AFL-CIO California Exposition and State Fair Norman C. Towne,1
AFL-CIO California Federation of Teachers California School Boards Association David Kakishiba,1
AFL-CIO California Federation of Teachers California School Employees Association,1
AFL-CIO California Labor Federation Laborers' International Union of North America,2
AFL-CIO California Labor Federation Service Employees International Union,1
AFL-CIO California League of United Latin American Citizens California Teachers Association Central Labor Council Contra Costa County,1
AFL-CIO California Newspaper Publishers Association,1
AFL-CIO California Pan-Ethnic Health Network Health Access California Service Employees International Union,1
AFL-CIO California Podiatric Medical Association,1
AFL-CIO California Professional Firefighters,1
AFL-CIO California Professional Firefighters California School Employees Association,1
AFL-CIO California Professional Firefighters California School Employees Association United Domestic Workers/ American Federation of State,1
AFL-CIO California Psychiatric Association,1
AFL-CIO California Right to Life Committee,1
AFL-CIO California Rural Legal Assistance,2
AFL-CIO California Rural Legal Assistance Foundation (CRLAF),1
AFL-CIO California School Employees Association National Association of Social Workers,1
AFL-CIO California State Council of Laborers American Federation of State,1
AFL-CIO California State Council of Laborers California Labor Federation,1
AFL-CIO California State Legislative Board of Sheet Metal,1
AFL-CIO California Teachers Association National Association of Social Workers,1
AFL-CIO California Teachers Association Santa Paula Unified School District Personnel Commission,1
AFL-CIO California Teachers Association State Building and Construction Trades Council,1
AFL-CIO California Teamsters Public Affairs Council International Union of Operating Engineers,2
AFL-CIO California Teamsters Public Affairs Council United Farm Workers of America,1
AFL-CIO California Teamsters Public Affairs Council United Food & Commercial Workers,3
AFL-CIO California-Nevada Conference of Operating Engineers American Federation of State,2
AFL-CIO Californians Against Waste United Food and Commercial Workers,1
AFL-CIO Capdet,1
AFL-CIO Carlsbad Firefighters Association,1
AFL-CIO Central Labor Council Fresno,1
AFL-CIO Chinese for Affirmative Action Garment Worker Center Five Counties Central Labor Council Laane A New Economy For All Los Angeles County Federation of Labor,1
AFL-CIO City of Santa Monica,1
AFL-CIO Community College League of California,2
AFL-CIO Consumer Attorneys of California Los Angeles County District Attorney's Office,1
AFL-CIO Consumer Attorneys of California UNITE-HERE,1
AFL-CIO Engineers & Scientists of California,1
AFL-CIO Equality California,1
AFL-CIO Generation Up,1
AFL-CIO Health Access California The 100% Campaign (The Children's Partnership),1
AFL-CIO Howard Jarvis Taxpayers Association (prior version) Service Employees International Union,1
AFL-CIO Inland Empire Labor Council,1
AFL-CIO International Federation of Professional & Technical Engineers,1
AFL-CIO International Longshore and Warehouse Union,1
AFL-CIO Jack and Jill of America,1
AFL-CIO LGBTQ+ Inclusivity,1
AFL-CIO League of California Cities,1
AFL-CIO League of Women Voters,1
AFL-CIO Los Angeles Unified School District,1
AFL-CIO Los Angeles Unified School District University of California,1
AFL-CIO Maintenance Cooperation Trust Fund,2
AFL-CIO Marin County Council of Mayors and Councilmembers Union of Concerned Scientists,1
AFL-CIO Monterey Bay Central Labor Council,1
AFL-CIO National Council of Asian Pacific Islander Physicians American Diabetes Association,1
AFL-CIO Orange County Professional Firefighters Association,1
AFL-CIO Pacific Merchant Shipping Association,1
AFL-CIO Peace Officers' Research Association of California American Federation of State,2
AFL-CIO Professional Engineers in California Government Service Employees International Union,1
AFL-CIO Professional Engineers in State Government Service Employees International Union,2
AFL-CIO Region 8 States Council of the United Food & Commercial Workers,1
AFL-CIO Resource Center Teamsters Joint Council 42,1
AFL-CIO Riverside Sheriffs Association,2
AFL-CIO Rockard Delgadillo,1
AFL-CIO Sacramento Central Labor Council,1
AFL-CIO San Diego County Taxpayers Association Bill Schwandt,1
AFL-CIO San Francisco Labor Council,1
AFL-CIO Service Employees International Union CA State Council,1
AFL-CIO Sheriff John L. Scott,1
AFL-CIO The California Applicant Attorneys Association The National Association of Social Workers,1
AFL-CIO The California Tax Reform Association The American Federation of State,2
AFL-CIO The College Board,1
AFL-CIO U.A.W. Local 148,1
AFL-CIO Union of Needle Trades,1
AFL-CIO United Farm Workers United Food and Commercial Workers,1
AFL-CIO United Farm Workers of America,1
AFL-CIO United Food and Commercial Workers,1
AFL-CIO United Food and Commercial Workers Union,1
AFL-CIO United Nurses Associations of California,1
AFL-CIO University of California,1
AFL-CIO Veterans Caucus,1
AFL-CIO West Covina Police Department,3
AFL-CIO Western Center on Law and Poverty,1
AFSCME AtHoc,1
AFSCME National Association of Social Workers,1
AFSCME and La Raza Roundtable,1
AFSCME and SEIU Local 1000,1
"AFSCME, American Lung Association of Los",1
"AFSCME, Association of California Water",1
"AFSCME, Azusa, California Alliance for Consumer",1
"AFSCME, California Federation of Teacher",1
"AFSCME, California Professional Firefighters, California State Firefighters' Association",1
"AFSCME, Clean Water Action, California",1
"AFSCME, Planning and Conservation League, Sierra Club California",1
AIDS Healthcare Foundation: California Commission on Aging,1
AIDS Healthcare Foundation: California Nurses Association,1
"AIDS Project Central Coast, Pacific Pride Foundation",1
"AIDS Project Los Angeles, American Federation of State, County and Municipal Employees, Association of California Water Agencies, Attorney General, State of California, Breast",1
"AMCAL Multi-Housing, Bay Area Community Land Trust, Beverly-Vermont Community Land Trust, Bolina Community Land Trust, California Association of Local Housing Finance Agencies, California Housing Consortium, Community Land Trust Association of Western Marin, The Dellums Institute of Social Justice, Enterprise Community Partners, Greenlining Institute, Grounded Solutions Network, Habitat for Humanity, Housing Land Trust of Sonoma County, Irvine Community Land Trust, Marty's House Affordable Housing Corporation, Northern California Land Trust, Oakland Community Land Trust, PolicyLink, Preserving Affordable Housing Assets Longterm Incorporated",1
AMD American Electronics Association California Aerospace Technology Association California Manufacturers Association (CMA),1
"AMERICAN PLANNING ASSOCIATION, CALIFORNIA CHAPTER ASSOCIATION OF BAY AREA GOVERNMENTS",1
"AMMCOR, California Association of Community",1
"APCD, Kern County APCD, Kern Ross Estates, Monterey Bay Unified APCD, Planning and Conservation League, San Diego County APCD",1
APEN California Bicycle Coalition California Coastal Protection Network California League of Conservation Voters Endangered Habitats League (also),1
"APL Limited, ARCO Products Company, California",1
"APLA Health, the California Association of Alcohol and Drug Program Executives, the California Society of Addiction Medicine, and Equality California, HealthRIGHT",1
"APM Terminals, California Chamber of Commerce, California Taxpayers Association, California",1
"APM Terminals, California Chamber of Commerce, California Trade Coalition, Hanjin Shipping",1
"ARCO, California Independent Oil Marketers",1
"ARCO, California Independent Oil Marketers Association",1
"ARIS of Santa Clara County: Fiedler Financial, Life Benefit Services",1
AT&T California Cable and Telecommunications Association,1
"AT&T Wireless Ms. Marylu Korkuch, Technology Theft Prevention Foundation",1
AT&T and MCI,1
"AT&T, California Independent Telephone Companies, California Taxpayers' Association, Southern California Edison, SureWest Communications",1
"AT&T, Verizon, and Frontier",1
"Abatement District, Planning and Conservation",1
"Abatement Jt. Powers Auth.: Concord Police Department, League of California Cities",1
"Abbott Laboratories, American Plastics Council, California Chamber of Commerce, California",1
"Abercrombie & Co. Broker (Santa Barbara, CA): AIDS Legal Referral Panel, AIDS Project Los Angeles",1
"Access Services, Inc. California Transit",1
"Access Services, Inc. California Transit Association",1
"Acclamation Insurance Management Services, Allied Managed Care, California Chapter of the American Fence Association",1
Accredited Out-of-State Colleges and Universities in California Corinthian Colleges,1
Accrediting Commission for Senior Colleges and Universities and the Accrediting Commission for Community and Junior Colleges of WASC are,1
"Action Council, Project Islamic HOPE, Sierra",1
"Action Fund, Literacy for Environmental",1
"Action Now, American Lung Association, Breast",1
Action Sales & Metal Co. Inc. Amador County Environmental Service Auburn Placer Disposal Service,1
"Action, California Congress of Parents, Teachers, and Students, Inc., California Nurses",1
"Action, Coalition for Clean Air, Comite",1
"Action, Planning and Conservation League, Sierra Club California",1
"Action, Sierra Club California, Union of Concerned",1
"Action, South Bay Los Angeles, Southland Legislative Alliance, and Ventura County Climate Hub",1
"Active Safety Corporation, James E. Bihr & Associates Consulting Engineers",1
Actors and Others for Assistance League of Orange County,2
"Adams & Graves, California Housing Council",1
"Adams & Graves, California Housing Council, County",1
"Additionally, the American Planning Association, California Chapter, and the Urban Counties Caucus",2
Administrative Law Judges (ACSA) Southern California Gas,1
Administrative Law Judges and Hearing Officers in State Employment (CASE) American Federation of State,1
"Administrators, California Association of School Business Officials, San Diego County",1
"Administrators, California School Boards",1
"Administrators, Health Officers Association of California",1
"Administrators, Sierra Club of California",1
AdvaMed: American Chemistry Council,2
AdvaMed: American Chemistry Council Amgen,1
Advanced Medical Technology Association (AdvaMed): American Chemistry Council,1
Advanced Medical Technology Association and the California Life Sciences Association,1
"Advanced Medical Technology Association, African American Farmers of California, Airlines for America, American Pistachio Growers, Association of California Life and Health Insurance Companies, Bay Area Council, Biocom, Building Owners and Managers Association of California, California Agricultural Aircraft Association, California Bankers Association, California Business Properties Association, California Business Roundtable, California Chamber of Commerce, California Cotton Ginners and Growers Association, California Farm Bureau Federation, California Forestry Association, California Hotel & Lodging Association, California Independent Petroleum Association, California League of Food Producers, California Life Sciences Association, California Manufacturers & Technology Association, California Railroads, California Taxpayers Association, California Trucking Association, Camarillo Chamber of Commerce, Chambers of Commerce Alliance of Ventura & Santa Barbara Counties, CompTIA, Contra Costa County Taxpayers Association, Council on State Taxation, Family Business Association of California, Farwest Equipment Dealers Association, International Council of Shopping Centers, Kern County Taxpayers Association, Maersk Inc,.NAIOP of California, National Federation of Independent Business, Nisei Farmers League, North Orange County Chamber, Orange County Business Council, Orange County Taxpayers Association, Oxnard Chamber of Commerce, Plant California Alliance Qualcomm, San Gabriel Valley Economic Partnership, Santa Maria Valley Chamber of Commerce, Silicon Valley Leadership Group, Solano County Taxpayers Association, Sutter County Taxpayers Association, TechNet, Valley Industry and Commerce Association, West Coast Lumber & Building Material Association, Western Agricultural Processors Association, Western Growers Association, Western Manufactured Housing Communities Association, Western Plant Health Association, Western States Petroleum Association, Wine Institute",1
"Advanced Water Systems (3 letters), American",1
"Advancement Foundation, LTSC Community",2
"Advancement Project California, Albany Unified School District",1
"Advancing the Business of Technology, American",1
Adventist Health & Loma Linda University Medical,2
Adventist Health & Loma Linda University Medical Center,1
Adventist Health and Loma Linda,1
Adventist Health and Loma Linda University,1
"Adventist Health, Alliance of Catholic Health Care",1
"Adventist Health, the California Hospital Association, and the District",1
"Advisory Council, Veterans Affiliated Council of Sacramento, Veterans of Foreign Wars Post 1999",1
Advisory Group Planning and Conservation League,1
"Advocates for Highway and Auto Safety, Safety Belt Safe",1
"AeA, Agilent Technologies, Philips Medical Systems",1
"AeA, Alticor, American Chemistry Council, American Forest & Paper Association, California",1
"AeA, American Forest & Paper Association, California League of Food Processors, California Packaging Alliance, Glass Packaging",1
Aetna U.S. Healthcare Association of California Life and Health Insurance Companies,1
Affairs Association | Greater Los Angeles | San Anselmo Chamber,1
"Affordable Housing Management Association, Northern CA Hawaii Apartment Association, AIDS Healthcare Foundation",1
Afl-cio California Building Officials Service Employees International Union,1
Afl-cio California Federation of Teachers Afl-cio California School Employees Association,1
Afl-cio California Safety and Legislative Board of Smart - Transportation Division (smart - Td) California School Employees Association Cft- a Union of Educators & Classified Professionals,1
Afl-cio California State Sheriffs' Association National Association of Social Workers,1
"African American Health Institute, NAACP - San Bernardino",1
African American Student Social Work|Environmental Health Coalition,1
African American Student Social Work|Environmental Health Coalition |Association,1
"African American, California Asian Pacific, California Hispanic, Carlsbad, Chula Vista, Dana Point, Danville Area, Downey, Garden Grove, Greater",1
"Against Domestic and Sexual Violence, YWCA",1
"Against Family Violence and Sexual Assault, Haven House, Inc., Humboldt Women for",1
"Against Waste, Eastern Municipal Water",1
Agencies (ACWA) and the Regional Council of Rural Counties,1
"Agencies (ACWA) and the Regional Council of Rural Counties (RCRC), who",1
"Agencies, CDF Firefighters, California",1
"Agencies, California Association of Sanitation",1
"Agencies, California Farm Bureau Federation, California League of Conservation Voters, Center for Marine Conservation, Congressman",1
"Agencies, Calleguas Municipal Water District, Carmel Area Wastewater District, Carpinteria",1
"Agencies, Santa Clara Valley Water District, Sierra Club",1
"Agencies, South Tahoe Public Utility District",1
Agency on Aging\Area 4 (AAA4),1
"Agency, Irvine Ranch Water District, Long Beach",1
"Agency, Jack Seiler Farms, Kern County",1
"Agency, Rancho Murieta Community Services",1
"Agency, Sweetwater Union High School District, Tehachapi Unified School District, Union of Concerned Scientists, Western Propane Gas Association",3
"Agency, Vallecitos Water District, Valley",1
"Agency, Western Center on Law and Poverty, Inc., California Air Pollution Control Officers",2
Aging Services of California Alzheimer's Association,1
Aging Services of California: BIOCOM,1
Agricultural Council of California (California Grocerso),1
"Agricultural Council of California, Alliance of Western Milk Producers, California Association",1
"Agricultural Council of California, Auto Care Association, Brea Chamber of Commerce, California Business Properties Association, California Chamber of Commerce, California Construction and Industrial Materials Association, California Farm Bureau Federation, California Fuels and Convenience Alliance, California League of Food Producers, Camarillo Chamber of Commerce, CAWA, Greater Conejo Valley Chamber of Commerce, Murieta Wildomar Chamber of Commerce, National Federation of Independent Business, Orange County Business Council, Oxnard Chamber of Commerce, San Gabriel Valley Economic Parnership, Santa Maria Valley Chamber of Commerce, Southwest California Legislative Council, Torrance Area Chamber of Commerce, Tulare Chamber of Commerce, Western Independent Refiners Association, Western States Petroleum Association",1
Agricultural Energy Consumer Association Wine Institute,1
Agriculture Council of California |Hedgerow Farms,1
"Aids for Daily Living, California Association of Medical Products and Supplies, Shield Health Care",1
Air Conditioning Trade Association Associated Builders and Contractors of California City and County of San Francisco (prior version) City of Brawley,1
Air Conditioning Trade Association Associated Builders and Contractors of California City of Arcadia,1
Air Force Sergeants Assoc.: American GI Forum of Calif,1
"Air Now, Coachella Valley Association of Governments, Coalition for Clean Air, Communities For A Better Environment, Community",1
"Air Quality Management District, Bluewater",3
"Air Quality Management District, Chevron, American Lung Association, Coalition for Clean",2
"Air Quality Management District, Natural",3
"Air Quality Management District, Sierra Club, Union of Concern Scientists, Western Propane",1
"Air Quality Management District, Western States",1
Air Transport Association of America Southwest Airlines,1
"Air Vehicle Coalition, Sierra Club, Southwest",3
"Air, California Air Pollution Control Officers",2
"AirTouch Communications, Cal-Tax, Cellular",1
"Aircraft Owners and Pilots Association, California Aviation Business Association, City of San",1
"Airline Associates, Automotive Technician's",1
"Airport, California Chamber of Commerce",1
"Alameda Alliance for Health, Alameda County",1
"Alameda Corridor-East Construction Authority, American Lung Association, Natural Resources",1
"Alameda County Bar Association, Estate Planning, Trust and Probate Law Section, Western Center on Law and Poverty, 32 individual probate attorneys, and 3 individual probate judges",1
"Alameda County Board of Supervisors and American Federation of State, County and Municipal Employees (AFSCME)",1
Alameda County Board of Supervisors: City of Antioch,2
Alameda County Congestion Management Agency California Association of Council of Governments,1
Alameda County District Attorney and Los Angeles County,1
"Alameda County District Attorney, City of Oakland",1
Alameda County Fire Department & Sheriff's Department,1
Alameda County Food Bank: Aspiranet,1
"Alameda County Green Business Program, Blue and Gold Fleet, C.A.R.S., California League of Conservation Voters, Central Contra Costa",1
"Alameda County Social Services Agency, Alameda County Board of Supervisors",1
Alameda County Source Reduction and Recycling Board Alameda County Waste Management Authority,1
Alameda County Transportation AuthorityAssociation for Los Angeles Deputy Sheriffs,1
"Alameda County Waste Management Authority, Alhambra, Arcadia, Berkeley, California State",2
"Alameda County Waste Management Authority, Allied Waste Industries, California Advocates",1
"Alameda County Waste Management Authority, California Biomass, Inc., Californians Against",1
"Alameda County Waste Management Authority, California Forestry Association, Californians",1
"Alameda County Waste Management Authority, California League of Conservation Voters, California Refuse Removal Council, California",1
Alameda County and CDFA,1
"Alameda County, Concerned Citizens About Vasco Experiences (CRAVE), Contra Costa",1
"Alameda County, Concerned Citizens About Vasco Experiences (CRAVE), Contra Costa County, Golden Gate Bridge, Highway and Transportation District S",1
"Alameda County, Concerned Citizens About Vasco Experiences (CRAVE), Contra Costa County, Golden Gate Bridge, Highway and Transportation DistrictS",1
"Alameda Health Consortium, American Cancer",2
"Alameda Health Consortium: Big Valley Medical Center, Camino Health Center, Canby Family Practice Clinic, Central Valley Health Network",1
"Alameda Labor Council American Federation of State, County and Municipal Employees",1
"Alameda Unified School District, California Association of School Business Officials",1
"Alameda Unified School District, California Professional Firefighters Association, California School Employees Association, California State PTA, California Teachers Association, Howard Jarvis Taxpayers Association",1
Alameda Unified School DistrictMiddletown High School (Shasta Co),1
"Alameda-Contra Costa Transit District, American Federation of State, County and Municipal Employees, Association of California Water",1
"Alameda-Contra Costa Transit District, BMW",1
"Alamo Forest Products, Allweather Wood",1
"Alaska Airlines, American Airlines, California Taxpayers Association",1
Albion River Watershed Protection Association / Friends of Salmon Creek,1
"Albion River Watershed Protection Association, California League of Conservation Voters, Coastal Land Trust, Environmental Protection",1
Albion River Watershed Protection Association/Friends of Salmon Creek,3
Alcohol Justice and the California Alcohol Policy Alliance,1
Alex Padilla American Civil Liberties Union of California,1
Alex Padilla California State Controller,1
"Alhambra, Azusa, Baldwin Park, El Monte, Industry, Irwindale, La Puente, Los Angeles, Monterey Park, South",1
"Alhambra, Benicia, Carlsbad, Carson, Claremont, Coronodo",1
"Allard's Septic Service, Association of California Water Agencies, Atlantic Pacific",1
Alley Cat AlliesAbby Pet Hospital American Domestic Varieties Council,1
"Alliance (WMA), California Mobilehome Parkowners Alliance (CMPA)",1
Alliance California Chamber of Commerce,1
"Alliance for Boys and Men of Color, Sigma Beta Xi",1
"Alliance for Children's Rights, Children's Advocacy Institute, the Western Center on Law and Poverty",1
Alliance for Children's Rights/ California Coalition for Youth/ Children Now/ Grace Institute - End Child Poverty in Ca,1
Alliance for Community Advocacy dba Just Advocates Aspiranet,1
"Alliance for Consumer Protection, League of California Cities, Natural Resources Defense",1
"Alliance for Health, Health Plan of San Joaquin, Inland",1
"Alliance for Managed Care (Aetna, Cigna, Metra, and Prudential)",1
"Alliance for Men and Boys of Color, Sigma Beta Xi",1
Alliance for Nuclear Responsibility |Pacific Coast Federation of |California Coastkeeper Alliance,1
Alliance for Rural Community HealthAPLA Health,1
Alliance for Technology Access who's members include: Center for Public Interest Law,1
"Alliance of American Insurers, Consulting Engineers and Land Surveyors of California (CELSOC)",4
"Alliance of American Insurers: Concern, Community Bank, Pasadena",1
Alliance of American Insurers\Association of California Insurance Companies,1
"Alliance of Automobile Manufacturers, Association of International Automobile",1
"Alliance of Automobile Manufacturers, California Business Alliance, California",1
"Alliance of Automobile Manufacturers, Silicon Valley Leadership Group",1
"Alliance of California Tribes, Barona Band of Mission Indians, Blue Lake Rancheria, Bridgeport Indian Colony, Cabazon Band of Mission Indians, Cachil dehe Band of Wintun",1
"Alliance of Californians for Community Empowerment International Union, Local 721 County, and Municipal Employees",1
"Alliance of POTWs, Upper Valley Disposal",1
"Alliance, Boeing, PG&E",3
"Alliance, League of California Cities, Planning and Conservation League, Cities of Chula Vista, and National",1
"Alliance, Physicians for Social Responsibility, California League of Conservation Voters, Environment California, American Lung",1
"Alliance, Qualcomm, Rite Aid, San Diego Telecom",1
"Alliance, Surface Technology Association, Applied Materials, Analog Devices, Hewlett",1
"Alliance, Surfrider Foundation, San Luis",1
Allied Radiotelephone Utilities of California Tadlock's Communications,1
"Allied Waste Industries, California Landscape",1
"Allied Waste, American Federation of State, County, and Municipal Employees, California",1
"Allied Waste, California Refuse Removal",1
"Allied Waste, California Safe Schools, California Teamsters Public Affairs Council, Natural Resources Defense Council, Environment",1
"Allied Waste, California State Association of Counties, City of Culver City",1
"Allied Waste, Inc., California Refuse Removal",1
Alpine County and a number of county-based organizations,1
Alpine Firefighters Association Bonita Firefighters Association CA State Firefighters' Association,1
"Alta District Hospital, Association of California",1
"Alta Irrigation District , Association of California Water Agencies, Consolidated Irrigation",1
"Alternatives to Pesticides, Pesticide Education",1
"Alternatives to Toxics, Planning and Conservation League, San Francisco, Sierra Club",1
Alzheimer's Association Alzheimer's Association State Policy Office California Assisted Living Association California Collaborative for Long-term Services and,1
Alzheimer's Association Alzheimer's Los Angeles Alzheimer's Orange County Alzheimer's San Diego Association of Regional Center Agencies (ARCA) California Collaborative for Long-Term Services,1
Alzheimer's Association California Advocates for Nursing Home Reform California Assisted Living Association California Commission on Aging California Collaborative for Long-term Services and,1
Alzheimer's Association California Assisted Living Association California Collaborative for Long-term Services and,1
"Amador County Auditor-Controller Tacy Oneto Rouen, Calaveras County Auditor-Controller Rebecca Callen, Kern County Auditor-Controller-County Clerk Mary Bedard, Lassen County Auditor-Controller Diana Wemple, Mendocino County Auditor-Controller Lloyd Weer, Napa County Auditor-Controller Tracy Schulze, Orange County Auditor-Controller Eric Woolery, San Benito County Auditor-Controller Joe Paul Gonzalez, San Bernardino County Auditor-Controller/Treasurer/Tax Collector Oscar Valdez, Tehama County Auditor-Controller LeRoy M. Anderson, Yuba County Auditor-Controller Richard Eberle, California Association of County Treasurers and Tax Collectors, State Association of County Auditors",1
Amalgamated Transit Union California Professional Firefighters,1
"America's Health Insurance Plans, the Association of California Life and Health Insurance Companies and the California Chamber of Commerce",1
"America, Sonoma County Waste Management Agency, Wine Institute, Norcal Waste Systems, Inc., Gilton Resource Recovery/Transfer Facility, Inc., California Landscape Contractors",1
"America, Waterkeepers Northern California, Consumers Union, Pacific Institute for Studies",1
American Academy of Pediatrics and the Pasadena Unified School District state,2
"American Academy of Pediatrics, California and the California Police Chiefs Association",1
American Addiction Institute of Mind and Medicine/ Harm Reduction Institute,1
American Association of Retired Persons (AARP): Bet Tzedek Legal Services,1
American Association of Retired Persons - California (AARP) Consumer Federation of California (CFC),1
American Association of Retired Persons American Civil Liberties Union,1
"American Association of University Women, the California Family Health Council, Maternal Child Health Access, and Planned Parenthood Affiliates of California",1
American Cancer Society Fresno County Board of Supervisors,2
"American Cancer Society, American Heart",1
"American Cancer Society, American Heart Association, and American Lung Association",1
American Cancer Society: American Heart Association,1
American Career College/West Coast University and CAPPS,1
American Career College/West Coast University and the California Association of Private Postsecondary Schools (CAPPS) all,1
American Chemistry Council and petroleum industry groups,1
American Chemistry Council and the California Chamber of Commerce,1
"American Chemistry Council, Associated General",1
"American Chinese Restaurant Association: Delicious Food Corner, Dragon City Inc., Kun Wo Food Products Co",1
American Civil Liberties Union American Federation of State,1
American Civil Liberties Union Andre Jones,1
American Civil Liberties Union and California Newspaper,1
American Civil Liberties Union and Equality California,1
American Civil Liberties Union and other privacy rights groups,2
"American Civil Liberties Union of California American Federation of State, County and Municipal Employees (AFSCME), AFL- CIO",1
"American Civil Liberties Union of California, California New Publishers Association, Electronic Frontier Foundation",1
"American Civil Liberties Union of California, Center for Advocacy and Policy California Association of Nonprofits",1
"American Civil Liberties Union of California, Western Center on Law & Poverty, and Disability Rights California",1
"American Civil Liberties Union, California Public Defenders Association",1
"American Civil Liberties Union, California Special Districts Association, Electronic Frontier Foundation",1
"American Civil Liberties Union, Fresno Cannabis Association",1
"American Civil Liberties Union: California Medical ASsociation, The City of Long Beach",1
American College of Cardiology (ACC) and the American Heart Association (AHA),1
American College of Emergency Physicians American Federation of State,1
American College of Emergency Physicians Trauma Foundation St. Francis Medical Center of Santa Barbara Los Angeles County District Attorney Handgun Control City of Los Angeles Alameda County Board of Supervisors Alameda County Chiefs of Police and Sheriff's Association Waterford,1
"American College of Emergency Physicians, California Alliance for Consumer Protection",1
American College of Obstetricians and American Association of University Women,1
American College of Obstetricians and Gynecologists Blue Cross,1
American College of Obstetricians and Gynecologists California Catholic,1
"American College of SB 777 (O'Connell) Emergency Physicians, California Chapter",1
"American Council of Engineering Companies, Apartment Association California Southern Cities",1
"American Council of Engineering Companies, CA American Society of Civil Engineers, Region 9",1
"American Council of Engineering Companies-California, California Building Industry Association, California Business Properties",1
American Council of Engineering Cos. of CA California Pear Growers Association,1
"American Council of Life Insurers, American Electronics Association",1
American Council on Renewable Energy/Biomass Coordinating Council Athens Services,1
"American Ecology, US Ecology, Bay Area",1
American Electronics Association Amazon.Com,1
American Electronics Association Information Technology Association of America The High-Tech Trust Coalition: (ActivIdentity),1
"American Electronics Association State Teachers' Retirement System Ultratech Stepper, Inc",2
American Electronics Association |Coca-Coal Bottling Co. of Southern,1
"American Farmland Trust, Anschutz Entertainment",1
"American Farmland Trust, Anschutz Entertainment Group, Bridge",1
American Federated State County Municipal Employees (AFSCME) California Attorneys for Criminal Justice,1
American Federation of Labor and Congress of Industrial Organizations Arriba Juntos,1
American Federation of Labor and Congress of Industrial Organizations Arriba Juntos Aspiranet,1
"American Federation of Nurses, SEIU 535 American Federation of State, County and Municipal Employees",1
"American Federation of State County and California Association of Nonprofits: California Coalition for Youth, Children's Advocacy Institute",1
"American Federation of State, Asian Americans for Community Involvement",1
"American Federation of State, County and Municipal Employees (AFSCME), AFL-CIO, California Major Builders Council, California Redevelopment Association",1
"American Federation of State, County and Municipal Employees (AFSCME), AFL-CIO, California Professional Firefighters (CPF)",1
"American Federation of State, County and Municipal Employees (AFSCME), AFL-CIO, California State Association of Counties, Regional Council of Rural Counties",1
"American Federation of State, County and Municipal Employees (AFSCME), AFL-CIO, Californians Against Waste, StopWaste.Org",1
"American Federation of State, County and Municipal Employees AWARE",1
"American Federation of State, County and Municipal Employees Alameda County Waste",1
"American Federation of State, County and Municipal Employees Aspiranet",2
"American Federation of State, County and Municipal Employees Association of California Healthcare Districts Latino Mayors and Elected Officials",2
"American Federation of State, County and Municipal Employees Association of California Life and Health Insurance Companies",4
"American Federation of State, County and Municipal Employees Association of California School Administrators",1
"American Federation of State, County and Municipal Employees Association of California Water Agencies",1
"American Federation of State, County and Municipal Employees California Senior Legislature",1
"American Federation of State, County and Municipal Employees Jericho",4
"American Federation of State, County and Municipal Employees and Family Services",1
"American Federation of State, County and Municipal Employees, AFL-CIO California Association of Highway Patrolmen",1
"American Federation of State, County and Municipal Employees, AFL-CIO, Environmental Working Group, Sierra Club",1
"American Federation of State, County and Municipal Employees, American Lung Association, California League of Conservation Voters, California Public Interest",1
"American Federation of State, County and Municipal Employees, American Planning",1
"American Federation of State, County and Municipal Employees, California Federation of Teachers",2
"American Federation of State, County and Municipal Employees, California Peace Officers Association",3
"American Federation of State, County and Municipal Employees, California Rural Legal Assistance Foundation, California State Association",1
"American Federation of State, County and Municipal Employees, Lieutenant Governor Cruz",1
"American Federation of State, County and Municipal Employees, Sierra Club",1
"American Federation of State, County and Municipal Employees: Asian Law Alliance",1
"American Federation of State, County and Municipal Employees: Attorney General",1
"American Federation of State, County and Municipal Employees: California Medical Association",1
"American Federation of State, County and Municipal Employees: California Nurses Association",1
"American Federation of State, County and Municipal Employees: County of San Diego",1
"American Federation of State, County, Municipal Employees (AFSCME) California Applicants' Attorneys Association",1
"American Federation of State, County, Municipal Employees: Beyond Shelter, LA",1
"American Federation of State, County, and Municipal Employees (AFSCME) and Franchise of Americans Needing Sports",1
"American Federation of State, County, and Municipal Employees (AFSCME), AFL-CIO, Citizens",1
"American Federation of State, County, and Municipal Employees (AFSCME), AFL-CIO, Sierra",1
"American Federation of State, County, and Municipal Employees - AFL-CIO, American Lung",1
"American Federation of State, County, and Municipal Employees - United Nurses Associations of California- Union of Health Care Professionals",1
"American Federation of State, County, and Municipal Employees Courage Campaign",1
"American Federation of State, County, and Municipal Employees, AFL-CIO, American Nurses",1
"American Federation of State, County, and Municipal Employees, American Lung Association",1
"American Federation of State, County, and Municipal Employees, California League of Conservation Voters, Californians for",1
"American Federation of State, County, and Municipal Employees, Local 206 - Union of American Physicians and Dentists",1
"American Federation of State, County, and Municipal Employees, OSRAM Sylvania, Planning and Conservation League, Santa Clara Valley",1
"American Federation of State, County, and Municipal Employees, Western Municipal Water District, Long",1
"American Federation of State, County, and Municipal Employees: BayBio",1
"American Federation of State, Municipal and Federal Employees (AFSME) and the California Landscape",1
"American Forest and Paper Association, California Chamber of Commerce, California",1
American G.I Forum of California/American Legion Department of California/AMVETS-Department of California/California Association of County Veterans Service Officers/Military Officers Association of America/California Council of Chapters/Vietnam Veterans of America -California State Council,1
"American GI Forum, AMVETS - Department of California, California Association of County Veterans Services Officers, California State Commanders Veterans Council, Vietnam Veterans of America - California State Chapter",1
"American GI-Forum of California, American Legion - Department of California, AMVETS - Department of California, California Association of County Veteran Service Officers, California State Commanders Veterans Council, Military Officers Association of America - California Council of Chapters, Vietnam Veterans of America - California State Council",1
American Heart Association (sponsor)Consumer Attorneys of California,1
American Heart Association California Association for Health,1
American Heart Association Consumer Attorneys of California,1
"American Heart Association, American Cancer Society Cancer Action Network",1
"American Heart Association, Baykeeper, California",1
American Heart AssociationConsumer Attorneys of California,1
American Home Inspectors Association: California Chamber of Commerce,1
"American Import Shippers Association|Columbine Vineyards of Delano, CA",1
American Institute of Architects and the California Land Surveyors Association,3
American Insurance Association American International Group (AIG) Association of California Insurance Companies,1
American Insurance Association Insurance Agents and Brokers Legislative Council,1
"American Insurance Association, League of California Cities",1
"American Legion Department of California, California Apartment Association, California Association of Veteran Service Agencies, Construction Employers Association",1
American Legion National Guard Association of California California State Commanders Veterans Council Vietnam Veterans of America,1
American Liver Foundation's Northern California Chapter amfAR,1
American Lung Association - Inland Counties American Lung Association - Los Angeles County American Lung Association - Orange County California Contract Cities Association California Council for Environmental and Economic Balance Coachella Valley Association of Governments Coalition for Clean Air Communities for a Better Environment County of Riverside,1
American Lung Association Sierra Club,1
American Lung Association and a number of environmental and public health advocates,1
"American Lung Association in California, Breathe California, Coalition for Clean Air, NRDC, Sierra Club California, South Coast Air Quality Management District",1
American Lung Association of California Consumers Union,1
"American Lung Association of California, American Lung Association of the Inland",1
"American Lung Association of California, California Cartage Company Inc., California",1
"American Lung Association of California, California Communities Against Toxics, California Environmental Rights Alliance, Clean",1
"American Lung Association of California, California District Attorneys Association, Los",1
"American Lung Association of California, California Environmental Rights Alliance, City",1
"American Lung Association of California, California Thoracic Society, Clean Power",1
American Lung Association of California: California Dental Association,1
"American Lung Association of San Diego and Imperial Counties, California Air Pollution",1
"American Lung Association, Architects/Designers/Planners for Social",1
"American Lung Association, Bay Area AQMD, California League of Conservation Voters, Sacramento Metropolitan AQMD, Sierra Club",1
"American Lung Association, Bay Area Air Quality",3
"American Lung Association, Biodiesel Industries, Inc., Moller",1
"American Lung Association, Breast Cancer",1
"American Lung Association, Breathe California, Clean Water",1
"American Lung Association, Breathe California, Coalition for",1
"American Lung Association, California League of Conservation Voters, California Rural Legal",1
"American Lung Association, California League of Conservation Voters, California Teamsters",1
"American Lung Association, Californians Against",1
"American Lung Association, Clean Power",1
"American Lung Association, Environment",1
"American Lung Association, Sierra Club California",1
"American Lung Association, State Building and Construction Trades Council of California",1
"American Methanol Institute, Association for",1
"American Motorcyclist Association, District 37, Sports Committee, California Off-road Vehicle",1
"American Nurses Association of California, Breast Cancer Action, California League of Conservation Voters, California Medical",1
American Physical Therapy Association Children's Home of San Diego Dr. David Sutherland,3
"American Planning Association (California Chapter), California League of Conservation",1
American Planning Association - California Chapter California State Association of Counties Cities of Adelanto,1
American Planning Association - California Chapter California State Association of Counties Cities of Alameda,1
American Planning Association - California Chapter California State Association of Counties City of Adelanto,1
American Planning Association - California Chapter California State Association of Counties City of Alameda,1
American Planning Association California League of Conservation Voters California State Association of Counties Cities of Alhambra,1
American Planning Association California League of Conservation Voters California State Association of Counties City of Alhambra,1
"American Planning Association, California Chapter Defenders of Wildlife",1
"American Planning Association-California Chapter, California State Association of Counties, League of California Cities, League of California Cities-Orange County Division, City of Cerritos",1
"American Planning Association-California Chapter, League of California Cities",1
"American Planning Association-California Chapter, Planning and Conservation League",1
"American Plastics Council, AMWAY, Arrowhead, AVON, BP Amoco Chemicals, BP Polymer Corp., California Chamber of Commerce, California",1
"American Radio Relay League [SPONSOR]Cities of: Claremont, Moreno Valley, Valley of the Moon Amateur Radio ClubSanta Barbara",1
American Release Corporation: Alliance Mortgage Company,1
"American Resort Development Association, California Business Properties Association, California Escrow Association, California Land Title Association, California Mortgage Association, California Pool and Spa Association, California Taxpayers Association, Community Associations Institute California Legislative Action Committee, County Recorders Association of California, Howard Jarvis Taxpayers Assocation, National Federation of Independent Business, United Trustees Association",1
"American Resort Development Association, Fairfield Communities, Hyatt Vacation Ownership, Interval",1
American River College/West Coast University,1
American Society for the Prevention of Cruelty to Animals and the California Partnership to End Domestic Violence,1
"American Society of Appraisers, American Society of Farm Managers and Rural Appraisers",1
American Society of Civil Engineers and environmental and community groups,1
American Society of Civil Engineers-Region 9 and the Association of Environmental & Engineering Geologists write,2
"American Society of Civil Engineers-Region 9, Association of California Construction Managers, Association of California School Administrators, Atascadero Unified School District, Bakersfield City School District",1
"American Society of Corporate Secretaries, American Stock Exchange, The Depository",1
"American Society of Media Photographers Gabriel Design Group Greg Victoroff, Attorney",2
American Society of Plastic Surgeons California Medical Association,1
American Solar Energy Society |Pacific Gas and Electric Company,1
American Staffing Association/California Staffing Professionals,5
Americans for Medical Rights/Campaign for New Drug Policies,1
Americans for Safe Access (ASA) and the Southern California Coalition,1
"Americans for Safe Access, Drug Policy Alliance",1
Ameriprise Financial Association of California Life and Health Insurance Companies,1
"Amigos de Bolsa Chica, California League of Conservation Voters, California Native Plant",2
"Amo Action Committee, Department of Toxic",1
An industry coalition that includes TechNet and California Chamber of Commerce,1
"Angeles - Chief Administrative Office, The County of Los Angeles - Department of Children and Family Services, County Welfare",2
"Angeles County Board of Supervisors, Mono Lake",1
"Angeles County Board of Supervisors, Public",1
"Angeles County District Attorney's Office, Planning and Conservation League",1
"Angeles County Waste Management Association, Palm Springs Disposal Services, Peninsula",1
"Angeles County, Sewerage Agency of Southern",1
"Angeles County, Solid Waste Association of North America, Waste Management",1
"Angeles Housing Law Project, Western Center on Law and Poverty",1
"Angeles Unified School District, Mojave Desert",3
"Angeles World Airports, San Francisco International Airport, Los Angeles",1
"Angeles, Mendocino, Napa, Placer, San Joaquin, San Luis Obispo, Santa Clara, Shasta, East Bay Municipal Utility District",1
"Angeles, Menlo Park, Mill Valley, Piedmont, Santa Barbara",1
"Angeles, Planning and Conservation League, Strategic Actions for a Just Economy, Heal the Bay",1
"Angeles, Southland Legislative Alliance, and Ventura",1
"Angeles, Southland Legislative Alliance, and Ventura County Climate Hub",1
"Angeles, Women's Foundation of California, 5",1
"Angeles: Community Health Clinic, Council of Community Clinics",1
"Anheuser-Busch, Inc., Distilled Spirits Council",1
Animal Legal Defense Fund Social Compassion in Legislation,1
"Animal Protection Institute, American Anti-Vivisection Society",1
"Antelope Valley Air Pollution Control District, Bay Area Air Quality Management District, California Air Pollution Control Officers",2
"Antelope Valley Hospital WIC Program: Bay Region WIC Association, California Catholic Conference",1
Antelope Valley Mosquito & Vector Control DistrictCompton Creek Mosquito Abatement District,1
Anthem Blue Cross: Blue Shield of California,2
"Anti-Defamation League, Common Sense, and the California League of United Latin American Citizens",2
AntiochArcadia Arcata Arroyo Grande,1
"Anver Bioscience Design, Incorporated Biomeda Corporation",1
Apartment Association of Greater Los Angeles and the Santa Barbara Rental Property Association,1
"Apartment Association of Greater Los Angeles, Apartment Association of Orange County",1
"Apartment Association of Greater Los Angeles, California Association of Realtors, California",1
Apartment Association of Orange County and the East Bay Rental Housing Association,2
Apartment Association of Orange County and the East Bay Rental Housing Association write that they,2
"Apartment Association, California Association of Realtors, California Building Industry Association, California State",1
"Apartment Association, California Land Title",1
"Apartment Owners Association of California, Building Owners and Managers Association",1
Apollo Alliance and The State Building and Construction Trades,1
"Apollo Education Group, INC. & its Subsidiaries University of Phoenix, Insight",1
"Apollo Education Group, INC. & its Subsidiaries University of Phoenix, Insight Schools",1
"Apollo Education Group, INC. & its Subsidiaries University of Phoenix, Insight Schools & College for Financial Business",1
"Apple Valley, Town of Bakersfield Chamber of Commerce",1
"Apple, Cisco, Dell, IBM, Google, HP, Motorola, Xerox, the Consumer Electronics Retailers",1
Appliance Recycling Centers of America Asian Pacific Environmental Network,1
"Appliances, Highland Well Service (2 letters), Ionics (2 letters), Kinetico/AAA Water Systems (3 letters), Kiss International, Life Time",1
"Applied Compost Consulting, Inc., Browning-Ferris Industries, California",1
"Applied Compost Consulting, Inc., Browning-Ferris Industries, California Biomass (Thermal, Victorville and San Bernardino), California Refuse Removal Council, California",1
Aqua Caliente Band of Cahuilla Indians Cahto Tribe of the Laytonville Rancheria,1
Arc and United Cerebral Palsy California Collaboration Aspiranet,1
"Arcadia Police Officers Association, Burbank Police Officers Association, California Association of Highway Patrolmen, California Coalition of School Safety Professionals, Claremont Police Officers Association, Corona Police Officers Association, Culver City Police Officers Association, Deputy Sheriffs' Association of Monterey County, Fullerton Police Officers Association, Los Angeles School Police Officers Association, Murrieta Police Officers Association, Newport Beach Police Association, Palos Verdes Police Officers Association, Placer County Deputy Sheriffs Association, Pomona Police Officers Association, Riverside Police Officers Association, Riverside Sheriffs Association, Santa Ana Police Officers Association, Upland Police Officers Association",1
Area Agency on Aging (San Luis Obispo and Santa Barbara Counties) Arc California,1
"Area Agency on Aging, San Luis Obispo and Santa Barbara Association of Regional Center",1
Area I Developmental Disabilities Board (as introduced)California Association for the Education of Young Children,1
"Area XI Developmental Disabilities Board Association for Retarded Citizens, Long Beach",1
Arizona Consumer League Crime Victims United,1
Armed Forces Retirees Association of California AB 2952-Mountjoy Disabled Veterans of America-Chapter 35,1
Armed Forces Retirees Association of California CA Association of County Veterans Service Officers CA State Commanders Veterans Council,1
Armed Forces Retirees Association of California California State Commanders Veterans Council Vietnam Veterans of America,1
"Arroyo Grande, French and Marian Medical Centers",1
"Arvin-Edison Water Storage District, Association of California Water Agencies, Big",1
Asian Americans Advancing Justice: Asian Law Alliance,1
Asian Americans for Community Involvement Bay Area Legal Aid,1
Asian Law Alliance Asian Pacific Islander Legal Outreach,1
"Asian Law Alliance, San Jose California Affordable Housing Law Project, Oakland",1
Asian Pacific American Legal Board of the California Conference Board of Amalgamated Transit Union,2
Asian Pacific American Legal Center |California Teachers Association,1
Asian Pacific American Legal Center: Black Women for Wellness,1
Asian Pacific Environmental Network |Green For All,1
Asian Pacific Environmental Network |International Council of Shopping,1
Asian Pacific Islander Law Students |California Women's Agenda,1
Asian Pacific Islander Pride Council|Chinese for Affirmative Action,1
Asian Pacific Islanders for Human Rights/`Ohana House,1
"Asian, Inc., Association of Asian American Attorney and CPA Firms (SF)",1
Asset Building Strategies California Family Resource Association,1
"Assistance Foundation, Personal Insurance Federation of California, Seismic Safety Commission, Western Center on Law & Poverty",1
"Assistance League Girls'/Teen Club, Ventura: BFGoodrich Aerospace",1
Assn. for Children for EnforcementCoalition of Parent Support,1
"Assn., Calif. Citrus Mutual, Calif. Cotton",1
"Assn.of California School Administrators, California School Boards Assn., Chawanakee",1
Assoc. for California Tort ReformCA Council of Police & Sheriffs Celsoc Sheriffs,1
Assoc. of CA Water Agencies/Joint,1
"Assoc. of Professional Scientists, California League of Conservation",1
Associaiton: Congress of California Seniors,1
Associate Professor at UCB Electronic Frontier Foundation Greater Western Library Alliance Sunita Pullela Ho,1
"Associated Builders & Contractors, Building Owners and Managers Association of California, California Business",1
Associated Builders & ContractorsCA Newspaper Publishers Assoc,1
Associated Builders and Contractors - Central and Southern California Chapters and San Diego,1
"Associated Builders and Contractors - San Diego, Southern and Central California",1
Associated Builders and Contractors - Southern and Central California Chapters,1
Associated Builders and Contractors of California Associated General Contractors,1
"Associated Builders and Contractors of California, BRCO",1
"Associated Builders and Contractors of California, Coalition for Fair Employment in Construction, International Federation of Professional and Technical",1
"Associated Builders and Contractors of Northern California Associated General Contractors of America, San Diego Chapter, Inc",1
"Associated Builders and Contractors, Central California, Southern California & San Diego Chapters",1
"Associated Builders and Contractors, San Diego, Southern CA and Central Valley Chapters",1
"Associated Builders and Contractors-San Diego, Southern and Central CA Chapters",1
"Associated Builders and Contractors: San Diego, Southern California, and Central California Chapters",1
"Associated Electric & Gas Insurance Services Limited, AKA Marine & Aviation Insurance (U.K.) Limited, Great Lakes Insurance (U.K.) PLC, Heddington Insurance (U.K.) Limited, Liberty Mutual Insurance Company(U.K) Limited, Norwich Union Fire Insurance Society Limited, St. Paul Reinsurance Company Limited, Skandia International Insurance Corporation, SR International Business Insurance Company Limited, Terra Nova Insurance Company Limited",1
"Associated General Contractors (AGC) The California Chapters, Building Owners and Managers Association of California (BOMA-CA)",1
Associated General Contractors and several ready-mix concrete companies,2
"Associated General Contractors of California, Associated General Contractors (San Diego Chapter), Construction Materials Association of California, California Asphalt Pavement",1
"Associated General Contractors of California, Associated General Contractors of America - San",1
"Associated General Contractors of California, California Bankers Association, California Chamber of Commerce, California Retailers Association, California Society of CPAs, California Taxpayers Association, Cellular Telecommunications and Internet Association, Civil Justice Association of California, Computing Technology Industry Association, Council on State Taxation, Family Business Association of California, Motion Picture Association of America, National Federation of Independent Business, Tracfone Wireless",1
"Associated General Contractors, California Association of Realtors, California Building Industry Association, California Business",2
"Associated General Contractors,The Port of Long Beach San Diego Chapter",1
"Associated Students of the University of California, California State Student Association, California State University, California Teamsters, University of California",1
"Associates AIA Yuba Docs Medical Group (Nevada City) Zirbel, Dennis",1
Association (CALFA): California Nurses Association,1
"Association (CMA), the California Society of Plastic Surgeons, Inc. (CSPS), and the California Chapter of the American",1
"Association (WSPA), local air districts, environmental organizations, ARB, CEC and others",1
Association (the California Peace Officers Association),1
Association Assemblymembers Bowler and Isenberg,1
Association California District Attorneys Association,1
"Association California Health Care Districts, California Association of Catholic Hospitals",1
"Association California Health Care Districts, California Association of Catholic Hospitals, Washington",1
"Association California Healthcare Districts, California Association of Catholic Hospitals",1
Association California State Sheriffs' Association,1
Association Flasher/ Barricade Association,2
"Association Students of:: Cal State Fresno, Cal State Fullerton, Cal State Long Beach, Cal State San Diego, Cal State San Marcos, Cal State Stanislaus",1
Association and California Chamber of Commerce,1
Association and the California Association of Health Facilities are,1
Association for Children for Enforcement of Support and the National Organization for Women,2
"Association for Health Services at Home, California Hospital Association, Diabetes",1
"Association for Los Angeles Deputy Sheriffs Inc., Sacramento County Supervisor Roger Dickinson",1
"Association for Los Angeles Deputy Sheriffs, California College and University Police Chiefs Association",1
"Association for Los Angeles Deputy Sheriffs, District Attorney Investigators in Los Angeles County",1
Association for Los Angeles Deputy Sheriffs/California Association of Code Enforcement Officers/California College and University Police Chief Association/California Narcotic Officers Association/Los Angeles County Professional Peace Officers Association/Los Angeles Police Protective League /Riverside Sheriffs Association,1
Association for the Advancement of Colored People: Secretary of State,1
"Association of Bay Area Governments, Association of California Aquaculture",1
"Association of Bay Area Governments, Association of California Recycling Industries, California Association of Local Conservation",1
"Association of Bay Area Governments, League of California",1
"Association of Builders and Contractors, Western Electrical Contractors, Plumbing-Heating-Cooling",1
Association of California - 05/29/96 Association of Roofing Contractors of the Bay Area,1
Association of California Aquaculture Association,1
"Association of California Car Clubs, Inc., Association of California Water Agencies, Automotive Technicians Association, Bob's",1
"Association of California Car Clubs, Inc., Automotive Technicians Association, California",1
Association of California Construction Managers (ACCM) and the Association of Labor Compliance Professionals (ALCP),1
Association of California Healthcare Districts (ACHD) Avenidas,1
Association of California Healthcare Districts (ACHD) CA4Health,1
Association of California Healthcare Districts Blue Cross Catholic Healthcare West Kaiser Permanente,1
Association of California Healthcare Districts: Cedars-Sinai Medical Center,1
"Association of California Hospital Districts, California Association of Sanitation Agencies, California",2
Association of California Insurance Companies Farmers,2
Association of California Insurance Companies Personal Insurance Federation of California,1
Association of California Life & Health Insurance Companies : California Chamber of Commerce,1
Association of California Life and Health Insurance Companies Blue Cross,1
Association of California Life and Health Insurance Companies California Association of Health Plans,1
Association of California Life and Health Insurance Companies and America's Health Insurance Plans,3
Association of California Life and Health Insurance Companies and the California Association of Health Plans,1
Association of California Life and Health Insurance Companies: Blue Cross of California,1
Association of California Life and Health Insurance Companies: California Chamber of Commerce,1
"Association of California Life, Health, and Insurance Companies, California Taxpayers' Association",1
Association of California School Administrators (ACSA) and EdVoice,1
Association of California School Administrators California Business Properties Association,3
Association of California School Administrators and the California School Boards Association,1
"Association of California School Administrators, California School Boards Association, California Teachers",1
"Association of California School Administrators, California State PTA, California Teachers Association",1
Association of California Surety Companies Association of Roofing Contractors of the Bay Area,1
Association of California Water Agencies Baykeeper,1
Association of California Water Agencies CA Special Districts Association CA State Association of Counties Cities of: Adelanto,1
"Association of California Water Agencies, Association of California Hospital Districts",1
"Association of California Water Agencies, Bear",1
"Association of California Water Agencies, Bluewater Network",1
"Association of California Water Agencies, CA",2
"Association of California Water Agencies, Cal-Tax",1
"Association of California Water Agencies, California Association of County Treasurers and Tax",1
"Association of California Water Agencies, California Association of Sanitation Agencies, Calleguas Municipal Water District, Camarillo",1
"Association of California Water Agencies, California Association of School Business Officials, California Educational Technology Professionals Association, California State Association of Counties, San Bernardino County District Advocates for Better Schools, State Association of County Auditors",1
"Association of California Water Agencies, California Building Industry Association, California Business Properties Association, California Business Roundtable, California",1
"Association of California Water Agencies, California Chamber of Commerce, California",1
"Association of California Water Agencies, California Farm Bureau Federation",1
"Association of California Water Agencies, California Independent Grocers Association, California Water Association, Central Basin",1
"Association of California Water Agencies, California Independent Oil Marketers",1
"Association of California Water Agencies, California Municipal Utilities Association, Contra Costa",1
"Association of California Water Agencies, California Municipal Utilities Association, East Bay",1
"Association of California Water Agencies, California Professional Firefighters, California Special Districts Association, San Bernardino County District Advocates for Better Schools, San Francisco Unified School District",1
"Association of California Water Agencies, California Public Interest Research Group, Heal",1
"Association of California Water Agencies, California Special Districts Association, Sacramento Groundwater Authority",1
"Association of California Water Agencies, California State Association of Counties, League of California Cities, Pacific Genesis Group, Inc., Waterford",1
"Association of California Water Agencies, California Teachers Association",1
"Association of California Water Agencies, California Water Association",1
"Association of California Water Agencies, Castaic",1
"Association of California Water Agencies, Central Basin Municipal Water District, Three Valleys",1
"Association of California Water Agencies, Corcoran Irrigation District",1
"Association of California Water Agencies, Covina Irrigating Company, Long Beach Board of Water Commissioners, Metropolitan Water",1
"Association of California Water Agencies, League",1
"Association of California Water Agencies, League of California Cities",1
"Association of California Water Agencies, Little Hoover",1
"Association of California Water Agencies, Orange",1
"Association of California Water Agencies, Pacific Merchant",1
"Association of California Water Agencies, Richvale Irrigation District",1
"Association of California Water Agencies, San Diego",1
"Association of California Water Agencies, State",1
"Association of California Water Agencies, Western Growers Association",1
Association of California Water Agencies: California Building Industry Association,2
"Association of California Water Districts, California Rural Water Association",1
"Association of California Water Districts, Descanso Community Water District",1
"Association of California, California Church",1
"Association of California, Health Access",2
"Association of California, Lideres Campesinas, MOMS- Making Our Milk Safe, Natural Resources",1
"Association of California, Los Angeles Board of Education, Los Angeles Unified School",1
Association of California/Union of Health Care Professionals,1
"Association of Clinical Social Work, California Nurses Association, California",1
"Association of Collectors, CAL-TAX",1
Association of College and Research Libraries Association of Research Libraries Elias H Botvinick,1
"Association of Counties and the California Assessors' Association, note",1
"Association of Counties, California Oxybusters, Capital City Mopars, Communities for a Better",1
"Association of Counties, Cell Cycle, Central",1
"Association of Counties, Cities of Bellflower, Dana Point, Encinitas Chamber of Commerce, Laguna Hills, Laguna Niguel, Lakewood, Lawndale, Merced, Mission Viejo, Rancho Santa",1
"Association of Counties, Glenn County, Mariposa County",1
"Association of Counties, League of California",1
"Association of Counties, League of California Cities",2
"Association of Counties, League of California Cities, Kern",1
"Association of Counties, League of California Cities, Regional Council of Rural Counties, Urban Counties Caucus",1
"Association of Counties, League of California Cities, Western States",1
"Association of Counties, the League of California Cities, the California",1
Association of General Contractors*California Teamsters Public Affairs Council,1
"Association of Governments, Waste Management",1
"Association of Health Plans (CAHP), CalPERS, the Department of Managed Health Care (DMHC), and the California Chamber of Commerce. CAHP",1
"Association of Homes and Services for the Aging, California Grain & Feed Association, California Poultry Federation, Caterpillar",1
"Association of Independent Commercial Producers, Inc., International Alliance of Theatrical Stage Employees",1
"Association of Industry & Commerce, Inchcape",1
"Association of Industry & Commerce, International Council of Cruise Lines, International Council of Shopping Centers, Los",2
"Association of LAFCOs, Napa LAFCO, Santa Cruz LAFCO, Sierra",1
"Association of Lighting and Mercury Recyclers, Electronic Industries Alliance, Eye Lighting",1
Association of Monterey Bay Area Governments Cities of: Carmel by the Sea,1
Association of Monterey Bay Area Governments: County of Nevada,1
"Association of Non-Profit Housing, The Spanish",1
"Association of North America , The Breast Cancer Fund, Santa Clara Valley Water",1
"Association of North America, Summit Pulp & Paper Inc., Talco, Waste Management",1
"Association of Realtors, California Cattlemens Association, American Stores Company, Simi Valley Chamber of Commerce",1
"Association of Realtors, Western Center on Law",1
Association of Regional Center Agencies California Collaborative for Long-term Services and,1
"Association of Regional Center Agencies, BRIDGE Housing, California Council for Affordable Housing , California Housing Consortium, EAH Housing, Jamboree, Non-Profit Housing Association of Northern California, Related California, Resources for Community Development",1
Association of Regional Center Agencies: California Commission on Aging,1
"Association of Sanitation Agencies, CA Chamber",2
"Association of Superior California, Dudek and Associates, Inc., Epick Homes, Grupe Communities, Inc., H & D Electric, Inc., Jenamar, Live Oak Enterprises, MacKay & Somps Civil",1
Association of Trial Court Administrators of Los Angeles County: California Attorneys for Criminal Justice,1
"Association of Woodworking and Furnishings Suppliers, California Chamber of Commerce, California Wood Industry",1
Association of |City of Laverne |City of Sierra Madre,1
Association of |City of Lemon Grove |City of Sonoma,1
Association |City of Larkspur |City of Sebastopol,1
Association |City of Lathrop |City of Solana Beach,1
"Association, AFSCME, and the California School Employees",1
"Association, Alliance for Survival of Orange",2
"Association, Arch Wood Protection, CA-NA",1
"Association, BIOCOM, Bromine Science and Environmental Forum, California Breast Cancer",1
"Association, Baker Commodities, Inc., California Air Pollution Control Officers",1
"Association, Bay Area Air Quality Management Districts, South Coast Air Quality Management District, Sierra Club of",1
"Association, Bay Area Teleport, Teleport Communications Group, California Cable Television Association, and CalTel",1
"Association, Bob's Pharmacy",1
"Association, Breast Cancer Fund, Californians",1
"Association, CA Association of County Veterans Service Officers, Air Force Sergeants Association, Reserve Officers Association, American Ex-Prisoners-of-War, WAVES National, Paralyzed Veterans",1
"Association, CA League of Food Processors, CA",2
"Association, CA Water Policy Alliance, Chemical",2
"Association, CALPIRG, Environmental Health",2
"Association, CTIA - The Wireless Association, Electronic Industries Alliance, Lennox",1
"Association, California Aerospace Technology Association, California",1
"Association, California Aerospace and Technology Association, California",1
"Association, California Association of Councils",1
"Association, California Association of Homes and Services",1
"Association, California Association of Realtors, California Association of Winegrape",1
"Association, California Building Industry Association, California",1
"Association, California Building Industry, California Center for Land Recycling, California Chamber of Commerce, California",1
"Association, California Business Properties",1
"Association, California Cattlemen's",1
"Association, California Cattlemenos Association, Aetna, Prudential, Cigna and Metra",1
"Association, California Chamber of Commerce, California Farm Bureau Federation, California",1
"Association, California Chamber of Commerce, California Forestry",1
"Association, California Chamber of Commerce, California Manufacturers and Technology Association, California Society of Enrolled Agents, California",1
"Association, California Congress of Parents, Teachers, and Students, Inc., Juvenile Court",1
"Association, California Grain & Feed",2
"Association, California Home Builders, Catalina Pacific Utilities, Spiegel",1
"Association, California Hospital Association, California Optometric",1
"Association, California Industry Coalition, California Industry Council of California, California Manufacturers and Technology",2
"Association, California Labor Federation, AFL-CIO, California Public Interest Research",1
"Association, California Labor Federation, AFL-CIO, Glenn County APCD, Imperial County",1
"Association, California Labor Federation, Calstart, Climate Solutions, Environmental and Energy Study Institute, Winston Hickox, Fred",1
"Association, California Legislative Conference of the Plumbing, Heating and Piping Industry, Air Conditioning Sheet",1
"Association, California Major Builders Council, Resource Landowners",1
"Association, California Manufacturers & Technology Association, California Paint",1
"Association, California Manufacturers and Technology Association, California Association",1
"Association, California Manufacturers and Technology Association, California State",1
"Association, California Marine Parks and Harbors Association, California Refuse Removal",1
"Association, California Medical Association, Service",1
"Association, California Mining Association, Chemical Industry Council of California, Department of the Navy, Forest Resources",2
"Association, California Municipal Utilities Association, East Bay Municipal Utility District, California",1
"Association, California NOW, California Nurses",1
"Association, California Oxybusters, Capital",1
"Association, California Packaging Alliance, California Retailers Association, California",1
"Association, California Paint Council, California Retailers Association, Consumer",1
"Association, California Peace Officers",1
"Association, California Refuse Removal Council, Upper Valley Disposal & Recycling",1
"Association, California Restaurant Association, California Retailers",1
"Association, California Restaurant Association, Chemical Industry Council of California, CropLife America, Consumer Specialty Products",1
"Association, California Retailers Association, California Taxpayers' Association, California",1
"Association, California Retailers Association, General Electric, J. H. Baxter & Co., Imperial",1
"Association, California Rice Commission, California Seed Association, California State",2
"Association, California Safe Schools, California Seniors Coalition, California State",1
"Association, California State Association of Counties, Construction Materials Association of California, Consulting Engineers and Land",2
"Association, California Taxpayers Association, Wine Institute, California",1
"Association, California Trucking Association, Southern California Gas Company, Western States",2
"Association, California Warehouse Association, Fresno County Farm Bureau, Kings County Farm",1
"Association, California Water Association, City and County of San Francisco",1
"Association, California Women for Agriculture, Nisei Farmers League, Pacific Egg and Poultry",2
"Association, Center for Environmental Health, Children's Health Environmental Coalition, Common Weal Biomonitoring Center, Environment",1
"Association, Center for Environmental Health, Commonweal, Environment California, Environmental Working Group, Healthy Children",1
"Association, Center for Health Care Rights, Congress of California Dermatological",1
"Association, Children Now, Children's Advocacy",2
"Association, Children's Advocacy Institute, Natural Resources Defense Council, Physicians",1
"Association, City of Chula Vista",1
"Association, Consulting Engineers and Land",1
"Association, Consumer Specialty Products",1
"Association, Consumers Against the Hidden",1
"Association, County Clerks Association of California, League of California Cities",1
"Association, Crowley Marine Services, Inc., General Steamship Agencies, Inc., Harbor",1
"Association, DHC Corp., Dairy Institute, Dean",1
"Association, DaimlerChrysler Corporation, General Motors Corporation, San Diego",1
"Association, Department of Finance, Off-Road",1
"Association, E-Coat Recycled Paint Products",2
"Association, Engine Manufacturers Association, Pacific Merchant Shipping Association, Western",1
"Association, Estate Planning, Trust and Probate Law Section, Western Center on Law",1
"Association, First Amendment Coalition",1
"Association, Flasher/Barricade Association, Marin and Sacramento Builders' Exchanges",1
"Association, General Electric, American",3
"Association, Grocery Manufacturers of America, San Luis Paper & Janitorial Supply Company, Surface Technology Association, TOC Management",1
"Association, Healthy Children's Organizing",1
"Association, Howard Jarvis Taxpayers Association, Stop Hidden Taxes",1
"Association, IPC California Circuits",1
"Association, Inc., Wishtoyou Foundation/Ventura",1
"Association, Information Technology Industry Council, California Chamber",1
"Association, Internet Alliance, TechAmerica, Performance Marketing",1
"Association, Johnson & Johnson, Novarti",1
"Association, Kern County District Attorney's Office, Kern",1
"Association, Kern County Superintendent of Schools, Riverside County Schools Advocacy Association",1
"Association, LA County (sponsor)Sacramento County, Legislative",1
"Association, Ligand Pharmaceuticals",1
"Association, Ligand Pharmaceuticals, McClellan",1
"Association, Local 393",2
"Association, Los Angeles Area Chamber of Commerce, Mid Valley Chamber of Commerce, National Automatic Merchandising Association, Sacramento Metropolitan Chamber of Commerce, San",1
"Association, Los Banos Lumber & Sales, Lumber",1
"Association, Lutheran Office of Public Policy-California, Planning and Conservation League, Western Center on Law & Poverty",1
"Association, Milpitas Chamber of Commerce, Silicon Valley Leadership Group, Silverado Ace",1
"Association, Modern Welding Company of California, Shields, Harper & Co., Western",1
"Association, Modesto Irrigation District, San",1
"Association, Mosquito and Vector Control Association of California, Fire Districts Association of California",1
"Association, Mountain View Chamber of Commerce, Sacramento Groundwater Authority",1
"Association, National Motorists Association, California State Chapter, Freestone Properties, Inc., Recreational Boaters of California, Rentals Unlimited, Santa Clara Valley Water",1
"Association, National Motorists Association, California State Chapter, Recreational Boaters",1
"Association, OSRAM Sylvania, Panasonic",1
"Association, Olive Growers Council of California, Western Growers Association, Western Plant Health Association, Western",1
"Association, Orange County Board of Supervisors, Regional Council of Rural",1
"Association, Planning and Conservation League, Western States Petroleum Association",1
"Association, QUALCOMM, Inc., Semicondutor",1
"Association, Ramos Pipeline, Inc., Walter C. Smith Company, Inc",1
"Association, Regional Council of Rural Counties, Save Our Shasta and Scott",1
"Association, SSA Marine, Waterfront Coalition",1
"Association, Safety-Kleen, DeMenno/Kerdoon, Environmental Technology Council",1
"Association, San Diego City Attorneyos",1
"Association, San Diego County Court Employees Association, San Luis Obispo",1
"Association, Sierra Club",1
"Association, Sierra Club of California",1
"Association, Solera at Apple Valley, Third Laguna",1
"Association, Southeast Vallejo Neighbors For Action, Vallejo Chamber of Commerce, Vallejo Neighborhood Housing",1
"Association, Southern California Edison, The Boeing Company",1
"Association, State Association of County Auditors, Tahoe City",1
"Association, State Building Trades Council of California, Temple-Inland Inc., The Huston",1
"Association, Teleport Communications Group",1
"Association, USANA Health Sciences, Inc., Western Growers Association, Wine Institute",1
"Association, Union of Concerned Scientists, Natural Resource Defense Council, Medical",1
"Association, Western United Dairymen, Wine",1
"Association, Wine Institute, Western United",1
"Association, Yusen Terminals Inc., Matson",1
"Association, and American Lung Association (all)",1
"Association, and California Attorneys for Criminal Justice",1
"Association, and the Association of California Construction Managers",1
"Association, and the California Attorneys for Criminal Justice",1
"Association, and the California Manufacturers and Technology Association",1
"Association, and the California Mortgage Bankers Association also support",1
"Association, and the Silicon Valley Leadership Group, who are",1
"Association, the Asthma & Allergy Foundation of America, the California School Nurses Organization and Health Access",1
"Association, the Building Industry Credit and Supply Coalition, the California Council of Air",1
"Association, the CA Police Chiefs Association , and the CA Peace Officers",1
"Association, the California Healthcare Association, the Little",1
"Association, the California School Boards Association, the Associated of California School Administrators (ACSA), and individual school districts, have expressed opposition to both programs",1
"Association, the California Supported Living Network, and the United",1
"Association, the Chief Probation Officers of CA, and the L.A. County",1
"Association-California Chapter, Association of Bay Area",1
"Association/California, American Society of Landscape Architects, California Association of Marriage and Family Therapists, California Dental",1
Association/Foundation,1
"Association/National Nurses United (CNA), Association of Northern",1
Association/Northern California Marine Association,1
Association: California Bankers Association,1
Association: California Narcotic Officers' Association,1
"Associations of 7-Eleven Franchisees, National Franchisee Association, North American Association of SUBWAY Franchisees, Pharmacy Franchisees",1
Asthma & Allergy Foundation of America (Southern California Chapter) Beverly & Cleaners,2
"Asthma & Allergy Foundation of America, California Chapter Bayer HealthCare BIOCOM",1
Atascadero State Hospital Professional Engineers in CA,1
"Atlas Disposal, BLT Enterprises, Burrtec Waste",1
Atlas Transfer & Storage Company |Move Pros,1
Attorney General Board of Governors,1
"Attorney General Kamal Harris, BOE Member George Runner, California Association of Realtors, California Bankers Association, California Credit Union League, California Independent Bankers, California",1
"Attorney General Kamala Harris, California Association of Realtors, California Bankers Association, California Credit Union League, California Mortgage Bankers Association, California Reinvestment Coalition, California Taxpayers Association, Center for Responsible Lending, Consumers Union, Housing and Economic Rights Advocates",1
"Attorney General Xavier Becerra, California District Attorneys Association, California Labor Federation, Constantine Cannon LLP, Consumer Attorneys of California",1
"Attorney General Xavier Becerra, California Landscape Contractors Association, California State Association of Electrical Workers, California State Council of Laborers, California State Pipe Trades Council, International Union of Elevator Constructors, Little Hoover Commission, Sacramento-Sierra Building and Construction Trades Council, Service Employees International Union (SEIU California), Western States Council of Sheet Metal Workers",1
Attorney General and California District,1
Attorney General of California |Echo Park Community Coalition,1
"Attorney General's Office, Baykeepers, California Communities Against Toxics, Defenders of Wildlife, Planning and Conservation League, Santa Barbara",1
"Attorney General, California District Attorneys",1
"Attorney General, Office of California Public Utilities Commission (CPUC)",2
Attorney's Office [SPONSOR] CA Assoc. of Realtors,1
"Attorney's Office, California Association of Environmental Health Administrators, CALPIRG",1
"Attorney's Office, National Notary Association, Public Counsel",2
"Attorney, Orange County District Attorney, Shasta County Domestic Violence Coordinating",1
Attorneys Association and the California Board of Accountancy,1
Attorneys Association and the California Judges Association,1
"Attorneys Association, Association of California Insurance",1
Attorneys at Law Bighorn-Desert View Water Agency CA Association of Joint Powers Authorities CA Association of Sanitation Agencies CA School Boards Association CA State Association of Counties Cities of: Aliso Viejo,1
"Attorneys for Criminal Justice, California Public",1
"Attorneys, Counties of: Monterey, Sacramento",1
"Auditors, Small School Districts' Association, Schools",1
Audubon - California and Los Angeles,1
"Audubon California, Breathe California",1
"Audubon California, Defenders of Wildlife, California",1
"Audubon California, Resource Landowners",1
"Audubon California, Sierra Club California",2
"Audubon Society, National Wildlife Federation, Natural Resources Defense Council, Palos",2
Authority and the Upper San Gabriel Valley Municipal Water District,1
"Authority, Humboldt Waste Management Authority, Natural Resources Defense Council, Northern",1
"Authority, San Francisco Bay Area Rapid Transit District, Sierra Club-California",1
"Authority, South Coast Water District, South",1
"Autism Care and Treatment Today: Autism Research Group, Autism Speaks",1
"Auto Club of Southern California and AAA Northern California, Nevada, and Utah",1
"Auto Reliability and Safety, Consumers Union, Environment California, Global Green USA, Green",1
Automobile Club of Southern California Bowers Museum,1
Automobile Club of Southern California California State Automobile Association City of Arcadia,2
Automobile Club of Southern California and AAA Northern California,1
"Automobile Club of Southern California and AAA Northern California, Nevada, and Utah",1
Automobile Club of Southern California and the California State Automobile,1
"Avenue, Olivenhain Municipal, Rancho California, San",1
"Avondale and Glen Elder Neighborhood Association (Sacramento), Defenders of Wildlife, Sierra Club California",1
Azul\Hispanic Access Foundation,1
"Azusa, Arcadia, Bell, Burbank, Downey Police Department, El Monte, El",1
"Azusa, Banning, Burbank, Colton, Glendale, Pasadena, Riverside, Vernon, the Imperial Irrigation District, and the Los Angeles Department of Water and Power",1
"Azusa, Camarillo, Commerce, Fountain Valley, Industry, Los Alamitos, Napa, Norwalk, Redding, and Vacaville",1
BART and San Francisco Municipal Transportation Agency,2
BCC and HemaCare,1
BIOCOM Bromine Science and Environmental Forum,1
BIOCOM and the California Healthcare,1
"BIOCOM, Biotechnology Industry Organization, California Healthcare Institute, and, Pharmaceutical",1
"BIOCOM, Boeing Company, Cal Rad Forum, California Chamber of Commerce, California",1
"BIOCOM, California Chamber of Commerce, California Council for Environmental and Economic Balance, California Health Care",1
"BIOCOM, California Chamber of Commerce, California Manufacturers and Technology",1
"BOE Chair George Runner, BOE Member Diane Harkey, California Business Roundtable, California Small Business Association, California Society of Enrolled Agents, National Federation of Independent Business California, San Francisco Chamber of Commerce",1
"BOE Member Fiona Ma, AIDS Healthcare Foundation, California Association for Health Services at Home, Goodwill Industries",1
"BOE Member Fiona Ma, State Board of Equalization, California Chamber of Commerce, California Taxpayers Association",1
"BOE Member George Runner, California Association of Realtors, California Taxpayers Association, Howard Jarvis Taxpayers Association",1
"BOE Member George Runner, California Association of Realtors, Howard Jarvis Taxpayers Association",1
"BOE Member George Runner, California Common Cause, California Public Interest Research Group",1
"BOE Member George Runner, California Society of Enrolled Agents, California Taxpayers Association, Council on State Taxation, Master Limited Partnership Association, Spidell Publishing",1
"BOE Member George Runner, State Board of Equalization, California Chamber of Commerce, California Society of Enrolled Agents, California Taxpayers Association",1
BOE and the California retailers,1
BOE or CDTFA,2
"BOE, FTB and EDD",1
"Bag Company, Metabolix, Inc",1
"Bail Hotline Bail Bonds, the California Attorneys for Criminal Justice",1
Baker Manock & Jensen. Alameda County Flood Control & Water Conservation District,1
Bakersfield Chamber of Commerce Greater Stockton,1
"Bank of America, California Association of County",1
Bank of the West Comerica Bank,1
"Barbara County Board of Supervisors, Astrotech, Made with",1
"Barbara LAFCO, Santa Cruz LAFCO",1
"Barbara LAFCO, Santa Ynez River Water Conservation District, United Water",1
Barbara Rape Crisis CenterThe Resource Connection,1
"Barona Band of Mission Indians, Viejas Band of Kumeyaay Indians",1
"Basin Drainage District, Cucamonga County Water",1
"Basin Municipal Water District, City of Burbank",1
Bay Area Action & Peninsula Conservation Center Foundation CALPIRG,1
Bay Area Air Quality Management District Alameda Health Consortium,1
"Bay Area Community Land Trust, California Community Land Trust Network, California Reinvestment Coalition, Habitat for Humanity California, Haight Ashbury Neighborhood Council, Housing Land Trust of Sonoma County, Northern California Land Trust, Oakland Community Land Trust, San Diego Community Land Trust",1
Bay Area Council and the Los Angeles County Economic Development Corporation,1
"Bay Area Council, California Association of County Treasurer-Tax Collectors, California Bankers Association, California Business Roundtable, California Chamber of Commerce, California Community Banking Network, California Credit Union League, California Taxpayers Association, Howard Jarvis Taxpayers Association, Los Angeles County Business Federation, San Francisco Committee on Jobs, Silicon Valley Leadership Group, Southwest California Legislative Counsel",1
"Bay Area Council, California Association of Realtors, California Chamber of Commerce, Civil",1
"Bay Area Council, California Main Street",1
Bay Area Family of Funds and Genesis LA,1
Bay Area Immigrant Rights Coalition |Coalition for Humane Immigrant,1
Bay Area Industrial Areas California Conference for Equality and Justice,1
Bay Area Police Oversight Highway Patrol,1
"Bay Area Residents for Responsible Development, Planning and Conservation League",2
"Bay Area Residents for Responsible Development, Planning and Conservation League, Richmond",1
"Bay Area Ridge Trail Council, Bicycle Trails",1
Bay Area Stormwater Management Agencies Assoc. Calpirg,1
Bay Area Student Activists California District Attorneys Association,1
Bay Area Students Activists California State Treasurer,1
"Bay Area Water Supply and Conservation Agency, California Water Service Company",1
Bay Delta Urban Coalition: Contra Costa Water District,3
"Bay Institute, The California Central Valley Flood Control Association",1
"Bay Municipal Utility District, Heal the Bay, Natural Resources Defense Council, Planning and Conservation League, Sierra Club, City and County of San Francisco, League of Women Voters of California",1
"Bay Municipal Utility District, Heal the Bay, Natural Resources Defense Council, Planning and Conservation League, Sierra Club, Planning and Conservation League, City and County of San Francisco",1
"Bay Municipal Utility District, League of California Cities, Monterey Regional Water",1
"Bay, Healdsburg, Hermosa Beach, Highland, Huron, Laguna Hills, Lakewood, Lathrop, Livingston, Lodi, Long Beach, Los Altos Hills, Madera, Merced, Monterey Park, Moreno Valley, Mountain View, Murrieta, Newman, Norwalk, Pamona, Pasadena, Pinole, Placentia, Rancho Cucamonga, Red Bluff, Redding, Redwood City, Santa Clara, Santa Rosa, Signal Hill, South San",1
"Bay, Palm Springs/Desert, Palos Verdes/South Bay, Sacramento, San Diego County, San Francisco, Southern Pacific Region, Temecula Valley, Ventura",1
"BayBio, California Small Business Association, and National Tax Limitation Committee",1
"BayKeeper, Golden Gate Audubon Society, Sierra",1
"BayKeeper, Sierra Club, San Diego Chapter, The Ocean Conservancy",1
"Bayer HealthCare, Consumer Healthcare Products",1
"Baykeeper, California Coastkeeper Alliance, Defenders of Wildlife, Sierra Club California",1
"Baykeeper, Sierra Club, The Ocean Conservancy",1
Bayview NOW of Newport Beach and Los Angeles NOW,2
"Beach Fire Department, League of California Cities, California",2
"Beach Police Officers Association, Santa Ana Police",1
"Beach, La Mesa, Lemon Grove, National City, Poway, San",2
"Beach, Oakland and San Diego, Sea-Land Service, Inc., Star Shipping (U.S.W.C.) Inc., Trans-Pacific Lines, Western States Petroleum",1
"Beach, and Porterville: Falcon Cable TV, Cable Oakland",1
"Becket Fund, Capitol Resource Institute, Responsible Citizens Inc., Seventh-Day Adventist Church",1
"Being Alive Los Angeles, Inc. AB 205-Goldberg Billy DeFrank LGBT Community Center (San Jose)",1
"Belly Farms, Bolthouse Farms, and Dixon Ridge Farms",1
"Benicia Housing Authority, Bet Tzekek",1
Berkeley High School (Alameda Co)Paramount High School (Los Angeles Co),1
Berkeley High School (Alameda Co)Paramount High School (Los),1
"Berkeley, Livermore, and West Hollywood",1
"Berkeley, West Hollywood and Santa Monica",1
"Bernardino, San Joaquin, San Luis Obispo, San Mateo, Santa Clara, Santa Cruz, Shasta, Solano, Sonoma, Stanislaus, Ventura, Yolo, Yuba",1
"Bernardino, Upland, Yorba Linda",1
Besttrafficschool.com TrafficSchoolOnline.com,2
Bet Tzedek Legal Services and Coalition to Abolish Slavery and Trafficking,1
"Bet Tzedek, the California Advocates for Nursing Home Reform, Disability Rights California, Justice in Aging, Senior and Disability Action SF, and Western Center on Law & Poverty",1
"Beth Chayim Chadashim Congregation |AFL-CIO, Local 9000",1
Betty T. Yee California Association of Clerks and Election Officials,1
"Betty Yee, Acting Member, BOE AFSCME",1
Beverly Hills Bar Association California Labor Federation,1
Bidwell Mansion Association Association for Northern California Records and Research,1
Bike Culver City Bike Long Beach,1
"Bill Horn, San Diego County Supervisor, California Association of Realtors, California",1
"Bioscience Center, Cal Rad Forum, California Chamber of Commerce, California Health Care Association, San Diego County",1
"Bishops, the CA Partnership to End Domestic Violence, the CA Police",1
Black Advocates In State Service Chinese for Affirmative Action CoAction Communication and Diversity Community Coalition Democratic/Latino Caucus Dolores Huerta,1
"Black Brant Group, The Botswana Wildlife Producers Association (BWPA)",1
"Black Brant Group, The California Bowmen Hunters/ State Archery Association",1
"Black Brant Group, The California Deer Association",1
"Black Brant Group, The California Rice Commission",1
"Black Brant Group, The Suisun Resource Conservation District",1
"Black Brant Group, the Burbank Police Officers' Association",1
"Black Brant Group, the California Bowman Hunters",1
"Black Brant Group, the California Bowman Hunters Association and State Archery Association",1
"Black Brant Group, the California Farm Bureau Federation",1
"Black Brant Group, the California Sportsman's Lobby, Inc",1
Black Women for Wellness and NARAL Pro-Choice,1
Blaydes & Associates American Planning Association,2
"Blood Centers of California (BCC), as well as the American Red Cross",1
Blue Cross and the Association of California Life and Health Insurance Companies,1
Blue Cross of California CalChamber,1
Blue Cross of California and FHP/Take,1
Blue Cross of California and the Health Insurance Association of America,1
Blue Cross of California: Blue Shield of California,1
Blue Lake Police Departments Tulare County Board of Supervisors Handgun Control California Nurses Association California Police Chiefs' Association San Mateo County Board of Supervisors Long Beach Police Officers Association Santa Clara County Board of Supervisors Chief's of Milpitas,1
"Blue Lake Rancheria, California Nations Indian Gaming Association, California Taxpayers Association, Dry Creek Rancheria of Pomo Indians, Tule River Indian Tribe of California, United Auburn Indian Community of the Auburn Rancheria",1
Blue Shield of California and Blue Cross of California,1
Blue Water Network California Democratic Party Environmental Caucus California Wilderness Coalition,1
"Blue Water Network, Oceana",1
Bluewater Network Coastwalk,1
Bluewater Network Sierra Club,1
"Bluewater Network, California Agricultural",1
"Bluewater Network, California Independent Oil",1
"Bluewater Network, Coalition for Clean Air",1
"Bluewater Network, Friends of the Earth, Making Our Milk Safe",1
"Bluff, Redding, Rocklin, Roseville, Shasta Lake, West Sacramento, Wheatland, Woodland, Yuba City",1
"Bluff, Redding, Rocklin, Roseville, Shasta Lake, West Sacramento, Wheatland, Woodland, Yuba City Colusa County Economic Development",1
Board of Administration American Federation of State,1
Board of Behavioral Sciences: Medical Board of California,1
"Board of Directors, Marin County Hazardous and Solid Waste Management Joint Powers Authority, Natural Resources Defense Council, Norcal Waste",1
Board of Equalization (BOE) and California Veterinary Medical,1
Board of Equalization American Federation of State,1
Board of Equalization Member First District California Public Interest Research Group California Common Cause,1
"Board of Equalization Vice Chair, |Community Lutheran Chruch",1
Board of Registered Nursing (BRN) Health Access Planned Parenthood Affiliates of California The California Coalition of Nurse Practitioners (CCNP) The California Nurses Association,1
Board of Registered Nursing (BRN) and the California Nurses Association/National Nurses United are,1
Board of Supervisors County of Santa|Conejo Valley Unitarian Universalist,1
Board of Supervisors County of Santa|Conejo Valley Unitarian Universalist| |Clara,1
Board of Supervisors El Monte/South El Monte (EMSEM) Chamber of Commerce Gateway Cities Council of Governments Industrial Council Chamber of Commerce League of California Cities,1
"Board of Supervisors for Napa, San Diego, and Santa Clara Counties",3
"Board of Supervisors from Stanislaus, San Joaquin, Fresno, Madera, Tulare and Merced",2
"Board of Supervisors in San Joaquin, Placer and El Dorado Counties",1
Board of Supervisors of the City and County of San Francisco BreastfeedLA,1
"Board of Supervisors, Counties of:: El Dorado Fresno",1
"Board of Supervisors, Sebastopol, Sierra Club, ToxCo",1
"Board of Supervisors, Southern California Edison, Southwestern",1
"Boards of Supervisors of Alameda County, Tulare County, San Mateo",2
"Boards of Supervisors of Butte, Del Norte, El Dorado, Fresno, Humboldt, Mendocino, Merced, Napa, Placer, San Joaquin, San Luis Obispo, Shasta, Sonoma, Stanislaus, Yolo and (Alpert)",1
"Boards of Supervisors of Butte, Del Norte, El Dorado, Fresno, Humboldt, Mendocino, Merced, Napa, Placer, San Joaquin, San Luis Obispo, Shasta, Sonoma, Stanislaus, Yolo and Yuba Counties",1
Boards of Supervisors of:: Mendocino County Placer County,1
"Boards of Supervisors: Fresno County, Kern County, Kings County, Merced County, Stanislaus County, Tulare County, Madera County",1
"Boaters Safety Group, Western Wood Preservers",1
"Booster Clubs, the Senior Gleaners, WIND Youth Services, Society for the Blind, Disabled Sports USA, Stanford Home for Children, United Cerebral",1
"Borax, Inc., Waste Management of California, California",1
"Border Terrier Club of So. California, Borzoi Club of California",1
"Border Terrier Club of So. California, Borzoi Club of Northern California",1
"Borrego Solar Systems, California Energy Storage Alliance, California Solar and Storage Association, Engie Services U.S. Inc., Solar Energy Industry Association, Sunrun Inc., Tesla, Vivint Solar",1
Borzoi Club The Cat Care Clinic,1
Both Pacific Gas and Electric and Southern,1
"Both Pacific High School, Inc. and Private",1
Both TURN and the California Community Technology Policy Group,1
Both UC and CSU,1
Both the CalPERS and CalSTRS boards,2
Both the CalPERS and Casters boards,1
Both the California Federation of Teachers (CFT) and the Faculty Association of the California Community,2
Both the California Medical Association and the California Psychiatric Association,2
Both the Colusa Unified School,1
"Bottle Water Association, California Chamber of Commerce, California Grocers Association, California Nevada Soft Drink Association, California Taxpayers Association, Carlsbad",1
"Bottle Water Association, Latin Business",1
Brady Campaign and Brady Campaign California,1
"Brady Campaign to Prevent Gun Violence, Brotherhood Crusade",1
Brady United Against Gun Violence (National) and Brady California,1
"Branches, Peninsula Habitat for Humanity, Ralphs/Food4Less, Rural Communities Housing",1
"Brandt Company, Inc. Brawley Beef",1
"Brawley Chamber of Commerce, Caithness Energy, Geothermal Energy Association, Geothermal",1
Brea Community Hospital: California Medical Association,1
"Breast Cancer Action, Breast Cancer Fund, Environmental Working",1
"Breast Cancer Action, California Association of Sanitation Agencies, California Environmental",1
"Breast Cancer Action, California League of Conservation Voters",1
Breast Cancer Action: Breast Cancer Fund,1
"Breast Cancer Fund, Butte Environmental",1
"Breast Cancer Fund, California League of Conservation Voters, California Medical",1
"Breast Cancer Fund, Commonweal",1
"Breast Cancer Prevention Partners, California Association of Environmental Health Administrators, California Communities Against Toxics, California League Of Conservation Voters, California New Car Dealers Association",1
"Breast Cancer Watch, Marin Golden Gate Learning",1
"Breathe California of Los Angeles County, Climate Resolve, Coalition for Clean Air, Environmental Defense Fund, MoveLA, Pacific Merchant Shipping Association",1
"Breathe California, Coalition for Clean Air, Environmental",1
Breathe California: California Nurses Association,1
"Brewers (of which the Ports are a farm team), and the California",1
"Bricel Partnership, California OxyBusters, Communities",1
"Bridge the Gap, Rocketdyne Cleanup Coalition, Sierra Club California, Southern California",1
"Brightstar Environmental, California Farm",1
"Brightstar Environmental, League of California",1
"Broadcasters Association, Los Angeles Unified School District Board",1
"Broadmoor Police Department, Kensington Police",1
Browning-Ferris Industries and the Wine Institute,1
"Buckeye Conservancy, the California Licensed Foresters Association",1
"Buenaventura, San Francisco, San Luis Obispo, Santa Clara, Stockton, and Walnut Creek",1
"Buenaventura, San Luis Obispo, Santa Clara, Walnut Creek",1
Building Decarbonization Coalition and CALSTART,1
Building Decarbonization Coalition and CALSTART Background,1
"Building Decarbonization, NRDC",1
"Building Industry Assn., Calif. Mining Assn., Agri. Council of Calif., Calif. Cattlemen's",1
"Building Industry Association of San Diego County, California Taxpayers Association",1
Building Industry Association of |People Organizing to Demand,1
"Building Industry Association, California Building Officials, California Business Properties Association, California",1
"Building Industry Association, Civil Engineers and Land",1
"Building Industry Association, and California Land Title",1
"Building Network, Latino Issues Forum, Healthy",1
"Building Owners and Managers Association, California Business Properties Association, California Business Roundtable, California Independent Petroleum Association, California Manufacturers and Technology Association, California Taxpayers Association, International Council of Shopping Centers, Kern County Taxpayers Association, NAIOP of California, Orange County Taxpayers Association, San Bernardino County Transportation Authority",1
Building Systems Management and Norman & Norman,1
Building and Construction Trades Councils of Marin County and Napa-Solano Counties,1
Burbank Housing Development Corporation Charis Youth Center,1
"Burbank Housing Development Corporation, California Coalition for Rural Housing, California Rural Legal Assistance Foundation, California Housing Consortium, California Housing Partnership Corporation, California Rural Legal Assistance Foundation , Housing California, Non-Profit Housing Association of Northern California, Peoples' Self-Help Housing, Western Center on Law and Poverty, Western Growers",1
Burbank Water and Power and California Municipal Utilities,1
"Bureau Federation, California Seed Association, California Warehouse Association, Chemical",1
"Bureau Federation, California State Association",1
"Bureau, Friant Power Authority, Griset Farms, Homestead Farms Inc., League of California",1
"Bureau, Los Angeles County Farm Bureau, Madera",1
Burlingame. Daly City,1
Business & Industry Council on Emergency Planning and Preparedness California Board of Accountancy Derek Ross,1
"Business Machines, California Grain and Feed Association",1
"Business Properties Association, Consulting Engineers and Land",1
"Business Roundtable, California Chamber of Commerce, California Citrus Mutual, California",1
Business Women for |City of Laguna Hills |City of Saratoga,1
Business Women for |City of Laguna Hills |City of Sausalito,1
"Business and Professional Women Isle City, Berkeley, Grand Lake and Richmond local organizations",1
"Business, California Hotel & Motel Association, California Farm Bureau, Western Growers",1
"Businesses, San Diego Latino Business Owners, Electrical Sales",1
"Bustamante, Californians Against Waste, California Coastal Commission, Sierra Club",1
Butte County Special Districts Association CA Association of Public Cemeteries Cemetery Districts of: Auburn,1
"Buttonwillow Land and Cattle Company, California Citrus Mutual, California Cotton",1
C.A. Council of Acupuncture and Oriental Medicine Associations National Board of Acupuncture Orthopedics Shimer,1
CA American College of EmergencyBlue Cross of California Physicians,1
CA Asian Pacific Chamber of Commerce |Inland Empire Economic Partnership,1
CA Assn of County Veterans Service |and Environmental Design,1
CA Assoc. of Long Distance Cos. (sponsor)League of California,1
CA Assoc. of Long Distance Cos.League of California,1
CA Assoc. of Sheet Metal and AirLeague of CA Cities,1
CA Association of Crime Lab Directors and the CA Sexual Assault Investigators' Association,1
CA Association of Realtors (sponsor) CA Municipal Utilities Association,1
CA Association of Realtors (sponsor)Judicial Council of California,1
CA Association of RealtorsAmerican Association of University Women CA Taxpayers' Association,1
CA Association of RealtorsJudicial Council of California,1
CA Association of Recreation and Park Districts CA Independent Public Employees Legislative Council City of Moreno Valley County of Del Norte,1
CA Association of Sanitation AgenciesSan Diego Local Agency Formation CA Council of Police & Sheriffs,1
CA Attorneys for Criminal Justice and the National Jury Project,1
CA Business Alliance CA Motor Car Dealers Assn,1
CA Business Roundtable CA Retailers Assn,1
CA Cable Television AssociationPG,1
CA California International Baccalaureate Organization Coronado High School,1
CA Chamber of Commerce: CA Department of Finance,1
CA Chapter CA Association of Councils of Governments CA State Association of Counties City of Clayton,1
CA Chapter CA Central Valley Flood Control Association Natural Resources Defense Council,1
CA Chapter CA Coastal Commission CA State Association of Counties Cities of Dana Point,1
CA Chapter CA Municipal Business Tax Association CA Police Chiefs Association CA Professional Firefighters Chambers of Commerce,1
CA Chapter California Central Valley Flood Control Association Natural Resources Defense Council,1
CA Chapter Cities of Lakewood,1
CA Chiropractic Association (sponsor) Association of CA Insurance Companies,1
"CA Coalition for Electronic ReportingSEIU, AFL-CIO CA State Council",1
"CA Congress of Parents, Teachers,Bernice Bush Company and Students, Inc",1
"CA Congress of Parents, Teachers,Bernice Bush Company and Students, Inc. Direct Marketing Assn",1
CA Contract Cities Association Cities of Arcadia,1
CA Council CA Building Industry Assoc,1
CA District Attorneys Association (CDAA) and the Attorney General,1
CA Emergency Services Association CA State Association of Counties County of Alpine,1
CA Farm Bureau Federation [CO-SPONSOR] CA Chamber of Commerce,1
CA Grape & Tree Fruit League CA Chamber of Commerce,1
CA Judges Association (Sponsor) Consumer Attorneys of California,1
CA Judges Association Consumer Attorneys of California,1
CA Law Enforcement Association of Records Supervisors CA State Sheriffs' Association Los Angeles County Sheriff CA Peace Officers' Association County Sheriffs of: Alameda,1
CA Medical Association (sponsor)CA Association of Health Plans,1
CA Medical AssociationCA Association of Health Plans,1
CA Mental Health Directors Association: CA Psychological Association,1
CA Peace Officers' Association/CA Police Chiefs' Association,1
CA Professional FirefightersCities of: Association,1
CA Public Defenders Assoc. (sponsor)Consumer Attorneys of California,1
CA Public Defenders Assoc. Consumer Attorneys of California,1
CA Public Defenders Assoc.Consumer Attorneys of California,1
CA Public Defenders Association and CA Attorneys,1
"CA Public Parking Association, CA Firefighters",1
CA Retailers Association CA Seed Association,1
CA Rural Legal Assistance Foundation and Western Center on Law and Poverty,1
CA School Employees Association CA Association of Counties,1
CA Senior Legislature (cosponsor)CA Attorneys for Criminal Justice,1
"CA State Assoc. of Counties,Cities of: Camarillo",1
CA State Association of Counties (CSAC) California Professional Fire Fighters League of Women Voters of California Planning and Conservation League County of Contra Costa,1
CA State Association of Counties CA State Sheriffs' Association Counties of: Los Angeles,1
CA State Association of Counties CA Taxpayer's Association,1
"CA State Association of Counties Cities of Brea, Concord, Coronado, Elk Grove, Fremont, Lakewood, Roseville, San Luis Obispo, Selma, Signal Hill, and Torrance",2
CA State Association of Counties [SPONSOR]CA Taxpayer's Association,1
CA State Association of CountiesCA Bankers Association League of CA Cities,1
CA State Association of CountiesCA Taxpayer's Association,1
"CA State Association of Electrical Workers, CA State Pipe Trades Council, and the Western",1
CA State Commanders Veterans Council |Southern California Watershed,1
"CA State University , |City of Lemon Grove |City of Solana Beach",1
"CA State University , |City of Live Oak |Tahoe",1
"CA Taxpayers Assoc.American Institute of Architects, CA Assoc. of Realtors",1
CA Taxpayers' Assn. (Sponsor) CA State Assn. of Counties,1
CA Taxpayers' Assoc. Librarians,1
CA Teachers AssociationAssoc. of CA School Administrators,1
CACJ and CDLA,1
"CACJ, the ACLU, and the California Public",1
"CAHU, Independent Insurance Agents and Brokers Association of California, and the National Association of Insurance and Financial",1
"CAL SMACNA, California Teachers Association, Central Valley Education Coalition, Chula Vista Elementary School District",1
CALIFORNIA HEALTHY NAIL SALON COLLABORATIVE (CO-SPONOR) WORKSAFE,1
CALPIRG and the Center for Food,1
"CALPIRG, Center for Marine Conservation, East",2
"CALPIRG, Environment California",1
CANHR and DRC,1
CAOC and GM,1
"CAOC, CACJ",1
CASS Inc. CASTCO Corporation,2
CAST and other organizations,1
CCDAA/CALA/Leading Age California/SEIU/California Alliance/ UDW AFSCME Local 3930,1
CCWRO/Latinas for Reproductive Justice/Western Center on Law and Poverty,1
CCWRO/Western Center on Law and Poverty/CWDA,1
CDAA and Cal Chiefs,2
CDFA and L.A. County,1
"CFT- A Union of Educators & Classified Professionals, Children's Law Center of California",1
"CH2Hill, East Bay Municipal Utility District, Environmental Justice Coalition for Water, Long",1
"CH2MHILL, Chula Vista City Council",1
CHILD USA/CHILD USAdvocacy writes the following,2
CHP and MADD,1
CIWMB member Cheryl Peace and Sierra Club,1
CMAC and CFDA,2
COMMUNITY CORPORATION OF SANTA MONICA COMMUNITY HOUSING OPPORTUNITIES CORPORATION COMMUNITY HOUSING PARTNERSHIP,1
CPCA and CSSA,2
"CPIT, Inc. | | Cromwell & Associates",1
CRA and the California Chamber of Commerce,2
CRLA: ACLU,1
CRSP/L.A. Eco-Village,1
CSAC and CHEAC,1
CSAC and RCRC,1
CSAC/CWDA (sponsors) County of Sacramento,1
CSAC/CWDA County of Sacramento,1
CSAC/CWDA/RCRC/Urban Counties of California,1
CSL Plasma/CSL Behring,1
CSLB/BLET/IBT Rail Conference,1
CSU Student Association and the UC Student Association,1
CVMA and AVMA,2
CVS/Aetna,1
CWA Local 9199 University of California Student Association,1
"Ca Attorneys for Criminal Justice (CACJ), the ACLU, and the CA Public Defenders (CPDA) Association",1
Ca Manufacturers Assoc. & Ca Cattlemen's Assoc,1
Ca. Assoc. for Local Economic Development & City of Hesperia,1
Cal Fire Local 2881 Calbroadband,1
Cal-Tax NEUTRAL: State Board of Equalization,1
"Cal-Tax, California Manufacturers",1
CalChamber and other business organizations,1
"CalChamber, biotechnology and manufacturing companies",1
CalPERS and CalSTRS,1
CalPartners and the Alcohol Policy Network of Alameda County,2
"CalSmallBiz, Taxpayers for Improving Public Safety, and Association of Club Executives of California",1
"CalTax, California Manufacturers and Technology Association",1
"CalTax, Civil Justice Association of California, Internet Association, Silicon Valley Leadership Group, and TechNet",1
"Calaveras County Assessor Leslie K. Davis, California Assessors' Association, California Chamber of Commerce",1
Calaveras County |City of Lodi |City of South Lake,1
Calaveras County |City of Long Beach |City of Stockton,1
Calchamber California Hispanic Chamber of Commerce,1
California AB 849 (Leno) Council of Churches and California IMPACT,1
California Abortion Rights Action League California Peace Officers Association,2
California Academy of Family Physicians (CAFP): American College of Obstetricians and Gynecologists,1
California Academy of Family Physicians and the California Medical Association state,2
California Academy of Preventive Medicine and Beyond AIDS,1
California Access Coalition and Psychiatric Physicians Alliance of California,1
"California Adoption Alliance California Congress of Parents, Teachers and Students, Inc. SB 1811 (Polanco)",1
California Advocates for Nursing Home Reform California Association of Health Facilities Congress of California Seniors,1
California Advocates for Nursing Home Reform Consumer Attorneys of California AARP California Association of Regional Center Agencies California Collaborative for Long-Term Services and,1
"California Advocates, Inc., California Chamber",1
California Agricultural Commissioners and California growers,1
California Agricultural Commissioners and Sealers Association California Association of Realtors,1
California Agricultural Commissioners and Sealers Association Kern County Water Agency,1
"California Agricultural Commissioners and Sealers Association, Peace Officers Research Association of California",1
California Agricultural Teachers' Association/California Future Farmers of American Foundation,1
"California Air Pollution Control Officers Association, Independent Lubricant Manufacturers Association, South",1
California Alliance for Children and Family Services and the County of Monterey,1
"California Alliance for Consumer Protection, Computing Technology Industry Association (CompTIA), Microsoft, Tech Net",1
California Alliance for Consumer Protection: Privacy Rights Clearinghouse,2
California Alliance for Families and Children (unless California Secretary of State Bruce McPherson amended) Domestic Abuse Helpline for Men and Women,1
California Alliance for Family Farms|Morris Grassfed Beef,1
California Alliance for Pride and Equality (CAPE): Lambda Letters Project,1
California Alliance for Pride and Equality and National Center for Lesbian Rights (NCLR),1
California Alliance for Retired Americans California Alzheimer's Association,1
California Alliance for Retired Americans California Senior Legislature,1
"California Alliance for Retired Americans, the California Labor Federation, Consumers Union and Senior Action Network Supporters",1
California Alliance for Retired Americans: California Medical Association,3
California Alliance of Caregivers and Marin Foster Care Association both write that they,1
"California Alliance of Child and Family Services: California Youth Connection, Children's Advocacy Institute",1
"California Alliance of Taxpayer Advocates, California Apartment Association, Ryan LLC",1
"California Alliance of Taxpayer Advocates, Declaration Services, Inc",1
California Alliance to Protect Property Rights Desmond,1
California Alliance/Steinberg Institute/Women's Foundation of California/Women's Policy Institute,1
California Alternative Payment Program Association Bananas,1
"California Alternative Payment Program Association, Children's Foundation",1
California Alzheimer's Association California Association of Area Agencies on Aging California Chapter of the National Association of Social Workers California Collaborative for Long Term Services and,1
California Alzheimer's Association California Association of Area Agencies on Aging California Collaborative for Long Term Services and,1
California Animal Control Directors Association and State Humane Association,1
California Animal Control Directors Association and State Humane Association of California,1
California Apartment Association (sponsor)Association of California Water,1
California Apartment Association (sponsor)California Native Plant,1
California Apartment Association Association of California Water,1
California Apartment Association California Bankers Association,1
California Apartment Association |Mission Valley Bank,1
"California Apartment Association, ""It is",1
"California Apartment Association, California Association of Realtors, California Chamber of Commerce, California Manufacturers and Technology Association, California Taxpayers Association, Howard Jarvis Taxpayers Association, KernTax, Western Manufactured Housing Communities Association",1
"California Apartment Association, California Association of Realtors, California Chamber of Commerce, California Taxpayers Association",1
"California Apartment Association, California Association of Realtors, California Taxpayers Association",1
"California Apartment Association, California Association of Winegrape Growers, California Beer and Beverage Distributors, California Business Properties Association, California Chamber of Commerce, California Retailers Association, California Society of Enrolled Agents, California Tax Reform Association, California Taxpayers Association, Camarillo Chamber of Commerce, CompTIA, Franchise Tax Board, Greater Irvine Chamber of Commerce, North Orange County Chamber of Commerce, Orange County Business Council, San Gabriel Valley Economic Partnership, Spidell Publishing, Inc",1
"California Apartment Association, Office of Planning and Research",1
California Apartment Association: Kornreich-Morgen Realty Co,1
California Apartment AssociationAssociation of California Water,1
California Apartment AssociationCalifornia Native Plant,1
California Applicants Attorneys and employment lawyers,1
California Applicants Attorneys and various labor groups,1
"California Arts Advocates, California Arts Council",1
"California Arts Advocates, California Arts Council, California Association of Food Banks",1
"California Asian Chamber of Commerce, California Bankers",1
"California Assessors Association, California Apartment Association, California Chamber of Commerce, Howard Jarvis Taxpayers Association, Gofourth Family",1
"California Assessors Association, California Federation of Teachers, California Tax Reform Association, Franchise Tax Board, SEIU",1
"California Assessors Association, Cities Association of Santa Clara County",1
"California Assessors Association, Rick Auerbach, Assessor, Los Angeles County",1
"California Assessors Association, United Airlines, Alaska Airlines, American Airlines",1
California Assessors' Association Rick Auerbach,1
"California Assessors' Association, California Apartment Association, California Chamber of Commerce, Howard Jarvis Taxpayers Association",1
"California Assessors' Association, California Association of Realtors, California Professional Firefighters, California State Association of Counties",1
"California Assessors' Association, California Association of Regional Center Agencies, Howard Jarvis Taxpayers Association",1
"California Assessors' Association, California State Association of Counties",1
California Assisted Living Association California Association for Health Services At Home California Association of Public Authorities for IHSS California Collaborative for Long-Term Services and,1
California Association for Family Child Care and California Federation of Family Child Care Associations,1
California Association for Health Services At Home California Collaborative for Long-Term Services and,1
"California Association for Health Services at Home (CASAH), The University of California, California Long Term Care Ombudsman Association",1
California Association for Health Services at Home: Exceptional Parents Unlimited,1
"California Association for Health, Physical Education, California Chiropractic Association",1
California Association for Local Economic Development: California Chamber of Commerce,1
California Association for Medical Laboratory Technology and the California Association of Bioanalysts,1
"California Association for Medical Laboratory Technology, California Clinical Laboratory Association, Quest",1
California Association for Micro Enterprise Opportunity (CAMEO California Reinvestment Coalition),1
California Association for Nurse Practitioners: California Medical Association,1
"California Association of Air Medical Services, Global Medical Response (GMR), PHI Health, and REACH Air Medical Services, and Air Methods",1
California Association of Air Pollution Control Officers Association,1
"California Association of Black School Educators, California Association of School Business Officials, California Association of Suburban School Districts, California Building Industry Association, California Educational Technology Professionals Association, California Federation of Teachers",1
"California Association of CVSOs, National Association of CVSOs",1
California Association of Clerks and Elections Officials (spirce_ Secretary of State),1
"California Association of Code Enforcement Officers, California College and University Police Chiefs Association",1
"California Association of Collectors (CAC), who is co-sponsoring this measure with the Financial Counseling Association of America",1
"California Association of Community Managers, California Association of Realtors",1
"California Association of Community Managers, Community Associations Institute, California Building",1
California Association of Continuing Care Retirement Communities Continuing Life Communities,1
"California Association of County Treasurer-Tax Collectors, California Municipal Treasurers Association",1
"California Association of County Treasurer-Tax Collectors, California State Association of Countries, Santa Clara County Board of Supervisors",1
"California Association of County Treasurer-Tax Collectors, California Taxpayers Association",1
"California Association of County Treasurer-Tax Collectors, State Association of County Auditors",1
"California Association of County Treasurers & Tax Collectors, California Association of Realtors, California Taxpayers Association, City and County of San Francisco",1
"California Association of County Treasurers and Tax Collectors, California State Association of Counties",2
California Association of County Veterans' Service Officers California State Commanders Veterans Council Vietnam Veterans of America,1
California Association of Dental Plans: Delta Dental of California,1
"California Association of Enterprise Zones, California Association for Local Economic Development, City",1
"California Association of Environmental Health Administrators , Sierra Club of California",1
California Association of Environmental Health Administrators and the Health Officers Association of California,1
"California Association of Environmental Health Administrators, the Health Officers Association of California, the Association of Professional Piercers",1
"California Association of Environmental Health, Administrators, Center for Marine Conservation",1
California Association of Food Banks California Bean Shippers Association,1
"California Association of Food Banks, Western Center on Law and Poverty",1
California Association of Health Facilities (CAHF) and LeadingAge California (LA) are,1
"California Association of Health Facilities, California Business Properties Association, California League of Food Processors, California Restaurant Association, California",2
"California Association of Health Facilities, California Medical Association, California Nurses",1
California Association of Health Facilities/ California Hospital Association,1
California Association of Health Facilities/California Center,1
California Association of Health Plans (CAHP) and the Association of California Life and Health Insurance Companies (ACLHIC) have taken an,1
"California Association of Health Plans (CAHP), the Association of California Life and Health Insurance Companies, and America's Health Insurance Plans",1
California Association of Health Plans and America's Health Insurance Plans are,1
California Association of Health Plans and the Local Health Plans of California (LHPC),1
"California Association of Health Plans: Health Net, United Health Care",1
California Association of Health Underwriters and American Medical Group Association,1
California Association of Health Underwriters and the California Medical Association,1
"California Association of Health Underwriters: California Chamber of Commerce, Health Net",1
California Association of Highway Patrolmen California State Automobile Association,1
California Association of Homes and Services for the Aging (CAHSA) and the California Hospital Association,1
California Association of Hospitals and Health Systems (CAHHS) FHP Health,1
California Association of Hospitals and Health Systems Pacificare,1
"California Association of LAFCOs, Association of California Water Agencies",1
"California Association of LAFCOs, Orange County LAFCO, Alamo",1
"California Association of LAFCOs, Orange LAFCO, Broadmoor Police Protection District",1
"California Association of LAFCOs, Orange LAFCO, SB 272",1
"California Association of LAFCOs, Planning and Conservation League",1
California Association of Local Agency Formation Commissions Association of California Healthcare Districts,1
"California Association of Local Agency Formation Commissions, Fair Political Practices Commission, Orange LAFCO, San Diego LAFCO, Santa",1
California Association of Local Conservation Corps California League of Conservation Voters,1
California Association of Marriage and Family Therapists and California Association for Licensed Clinical Counselors,1
California Association of Medical Laboratory Technologists Engineers and Scientists of California,1
California Association of Nonprofits California Association of School Business Officials (CASBO) California Charter Schools Association California Collaborative for Long-term Services and,1
California Association of Nonprofits and NextGen California,1
"California Association of Nonprofits, Larry Brown Kids and Veteran Fishing Programs",1
"California Association of Nonprofits, League of California",1
"California Association of Nonprofits, Planet Aid, U'SAgain",1
California Association of Park & Recreation Commissioners & Board Membersl California Association of Recreation and Park Districts,1
"California Association of Patrolmen, Peace Officers Research Association of California (PORAC)",1
California Association of Physician Groups: Health Net,1
California Association of Port Authorities Pacific Merchant,1
"California Association of Port Authorities, City of Sacramento",1
"California Association of Port Authorities, Greater Oxnard Economic Development Corporation, Pacific",1
California Association of Private Postsecondary Schools Public Counsel,1
"California Association of Professional Scientists (CAPS), UAW",2
California Association of Professional Scientists Coastwalk,1
California Association of Professors of Special Education/CEC Teacher Education Division,1
California Association of Psychiatric Technicians and the Riverside County Deputy District Attorneys Association,1
California Association of Public Authorities for (IHSS (CAPA) California Continuing Care Residents Association CALCRA),1
California Association of Public Hospitals and Health Systems: California Catholic Conference,1
California Association of Realtors American Civil Liberties,1
California Association of Realtors and California Land Title Association,1
California Association of Realtors and the California Professional Firefighters,1
"California Association of Realtors, California Building",1
"California Association of Realtors, California Building Industry Association",1
"California Association of Realtors, California Land Title",1
"California Association of Realtors, California Rental Housing Association",1
"California Association of Realtors, East Bay Municipal Utility",1
"California Association of Realtors, Howard Jarvis Taxpayers Association",1
California Association of Realtors. California Chamber of Commerce,1
"California Association of Recreation and Park Districts, California Rural Legal Assistance Foundation, California Special Districts",1
"California Association of Regional Occupational Centers and Programs, California Association of School Business Officials",1
"California Association of Regional Poison Centers, Napa County Medical Society",1
California Association of Retail Tobacconists California Hospital Association,2
California Association of Sanitation Agencies and the Orange County Sanitation District,1
"California Association of Sanitation Agencies, California Coastkeeper Alliance, Inland Empire Utilities Agency",1
"California Association of Sanitation Agencies, California Committees Against Toxics, California Environmental Rights Alliance, California Safe Schools, Center for",1
"California Association of Sanitation Agencies, California Manufacturers and Technology Association",1
"California Association of Sanitation Agencies, California Special Districts Association",1
"California Association of Sanitation Agencies, Calleguas Municipal Water District, Castaic",2
"California Association of Sanitation Agencies, Camarillo Sanitary District, Carmel Area",1
"California Association of Sanitation Agencies, Carmel Area Wastewater District, Central Contra",1
"California Association of Sanitation Agencies, Clean Water Action",3
California Association of School Business Officials (CASBO) California Charter Schools Association California Collaborative for Long-term Services and,1
"California Association of School Business Officials, Davis Joint Unified School District, California Teachers Association",1
"California Association of School business Officials, Child Nutrition Research and Development State",2
"California Association of State Auditors, Solano County Auditor-Controller",1
California Association of State Hospital Parent: Councils for the Retarded Hope Services,1
California Association of Student Councils (prior version) GENup,1
California Association of Suburban School Districts PTA,1
California Association of Temporary and Staffing Services California Chamber of Commerce Department of Industrial Relations The Following Temporary Employment Agencies: Access Staffing,1
California Association of Wheat Growers California Autobody Association,1
"California Association of Wine Grape Growers, California Taxpayers Association, California Business Properties Association, California Society of Enrolled Agents, California Trucking Association, Family Business Association of California, Family Business Association of California, Greater Irvine Chamber of Commerce, Kern County Taxpayers Association, Orange County Taxpayers Association, Ryan Inc., San Gabriel Valley Economic Partnership, Sutter County Taxpayers Association",1
California Attorneys for California Public Defenders Association,3
California Attorneys for Criminal Justice American Civil,1
California Attorneys for Criminal Justice California Civil Liberties Advocacy,1
California Attorneys for Criminal Justice California Probation,1
California Attorneys for Criminal Justice Neutral: California District Attorneys Association,1
California Attorneys for Criminal Justice and YouthBuild,1
California Attorneys for Criminal Justice and the San Francisco Public Defender,1
"California Attorneys for Criminal Justice, California Public",1
"California Authority of Racing Fairs, Fairplex and Los Angeles County Fair",1
"California Automatic Vendors Council: California Chamber of Commerce, California Grocers Association",2
California Bail Agents Association and Capital City,1
California Bankers Association (Section 1) Real Estate Tax Services,1
California Bankers Association (if amended) Western League of Savings,1
California Bankers Association and the California Credit Union League,1
California Bankers Association and the Silicon Valley Leadership Group,1
"California Bankers Association, California Credit Union League",1
"California Bankers Association, California Taxpayers",1
"California Bankers Association, Citigroup, Inc",1
"California Bankers Association, the bill",1
California Beer and Beverage Distributors California Cast Metals Association,3
California Bicycle Coalition California Association of Bicycling Organizations,1
California Bicycle Coalition California Motorcycle Association,1
California Bicycle Coalition Rails-to-Trails Conservancy,1
California Biomass Energy Alliance Calpine Corporation,1
California Biomass Energy |Rio Bravo Jasmin,1
"California Board of AB 1589 (Simitian) Pharmacy, California Medical Association",1
"California Breast Cancer Organizations: California Nurses Association, The Greenlining Institute",1
California Broadcasters Association California Innocence Coalition,1
"California Builders Exchange, Engineering & Construction Co., Inc",1
"California Building Industry Association & California Business Properties Association, Trust for Public Lands",1
California Building Industry Association California Major Builders Council,1
California Building Industry Association Claremont Homes,1
California Building Industry Association and the California Apartment Association,1
"California Building Industry Association, Building Industry Association of the San Joaquin Valley",1
"California Building Industry Association, California Apartment Association, California Business",1
"California Building Industry Association, California Chamber",1
"California Building Industry Association, California Chamber of Commerce",1
"California Building Industry Association, California Chamber of Commerce, California",1
"California Building Industry Association, California Coalition for Rural Housing, California Housing",1
"California Building Industry Association, California Coalition for Rural Housing, California Rural",1
"California Building Industry Association, California Forestry Association, California Mobilehome",1
"California Building Industry Association, Consulting Engineers and Land Surveyors of California, California Business Properties Association",1
"California Building Industry Association, Department of Real Estate",1
"California Building Industry Association, Imperial County Board of Supervisors",1
"California Building Industry Association, State Fire Marshal",1
California Building Officials |Planning and Conservation League,1
California Building Officials |Powerlight Solar Electric Systems,1
"California Building Officials, Building Owners and Managers Association",1
"California Building Officials, California Energy",1
"California Building Officials, California Fire",1
"California Building Standards Commission, California Housing Finance Agency, California Straw",1
"California Bus Association Quest Transportation, Inc",1
California Business Incubation Network and Fourth Dimension Incubators,1
California Business Incubation Network and Fourth Dimension Incubators of Northern California,2
California Business Properties Association California Cable and Telecommunications Association,1
California Business Properties Association and the Institute of Real Estate Management,1
"California Business Properties Association, California Business Roundtable, California Chamber of Commerce, Howard Jarvis Taxpayers Association",1
"California Business Properties Association, California Retailers Association, Solid Waste",1
"California Business Properties Association, East Bay Municipal Utility District, Metropolitan Water District of Southern",1
"California Business Properties Association, Merchants 2000, Westwood 2000, Los Angeles Business",1
California Business RoundtableCalifornia Mortgage Bankers Association,1
"California CASA Association: California Youth Connection, Children Now, Children's Advocacy Institute",1
California California Teachers Association CFT - A Union of Educators & Classified Professionals,1
California Cannabis Industry Association (CCIA) and a large number of cannabis companies,1
"California Cannabis Industry Association, Consortium Management Group",1
California Cannabis Industry Association: California NORML,1
California Capital CFIDS Association,1
California Carbon Capture Coalition and the Western States Petroleum Association,1
"California Carbon Solutions Coalition (including the California & Nevada State Association of Electrical Workers, California State Pipe Trades Council, Calpine, Carbon Terravault, Clean Energy Systems, Pacific Gas and Electric Company, and the Southern California Gas Company,)",1
California Catholic Conference Housing California,1
California Catholic Conference and Catholic Charities of California,1
California Catholic Conference and the Right to Life League,1
"California Catholic Conference, California Therapeutic",1
"California Catholic Conference, Inc.: California Commission on Aging",1
California Catholic Conference: Children's Advocacy Institute,1
California Cattlemen's Association Resource Landowners Coalition,1
California Cattlemen's Association |Hawaii Korean Chamber of Commerce,1
"California Cattlemen's Association, Cal-Tax, Howard Jarvis Taxpayers Association",1
"California Cattlemen's Association, California Chamber of Commerce, California Farm Bureau Federation, California Water Service",1
"California Cattlemen's Association, The Paladin Group of Palm Springs",1
California Center for Law and the Deaf California School for the Deaf,2
California Certified Organic Farms |National Center for Appropriate,1
California Chamber of Commerce California Self-Insurers Association,1
California Chamber of Commerce Construction Employers' Association FISCAL COMMITTEE: Senate Appropriations Committee [1] Under Article I,1
California Chamber of Commerce Encino Chamber of Commerce,1
California Chamber of Commerce International Union,1
California Chamber of Commerce Printed Circuits Alliance,1
California Chamber of Commerce SB 193-Maldonado California Space Authority,1
California Chamber of Commerce and California Association of Realtors,1
California Chamber of Commerce and Health Access California,1
California Chamber of Commerce and Safety (CARS) California Employment Law Council,1
California Chamber of Commerce and a coalition of organizations,1
California Chamber of Commerce and other employer organizations,1
California Chamber of Commerce and the Alliance of Catholic Health Care,1
California Chamber of Commerce and the California Manufacturers Association,2
California Chamber of Commerce and the Construction Employers' Association,1
California Chamber of Commerce and the National Federation of Business,1
California Chamber of Commerce and the Natural Resources Defense Council,1
California Chamber of Commerce' California Taxpayers Association,1
"California Chamber of Commerce, Attorney General of California",1
"California Chamber of Commerce, California Bankers",1
"California Chamber of Commerce, California Farm",1
"California Chamber of Commerce, California Film",1
"California Chamber of Commerce, California Grocers Association, Grocery Manufacturers/Food Products Association (GMA/FPA)",1
"California Chamber of Commerce, California Taxpayers Association, Taxation Section of the Business Law Section of the State Bar of California",1
"California Chamber of Commerce, Howard Jarvis Taxpayers Association",1
"California Chamber of Commerce, Irvine Chamber",1
"California Chamber of Commerce, Irvine Chamber of Commerce",1
"California Chamber of Commerce, National Federation of Independent",1
"California Chamber of Commerce, Western States Petroleum Association",1
California Chamber of Commerce: California Grocers Association,1
California Chamber of Commerce: Farmers Insurance Group,1
California Chapter Bay Area Council University of California,1
California Chapter California Medical Association Emergency Nurses Association,2
California Chapter California State Association of Counties Cities of Alhambra,2
California Chapter California State Association of Counties League of California Cities Cities of Garden Grove,1
California Chapter California State Association of Counties League of California Cities League of California Cities,1
"California Chapter Maternal and Child Access Project, Los",1
"California Chapter of the American College of Emergency Physicians, and the Association of California Healthcare Districts",1
"California Chapter of the American Planning Association, Sierra Club California",1
"California Chapter, American College of Emergency Physicians Consumers Union",1
California Chapters Giffords Law Center to Prevent Gun Violence Physicians for Social Responsibility,1
California Chapters of the Brady Campaign to Prevent Gun Violence Community Against Gun Violence,1
California Chapters of the National Electrical Contractors Association California Pipe Trades Council,1
California Chapters of the National Electrical Contractors Association and the Building Industry Credit and Supply Corporation,1
California Charter School Association and the Charter School Development Center,1
California Charter Schools Association and HopSkipDrive,1
"California Children and Families Commission, California Medical Association, California State",1
California Children's Health Initiatives Children Now,1
California Children's LobbyCalifornia National,1
California Chiropractic Association Southern California University of Health Science,1
California Chiropractic Association: California Medical Association,1
California Chiropractic Association: California Women Lawyers,1
California Church IMPACT/California Council of Churches,1
California Citrus Mutual California Walnut Commission,1
California Cleaners Association: California Bankers Association,1
California Clinical Laboratory Association (CCLA) and Quest Diagnostics,1
California Coalition for Immigration Reform American Civil Responsibilities Union,1
California Coalition for Youth California Court Appointed Special Advocate Association,1
California Commission on Aging California Hospital Association,1
California Commission on Aging: California Dental Association,2
California Commission on the Fair Administration of Justice National Black Police Association Friends Committee on Legislation American Civil Liberties Union The Justice Project,4
California Commission on the Status |EarthWorks Enterprises,1
California Common Cause: Health Access California,1
California Communities Against Toxics California League of Conservation Voters Natural Resources Defense Council Sierra Club California Union of Concerned Scientists,1
"California Communities Against Toxics, California League of California Voters, Center",1
"California Communities Against Toxics, California Safe Schools, Center on Race, Poverty, and the Environment, Clean Power",1
"California Communities Against Toxics, Sierra Club California",1
"California Communities Against Toxins, California Environmental Rights Alliance, Sierra Club California",1
California Communities United Institute California Equity Leaders Network,1
California Communities United Institute California Women Lawyers,1
California Communities United Institute: California Labor Federation,1
"California Communities United Institute: California Senior Legislature, Community Health Partnership",1
California Community Colleges California Federation of Teachers,1
California Community Colleges Los Angeles Unified School District Student Senate for California Community Colleges,1
California Community Colleges The California State University,1
California Community Colleges and the California Nurses Association,1
California Conference Board of Amalgamated Transit Union Engineers and Scientists of California,3
California Conference Board of the Amalgamated National Organization for the Reform of Marijuana Laws,2
California Conference Of Machinists Cities of: Coalinga,1
California Conference Of Machinists San Diego Gas & Electric,1
"California Conference of Directors of Environmental Health, California Department of Public Health",1
California Conference of Machinists California Nurses Association,1
California Conference of Machinists California Teamsters,1
"California Conference of Machinists: California Labor Federation, California Nurses Association",1
"California Congress of Parents, Teachers, and Students, Inc. California District Attorneys Association",1
California Consortium of Addiction Programs and Professionals Mayor Todd Gloria,1
"California Constitutional Revision Commission, League of California Cities",1
"California Construction Trucking Association, California Tow",1
California Contract Cities Association Cities of Artesia,2
California Contract Cities Association Cities of Bellflower,1
California Contract Cities Association Cities of Carson,1
California Contract Cities Association City of Bellflower,1
California Contract Cities Association City of Carson,1
California Contract Cities Association Independent Cities Association Association of Los Angeles Deputy Sheriffs,1
California Contract Cities Association Independent Cities Association League of California Cities Siskiyou League of Cities Southern California Association of Governments Association for Los Angeles Deputy Sheriffs,1
"California Contract Cities Association, Cities",1
California Contract |City of Lake Forest |City of Scotts Valley,1
California Contract |City of Lakeport |City of Seal Beach,1
California Correctional Peace OfficersCalifornia Attorneys for Association,1
California Council for Environmental & Economic Balance (CCEEB) Manatt,1
California Council for Environmental and Economic Balance California Manufacturers and Technology Association,2
"California Council for Environmental and Economic Balance, California Farm Bureau",1
"California Council for Environmental and Economic Balance, California League of Conservation Voters, California Rural Legal",1
"California Council for Environmental and Economic Balance, California Manufacturers and Technology Association, DeMenno/Kerdoon, Environmental Technology Council, Evergreen",1
"California Council for Environmental and Economic Balance, California Manufacturers and Technology Association, GenCorp and Lockheed",1
"California Council for Environmental and Economic Balance, California Space Authority, Department of the Navy, Engineering",1
"California Council for Environmental and Economic Balance, Southern California Edison, Western States Petroleum Association",1
California Council for the Blind Gray Panthers,1
California Council of Chapters California State Commanders Veterans Council Amvets,1
California Council of Community Behavioral Health Agencies Hillsides,1
"California Council on Environmental and Economic Balance, Pacific Gas and Electric, Foss Plating Company, Norcal Waste Systems, Santa Clara Valley Water District, Southern",2
"California Council, CardLogix, Cebe Poultry",1
California Credit Union League American Legion-Department of California,1
"California Democratic Party, LGBT |Filipinos for Affirmative Action",1
"California Democratic Party, LGBT |Filipinos for Affirmative Action | |Caucus",1
California Dental Assistants Association and California Extended Functions Association are,1
California Dental Association Children Now,1
California Dental Association and supported by the Children's Partnership,1
California Dental Association and the California Chamber of Commerce,1
"California Dental Association, California Association of Micro Enterprise Opportunity and Small Business Majority",1
California Dental Association: California Medical Association,1
"California Department of Corporations, Health Net, Blue Cross of California, California Association of HMOs, Inc., Health",1
"California Department of Insurance (CDI), sponsor with Equality California",1
"California Department of Insurance/ Ricardo Lara, Insurance Commissioner California Community Foundation",1
"California Department of Transportation, California Transportation Association, Planning and Conservation League",1
California Disability Alliance California Employment Lawyers Association,1
California District Attorneys Association Crime Victims Action Alliance,1
"California District Attorneys Association, California Bankers",1
"California District Attorneys Association, Orange County District Attorney",1
"California District Attorneys Association, Orange County Transportation Authority",1
"California District Attorneys Association, Peace Officers Research Association of California (PORAC)",2
"California District Attorneys Association, San Bernadino County Sheriff's Department, the Attorney Generalos Office",1
"California District Attorneys Association, the L.A. District Attorney, and the Crime Victims Action Alliance",1
California District Attorneys Association: California Narcotic Officers' Association,1
California District Attorneys AssociationCalifornia Association of Harriett Buhai Center for Family Law,1
California District Attorneys AssociationCalifornia Association of Photocopiers and,1
California District IX American Federation of State,1
California District of the American Academy of Pediatrics Children Now,1
"California District of the American Academy of Pediatrics, California League for Environmental",1
California Division California Dental Association,1
"California Division of Forestry Firefighters (CDF), the California Professional Firefighters",1
California Dump Truck Owners Association and the Western States Petroleum Association,1
"California Edison Company, California Chamber",1
"California Edison Company, California Chamber of Commerce",1
"California Edison Company, Southern California Gas Company, Sprint",1
"California Edison, ARCO, Western Crop",3
California Efficiency + Demand Management Council California Energy Storage Alliance,1
California Employment Law Council Consumer Attorneys Of California Taxpayers Association California,1
California Employment Law Council Consumer Attorneys of California Manufacturers Association California,1
California Employment Lawyers Association and Equal Rights Advocates are,1
"California Employment Lawyers Association, First 5 California, and Legal Aid at Work",1
California Employment Lawyers and Equal Rights Advocates are,1
"California Engineers and Scientists of California: MEBA,AFL-CIO",1
California Environmental Justice |Communities for a Better Environment,1
"California Environmental Justice |Public Employees Union, Local One",1
"California Environmental Justice |Public Employees Union, Local One | |Alliance",1
California Environmental Justice |Renewable Funding,1
"California Environmental Rights Alliance, California Film Extruders and Converters",1
"California Environmental Rights Alliance, California League of Conservation Voters, California Communities Against Toxics, California Safe Schools, Center for",1
"California Environmental Rights Alliance, California Safe Schools, Center for",1
"California Escrow Association (CEA), California Land Title Assn",1
California Escrow Association and California Land Title,1
"California Escrow Association, California Land Title Association",1
"California Escrow Association, California Land Title Association, California Mortgage Association, California Pool and Spa Association, California Taxpayers Association, County Recorders' Association of California",1
"California Faculty Association, California State Students Association, California Teamsters Public Affairs Council, Mobile Modular",1
"California Faculty Association: California Common Cause, Congress of California Seniors, Protection and Advocacy Inc., L.A. Gay and Lesbian Center",2
"California Families, and the Capitol Resource Institute",1
California Farm Bureau Federation |Hedley Construction and Development,1
"California Farm Bureau Federation, American",1
"California Farm Bureau Federation, Contra Costa County Board of Supervisors",1
"California Farm Bureau Federation, Nickel Enterprises, Western Growers Association and San Luis Obispo County Farm Bureau",1
"California Farm Bureau Federation, Resource Landowners Coalition, The Nature Conservancy",1
"California Farm Bureau and the American Federation of State, County and Municipal Employees (AFSCME)",1
"California Federation AFL-CIO,Episcopal Diocese of Los",1
"California Federation AFL-CIO,Episcopal Diocese of Los Angeles",1
California Federation for Animal Legislation: State Lands Commission,1
California Federation of Labor Unions and SEIU California,2
California Federation of Republican Women Community Associations Institute,1
California Federation of Teachers (CFT) California Labor Federation (CLF) California Teachers Association (CTA) LIUNA Local 777 Service Employees International Union (SEIU),1
California Federation of Teachers California School Employees Association,1
California Federation of Teachers |First Congregational Church of |California Immigrant Policy Center |Berkeley,1
"California Federation of Teachers, |Small School Districts' Association",1
California Federation of Teachers: PERS Board of Administration,1
California Fence Contractors' Association California Furniture,1
California Fence Contractors' Association Engineering Contractors' Association,1
California Fence Contractors' Association Flasher/Barricade Association,1
California Fire Chiefs Association & Fire Districts Association,1
California Firefighters: California Medical Association,1
California Fish and Game Warden Supervisors and Managers Association California Statewide Law Enforcement Association,1
California Forestry Association (Calforests) and the California Chamber of Commerce,3
California Forestry Association |Rio Bravo Rocklin,1
"California Fraternal Order of Police, Los Angeles County Professional Peace Officers Association, Long Beach Police Officers Association, Santa Ana Police Officers Association",1
"California Funeral Directors of California, Interment Association of California",1
California Grape & Tree Fruit League Adobe Creek Packing Company American Federation of State,1
"California Grocers Association 7-Eleven, Inc",1
California Grocers Association California State Association of Counties,2
California Grocers Association and California Retailers Association,1
"California Head Start Association, California Manufacturers and Technology Association, California Retired Teachers Association, California School Boards Association",1
California Health+ Advocates: California Nurse Midwives Association,1
"California Health+Advocates, California Society of Pediatric Dentistry",1
"California Health+Advocates, California State Association of Psychiatrists",1
California Healthcare Association and Blue Shield of California,1
California Healthcare Institute: Stanford Hospital & Clinics,1
"California Healthy Nail Collaborative: Brentwood Hand Car Wash, Casa Verde Pediatrics, Inc",1
California Healthy Nail Salon Collaborative and Asian Health Services,1
California Highway Patrol California Medical Association,1
"California Highway Patrol, Orange County Sheriff's Department and the Coto de Caza security force",1
California Hospice and Palliative Care Association CalPACE,1
California Hospital Association (CHA) and the District Hospital Leadership Forum are both,1
California Hospital Association (CHA) and the University of California (UC),1
California Hospital Association and the State Board of Optometry would,1
California Hospital Association: California Labor Federation,1
California Hospital Association: Children's Hospice,1
"California Hotel & Lodging Association, California Travel Association",1
California Hotel and Lodging Association and the California Association of RV Parks and Campgrounds (CalARVC),2
"California Housing Finance Agency, Matt Fong, State Treasurer",1
"California Immigrant Policy Center , ACLU Center for Advocacy & Policy - California, Asian Americans Advancing Justice, Brightline Defense, California Asian Chamber of Commerce, California Landscape Contractors Association, California Reinvestment Coalition, California Rural Legal Assistance Foundation, Coalition for Humane Immigrant Rights, East Bay Community Law Center, Educators for Fair Consideration, Lawyers' Committee for Civil Rights of the San Francisco Bay Area, Mission Asset Fund, Public Counsel, Sustainable Economies Law Center",1
California Immigrant Policy Center |Berkeley,1
"California Immigrant Policy Center, San Ysidro Chamber of Commerce",2
California Immigrant Welfare Collaborative: Children's Advocacy Institute,1
California Independent Oil -Machado,1
California Independent Petroleum Association Christopher Hoyt,1
"California Indian Center Squier Properties, Santa",1
"California Institute of Technology, Stanford University, the University of California and the University of Southern California",1
California Insurance Commissioner Reinsurance Association of America,1
California Integrated Waste Management Board and the League of California Cities,1
California Interfaith Power & |Powerlight Solar Electric Systems,1
California Judges Association Alameda County Superior Court Judges: Brick,1
California Judges Association California Advocates,1
California Judges Association California Defense Counsel Consumer Attorneys of California This organization,1
California Judges Association GTE - California,1
California Judges Association and Legal Aid Foundation of Long Beach,1
California Judges Association and the California Public Defenders Association (CDPA),1
"California Judges Association, Consumer Attorneys of California",1
"California Judges Association, Los Angeles Municipal Court Judges' Association",1
California Labor Federation Latino Coalition for a Healthy California,1
California Labor Federation and California Applicants,1
California Labor Federation and Consumer Attorneys of California,1
California Labor Federation and United Food and Commercial Workers,1
California Labor Federation and the Western,1
"California Labor Federation, AFL-CIO California Professional Firefighters",1
"California Labor Federation, AFL-CIO California Teamsters",1
"California Labor Federation, AFL-CIO, California Applicants",1
"California Labor Federation, AFL-CIO, Single Parents United 'N Kids",1
"California Labor Federation, California State Association of Counties, League of California Cities, Non-Profit Housing Association of Northern California, State Building and Construction Trades Council",1
"California Labor Federation, Neighborhood Market Association",1
"California Labor Federation, SEIU",1
"California Labor Federation, Service Employees International Union, California State Council, and United Food and Commercial Workers, Western",3
"California Labor Federation, along with SEIU California, UFCW Western",2
"California Land Title Association, California League",1
"California Land Title Association, California Mortgage Association",1
California Large Energy Consumers Association Environment California,1
California Large Energy Consumers Association Etagen,1
California Latino Legislative Caucus: California Medical Association,1
California Law Revision Commission Business Law Section,1
California Law Revision Commission State Bar of California,1
California Law Revision CommissionCalifornia Association of (Sponsor) Bank of America,1
California Law Revision CommissionCalifornia Association of Collectors,2
California Lawyers Association California Dispute Resolution Council,1
"California Lawyers Association, Business Law Section, Nonprofit Organizations Committee and Corporations Committee",1
"California Lawyers Association, Litigation Section and International Law and Immigration Section",1
"California Lawyers Association, Nonprofit Organizations & Corporations Committees of the Business Law Section",1
"California Lawyers Association, Nonprofit Organizations Committee and Corporations Committee of the Business Law Section",1
California League of Conservation Voters California Resource Recovery Association,1
California League of Conservation Voters and Clean Water Action,1
"California League of Conservation Voters, BRIDGE Housing, LAANE, Los Angeles County Federation of Labor, Mission Bay Development Group, Natural Resources Defense Council",1
"California League of Conservation Voters, Center on Race, Poverty, & the Environment",1
"California League of Conservation Voters, Consumer Attorneys",1
"California League of Conservation Voters, Planning and Conservation League, California",2
"California League of Conservation Voters, Planning and Conservation League, Solid Waste",1
"California League of Conservation Voters, Sierra Club",1
California League of Conservation Voters: Defenders of Wildlife,1
California League of Conservation |Natural Resources Defense Council | |Voters,1
California League of Food Processors Randy Chinn,1
California League of Food Processors |Federation,1
"California League of Food Processors, Pacific Coast Producers",1
"California League of Food Processors, Western Growers",1
"California Legislative Conference of the Plumbing, Heating and Piping Industry, Contractors State",1
"California Legislative Conference of the Plumbing, Heating, and Piping Industry California Rural Legal Assistance Foundation",1
"California Legislative Conference of the Plumbing, Heating, and Piping Industry California State Council of Laborers",1
California Legislative Council for Older Americans California Network of Neighborhood Programs,1
California Legislative Council for Older Americans Congress of California,4
"California Legislative Council, United Way of California",1
California Legislative Women's Caucus and other groups,1
"California Library Association, The Trust for",1
California Library |City of Lakewood |City of Seaside,1
California Library |City of Larkspur |City of Sierra Madre,1
California Major Builders Council and California Building,1
California Manufactured Housing Institute American Federation of State,1
"California Manufactured Housing Institute, California Mobilehome Resource Action Association, Golden",1
"California Manufactured Housing Institute, Western Mobilehome Parkowners Association",1
California Manufacturers & Technology Association AeA,1
California Manufacturers & Technology Association CondoConversions.com,4
California Manufacturers & Technology Association Fireman's Fund,1
California Manufacturers & Technology Association Genentech,1
California Manufacturers & Technology Association Professional Association of Specialty Contractors,1
"California Manufacturers Association, California Council for Environmental and Economic Balance, Industrial Environmental",1
California Manufacturers AssociationConsumer Attorneys of California,1
California Manufacturers AssociationUnited Food and Commercial Workers,2
"California Manufacturers and Technology Association, California Retailers Association",1
"California Manufacturers and Technology Association, Capstone, Large Scale Solar Association",1
California Manufacturers and Technology Association: California Nurses Association,1
California Manufacturing & Technology Association Cal-Tax,1
California Medical Association (Prior Version)California Radiological Society,2
California Medical Association : American Academy of Pediatrics,1
California Medical Association California State Automobile Association,1
California Medical Association National Epilepsy,1
California Medical Association and AltaMed,1
California Medical Association and Choice Medical Group,1
California Medical Association and the California Academy of Family Physicians,1
"California Medical Association, ACOG District IX, and the California Family Health Council",1
"California Medical Association, the California Association of Hospitals and Health Systems",1
California Medical Association/Compassion in Dying,1
California Medical Association: California Nurses Association,1
California Medical Association: Department of Insurance,1
California Mental Heath Planning Council California Network of Mental Health Clients,1
California Mobilehome Parkowners Alliance (CMPA) and the Western Manufactured Communities Association (WMA),1
California Mobilehome Parkowners Legal Aid of San,1
California Motor Car Dealers Association California Taxpayers' Association,1
California Motor Car Dealers Association Howard Jarvis Taxpayers Association (*) (*) Previous version with identical provisions,1
California Motor Car Dealers Association Personal Insurance Federation of California,1
"California Motor Car Dealers Association, CarMax, Circuit City, City of Chula Vista",2
California Moving and Storage Association California Public Utilities Commission,1
California Multi-Purpose Senior Services Association Alzheimer's Association,1
"California Municipal Business Tax Association, California State Association of Counties, League of AB 2684",1
California Municipal Utilities Association CleanWorld,1
California Municipal Utilities Association Northern California Power Agency,1
California Municipal Utilities Association and California Special Districts Association,1
"California Municipal Utilities Association, Association of California Water Agencies, California Water Association write, ""AB 938",1
"California Municipal Utilities Association, California Special Districts Association",1
"California Municipal Utilities Association, California Water Association",1
"California Municipal Utilities Association, Calleguas Municipal Water District, Central",1
"California Municipal Utilities Association: *City of Escalon, *City of Redding, *League of California Cities, *Merced Irrigation District, *Modesto Irrigation District",1
"California NAACP, Center on Race, Poverty and the Environment",1
"California Narcotic Officers' Association, California Peace Officers' Association, Capitol",1
California National Emergency Number Association California Fire Chiefs' Association California State Sheriffs' Association,1
California National Organization for Women: Consumer Attorneys of California,1
"California National Organization for the Reformation of Marijuana Laws California Probation, Parole and Correctional Association",1
California National Organization of Women (NOW) California Commission on the Status of Women,1
"California Nations Indian Gaming Association: Religious Organizations, California Catholic Conference",4
"California Native Plant Society, Central Valley Air Quality",2
California Native Plant Society: Audubon Society,1
California Nevada Soft Drink Association and the Grocery Manufacturers Association,1
"California New Car Dealers Association, Alliance of Automobile Manufacturers",1
California News Publishers Association California Public Defenders Association,1
"California News Publishers Association, California Black Media, Ethnic Media Services, and Howard Jarvis Taxpayers Association",1
"California Newspaper Publishers Association (CNPA), AFSCME",1
"California Newspaper Publishers Association California Teachers Association American Federation of State, County and Municipal Employees (AFSCME), AFL- CIO",1
California Norml and the Cannabis Consumers' Campaign,1
California Nurse Association and the Medical Oncology Association of Southern California,1
California Nurse-Midwives Association and Children Now write,2
California Nurses Association (CNA) California Podiatric Medical Association (CPMA),1
California Nurses Association CALPIRG,1
California Nurses Association Catholic Charities of California,1
"California Nurses Association, Planning and Conservation League, Sierra Club, South Coast",2
"California Oak Foundation, Defenders of Wildlife, Endangered Habitats League, Natural",1
"California Oil Change Association, DeMenno/Kerdoon, Evergreen Oil, Inc",1
California Organization of Police and California Union of Safety Employees,1
California Orthopaedic Association and California Podiatric Medical Association,1
California Pan Ethnic Health Network and the California Black Health Network,1
California Pan-Ethnic Health Network Children Now,1
California Pan-Ethnic Health Network: California State PTA,2
"California Pan-Ethnic Health Network: Consumers Union, Disability Rights California",1
California Pan-Ethnic Health Network: Transgender Law Center,1
California Peace Officer's Association and the California Police Chiefs Association,1
California Peace Officeros Association: California Police Chiefs Association,1
California Peace Officers' Association California Police Chiefs Association Lloyd Scharf,1
California Peace Officers' Association and California Police Chiefs Association (parole provisions),1
"California Peace Officers' Association, California Police Chiefs Association, Peace Officers",1
California Peace Officers' Police Chiefs' Association,2
California Peace Officerso Association and California Police Chiefso Association,1
California Peace Officerso Association and the California Police Chiefso Association (opposition to the formula for distribution of penalty),1
"California Pip Trades, Council, California Teamsters Public Affairs Council",1
California Pipetrades Council and the Environmental Defense Fund (EDF),1
"California Plant Health Association, California Retailers Association",1
California Podiatric Medical Association and California Orthopaedic Association,1
California Podiatric Medical AssociationCottage Health,1
California Police Chief's Association California Peace,1
California Police Chief's Association: City of Inglewood,2
California Police Chiefs Association Anaheim Police Department Fullerton Police Chief Sacramento Police Chief Ventura Police and Fire Department National Family Legal Foundation and Cities: Anaheim,1
California Police Chiefs Association Peace Officers Research Association of California,1
California Police Chiefs Association and the California State Sheriffs' Association,2
"California Police Chiefs Association, California State Sheriffs' Association",1
California Police Chiefs Doris Tate Crime Victims Bureau,1
California Police Chiefs' Association California Rehabilitation Association,1
California Police Chiefs' Sacramento County Sheriff's Department,1
"California Police Officers Association, California Police Chiefs Association, California Trucking",1
California Police San Joaquin County Board of Supervisors,1
"California Portland Cement Company, Construction Materials Association of California, Solid Waste Association of North America",1
California Precast Concrete Association California Seed Association,1
"California Primary Care Association, City and County of San Francisco",1
"California Primary Care Association, the California Association of Public Hospitals and Health Systems and Los Angeles Care Health Plan",1
California Primary Care Association: Children Now,1
"California Primary Care Association: Congress of California Seniors, March of Dimes",1
California Primary Care Association: Seneca Family of Agencies,1
"California Pro Life, California Right to Life",1
"California Probation, Parole and Correctional Association, Crime Victims United of California",1
California Producer Handler Association North State Grocery,1
California Professional Firefighters CDF Firefighters,1
California Professional Firefighters California Labor Federation,1
California Professional Firefighters Laborers' International Union of North America,1
California Professional Firefighters United Professional Fire Fighters of Contra Costa County,1
California Professional Firefighters and CAL FIRE Local,1
California Professional Firefighters and County of Los,1
"California Professional Firefighters, California Fire",1
"California Professional Firefighters, California Teachers Association, San Francisco Unified School District, Schools for Sound Finance",1
"California Professional Firefighters, Health Services Los",1
"California Professional Firefighters, Los Angeles",1
"California Professional Firefighters, Orange County Local",1
California Psychiatric Association and supported by hospitals,1
California Psychiatric Association: 4 Agency on Aging,1
California Psychological Association American Federation of State,2
California Psychology Association California Public Defenders Association,1
"California Public Bank Alliance, Sf Public Bank Coalition, Walksf, Sf Bicycle Coalition, United Educators Sf",1
California Public California Attorneys for Criminal Justice,1
California Public Defenders Association California State Commanders Veterans Council,1
California Public Defenders Association Organizations from which support was received prior to current version of bill: California Coalition for Women Prisoners,1
California Public Defenders Association and Laborers' Local 777,1
"California Public Defenders Association, California Judges Association",1
"California Public Defenders Association, Coalition for Effective Public Safety",1
"California Public Defenders Association, Council on American Islamic Relations, Oakland Privacy, San Francisco Public Defender, and Smart Justice California",1
"California Public Defenders Association, Drug Policy Alliance",1
California Public Defenders Criminal Justice,2
California Public Defenders SEIU Local 1000,1
California Public Defenders and Conference of California Bar,1
"California Public Employees' Retirement System Board of Administration (CalPERS), American Federation of State, County and Municipal Employees (AFSCME), ALF-CIO",1
California Public Interest Research Group (CALPIRG) Sierra Club,1
California Public Interest Research Group (CALPIRG): Congress of California Seniors,1
California Public Interest Research Group Environment California,1
California Public Interest Research Group Foundation for Taxpayer and Consumer Rights Joseph Holland,1
California Public Interest Research Group: Consumer Federation of California,1
California Public Utilities Commission (CPUC) GTE California,1
California Public Utilities Commission Pacific Gas and Electric,1
"California Railroad Industry (Burlington Northern & Santa Fe Railway Company, California Short Line Railroad Association, Union Pacific Railroad Company)",1
"California Railroad Industry, California Taxpayers Association, Railway Supply Institute, TTX Company",1
"California Rangeland Trust, the California Farmland Trust, the California Climate and Agriculture Network",1
"California Redevelopment Association, City of Los Angeles",1
"California Redevelopment Association, League of California Cities",1
"California Redevelopment Association, League of California Cities, City of Barstow",1
California Refuse Recycling Council |Phippen Bros,1
"California Refuse Removal Council, East Bay Sanitary Company",1
California Reinvestment Coalition and the Center for Responsible Lending,1
California Reinvestment CoalitionCenter for Responsible Lending,1
"California Relocation Service, Inc. |Paul Hanson Partners",1
California Reproductive Health Association Children Now,1
"California Restaurant Association (sponsor)American Society of Composers, Authors and Publishers",2
"California Restaurant Association American Society of Composers, Authors and Publishers",2
California Restaurant Association and California Chamber of Commerce,1
California Restaurant Association: National Consumers League,1
"California Restaurant AssociationAmerican Society of Composers, Authors and Publishers",2
"California Retail Air Quality Coalition, California Trucking Association, Raley's",2
California Retailers Association (CRA) and National Association of Chain Drug Stores (NACDS) are,1
California Retailers Association (CRA) and the California Grocers Association,3
California Retailers Association (CRA) and the National Association of Chain Drug Stores (NACDA),2
California Retailers Association California State Sheriffs' Association,1
California Retailers Association NEUTRAL: Department of Alcoholic Beverage Control,1
California Retailers Association and the CTIA,1
"California Retailers Association, California Restaurant Association, and California Chamber of Commerce",1
California Retailers Toy Manufacturers of America,2
California Rural Legal Assistance Foundation - Sponsor American Federation of State,1
California Rural Legal Assistance Foundation ClimatePlan,1
California Rural Legal Assistance Foundation and Western Center on Law & Poverty write,1
"California Rural Legal Assistance Foundation, Governor's Office of Planning and Research, Western Center",1
"California Rural Legal Assistance Foundation, Jerico, Western Center on Law and Poverty",1
"California Rural Legal Assistance Foundation, Los Angeles Housing Law Project, Western Center on Law and Poverty",1
"California Rural Legal Assistance Foundation, Western Center on",1
California Rural Legal Assistance FoundationCalifornians for Safety and Justice,1
"California Rural Legal Assistance, Health Consumer Center of Imperial Valley",2
California SCA 22 - 06/10/93 Probation,1
California School Boards Association California School Facilities Consortium California Special District Association,1
"California School Boards Association, Small School District Association, Sonoma County Office of Education",1
"California School Employees Association, California State Association of Electrical Workers",1
"California School Employees Association, California Tax Reform Association",2
"California School Employees Association, California Teachers Association",1
"California School Employees Association, Howard Jarvis",1
"California School Employees Association, Howard Jarvis Taxpayers",1
California School Employees Association: California Senior Legislature,1
California School Employees Association: Long Beach Police Officers Association,1
California School Health Centers Association: California WALKS,1
California School Nurses Association American Federation of State,1
California School Nurses Association NAMI California,1
California Sea Urchin Commission and the California Fisheries and Seafood Institute,1
California Secretary of State & California Assoc,1
California Secretary of State & California Assoc. of Museums,1
California Secretary of State Debra |First Unitarian Church of Oakland,1
California Secretary of State Debra |First Unitarian Church of Oakland | |Bowen,1
California Senior Action Network Congress of California Seniors,2
"California Senior Legislature, Sunnyvale Mobile",1
California Senior Legislature: Congress of California Seniors,1
"California Sheet Metal and Air Conditioning Contractors, National Association California Chapters of the National Electrical Contractors Association",1
California Small -Romero Family Winemakers of California,1
California Small Business Association |National Black Business Council,1
California Small Business Association: Health Net,1
California Small Business Association|Orange County Business Council,1
"California Society of (Brulte) Accountants, and Personal Insurance Federation",1
California Society of Anesthesiologists Health Net,1
California Society of Anesthesiologists Medical Board of California,1
California Society of Plastic Surgeons and the California Rheumatology Alliance,1
California Solar & Storage Association Carbon Free Palo Alto,1
"California Solar & Storage Association, Independent Energy Producers Association, Large-scale Solar Association, Solar Energy Industry Association, Sunpower Corporation, Vote Solar",1
California Solar Energy Industries Association Planning and Conservation League Atlantis Energy,1
California Solar Energy Industry Association Solar Alliance,1
California Spa and Pool Industry Education Council Center for Public Interest Law,1
"California Space Authority, Department of the Navy",1
California Special Districts Association and County of Los Angeles,1
California Special Districts Association and the California State Association of Counties,1
"California Special Districts Association, CA Association of Public Cemeteries",1
"California Special Districts Association, California State Association of Counties, Sacramento",1
California Special Districts Association. California Manufacturers & Technology Association,1
California Special Districts Association: Health Access California,1
California Sportfishing League and Coastal Conservation Association of California,1
California Sportsman's Lobby Crossroads of the West Gun Shows,1
California Sportsman's Lobby and the Outdoor Sportsmen's Coalition of California,1
"California Sportsman's Lobby, Inc., The California State Chapter - National Wild Turkey Federation",1
"California Sportsman's Lobby, Inc., The Outdoor Sportsmen's Coalition of California",1
"California Sportsman's Lobby, The Outdoor Sportsmen's Coalition of California",1
California State Alliance of YMCAs: Camp Ocean Pines,1
California State Association of Counties (CSAC) and the County Health Executives Association of California (CHEAC),1
"California State Association of Counties (CSAC), Urban Counties Caucus (UCC), the Regional Council of Rural",1
California State Association of Counties California State Sheriffs' Association,1
California State Association of Counties California Tax Reform Association,2
California State Association of Counties Cities of Buena Park,1
California State Association of Counties Housing California,1
California State Association of Counties League of California Cities Urban Counties Caucus Counties of: Alameda,1
California State Association of Counties and the County Welfare Directors jointly,1
California State Association of Counties and the Regional,1
California State Association of Counties and the Regional Council of Rural Counties,1
"California State Association of Counties, Alameda County Del Norte County, Los Angeles",1
"California State Association of Counties, Association of Low Wealth Schools",1
"California State Association of Counties, CRLA Foundation, Western Center on Law & Poverty",1
"California State Association of Counties, California Public",1
"California State Association of Counties, California Rural Legal Assistance Foundation, Counties of Santa Barbara, Santa Cruz, League of California Cities",1
"California State Association of Counties, California Rural Legal Assistance Foundation, Counties of Santa Barbara, Santa Cruz, League of California Cities, Sierra Club California",1
"California State Association of Counties, California Special Districts Association",1
"California State Association of Counties, City & County of San",1
"California State Association of Counties, City and County of San Francisco, City of Costa Mesa",1
"California State Association of Counties, County Recorders Association of California, City and County",1
"California State Association of Counties, County of Alpine",1
"California State Association of Counties, County of Los Angeles",1
"California State Association of Counties, County of Orange",1
"California State Association of Counties, Department of Finance",1
"California State Association of Counties, League of California Cities, Cities of Concord, Hayward, Lafayette, Victorville",1
"California State Association of Counties, League of California Cities, Laidlaw Transit Services, Inc., ATC/Vancom",1
"California State Association of Counties, League of California Cities, Solid Waste",1
"California State Association of Counties, League of California Cities, State Association of County",1
"California State Association of Counties, League of California Cities, Union of NeedleTrades, Industrial and Textile Employees",1
"California State Association of Counties, Los Angeles",1
"California State Association of Counties, Orange",1
"California State Association of Counties, Paul",1
"California State Association of Counties, Regional Council",1
"California State Association of Counties, Santa",1
"California State Association of Counties, Stanislaus",1
"California State Association of Counties, Stanislaus County",1
"California State Association of Counties, Urban",1
"California State Association of Counties, the County Welfare Directors Association, and the California Mental Health Directors Association",1
California State Association of Counties/ County Welfare Directors Association of California (CWDA)/ Rural County Representatives of California/ Urban Counties of California,1
"California State Association of Counties: California Nurses Association, The Dental Health Foundation",1
California State Association of Counties: Disability Rights California,1
California State Association of Electrical Workers Genentech,1
California State Association of Electrical Workers Office of Ratepayer,1
"California State Association of Electrical Workers, the California State Pipe Trades Council, and the Western",3
California State Association of Electrical Workers/California Coalition of Utility Employees,1
California State Association of Occupational Health Nurses Gloria K. Denton,1
California State Auditor and State Controller,1
California State Automobile Association and Auto Club of Southern California,1
California State Automobile Association and the Automobile,1
California State Automobile Association and the Automobile Club of Southern,1
California State Automobile Association: Automobile Club of Southern,1
California State Automobile Club of Southern California,1
California State Bar Association American Federation of State,1
California State Commanders Veterans Council California Council of Chapters,1
California State Commanders Veterans Council Military Officers Association of America,1
California State Controller American Federation of State,1
"California State Controller John |Metropolitan Community Church, |Chiang",1
California State Council California Association of County Veteran Service Officers,1
California State Council Faculty Association of California Community Colleges American Legion,1
"California State Council of Carpenters, Coalition of California Utility",1
"California State Council of Laborers, California-Nevada Conference of Operating Engineers, Coachella Valley Association of Governments, HNTB, Mobility 21, Riverside County Transportation Commission, Riverside Transit Agency, Self-Help Counties Coalition",1
California State Employees Assoc. (Sponsor) Consumer Attorneys of California (CAOC),1
"California State Employees Association, SEIU, Local 1000, Association of State Supervisors",1
California State Firefighters' Association California Professional Firefighters Service Employees International Union (SEIU) California School Employees Association,1
California State Legislative Board California Teamsters Public Affairs Council International Association of Sheet Metal,1
California State Military Museum American Legion,1
"California State PTA, California Teamsters",1
California State Pipe Trades Council Engineering Contractors Association,1
"California State Pipe Trades Council, California State Association of Electrical Workers, Western",1
California State Sheriffs Association & California State Association of Psychiatrists,1
California State Sheriffs' AB 1077 (Wesson) Association and the California Police Chiefs Association,1
California State Sheriffs' Association Butte County,1
California State Sheriffs' Association California District Attorneys Association,1
California State Sheriffs' Association California National Emergency Number Association,1
California State Sheriffs' Association and Los Angeles County,1
California State Sheriffs' Association and the California State,1
California State Sheriffs' Tate Crime Victims Bureau,1
"California State Treasurer Bill Lockyer, California Association of County Treasurers and Tax Collectors",2
California State University California Teachers Association,1
California State University Employees Union/SEIU Local,1
California State University and the Academic Senate for California Community Colleges,1
"California State University: hotel Power, Inc",2
California State and University of California Student Association,1
California State |City of Lathrop |City of Selma,1
California State |City of Laverne |City of Soledad,1
"California Street Light Association Carlsbad, City of",1
California Street Medicine Collaborative and University of Southern California,1
California Tax Reform Association AFSCME,1
California Tax Reform Association and SEIU California,1
"California Taxpayers Association , Ernst & Young LLP",1
California Taxpayers Association Camarillo Chamber of Commerce,1
California Taxpayers Association Southwest Airlines,1
California Taxpayers Association and the California Association of Health Services at Home,1
"California Taxpayers Association, Business Owners and Managers Association of California, California Beer and Beverage Distributors, California Business Properties Association, California Farm Bureau Federation, Contra Costa Taxpayers Association, Family Business Association of California, Howard Jarvis Taxpayers Association, International Council of Shopping Centers, National Association of Industrial and Office Parks, San Diego County Apartment Association, Western Manufactured Housing Communities Association",1
"California Taxpayers Association, Council on State Taxation, Master Limited Partnership Association, Orange County Taxpayers Association, San Gabriel Valley Economic Partnership",1
California Taxpayers' Association Darling International,1
California Taxpayers' Association Technet,1
"California Taxpayers' Association, California Association of Realtors",1
"California Taxpayers' Association, GE Lighting, OSRAM Sylvania",1
"California Taxpayers' Association, InterGen",1
California Taxpayers' AssociationAssoc. of CA School Administrators Philip Lee Squire,1
"California Taxpayers, George Runner, Member Board of Equalization, District 2 Association",2
California Teachers Associaiton Independent City Associaition (ICA) Otto Wm. Guiliani,1
"California Teachers Association , California Policy Immigrant Center",1
California Teachers Association Central Union School District,1
California Teachers Association Commanding Officer,1
California Teachers Association EdVoice,2
California Teachers Association Health Access,1
California Teachers Association SB Attachment,1
California Teachers Association and the California Catholic Conference,1
"California Teachers Association, California Tax Reform Association, National Federation of Independent Business",1
"California Teachers Association, Planning and Conservation",1
California Teachers Association-Santa Ana Education Association,1
"California Teachers Association: CALPIRG, Children Now",1
California Teachers Association: Health Access California,1
California Teamsters California Attorneys for Criminal Justice James H.A. Pooley,1
California Teamsters Public Affairs Council Cal-Waste Recovery Systems,1
California Teamsters Public Affairs Council California Professional Firefighters,1
California Teamsters Public Affairs Council California Trucking Association,1
California Teamsters Public Affairs Council California WIC Association,1
California Teamsters Public Affairs Council Dean Bray,1
California Teamsters Public Affairs Council Dean Gray,1
California Teamsters Public Affairs Council Sacramento Metropolitan,1
California Teamsters Public Affairs Council Sacramento Metropolitan Air Quality Management District,1
California Teamsters Public Affairs Council and Los Angeles County Labor Federation,1
California Teamsters Public Affairs Council: City of Burbank,1
California Teamsters Public Affairs Council: Employees International Union,1
California Tire Recyclers Sierra Club,1
"California Tort Reform, California Chamber of Commerce, California Manufacturers Association, Coastal Corporation, Oxygenated Fuels",1
California Tow Truck Association/California Auto Club,1
California Traffic School Association Driving School,1
California Traffic School Association GoodByeTicket.com,2
"California Transit Association, American",1
California Trial Lawyers Association Association,1
California Trout Friends of the River,1
"California Trucking Association (sponsors) Beneto, Inc",1
California Trucking Association CALSTART,1
California Uniform Retail Food Facilities Law Review Committee California Grocers Association,2
California Union of Safety Employees Doris Tate Crime Victims Bureau,2
"California Union of Safety Employees, Association for Los Angeles Deputy Sheriffs, Police Officers Research Association of California",1
California Utility Employees and the Southern California Gas,1
California Veterinary Medical Association (CVMA) and the American Veterinary Medical Association,1
"California Veterinary Medical Association, American Nurses",1
"California Water Agencies, Consolidated Irrigation",1
"California Water Agencies, Western Growers Association",1
"California Water Association, Sierra Club, Clean Power Campaign",1
California Wind Energy |Sanitation Districts of Los,1
California Wing of the Civil Air Patrol Raymond F. Spengler,1
California Women Lawyers National Association of Women Business Owners,1
"California Women for Agriculture, Chemical Industry Council of California, Consumer Specialty Products Association",1
"California Women for Agriculture: CEMEX, Global Oil Production, LLC",1
California Work & Family Coalition and Legal Aid at Work,1
California Work & Family CoalitionCenter for Empowering Refugees and Immigrants,1
"California Yacht Brokers Association, The Coastal Conservation Association of California",1
"California of LAFCOs, Shasta LAFCO, League of California Cities",1
California's Independent Telecommunications Companies Frontier Communications,1
"California's Political Action Committee for Animal (PAW PAC), Audubon California, and The American Federation of State, County and Municipal Employees (AFSCME), AFL-CIO",1
"California, AMVETS-Department of California, the California Association",1
"California, Association of California Water Agencies, City",1
"California, Association of California Water Agencies, City of Lomita",1
"California, California Asphalt Pavement",1
"California, California Business Properties Association",1
"California, California Industrial Leadership Council, Glendale University College of Law",1
"California, California Land Surveyors Association, Associated General Contractors of California, Harris and Associates",1
"California, California Long Term Care Ombudsman Association",1
"California, California Municipal Utilities Association",1
"California, California NOW, the Children's Partnership, and PICO California",1
"California, Coalition for Fair Employment in Construction, International Federation of Professional and Technical",1
"California, Environmental Entrepreneurs, Global",1
"California, Environmental Justice, Environmental Working Group, Health Officers",1
"California, Environmental Working Group & EWG",1
"California, Environmental Working Group, Environment California, Natural Resources",1
"California, Franchise Law Committee of the State Bar",1
"California, Gray Panthers California, Planning and Conservation League, Sierra Club",1
"California, Gray Panthers, Kaiser Permanente",1
"California, Independent Cities Association",1
"California, Inland Empire Disposal Association, Los Angeles County Waste Management",1
"California, Kirsch Foundation, Planning and Conservation League, Sierra Club California",1
"California, Latino Issues Forum, Los Angeles",1
"California, League of Women Voters of California, Natural Resources Defense Council, Physicians for Social Responsibility-Los",2
"California, Los Angeles, American Indian Studies",1
"California, Los Angeles, Northern California, Orange County, San Diego County, and Silicon",1
"California, MEBA, AFL-CIO",1
"California, Natural Resources Defense Council, Planning and Conservation League, Sierra Club",1
"California, Office of Governmental Affairs",1
"California, Orange and San Diego Counties, and Silicon",1
"California, Orange and San Diego Counties, and Silicon Valley",1
"California, Park and Recreation Society, CH2MHill",1
"California, Planning and Conservation League, California Association of Environmental Health",1
"California, Planning and Conservation League, California Association of Environmental Health Administrators",1
"California, Regional Council of Rural Counties, Santa Clara Valley Water District, Southern",1
"California, Sacramento Housing Alliance",1
"California, San Diego County Water Authority, Santa Clara Valley Water District, Santa Rosa, Sonoma County Water Agency, Southern California",1
"California, Santa Cruz Chancellor George Blumenthal",1
"California, Sierra Club (Loma Prieta Chapter)",1
"California, Silicon Valley Toxics Coalition",1
"California, Solid Waste Association of North America",1
"California, Sonoma County Water Agency",2
"California, Sony Electronics, Inc., StopWaste.org (Alameda County Waste Management Authority)",1
"California, Steven and Michele Kirsch",1
"California, The Breast Cancer Fund",1
"California, The Children's Partnership, California Children's",1
"California, Union of Concerned Scientists",1
"California, West Contra Costa Integrated Waste",1
"California, Western States Petroleum Association",1
"California, and the National Association of Insurance and Financial",1
"California, the California Academy of Family Physicians, the Legal Community Against Violence, the Trauma Foundation of San",1
"California, the California Fire Chiefs Association, the California",1
CaliforniaHealth+ Advocates California Pharmacists Association,1
Californians Against Waste CalPIRG,1
Californians Against Waste California Integrated Waste Management Board Envirotheme,1
"Californians Against Waste, Planning and Conservation League, Sierra Club California, StopWaste.Org (Alameda County Waste Management)",1
"Californians Against Waste, Sierra Club, and Planning and Conservation League",1
"Californians Aware, California Newspaper's and Publisher's",1
Californians United for A Responsible Budget Care First California,1
Californians for Affordable Health Reform and Unified Medical Group Association (UMGA),1
"Californians for Pesticide Reform, Center on",1
Californians for Safety and Justice and Silicon Valley De-Bug,1
"Calleguas Municipal Water District, Congress of California Seniors, The El Rio/Del Norte",1
Caltrans and the California Transportation,1
Cameron Ridge LLC |Canyon Fuel Company,1
"Campaign (Children NOW, Childrens Defense)",2
Campaign for California Families and the Committee on Moral Concerns,1
"Campaign for a Healthy California: Health Access California, SRB Inc Insurance Associates",1
"Campaign, Coalition for Clean Air, Container",1
"Campaign, Coalition for Clean Air, Natural",2
"Campaign, Commonweal, Gray Panthers, Healthy",1
"Campaign, Desert Citizens Against Pollution, Del Amo Action Committee",1
"Campaign, Heal the Bay, Natural Resources",1
"Canal Company, Sierra Pacific Industries, Simpson Resource Company, Sonoma County Water",1
"Cancer Action, Breast Cancer Fund, California",1
"Cancer Fund, Breast Cancer Action, Californians",1
"Cancer Fund, Trust for America's Health, United",1
"Cancer Organizations, California Chamber of Commerce, California Farm Bureau Federation, California Independent Oil Marketers",1
"Cancer Resource Center, The Bay Institute, Butte Environmental Council, Community Water",1
Capitol Chapter 385 Sacramento County Deputy Sheriffs' Association Veterans of Foreign Wars,1
Capitol Resource Institute (sponsor)California Judges Association,1
Capitol Resource InstituteCalifornia Judges Association,1
"Capt. Raymond Bower, International Association of Firefighters, Local",1
"Captains, California Cascade Industries, California Fence Contractors' Association, California Landscape Contractors Association, California Manufacturers & Technology",1
"Captains, California Cattlemen's Association, California Marine Parks and Harbors",1
Cardinal Health and AmerisourceBergen to permit ADDS to be used in long-term care facilities,1
Carmel County Sanitation Districts of Los Angeles County Kern County Waste Management Department League of California Cities Norcal Waste Systems,1
Carpet & Rug Institute Carpet America Recovery Effort,1
"Case Holland Inc., Caterpillar Inc",1
"Cathedral Springs Homeowners Association, Community Associations Institute, Epsten & Grinnell, AB 2770",1
"Catholic Conference of Bishops, the CA Partnership to End Domestic Violence, the CA Police",1
"Catholic High Schools of the Diocese of Santa Rosa - Cardinal Newman HS, Saint Bernard Academy, Archbishop Hanna HS, St. Vincent HS, Trinity College Prep, Justin-Siena HS",1
Catholic Legal Immigration Network Canal Alliance,1
"Cattlemen's Assn., Calif. Citrus Mutual, Calif",1
"Cattlemen's Association, California Chamber of Commerce, California Citrus Mutual, California",2
"Cattlemen's Association, California Citrus",1
"Cattlemen's Association, California Farm Bureau, Surprise Valley",1
"Cattlemen's Association, California Forestry Association, AB 134",1
"Cattlemen's Association, California Marine",1
"Cattlemen's Association, San Joaquin River",1
"Caucus, Board of Supervisors of Marin County, Community Alliance with Family Farmers, Los",1
"Cement, RMC Pacific Materials, Sempra Energy, Signal Hill Petroleum, Stocker Resources, Inc., TRW Space & Electronics Group, TXI, Western",1
Cemetery and Mortuary Association of California CompTIA,1
Cendant Car Rental Group (Avis and Budget) Hertz Corporation,4
Centennial High School (Bakersfield)Reseda High School (Los Angeles Co),1
Centennial High School (Bakersfield)Reseda High School (Los),1
Center for AB 1965 (Lieu and Saldana) Responsible Lending,1
Center for Advocacy and Policy California Association of Nonprofits League of Women Voters of California,1
Center for Bilingual/Multicultural Studies - California State,1
Center for Biological Diversity CleanEarth4kids.org,1
"Center for Biological Diversity and the Wildlands Network, sponsor of the bill",1
Center for Environmental Health Center for Marine,1
Center for Environmental Health Center for Marine Conservation,1
"Center for Environmental Health: Consumers Union, Eden Foods",1
"Center for Evidence-Based Corrections at the University of California, Irvine: Golden State Bail Agents Association",1
"Center for Law and Global Justice, University of San Francisco School of Center on Juvenile and Criminal Justice",1
Center for Law in the Public Interest Pipe Trades District Council No. 8,1
Center for Marine Conservation Planning and Conservation League,1
"Center for Oceanic Awareness, Research, & Education, The Defenders of Wildlife",1
"Center for Oceanic Awareness, Research, and Education, The Chicano Indigenous Community for Culturally Conscious Advocacy & Action",1
"Center for Oceanic Awareness, Research, and Education, The Clean Water Action",1
"Center for Oceanic Awareness, Research, and Education, The Fire Districts Association of California",1
"Center for Oceanic Awareness, Research, and Education, the Cherise Khaund, School Board Member, Mt. Diablo Unified School District",1
"Center for Oceanic Awareness, Research, and Education, the Colorado Medical Waste, INC",1
"Center for Oceanic Awareness, The Citizens Planning Association",1
Center for Public Interest Law Contractors' State License Board,1
Center for Public Interest Law/Children's,1
"Center for Region IX, EnviroSystems Group, Inkworks Press, Mt. View Sanitary District, Sierra Club California, The City of Livermore, The Natural Grocery Company",1
Center for Sustainable EnergyCleanEarth4Kids.org,1
Center on Juvenile & Criminal Justice: Criminal Justice Consortium,1
"Center on Race, Poverty & the Environment Cleanearth4kids.org",1
"Center on Race, Poverty and the Environment Coalition for Clean Air Greenlining National Association for the Advancement of Colored People",2
"Center on Race, Poverty, & the Environment/CRLA Fdn., San: Francisco & Fresno Children NOW",1
"Center, Planning and Conservation League, Sacramento County, Sierra Club California",1
"Center, San Diego County YWCA, The Coalition",1
"Center, Sierra Club California",1
"Center, Sparkling Cleaners, The Teamsters, Tree",1
Central American Resource Center Angelica Salas,1
Central Basin Municipal Water District Inland Empire Utilities District West Basin Municipal Water District,1
"Central Basin Municipal Water District, Sierra Club, Union de",1
Central California Citizens Against Lawsuit Abuse Clorox,8
Central California SPCA/Fresno County Humane Society,1
"Central California, Los Angeles, Orange County, Silicon Valley",1
"Central California, Northern California, Los",1
"Central Coast Chapter, & Long Beach, Los Angeles, Marysville, Southern Pacific Region, Oakland-East",1
Central Coast Climate Collaborative Cleanearth4kids.org,1
Central Coast Residential Cabrillo Economic Development Corporation,1
"Central Contra Costa Sanitary District, Crockett-Valona Sanitary District, California Association",1
Central Labor Council San Francisco Labor Council,1
Central Labor Council of Alameda County (Alameda Labor Council)Communication Workers of America Local,1
"Central San Fernando Valley Contra Costa: Inland Empire North Glendale County, Lake County, Long Beach Area",3
"Centro La Familia Advocacy Service,|San Diego Consumers' Action Network",1
Centro Legal de la Raza Dolores Street Community Services,1
Chabin Concepts & California Green Jobs Council Member,2
"Chamber of Commerce, California Chapters of the National Association of Industrial and Office",2
"Chamber of Commerce, California Farm Bureau",1
"Chamber of Commerce, California Grocers",1
"Chamber of Commerce, California Groundwater",2
"Chamber of Commerce, California Large Energy",1
"Chamber of Commerce, California Major Builder's Council, California State Association of Counties, Regional Council",1
"Chamber of Commerce, Chemical Industry Council",2
"Chamber of Commerce, Cities of Costa Mesa, Moreno Valley, Newport Beach",1
"Chamber of Commerce, Culligan Water, Danone",1
"Chamber of Commerce, Independent Oil Producers",1
"Chamber of Commerce, Lumber Association of California, Lumber Association of Nevada, Matson Navigation Company, Pacific Merchant",2
"Chamber of Commerce, Modoc County Farm Bureau, Intermountain Hay",1
"Chamber of Commerce, Pinnacle CNG Company, Physicians for Social Responsibility, Planning and Conservation League, Redwood Empire Clean",3
"Chamber of Commerce, Ross/Katagiri & Associates, Cities of Costa Mesa, Moreno Valley, Newport Beach",1
Chamber of Commerce: FedEx,2
"Chambers of Commerce of:: Cupertino, Milpitas, Morgan Hill, San Jos?, Santa Clara",1
"Chambers of Commerce: Alameda, Atascadero, Buellton, California, California",1
"Chambers of Commerce: Bell, Bellflower, Chico, San Gabriel, St",1
"Chambers of Commerce: Beverly Hills, Brea, Carlsbad, Garden Grove, Greater Riverside, Hollywood, Lodi, Oceanside, Oxnard, Rancho Cordova, Redondo Beach, Simi Valley, Tulare, and Wilmington",1
"Chambers of Commerce: El Dorado County, El Dorado Hills, Elk Grove, Folsom, Los Angeles Area, Rancho Cordova, Roseville Area, and Yuba Sutter",1
"Chambers of Commerce: El Dorado County, El Dorado Hills, Elk Grove, Folsom, Rancho Cordova, Roseville Area, and Yuba Sutter",1
Chancellor's Office Advanced Consulting,1
Chancellor's Office California Federation of Teachers,1
Chancellor's Office California Postsecondary Education Commission,1
"Change, Consumer Attorneys of California, Del",1
"Channelkeeper, Santa Clara Valley Water",1
"Chapter at UC Davis, Solano County Water Agency",1
"Chapter of American Fence Contractors Association, California Fence Contractors Association, Engineering",1
"Chapter, California Building Industry Association, California Business Properties Association, California",1
"Chapter, California State Association of Counties, League of California",1
"Chapter, Rocketdyne Cleanup Coalition, Sierra",1
Charter |Beach |City of Thousand Oaks,1
Charter |City of Long Beach |Francisco,1
Charter |City of Manhattan |City of Stockton,1
Charter |City of Maywood |City of Tracy,1
Chatham County Board of Tax Assessors and Atlantic Resources,1
Chemical Transfer Co. CompTIA,1
"Chemicals, Western Wood Preservers Institute, Weyerhaeuser Company",1
Chief Information Officer Calaveras County Community Television Charter Communications,1
"Chief Probation Officer, Riverside California Probation Parole and Correctional Association",3
"Chief Probation Officers for the Counties of Mariposa, Monterey, Sacramento, San Francisco, San Luis Obispo, Santa Barbara, Sutter",1
Chief Probation Officers of California Rural County Representatives of California,1
Chief Probation Officers' of California American Federation of State,1
"Chief of Police: Los Altos Los Gatos, San Jose",1
Chief |City of Live Oak |City of Sonoma,1
Chief |City of Lomita |Francisco,1
"Chiefs Association, the CA Public Defenders Association, the Chief",1
"Chiefs of Police of the Cities of Monrovia, Inglewood, Fresno, Fullerton, Brea, Winters, Rialto, Brentwood, Atwater, Santa Ana, San",1
"Chiefs of Police of the Cities of Sand City, Monterey, Seaside, Scotts Valley, Oakland",1
"Chiefs of Police of the Cities of Santa Maria, Livermore, Claremont, Glendora, Downey, Capitola, Rialto, Hemet, San Bernardino, Port Hueneme, Brawley, San Jose, Brentwood, Pomona, Rio Dell, Signal Hill",1
Child Abuse Prevention Center and Children's Defense Fund-California,1
Child Abuse Prevention Center: Children Now,1
Child Care Law Center and the California Child Care Resource and Referral Network,1
Child Care Law Center and the Child Care Resource and Referral Network both,1
Child Care Law Center: Children's Advocacy Institute,1
"Child Care Resource & Referral, Plumas Rural Services Inc. Children Now",1
Child and Family Protection AssociationNational Association of Social Various Individuals,1
Child and Family Protection AssociationNational Association of Workers,1
Children Now Children's Defense Fund-California,1
Children Now and Children?s Advocacy Institute,1
Children Now and Let California Kids Hear are writing to strongly,1
Children's Advocacy Institute Brady Campaign to Prevent Gun Violence California Organization of Police and Sheriffs (COPS) Million Mom March,1
"Children's Advocacy Institute, California League of Conservation Voters, Desert Citizens Against Pollution, Gray",1
Children's Defense Fund - California: Children's Partnership,1
"Children's Health and the Environment, California League of Conservation Voters, California Medical Association, California",1
Children's Law Center (CLC) and the County Welfare Directors Association of California (CWDA),1
"Children's Partnership, the County Behavioral Health Directors Association of California",1
"Children's Partnership, the First 5 Center for Children's Policy, First 5 Association of California, Children Now, March of Dimes, Maternal and Child Health Access",1
"Children's Partnership: Disability Rights California, Health Access California, PICO California, United Ways of California, 100% Campaign, National Health Law Program",1
Children's Resource Network of the Central Coast Comcast CompTIA,1
Childrenos Rights Council and Fatheros Rights and Equality,1
"Chino, Chula Vista, Cloverdale, Cotati, Fairfax, Hayward, Healdsburg, Huntington Park, Monterey Park, Morgan Hill, Oakland, Petaluma, Pleasanton, Rialto, Rohnert Park, Sacramento, San Francisco, San Luis Obispo, San Mateo, Santa Cruz, Santa Monica, Santa Rosa, Sebastopol, Sonoma, South San Francisco, Stockton, Sunnyvale, West Hollywood, Contra",1
"Chrohn's and Colitis Foundation of America: Express Scripts, Genentech, Hospira, Johnson and Johnson, Kidney Cancer Association, Lilly USA, LLC",1
"Chula Vista, Carlsbad, Huntington Beach, Claremont, San",1
"Chula Vista, Coronado, Imperial Beach, Lakewood, Poway, Rolling Hills Estates, San Jose, Stockton, Thousand Oaks, Torrance and West Covina",3
"Cimino Brothers Produce, Coalition of Labor, Agriculture & Business, Concerned Citizens to",1
Cites of Fountain Valley and Palo Alto,1
"Cites of Los Angeles, Oakland, San Diego, San Francisco, and Santa Ana",1
Cities AB 1290 - 08/16/93 of Arcadia,1
Cities Association |City of Lakeport |City of Seal Beach,1
Cities Association |City of Lakewood |City of Sebastopol,1
"Cities of : Aliso Viejo, Arcadia, Banning, Bell Gardens, Burbank, Cerritos, Commerce, Covina, Downey, El Monte, Gardena, Inglewood, La Verne, Maywood, Monrovia, Montebello, Pico Rivera, San Bernardino, South El Monte, South Pasadena",1
"Cities of : Arvin, Bakersfield, Delano, Maricopa, McFarland, Shafter, Taft, Tehachapi, Wasco",1
"Cities of Alameda, Long Beach, Monterey & Victorville",1
"Cities of Arcadia, Barstow, Berkeley, Brentwood, Chino. Chula Vista, Claremont, Concord, Costa Mesa, Culver City, Dana Point, El Cajon, Encinitas, Fontana, Hayward, Huntington Beach, Laguna Hills, Lakewood, Lompoc, Manhattan Beach, Merced, Moreno Valley, Mountain View, Oxnard, Poway, Rancho Cucamonga, Richmond, Riverside, San Carlos, San Jose, San Luis Obispo, San Rafael, Santa Barbara, Santa Clara, Santa Fe Springs, Santa Maria, Santa Rosa, Selma, Stockton, Sunnyvale, Tehachapi",1
"Cities of Arcadia: Lakewood, Los Angeles",1
"Cities of Azusa, Burlingame. Daly City, Foster City, Glendale, Hermosa Beach, Irvine, La Canada Flintridge, Lake Forest, Loma Linda, Lomita, Manhattan Beach, Menlo Park, Milpitas, Mission Viejo, Monterey Park, Orange, Redondo Beach, Rolling Hills, Rolling Hills Estates, San Carlos, San Gabriel, San Marino, San Mateo, Santa Fe Springs, Stockton, Temple City, Carmel, Thousand Oaks, Torrance",1
"Cities of Azusa, Burlingame. Daly City, Foster City, Glendale, Hermosa Beach, Irvine, La Canada Flintridge, Lake Forest, Loma Linda, Lomita, Manhattan Beach, Menlo Park, Milpitas, Monterey Park, Orange, Redondo Beach, Rolling Hills, Rolling Hills Estates, San Carlos, San Gabriel, San",1
"Cities of Azusa, Burlingame. Daly City, Foster City, Glendale, Hermosa Beach, Irvine, La Canada Flintridge, Lake Forest, Loma Linda, Lomita, Manhattan Beach, Menlo Park, Milpitas, Monterey Park, Orange, Redondo Beach, Rolling Hills, Rolling Hills Estates, San Carlos, San Gabriel, San Marino, San Mateo, Santa Fe Springs, Temple City, Carmel, Thousand Oaks, Torrance",2
Cities of Bakersfield,1
"Cities of Berkeley, Lakewood, Oakland",1
Cities of Burbank,1
Cities of Burbank and Glendale,1
Cities of Burbank and Glendale S,1
Cities of Burbank and GlendaleS,1
"Cities of Burbank, Claremont, Concord",1
"Cities of Burbank, Claremont, Monterey",1
"Cities of Camarillo, Commerce, La Mirada",2
Cities of Carlsbad and San Diego,1
"Cities of Carmel-By-The-Sea, Del Rey Oaks, Marina, Monterey, Pacific Grove, Salinas, Sand, Seaside",1
"Cities of Carmel-By-The-Sea, Del Rey Oaks, Marina, Monterey, Pacific Grove, Salinas, Sand, Seaside SB",1
"Cities of Carmel-By-The-Sea, Del Rey Oaks, Marina, Monterey, Pacific Grove, Salinas, Sand, Seaside SB County of Monterey",1
"Cities of Carmel-by-the-Sea, Del Rey Oaks, Gonzales, Greenfield, King City, Marina, Monterey, Pacific Grove, Salinas, Sand City, Seaside, Soledad",1
"Cities of Carmel-by-the-Sea, Pacific Grove",1
"Cities of Carpinteria, Goleta, Santa Barbara",1
"Cities of Cathedral City, Coachella, Desert Hot Springs, Indio",1
Cities of Cerritos,1
"Cities of Cerritos, Downey, Lakewood, Norwalk, Paramount, Santa Fe Springs",1
"Cities of Chino Hills, Laguna Hills, Santa Fe Springs",3
"Cities of Clovis, El Cajon, Merced, Pinole",1
"Cities of Concord, Elk Grove, Simi Valley",1
"Cities of Corona, Murrieta, Temecula",1
"Cities of Costa Mesa, Moreno Valley, Newport Beach",1
"Cities of Cypress, El Cajon, Eureka, Los Angeles, Sacramento, San Jose, Stockton",1
"Cities of Cypress, El Cajon, Los Angeles, Sacramento, Stockton",1
"Cities of Downey, Norwalk, Signal Hill",1
Cities of Emeryville,1
Cities of Hemet,1
Cities of Hesperia and Upland,1
"Cities of Hesperia, Indian Wells, Lakewood, Mendota, Rosemead, Sacramento, Salinas, Thousand Oaks",1
"Cities of Hollister, Thousand Oaks",1
Cities of Huntington Park and Montebello,1
"Cities of Imperial Beach, So. San Francisco, San Rafael & Sunnyvale",1
Cities of Lomita,1
Cities of Los Angeles & Palm Desert,1
"Cities of Los Angeles, South Gate",1
"Cities of Merced, Atwater, Long Beach. Monterey, Vista, Victorville",1
Cities of Oceanside and Hemet,1
Cities of Paramount and Whittier,2
Cities of Pasadena and Bakersfield,1
Cities of Sunnyvale & Victorville,1
"Cities of: Adelanto, Alameda, Chino Hills, Cloverdale, Dublin, Duarte, Eureka, Fremont, Goleta, Hesperia, Hillsborough, Indio, Indian Wells, Lake Elsinore, Lakeport, Livermore, Lodi, Montclair, Palmdale, Pismo Beach, Rancho Cucamonga, San Leandro, Thousand Oaks, Vallejo, and Walnut Creek",1
"Cities of: Adelanto, Brisbane, Chino Hills, Clayton, Danville, Dublin, Fillmore, Foster City, Fremont, Gilroy, Los Altos, Milpitas, Monte Sereno,Moreno",1
"Cities of: Adelanto, Brisbane, Clayton, Danville, Dublin, Fillmore, Fremont, Foster City, Gilroy, Los Altos, Milpitas, Monte Sereno, Moreno Valley, Ojai, Port",1
"Cities of: Adelanto, Canyon Lake, Chino, Chino Hills, Colton, Diamond Bar, Eastvale, Fontana, Glendora, Grand Terrace, Highland, Jurupa Valley, Lakewood, Montclair, Monterey Park, Newport Beach, Norco, Palmdale, Rancho",1
"Cities of: Agoura Hills, Anaheim, Atwater, Berkeley, Brentwood, Burbank, Culver City, Escalan, Escondido, Fort Bragg, Gardena, Laguna Niguel, Long Beach, Marina, Modesto, Montebello, Oceanside, Oxnard, Napa, Riverside, Sacramento, San Buenaventura, San Carlos, San",1
"Cities of: Agoura Hills, Colton, Concord, Culver City, Cypress, Del Mar, El Centro, Fountain Valley, Fremont, Highland, Lakewood, Norwalk, Ontario, Rancho Cucamonga, Rancho Cordova, Sacramento, San Luis Obispo, Santa",1
"Cities of: Alameda, Albany, Aliso Viejo, American Canyon, Arcadia, Azusa, Bakersfield, Bellflower, Benicia, Berkeley, Beverly Hills, Big Bear Lake, Brawley, Brentwood, Buena Park, Burbank, Calabasas, Camarillo, Capitola, Carpinteria, Chino, Chino Hills, Chula Vista, Citrus Heights, Claremont, Clayton, Clearlake, Cloverdale, Colfax, Concord, Corona Costa, Mesa, Capitola, Culver City, Cupertino, Cypress, Danville, Davis, Diamond Bar, Duarte, Dublin, Eastvale, El Centro, Elk Grove, Encinitas, Escalon, Fairfax, Farmersville, Fontana, Fortuna, Foster City, Fountain Valley, Fremont, Fresno, Garden Grove, Goleta, Gustine, Hanford, Hayward, Hemet, Hermosa Beach, Hesperia, Highland, Huntington Beach, Huntington Park, Indian Wells, Indio, Inglewood, Irvine, Jurupa Valley, King City, La Canada Flintridge, La Mirada, La Quinta, Lafayette, Laguna Beach, Laguna Hills, Lake Elsinore, Lakeport, Lakewood, Lathrop, Laverne, Livermore, Lodi, Lomita, Long Beach, Los Alamitos, Los Angeles, Los Banos, Mammoth Lakes, Manhattan Beach, Manteca, Martinez, Merced, Mill Valley, Menifee, Mission Viejo, Modesto, Monrovia, Montclair, Monterey, Moreno Valley, Morgan Hill, Mountain View, Murrieta, National City, Nevada City, Norco, Norwalk, Oakdale, Oakland, Oakley, Oceanside, Ontario, Orland, Pacific Grove, Palm Desert, Palmdale, Palos Verdes Estates, Paramount, Pasadena, Paso Robles, Petaluma, Pico Rivera, Piedmont, Pinole, Placentia, Placerville, Pleasant Hill, Pleasanton, Point Arena, Pomona, Rancho Cordova, Rancho Cucamonga, Rancho Palos Verdes, Ripon, Riverbank, Riverside, Rocklin, Rohnert Park, Rosemead, Roseville, Salinas, San Buenaventura, San Carlos, San Gabriel, San Jose, San Leandro, San Marcos, San Marino, San Mateo, San Pablo, San Rafael, Santa Ana, Santa Barbara, Santa Clarita, Santa Cruz, Santa Fe Springs, Santa Maria, Santa Monica, Santa Rosa, Santee, Scotts Valley, Shasta Lake, Signal Hill, Simi Valley, South Pasadena, South San Francisco, Sunnyvale, Thousand Oaks, Torrance, Turlock, Ukiah, Upland, Vacaville, Vallejo ,Vernon, Victorville, Vista, Walnut, West Covina, West Hollywood, Whittier, Yuba City, Yucca Valley, and Yucaipa",1
"Cities of: Alameda, Albany, Arcata, Atascadero, Beverly Hills, Brentwood, Burbank, Camarillo, Cerritos, Cloverdale, Clovis, Concord, Cotati, Covina, Crescent City, Cupertino, Downey, East Palo Alto, Encinitas, Escondido, Eureka, Farmersville, Fort Bragg, Fountain Valley, Garden Grove, Glendale, Goleta, Half Moon Bay, La Mirada, Lafayette, Laguna Beach",1
"Cities of: Albany, Dublin, Fremont Hayward Livermore, Pleasanton, San",1
"Cities of: Alhambra, Arcadia, Carson, Cerritos, Claremont, Diamond Bar, Downey, Glendora, Industry, Lakewood, Lomita, Long Beach, Monterey Park, Norwalk, Palos Verdes Estates, Pasadena, Rancho Palos Verdes, Rosemead, San",1
"Cities of: American Canyon, Alameda, Anaheim, Camarillo, Campbell, Chula Vista, Claremont, Coronado, Covina, Crescent City, Danville, Fillmore, Half Moon Bay, Hayward, Hercules, Hermosa Beach, Los Angeles, Manhattan Beach, Millbrae, Moreno Valley, Oakland, Pomona, Redondo Beach, San Bruno, San Diego, Santa Monica, Suisun City, Tehachapi, Temecula, Whittier",1
"Cities of: American Canyon, Alameda, Anaheim, Camarillo, Campbell, Chula Vista, Claremont, Coronado, Covina, Crescent City, Danville, Fillmore, Half Moon Bay, Hayward, Hercules, Hermosa Beach, Manhattan Beach, Millbrae, Moreno",1
"Cities of: American Canyon, Antioch, Apple Valley, Atherton, Azusa, Bellflower, Beverly Hills, Burlingame, Campbell, Ceres, Clayton, Cloverdale, Costa Mesa, Culver City, Danville, Diamond Bar, Encinitas, Fontana, Foster City, Fountain Valley, Fresno, Goleta, Gustine, Half Moon",1
"Cities of: American Canyon, Belmont, Lakewood, Livermore, Long",1
"Cities of: Anaheim, Beaumont, Burbank , Camarillo, Chino Hills, Cupertino, Downey , El Segundo, Garden Grove, Los Alamitos , Morgan Hill , Rancho Cucamonga , San Dimas, San Marcos, Santa Clarita, Thousand Oaks, Torrance , Vista",1
"Cities of: Anaheim, Brea, Irvine, Laguna Hills, Laguna Woods, Mission Viejo, Newport Beach, Orange, Rancho Santa Margarita, Santa Ana, and Tustin",1
"Cities of: Anaheim, Buena Park, Culver City, Moreno Valley, Roseville",1
"Cities of: Anaheim, Irvine, Laguna Woods, Mission Viejo, Newport Beach, Orange, Rancho Santa Margarita, Santa Ana, and Tustin",1
"Cities of: Apple Valley, Cathedral City, Hermosa Beach, Morgan",1
"Cities of: Aradia, Bellflower, Carlsbad, Chico, Chino",1
"Cities of: Aradia, Carlsbad, Chico, Chula Vista, Claremont, Culver City, El Cajon, Lakewood, Lompoc, Monterey, Moorpark, Moreno",1
"Cities of: Arcadia, Azusa, Duarte, Glendora, Irwindale, La Verne, Los",1
"Cities of: Arcadia, Bakersfield, Lakewood, Merced",1
"Cities of: Arcadia, Burbank, Carson, Claremont, Culver City, El",1
"Cities of: Arcadia, Carlsbad, Chico, Chula Vista, Claremont, Culver City, El",1
"Cities of: Arcadia, Carlsbad, Chico, Chula Vista, Claremont, Culver City, El Cajon",1
"Cities of: Arcadia, Culver City, La Canada Flintridge, Lakewood, Los Angeles, Manhattan",1
"Cities of: Arcadia, Fountain Valley, Moreno Valley and Signal Hill",1
"Cities of: Arcadia, Lakewood, Los Angeles, Moreno Valley",1
"Cities of: Arcadia, Merced",1
"Cities of: Avenal, Coalinga, Hanford, and San Joaquin",1
Cities of: Azusa,1
"Cities of: Azusa, Berkeley, Brawley, Burbank, Calistoga, Capitola, Ceres, Chico, Centro, El Cerrito, Emeryville, Fort Bragg, Hillsborough, King City, Lathrop, Livingston, Lodi, Los Altos, Mill Valley, Monterey, Napa, Novato, Pasadena, Riverside, Salinas, San Jose, San Mateo, San Rafael, Santa Monica, South San Francisco, Turlock, Union City, Vista, Wasco, City",1
"Cities of: Azusa, Berkeley, Brawley, Burbank, Calistoga, Capitola, Ceres, Chico, Cloverdale, Colma, Cerrito, Emeryville, Fort Bragg, Hillsborough, King City, Lathrop, Livingston, Lodi, Los Altos, Los Angeles, Mill Valley, Monterey, Napa, Novato, Oakland, Pasadena, Riverside, Salinas, San Diego, San Jose, San",1
"Cities of: Bakersfield, Lakewood",1
Cities of: Baldwin Park,1
"Cities of: Baldwin Park, Banning, Bradbury, Chino, Diamond Bar, Moreno Valley, Redlands, Riverside, Temple City, Upland",1
"Cities of: Baldwin Park, Cudahy, None on file: Maywood, and San Fernando",1
"Cities of: Barstow, Chino Hills, Costa Mesa, Dana Point, Davis, El Cajon, Lake Elsinore, Los",1
"Cities of: Bell Gardens, Lomita, Los Angeles, Rolling Hills",1
"Cities of: Bell, Bellflower, Bell Gardens, Cerritos, Commerce, Culver City, Downey, Hawaiian Gardens, Lakewood, Lomita, Manhattan Beach, Montebello, Norwalk, Paramount, Pico Rivera, Santa Fe Springs, Signal Hill, Torrance, Whittier",1
"Cities of: Bellflower, Cerritos, Downey, Lakewood, Norwalk, Pico Rivera, Signal Hill, South Gate, Vernon, and Whittier",1
"Cities of: Bellflower, Downey, Signal HillCity of Rolling Hills",1
"Cities of: Belmont, Brisbane, Burlingame, Daly City, East Palo Alto, Foster",1
"Cities of: Belmont, Brisbane, Chino Hills, Dublin, Escalon, Fillmore, Gilroy, Los Altos, Milpitas, Monte Sereno, Moorpark, Moreno Valley, Newark, Ojai, Port Hueneme, Ripon, San Buenaventura, San Carlos, San Luis",1
"Cities of: Belmont, Burlingame, Daly City, Foster City, Half Moon Bay, Menlo Park, Millbrae, Pacifica, Redwood City, San Bruno, San Carlos, San Mateo, South San",1
"Cities of: Belvedere, Berkeley, Beverly Hills, Carmel-by-the-Sea, Claremont, Dana Point, Del Mar, Laguna Beach, Los Altos, Los",1
"Cities of: Benicia, Chino Hills, Chula Vista, Dana Point, Los",1
"Cities of: Benicia, Emeryville, Goleta, Oakland, Palmdale, West",1
"Cities of: Berkeley, Claremont, Culver City, Cupertino, Del Mar, Los Angeles, Manhattan Beach, Merced, Palo Alto, Piedmont, Santa Barbara, Santa Monica, Thousand",1
"Cities of: Berkeley, El Cerrito, Martinez, Richmond, and Sunnyvale",1
"Cities of: Berkeley, Morgan Hill, Saratoga, and Solano Beach",1
"Cities of: Berkeley,Davis, Morgan Hill, Saratoga, and Solano Beach",1
"Cities of: Beverly Hills, Concord, Cupertino, Diamond Bar, Los Altos, San Marcos, and Sunnyvale",1
"Cities of: Brea, Burlingame, Camarillo, Chico, Chino, Cloverdale, Colton, Corcoran, Delano, Dinuba, El Centro, Fontana, Fountain Valley, Hayward, Hesperia, La Habra, Lakeport, Los Alamitos, Manteca, Montclair, Palmdale, Rancho Cucamonga, Riverside, Roseville, San Bernardino, San Ramon, Santa Barbara, Santa Clarita, Temecula, Thousand Oaks, Tulare, Twentynine Palms, Yuba City",1
"Cities of: Brentwood, Hercules, Lafayette, Martinez, Richmond, and San Pablo",1
"Cities of: Brisbane, Burlingame, Daly City, Hayward, Mountain",1
"Cities of: Buena Park, Lakewood, Stockton",1
"Cities of: Burbank, Concord, Lakewood, and Rancho",1
"Cities of: California City, Lancaster, Ridgecrest, Tehachapi",1
"Cities of: Campbell, Cupertino, Gilroy, Los Gatos, Milpitas, Morgan Hill, Saratoga",1
"Cities of: Canyon Lake, Roseville, and San Diego",1
"Cities of: Carmel by the Sea, Gonzales, Marina, Monterey, Valley, and Seaside",1
"Cities of: Carmel-by-the-Sea, Salinas, Sand City, Santa Cruz, Seaside, Watsonville",1
"Cities of: Cathedral, Indio, La Quinta, and Palm Desert",1
"Cities of: Ceres, Commerce, Lakewood, Patterson, Pico",1
"Cities of: Cerritos, Costa Mesa, Highland, Moorpark, Palmdale, Placentia, Redding, and Vista",1
"Cities of: Cerritos, Fountain Valley, Glendora, Hanford, Palmdale, Palo",1
"Cities of: Cerritos, Fountain Valley, Sacramento, Visalia",1
"Cities of: Chino Hills, Corona, Davis, El Centro, Highland, Moreno Valley, National City, Oceanside, San Buenaventura, Santa Rosa, Torrance",1
"Cities of: Chula Vista, Corona, Hayward, Lake Forest, Los",1
"Cities of: Claremont, Temecula, and Moreno Valley",1
"Cities of: Claremont, Temecula, and Moreno Valley S",1
"Cities of: Claremont, Temecula, and Moreno ValleyS",1
"Cities of: Coalinga, Corocoran, Fowler, Fresno, Hanford, Lemoore, Shafter",1
Cities of: Corona,1
Cities of: Corona and Poway,1
"Cities of: Coronado, Cupertino, Dublin, Fillmore, Fremont, Gilroy, Los Altos, Milpitas, Monte Sereno, Moreno Valley",1
"Cities of: Culver City, El Cajon, Garden Grove",1
"Cities of: Culver City, El Segundo, Hawthorne, Lomita, Manhattan Beach, Palos Verdes Estates, Redondo Beach, Torrance, West Hollywood",1
"Cities of: Cupertino, Gilroy, Milpitas, Mountain View, Palo",1
"Cities of: Cypress, Lakewood, Norwalk, Sacramento, Selma, and Vista",1
"Cities of: Dana Point, Monterey, Morro Bay",1
"Cities of: Dana Point, Santa Fe Springs",1
"Cities of: Dinuba, Fowler, Kingsburg, Livingston, Los",1
Cities of: Duarte,1
"Cities of: Duarte, La Verne, Montclair, Ontario Pasadena",1
"Cities of: Eastvale, Fontana, Indian Wells, Jurupa Valley, Lake Elsinore, La Mirada, La Quinta, Menifee, Murrieta, Norco, Palm Desert, Santa",1
"Cities of: El Cajon, Indian Wells, La Mesa, Los Alamito, Chula Vista",1
"Cities of: El Segundo, Long Beach and Manhattan Beach",1
"Cities of: Fillmore, Ojai, Oxnard, San Buenaventura, and Simi",1
"Cities of: Fontana, Merced, Newport Beach, Oceanside, San",1
Cities of: Foster City and San Jose,1
"Cities of: Fountain Valley, Glendora, Hanford, Palmdale, Palo Alto, Rancho Cordova, Rancho Cucamonga, Salinas, San Francisco, Santa",1
"Cities of: Fresno, Merced, Visalia, Vista, Wasco, West Covina, and Whittier",1
"Cities of: Gilroy, Los Altos, Los Altos Hills, Milpitas, Monte",1
"Cities of: Hayward, King City, La Quinta, Merced, Palo Alto, Santa Maria, and Stockton",1
"Cities of: Hermosa Beach, Manhattan Beach, Rancho Palos Verdes, Rolling",1
"Cities of: Holtville, Indian Wells, Indio, La Quinta, Palm",1
"Cities of: Inglewood, Lomita, and Manhattan Beach",1
"Cities of: La Habra, San Clemente, Tustin, Buena Park, Stanton, Santa Ana, Placentia, San Juan Capistrano, Irvine, Fullerton, and Laguna Hills",1
"Cities of: Long Beach, Palm Desert, Poway, Sacramento, San: Diego, Santa Ana, Vista",1
"Cities of: Los Angeles, Moreno Valley",1
"Cities of: Los Angeles, Moreno Valley, Redding",1
"Cities of: Los Angeles, Sunnyvale",1
"Cities of: Madera, San Ramon, Vista, and Visalia",1
"Cities of: Moorpark, Oxnard, San Buenaventura, and Thousand",1
"Cities of: Moreno Valley, Oakland, Ontario, Rancho Cucamonga, Thousand Oaks, Victorville",1
"Cities of: Mountain View, Palo Alto",1
Cities of: Oakland: San Diego,1
"Cities of: Oakland: San Diego, San Francisco",1
"Cities of: Port Hueneme, Thousand Oaks",1
"Cities of: Salinas, Soledad",1
"Cities of:: Culver City, Diamond Bar, Irwindale, Monteclair, Moreno Valley",3
"Cities of:: Cupertino, Gilroy, Los Altos Hills, Los Gatos, Milpitas, Monte Sereno, Morgan Hill, Mountain View, Palo Alto, San Jos?, Santa Clara, Saratoga, Sunnyvale",1
"Cities of:Cerritos, Downey, Lakewood, Long Beach, Manhattan",1
"Cities of:Dana Point, Hayward, King City, La Quinta, Merced, Palo Alto, Stockton, Torrance, San Luis",1
"Cities, California Landscape Contractors",2
"Cities, California State Association of Counties",1
"Cities, League of California Cities (Los Angeles County Division), Metal Finishing",1
"Cities, Lower Tule River Irrigation District, Madera Irrigation District, Modesto Irrigation",1
"Cities, Marin County Board of Supervisors, Palo",2
"Cities, Milk Producers Council, Sonoma County",1
"Cities, Norcal Waste Systems, Inc., Physicians",1
"Cities, Planet Aid, U'SAgain",1
"Cities, Regional Council of Rural Counties",1
"Cities, San Marcos Chamber of Commerce, Star",1
"Cities, Sharps Compliance, Inc., Sierra Club",1
"Cities/Towns of Apple Valley, Arroyo Grande, Atascadero, Bellflower, Buellton, Camarillo, Ceres, Chula Vista, Claremont, Commerce, Coronado, Cotati, Culver City, Daly City, Dana Point, Dixon, El",1
"Cities: Atascadero, Buena Park, Claremont, Milpitas, Montebello, Mountain View, Santa Barbara, Yorba Linda",1
"Citizen, Inc., Solano County Water Agency, Sonoma County Water Agency, Southern California",1
"Citizens Against Lawsuit Abuse - Los Angeles Chapter, Orange County Chapter, San Diego Chapter AdvaMed",8
Citizens Against Lawsuit Abuse of Central,1
"Citizens Climate Lobby, Friends Committee on Legislation of California, Community Environmental Council",1
Citizens of Needles Claypool and Company,1
"City Council, Californians Against Waste, California Air Pollution Control Officers",1
"City Council, Inquilinos Unidos, International",1
City Culver City Cypress Dana Point,1
"City Managers' Association, Association of California Water Agencies",1
"City Mopars, Communities for a Better",1
"City Police Department's of Escondito, LaHabre, Barstow, Modest, Monrovia, Whittier, Santa Ana, San Bernardino, Fremont, Palm Springs, Santa Cruz, Twin Cities, Sonora, El Cajon, Inglewood, Fresno, Fullerton, Santa Barbara, Brea, Brentwood, San Bruno, Atwater, Irvine, Foster City, Benicia, Waterford, Antioch, Jackson",1
City Police Departments of: Alameda,1
"City Police Departments of: Alhambra, Azusa, Inglewood, La Verne, Long",1
"City Police Departments of: Azusa, La Verne, and Monrovia",1
City and County of San Francisco (prior version) Plumbing-Heating-Cooling Contractors Association of California Western Electrical Contractors Association,1
City of AB 2010 - 06/20/94 Lakewood,1
City of AB 618 (Cogdill) Marina Department of Public Safety,1
City of Adelanto: City of Beaumont,1
City of Alameda |City of Maywood |City of Temple,1
City of Alameda |City of Millbrae |City of Ventura,1
"City of Alhambra (as amended February 27, 2006): Alameda Arcadia",1
City of Alhambra |City of Menlo Park |City of Thousand Oaks,1
City of Alliance for Regional Solution to Airport Congestion,1
City of Antioch |City of Merced |City of Torrance,1
City of Antioch |City of Mission Viejo |City of Visalia,1
City of Arcadia |City of Mill Valley |City of Tracy,1
City of Arcadia |City of Modesto |City of Vista,1
City of Arcata |City of Millbrae |City of Tustin,1
City of Arcata |City of Monrovia |City of Walnut,1
City of Arroyo |City of Mission Viejo |City of Upland,1
City of Arroyo |City of Monterey |City of Walnut Creek,1
City of Arvin Sierra Club California,2
City of Azusa |City of Modesto |City of Vacaville,1
City of Azusa |City of Monterey Park |City of West Covina,1
City of Bakersfield |City of Monrovia |City of Ventura,1
City of Bakersfield |City of Moorpark |City of West,1
City of Banning |City of Monterey |City of Vernon,1
City of Banning |City of Moreno Valley |Hollywood,1
City of Beaumont |City of Monterey Park |City of Victorville,1
City of Bellflower The Trust for Public Land,2
City of Bellflower |City of Moorpark |City of Visalia,1
City of Bellflower |City of Morro Bay |City of Whittier,1
City of Bellflower: Concord,1
City of Belmont |City of Moreno Valley |City of Vista,1
City of Belmont |City of Mountain View |City of Woodland,1
"City of Belmont, California Association of LAFCOs, California Special Districts Association",1
City of Beloit Property Managers Association,1
City of Benicia |City of Morro Bay |City of Walnut,1
City of Benicia |City of Mt. Shasta |City of Yreka,1
City of Berkeley |City of Mountain View |City of Walnut Creek,1
City of Berkeley |City of Murrieta |City of Yuba City,1
"City of Berkeley, City and County of San",1
"City of Berkeley, City and County of San Francisco, Claremont, Cucamonga",1
"City of Berkeley: Cultiva La Salud, Day One",1
City of Beverly Hills Gateway Cities Council of Governments League of California Cities,1
City of Beverly Hills |City of Mt. Shasta |City of West Covina,1
City of Blue Lake |City of Murrieta |City of West,1
City of Blue Lake |City of Nevada |City of Yucaipa,1
City of Bradbury |City of Nevada |Hollywood,1
City of Brea |City of Norwalk |City of West,1
City of Brentwood |City of Novato |Sacramento,1
City of Buena Park |City of Oakland | San Mateo County,1
City of Buena Park |City of Oakland |City of Whittier,1
City of Burbank & the Burbank Redevelopment Agency,1
City of Burbank |City of Oceanside |City of Woodland,1
City of Burlingame: City of Daly City,1
City of Calabasas |City of Oceanside |City/County of San,1
City of Calabasas |City of Ontario |City of Yreka,1
City of California League of Conservation Voters,1
City of Calistoga |City of Ontario |Francisco,1
City of Calistoga |City of Orange |City of Yuba City,1
City of Camarillo |City of Pacific Grove |City of Yucaipa,1
City of Campbell |City of Orange |Community Media,1
City of Campbell |City of Pacifica |City of Yucca Valley,1
City of Capitola |City of Pacific Grove |Access Partnership,1
"City of Carlsbad Claude A. ""Bud"" Lewis",1
City of Carlsbad |City of Pacifica |Contra Costa County,1
City of Carpinteria |City of Palm Desert |County of Monterey,1
City of Carpinteria |City of Palo Alto | San Mateo County,1
City of Carson |City of Palmdale |County of Nevada,1
City of Carson |City of Palos Verdes |City/County of San,1
City of Ceres |Estates |Francisco,1
City of Cerritos | |Community Media,1
City of Cerritos |City of Palo Alto |County of Sacramento,1
City of Chico | |Access Partnership,1
City of Chico |City of Palos Verdes |County of San,1
City of Chino Hills |City of Paramount |County of Santa,1
City of Chino Hills |Flintridge |County of Los Angeles,1
"City of Chino Hills, League of California Cities",2
"City of Chino Hills, League of California Cities, Baldy View Region Building Industry Association",1
City of Chino |City of La Canada |Contra Costa County,1
City of Chino |Estates |Bernardino,1
City of Chula Vista City of Chula Vista,1
"City of Chula Vista, California Association of Sanitation Agencies, Association of Bay Area",1
"City of Chula Vista, California Association of Sanitation Agencies, Association of Bay Area Governments",1
"City of Chula Vista, National City",1
City of Citrus Heights SacRT,1
City of City of Buena Park,1
City of City of Chico/ Homeless Task Force,1
City of City of Costa Mesa,1
City of City of Irvine,1
City of City of National City City of UkiahCity,1
City of City of South San Francisco Counties of San Mateo,1
City of City of Tustin,1
City of Claremont City of Placentia,1
City of Claremont |City of La Mesa |County of Monterey,1
City of Claremont |City of Pasadena |Barbara,1
City of Clayton |City of Paramount |County of Nevada,1
City of Clayton |City of Petaluma |County of Santa Cruz,1
City of Cloverdale | |El Dorado Hills,1
City of Cloverdale |City of Pasadena,1
City of CloverdaleCity of Clovis,1
City of Clovis | |Community Svc Dist,1
City of Clovis |City of Patterson,1
City of Compton |City of Pittsburg | Consumer Rights,1
City of Compton |City of Pleasant Hill |Association,1
City of Concord |City of Pleasant Hill |Las Virgenes-Malibu,1
City of ConcordCity of Corte Madera,1
"City of Conservation League, Sacramento Municipal",1
City of Corning CONTINUED AB 1397 David L. Snowden,1
City of Coronado San Diego Association of Governments,1
City of Coronado |City of Porterville |Supervisors,1
"City of Coronado, League of California Cities",1
City of Costa Mesa |City of Porterville | Governments,1
City of Costa Mesa |City of Poway |Las Virgenes-Malibu,1
City of Costa Mesa: Fremont City Council,1
City of Cotati |City of Poway |League of CA Cities,1
City of Councilman Rudy Ramirez City of Culver City,1
City of County of Placer,1
City of County of San Francisco City of Chula Vista,1
City of County of San Francisco City of San Ramon Councilmember Scott Perkins League of California Cities Mayor Tom Tait,1
City of County of San Francisco County of Butte,1
City of County of San Francisco League of California Cities Santa Cruz Local Agency Formation Commission,1
City of County of San Mateo,1
City of County of Yolo,1
City of County of Yuba,1
City of Covina |City of Rancho Cordova |League of CA Cities,1
City of Covina |City of Rancho | Governments,1
City of Culver City |City of Rancho Mirage,1
City of Culver City |Cucamonga |League of CA Cities,1
City of Cupertino |City of Rancho Mirage |League of CA Cities,1
City of Cupertino |City of Rancho Palos |League of CA Cities,1
City of Cypress |City of Rancho Palos |LA Division,1
City of Cypress |Verdes |City of Morro,1
City of Daly City |City of Red Bluff | Bay,1
City of Daly City |Verdes |League of CA Cities,1
City of DanvilleCity of Diamond Bar,1
City of Davis Clean Path Ventures State Superintendent of Public Instruction,1
City of Davis |City of Red Bluff |City of Morro,1
City of Del Mar and City of Solana Beach Fire Department,2
City of Del Mar |City of Redding | Bay,1
City of Del Mar |City of Redding |Livermore City,1
City of Diamond Bar |City of Redlands |Council,1
City of Diamond Bar |City of Redlands |League of Women,1
City of Downey |City of Redondo Beach |Jim Madaffer,1
"City of Downey |City of Redondo Beach |Jim Madaffer, | |City of Duarte |City of Redwood City |Councilmember",1
City of Downey |City of Redondo Beach |Voters,1
City of Duarte |City of Redwood City |Councilmember,1
City of Duarte |City of Redwood City |Livermore City,1
City of DublinCity of Eastvale,1
City of El Cajon |City of Rohnert Park |Council,1
City of El Cajon |City of Rohnert Park |Marin,1
"City of El Cajon, City of Norco",1
City of El Cerrito |City of Rolling Hills |Jim Madaffer,1
City of El Dorado |Estates |Agency,1
City of El Dorado |Estates |Councilmember,1
City of El Segundo Southern California Association of Governments,1
City of El Segundo Westdale Homeowner Association,1
City of El Segundo |City of Rolling Hills |Telecommunications,1
City of El Segundo |City of Roseville |Telecommunications,1
City of Elk Grove |City of Roseville |of Supervisors,1
City of Elk Grove |City of Sacramento |Agency,1
"City of Elk Grove, City of Fremont",1
City of Emeryville |City of Salinas |Mayors and Council,1
City of Encinitas |City of San Bernardino |Members,1
City of Encinitas |City of San Bernardino |Supervisors,1
City of EncinitasCity of Escondido,1
City of Escondido |City of San Clemente |Mayors and Council,1
City of Fairfax |City of San Diego |Members,1
City of Fairfax |City of San Diego |Sonoma County,1
City of Fairfield |City of San Dimas |Judith Mitchell,1
City of Fillmore |City of San Jose |Sonoma County,1
City of Folsom |City of San Gabriel |Judith Mitchell,1
City of Fontana and City of Chino,1
City of Fontana |City of San Juan |Councilmember,1
City of Fort Bragg |Capistrano |Monterey County Board,1
City of Fort Bragg |City of San Jose |Councilmember,1
City of Fortuna |City of San Gabriel |Monterey County Board,1
City of Fortuna |City of San Leandro |of,1
City of FortunaCity of Atascadero,1
City of Foster City |City of San Juan |of,1
City of Foster City |City of San Luis | Supervisors,1
City of Fountain |Capistrano | Supervisors,1
City of Fountain |Obispo |Monterey County,1
City of Fremont |City of San Luis |Mayors' Assn,1
City of Fremont |City of San Mateo |Public Access,1
City of FremontCity of Fullerton,1
City of Fresno California Professional Firefighters U.S. Bureau of Alcohol,1
City of Fresno Monte Verde Ranch Tos Farms,3
City of Fresno |Obispo |Public Access,1
City of Garden Grove |City of San Rafael |Calaveras,1
City of Gardena |City of San Mateo |Calaveras,1
City of Gardena |City of Santa Ana | County,1
City of Gilroy |City of San Pablo | County,1
City of Gilroy |City of Santa Barbara |Public Cable,1
City of GlendoraCity of Goleta,1
City of Goleta |City of Santa Ana |Public Cable,1
City of Goleta |City of Santa Clara |Television Authority,1
City of Grover Beach |City of Santa Barbara |Television Authority,1
City of Grover Beach |City of Santa Cruz |Gloryanna Rhodes,1
City of Hawaiian |County of Sacramento |Mayor,1
City of HaywardCity of Hesperia,1
"City of Hemet, Consumer Action, Consumers Union, Environmental",1
City of Hercules |Bernardino |Rohnert Park City,1
City of Hesperia [SPONSOR] CA State Association of Counties,1
City of Highland Upland,1
"City of Highland, Costain Homes",1
"City of Highland, Greater Riverside Chamber of Commerce",1
"City of Hillsborough: Samceda, San Mateo County Transit District",1
City of Hollister |City of Santa Cruz |Gloryanna Rhodes,1
City of Hollister |County of Santa |Council,1
"City of Hope National Medical CenterColor Health, INC",1
City of Hughson | |Mayor,1
City of HughsonCity of Huntington Beach,1
"City of Huntington Beach, Endangered Habitats League, Long Beach Water",1
City of Huntington Beach: State Coastal Conservancy,1
City of Huntington BeachLakewood,1
City of Huntington | | Lathrop,1
City of Huntington |Community Svc Dist. |Cable Television,1
City of Huntington |County of Santa Cruz |Supervisors,1
City of Imperial | |Council,1
City of Imperial | |San Diego Association,1
City of Inc. Contra Costa Solid Waste Authority Counties of Los Angeles,1
City of Inc. Del Norte Disposal Edco Disposal,1
City of Inc. Feather River Disposal,1
City of Inc. Fontana Rubbish Collectors,1
City of Inc. Foothill Disposal Gilton Solida Waste Management,1
City of Inc. Golden Gate Disposal Grass Valley Disposal,1
City of Inc. Inland Empire Recycling Integrated Environmental Systems Jack's Disposal & Recycling Service Laidlaw Waste Systems League of California Cities Los Altos Garbage Company Marin Recycling & Resource Recovery Association Marin Sanitary Services Mark's Disposal Mashburn Waste & Recycling Services Napa Garbage Service,1
City of Inc. Norcal Waste Systems,1
City of Inc. Operating Engineers Local Union No. 3 Oroville Solid Waste Disposal,1
City of Inc. Rainbow Disposal Co,1
City of Inc. Rainbow Transfer/Recycling,1
City of Inc. Rancho Disposal Service,1
City of Inc. Richmond Sanitary Services Salinas Disposal Services,1
City of Inc. Sacramento Valley Environmental Waste Disposal San Bruno Garbage Company Sanitary Fill Company Solid Waste Association of North America South Tahoe Refuse Co. Inc. South Valey Refuse Disposal,1
City of Inc. Specialty Solid Waste,1
"City of Indio, City Of Lakewood, City Of Norwalk",1
City of Industry | | Governments,1
City of Inglewood | |San Diego County,1
City of Inglewood | |Supervisors,1
"City of Inglewood, Simi Valley, and Torrance",1
City of Irvine | |Sac. Metropolitan,1
"City of Irvine, Independent Cities Association, Lake Forest City Council, League of California",1
City of Irwindale Public Water Agencies Group Reclamation District No. 108 San Bernardino Valley Water Conservation District San Diego Association of Governments South Bay Cities Council of Governments Towns of: Apple Valley,1
City of Irwindale | | Supervisors,1
City of Jackson California Peace Officers Association California Police Chiefs Association Alameda County Sheriff California Organization of Police,1
City of La Canada | |Cable Television,1
City of La Mesa | |San Diego County,1
City of La Mirada City of La Puente,1
City of Lakewood [SPONSOR] Association of CA Water,1
"City of Lakewood, California Municipal Utilities League",1
"City of Lakewood, Costco Wholesale, Wal-Mart",1
"City of Lakewood, Planning and Conservation League, Sierra Club",1
"City of Lakewood, United Water Conservation",1
"City of Lakewood, and City of San Marcos, Town of Loomis",1
"City of Lancaster, BOE Member George Runner, Northrop Grumman",1
"City of Lancaster, Lancaster Chamber of Commerce, Lancaster",1
City of Lathrop Rohnert Park City Council Sacramento County Board of Supervisors Sacramento Metropolitan Cable Television Commission San Diego County Board of Supervisors San Mateo County Telecommunications Authority Santa Barbara Channel Santa Clara County Board of Supervisors Santa Rosa Community Media Center Sutter Medical Center of Santa Rosa Towns of Apple Valley,1
City of League of California Cities Inland Empire Division,1
"City of Lincoln, East Bay Municipal Utility District, Eastside",1
City of Livermore: City of Oakland,1
"City of Lodi, Kautz Farms, San Joaquin County Supervisor Jack Sieglock",1
City of Long Beach and numerous private citizens,1
City of Long Beach and the Los Angeles County,2
"City of Los Altos Hills St. Vincent De Paul Society, San Mateo County",3
"City of Los Altos Hills St. Vincent De Paul Society, San Mateo County Samaritan House Western Fairs Association California State Association of Counties",1
City of Los Angeles American Federation of State,2
City of Los Angeles Atlantic Recovery Services California Charter Schools Association City of Huntington Park,1
City of Los Angeles Councilmember Bill Rosendahl: City of Lomita,1
City of Los Angeles County Division Towns of Apple Valley,1
City of Los Angeles Sonoma County District Attorney,1
City of Los Angeles and Friends Committee on Legislation,1
City of Los Angeles and Los Angeles County,1
"City of Los Angeles, American Planning Association-California",1
"City of Los Angeles, California Airports Council, Bob Hope",1
"City of Los Angeles, California Land Surveyors Association, County Recorders Association of California, California State Association of Counties, Regional Council of Rural Counties, County of Butte",1
"City of Los Angeles, California State Association of Counties",1
"City of Los Angeles, Clean Power",1
"City of Los Angeles, Coalition for a Safe Environment, Consumer Attorneys of California, Desert Citizens Against Pollution, East Yard Communities for Environmental Justice, Environmental Working Group, Los Angeles County Board Of Supervisors, Los Angeles County Solid Waste Management Committee/Integrated Waste Management Task Force, Mothers of East Los Angeles, Prouno, South Coast Air Quality Management District",1
"City of Los Angeles, Executive Council of Homeowners",2
"City of Los Angeles, Harbor Association of Industry & Commerce",1
"City of Los Angeles, and the City of Oakland",1
City of Mayor Andrew Weissman City of Martinez,1
City of Mayor Bill Bogaard City of Walnut Creek,1
City of Mayor Cindy Silva City of West Hollywood,1
City of Mayor Rob Schroder City of Pasadena,1
"City of Milpitas, Community Environmental Council, Community",1
City of Montclair Communications Workers of America,1
City of Montclair L. D. King Inc,1
"City of Municipal Employees Local 1902, Maywood Mutual Water",1
City of Murrieta Wildomar Chamber of Commerce,1
City of National City City of UkiahCity,1
City of National City Ralph Inzunza,1
"City of Navy, Department of the, Commander Navy Region Southwest",1
City of Oakland and the City of West,1
"City of Oakland, Crossroads, Inc",1
City of Oakland.: Clovis,1
City of OceansideCity of Merced,1
City of Orange County Alameda Reuse,1
City of Orange County Supervisors Coad,1
City of Orange County Transportation Authority,1
"City of Palm Desert: League of California Cities, Tarzana Neighborhood Council, California State Association of Counties, Chatworth Chamber of Commerce, Woodland Hills Home Owners Association",1
City of Palm Springs Redevelopment Agencies of Carson,1
"City of Palmdale, Northrop",1
"City of Palo Alto, Stanford University",1
City of Palos Verdes Peninsula Chamber of Commerce,1
City of Pinole Courage California,1
City of Pittsburg |Hispanic National Bar,1
City of Porterville/Porterville Redevelopment Agency,1
City of Poway Oppose as Amended: League of California Cities,1
"City of Poway, Community College League of California, Independent Cities Association, League of California Cities",1
"City of Poway, Community College League of California, League of California Cities",1
"City of Poway, Riverside County Board of Supervisors, Santa Ana Watershed Project Authority",1
City of Rancho Cucamonga City of Bell Gardens,2
City of Rancho Cucamonga and City of Chino Hills,1
City of Redding and County of Shasta,1
"City of Redding, Glen County Board of Supervisors, Plumas County Fire Warden, Shasta",1
"City of Redlands, League of California Cities, American Planning Association-California",1
"City of Redlands, League of California Cities, American Planning Association-California Chapter",1
"City of Redlands, League of California Cities, American Planning Association-California Chapter, California Association of LAFCOs, Orange LAFCO",1
"City of Research, Regional Council of Rural Counties",1
"City of Rialto, Public Law Section of the State",1
City of Riverside CONTINUED AB 1397 Larry Smith,1
"City of Rolling Hills Estates |Thomas Properties Group, Inc",1
"City of Roseville Police Department Undersheriff Stephen D'Arcy, Placer County Brian Rauschlinger, Facilities Manager",1
"City of Roseville, Contra Costa Transportation Authority, Environmental Health Coalition, Humboldt County Association of Governments, Lincoln Area Chamber of Commerce, LiUNA , Placer County, Placer County Association of Realtors, Placer County Transportation Planning Agency, Placer County Visitor's Bureau, Rocklin Area Chamber of Commerce, Roseville Area Chamber of Commerce, Sacramento Area Council of Governments, San Diego 350, Solano Transportation Authority, Ventura County Transportation Commission, Westpark Communities, Yolo County",1
City of Sacramento City of Santa Rosa,2
City of Sacramento County,1
City of Sacramento County of Los Angeles,1
City of Sacramento Los Angeles-San Diego-San Luis,1
"City of Sacramento Police Department Brad Fennocchio, Placer County District Attorney Chief Tom Simms",1
City of Sacramento Police Sacramento County Sheriff's Department,1
"City of Sacramento, 350 Sacramento Transportation Team, Sacramento Regional Transit District",1
City of Sacramento. Alta Irrigation District,2
City of Sacramento. County of Alameda,1
City of Sacramento. SB 695 - 04/27/93 Alta Irrigation District,1
City of San Bernardino Area Chamber of Commerce,1
City of San Bruno County of Santa Clara,1
City of San CarlosCA Assoc. of LAFCOS Harbor Industrial Assoc,1
City of San Diego County of Orange,1
City of San Diego Grantville Action Group League of CA Cities,1
City of San Diego NCTD The Train Coalition,2
City of San Diego San Diego-Imperial Counties Labor Council,1
City of San Diego Smart Justice California,1
City of San Diego and City of Oakland,1
City of San Diego and the Natural Resources Defense Council,1
"City of San Diego, City and County of San Francisco",1
"City of San Diego, East Bay Municipal Utility",1
"City of San Diego, Gregory Canyon Landfill",1
"City of San Diego, Natural Resources Defense Council, San Diego",1
"City of San Diego, Sierra Club",1
City of San Diego. The City of San Diego,1
City of San Francisco Plumbing-Heating-Cooling Contractors Association of California Western Electrical Contractors Association,1
"City of San Gabriel, SB 1374 - Cedillo City of San Jose",1
"City of San Joaquin, Inter-Regional Partnership, San",1
City of San Jose American Planning Association,1
City of San Jose Counties of Alameda,1
City of San Jose Santa Clara Valley Transportation Authority Sonoma County Board of Supervisors,1
"City of San Jose, Golden Gate Audubon Society, San Francisco Bay Conservation and Development",1
City of San Juan Capistrano (sponsor) Consumer Attorneys of California,1
City of San Juan Capistrano Consumer Attorneys of California,1
"City of San Luis Obispo Khatchik H. ""Katcho"" Achadjian",1
City of San Marcos Cities of Fountain Valley,1
City of San Mateo: City of Merced,1
City of Santa AB 1191 - 06/25/96 Barbara,1
"City of Santa Ana, Council of California Goodwill Industries, County",1
City of Santa Barbara County Coalition Counties of Alameda,1
"City of Santa Cruz, California Professional Firefighters",1
City of Santa Cruz: Clean Water Action,1
"City of Santa Monica, City Of Thousand Oaks, City Of Torrance, CTIA - the Wireless Association, League of California Cities, MuniServices",1
City of Santa RosaCity of Santee,1
City of SelmaCity of Signal Hill,1
"City of Shafter, Sierra Club California, 1",1
"City of Signal Hill Cities of Alhambra, Arcadia, Azusa, Bell Gardens, Carson, Cerritos, Claremont, Commerce, Culver City, Diamond Bar, Downey, El Segundo, Hermosa Beach, Industry, La Puente, Lomita, Long Beach, Monterey Park, Palos Verdes Estates, Pasadena, Rancho Palos Verdes, Rosemead, San Dimas, Santa Fe Springs, Sierra Madre, South El Monte, South Gate, Temple City, Torrance, Walnut, West Covina, West Hollywood, and Whittier",1
"City of Simi Valley, Rancho Simi Recreation and Park District, Ventura County Supervisors Peter Foy",1
City of South AB 1191 - 06/17/96 Pasadena,1
City of South El Monte American Civil Liberties Union,1
City of South El Monte [SPONSOR]American Civil Liberties Union,1
City of South El MonteAmerican Civil Liberties Union,1
City of South San Francisco County of San Mateo Towns of Coloma,1
City of Stockton Counties of Los Angeles,1
"City of Stockton, Department of Parks and Recreation, Clean Water Action, Colusa",1
"City of Stockton, San Joaquin County, San Joaquin",1
"City of Sunnyvale, League of California Cities, HMR: Los Angeles and San",1
City of Thousand Oaks Civicwell,1
"City of Thousand Oaks, County Sanitation",1
City of Thousand Oaks: Independent Cities Association,1
City of TulareCity of Tustin,1
"City of Victorville, Town of Apple Valley",1
City of Visalia City of Wasco,1
"City of Visalia, Tulare Chamber of Commerce",1
City of VisaliaCity of Vista,1
City of Walnut Creek Contra Costa County Mayors' Conference County of Alameda Debora Allen,1
City of Watsonville Police Departments of Folsom,1
"City of Watsonville, Coleman Advocates for Children, Committee for Better Banks, Common Defense, Commonomics USA, Communities for a Better Environment, Community Financial Resources, Conejo 350 San Fernando Valley, Consumers for Auto Reliability and Safety, Cooperation Humboldt - Eureka, Cooperative Center Federal Credit Union",1
City of West Covina Association of CA School Administrators CA Association of School Business Officials CA Community College Trustees CA Contract Cities Association CA School Boards Association Chief Executive Officers of the Community Colleges Cities of: Alhambra,1
City of West Covina San Bernardino County Sheriff's Department California Peace Officers' Association California Police Chiefs' Association Sacramento County Deputy Sheriffs' Association,1
City of West Covina Santa Fe Irrigation District Town of San Anselmo William Matthew Ditzhazy,1
"City of West Hollywood Counties of Alameda, Marin, San Mateo, Santa Clara, Santa",1
"City of West Hollywood Counties of Alameda, Marin, San Mateo, Santa Clara, Santa Cruz",1
"City of West Hollywood, Coalition for Practical Regulation, Foss",1
"City of West Hollywood, League of California Cities, US Fleet Leasing, San Mateo Chamber of Commerce, State Board of Equalization",1
City of Westminster and the Westminster Chamber of Commerce,1
"City of Westminster, and the County of Stanislaus",1
City of Wheatland City Garbage of Eureka Consolidate Volume Transporters Consolidated Debris Box Services,1
City of Whittier Contra Costa County Environment California Latino Caucus League of California Cities Monterey County Mayors' Association Natural Resources Defense Council Regional Council of Rural Counties Sierra Club California Rohnert Park City Council,1
City of Whittier Los Angeles County District Attorney,1
City of WhittierCity of Yucaipa,1
City of Winters City of Chula Vista,1
City of Winters Counties of Alameda,3
City of Woodland District Attorneys of the County of Alameda,1
City of Woodland Monterey Bay Unified Air Pollution Control District Monterey County Mayors' Association Salinas Area Chamber of Commerce,1
"City of Woodland, Association of California Water Agencies",1
City of Yorba Linda Orange County Fire Authority,1
City of Yreka Congress of California Seniors Congressman Wally Herger Counties of Del Norte,1
City of Yuba City League of CA Cities Los Angeles Division,1
City of Yuba County Sanitation Districts of Los Angeles Davis Waste Removal Co,1
City of Yuba Riverkeeper,1
City of Yuba VA Northern California Health Care System Martinez Economic Development Corporation of Shasta County Gray Panthers Korean War Veterans Association,1
City of Yucaipa City/County Association of Governments of San Mateo County City/County of San Francisco Community Media Access Partnership County of Contra Costa,1
City of the City of Chino Timewarner Cable Dimension Cable Services Los Angeles County District Attorney Colony Cable Vision,1
City |Address |Zip |Vouchers,1
City |Pan|Organiza|Arbitrati| Is |Initial|Second|Public|Pois|Issues,1
"City, Planning and Conservation League, Sierra",1
Civil Justice Association of California and a coalition of local government agencies led by the League of California Cities,1
Civil Justice Association of California and the California Chamber of Commerce,1
Clara County - SupportPacific Bell,1
"Clara Valley Water District, Sierra Club, Planning and Conservation League, Los Angeles",1
"Claremont, El Monte, Irwindale, Pomona, Redding, San Gabriel, San Marino, South Pasadena, West Covina",1
ClaremontClayton Clearlake Clovis Coalinga,1
"Clark Lumber Company, Inc., Novato Builders",1
"Clark Terrace and Clark Terrace II, Norco",1
"Clean Air, Desert Citizens Against Pollution, East Bay Municipal Utility District, Gray",1
"Clean Air, Planning and Conservation League, Sierra Club",1
Clean Power Campaign and the California Wind Energy Association,2
"Clean Power Campaign, Sierra Club",1
Clean Water Action and Community Water Center,2
"Clean Water Action, Natural Resources Defense",1
"Clean Water Action, San Francisco Baykeeper, Save The Bay",1
"Clean Water Action, Sierra Club California",1
"Cleaners, California Nurses Association, California League of Conservation Voters, California Safe Schools, California Teamsters",1
"Cleaners, Paramount Academy, PCS, Inc., Planning and Conservation League, Pressing",1
"ClearWater Tech: DEL Industries, Inc., Simply Fresh Fruit, Whole Foods Market, One individual",2
Clearlake Police Department Rice Fuller,1
"Climate Center, The Defenders of Wildlife",1
Climate Change Coordinating Committee Brad Wagenknecht,1
Climate HubRob Haw,1
Climate Institute Michael MacCracken,1
Climate Institute Nasir Khattak,1
Climate Justice Team of the First Unitarian Universalist Church of San Diego Community Environmental Council,1
Clinical Professor of Medicine at UCSF Public Knowledge Public Library of Science Rageshree Ramachandran,1
"Clinical Social Work, California State Bar, Family Law Section",1
"Clorox Company, Coalition of Independent Recyclers, Consumer Healthcare",1
"Club California, Planning and Conservation League",1
"Club California, Southeast Asian Community",1
"Club California, Southern California Federation",1
"Club California, Surfers Tired of Pollution, Surfrider Foundation, The Bower Fund, WaterKeepers Northern California, United States",1
"Club California, The Ocean Conservancy, Union",1
"Club of Pleasanton, The Guardians of Liberty, Placer County Republican Party, Regional",1
"Club, Concerned Citizens of South central Los",1
"Club, Natural Resources Defense Council, Planning and Conservation League, Surfers Tired of Pollution",1
"Club, South Tahoe Public Utility District, Southern California Marine Association, Vallejo",1
"Club, Western Center on Law and Poverty",1
"Club-California, Clark and Gudren Beck",1
Co-Sponsor AFSCME Local 2700 International Federation of Professional & Technical Engineers (IFPTE),1
Co-Sponsors: City of San Diego and Save Our Heritage,1
Co-sponsor California Association of County Veterans Service Officers California State Commanders Veterans Council,1
"Co. Inc., Reynolds Metals Company, SC Johnson",1
"Co., West Coast Protective League, Zeller & Gmelin Corp",1
Coachella Valley Housing Coalition Farmers Home Administration,1
"Coachella Valley Water District, Desert Valleys Builders Association",1
"Coachella Valley Water District, Desert Water Agency, Eastern",1
"Coalition Against Sexual Assault, Crime Victims United of California, CA",1
"Coalition California Welfare Rights Organizations, Inc. Jericho Lambda Letters",1
Coalition for A Safe Environment |San Francisco Medical Society,2
Coalition for Adequate School Housing County School Facilities Consortium School Energy Coalition State Building & Construction Trades Council of California State Superintendent of Public Instruction,1
Coalition for Adequate School Housing KyotoUSA,1
Coalition for Adequate School Housing School Energy Coalition State Building & Construction Trades Council of California State Superintendent of Public Instruction,1
"Coalition for Adequate School Housing, Community College Facility Coalition, Community College League of California, Compton Unified School District, County School Facilities Consortium, Corona-Norco Unified School District",1
"Coalition for Adequate School Housing, Community College Faculty Coalition",1
"Coalition for Clean Air, Ella Baker Center, NAACP, California",1
Coalition for Family Equity (sponsor)Coalition of Parent Support,1
"Coalition for Youth, Campaign for California Families, Committee on Moral Concerns",1
Coalition for a Just and Equitable California (Prior version) National Assembly of American Slavery Descendants,1
"Coalition of California Utility Employees, California Labor Federation",1
"Coalition of California Utility Employees, California State Pipe Trades Council, California State Association of Electrical Workers and the Western",1
Coalition of Energy Users Small Business Action Committee,1
Coalition on the Environment and |Union of Concerned Scientists,1
Coalition to Stop Gun Violence Los Angeles County District Attorney's Office San Bernardino County Sheriffs,1
"Coalition, California Chamber of Commerce, County Recorder Association of California",1
"Coalition, Clean Power Campaign, Natural",1
"Coalition, Clean Water Action, Planning and Conservation",2
"Coalition, East Bay Dischargers Authority, San",2
"Coalition, Energy Technology Training Center, Environmental Health Coalition, FleetStar, Inc., Hayward Unified School District, Los",3
"Coalition, Olive Branches, Peninsula Habitat",1
"Coalition, Orange County Private Sector Task",2
"Coalition, Organizacion en California de",1
"Coalition, Physicians For Social",1
"Coalition, Planning and Conservation League, Santa Cruz County, Zanker Road Resource",1
"Coalition, Specialty Equipment Market",1
"Coalition, the Campaign for California Families, the Capitol",1
CoalitionCenter for Responsible Lending,1
"Coast, Sacramento, San Luis Obispo, Santa Clara County, Shasta, Solano/Napa, Southern California, Stockton, Valley, Inc",1
"Coastal Commission, California League of Conservation Voters, California Public Interest",1
Coastkeeper Alliance and the Sierra Club of California,1
Collateral Lenders and Secondhand Dealers Association Association for Los Angeles Deputy Sheriffs,1
"College of Obstetricians and Gynecologists, District IX (ACOG), the American Academy of Pediatrics and many others",1
"College. Other: JWCH Institute, Inc",1
Collins Pine Company |Wadham Energy LP,1
"Colmac Energy, Inc. |Waste Management Inc",1
Colored People (San),1
Colusa County CONTINUED AB 1397 Anthony F. Cardenas,1
"Colusa County, Glenn County, Humboldt County",1
"Commerce, California Manufacturers and Technology Association, Computing Technology",1
"Commerce, North San Joaquin Water Conservation District",1
"Commerce, Pacific Utility Equipment Company, Warehousemen's Union",1
"Commerce, the California Manufacturers Association and the Association of California Life and Health Insurance",1
CommerceConcord Corcoran Corning Corona,1
"Commercial Real Estate Development Association, Computing Technology Industry Association",1
"Commission on Peace Officers Standards and Training Deputy Sheriffs, Inc",1
"Commission on the Status of Women (sponsor) State Bar, Family Law Section",1
Commission on the Status of Women National Council of Jewish Women (NCJW) Girl Scout Councils of California,1
"Commission, California Manufacturers and Technology Association, California Resources",1
"Commission, San Diego County Water Authority, Sierra Club, Southern California Water",1
"Commission, Save the Bay, Sierra Club",1
"Commissioners and Sealers Association, California Association of Port Authorities, Defenders of Wildlife, East Bay Municipal",1
"Commissioners, Luxor Cabs (San Francisco), National Cab Co. (San Francisco), San Francisco Taxi Commission, United Food and Commercial",1
Commissions and Organizations Singer Park Neighborhood Association,1
Committee on Administration of Justice and the Litigation Section of the California State Bar,1
Committee to Bridge the Gap/Sierra Club,1
"Committee, Neighborhood Eyes, S.F. Bay Area",1
"Committee, West Basin Municipal Water District, Western Municipal Water District",1
"Committee, the Western Center on Law and Poverty and Consumers",1
Communications - |Beach |City of Suisun City,1
Communications - |City of Menlo Park |City of Tustin,1
"Communications Workers of America, |Tenderloin Neighborhood Development",1
"Communications, LLC |City of Lynwood |City of Stanton",1
"Communications, LLC |City of Manteca |City of Torrance",1
"Communities Against Toxics, California League of Conservation Voters, California Municipal",1
"Communities Against Toxics, California Teachers",2
"Communities Against Toxics, Center for",1
"Communities Housing Development Corporation, Southern California Association of Non-Profit",1
Communities for a Better Environment Board of Directors of the Environmental Priorities Network,1
Community Action Board of Santa Cruz County/Alcance Homeless Emergency Action Response,1
"Community Action and Environmental Justice, Center for Environmental Health, Clean Water",1
Community Action to Fight Asthma |South Bay Cities Council of |Consumer Attorneys of California |Governments,1
Community Action to Fight Asthma |Strategic Concepts in Organizing,1
Community Associations Institute's California Legislative Action Committee California Hotel & Lodging Association,1
"Community Associations Institute, Epsten & Grinnell, Executive Council of Homeowners",1
"Community Associations Institute, First American Financial Corporation",1
Community Associations InstituteCounty Recorders' Association of CaliforniaFirst American Financial Corporation,1
Community Coalition Community Works West,1
Community Coalition for Substance Abuse Prevention and Treatment Housing Rights Center,1
Community College League of California California Student Veterans Coalition Desiree A. Campos Marquez,1
Community College League of SB 805 - 06/20/96 California,1
Community Colleges and the California Federation of Teachers,1
Community Health Councils: Congress of California Seniors,1
"Community Housing Development Corporation of North Richmond Community Interface Services, Carlsbad",1
Community Legal Services of East Bay Community Law Center,1
Community Medical Centers (Fresno) California State Automobile Association,1
"Community Services District, League of California Cities, Lee Lake Water District, Monterey Regional Water Pollution Control",1
Community Water Center Community Legal Services in East Palo Alto,1
Community |City of Lomita |Tahoe,1
Community |City of Lynwood |City of Suisun City,1
"CompTIA, CalChamber, and TechNet",1
"Companies (ACIC), and the Alliance of American Insurers (AAI)",1
Companies (ACLHIC) and the California Association of Health Plans (CAHP),1
Companies (ACLHIC): Blue Cross of California,1
"Company (3 letters), Western Water Products (8 letters), Yuba City Florist, water conditioning",1
"Company 1, ABC Nursery, King Kelly, Chandler's Palos",1
"Company Institute, National Association of Securities Dealers Inc., National Securities",1
"Company, Chemical Industry Council of California, ARCO, Chemical Industry Council of California",1
"Company, General Steamship Corporation, Ltd., Harbor Association of Industry & Commerce, Jacobsen Pilot Service, Inc., Marine Exchange",1
"Company, Great Oaks Water Company, San Jose Water Company, Silicon Valley",1
"Company, Holcomb & Son, Inc., Office of Environmental Health Hazard Assessment, Printed",2
"Company, Ltd., MOL (America) Inc., Pacific",1
"Company, San Gabriel Valley Water Association, Fontana Water Company, American Association of Retired Persons, Siskiyou County Pomona Grange, Automotive Technician's Association, San Bruno",1
Company/Allied Insurance Company,1
Competitive Power Ventures State Building Trades Construction Council of California,1
"Compliance, Inc., Sierra Club California, Solid",1
Concerned Citizens of South Central Los Angeles/Los Angeles: Metropolitan Churches,1
"Concerned Citizens to Stop Outside Dumping, Sierra Club",1
"Concerns The Association of California Life and Health Insurance Companies (ACLHIC), and the California Association of Health Plans (CAHP), write that similar policies have been attempted in other",1
Concerns expressed by the California State Association of Counties and the County Welfare Directors Association of California,1
Concord Solarex (several areas) Southern California Edison Company TURN - Toward Utilitiy Rate Normalization,1
Condemnation Attorneys Group (sponsor)City and County of San,1
"Conditioning Contractors, California State Pipe Trades",1
Conejo Valley Chamber of Commerce City of Simi Valley Oxnard Chamber of Commerce Cites of Alameda,1
Conference of California Bar Associations and Equality California,1
"Conference, San Manuel Band of Mission Indians, Sheep Ranch Band of Me-Wuk Indians, Soboba Band",1
Congress of California Seniors (Sponsor) Direct Marketing Association,1
Congress of California Seniors Alzheimer's Association,1
Congress of California Seniors Consumer Action,1
Congress of California Seniors Consumer Attorneys of California,1
Congress of California Seniors Consumers Union: California Attorney General,1
Congress of California Seniors Direct Marketing Association,1
Congress of California Seniors Foundation for Taxpayer and Consumer Rights,1
Congress of California Seniors and also supported by the Homeowners' Bill of Rights Coalition,3
Congress of California Seniors and also supported by the Homeowners' Bill of Rights Coalition and a host of other homeowner,1
Congress of California Seniors: California Housing Law Project,1
Connecticut House of Representatives and Senate,1
"Connie Valentinne, M.S., Department of Rehabilitation, Sacramento: Victoria Anderson, R.N., Ama Cadena, Counselor, 50 private citizens",2
"Conservation District, Association of California Water Agencies, California",1
"Conservation District, Regional Council of Rural Counties, Western Growers, Wine Institute",1
"Conservation District, Valencia Water Company, WaterReuse Association (California Section)",1
"Conservation Voters, Coalition for Clean Air, Natural Resources Defense Council, Planning & Conservation League, Sierra Club of California",1
"Conservation, Chula Vista Chamber of Commerce",1
"Consolidated Disposal, Republic Services, Inc",1
"Consolidated Disposal, Richmond Sanitary and Taormina Industries",1
"Consolidated, Rancho Adobe, San Miguel Consolidated, San",1
Constellation Energy |Western States Petroleum,1
"Constructors, Inc., Howard Jarvis Taxpayers Association, Western Electrical",1
"Consulting Engineers and Land Surveyors of California, California Business Properties Association",1
Consulting Engineers and Land Surveyors of California: Kern County Water Agency,2
Consumer Action Consumer Reports Electronic Frontier Foundation,1
Consumer Attorneys Of and Gynecologists California,2
Consumer Attorneys of CA (Sponsor) California Defense Counsel,1
Consumer Attorneys of CA California Labor Federation,1
Consumer Attorneys of California (CAOC) and California Health Coalition Advocacy (CHCA),1
Consumer Attorneys of California CREDO Action Earthworks,1
Consumer Attorneys of California California Applicants' Attorneys Association,1
Consumer Attorneys of California Disability Rights Advocates,1
Consumer Attorneys of California [(CAOC)] and the California Employment Lawyers Association,2
Consumer Attorneys of California and the Consumer Protection Policy Center at the University of San Diego Law School,2
Consumer Attorneys of California and the Sierra Club,1
Consumer Attorneys of California: Health Access California,1
Consumer Attorneys of CaliforniaConsumer Attorneys of California (Sections 1 and 2) (Sections 3 and 4),1
Consumer Coalition of California Consumers First,2
Consumer Federation of America: Gun Owners of California,1
Consumer Federation of California Gray Panthers,1
Consumer Federation of California and Privacy Rights Clearinghouse,1
Consumer Federation of California and Service Employees,1
Consumer Federation of CaliforniaAssociation for California Tort Reform,1
Consumer League Crime Victims United,1
Consumer Watchdog and Consumer Federation of California,1
"Consumers Association, California Manufacturers",1
Consumers Union (CU) and Health Access,1
Consumers Union (CU) and Western Center,1
Consumers Union (Prior Version)Lt. Gov. Cruz M. Bustamante,1
Consumers Union : Health Access,1
Consumers Union CALPIRG,1
Consumers Union Consumer Action,2
Consumers Union and The Foundation for Taxpayer and Consumer Rights,1
Consumers Union and the Proposition 103 Enforcement Project,1
"Consumers Union, Privacy Activism",1
"Consumers Union: Health Access California Kaiser Permanente, Small Business Majority",1
"Consumers Union: Leukemia & Lymphoma Society, LIUNA Local 777, LIUNA Local 792, NAMI California",1
"Consumers Union: Organic Consumers Association, Public Citizen",1
Conta Costa County Board of Supervisors Concerned Citizens About Vasco Experiences (CRAVE),2
Container Corporation of America and Western Aerosol Information Bureau,1
Contra Costa County and the California Recorders,1
"Contra Costa County, Contra Costa County Library, Contra Costa County Deputy Sheriffs Association",1
Contra Costa Health Services Cottage Health System,1
"Contra Costa Solid Waste Authority, Ferndale, Glendale, League of California Cities, Livermore, Los Angeles County Solid Waste",2
Contra Costa Water District East Bay Municipal Utility District,1
"Contractors Association, Golden State Builders",1
"Contractors, California Chamber of Commerce, California Grocers Association, California Farm",1
"Contractors, California Refuse Removal Council, Norcal Waste Systems, Inc., Solid Waste",1
"Control Coalition, L.A. County Anheuser-Busch Companies",1
"Control District, Western Growers Association, Wine Institute",2
"Control Officers Association, Clean Power",1
Controller's Office and Governor's Office,1
Cook Erectors Cordova Glass,1
CopperTower Family Medical Center: Family Health Care Network,1
Cordova SB 1865 - 02/22/96 Recreation and Park District,1
Corona Norco Unified School District (Riverside Co)Salinas,1
Coronado Costa Mesa Covina Crescent,1
Coronado Unified School District and Coronado High School,1
"Corp., Sigma Circuits, Westak, California Grain and Feed Assoc., Chemical Specialties",2
"Corp.,Container Corporation of America and Western Aerosol",1
"Corporation Committee and Nonprofit Organizations Committee, Business Law Section, California Lawyers Association",1
"Corporation of San Benito County, Kings County Enterprise",1
"Corporation, California Bankers Association, California Building Industry Association, California Center for Land Recycling, California Chamber of Commerce, California",1
"Corporation, Eco Paint Company",1
"Corporation, Eco Paint Company, Safety-Kleen",1
"Corporation, GrassRoots Recycling Network, Norcal Waste Systems, Inc., Northern California",1
"Corps League, American Veterans of WWII, Korean and Vietnam, Jewish War Veterans of the USA, Fleet Reserve Association, Armed",1
"Corps, California Collegiate Recycling Council, California League of Conservation Voters, California Refuse Removal Council, California",1
"Correctional Association, Crime Victims United of",1
"Cosmetic, Toiletry, & Fragrance Association Independent Business Coalition, Inc",2
"Costa County, Los Angeles County District",1
"Costa County, Marin County Supervisors, Town of Windsor",1
"Costa County, Sierra Club, Planning and Conservation League, California District",1
"Costa Health Services, Environmental Finance",1
"Costa Landscaping Organics (Martinez and Benicia), East Bay Municipal Utility District, Gresham, Savage, Nolan & Tilden, LLP, McCarthy",1
Costa Mesa Ventura County Cablevision Times/Mirror Cable of Orange County Motion Picture Association of America Southwestern Cable TV Sheriffs of the County of Alameda,1
"Costa Sanitary District, Central Marin",1
Cottage Health and Los Robles Hospital & Medical Center,1
"Cotton Ginners Association, California Cotton",2
"Cotton Growers Assn., Calif. Farm Bureau",1
"Cougar Fund, The County of Santa Clara",1
"Cougar Fund, The Critter Creek Wildlife Station",1
Council (CIPELC): Congress of California Seniors,1
Council (CIPELC): League of California Cities,1
Council for A Strong America/ ReadyNation/ Fight Crime: Invest in Kids/ Mission: Readiness,1
"Council for Economic and Environmental Balance, California Independent Oil Marketers",1
"Council for Environmental and Economic Balance, California Grocers Association, California",1
"Council for Environmental and Economic Balance, California Health Care Institute, California",1
"Council for Environmental and Economic Balance, California Independent Oil Marketers",2
"Council for Environmental and Economic Balance, California Manufacturers Association, California Manufacturers & Technology",1
"Council for Environmental and Economic Balance, Construction Materials Association of California, Western States Petroleum Association",1
"Council for Environmental and Economic Balance, Western States Petroleum Association, California Manufacturers Association",1
Council for Responsible Nutrition and the Consumer Healthcare Products Association,3
"Council of California, Dairy Institute of California, Dart Container Corp., Soap and Detergent Association, Plastic Industry Trade Association",1
"Council of California, The American Chemistry",1
Council of Churches of Santa Clara County Council of Community Housing Organizations,2
"Council of Cruise Lines, Natural Resources",1
"Council of Rural Counties, Sequoia Enterprises, South Tahoe Public Utility District, Southern",1
"Council of Rural Counties, Tomra Pacific, Inc",1
"Council of the East Bay, California League of Conservation Voters, California Fly Fishers",1
"Council on American-Islamic Relations, California chapter: Muslim Public Affairs Council",1
"Council, (North & South), Waste Management",1
"Council, AFL-CIO & Vaca Valley Chiropractic",1
"Council, American Institute of Architects",1
"Council, CA Communities Against Toxics, CALPIRG, California Rural League Assistance",1
"Council, California State Association of Counties, City and County of San Francisco, City Council, City of Costa Mesa",1
"Council, California State Council of Carpenters, Coalition of California Utility",1
"Council, Mothers and Others Against the Dump, National Council of Jewish Women/LA, Natural",1
"Council, Northwest Coalition for Alternatives",2
"Council, Nursing Mothers Counsel, Inc., Planning and Conservation League, San Mateo/San",1
"Council, Office of the Attorney General, Planning and Conservation League, Sierra Club",1
"Council, Pacific Coast Federation of Fishermen's",1
"Council, Personal Insurance Federation, Professional Insurance Agents of California",1
"Council, Pesticide Action Network of North",1
"Council, Phibro-Tech, Inc., Railway Tie",1
"Council, Planning and Conservation League, Sierra",1
"Council, Sierra Club California, Toxics in",1
"Councilmember, Sierra Club California, StopWaste.org",1
"Counties Caucus, Los Angeles County District",1
"Counties Caucus, the League of California Cities and the California",1
"Counties of Alameda, Contra Costa, Sacramento, Santa Clara, Solano, Tulare",1
"Counties of El Dorado, Fresno, Orange, Ventura Supervisor Gary L. Lewis, District 3, Lake County Board of Supervisors Supervisor Karen Mackey, District 4, Lake County Board of Supervisors",1
"Counties of Fresno, Placer, San Bernardino, Santa Cruz, Shasta",1
"Counties of San Bernardino, San Mateo, Santa Barbara, Santa: Clara",2
"Counties of: Butte, Del Norte, El Dorado, Fresno, Humboldt, Mendocino, Merced, Napa, Placer, Riverside, San Bernardino, San Joaquin, San Luis Obispo, Santa Clara, Shasta, Sonoma, Stanislaus, Yolo, and Yuba",1
"Counties of: Contra Costa, Marin, Orange",1
"Counties of: Del Norte, Merced, San Diego, San Mateo, Solano, Sonoma and Kings",1
Counties of: Fresno: Ventura,1
"Counties of: Marin, Orange, San Diego",1
Counties of: Riverside and San Bernardino,1
"Counties of:: Orange, San Bernardino, Santa Clara",1
Counties |City of Lawndale |City of Simi Valley,1
Counties |City of Lincoln |City of South Lake,1
"Counties, Asthma & Allergy Foundation of America, (Southern California Chapter), Beverly",1
"Counties, Resource Landowners Coalition, Western Growers Association, Western Plant",2
"Counties, State Association of County Auditors, League of California",1
"Counties, the County Welfare Directors Association, and the California Mental Health Directors Association. These",1
"Counties, the Regional Council of Rural Counties, the Associated Builders",1
County & Municipal Employees California Labor Federation,1
County Alcohol and Drug Program Administrators Association of California CVS/Caremark,1
County Alcohol and Drug Program Administrators Association of California CVS/Caremark: Drug Policy Alliance,1
County And Municipal Employees and health advocates,1
"County Asthma Coalition, Sam's Cleaners, Sierra",1
County Behavioral Health Directors Association (CBHDA) and the County Welfare Directors Association (CWDA) write,1
County Behavioral Health Directors Association and treatment centers,1
"County Board of Supervisors, Metropolitan Water",1
"County Board of Supervisors: Fresno, Kern, Kings, Madera, Merced, Stanislaus, San Joaquin & Tulare",1
"County Boards of Supervisors: Alameda, Los Angeles, San Diego, San",1
County Clerks Association League of California Cities,1
"County Deputy Sheriffs, Los Angeles County Probation",1
"County Division- League of California Cities, The City of Anaheim, The City of Costa Mesa, The City of La Mirada, The City of Santa Ana, The City of Stanton, The City of Stockton, The City of Tustin",1
County Employees Association and Santa Rosa City Employees Association,1
"County Farm Bureau, Grocery Manufacturers",1
"County Farm Bureau, Nisei Farmers League, San",1
County Health Executives Association (Prior Version)County of Orange Health Services,1
County Health Executives Association of California (CHEAC) California Medical Association,1
County Health Executives Association of California (CHEAC) and Fresno County,1
County Health Executives Association of California and the Health Officers Association of California are,1
County Health Executives Association of California and the San Diego County District Attorney's Office. The County Behavioral Health Directors Association of California (CBHDA),1
County Juvenile Justice/Delinquency Prevention Commission,1
"County LAFCO, Orange County LAFCO, Riverside County LAFCO, San Diego County LAFCO, Santa Cruz County LAFCO, Ventura",1
"County LAFCO, Yolo County LAFCO",1
"County Mosquito and Vector Control District, California Bean Shipper's Association, California Chamber of Commerce, California Farm",1
"County Neighbors for Quality Air, Water and Growth, Natural Resources Defense Council, Physicians For Social Responsibility, LA",1
"County Police Chief's, Sheriff's and District Attorney's Association",1
"County Recorders Association of California, California Association of County Treasurer-Tax Collectors",1
"County Sanitation District, Union Sanitary",1
County School Facilities Consortium School Energy Coalition,1
"County Sharps Coalition, American Federation of State, County, and Municipal Employees (AFSCME), AFL-CIO, California Hepatitis C Task",1
"County Sharps Coalition, California Hepatitis C",1
"County Sheriff's Department, and Stallion Springs Community",1
County Superintendents of Schools EdVoice,1
"County Superintendents of Schools, ""this",1
"County Supervisors Association of California, Association of California Water Agencies, State Association",1
County Waste Management Authority and the Alameda County Source Reduction and Recycling Board operating as one public agency,1
County Welfare Directors Association of California (CWDA) Nevada County Health & Human Services Agency,1
"County Welfare Directors Association of California, The Junior League of Orange",2
"County Welfare Directors Association, Coalition of California Welfare Rights",1
County Welfare Directors Association: Drug Policy Alliance Network,1
County [SPONSOR] Alameda County Property & Homeowner,1
County and Municipal Employee (AFSCME) California Labor Federation,1
County and Municipal Employees (AFSCME) California Labor Federation,1
County and Municipal Employees (AFSCME) California Primary Care Association,1
County and Municipal Employees (AFSCME) California Youth Connection Family Law Section,1
County and Municipal Employees (AFSCME) City of San Diego,1
County and Municipal Employees (AFSCME) Service Employees International Union Local 1000,1
County and Municipal Employees Alameda County Waste Management Authority,1
County and Municipal Employees Board of Supervisors from Stanislaus,1
County and Municipal Employees CA Redevelopment Association CA Rural Legal Assistance Foundation City of Poway,1
County and Municipal Employees California Building and Construction Trades Council,1
County and Municipal Employees California Community Colleges,1
County and Municipal Employees California Congress of Parents,1
County and Municipal Employees California Faculty Association,1
County and Municipal Employees California Right to Life,1
County and Municipal Employees California School Employees Association,2
County and Municipal Employees California Society for Clinical Social Work,2
County and Municipal Employees California Society for Clinical Social Work National Association of Social Workers,1
County and Municipal Employees California State Firefighters' Association,1
County and Municipal Employees California Women for Agriculture County of Lake Probation Department,1
County and Municipal Employees County of San Bernardino,1
County and Municipal Employees East Bay Alliance for a Sustainable Economy,1
County and Municipal Employees Inter-Agency Council on Child Abuse and Neglect Co. of Los Angeles,1
County and Municipal Employees Japanese American Citizens League - Northern California,1
County and Municipal Employees National Association of Social Workers,1
County and Municipal Employees Service Employees International Union California Federation of Teachers California Labor Federation,1
County and Municipal Employees State Building and Construction Trades Council,1
County and Municipal Employees State Building and Construction Trades Council of California,1
County and Municipal Employees Union of Associated Physicians and Dentists,1
County and Municipal Employees and the Council for Responsible Genetics,1
"County and Municipal Employees, Service Employees",1
County and Municipal EmployeesThe Legal Clinic of Santa Barbara,1
County of & San Bernardino United Way of California California Probation,1
County of & Yolo California Probation,1
County of 792 Regional Council of Rural Counties Urban Counties Caucus,1
"County of Amador, City of Ione",1
County of Cities of Gilroy,1
County of City of City of El Segundo Jean Warnes,1
County of City of City of El Segundo Sandra Jacobs,1
County of City of Eureka City Councilman Fremont-Rideout Health Group California Professional Firefighters California State Firefighters Association California Council of Police,1
County of City of Jr,1
County of City of Kern,1
County of City of Lake,1
County of City of Mayor,1
County of City of Mendocino,1
County of City of Merced Larry Galvan,1
County of City of Modesto,1
County of City of San Francisco (Mission),1
County of City of Sheriffs California Probation,1
County of Consumer Rights Las Virgenes-Malibu Council of Governments League of CA Cities League of CA Cities LA Division League of CA Cities,1
County of El Dorado CA Independent Public Employees Legislative Council County of Del Norte,1
County of Eureka City Councilman Fremont-Rideout Health Group California Professional Firefighters California State Firefighters Association California Council of Police,1
"County of Fresno, County of Kings",1
"County of Fresno, Orange, Marin, Plumas, Shasta and Tulare",1
"County of Glenn, IPS Corporation, John Laing Homes",1
"County of Humboldt, California Farm Bureau Federation, Sierra",1
"County of Humboldt, Howard Jarvis Taxpayers Association, Monterey County Board of Supervisors, Nevada County Board of Supervisors, Orange County Board of Supervisors",1
"County of Humboldt, Placer, Madera, and Siskiyou",1
County of Imperial Probation Department Imperial County Supervisor,1
"County of Imperial, Salton Sea Authority, San Diego County Water Authority",1
County of Indivisible CA-29 Indivisible CA-33 Indivisible CA-37,1
County of Kern and City of Taft,1
County of Kings City of Fresno,1
County of Kings City of Fresno Kings County Economic Development Corp,1
County of Kings Police Departments from the City of El Segundo,1
"County of Lake, Housing California, Western Center",1
County of Los Angeles Association California Newspaper Publishers Association,1
County of Los Angeles CA Assoc. of Highway Patrolmen CA Organization of Police and Sheriffs CA State Assoc. of Counties CA State Sheriffs' Assoc. Los Angeles County Professional Peace Officers Assoc,1
County of Los Angeles California Public Parking Association Police Departments of the Cities of Pomona,1
County of Los Angeles San Bernardino County Sheriff's Department California Probation,1
"County of Los Angeles, California State Association of Counties, League of California Cities",1
"County of Los Angeles: County of Sacramento, Crumb Rubber Manufacturers",1
County of Marin Orange Cities of Anaheim,1
County of Mariposa [SPONSORS]Cities of: Pacific Grove,1
"County of Orange, California Association of LAFCOs, Orange County",1
"County of Placer, Town of Truckee",1
County of Plumas County Librarian. League of California Cities,1
County of Riverside Riverside Sheriff's Association Sheriff's Employees' Benefit Association,1
"County of Riverside, Fieldman, Rolapp & Associates, O'Connor & Co. Securities",1
"County of Sacramento, E & J Gallo Winery",1
"County of Sacramento, Inglewood/Airport Chamber of Commerce, LAX Coastal Chamber of Commerce, Los",1
"County of Sacramento, League of California Aviation Professionals, Port of Oakland, San",1
County of Sacramento. Western Center on Law and Poverty,1
County of Sacramento: San Bernardino County,1
County of SacramentoSacramento County Employees' Senators Greene and Johnston,1
"County of San Benito, Sheriffs from Calaveras and Humboldt",1
"County of San Benito: Administrative Offices, Assessor's Office, County",1
County of San Bernardino Cities of Los Angeles,1
County of San Bernardino Design-Build Institute of America,1
"County of San Bernardino, California Association of Clerks and Elections Officials, American Federation of State, County, and Municipal",1
"County of San Bernardino: County of San Diego, Urban Counties Caucus",1
County of San Diego & San Diego District Attorney's Office,1
County of San Diego Cities of Hesperia,1
"County of San Diego Teamsters Local 399 UDW/AFSCME Local 3930 United Food and Commercial Workers, Western States Council Western States Council of Sheet Metal",1
"County of San Diego, Cities of Encinitas, El",1
"County of San Diego, Gregory Canyon",1
"County of San Diego, Junior Leagues of California",1
"County of San Diego, Responsible Citizens, Inc",1
"County of San Diego, Sacramento Area Council of Governments, Sempra Energy, Sierra Club, Union",1
"County of San Diego, Sierra Club",1
County of San DiegoCA School Employees Association,1
"County of San Luis Obispo, Santa Barbara",1
County of Santa Barbara - Kids Network: PICO California Project,1
County of Santa Barbara Cities of Calabasas,3
County of Santa Barbara Trial Courts of San Francisco Superior Court,1
County of Santa Clara Cities of: Chino Hills,1
"County of Santa Clara, Board of Supervisors: Food for People, Inc. Jericho",1
"County of Santa Clara, California State Association of Counties, Urban County of California",1
"County of Santa Clara, Planning and Conservation League, Sierra Club, Paul Gann's Citizens' Committee, Artesia City",1
County of Santa Cruz Department of Public Works Draga Design Ecology Action,1
"County of Santa Cruz, California Building Industry Association, San Diego Gas and Electric Company, Southern California Edison Company, and the National",1
County of Santa SB 566 - 04/12/93 Clara,1
County of Shasta Cities of: Arcadia,1
County of Solano County of San Benito,1
County of Stanislaus and the City of Modesto,1
"County of Stanislaus, JERICHO",2
County of Trinity Cities of Camarillo,1
"County of Tulare, Orange County Employees",1
County of Tulare: Norcal Waste Systems,1
County of Tuolumne Chiefs of Police of the Cities of Arroyo Grande,1
County of Tuolumne Cities of Adelanto,1
County of Union of Concerned Scientists,1
"County of Ventura, Sierra Club of California",1
"County of Ventura, and the Cities of Albany, El",1
"County of Ventura, and the Cities of Albany, Florin, Hollister, Newport Beach, and Santa Monica",1
County of Victoria/54th Ave Block Club,1
County of Western States Petroleum Association,1
County of Willits Towns of Atherton,1
"County of Yolo, City of Davis",1
County of Yuba County of Alameda's Personnel,1
County of Yuba Modoc County Trial Courts Regional Council of Rural Counties (RCRC) Urban Counties Caucus,1
"County, Alta Regional Center, Vallejo City",2
"County, American Academy of Pediatrics, American Oceans Campaign, California",2
"County, Anaheim",1
"County, City of Riverside",1
"County, Kern County, San Joaquin County, Shasta County, Tulare County",1
"County, Lake County, Long Beach, Sacramento, San Bernardino",1
"County, Long Beach, Los Angeles, Marysville/Yuba City, Merced, Modesto/Stanislaus, Monterey/Monterey County, Oakhurst, Oakland/East Bay, Orange County, Southern Pacific Region, Oakland-East Bay, Palm",1
"County, Marin County, Lake County, Long Beach, Sacramento, San Bernardino Area, San Gabriel Valley, San Mateo County, Santa Clara County, San Joaquin",1
"County, Mariposa County, and Trinity County",1
"County, Natural Resources Defense Council, Olivenhain Municipal Water District, Padre Dam",1
"County, North Coastal San Diego County, Northern Santa",1
"County, Orange County, Sacramento Valley, San Fernando Valley, San Francisco, Sonoma County, Ventura County",1
"County, Riverside County, Sacramento County, San Bernardino County, San",1
"County, San Diego and Silicon Valley",1
"County, San Francisco, Santa Rosa/North Bay, San Joaquin/Stockton, San",1
"County, San Joaquin County, Shasta County, Sonoma County, Trinity County, Urban",1
"County, San Luis Obispo County, Shasta County, Sonoma",1
"County, San Luis Obispo County, Whittier and Yolo County",1
"County, San Mateo County, Shasta County, Southern Santa",1
"County, Santa Clara County, Alameda County Chiefs of Police and Sheriff's Association",2
"County, South Bay LA, Stanislaus, Suffragist, Tehama, TWW - Los Gatos, Vallejo-Benicia, Ventura, Westside LA, Windsor, Yalla, and Yolo",1
"County, South Bay LA, Stanislaus, Suffragist, Tehama, TWW-Los Gatos, Vallejo-Benicia, Ventura, Westside LA, Windsor, Yalla, and Yolo",1
"County, South Lake Tahoe, and Westside LA",1
"County, Tulare County Farm Bureau, Wine",1
"County, Whittier and Yolo County",1
"County, and El Cerrito",1
"County, and Tuolumne County",1
"County,IAFF Local 1230: United Teachers Los Angeles",1
Courage California Desert AIDS Project,1
Courageous Resistance of The Desert and Indivisible,1
"Courtroom Television Network (Court CA Public Defenders Assn. TV) Municipal Court Judges Assn. of Los Angeles County, CA",1
"Covello Group, The CSW/Stuber-Stroeh Engineering Group, Inc",1
Covered California and DHCS,2
"Coyotes Band of Indians, Mesa Grande Band of Mission Indians, Middletown Tancheria, Morongo",1
"Creek Lumber Company, California Association of Sanitation Agencies, California Chamber of Commerce, California Farm Bureau Federation, California Forestry Association, California",1
Crime Victims Bureau: Judicial Council of California,1
Crime Victims United California State Sheriffs' Association,1
Crime Victims United of California CA Police Chiefs Association,1
Crime Victims United of California SafetyBeltSafe U.S.A,1
Crime Victims United of Narcotic Officers' Association,1
Crime Victims United of Secretary of State Debra Bowen,2
Crime Victims United: Prevent Child Abuse-California,3
Crossroads of the West Delta Waterfowl,1
"Crown Poly, East Yard Communities for",1
"Cruz Counties, Community Housing Improvement Systems and Planning Association, Monterey County Association of Realtors, Monterey County Business Political Action",3
"Cruz County, Solid Waste Commission, Summit",1
"Crystal Stairs, Inc., Dietetic Intern Choices for Children",1
Culver City Police Officers' Association Fullerton Police Officers' Association,1
"Cupertino Union School District, Student Nutrition Services Diary Institute",1
"Cynthia Tonkin, Maricopa City Manager Janet Dolan, Menlo Park Supervisor A.L.&E. Amaro, First District of Yuba County District Attorney Thomas J. Orloff, Alameda County",1
D.C. Viatical Association of America Aids Healthcare Foundation American Lung Association,1
"DES Cancer Network, Endometriosis Association",1
DHCS and CDSS,1
DHCS and the CPCA,1
DHS and MRMIB,1
DHS and the Air Resources Board,8
DHS and the Department of Finance,1
DMHC and DOI,1
DOSH and the Standards Board,1
Dan T. Oki Honorable Lawrence W. Stirling,1
Dana PointCA Bankers Association El Cajon,1
Daniel Freeman Marina Hospital / Daniel Freeman Memorial,1
"Danish/Swedish Farmdog Club of America, Inc., Board of Darshan Enterprises",1
Dapper Labs and Sorare,2
"Daughters of Charity Health System, the California Hospital Association",1
"Dave's Automotive & Eager's Karting, Visalia",2
"David Colfax and Richard Shoemaker, Mendocino County",1
"Davis Joint Unified School District, Larkspur-Corte Madera School District",1
"DeMenno/Kerdoon, Safety-Kleen, Romic",1
"DeMenno/Kerdoon, Sierra Club",1
"DeMenno/Kerdoon, Sierra Club California",1
"DeSilva Gates Construction, Ramos Pipeline, Inc",1
"Dealers Association, CarMax, and the Independent Automobile Dealers",1
"Dean, School of Engineering, University of Southern California DeMenno/Kerdoon",2
Deer Valley High School (Contra Costa Co)San Bernardino,1
"Defenders Association, California Judges Association",1
"Defenders Association, Drug Policy Alliance",1
Defenders of Wildlife Environment California,1
Defenders of Wildlife Humane Societ of the United States,1
Defenders of Wildlife Mountains Recreation and Conservation Authority,1
"Defenders of Wildlife, American Rivers, Planning and Conservation League",1
"Defenders of Wildlife, Divers' Environmental",1
"Defenders of Wildlife, Western States Petroleum Association",1
"Defense Council, New Leaf Paper, Nursing",1
"Defense Council, Oceana, Port of Oakland, Sierra Club California, State Lands Commission, WaterKeepers Northern California",1
"Defense Council, Physicians for Social",1
"Defense Council, Russian Riverkeeper, San Diego",1
"Defense Council, Sierra Club California, 1",2
"Defense Fund, Children's Partnership",1
"Defense Fund, Natural Resources Defense Council, Planning and Conservation League",1
"Defense Fund, The Children's Partnership and PICO California",1
"Defense Fund, The Children's Partnership and PICO California: California Dental Association",1
"Defense Fund, and The Children's Partnership PICO California",1
"Defense and Education Fund (MALDEF), Public Advocates, the California",1
"Defense and Educational Fund, Planning and Conservation League, Sierra Club, Surface",1
"Defense, Planning and Conservation League, Sierra Club, South Coast Air Quality Management",1
Del Mar Analytical Quanterra Environmental Services,2
Del Norte County City of Lompoc Police Department,1
Del Norte Unified School District \ County Office of Education,1
"Del Norte, Humboldt, Mendocino, Sonoma and Napa",1
"Del Norte, Humboldt, Mendocino, Sonoma and Napa Counties",1
"Deloitte & Touche LLP, Ernst & Young LLP, KPMG",1
"Delta Air Lines, San Luis Obispo County Assessor Tom Bordanaro, San Mateo County Assessor Mark Church, Stanislaus County Assesor Don H. Gaekle, Los Angeles County Assessor Jeffrey Prang, Placer County Assessor Kristen Spears, California Assessors Association, California Special Districts Association, California State Association of Counties, Los Angeles County Board of Supervisors",1
Democratic Club of Sunnyvale Kavita Tankha,1
"Democratic Party, Healthy Children Organizing",1
Democrats Transgender Law Center,1
"Department Housing and Community Development, Housing California",1
Department of California CA Association of County Veteran Service Officers (CVSO) American Legion,1
Department of California California Alliance for Retired Americans (CARA) Vietnam Veterans of America,1
Department of California California Association of County Veterans Service Officers (CACVSO) Veterans of Foreign Wars (VFW),1
Department of California California Association of Veteran Service Agencies Vietnam Veterans of California,1
Department of California California Mental Health Directors' Association Vietnam Veterans of America,1
Department of California California New Car Dealers Association Military Officers Association of America,1
Department of California California Sate Commanders Veterans Council National Association of Social Workers,1
Department of California California Sate Commanders Veterans Council Vietnam Veterans of America,1
Department of California California State Commanders Veterans Council Vietnam Veterans of America,1
Department of California California State Military Department Governor's Office,1
Department of California Sons of the American Legion Vietnam Veterans of America,3
Department of California Veterans of Foreign Wars Vietnam Veterans of America,2
"Department of Conservation, California Farm Bureau Federation",1
Department of Corporations (sponsor)California Association of Health Plans,1
Department of Corporations California Association of Health Plans,1
"Department of Corporations, Department of Housing",1
"Department of Corporations, Department of Housing and Community Development",1
Department of CorporationsCalifornia Association of Health Plans,1
Department of Finance and DHCS,1
"Department of Finance, The Clorox Company",1
Department of Finance: Department of General Services,2
Department of FinanceAssoc. of Southern CA Contractors CA Municipal Utilities Assoc,1
Department of FinanceCA Independent Public Employees Department of General Services,1
"Department of Fish & Game, Department of Forestry & Fire",1
"Department of Fish and Game, Pacific Merchant Shipping Association",1
Department of General Services and Department of Water,1
"Department of General Services, Department of Water Resources",1
Department of General Services/California Victims,1
Department of General Services/State Board of Control,2
Department of General Services/Victim Compensation,1
Department of General ServicesAssoc. of Municipal Court Clerks of Judicial Council of CA,1
Department of Health Services Department of Corporations,1
"Department of Health Services, Integrated Waste Management",1
"Department of Housing and Community Development, San Diego County Board of Supervisors",1
Department of Housing and Community Development: California Mobilehome Home Community,1
Department of Insurance Byron Orris Autobody,1
"Department of Insurance, the Department of Industrial Relations, the Workers' Compensation Insurance Rating Bureau and the Commission of Health, Safety and Workers' Compensation",1
Department of Justice California Peace Officers Association,1
Department of Justice Commission of Peace Officer Standards and Training Peace Officers Research Association of California California Peace Officers Association California Police Chiefs Association Chiefs of Police & Sheriff's Association Association for Los Angeles Deputy Sheriffs,1
Department of Justice/Riverside County Sheriff's,1
Department of Motor Vehicles California Highway,1
Department of Motor Vehicles California Highway Patrol,1
Department of Motor Vehicles California Trucking Association,1
Department of Pediatrics University of California Berkeley University of California Davis,2
Department of Social Services (sponsor)National Center for Youth,1
Department of the Youth Authority and the Division of Juvenile Facilities,1
"Department, Alameda Health Consortium, California Hepatitis C Task Force, Diabetes",1
"Department, San Diego Baykeeper, Sierra Club",1
"Department, Town of Paradise",1
Department/National Guard,1
"Departments, Cities of: Alameda, Anaheim, Bakersfield, Barstow, Belmont, Benicia, Berkeley",1
Deposition Reporters Assn.California Court Reporters Assn,1
Dept. of Corporations (Sponsor) Consumer Attorneys,1
Dept. of Mental HealthCA Assn. of Mental Health,1
"Development Association, International Council of Shopping Centers, Retail Industry Leaders Association, and the Western Electrical",1
"Development Corporation, California Bankers",1
"Development Corporation, Catellus Development Corporation and Talega LLC",1
"Development Corporation, Latino Issues Forum, Lenders for Community Development, Little",2
"Development Corporation, Tulare Chamber of Commerce",1
Developmental Disabilities Area Board 10: Disability Rights California,1
Diamond Bar Dixon Downey Duarte,1
Diamond Bar High School (Los Angeles County)San Dieguito,1
Diamond Sunrise Corporation Mercy Housing,1
"Diego Baykeeper, Baykeepers-North, Sierra Club",1
"Diego Central, San Jose, San Pedro, Santa Barbara, Santa Cruz County, Sausalito, Sebastopol, SF, SF Peninsula and CA-14, SFV, Sonoma County, South Bay LA, Stanislaus, The Resistance Northridge, Ventura, Westside LA, Yalla, and Yolo",1
"Diego Chamber of Commerce, Yosemite Waters, Approximately 100 owners of grocery stores",1
"Diego City Fire Fighters, San Diego County District",1
"Diego County, Santa Clara County, San Diego County, San Mateo County, Shasta County District, Yolo County",1
"Diego, Republic Services, Waste Management, Inc",1
"Diego, Santee, and the County of San Diego and the State of California",2
"Dimas, Sierra Madre, Signal Hill, South El Monte, South Gate, Torrance, Walnut, West Covina, Whittier",1
Dir. Gov. Affairs State Building and Construction Trade Council Charlie Reiter California Federation of Teachers,1
"Direct Marketing Association, California Taxpayers",1
"Disabilities, National Brain Tumor Foundation, National Environmental Trust, Natural Resources",1
Disability Rights California (co-source co-source) GENup,3
"Disability Rights Education and Defense Fund, Inc., The Arc and United Cerebral Palsy in California",1
District (EBMUD) and the Association of California Water Agencies (ACWA),1
"District Attorney's Office, Former Contractors State License Board Enforcement Program",1
"District Attorney's Office, National Council of Jewish Women of Los Angeles, Planning and Conservation League, Sierra Club, Gray Panthers of Sacramento",1
"District Attorneyos Family violence Project, Riverside County District Attorney, Ventura",1
District Attorneys of Fresno County and Kings,1
District Attorneys of Fresno County and Kings County,1
District Attorneys of Fresno and Los Angeles,1
District Attorneys of Los Angeles and Santa Clara,2
"District Attorneys of Orange, San Mateo, San Luis Obispo, and Ventura",1
"District Attorneys of San Francisco, Sonoma, and Tuolumne Counties",2
"District Attorneys: Alameda County, Kern County, Monterey County, Orange",1
District Council 36 Cities of Bell Gardens,1
District Hospital Leadership Forum Dolores Huerta Foundation,1
District IX/CA American Federation of State,1
"District of Southern California, San Gabriel",1
"District, California Association of Sanitation",1
"District, California League of Conservation",1
"District, Cities of Encinitas, Escondido, Merced, Santa Maria, Santa Paula, Santa Rosa, Thousand Oaks, Turlock, Visalia, County",1
"District, Clovis Unified School District, Coalition for Clean Air, Communities for a",3
"District, Delta Diablo Sanitation District, East Bay Municipal, Eastern Municipal Water",1
"District, East Bay Municipal Utility District, East Bay Regional Park District, Environmental",1
"District, East Bay Municipal Utility District, Gilroy Independence, League of California",2
"District, Eastern Municipal Water District, Elsinore Valley Municipal Water District, Fairfield-Suisun Sewer District, Goleta",1
"District, Ferrari Farms, Flexi Company, Kiwanis",1
"District, Forest Landowners of California, Forest Products Industry National Labor",1
"District, Heal the Bay, Planning and Conservation League, Waste Management",1
"District, Industrial Advisory Council, Inland",1
"District, Kings Mosquito Abatement District, Delta Vector Control District, Sacramento-Yolo",1
"District, Lindsay District Hospital, Memorial Hospital at",1
"District, Nickel Family LLC, Northern",1
"District, Northwest Coalition for Alternatives",1
"District, Orange County Sanitation District",1
"District, PTI Technologies Inc., Padre Dam",1
"District, Planning and Conservation League, and Sierra Club",1
"District, Regional Council of Rural Counties, San Diego Water Authority, Santa Clara Valley",1
"District, Regional Water Authority, Sacramento",1
"District, Sacramento Suburban Water District, San Juan Water District, Stockton East Water",1
"District, Salton Sea Authority, The Sierra",1
"District, Santa Cruz, San Leandro, Sierra Club",2
"District, Save Our Shores, Save The Bay, Sierra",1
"District, Sierra Club California",1
"District, Sierra Club California, Vote the Coast, Waste Management",1
"District, Sierra Club, South Tahoe Public",1
"District, Steven and Michele Kirsch Foundation, Out Children's Earth",1
"District, Upper San Gabriel Valley Municipal",1
"District, Utility District, El Dorado",1
"District, VACCO Industries, Vallecitos Water",1
"District, Valencia Water Company, WaterReuse",1
"District, Ventura Regional Sanitation District, Western Municipal Water District",1
"District, Vista Irrigation District, Yuima Municipal Water",1
"District, Western States Petroleum Association",1
"Districts Assn of California, Latino Children's",1
"Districts Association, California Firefighters",1
"Districts Association, Mountain View Chamber of Commerce, San Jose Silicon Valley Chamber of Commerce",1
"Districts, California Congress of Parents, Teachers, and Students, Inc., California School Boards Association, Coalition for Adequate School Housing, Hughson Union School",1
Division of Ratepayers Advocates University of Southern California,1
Doctors on Duty and Cypress Healthcare Partner,1
Dogpatch Saloon and 83 Proof,1
Domestic Employers Network Health Access California Justice in Aging LA Care Health Plan LeadingAge California Local Health Plans of California Long Term Services,1
Domestic Employers Network Health Access California La Care Health Plan Legal Aid Society of San Mateo County Long Term Services,1
Domestic Employers Network Justice in Aging La Care Health Plan Leadingage California Long Term Services,1
Dominican Hospital: Gray Panthers,1
Don't Waste Arizona Earthjustice,1
Donny Youngblood California State Sheriffs Association Kings County Sheriff,1
"Dorado County, El Dorado Hills, Elk Grove, Folsom, Greater Coachella Valley, Greater",1
Doris Tate Crime Victims Bureau Motion Picture Association of America,1
Doris Tate Crime Victims Bureau: California District Attorneys Association,1
Dr. Bronners Earth Mama Organics,1
"Drilling Fluids, Inc., Hanson Permanente",1
Driving School Association of California Driving School Association of the Americas,1
"Drug Alliance Policy Network, AIDS Project Los",1
Drug Policy Alliance Green Field Paper Company,1
Drug Policy Alliance and supported by numerous public health and substance abuse organizations,1
"Drug Policy Alliance: EMQ FamiliesFirst, Health Access California",1
"Drug Policy Alliance: East Bay Community Law Center, Justice First, LLP",1
Drug Policy Alliance: Pacific Clinics,1
"Duncan Hunter, United States House of Representatives, Chairman, Committee on Armed Forces Fresno County Sportsmen's Club",1
Dynegy | | |Enpower Corporation,1
"EPIC, Forests Forever, Sierra Club California",1
ERB and ERCOM,2
"Earlimart, Fresno Metro Ministry, Kirsch",1
East Bay Asian Local Development Corporation and East Bay,1
"East Bay Community Law Center, East Palo Alto Community & Neighborhood Development Organization",1
East Bay Economic Gabriel Valley Economic Partnership,2
East Bay Innovations and Disability Rights California (DRC),1
East Bay Municipal Utility District (Co-Sponsor)None received NRDC,1
East Bay Municipal Utility District (EBMUD Pacific Gas and Electric Company (PG&E) San Diego Gas & Electric Company (SDG&E) Southern California Edison (SCE) Southern California Gas Company (SoCalGas)),1
East Bay Municipal Utility District None received NRDC,1
"East Bay Municipal Utility District, Planning and Conservation",1
East Bay Municipal Utility DistrictNone received NRDC,1
East County Mathematics Consortium including:: Alpine Union School District,2
East Los Angeles College: First 5 LA,1
Eastern Municipal Water District and Elsinore Valley Municipal,1
"Eastern Municipal Water District, Long Beach Water Department, San Diego County Water Authority",1
"Ebbetts Pass Forest Watch, ForrestEthics, Sierra Club",1
"Economic Development, California League of Conservation Voters, Californians Against",1
Ed P. Reyes Jon R. Gundry,1
EdTrust West EdVoice,1
EdTrust-West Public Counsel,1
EdVoice Encorps,1
"Eden Housing, Inc. EPA Can Do",1
Edison International and Sempra Energy,1
Edison and Pacific Gas and Electric Company,1
"Edison, Truckee-Tahoe Lumber company, Vulcan",1
Editorial Board City of Fontana,1
Education Trust West Students First,1
Education Trust-West InnerCity Struggle,1
Education Trust-West LEAP,1
Education Trust-West Report. The Education Trust-West (ETW),1
"Education organizations (Association of California School Administrators, the San Diego County Office of Education, and the California Association of Suburban School Districts)",1
"Education organizations (California Association of School Business Officials, Association of California School Administrators, and the Riverside County School Superintendents Association)",1
El Cajon El Paso de RoblesEl Segundo Emeryville,1
El Centro Chamber of Commerce & Visitors Bureau and the Brawley Chamber of Commerce,3
El Centro and Brawley Chambers of Commerce,1
El Concilio of San Mateo County |West Fresno Family Resources Center,1
El Dorado County Commission on Aging Gray Panthers,1
El Dorado Irrigation District PG&E,1
"El Dorado LAFCO, Napa LAFCO, Orange County LAFCO, Sacramento LAFCO, Santa Barbara LAFCO, Shasta LAFCO, Ventura LAFCO",1
"El Monte Youth Sports Council, Boys and Girls",1
El Monte/South El Monte Chamber of Commerce: Kaiser Permanente,1
Electronic Frontier Foundation and Rural County Representatives of California (RCRC),1
"Electronics Association, American Forest & Paper Association, Association of Woodworking and Furnishing Suppliers, Biocom, Burlington",1
Elizabeth Hudson Elementary School -|Union of Concerned Scientists,1
Elizabeth Hudson Elementary School -|West Oakland Environmental,1
"Elizabeth Wiatt, NRDC Trustee, & Jim Wiatt, CEO, William",1
Elk Grove Water District/Florin Resource Conservation District,1
Ella Baker Center and the League of Women Voters,1
Ella Baker Center for Human Rights and Green for All,1
"Elsinore Valley Municipal Water District, Association of California Water Agencies",1
Emergency Housing Consortium Second Harvest Food Bank of Santa Cruz,1
Emergency Medical Services Administrators' Association of California League of California Cities,2
"Emergency Medical Services Administrators' Association of California: Eskaton, Inc., Futures Explored, Inc",1
"Empire Health Plan, Kern Health System, L.A. Care Health",1
"Empire Utilities Agency, LA County Sanitation, Las Virgenes Municipal Water District, Los",1
Empire |City of Martinez |City of Susanville,1
Empire |City of Mill Valley |City of Vacaville,1
Employees (AFSCME): California Faculty Association,1
Employees (AFSCME): PERS Board of Administration,1
Employees American Academy of Pediatrics,1
Employees Asian/Pacific American Legal Center,1
"Employees Association, Californians for a Sound",2
Employees California Alliance for Consumer Protection,1
Employees California Association of Food Banks,1
"Employees of Baker Commodities (rendering company), members: of Teamsters Local 63",3
"Employees, AFL-CIO American Lung Association",1
"Employees, AFL-CIO, California Tax Reform Association",1
"Employees, Coast Wood Preserving, Inc., Construction Coalition, Engineering",1
"Employees, El Centro, El Centro Chamber of Commerce, Environmental Working Group, Imperial",1
Employers Insurance Group and the California Association of Joint Powers Authorities (CAJPA) are opposed to the bill. EIG does not,1
"Employment Development Department, the Department of Motor Vehicles, the Department of Health Services, and the California Highway Patrol",2
Emulex Corporation Amgen Corporation,1
Encinitas Escondido Fairfield Fillmore,1
Encinitas Professional Firefighters Jeffrey Chumbley,1
"Energy Independence Now, Union of Concerned",1
"Energy Network, Kirsch Foundation, Planning and Conservation League, South Coast Air Quality",1
"Energy Producers, Norcal Waste Systems, Inc",1
"Energy Producers, Sierra Club, Natural Resources Defense",1
"Energy Technology Training, Deere Power Systems",3
"Energy, Union of Concerned Scientists, UTC",1
"Enforcement Now (CLEEN), California League of Conservation Voters, California National",1
"Engineering Contractors Association, Fence Contractors",1
"Engineering Contractors Association, Flasher Barricade Association",1
"Engineering Contractors' Association, California Fence Contractors' Association",2
"Engineering Contractors' Association, Flasher/Barricade Association",1
"Engineering Contractors' Association, Pacific Gas and Electric Company, SBC",1
Engineering General Contractor's Assoc.: of San Diego Engineering/Utility Contractors Assoc,1
"Engineering, Pillsbury, Poly Food Packaging",1
"Engineers & Scientists of CA, IFPTE Local 20 Professional & Technical Engineers, IFPTE Local 21",1
"Engineers And Scientists Of California, Local 20, Environmental Working Group",1
"Engineers and Land Surveyors of California, Orange County Business Council, Small Business Action Committee",2
"Engineers and Scientists of California, Local 20, IFPTE, AFL-CIO Professional and Technical Engineers, Local 21, IFPTE, AFL-CIO",1
"Engineers and Scientists of California, Local 20, Sierra Club",1
"Engineers, Inc., Oakwood Builders, Inc., Paragon Homes, Sares-Regis Group, The Allen Group, Western Pacific Housing",1
Enron Corporation Anna Ferrera,1
"Enron Corporation, Kern County, Kern County Farm",1
"Entrepreneurs, Forest Issues Group, Friends of the Eel River, Golden Gate Audubon Society, Institute for Ecological Health, Morro Coast",2
Environment California Environmental Defense,1
"Environment California, Heal the Bay",1
"Environment California, Planning and Conservation League, Sierra Club California",1
"Environment California, Sierra Club",1
"Environment California, Sierra Club California, StopWaste.org",1
"Environment, Community Asthma Education & Management, Community Coalition for Change, Del",1
"Environment, DKW Club of America, Dreamaker, Duplitek, East Bay Municipal Utility District, Freestone Properties, Inc., Marina Recreation",1
"Environment, DKW Club of America, Dreamaker, Duplitek, East Bay Municipal Utility District, Freestone Properties, Marina Recreation",1
Environmental & Occupational Health Committee of the American Electronis Association Fab-Mor Metals,1
Environmental California Environmental Working Group,1
"Environmental Center, California Trout, Smith",1
"Environmental Center, Sierra Club, Planning and Conservation League, Alameda County Waste",2
"Environmental Compliance Services, Inc./Fire Stop",1
Environmental Defense Center 350 Bay Area Action,1
Environmental Defense Fund and Natural Resources Defense Council write,2
"Environmental Defense Fund, The Environmental Justice Coalition for Water: Water Justice for All",1
"Environmental Defense, Los Angeles Environmental Justice Project Office Global Green",1
"Environmental Defense, Union of Concerned",1
Environmental Entrepreneurs Natural Resources Defense Council,1
Environmental Health Administrators and the County of San Diego,1
Environmental Health Administrators and the Independent Waste Oil,1
"Environmental Health Administrators, California Independent Oil Marketers Association",1
"Environmental Health, Californians Against",1
"Environmental Health, Clean Power Campaign, Environment California, Natural Resources",1
"Environmental Health, Clean Water Action, Children's Environmental Health Network, Del",1
"Environmental Health, Communities for a Better",1
"Environmental Health, Community Coalition for",1
"Environmental Health, Education for Sustainable",1
"Environmental Health, Environment California, Heritage Bag Company, Natural Resources Defense",1
"Environmental Justice Coalition for Water: Environmental Working Group, Food & Water Watch",1
"Environmental Justice, Ecolutions, Future Clean",1
"Environmental Justice, Placer Mosquito",1
Environmental Law Foundation Planning and Conservation League,1
"Environmental Lead, Indivisible Alta Pasadena",1
"Environmental Protection Coalition, Pechanga",1
Environmental Resources Council and California Trucking Assn,1
"Environmental Services Joint Powers Authority, Safety-Kleen Corporation, Sierra Club, Southern",1
"Environmental Services Joint Powers Authority, Sierra Club California, Waste Management",1
"Environmental Services, Phibro-Tech, Inc., Waste Management",1
Environmental Technology Council and Erickson Enterprises,1
"Environmental Technology Council, Laidlaw",2
"Environmental Trust, Natural Resources Defense",1
"Environmental Trust, Physicians for Social",1
"Environmental Working Group/Clean Water Action/San Francisco Bay Area Physicians for Social Responsibility/Friends Committee on Legislation of California/Center for Food Safety/California League of Conservation Voters/Center for Environmental Health/SmartOakland.org/Western Center on Law and Poverty/Seventh Generation Advisors/Community Water Center/The Trust for Public Land/Healthy Black Families, Inc./Coalition of California Welfare Rights Organizations/Children's Advocacy Institute of the University of San Diego/Sierra Club California/California Public Interest Research Group",1
Environmental Working Group: Food and Water Watch,1
"Environmental, Inc., Bay Area Nuclear Waste",1
Episcopal Diocese of County Citizens for the Prevention of Gun Violence,1
Episcopal Environmental Commission of the Diocese of California & the Regeneration Project,1
Episcopal Environmental Commission of the Diocese of California and the Regeneration Project,1
Equality California American Civil Liberties Union of California American Federation of State,1
"Equality California, Los Angeles Gay and Lesbian Center, California National Organization for Women",1
"Escondido Creek Conservancy, The Inclusion Outdoors",1
"Escondido Creek Conservancy, the Extinction Rebellion Sf Bay",1
"Escondido Creek Conservancy, the Foothill Conservancy",1
"Escondido Creek Conservancy, the Kiss the Ground",1
Escrow Agents' Fidelity Corporation Escrow Institute of California Superior Escrow Service,1
Escrow Institute of California Superior Escrow Service,1
Evangelical Bible Book Store Evangelical Free Church of Fremont,1
Everytown and Giffords strongly,1
"Exeter, Rural Health Care Center - CHA, Tulare District",1
FDA and Health Canada,2
FISCAL EFFECT Unknown COMMENTS Mercury Casualty Company,1
Faculty Association of California Community Colleges Ignite,1
"Faculty Association of California Community Colleges, Inc. Association of California School Administrators",1
"Faculty Association of California Community Colleges, Inc. Genentech",1
Faculty Association of the CCC and the Academic Senate of the CCC,1
Fair Chance Project Glide,1
Fair Housing Council of San Diego and Fair Housing Foundation of Long Beach,1
Fair Oaks John J. Skratt,1
Fairfield Suisun School District and Armijo High School,1
Fall River Junior-Senior High School Farmersville High School,1
"Fallbrook Land Conservancy, City of Diamond",1
Family Business Association of California and AMAROK,1
"Family Care Network, Inc. First Place for Youth",1
"Family Farmers, Sierra Club-California",1
Family Law Section Joint Custody Association,1
"Family Law Section and Estate Planning, Trust and Probate Law Section",1
Family Law Section of the California State Bar: Coalition for Family Equity,1
Family Law Section of the California State Bar: Committee on Moral Concerns,1
Family Law Section of the State Bar Judicial Council of California,1
"Family Section and the Estate Planning, Trust and Probate",1
"Family Support Program / Region 8, South Bay Center for",1
"Family Support Program / Region 8, South Bay Center for Counseling",3
Family Winemakers of California and the California Grocers Association,1
"Farallon Associates Insurance Brokers, McMurtry and Bell Insurance, Los Gatos, CA",1
"Farm Bureau Federation, California Grocers",1
Farm Fresh to You and Capay Organic,1
"Federation for Animal Legislation, Nature Conservancy, Santa Clara Valley",1
"Federation of Fishermen's Associations, Planning and Conservation League, Santa Clara",1
Federation of Retired Union Members of Santa Clara and San Benito Counties Gray Panthers,1
Federation of Retired Union Members of Santa Clara and San Benito Counties Medtronic Physio-Control,1
"Federation of Scientists, Susana Knolls",1
"Federation of Scientists, Women For: Women's",1
"Federation of State, County & Municipal Employees (AFSCME)-Local 206, AFSCME, California Labor Federation, and California Nurses Association",1
"Federation of State, County, and Municipal Employees, California Municipal Review and Tax Association, California",1
"Federation, AFL-CIO, Single Parents United 'N Kids",1
"Federation, Agricultural Council of California",1
"Federation, Calif. Fertilizer Assn., Calif",1
"Federation, California Forestry Association, California Manufacturers and Technology",2
"Federation, California Healthcare Institute, California Independent Oil Marketers",1
"Federation, Coalition for Practical Regulation, Consulting Engineers and Land Surveyors of California, Home Ownership Advancement",1
"Federation, Western States Petroleum",1
"Fernando Valley, Contra Costa, East San Gabriel Valley, Inland Empire North, Glendale County, Lake County, Long",1
"Fernando, San Gabriel, Sierra Madre, Signal Hill, AB 1882 (Gallegos)",1
Fieldstead and Company and the San Bernardino Pregnancy and Family Center,2
Fight Crime: Invest in Kids Kidango,1
"Finance Agency, California Mortgage Bankers Association, California Public Securities Association, California Rural",1
Fire Districts Association of California League of California Cities,1
Fire Marshal & California Fire Chiefs Association,1
"Fire Protection Districts of Apple Valley, Contra Costa County, Fairview, Fresno County, Monterey County (North), Nevada County Consolidated, North",1
"Firearms Policy Coalition, National Shooting Sports Foundation, Inc",1
"Firefighters' Association, Fire Chief's",1
"Firefighters, California School Employees",1
"Firefighters, Kern County Firefighters, Marin Professional",1
"First Amendment Coalition, California Newspaper Publishers",1
First Community Housing Inc. Foundation for Quality Housing,1
"First Financial, San Diego Gas and Electric, State",1
"First United Methodist Church of San Fernando, Sandie Richards, Rev",1
Flasher Barricade Association and Acclamation Insurance Management Services,1
Flasher Barricade Association and Coalition of Small and Disabled Veteran Businesses,1
"Flasher Barricade Association, California Manufacturers and Technology Association, National Federation of Independent Business California",1
Flasher\Barricade Association and License Information Service,1
"Floral Association, California Warehouse",2
Foley & Berzek (law firm representing consumers in class action litigation). The following oppose only the fee provision unless made prospective: Western League of Savings Institutions,1
"Food Producers, the California Hotel and Lodging Association, the California Farm Bureau, and the California Manufacturers and Technology",1
"Food and Water Watch, Friends of the Earth",1
Food and the Arts Family Winemakers of California,1
Food as Medicine Collaborative and SPUR,1
"Foods Association, Reckitt Benckiser plc, Smurfit-Stone Container Corporation, The Society of the Plastics Industry, The Proctor & Gamble Company, The Soap & Detergent",1
"Foods Company, Diary Corp., Foster Farms Dairy, Grocery Manufacturers of America, Hersey",1
"Foothill-De Anza Community College District, Fresno County Office of Education, Garden Grove Unified School District",1
"Force, American Electronics Association, Society of the Plastics Industry, Inc., American Plastics Council, Inc., California Air",2
"Force, California Refuse Removal Council, California State Association of Counties, Californians Against Waste, League of California Cities, Planning and Conservation",1
"Force, Office of the Attorney General, Surface",2
Forced Unionism CA Teachers Assn,1
"Forces Retirees Association of CA, The Retired Officers",1
"Foresters Association, California Manufacturers and Technology Association, Kings River",1
"Forestry Association, California Grain and Feed",1
"Forestry Association, California Grocers",1
"Forestry Association, Californians Against",2
"Forty Niners Football Company LLC, Golden State Warriors",1
"Forum, Mexican American Legal Defense and Educational Fund, National Council of Jewish",1
"FosterClub Inc., Health Access California",1
"Foundation, California Park and Recreation Society",1
"Foundation, Center for Environmental Health",1
"Foundation, Latino Issues Forum, League of Women Voters Fresno, Planning and Conservation",1
"Foundation, Learning Disabilities Association",2
"Foundation, Los Angeles",1
"Foundation, Natural Resources Defense Council, Planning and Conservation League, Sierra Club",1
"Foundation, Pardee Construction Company",1
"Foundation, San Diego",1
"Foundation, Santa Clara Valley Water District, Sierra Club California, Southern California Water",1
"Foundation, USA",1
"Foundation, and the Stuart Foundation",1
"Foundation, the William and Flora Hewlett Foundation, the James Irvine",1
"Franchise Association, Independent Association of Massage Envy",1
Franchise Tax Board American Federation of State,1
Franchise Tax Board and Board of Equalization,1
"Franchise Tax Board, Board of Equalization, Governor's Office",1
"Franchise Tax Board, California Taxpayers Association",1
"Franchisee Association, Domino's Franchisee Association, Dunkin",1
"Francisco Chapter, Sierra Club California, The Children's Health Environmental Coalition, Union of Concerned Scientists, Women's",1
"Francisco Drydock, Inc., Tidewater Sand & Gravel, Inc., California Manufacturers",2
Francisco and several waste management organizations,1
"Francisco, Claremont, Cucamonga Valley Water",2
"Francisco, Clean Water Action, Consumers Union, Environment California, Healthy Children",1
"Francisco, Stockton, Sunnyvale, Tracy, Tulare, Upland, Vista, Wasco, West",1
"Francisco, and Community Service Programs, Victim Assistance Programs",1
"Francisco, the California State Association of Counties, the Regional",1
Franklin-McKinley School District Latino Coalition for a Healthy Family Madison Nguyen,1
"Frazee Industries, Inc. National Steel and Shipbuilding Company",1
Free Speech Coalition: American Planning Association,2
"Freida's Inc. Handgun Control, Inc",1
"Freight Express Intermodal Transport, Environment California, League of Conservation",1
"Fremont Chamber of Commerce, Kaiser Cement, Praegitzer Industries, Printed Circuit",1
"Fremont Unified School District, Firebaugh/Las Deltas School District",2
"Freshwater Trust, The Grassland Water District",1
Fresno Chamber of Commerce National Federation of Independent Business State Board of Equalization,2
Fresno Coalition Against the Misuse of Greenaction for Health & Environmental Justice,1
Fresno Mosquito and Vector Control District Fresno Westside Mosquito Abatement District,1
Fresno St. Joseph The Worker Social Justice Committee Father O'Donnell California Coalition of Hispanic Organizations Mario G. Obledo,1
Friends Committee on Legislation of California Hillsides,1
Friends Committee on Legislation of California Lawyers Committee for Civil Rights of the San Francisco Bay Area,1
"Friends Committee on Legislation of California and Friends of the Homeless, Santa Rosa",1
"Friends of Harbors, Beaches, and Parks Heal the Ocean",1
Friends of the Earth and San Francisco Baykeeper,1
Friends of the Eel River Friends of the River,1
"Friends of the Libraries of: Albany, Arcata, Castro Valley, McKinleyville, Placentia, Saratoga",1
Friends' Committee on Legislation in California American Jewish Congress,1
"Fruit League, Calif. Seed Assn",1
Fullerton Police Officers' Association' League of California Cities,1
"Fund, Breast Cancer Action, California League",2
"Futures Network, California League of Conservation Voters, Latino Urban Forum, Little",1
GAN (French insurance company)/Barger and Wolen law firm,1
GE Capital JC Penney Co. California Financial Services Association Sears Mervyn's Gottschalks Robinson-May The Broadway Stores Weinstocks The Emporium Macyos Montgomery Wards The Harris Company,1
GLMA: Health Professionals Advancing LGBT Equality GroundSpark,1
"GROUP, The Soap and Detergent Association, Western Growers, Western Plant Health",1
GTE Service Corporation Randlett/Nelson Associates,1
GWP Power Systems |Wheelabrator Shasta Energy,1
"Gabriel County, Stockton East, United Water Conservation, Vallecitos, Valley Center",1
"Gabriel Valley, San Mateo County, Santa Clara County, San Joaquin",1
"Galbraith Van & Storage Company, |State Council for Independent Living",1
"Gamo Outdoor USA Inc., Hatsan",1
"Garbage Company, Solid Waste Association of Orange County, South San Francisco Scavenger",1
"Gardens, El Monte, Pasadena, Redondo Beach, West Covina, Alhambra, Covina, Monterey Park, Montebello, Santa",1
"Gardens, Huntington Beach, Merced, Norco, Pomona, Rialto, San Rafael, West Sacramento, and Westminster, and the County of Stanislaus",1
"Gas Vehicle Coalition, California Public",1
"GasTax, Howard Jarvis Taxpayers Association, Rodgers Trucking Company, Western States",1
"Gate Audubon, Latino Issues Forum, Mono Lake",1
"Gate, Los Angeles, Orange and San Bernardino",1
"Gate, South Pasadena, Temple City, Torrance, Walnut, Whittier",1
"Gavilan, Glendale, Kern, Los Angeles, Los Rios, Peralta, San Jose",1
Gay Asian Pacific Support Network |National Association of Social,1
"General Contractors San Diego Chapter, Azteca Construction, Inc., Construction Industry Legislative Council, DeSilva",1
General Motors Corp. California Peace Officers' Assn,1
"General, The American College of Obstetricians and Gynecologists, Battered",1
"GeoSolve, Inc./BioTech",1
"George Miller, Contra Costa Water District, East Bay Municipal Utility District, Friends of the Sea Otter, Heal the Bay, Metropolitan Water",1
Girl Scouts of Monterey YMCA of Orange County,2
"Girl Scouts, Junior Leagues of California State Public Affairs",1
"Girl Scouts, Junior Leagues of California State Public Affairs Committee",1
GlaxoSmithKline Catholic Healthcare West,1
"Glaziers, Architectural Metal & Glass Workers 718 Greenlining",1
Glendale City Employees Association Greenlining Institute,1
"Glendale Employees Association, League of California Cities",1
Glendale News-Press Huntington Beach Independent,1
"Glendale Unified School District, Grossmont-Cuyamaca Community College District",1
Glenn and Tehama County Farm Bureaus,1
Glide Foundation / Glide Memorial United Methodist,1
Global Green USA Green Campus Partners,1
Global Green USA Natural Resources,1
Global Green USA Natural Resources Defense Council,1
"Global Technologies, LLC, Hangers Cleaners",1
Golden Empire Transit District Monterey-Salinas Transit District,1
"Golden Gate Audubon Society, Los Angeles Audubon Society",1
"Golden Gate Moving & Storage Company|Vandenberg Van & Storage, Inc",1
"Golden Valley Engineering & Surveying: Hilltop Ranch, Joseph Gallo Farms, Maxwell Homes, Merced Irrigation District, McRoy-Wilbur Communities, Modesto Irrigation District",1
Government Relations Oversight Committee (California Peace Officerso Association/California Police Chiefso Association),2
"Governments, City of Modesto",1
Governor and the Attorney General,1
"Governor's Office of Planning and Research, California Building Industry Association, California",1
"Governor's Office of Planning and Research, League of California Cities",1
"Governor's Office, Department of Finance, Office of the Secretary for Education, the Senate and the Assembly",1
"Grain and Feed Assn., Calif. Grape & Tree Fruit",1
"Grain and Feed Assn., Calif. Grape and Tree",1
"Grand Juries, Counties of Alameda, Plumas, San Diego",1
"Grand Juries, Counties of Alameda, Plumas, San Diego, Planned Parenthood Affiliates of California",1
Grandparent Autism Network: Special Needs Network,1
"Grape & Tree Fruit League, Kern County Board of Supervisors, Kern Food Growers Against Sewage",1
Gray Panthers: Congress of California Seniors,1
Greater Bakersfield Chamber of Commerce Greater Stockton Chamber of Commerce,1
"Greater Eureka Chamber Of Commerce, The Helix Water District",1
Greater Fresno Area Chamber of Commerce|Vallecitos Municipal Water District,1
Greater Los Angeles African American |South Bay Latino Chamber of Commerce,1
"Greater Riverside and Greater Stockton Chambers of Commerce, Valley Industry & Commerce Association, and Latin Business Association",1
Greek Orthodox Memorial Park & Greenlawn Memorial Park,1
Green Party of Ventura County: Greenlining Institute,1
"Green Party, Monterey County Hadassah",1
"Green U.S.A., Gray Panthers California, Kirsch",1
"Greenaction, Calif. Fire Chiefs Assn., Fire",1
"Greenaction, Silicon Valley",1
Greenberg Traurig - California Landscape Contractors Association,1
"Grocers Association, California Manufacturers and Technology Association, California",1
Grocery Manufacturers of America and the National Confectioners Association,1
Grossmont Union High School District Grover Cleveland High School Gustine,1
Ground game LA Parable of the Sower Intentional Community Cooperative,1
"Group, Bridge Housing, Burbank Housing",1
"Group, California Teachers Association, Consumers Union, Planning and Conservation",1
"Group, Chemical Industry Council of California, Planning and Conservation League, Sierra Club",1
"Group, East Bay (Oakland) Clean Cities",3
"Group, Fresh Water Systems (11 letters), GE",1
"Group, General Motors Corporation, Sempra",1
"Group, Glenn County APCD, Imperial County APCD, Kern County APCD, Monterey Bay Unified APCD, Planning and Conservation League, San Diego",1
"Group, Healthy Children Organizing Project, Children's Health Environmental Coalition, Kirsch Foundation, Learning Disabilities",1
"Group, League of Women Voters of California, Planning and Conservation League, Sierra Club California",1
"Group, Sierra Club California, The Trust for",1
"Group, Styrene Information and Research Center, Surface Technology Association, The Cosmetic, Toiletry and Fragrance Association, The Soap and Detergent Association, Union Pacific",1
"Group, The Breast Cancer Fund, Sierra Club",1
"Group, Treated Wood Council, Universal Forest",1
"Group, Western Center on Law & Poverty",1
"Group, Western Municipal Water District",1
"Group-Marin County, Physicians for Social",1
"Growers Assn., Calif. Farm Bureau Federation, California Municipal Utilities Assn., Calif",1
"Growers Assn., Calif. Fertilizer Assn., Calif",1
"Growers Association, Kern County Board of Supervisors, Kern Food Growers Against Sewage",1
"Growers Association, Modoc County Cattlemen, Surprise Valley",1
"Growers, California Building Industry",1
"Growers, California Electric Transportation",1
"Gualco Group, The Haley Fruit Orchards",1
"Guided Discoveries, Inc. Camp Fire Council of the Foothills",1
"Gyres Institute, Californians Against Waste, Heal the Bay, Surfrider Foundation",1
"H&R Block Intuit, Inc",1
HAIGHT ASHBURY NEIGHBORS FOR DENSITY HAMILTON FAMILIES,1
"Habitat for Humanity, California Housing Consortium, California",1
"Hacienda Heights Improvement Association Inc., Committee on Moral Concerns, Robert H. Peterson Co., 11",1
"Haight-Ashbury Neighborhood Council, Humboldt State University Campus Recycling",1
Half Moon Bay Coastside Chamber Surety Company of the Pacific of Commerce,1
Hanson Aggregates and Hanson Permanente Cement,1
"Hardware, Styrene Information Research Center, Surface Technology Association, The Evans HR",1
Haven Human Society and the Inland Valley Humane Society,1
Hayward Area Planning Association Sierra Club,1
"Hazardous Waste Association of California: Association of Metal Finishers, Printed Circuit Alliance, Solar Turbines",1
"Heal the Bay, Sierra Club of California",1
Healdsburg California Professional Firefighters California Manufacturers Association League of California Cities,1
Health Access California Health Net,1
Health Access California Kaiser Permanente,1
Health Access California National Senior Citizens Law Center,1
Health Access California PICO California,1
Health Access California and the Service Employees International Union (SEIU),1
"Health Access California, California Dental Association",1
Health Access California: United Ways of California,1
Health Access and Pacific Business Group on Health,1
"Health Agencies, Casa Pacifica, Ventura County",1
"Health Association - North, Clean Water Action, Environment California, National Environment",1
"Health Association, Western States Petroleum",2
"Health Care Districts, Hanford Community Medical Center, Kaweah Delta Health Care",1
"Health Environmental Coalition, Kirsch",2
"Health Executives Association of California, Diabetes Coalition of California, Equality",1
"Health Insurance Association of America: Health Net, United Health Care",1
Health Net American Civil Liberties,1
Health Net Blue Cross,1
Health Net and Blue Cross,1
Health Officers Association of California and the California Conference of Directors of Environmental Health,2
"Health Officers of California: Protection & Advocacy, Inc",1
"Health Organization, the National Association of School",1
"Health:: AltaMed Health Services, Bienestar Human Services",5
"Healthcare, Blue Cross of California, Cal Bankers, California Chamber of Commerce, California Financial",1
"Healthy Children Organizing Project, Sierra Club",1
Hearing Employment (CASE) American Federation of State,1
"Heart, Jewish War Veterans of the USA, Marine Corps League, the Legion of Valor, the Paralyzed Veterans of American, and the Reserve Officers Association",1
Hemet San Jacinto Chapter 478 SB 417-Hollingsworth Palomar Chapter 455,1
Herbalife International Shaklee Corporation,1
"High, Eppel, Escondido, Etiwanda, Eureka Union, Fairfield-Suisun, Foresthill Union, Gonzales, Hanford",1
"Higher One, a non-bank provider of these services, and the California Bankers Association (CBA)",1
"Hills Mutual, United Laguna Hills Mutual, United",1
"Hills, Chino Valley, Costa Mesa, Crenshaw, Downey, Hanford, Inglewood/Airport Area",1
"Hills, Chula Vista, Claremont, Culver City, El Cajon, Laguna Hills, Lakewood, Lompoc, Moreno Valley, Monterey, Moorpark, Moreno Valley, National City, Rancho Cucamonga, Rocklin, Santa Cruz, Stockton, Thousand Oaks",1
"Holdings, Inc., Evergreen Oil, Inc., Phibro-Tech, Inc., Safety-Kleen Corporation, Waste Management",1
"Holland Inc., Caterpillar Inc",1
"Hollywood, Whittier, Yucaipa",1
Homeless Action CenterJericho: A Voice for,1
"Homeowners Organization Councilman Marvin Braude, Los Angeles City Council",1
"Honeywell, Johnson Controls",1
"Hoover Commission, League of California Cities, Livable Places, Mexican American Community",1
"Hoover Commission, Livable Places, Mexican",1
"Hoover Commission, Mexican American Legal",1
"Hope Adult Day Care Center: SunnyDay Adult Health Care, Yolo Adult Day Health Center",1
Hope the MissionHousing California,1
"Hospital Association, Contra Costa Health",1
Hotel Employees & Restaurant Employees Union Local 483 and Local 814: Housing Rights Center,2
Hotel Employees and AB 2752 (Alquist),1
"Hotel Employees, Restaurant Employees International Union Jericho",4
"Hotel Employees, SB 1505 (McClintock)",1
"Household Hazardous Waste, League of California",2
Housing Association Howard Jarvis Taxpayers Association,1
Housing California Marin Housing,1
Housing California and Consumer Action,1
"Housing California, JERICHO",1
"Housing California, Mid-Peninsula Housing Corporation",1
"Housing California, Western Center on Law and Poverty",1
"Housing Corp, And Mid-Pen, Housing Coalition",1
Housing Departments of the Cities of Concord,1
"Housing Departments of the Cities of Concord, Long Beach, San Francisco (Mission), and Modesto",4
"Housing Partnership Corporation, Non-Profit Housing Association of Northern",1
"Howard Jarvis Taxpayers Association, California State Retirees",1
"Howard Jarvis Taxpayers Association, Common Cause, Cal Tax",1
"Howard Jarvis Taxpayers Association, League of California Cities",1
"Howard Jarvis Taxpayers Association: Paramount Petroleum, Saint Gobain Containers, Tustin Awards, Inc",1
"Howard Jarvis Taxpayers, Service Employees International Union",1
Human Rights Advocates Youth Justice Coalition Youth Law Center,2
Human Rights Watch National Center for Youth Law American Civil Liberties Union Amnesty International Books Not Bars,2
"Humane Farming Association, The Humane Society of the United States, Hollywood Office",1
"Humane Society of The United States, The Inland Ocean Coalition",1
"Humane Society of The United States, The Jane Goodall, Jane Goodall Institute",1
"Humane Society of the United State, The Kern County Cattlemen's Association",1
"Humane Society of the United States ,The Humane Society Veterinary Medical Association, The Humboldt Wildlife Care Center, Bird Ally X",1
"Humane Society of the United States, The In Defense of Animals",1
"Humane Society of the United States, The International Mountain Bicycling Association",1
"Humane Society of the United States, The Ocean Conservancy",1
"Humboldt Waste Management Authority, Natural Resources Defense Council",1
Huron and Orange Cove,1
HydraPak & California Outdoor Recreation Partnership,1
I-Stat Corporation Abaxis,1
"IATSE Local 695, Screen Actors Guild‐American Federation of Television and Radio Artists, Script Supervisors/ Continuity Coordinators, Accountants & Allied Production Specialists Guild",1
IBank and CPCFA,6
IFPTE L.20 United Food and Commercial Workers Union,1
"INDIVISIBLE: ALTA PASADENA, CA-14, CA-33, CA-37, CALIFORNIA GREEN TEAM",1
"Iglesia Santo Alfonso/Mt. Carmelo (Fresno, CA) Rev. Raul",1
"Iglesia del Sagrado Corazon (Delano, CA) Rev. Emerito Gomez",1
"Iglesia del Sagrado Corazon (Merced, CA), Rev. Jose M. Montiel",1
"Immigrant Rights & Civil Rights:: 605 Citizenship Project, American Civil Liberties Union",1
"Immigrant Rights of Los Angeles Sharon Blackburn, Executive",1
Impact Fund / Discrimination Research Center,1
Imperial Capital Bank & ITLA Capital Corporation,1
"Improving Colton, Coalition for Clean Air, Commerce City Council",1
In Defense of The Fund for Animals,1
"In School + On Track, California Attorney General Kamala Harris",1
Inc Peace Officers Research Association of California,1
Inc. (GSMOL) Western Center on Law and Poverty Law Office of Endeman,1
Inc. (NEV) Off-Line Independent Energy Systems,1
Inc. (PAI) Western Center on Law and Poverty,1
Inc. 100% Campaign,1
Inc. Airsignal,1
Inc. American Academy of Pediatrics,1
Inc. American College of Emergency Physicians,1
Inc. American Express Travel Related Services,1
Inc. American Lung Association of California American Federation of State,1
Inc. American Shooting Sports Council,1
Inc. Avco Disposal,1
Inc. B.C.P. Associates Browning-Ferris Industries of California Burtec Waste Industries,1
Inc. BP Solar,1
Inc. CR Transfer,1
Inc. Cal-Sierra Disposal,1
Inc. California Alliance for Retired Americans City of San Luis Obispo City of Sonoma County Mobilehome Positive Action Committee,1
Inc. California Aquaculture Association,1
Inc. California Business Properties Association California Professional Firefighters L.A. Cellular Peace Officers Research Association of California Cities of Alhambra,1
Inc. California Community Colleges,1
Inc. California District Attorneys Association (CDAA) California Probation,1
Inc. California Fire Chiefs Association California Police Chiefs Association Inc. Red Bluff Police Officers Association South Lake Tahoe City Employees Association Chambers of Commerce of Calimesa,1
Inc. California Institute of Technology City of Baldwin Park,1
Inc. California Lawyers Association,2
Inc. California Norml National Association of Social Workers,1
Inc. California Probation,1
Inc. California Refuse Removal Council California State Association of Counties California Teamsters California Waste Removal Systems California-Nevada Conference of Operating Engineers City of Agoura Hills,1
Inc. California School Employees Association California Probation,1
Inc. California State Association of Counties,1
Inc. California State Commanders Veterans Council,1
Inc. California State Commanders Veterans Council Veterans Advisory Council,3
Inc. California State Student Association Mr. Dan Oase,1
Inc. Citicorp Services,1
Inc. Cities of Visalia,1
Inc. City of Chula Vista,1
Inc. City of Monrovia John S. Keel,1
Inc. City of San Jose,1
Inc. City of Santa Maria Police Department Diamond Video World,1
Inc. Comdata Network,1
Inc. Correctional Peace Officers Foundation,1
Inc. County of Riverside,2
Inc. Del Mar Firefighters Association Lakeside Firefighters Association Santee Firefighters Association Vista Firefighters Shawn McLaughlin,1
Inc. Earthquake Engineering Research Institute,2
Inc. Genencor International,1
Inc. Glass Mountain Pumice,1
Inc. Guru Investments Inc. Hof's Hut Restaurant & Bakery Hundal Companies International House of Pancakes King's Seafood Company Restaurants (fifteen restaurants) KFC,1
Inc. Indian Diamond and Colorstone Association (USA),1
Inc. Integrated Payment Systems,1
Inc. Joe Franko,1
Inc. Kellco Services,1
Inc. Little Hoover Commission,1
Inc. Los Angeles County Sheriff's Department Nytro Multisport Technology,1
Inc. Marwaha Restaurants,1
Inc. Matthew A. Kuhta Vickie L. Wells,1
Inc. Mobile Mini,1
Inc. Muscular Dystrophy Association Neal Aronson,1
Inc. National Right to Life Committee,1
Inc. Novato Solar Depot,1
Inc. Orange County Integrated Waste Management Department Solid Waste Association of North America WMX Technologies,1
Inc. PLM International,1
Inc. Peninsula Window Coverings (San Bruno),1
Inc. Presidio Capital Corporation Allen Hirsch,1
Inc. Republic Services,1
Inc. Ronald L. Hartman,1
Inc. Sacramento Aggregates,1
Inc. Safety-Kleen,1
Inc. Society of California Care Operators,1
Inc. Sonoma County Law Enforcement Chiefs Association Stanislaus County Police Chiefs,1
Inc. Steve Castaneda,1
Inc. Stockton Scavenger Association,1
Inc. Sunny Oaks Mobilehome Park Residents' Association,1
Inc. Sunset Scavenger Taormina Industries,1
Inc. The Media Coalition,1
Inc. Thomas Cook,1
Inc. Tom Shuler,1
Inc. Transportation Solutions Defense and Education Fund,3
Inc. Travelers Express Company,1
Inc. Trico Disposal,1
Inc. Turlock Scavenger Co. Upper Valley Recycling,1
Inc. United Cerebral Palsy Association of California,1
Inc. Vacaville Sanitary Service Vallejo Garbage Service Varner Bros,1
Inc. W.P. Carey,1
Inc. Waste Management,1
Inc. Wesley C. Mitchell,1
Inc. West Coast Recycling Company Westside Waste Management Co. Inc. Yuba-Sutter Disposal,1
Inc. Western Center of Law and Poverty,1
Inc. Western Electrical Contractors Association The State Building and Construction Trades Council,1
Inc. William L. Lee,1
Inc. [Written to Former Version Of Bill] American Farmland Trust,1
Inc. the Wireless Power Company,1
"Inc., Hanjin Shipping Company, Home Depot, Matson Navigation Company, Michaels Stores",1
"Inc., Marine Terminals Corporation, Pacific",1
"Inc., National Retail Federation, MOL (America)",1
"Inc., Owens-Brockway Plastics, Pacific Plastics",1
"Inc., Participants Trust Company, Securities and Exchange Commission, Securities Industry",1
"Incorporated, Los Angeles Cellular Telephone Company, MCI, Pacific Telesis Group, San Diego Gas and Electric, Southern",1
"Incorporated, Pacific Gas and Electric, Southern California Edison, Southern California",1
"Incorporation Movement, East Los Angeles Residents Association, Randy",1
Independent Administrators Association California Association of Life Underwriters Department of Insurance,2
"Independent Administrators' Association, National Electrical Contractors Association",1
Independent Automobile Dealers Association of SB 1462 - Johannessen California,1
"Independent Grocers Association, California Manufacturers and Technology",1
Independent Hospitality CoalitionIndustry & Commerce Association,1
"Independent Living Center of Southern California, Van Nuys Independent Living Services of Northern",1
"Independent Living Center of Southern California, Van Nuys Independent Living Services of Northern California, Chico",1
Independent Living Resource Center of San Francisco Jericho,1
"Independent Oil Marketers Association, California Assn. of Realtors, Pacific Gas and Electric Co., Southern California Edison",1
"Independent Oil Marketers Association, Chamber",1
"Independent Public Employees Legislative Council, California Peace Officers Association, Chief Probation",1
"Independent Public Employees Legislative Council, California School Employees Association",1
"Independent Waste Oil Collectors and John Gibson, Hamann Companies",1
"Indians, Big Pine Paiute Tribe and Bishop Paiute Tribe of Owens",1
"Indians, California Environmental Law Project, Chino Greenhouses, Inc., Diocese of San Diego, Elk Valley Rancheria, Guidiville Indian",1
"Indivisible CA-12, 33, 41, 43",1
Indivisible CA-29 Indivisible CA-33,1
Indivisible CA-29 Indivisible CA-37,1
Indivisible Suffragists Indivisible Ventura Indivisible Westside L.A,1
"Indivisible: 36, 41, CA 25 Simi Valley-Porter Ranch, CA 43, CA 45, Alta",1
"Indivisible: Alta Pasadena, CA Green Team, Cloverdale, Livermore, Marin, Resistance Riverside, Resistance Northridge, Media City Burbank, Mendocino, Sacramento, San Diego, San Jose, Sonoma, South Bay LA, Stand Strong LA, and Stanislaus",1
"Indivisible: Alta Pasadena, CA-14, CA-33, CA-37, California Green Team, Livermore, Marin, Media City Burbank, Resistance San Diego, Ross Valley, Sacramento, San Jose, Sonoma County, South Bay LA and Stand Strong LA",1
"Indivisible: CA-43, California Green Team, Marin, Napa, Peninsula CA-14, Resistance, Elk Grove CA-07 Committee, San Francisco, Sausalito, South Bay - LA, West Marin",1
"Indivisibles: 36, 41, Alta Pasadena, Auburn CA, Beach Cities, CA-14, CA-25 Simi",1
"Indivisibles: 36, 41, Alta Pasadena, Auburn CA, Beach Cities, CA-14, CA-25 Simi Valley Porter Ranch, CA-29, CA-33, CA-34 Women's Feminists in Action, CA-37, CA-43, CA: Green Team, CA: StateStrong, Claremont / Inland Valley, Cloverdale, Colusa County, East Bay, East Valley, El Dorado Hills, Euclid, Hillcrest, Livermore, Los Angeles, Manteca, Marin, Media City Burbank, Mendocino, Normal Heights, North San Diego County, Orchard City, Petaluma, Resisters Walnut Creek, Rooted in Resistance, Ross Valley, Sacramento, San Diego Central, San Diego Downtown, San Jose, San Pedro, Santa Barbara, Santa Cruz, Santa Cruz County, Sausalito, SF Peninsula, SFV, Sonoma County, South Bay LA, Stanislaus, Suffragists, Together We Will Los Gatos, Ventura, Windsor, Yolo, and Yalla",1
"Indivisibles: 36, 41, Alta-Pasadena, Auburn, Beach Cities, CA 25 Simi Valley",1
"Indivisibles: 36, 41, CA-14,CA-25 Simi Valley Porter Ranch, CA-43, CA-45, Alta Pasadena, Auburn CA, Beach Cities, California Green Team, Claremont/Inland Valley, Cloverdale, Colusa County, East Bay, East Valley, El Dorado Hills, Elmwood, Euclid, Fremont, Hillcrest, Indian Valley, Lakewood, Livermore, Los Angeles, Manteca, Marin, Media City Burbank, Mendocino, Mid-Peninsula, Monterey, Normal Heights, OC 46, OC 48, Of the Desert, Orchard City, Palo Alto Plus, Petaluma, Redlands, Resisters Walnut Creek, Ross Valley, Sacramento, San Diego Central, San Jose, San Pedro, Santa Barbara, Santa Cruz County, Sausalito, Sebastopol, San Francisco, San Francisco Peninsula, SFV, Sonoma County, South Bay LA, Stanislaus, Stockton, The Resistance Northridge, Tracy, Tri-Valley, TWW - Los Gatos, Ventura, West Side LA, Yalla, and Yolo",1
"Indivisibles: CA: StateStrong, Cloverdale, Livermore, Sacramento, San Jose, Santa Cruz Mountains, and South Bay LA",1
"Indivisibles: California Green Team, California StateStrong, Marin, Resisters",1
"Indivisibles: California Green Team, Orchard City, Sausalito, SFV, Sonoma",1
Industrial Environmental Association |San Gabriel Valley Economic,1
"Industrial Environmental Association, Metal Finishing Association of Southern",2
"Industrial Relations and the Department of Insurance. The FTB, the BOE",1
"Industries Alliance, California Chamber of Commerce, California Manufacturers and Technology Association, Computing Technology",1
Industries Association City of |South Coast Air Quality Management,1
"Industries, Inc., California Waste Recovery",1
"Industries, Inc., Varian Associates, Inc., City",1
"Industry Council of CA, FMC, Gary Drilling",2
"Industry, California Warehouse Association, Chemical Industry Council of California, Construction Industry Air Quality Coalition, Grocery Manufacturers of America, Harbor",2
"Industry, League of California Cities, Los",1
"Information Center, Friends of the River, Guardians of Elk Creek Old Growth, Northcoast",1
Information Officer |City of Livermore |City of South Gate,1
Information Officer |City of Lompoc |City of Stanton,1
Inland Counties Stonewall Democrats |National Organization for Women,1
"Inland Empire Disposal Association, Los Angeles County Waste",1
Inland Empire Utilities Agency Santa Ana Watershed Project Authority,1
Inland Empire Utilities Agency Western Dairy Association,1
Inland Empire Utilities Agency Western United Dairymen,1
"Inland Empire Utilities Agency, Natural Resources Defense",1
"Inland Valley Development Agency, Statler Bros. Markets",1
Inland |City of Manteca |City of Sunnyvale,1
Inland |City of Merced |City of Upland,1
Inner Circle Foster Family Agency/Inner Circle Children's Advocacy Center,1
"Inquilinos Unidos, Los Angeles: JERICHO: A Voice for Justice",1
"Institute for Studies in Development, Environment and Security, Pesticide Action",1
"Institute of California, Dole Packaged Foods, LLC, Glass Packaging Institute, Grocery",1
"Institute, California Manufacturers and Technology Association, Cal Rad Forum, Ligand",1
"Institute, Clean Water Action, Coalition for",1
"Institute, Friends of the River, Heal the Bay, Los Angeles Physicians for Social",1
"Institute, Greenlining Coaliton, Home Ownership",2
"Institute, KIDS NETWORK, Los Angeles County",1
"Institute, Natural Resources Defense Council, San Diego BayKeeper, Santa Clara Valley Audubon",1
"Institute, Orange County Business Council, Pajaro Valley Water Management Agency, Public",1
"Institute, The Sierra Nevada Alliance, Womens",1
"Institute, USANA Health Sciences, Inc., Wine",1
Insurance Agents and Brokers Legislative Council and Compline LLC,1
"Insurance Association, Union Oil, FMC, Southern",3
Insurance Brokers & Agents of the West Howard Jarvis Taxpayers Association Incorporated,2
Insurance Commissioner and Equality California,1
Insurance Companies (ACLHIC) and the California Association of Health Plans (CAHP),1
"Insurance Companies (ACLHIC), Transamerica, and HCC Life Insurance",1
Insurance Companies Consumer Attorneys of California,1
Insurance Companies Consumers Union,1
"Integrated Waste Management Board, Cereplast, Inc., Society of the Plastics Industry",1
Intel Corporation Mr. Vince Nye,1
Interactive Digital Software Association (ISDA) Motion Picture Association of America (MPAA) Video Software Dealers Association (VSDA) Adult Entertainment Industry Education Fund,1
"Interest Research Group, California School",1
"Interest Research Group, Defenders of Wildlife, Global Exchange, Institute for Food and Development Policy/FoodFirst, Natural Heritage",1
"Interface Services, Carlsbad Corporation for Supportive Housing, Oakland Council of Churches of Santa Clara County",1
Interlink Network Inc./VISA International,1
"International Association of Sheet Metal, Air, Rail and Transportation Workers, International Brotherhood of Electrical Workers Local 100",1
International Brotherhood of Electrical Workers Local Union 234 and 340,1
"International Brotherhood of Electrical Workers, Local 57 & International Association of Machinists and Aerospace Workers",1
"International Brotherhood of Electrical Workers, Locals 6, 11, 441 and 551",1
International Center for Technology Assessment/Center for Food,1
International Center for Technology Assessment/Center for Food Safety,1
International Cinematographers Guild Local 600: Ironworkers Locals 433 and 509,2
International Council of Shopping Centers Lake Tahoe South Shore Chamber of Commerce,1
"International Council of Shopping Centers, Retail Industry Leaders Association",1
"International Inc., Sierra Club California, Union of Concerned Scientists",1
"International Ladies Garment Workers' Union (ILGWU) California Labor Federation, AFL-CIO",1
"International Longshoremen's & Warehousemen's Union, Local 6 (ILWU) International Union of Operation Engineers Service Employees International Union (SEIU)",1
"International Organization of Masters, and Mates & Pilots (MMP), the Inlandboatmen's Union (IBU), and Marine Engineers Beneficial Association (MEBA)",1
"International Union - AFL-CIO-CLC, Local 1442, Valcore Recycling, Ware Disposal Co., Inc., Waste Management, West Contra Costa Integrated",1
"International Union of Operating Engineers, Cal-Nevada Conference Invenergy",1
"International Union of Painters and Allied Trades, District Council 16, International Union of Painters and Allied Trades, District Council 36, District Council of Iron Workers",1
"International Union, Women's Cancer Resource",1
"International, CA Association of Firearm Retailers, National Shooting",1
"International, General Electric Lighting, Howard Jarvis Taxpayers Association, Light",1
"International, Inc. Congress of California Seniors",1
"International, Inc. Orange County Fire Department",1
"International, Marriott International, Marriott Ownership",1
Internet Association and TechNet,1
"Internet Association, TechNet",1
Interval House Crisis Shelters & Centers of Victims of Domestic Violence Battered Women's Alternatives (BWA),1
Invenergy | Even Keel Wind,1
Involved Voters CA Assoc. of Joint Powers Agreement,1
"Inyo County Board of Supervisors, National Federation of Independent Business, United Trustees Association",1
Ironworkers Locals 433 and 509,1
"Irrigation Districts of: Browns Valley, Saucelito, South San",1
Irwindale La Canada Flintridge,1
Issue | | |days |days |eal,1
"Issues Forum, San Diego, Sierra Club California",1
J Gelt Corporation / Casa Pacifica Adult Day Health Care Center,1
"JERICHO, Mid-Peninsula Housing Coalition, Mission",1
"JR Construction - SOL Solutions, Inc",1
"Jacinto, San Marcos Unified, Santee, Solano Beach, Sonora, Tahoe Truckee Unified, Temecula Valley, Tulare Joint Union, Turlock, Victor Valley Union High, Woodland",1
Jail Psychiatric Services of San California State Council on Developmental Disabilities,1
"Jain Foundation, India Community Center, Simi Valley Mandir",1
"Janet H. Saalfield, Janet G. Sherwood, Alan",1
Janeunchained Los Angeles Democrats for The Protection of Animals Pawpac,1
Japanese American Citizens League - |Nepal Sewa Center,1
Japanese American Citizens League of|Online Policy Group,1
Jefferson Smurfit Corporation & Container Corporation of America,1
"Jericho, Western Center on Law and Poverty",1
"Jerome E. Horton, Chairman, State Board of Equalization, Fourth District MuniServices Sprint T-Mobile",1
"Jewish War Veterans of the USA, Marine Corps League",1
"Joaquin County Farm Bureau, Western Growers",1
"Joaquin Valley Division of the League of California Cities, U.S. Senators Boxer and Feinstein",1
John Burton Advocates for Youth and the Plumbing-Heating-Cooling Contractors Association of California both,2
John Hopkins Center for Health Security and the Scientist Working Group on Biological and Chemical Security write,3
John Laing Homes. AB 151,1
"Johnson, Soap and Detergent Association, Western Growers, Western Wood Preservers",1
"Jose, San Bernardino, Yuba City, Rialto, Downey, Capitola, Angeles, Ontario, Port Hueneme, Brawley, Brentwood, Marysville, Fairfield, Los Gatos/Monte Sereno, Pomona, Livermore, Santa Maria, Claremont, Glendora, Signal Hill, Redding, Santa Barbara, Foster City, Berkeley, Sacramento, El Segundo",1
Journey House LA Voice,1
"Judges Association, Catholic Charities, several individuals",2
"Judges of California, Youth Law Center, California Alliance Against Domestic",1
Judges' Association Association,1
Judicial Council and Blue Lake Rancheria,1
Judicial Council and CSAC,1
Judicial Council and California State Sheriffs,1
Judicial Council and Family Services (Sponsor) Consolidated Superior/Municipal,1
Judicial Council and the CA State Sheriffs' Assoc,1
Judicial Council of California and Relative Care Givers,1
"Judicial Council, American Federation of State",1
"Judicial Council, Children's Advocacy Institute",1
"Judicial Council, Children's Advocacy Institute, and National Association of Counsel for Children, Los Angeles Chapter",1
Judicial Council: Consumer Attorneys of California,1
"Junior League of Bakersfield National Council of Jewish Women/Los Angeles Women For Carol S. Bruch (Professor of Family Law, University of California, Davis)",1
Junior League of California State Public Affairs Committee (SPAC): Los Angeles Superior Court,1
"Justice Coalition for Water, Gray Panthers",1
"Justice Coalition of Water, Inland Empire, Long",1
Justice Now Lutheran Office of Public Policy-California,1
Justice Now and Californians United for a Responsible,1
Justice Policy Institute Juvenile Law Center,1
"Justice in Aging: L.A. Care Health Plan, National Health Law Program",1
"Justice, Nuclear Information and Resource",1
"Justice, Pacoima Beautiful, Physicians for",1
Justice2jobs Coalition and Racial Justice Coalition of San Diego,1
Juvenile Court Judges of League of Women Voters of California,2
"K. Flynn (Ventura County Board of Supervisors), Oxnard, United Water Conservation District, Ventura County Board of Supervisors, 59",1
Kaiser CalPERS HMO,1
Kaiser Permanente (withdraws opposition upon adoption of amendments in Comment 1) Health Net,1
Kaiser Permanente California Association for Health,1
Kaiser Permanente California Association of Health Plans HealthNet,1
Kaiser Permanente: Lambda Letters Project,1
Kaiser Permanente: Prevention Institute,2
"Keeley, Planning and Conservation League, Renewable Energy Action Project, State",1
Keeshound Club of Southern National Animal Interest Alliance,1
"Kensington Municipal Advisory Council, American Planning Association-California Chapter, League of California Cities",1
"Kerman Funeral Service: Kiefer & Eyerick Mortuary, George L. Klumpp, Machado's Hillside Chapel",1
Kern County Office of EducationSilverado High School (San Bernardino Co),1
Kern County Office of EducationSilverado High School (San),1
Kern County School Districts and County Superintendent of Schools,4
"Kern County Superintendent of Schools, Los",1
"Kern County Superintendent of Schools, Los Angeles Unified School District",1
"Kern County Superintendent of Schools, Orange County Board of Supervisors",1
Kern County Trial Courts of: San Francisco Superior Court,1
"Kern LAFCO, California Association of LAFCOs",1
Kern Medical Center: Medical Board of California,1
Kern and Rio Hondo Community College Districts,1
"Kern, Los Angeles, Los Rios, Mt. San Jacinto and Yosemite Community College",1
"Kern, Los Angeles, Los Rios, Rio Hondo, San Jose",1
"Kern, Los Angeles, Los Rios, Rio Hondo, San Jose-Evergreen, and West Kern",1
Kings River Water Association and Kings River Conservation District,1
Klinger Construction Company Henry and Thelma Pombo,1
"Klistoff and Sons Inc., Las Virgenes Disposal",1
Korean Immigrant Workers Advocates |Our Family Coalition,1
Korean War Veterans Association AFSCME,1
"L. D. King Inc., Empire Management Inc",1
L.A. Care Health Plan Local Health Plans of California,1
L.A. County Dept. of Children Judicial Council and Family Services,1
L.A. County Dept. of Children and Family Services Consolidated Superior/Municipal,1
L.A. District Attorney's Office and the L.A,1
"L.A. District Attorney's Office, ""AB 1607",1
L.A. Police Protective League (PPL) and the Riverside Sheriffs' Association,1
LA County Chicano Employees Assn.Americans Against Discrimination (Sponsor) Preferences,1
LA County Chicano Employees Assn.Department of Transportation,1
LA County Chicano Employees Assn.Department of Transportation (Sponsor) State Personnel Board,1
LA County Chicano Employees Assn.Department of Transportation State Personnel Board,1
LA IMPACT and LA Clearinghouse,1
"LA Neighborhood Land Trust, Trust for Public Land, California State Parks",1
"LA Neighborhood Land Trust, Trust for Public Land, California State Parks Foundation, California Park and Recreation Society",1
LA Unified School District California Organization of Police and Sheriffs,1
"LA-RICS, Los Angeles County, Los Angeles County Sheriff Lee",1
"LAFCO, Friends of Buena Vista",1
LP |Mariani Nut Company | |Pacific Inspection |Pacific Oroville |Pacific Ultra Power,1
La Raza Roundtable de California La Raza Law Student Association of UC Davis Law School,1
"Labor Council, SEIU Local 715 and Local 1877, 1",1
Laborers: Local 220 and Local 585,1
LafayetteLaguna Beach,1
Laguna League of CA Cities People for Livable and Active Neighborhoods in Los Angeles Residents for Less Pollution,1
"Lake Administrative Officer, Kelly F. Cox, Lake County Agricultural Commissioner, Steven Hajik",3
"Lake Committee, Municipal Water District of Orange County, Orange County Water District, Park Water Company, Planning and Conservation",1
Lake County and Lake County Sanitation District,1
"Lake County, Lassen County, Madera County",1
"Lake Water Agency, Clean Water Action, Heal the Bay, Santa Clarita Valley Transportation",1
"Lake Water Agency, Clean Water Action, Santa",1
"Lake, Mendocino, and Sonoma County Offices",1
"Lakes, Palo Alto, Bernardino, San Carlos, Mateo, San Pablo, San Ramon, Santee, Saratoga, Seal Beach, South",1
Lakewood Western Center on Law and Poverty,1
"Lakewood, Lindsay, Lompoc, Long Beach, Malibu, Mid Valley, Montebello, Montrose, Pacific Palisades, Poway, Rancho Cucamonga, San Diego North, San",1
"Lakewood, Lompoc",1
Lakin Tire West Tri-C Manufacturing,1
Lambda Letters Project Metropolitan Community Church of Los,1
Lambda Letters Project: League of Women Voters,1
Lancaster Burns Construction Inc. Lawrence W,1
Lancaster Burns Construction Inc. Lawrence W. Rosin Co,1
"Land Trust of Santa Cruz County, American Federation of State, County and Municipal Employees AFL-CIO, California Council of Land Trusts",1
"Landfill, Herzog Contracting Corporation, League of California Cities, Norcal Waste",1
"Landscape Contractors Association, California Rural Legal",1
"Landscaping, Inc., International Longshore & Warehouse Union, Los Angeles County Federation",1
Latino Coalition for a Healthy California: Latino Issues Forum,2
Latino Health Alliance: March of Dimes Foundation,1
Latino Issues Forum Latinos United for Clean Air,1
Law Review Committee (sponsors): California Grocers Association,1
Law Students for Reproductive Justice Maternal and Child Health Access,1
Law and Legislative Committee of the California Peace Officers' Association (the California Peace Officers Association and the California Police Chiefs' Association),1
Law and Legislative Committee of the California Peace Officerso Association (the California Peace Officers Association and the California Police Chiefso Association),2
Lawrence Livermore National Laboratory Mary Kowatch,1
Lawyers Committee for Civil Rights Eva Royal,1
Lawyers Committee for Civil Rights |People for the American Way,1
Lawyers' Alliance and the National Center for Lesbian,1
Lawyers' Committee for Civil Rights of the San Francisco Bay Area Taxpayers for Improving Public Safety Progressive Jewish Alliance,4
Le Parc Homeowners Association Nina E. Scholtz,1
Leadership Counsel for Justice and Accountability Self-Help Enterprises,1
Leading Age California and the California Association of Health Facilities (CAHF),1
Leading Age California and the California Association of Health Facilities (CAHF) are,1
LeadingAge California and California Association of Assisted Living jointly write as,1
League and Ca Organic Recycling Co,1
League for Coastal Protection Environmental Defense Center,2
League of -Alpert California State Association of Counties,1
League of CA Cities [SPONSOR] CA State Association of Counties,1
League of CA CitiesCA Bankers Association,1
League of California Cities (Cal Cities) and the California State Association of Counties (CSAC),2
League of California Cities (League) and the California State Association of Counties,1
League of California Cities CONTINUED California State Association of Counties Cities of Baldwin Park,1
League of California Cities California Attorney General's Office Riverside County District Attorney California Organization of Police and Sheriffs,1
League of California Cities California Park & Recreation Society California Congress of Parents,1
League of California Cities California Professional Firefighters California State Association of Counties Cities of Alhambra,1
League of California Cities California State Association of Counties California State Association of Counties Cities of Cupertino,2
League of California Cities California State Association of Counties Cities of Modesto,1
League of California Cities Cities of Carlsbad,1
League of California Cities City Clerks Association of California City of Buena Park,1
League of California Cities League of California Cities Cities of Arcata,1
League of California Cities League of California Cities City of Arcata,1
League of California Cities and California Association of Code Enforcement Officers,1
League of California Cities and Waste Management Inc,1
League of California Cities and the California Association of Joint Powers Authorities,1
League of California Cities and the California State Association of Counties (CSAC),1
"League of California Cities, California Building",1
"League of California Cities, California Building Industry",1
"League of California Cities, California State Association of Counties",1
"League of California Cities, Cities of El Segundo",1
"League of California Cities, City of Cerritos",1
"League of California Cities, City of El Segundo",1
"League of California Cities, Norcal Waste",1
"League of California Cities, Planning and Conservation League",1
League of California Cities: Tulare Redevelopment Agency,1
"League of Cities, California Fire Chiefs",1
"League of Conservation Voters, Calif. Assn. of Environmental Health Officers, Santa Monica",1
"League of Conservation Voters, Dancing Coyote",1
"League of Food Processors, Castle Peak",1
"League of United Latin American Citizens National Association of Broadcast Employees and Technicians, Local 53",1
League of Women Voters of California: Medical Board of California,1
"League, Calif. Seed Assn., Western Growers Assn",1
"League, Legion of Valor",1
"League, Redwood Coast Watersheds Alliance, Redwood Community Action Agency, Safe",1
"League, Regional Council of Rural Counties, Royal Medical Inc United Pharmacy, Sharps",1
"League, Republic Services, Inc., San Luis",1
"League, San Francisco Public Utilities",1
"League, Sierra Club California, StopWaste.Org (Alameda)",1
"League, Sierra Club, SoCal Computer Recyclers, Inc., Sonoma County Waste Management Agency, Urban Corps of San Diego, Waste Management",1
"League, Sierra Club, Union of Concerned",1
"League, Sierra Club, United Teachers Los",1
"League, Smith-Kandal Insurance-Real Estate",1
"Leandro, and Union City",1
Learning Disabilities Association of California Headlands Institute,1
Legal Advocate for Children and Youth Numerous Individual Letters,1
Legal Advocate for Children and Youth Servicios Hispanos (SHS) Woodland Joint Unified School District Numerous individual letters,3
"Legal Assistance Foundation, Building Industry Association",1
"Legal Assistance Foundation, Jericho, Western Center on Law and Poverty",1
Legal Assistance to the Elderly Coalition of Parent Support,1
"Legal Services for Children-SF, CA Legal Services for Prisoners",1
"Legal Services for Prisoners National Association of Social Workers, California Chapter",2
Legal Services for Prisoners Taxpayers for Improving Public Safety,1
Legal Services for Prisoners with Children MomsRising.org,1
Legal Services for Prisoners with Committee on Legislation of California,2
Legal Services for Prisoners with |PFLAG | Bakersfield,1
Legal Services of Northern California California District Attorneys,1
Legal Services of Northern California California District Attorneys Association,1
"Legal Services of Northern California,Coalition of Parent Support",1
Legion of Valor: Marine Corps League,1
"Legion, Veterans Service Officers, State Council, Engineering & TXI Riverside Cement, Associated of California",1
"Legislation Committee AFSCME, AFL-CIO",1
"Lehman Brothers, Inc, Observatories of the Carnegie Institution",1
"Lekos Dye and Finishing, Inc.: Orinda Motors, Inc., Progressive Wealth Management",1
Lemoore Police Department and Lemoore City Council,1
Lennar Communities and CH2M Hill,2
Let Them Breathe and Reopen California Schools,1
"Liberation in a Generation, End Poverty in California, and GRACE",2
"Lideres Campesinas, Inc. (Organization of Farmworker Women Leaders in California), Pesticide Action Network North America, Relational Culture Institute, Sierra Club, Student Empowerment Project",1
"Life and Health Insurance Companies (ACLHIC), California Association of HMOs (CAHMO), and Health Net",1
"Lighting, Ushio America, Venture Lighting",1
Liholiho Yacht Club/Nopa/Nopalito/Dear Inga,1
"Limited, UNI Storebrand Skadeforsikring AS, Underwriters at Lloyd's, London, Unionamerica Insurance Company Limited",1
Lincoln High School - Stockton Lindhurst High School,1
Live Oak Unitarian Universalist Congregation Log Cabin Republicans,2
"Living, Environmental Working Group, Golden",1
Local 1000 American Association of University Women - California American Federation of State,1
Local 1000 University of California Student Association,1
Local 11 Los Angeles County Board of Supervisors Los Angeles and Orange County Building and Construction Trades Council Hilda Solis,1
Local 1711 Southern California Painters and Allied Trades District Council 36 State Building and Construction Trades Council of California Trade Show and Sign Crafts,1
Local 2620 National Association of Social Workers,1
Local 300 National Electrical Contractors Association Plaster Tenders,1
Local 3299 California Faculty Association California Labor Federation,1
Local 3299 California Faculty Association University Professional and Technical Employees,1
Local 778 California Association of Psychiatric Technicians California Federation of Labor Unions,1
Local Health Plans of California (LHPC) and the California Association of Health Plans,2
Local Health Plans of California and LA Care Health,1
"Local government associations, including the League of California Cities and the California State Association of Counties",1
"Locals 101, 120, 135, 839, 1179, 1442",1
Lockheed Martin Missles & Space LAM Research California Taxpayers' Association,1
Lodi District Chamber of Commerce National Federation of Independent Business,1
Loma Linda University and Azusa Pacific University,1
Long Valley Fire |Mammoth-Pacific,1
"Lookout, WesBurger N' More, and Casements",1
Lorillard Tobacco Company R.J. Reynolds,1
Los Altos Cities of: Belvedere,1
Los Angeles Alliance for Survival Concerned Residents Against Airport Pollution Friends of Sunset Park Mar Vista Community Council North Westdale Neighborhood Association Stephanie Allen,1
"Los Angeles Chamber of Commerce. Neutral: American Federation of State, County and Municipal Employees",1
Los Angeles City Attorney and the Attorney,2
Los Angeles City Attorney's Office Los Angeles County Prosecutors Association,1
Los Angeles City Attorney's OfficeDept. of Finance (Co-sponsor) CA Assn. of County Treasurers and Tax,1
"Los Angeles County Assessor Jeffrey Prang, Airlines for America, California Assessors Association",1
"Los Angeles County Assessor Jeffrey Prang, California Alliance of Taxpayer Advocates, California Association of County Clerks and Elections Officials, California Taxpayers Association, Los Angeles County Board of Supervisors, San Diego County",1
"Los Angeles County Assessor, State Board of Equalization",1
"Los Angeles County Bar Association, |PFLAG | Greater Placer County",1
Los Angeles County Board of Supervisors BizFed,2
Los Angeles County Board of Supervisors Child Care Alliance of Los Angeles,1
Los Angeles County Board of Supervisors Los Angeles Community College District,2
Los Angeles County Board of Supervisors and the Amyotrophic Lateral Sclerosis Association Golden West Chapter,1
"Los Angeles County Board of Supervisors, Supervisor Hilda Solis, Los Angeles Indivisible",1
Los Angeles County Children's Planning Council County of San Mateo,1
Los Angeles County Department of Mental Health's: Professional Social Work Assn,1
Los Angeles County District Attorney's Office Sacramento,1
"Los Angeles County District Attorney's Office The Honorable Dianne Feinstein, United",1
"Los Angeles County District Attorney's Office, Los",1
"Los Angeles County District Attorney's Office, Los Angeles County Professional Peace Officers Association",1
"Los Angeles County District Attorney, Sacramento County",1
Los Angeles County District California Organization of Police and Sheriffs,1
Los Angeles County Division California Contract Cities Association League of California Cities San Gabriel Valley Council of Governments Browning Ferris Industries Independent Cities Association Cities of Bellflower,1
Los Angeles County Economic Development of San Joaquin County,2
Los Angeles County Office Los Angeles Unified School District,1
Los Angeles County Probation Crime Victims United of District Attorney,1
"Los Angeles County Probation Officers Union, Riverside Sheriff's Association",1
Los Angeles County Professional Peace Officers Association and Deputy Sheriffs,1
Los Angeles County Sheriff's Department San Diego County District Attorney,1
"Los Angeles County Sheriff's Department, California Peace Officers' Association, California State",1
Los Angeles County Sheriffs' Department California Public Parking Association Police Departments of the City of Alhambra,1
"Los Angeles County Solid Waste Management Committee/Integrated Waste Lydia's Kind Food, Inc",1
"Los Angeles County, Sacramento County",1
Los Angeles Deputy Sheriffs Association California State,1
Los Angeles Deputy Sheriffs Association California State Commanders Veterans Council,1
Los Angeles District Attorney California Applicants' Attorneys Association,2
Los Angeles District Attorney California Congress of Parents,1
Los Angeles District Attorney's Californians for Compensation Reform,2
Los Angeles Environmental Justice Project Office of Environmental Defense,3
Los Angeles Police Protective League PORAC,2
"Los Angeles Police Protective League, Riverside Sheriffs",1
"Los Angeles Police Protective League, Riverside Sheriffs' Association, Association of Los Angeles Deputy Sheriffs",1
Los Angeles Unified Police of the Town of Los Gatos and the City of Monte Sereno,1
Los Angeles Unified School District: Teachers for Healthy Kids,1
Los Angeles United Methodist Urban Foundation Orange County Community Housing Corporation,1
Los Angeles and Orange County Conservation Corps,1
Los Angeles and Orange County Firefighters 1014,1
Los Angeles and Ventura County District Attorneys,2
"Los Angeles, Kern, Los Rios, Pasadena, Peralta, San Diego, South Orange, Yosemite, and Yuba",1
"Los Angeles, Kern, Yosemite and South Orange County Community College",1
"Los Angeles, Long Beach, Fresno and Sacramento Unified",1
"Los Angeles, Los Rios, San Francisco, San Diego, San Jose Evergreen, Peralta, and Los Angeles Community College Districts",1
"Los Angeles, Mt. San Jacinto, Rio Hondo, and West Kern Community",1
"Los Angeles, Roseville, Metropolitan Water District of Southern California",3
"Los Angeles, San Bernardino, and San Diego Counties",1
"Los Angeles, the city of Natural Resources Defense Council",1
Los Angles County District California Teachers Association,1
Los Angles County Driving School Association of California Driving School Association of the Americas Easy Method Driver Training School,1
"Los Rios, San Bernardino, and San Diego Community College Districts",1
Lowell High School (San Francisco)Woodland USD (Yolo Co),1
"Lumber, California Chamber of Commerce, California Council for Environmental and Economic Balance, California Forestry",1
"Lupus Foundation of America, Northern California Chapter Department of Health Services",1
"Lutheran Church: Christ the Shepherd Altadena, Holy Redeemer San Jose, Shepherd of the Hills Berkeley, University Chapel Berkeley",1
Lutheran Office of Mujeres Unidas y Activas,2
Lutheran Office of Public Policy - California NAACP Legal Defense Fund,1
MALDEF: Bet Tzedek,1
"MOL America, Inc., NYK Line, Pacific Merchant Shipping Association",1
"MWH Development Corporation, California Building Industry",1
Macedonia Community Development Corporation Mediacom,1
"Madera Probation Peace Officers AssociationNational Association of Social Workers, California Chapter",1
Maersk Inc. and APM Terminals,1
Magnesium Alloy Products Company: Paso Robles Public Schools,3
"Mahu, Asian Pacific Islander LGBT |PFLAG | Long Beach",1
Maine Unused Drug Disposal Mt. View Sanitary District,1
"Management Association, Solid Waste Association of Orange",1
"Management Authority, LASER, Terry Trumbull, Werner, Nabb, Lebourveau & Trumbull, Browning-Ferris Industries, Louisiana-Pacific",2
"Management Authority, Sierra Club, Solid Waste",1
"Management District, California Air Pollution",1
"Management, Chevron, Western States Petroleum",3
"Management, Inc., Turlock Scavenger, Varner",1
"Management, Water Environment Federation, Wine",1
"Managers (CACM), Community Associations Institute (CAI), Kocal Management Group, La Costa",1
"Manchester Band of Pomo Indians, Mooretown Rancheria",1
"Mandate Group, Cajon Valley Union School District, Menisee",1
Manhattan Beach Manteca Marina Martinez,1
"Manufacturers & Technology Association, California Taxpayers' Association, Lorillard",1
"Manufacturers & Technology Association, Electronic Industries Alliance",1
"Manufacturers & Technology Association, and the California Bankers",1
"Manufacturers Association, CA Trucking",2
"Manufacturers Association, Church & Dwight Co., Inc., Clorox, Cosmetic, Toiletry and Fragrance",1
"Manufacturers Association, Planning and Conservation League, Safety Kleen, Waste",3
"Manufacturers Association, Poly-America, Presto",1
"Manufacturers Association, Sierra Club, Orange",2
"Manufacturers Association, The Clorox Company, Reckitt Benckiser Company",1
"Manufacturers Association, and TechAmerica",1
"Manufacturers and Technology Association, California Packaging Alliance, California Paint",1
"Manufacturers and Technology Association, California Retailers Association",1
"Manufacturers and Technology Association, Council on Radionuclides and Radiopharmaceuticals, Industrial Environmental",1
"Manufacturers and Technology Association, Engine Manufacturers Association",1
"Manufacturers and Technology Association, Sacramento Metropolitan Air Quality Management",1
"Manufacturers and Technology Association, and the Western States",1
"Manufacturers and Technology Association, and the Western States Petroleum",1
Manufactures Association Southern California Air Quality,1
"Manufacturing and Technology Association, Council on State Taxation, National Federation of Independent Business",1
Margro Advisors Mental Health America of California,1
Marin Builders' Exchange Golden State Builders' Exchange,1
Marin Clean Energy Northern California Power Agency,1
Marin County Clerk Michael Smith |PFLAG | Merced,1
"Marin County Parks, Midpeninsula Regional Open Space District",1
"Marina Recreation Association, California Association of Harbor Masters and Port Captains",1
Marina Recreation Association/California Association of Harbor Masters/California Marine Parks and Harbors,1
"Marine Association, Osmose, Inc., Penta",1
"Maritime, Council of American Master Mariners (San Francisco Bay Area Chapter), Foss Maritime",1
Mark Ridley-Thomas and Gloria Molina Los Angeles Unified School District,1
"Marketers Association, California Grain and Feed Association, California Forestry",1
"Marketers Association, California League of Food Processors, California Manufacturers and Technology Association, California Railroad",2
Martinez Unified School District Merced County Office of Education,1
Marysville Maywood Menlo Park Merced,1
MascoTech: West Coast Rendering Co,1
"Mateo County, Santa Clara County, San Joaquin County, San",1
"Mateo County, and Sonoma County",2
"Mateo, San Rafael, Santa Monica, South San Francisco, Tulare, Turlock, Union City, Vista, Wasco",1
"Mateo, Santa Barbara, Santa Clara, Santa Cruz, Solano, Sonoma, South Bay",1
"Mateo, Santa Clara, Santa Cruz, Shasta, Solano, Sonoma, Stanislaus, Ventura, Yolo, and Yuba",1
"Mateo, Santa Clara, Ventura",1
Maternal Child Patient Care Coordinator Junior Leagues of California,1
Mates and Pilots San Francisco Bar Pilots,1
Matt Gray on behalf of the following entities: Association of Club Executives of California,1
"Mattel, Inc. California Manufacturers Association",1
"Matters Cleaners, Prompt Cleaners, Riverside",1
Mayor Eric Garcetti Engineers and Scientists of California,1
Mayor of Oakland Port of Oakland,1
Mayor of the City of Soledad Soledad Unified School District,1
"Mayors of Cities of Carmel-by-the Sea, Del Rey Oaks, Monterey, Pacific Grove, Sand City, Seaside",1
Mayors of Sand City and Seaside,1
"Mayors of Sand City and Seaside, Monterey County",1
"Mayors of the Cities of Berkeley, Oakland, Richmond and San Leandro",1
"Mayors of the Cities of Cotati, Seaside, Long Beach, Los Angeles, and Sacramento",2
"Mayors of the Cities of Long Beach, San Francisco, Los Angeles, Santa Ana, and San Jose",1
Mayors of: San Bernardino: Tustin AB 2471 - ATTACHMENT 1,1
Meat Importers Council of America |Southwest California Legislative,1
Mechoopda Indian Tribe of Chico Rancheria Morongo Band of Mission Indians,1
"Medical Association (CMA) and the California Society of Plastic Surgeons, Inc. (CSPS), and the California Academy of Opthalmology (CAO). CAO",1
Medical Board of California (sponsor) -California Medical Association,1
Medical Board of California -California Medical Association,1
Medical Board of California and the University of California,1
"Medical Care Program, Lambda Letters Project, Marin Treatment Center, Santa Clara County",1
"Medical Oncology Association of Southern California, Inc.: Physician Assistant Board",1
"Medical Society, Sierra Club California, Silicon Valley Toxics Coalition, The Breast",1
Medicine (ACTCM) and Pacific College of Oriental Medicine (PCOM),1
Meeks Bay Fire -McClintock Nevada County Consolidated Fire District,1
"Members of the Board of Supervisors of Santa Clara County, James Beall, Jr., Ron Gonzales, Mike Honda, and Dianne",1
"Men's Rights, Inc., The Children's Rights Council of Sacramento",2
"Mendocino County Librarian, Mindy Kittay, Pasadena Public Libraries, Director Jan Sanders",1
"Mental Health Advocacy Services Inc., Protection & Advocacy Inc., Western Center on Law & Poverty",1
Mental Health Association in California San Francisco AIDS Foundation,1
"Merced County, Nevada County, Sacramento County",1
"Merchant Shipping Association, Payless",1
"Merchant Shipping Association, Ports of Long",1
"Merchant Shipping Association, Steamship",1
Mermitt Construction: Michael Borelli Cabinetmaker,1
Merritt College California Federation of Teachers Brenda Knight,1
"Metropolitan Air Quality Management District, San Luis Obispo County Integrated Waste",1
"Metropolitan Community Church, Los |SAC LEGAL",1
"Metropolitan Community Church, San |Saint Matthew's Church",1
Metropolitan Transportation Commission California Association of Bicycling Organizations,1
Metropolitan Transportation Commission/Bay Area Toll Authority,1
Metropolitan Water District and the San Diego County Water Agency,1
Metropolitan Water District of Southern California Town of Los Altos Hills University of California University of California,1
"Metropolitan Water District of Southern California, California State Automobile",2
"Metropolitan Water District of Southern California, The Monte Vista Water District",1
"Metropolitan Water District of Southern California, The Nisei Farmers League",1
"Metropolitan Water District, American Federation of State County and Municipal Employees Local 1001",1
Mexican - 02/23/93 Defense and Education Fund,1
Mexican American Legal Defense and Education Fund: Neighborhood Parks Council,1
Mexican American Legal Defense and Educational Fund Pfizer Inc,1
Mexican American Legal Defense and Educational Fund: National Council of La Raza,1
Mexican American Legal Defense and |San Mateo County Clerk Warren Solcum,1
"Mi Rancho Tortilla, Clovis, CA Monterrey County Farm Bureau",1
Midpeninsula Citizens for Fair Housing: Fremont Fair Housing Services,1
Milpitas Chamber of Commerce: Southern California Edison,1
"Mindstrong Health National Association of Social Workers, California Chapter",1
"Ministry, Grayson Neighborhood Council, Kirsch",1
"Mira Vista United Church of Christ, |Satrang",1
Moms for Liberty Santa Clara County and Our Duty,1
MoneyGram and Western Union,1
"Monica BayKeeper, Sierra Club",1
"Monica, Glendale, Gardena, Compton, Hawthorne, Monrovia, Culver City, Manhattan Beach, Azusa, Baldwin Park, Claremont, San Gabriel, Signal Hill",1
Mono Lake Committee Muir Heritage Land Trust,1
"Monserate Homeowners Association, Rumsey Indian",1
"Monterey Bay Central Labor Council, AFL-CIO Napa-Solano Labor Council, AFL-CIO",1
Monterey Bay League Mission Trail Athletic League,1
"Monterey Bay, |City of Lincoln |City of Soledad",1
"Monterey Bay, |City of Livermore |City of South San",1
Monterey County District Attorney Jeannine M. Pacioni (prior version) Napa County Board of Supervisors,1
"Monterey County Hospitality Association, Pasadena Convention and Visitors Bureau",1
"Mortgage Bankers Association, California Society of Enrolled Agents, California Taxpayers Association, and one individual",1
Mosquito and Vector Control Association of California. Alameda County Mosquito Abatement District,1
"Mothers Counsel, Pesticide Action Network, Pesticide Free Zone Campaign, Planning and Conservation League, San Francisco Bay Area",1
Motorcycle Industry Council and the Specialty Vehicle Institute of America,1
Mount Miguel and Covenant Retirement Communities,1
Mount Washington Association: City of Pasadena,1
"Mountain Spring Water, Chemical Specialties",1
Mueller and Bayfront Charter Schools,1
Mullikin Medical Centers and Pioneer Hospital,1
Municipal Court Judges Association of Los Angeles County: California Attorneys for Criminal Justice,1
Municipal Court Judgeso Association of Los Angeles Attorney General,1
Municipal Employees (AFSCME) California Labor Federation,1
Municipal Employees National Association of Social Workers,1
"Municipal Utility District, Gresham, Savage, Nolan & Tilden, LLP, McCarthy Family Farms, Inc., Norcal Waste Systems, Inc., South Lake",1
"Municipal Utility District, Heal the Bay, Irvine Ranch Water District, League of California Cities, League of Women Voters, Matson Navigation Company, Metropolitan Water",1
"Municipal Water District, Association of California Water Agencies, League",1
"Municipal Water District, Inland Empire Utilities Agency, Las Virgenes",1
"Municipal Water District, Oro Loma Sanitary",1
"Municipal Water District, Pacific Gas & Electric Company, Sempra Energy",1
"Municipal Water District, Pajaro Valley Water",1
"Municipal Water District, Rancho California",1
"Municipal Water District, Rincon del Diablo Water District, Vallecitos Water District, Valley Center Municipal Water",1
"Municipal Water District, Three Valleys Municipal Water District, Western",1
"Municipal Water District, Vallecitos Water District, Valley",1
"Municipal court judges:: o C.G. Rubin (Beverly Hills), o John Lynch (Inglewood), o Joseph Lodge(Santa Barbara)",1
"Municipal, Coachella Valley, Cucamonga Valley, Foothill Municipal, Helix, Humboldt Bay",1
"Municipal, Lincoln",1
"Municipal, Yorba Linda",1
"Murder Victims' Families for Reconciliation California People of Faith Working Against the Death Penalty, East/West Chapter The Justice & Reconciliation Project",4
Murrieta Gardens Assisted Living/Integral Senior,1
Murrieta Gardens Assisted Living/Integral Senior Living,1
Murrieta Police Officers' Association Newport Beach Police Association,1
"Mutual, California Cotton Growers Association, California Cotton Ginnners Association, California Farm Bureau Federation, California",1
"NAMI in Contra Costa, Long Beach, Northern Santa Barbara County, Orange County, San Luis Obispo County, Southern Santa",2
"NAMI in: Contra Costa: Long Beach, Northern Santa Barbara County, Orange County, San Luis Obispo County, Southern Santa Barbara County, Tuolomne County, Whittier",1
"NAMI in: Los Angeles: Pomona Valley, Sacramento, Santa Barbara, Ventura",1
NOTE: Consumer Attorneys of California and the Sierra Club,1
"NOW, Commission on the Status of Women, California Alliance Against Domestic",1
NRA-ILA and ACLU California Action,1
Napa Emergency Women's Services (NEWS) National Center for Youth Law,1
Napa and Sonoma County Boards of Supervisors,1
Nat'l SB 401 (Ortiz) Council on Patient Information and Education,1
"National Alliance on Mental Illness, Orange County National Alliance on Mental Illness, Westside-Los Angeles",1
National Assoc. of Social WorkersLucerne Christian Conference Center,1
National Association Association,1
National Association for the Advancement of Colored People and the California State Conference of the NAACP,1
"National Association of Hazardous Materials Managers, California Chapter and National Coalition Against Prescription Drug Abuse",1
National Association of Insurance and Financial Advisors of California (NAIFA-California) and California Association of Health Underwriters (CAHU),1
National Association of Social Workers Santa Clara County Board of Supervisors,1
National Association of Social Workers and by the California Society of Clinical Social Work,1
"National Association of Social Workers, California Chapter National Council of Senior Citizens, Los Angeles Westside Chapter National Lawyers Guild",1
"National Association of Social Workers, California Chapter OneJustice",1
"National Association of Social Workers, California Chapter, National College Players Association",1
"National Association of Social Workers, California Chapter: Sacramento Hunger Coalition, San Francisco Food Bank",1
National Audubon Society - California Planning and Conservation League,1
"National Audubon Society, Sierra Club",1
National Center for Missing California Teachers Association,1
National Center for Youth Law (NCYL): Youth Law Center (YLC),1
National Center for Youth Law PolicyLink,1
National Center on Youth Law and Planned Parenthood Affiliates of California,1
"National Coalition for Asian Pacific Community Development, The Nonprofit Finance Fund",1
"National Coalition for Asian Pacific Community Development, The Our Neighborhoods Capital Fund",1
National Consumers League CA Retailers Association,2
National Council of Jewish Women National Organization for Women (NOW),1
National Council of Jewish WomenCA Attorneys for Criminal Justice,1
"National Council of Negro Women, Inc., North San Diego County NAACP",2
National Diversity Coalition and National Asian American Coalition,1
"National Environmental Trust, Breast Cancer Fund and Breast Cancer Action",1
National Fish & Wildlife Foundation & Ecotrust,1
National Guard Association of California California State Commanders Veterans Council Vietnam Veterans of America,1
National Health Law Program and Western Center on Law and Poverty,1
National Health Law Program: Project Inform,1
National Interactive Traffic Safety Educators Association TrafficSchoolOnline.com Traffic101.com,2
National Lawyers Guild Sunrise Floor Systems LLC Wage Justice Center Women's Employment Rights Clinic Workplace Justice Initiative (List from Senate Judiciary analysis),1
National Motorists Association Planning and Conservation League,1
National Multiple Sclerosis Society - CA Action Network: The Children's Partnership,1
National Ovarian Cancer Coalition American Federation of State,1
National Religious Campaign CACJ,2
National Rifle Association and the California Rifle and Pistol,1
"National Rifle Association, California Rifle and",1
"National Sojourners, Veterans of Foreign Wars, Department of California",1
"National Urban League, and Western Center on Law & Poverty",1
Nationwide Insurance Company/Allied Insurance Company,2
Native Plant Society (cont'd.) Planning and Conservation League,1
"Native Plant Society, California Save Our",1
Natl. Electrical Contractors Assoc.Consumer Attorneys of California,1
Natural Resources Defense Council Palomar Audubon Society,1
Natural Resources Defense Council Planning and Conservation League,1
"Natural Resources Defense Council State Building and Construction Trades Council, AFL-CIO",1
"Natural Resources Defense Council United States Green Building Council Western States Council Sheet Metal, Air, Rail & Transportation",1
"Natural Resources Defense Council, Sierra Club",1
"Natural Resources Defense Council, Union of",1
"Nature Conservancy - California, the Nevada, County of",2
"Nature Conservancy, Land Trust of Santa Cruz County, Marin County",1
"Nature Conservancy, The NRDC",1
"Nature Conservancy, The North Coast Streamflow Coalition",1
"Nature Conservancy, The Pacific Coast Shellfish Growers Association",1
"Nature Conservancy, The Patagonia",1
"Nature Conservancy, The Pathways for Wildlife",1
"Nature Conservancy, The Plastic Pollution Coalition",1
"Nature Conservancy, The Professional Engineers in California Government",1
"Nature Conservancy, The Rails-to-Trails Conservancy",1
"Nature Conservancy, The Sequoia Riverlands Trust",1
"Nature Conservancy, The Sierra Club California",1
"Nature Conservancy, The Sonoma Land Trust",1
"Nature Conservancy, The Transportation Authority of Marin",1
"Nature Conservancy, The Trout Unlimited",1
"Nature Conservancy, The Trust for Public Land, The Wholly H2O",1
"Nature of Wildworks, The Planning and Conservation League",1
Neighborhood Legal Services of Los Angeles County OneJustice,2
"Neighborhood Market Association: PepsiCo, Producers Dairy",1
"Network of San Francisco, Affordable Housing Associates, Bay Area Community Services, Bay Area Homeless Program",1
"Network, Clean Power Campaign, Consumers for",1
"Network, North American Regional Center, Physicians for Social Responsibility-Los",1
Newark Police Department Oxnard Police Department,2
Newport Beach Norco Norwalk Novato,1
Newport Beach Police Association Nonprofit Insurance Alliance of California,1
"Newport Beach Police Association, Riverside Sheriffs",1
"Newport Beach Police Association, Riverside Sheriffs' Association",1
"Newport Beach, West Covina",1
"Newspapers (Daily Breeze, News-Pilot, The Outlook)",1
NextGen California (to prior version) ACLU California Action,1
Nicole Brown Simpson Charitable County Sheriff's Department,1
Non-Profit Housing Association of Northern CA PolicyLink,1
"Nor Cal Rental Property Association, Orange County Business Council",1
North American Whippet Racing Association Norwegian Lundehund Association,1
"North Bay Labor Council, AFL-CIO Partnership for Working Families",1
"North Coast Builders Exchange, Inc.California Association of Collectors",1
"North Coast Laboratories, Ltd. Inchcape Testing Services Environmental Laboratories",2
North County Women's Barbara Rape Crisis CenterThe Resource Connection,1
North Lake Tahoe Resort Association North Tahoe Fire Protection District,1
North Orange County Chamber Official Police Garages of Los Angeles,1
"Northern California Association of Law Libraries PCC, Inc. (Non- profit serving libraries and schools re technology) - Berkeley",1
Northern California Graphics Artists Guild Board of Equalization Bay Leaf Graphics,2
Northern California Power Agency: Office of Ratepayer Advocates,2
"Northern California Recycling Association Western States Council Sheet Metal, Air, Rail and Transportation",1
"Northern California Solar Energy Association, Berkeley Our Children's Earth, San Francisco",1
"Northern/Santa Fe Railroad, California Breast",1
Nourish California/ AARP California/ California Association of Food Banks,1
Novato Police Officers Association Palos Verdes Police Officers Association,1
Nuisance Abatement Center Western Center on Law and Poverty,1
"Numerous supporters, including APLA Health, Black Women for Wellness Action Project, Essential Access, Fresno Barrios Unidos, Los Angeles LGBT Center and the San Francisco AIDS Foundation",1
Nurses Association / National Nurses Organizing Committee,1
"Nurses Organization, California School Boards Association",1
"Nursing Mothers Counsel, Inc., Planning and Conservation League",1
Nutiva Organic Consumers Association,1
O'Connor Hospital / Saint Louise Regional Hospital,1
O'Connor Hospital Parkview Community Hospital Medical Center,1
OC Coastkeeper & Inland Empire Waterkeeper,1
OMBC and Osteopathic Physicians and Surgeons of California,1
OST and the Monterey Bay Aquarium Foundation (MBAF),2
OST and the Monterey Bay Aquarium Foundation (MBAF) write,1
Oakland International Airport San Francisco International Airport County of Ventura,2
Oakland Privacy Privacy Rights Clearinghouse University of California,1
Oakland Unified School District: Pomona Unified School District,2
Obispo County Victim/Witness Program Santa Clara,1
"Obispo County, Toxics Assessment Group, California Public Interest Research Group",1
Ocean Advocates Oceana Planning and Conservation League,1
Ocean Conservancy Oceana,1
Ocean Conservancy and the Natural Resources,1
"Oceana, CALPIRG, and Environment California",1
"Oceanside Unified School District, Riverside County Superintendent of Schools",1
Office of Lieutenant Governor Eleni Kounalakis American Federation of State,1
Office of Ratepayer Advocates (ORA) and The Utility Reform Network (TURN),1
"Office of the Attorney General, California District Attorneys Association",1
"Office of the Attorney General, Planning and Conservation League, Sierra Club",1
"Office of the Governor, Sierra Club",1
Office of the Governor: The Breast Cancer Fund,1
"Office of the Riverside County Superintendent of Schools, Orcutt Union School District",1
Office of the Secretary of Education Vietnam Veterans of America,1
"Office of the Sheriff, counties of:: Los Angeles Marin, Mendocino Modoc, San Bernardino Santa Cruz, Santa Clara Shasta, Yuba",1
Officers Association American Civil Liberties Union,1
Officers' Association (the California Peace Officers Association and the California Police Chiefs' Association),2
Officerso Association and California Police Chiefs Association,1
"Officials, California Peace Officers Association, California Police Chiefs Association, California State",1
"Oil, Chemical and Atomic Workers Union, California State Pipe Trades Council, Contra",2
"Older Women's League of California: Protection and Advocacy, Inc",1
Older Women's League of California: San Diego Democratic Club,1
"One Lambda, Incorporated (7) Seven Design Co., LTF",1
"Open Monterey Project, Public Citizen, Sierra",1
"Opponents (CalChamber, Associated of General Contractors, California Manufacturers & Technology Association, the California Retailers Association)",1
"Opponents (CalChamber, Associated of General Contractors, California Manufacturers & Technology Association, the California)",1
"Opponents (Public Advocates, the American Civil Liberties Union (ACLU), East Bay Community Law Center, and Parent Leadership Action Network - Bay Area PLAN)",1
"Opponents (Public Advocates, the American Civil Liberties)",1
Opponents (The California State Association of Counties and Emergency Medical Services Administrators Association of California),1
Opponents (including the California Chamber of Commerce and California Manufacturers & Technology Association),1
"Opponents of the bill, the California Deposition Agency",1
"Opponents, the Cities of Lakewood, Concord and Encinitas",1
"Opponents, the City of Lakewood",1
Oppose (continued): |City of Pismo Beach | Consumer Rights,1
Oppose (continued): |City of Rancho |LA Division,1
"Oppose: Alliance of Catholic Health Care (Prior Version)American College of Emergency Physicians, California Chapter",1
OpposeCity of Santa Maria League of California Cities (LCC),1
"Orange County Assessor Claude Parrish, California Apartment Association, California Assessors Association, California State Association of Counties, California Taxpayers Association, National Federation of Independent Business, Orange County Business Council",1
"Orange County Board of Supervisors, Orange County Taxpayers Association (OCTax)",1
Orange County Business Council Oxnard Chamber of Commerce,1
Orange County California Contract Cities Association California Chamber of Commerce Cities of Artesia,3
"Orange County Central Labor Council, AFL-CIO Plumbers and Pipefitters UA, Local 62",1
Orange County Coast Keeper Planning and Conservation League,1
Orange County Division Regional Council of Rural Counties South Bay Cities Council of Governments Towns of Apple Valley,1
"Orange County Employees Association (OCEA), ""SB 1232",1
"Orange County Employees Association, AFL-CIO, California Firefighters, United Hospital Association, Orange",1
Orange County Transportation Authority: Roseville Chamber of Commerce,1
Orange County and Los Angeles County,1
"Order of the Purple Heart, Veterans of Foreign Wars, Marine",1
"Organizations, California Chamber of Commerce, California Council for Environmental and Economic Balance, California Farm Bureau",1
"Organizing Project, Interagency Office of Environmental Health Tracking, Natural",1
"Organizing Project, League of California",1
"Organizing Project, Sierra Club California, Planning and Conservation League",1
"Otter, International Marine Mammal Project, National Fish & Wildlife Foundation & Ecotrust, Pacific Marine Conservation Council, Planning and Conservation League, Save the Bay, Sierra",1
"Our Milk Safe, Natural Resources Defense",2
Outdoor Sportsmen's Coalition of California (OSCC) and Safari Club International (SCI),1
Owens Corning North American Insulation Manufacturers Association,1
"Owners Association, Service Station Franchise Association, Supercuts",1
Owners League (Sponsor) Villa Teresa Mobile Home Park,1
Owners' League American Civil Liberties Union,1
"Ownership Advancement Foundation, The Charter Pacific",1
"Ownership Advancement Foundation, Western Center on Law & Poverty",1
"Oxnard Harbor District, Humboldt Bay Harbor, Recreation, and Conservation District, California",1
"PFLAG | Central Coast Chapter, & Long Beach, Los Angeles, Marysville, Southern Pacific Region, Oakland-East Bay, Palm Springs/Desert, Palos Verdes/South Bay, Sacramento, San Diego County, San Francisco, Southern Pacific Region, Temecula Valley, Ventura County",1
PFLAG | Placerville/El Dorado County|Soka Gakkai International,1
"PFLAG | Walnut Creek/Diablo Valley |Unitarian Universalist Church, |PFLAG | Westwood/Lake Almanor",1
PFLAG--Goldberg Planned Parenthood Affiliates of California,1
PG&E SCE,1
"PG&E, Sempra Energy",1
PIER 39 and the Blue & Gold,1
PIER 39 and the Blue & Gold Fleet,1
"POST, the California State Sheriffs Association, and the California District Attorneys Association",1
"PTA, California Teachers Association, Center on",1
PUC and FCC,1
PUC and SDG&E,1
Pac West TURN,1
PacifiCorp Sierra Pacific Power Company,2
Pacific Coast Federation of Fisherman's Assn/Institute for Fisheries Resources,1
Pacific Coast University School State Bar of California of Law,1
"Pacific Environment, San Francisco Baykeeper",1
Pacific Forest Trust Planning and Conservation League,1
Pacific Gas and Electric Company Sempra Energy Southern California Edison The Utility Reform Network Utility Consumers' Action Network,2
Pacific Gas and Electric Company and Sempra Energy,1
Pacific Grove Chamber of Commerce: State Building Trades Council,2
"Pacific Institute, Planned Parenthood",1
Pacific Merchant Shipping Association Elders Climate Action,1
Pacific Merchant Shipping Association and the Western States Petroleum Association,1
"Pacific Rim Pathology Medical Group, Inc.: Palo Alto Medical Foundation",1
Pacific Southwest District Muslim Public Affairs Council Organization of Chinese Americans,1
"Pacific Water Quality Association: Pentair Water Purification, The Clorox Company, TST Water, LLC - Temecula, Water Quality Association, 3M Purification, Inc",1
"Packard Bell Mr. Bob La Roche, Intel Corporation Mr. Vince Nye, NEC Electronics Mark Toponce, Manager, Customer Operations/Fraud",1
"Packard Company, National Federation of Independent Business, Spidell",1
Padre Dam Municipal Water District: Park Water Co,1
Pala Band of Paskenta Band of Nomlaki Indians of California,1
"Palm Springs Bureau of Tourism, Paramount Pictures",1
Palo Alto Fire Department Palo Alto Professional Firefighters,1
Palo Alto South Bay Cities Council of Governments,1
Palsy Associations: California Medical Association,3
Pardee Construction Co. Shapell Industries Inc,1
"Parents, Families and Friends of Lesbians and Gays, Pasadena & San Francisco PageY Pride at Work, Southern California",1
"Park, Burbank, Calimesa, Cathedral City, Carson, Cerritos, Chino, Claremont, Coachella, Colton, Commerce, Covina, Cudahy, Culver City, Downey, Duarte, El Monte, El Segundo, Gardena, Hawaiian Gardens, Hawthorne, Huntington Beach, Huntington Park, Indio, Inglewood, Irvine, Irwindale, La Canada Flintridge, Laguna Beach, La Quinta, La Verne, Lomita, Malibu, Manhattan Beach, Maywood, Monrovia, Montebello, Monterey Park, Norwalk, Ontario, Palos Verdes Estates, Palm Desert, Pico Rivera, Rancho Mirage, Rancho Palos",1
"Park, Montebello, Palos Verdes Peninsula, Redondo Beach, San Joaquin County Hispanic, San Jose, and San Mateo Area",1
"Park, Monterey, Orange, Palo Alto, Pasadena, Red Bluff, Salinas, San",1
"Park, Southern California Edison",1
"Parks, California Cotton Ginners Association, California Cotton Growers Association, California Film Extruders and Converters",2
Parole and Correctional Association Los Angeles County Probation Department Union,1
"Partners, B & D Quality Water, Inc. (28 letters), CALPURE, California Water",1
"Partnership, Children NOW and Children's Defense Fund",1
"Partnership, League of California Cities, Moreno Valley, Nature Conservancy, Sacramento, San Francisco Planning and Urban Research",1
"Party: American GI Forum, Pueblo Y Salud",3
"Pathways for Wildlife., Peninsula Open Space Trust, Placer County",1
"Patients Rights Advocates, Protection and Advocacy, Inc, AARP",2
"Patrick Zhao Acupuncture Clinic: South Baylo University, Unison Health Connection",1
"Paw Project, The Sierra Club California",1
Peace Officeros Association: California Police Chiefs Association,1
Peace Officers Research Association of California AB 1690-Leno CDF Firefighters,1
"Peace Officers Research Association of California Professional & Technical Engineers, Local 21",1
Peace Officers Research Association of California San Diego Police Officers Association,1
Pechanga Band of Luiseño Indians and the United Auburn Indian Community,1
"People Soft, Inc. and the University of California",1
"People of Progress, Redding Planning for Elders, San Francisco",1
People's Bank of California (Greater) San Fernando Chamber of Commerce,1
Personal Insurance Federation of California Rancho Cordova Chamber of Commerce,1
Personal Insurance Federation of California: Surety Company of the Pacific,2
Persons (AARP) Experian,1
"Persons (AARP), Bet Tzedek Legal Services and National Senior",1
"Pesticide Reform, Clean Air Coalition, Community Medical Centers Fresno, Asthma",1
"Pesticide Reform, Environmental Working Group, Healthy Children Organizing Project, Children's",1
"Pet Container Resources, National Food",1
Pet Valu and Pet Supermarket,1
"Petillon & Hansen, Law Offices of Rider Ventures",1
"Petroleum Association, California League of Food Processors, California Manufacturers & Technology Association, California Mining",1
"Petroleum Association, Wine Institute",1
"Petroleum Association, Yucca Valley Airport",1
"Petroleum, Wine Institute",1
"Pew Charitable Trusts, The Plastic Pollution Coalition",1
Pfizer Reckitt Benckiser,1
"Pharmaceuticals Incorporated, Pacific Gas and Electric Company, Southern California Edison",1
"Pharmaceuticals, Pfizer, Schering-Plough, Wyeth",1
"Pharmacy, Sharps Compliance, Inc., Sierra Club",1
"Pharmatox, Inc.: Sober Living by the Sea",1
"Phibro-Tech, Inc., Railway Tie",1
"Philanthropic Initiative for Racial |Unitarian Universalist Church, |Equity",1
Philip Morris: R.J. Reynolds,1
"Physicians for Social Responsibility, Los Angeles and the San Francisco Bay Area chapters",1
Picayune Rancheria of the Chukchansi Indians Pomo Heritage Institute,1
Pinnacle Homes Silicon Valley Citizens Against Lawsuit Abuse,1
Pinole Pittsburg Pomona,1
Pipetrades Council or EDF,1
"Pipetrades Council, Western Milling, Western",1
Placer County California State Association of Counties,1
"Placer County Clerk-Recorder-Registrar, California Association of REALTORS, California Banker's",1
"Placer County, Idyllwild/San Jacinto Valley, Laguna Hills/South Orange",1
Placer Mosquito and Vector Control District Sacramento-Yolo Mosquito and Vector Control District,1
Placer People of Faith Presente.org,3
"Plan, San Francisco Health Plan, Santa Clara Family Health",1
"Planned Parenthood Affiliates of California, Inc. Civil rights organizations: American Civil Liberties Union (ACLU)",1
"Planned Parenthood Affiliates of California, NARAL Pro-Choice California, the American Association of University Women",1
"Planned Parenthood Affiliates of California, Sister Song Women of Color Reproductive Justice Collective",1
Planned Parenthood Affiliates of California: Health Access California,1
"Planned Parenthood Affiliates of |United Church of Christ, Northern | |California",1
"Planned Parenthood Golden Gate, and Mar Monte",1
Planned Parenthood and the Breast Cancer Fund,1
Planned Parenthood chapters of Golden,1
"Planned Parenthood of California, American Civil Liberties Union",2
"Planned Parenthood of Los Angeles, Mira Monte, Pasadena, San Luis Obispo, Santa Barbara, and Ventura",1
"Planned Parenthood- Golden Gate, Orange and San Bernardino",1
Planning & Conservation League and Sierra Club,1
"Planning Association, BRIDGE, California Congress of Seniors, Congress for New Urbanism",1
"Planning Association-California Chapter, Association of Bay Area",1
"Planning Coalition, California Association of REALTORS, California Council for Environmental and Economic Balance, California Building",2
Planning Conservation League: Office of Ratepayer Advocates,1
Planning and Conservation League Board of Supervisors of Del Norte,1
Planning and Conservation League Sempra Energy Sierra Club,1
Planning and Conservation League and Sierra Club,1
"Planning and Conservation League, Mobil Oil Corp",1
"Planning and Conservation League, Plumas County",1
"Planning and Conservation League, San Francisco AIDS",1
"Planning and Conservation League, San Joaquin",1
"Planning and Conservation League, Sierra",1
"Planning and Conservation League, Sierra Club California, The Beast Cancer Fund",1
"Planning and Conservation League, Sierra Club, South Coast Air Quality Management District",1
"Planning and Conservation League, Sierra Club, South Coast Air Quality Management District, Coalition for Clean Air, California Communities",1
"Planning and Conservation League, Sierra Club, Surfers Tired of Pollution",1
"Planning and Conservation League, South Coast",1
"Planning and Conservation League, Trust for Public",1
"Plastics, Inc., Husky, Ivex Packaging Corp., JATCO, Inc., Landis Plastics, Inc., Liquid",1
"Plating Company Inc., League of California",1
"Plumbers, Steamfitters and Refrigeration Fitters Local Union 467, Professional Engineers in California Government",1
Plumbing-Heating-Cooling Contractors Association and the Western Electrical Contractors Association,1
Plumbing-Heating-Cooling Contractors Association of California United Steelworkers,1
Plumbing-Heating-Cooling Contractors Association of Western Electrical Contractors Association,2
"Police Chief's of Milpitas, El Monte, Monterey Park, Ontario, Brea, Palm",2
"Police Chiefs Association, Crime Victims Action Alliance",1
"Police Chiefs of Claremont, El Monte, Irwindale, Pomona, Redding, San Gabriel, San Marino, South Pasadena, West Covina",1
"Police Chiefs of San Jacinto, Santa Maria, Covina, and Arroyo Grande",1
Police Chiefs of the Cities of Concord and Sacramento,1
"Police Chiefs of the Cities of Inglewood, Isleton, Livingston, Lodi, Marysville, Monrovia, Monterey Park, Montebello, Napa, Palm Springs, Redding, Sacramento, San Buenaventura, San Diego,, San",1
"Police Department, City of: Baldwin Park: El Monte, Fontana, Fresno, La Habra, Monrovia, Napa, Pasadena, Pleasanton, Ridgecrest, Selma, Suisun City",3
"Police Departments from the cities of El Segundo, Calipatria, Fontana, Hanford, Imperial, Ontario, Pismo",1
"Police Departments of Claremont, El Monte, Irwindale, Pasadena, Pomona, Redding, San Gabriel, San Marino, West",3
"Police Departments of Escondido, Galt, Los Altos, Pasadena, San Diego and West Covina",1
"Police Departments of the Cities of Barstow, Colton, Rialto, Redlands and Upland",1
"Police Departments of the Cities of Claremont, Long Beach, Montebello, Orange, Pasadena, Santa Monica",1
"Police Departments of the Cities of Pomona, Long Beach, Bell, Glendora, Huntington Park, Bell",1
"Police Departments of the cities of Anaheim, Auburn, Alameda, Arcata, Bakersfield, Barstow, Burbank, Chino, Chula Vista, Coati, Delano, Fontana, Glendale, Grass",3
"Police Departments, Cities of : Alameda, Anaheim, Bakersfield, Barstow, Belmont, Benicia, Berkeley, Brentwood, Buena Park, Chino, Corning, Cypress",1
"Police Departments, Cities of: Alameda, Anaheim, Bakersfield, Barstow, Belmont, Benicia, Berkeley",1
"Police Departments, Cities of: Baldwin Park, El Monte, Fontana, Fresno, La Habra, Long Beach, Monrovia, Napa, Pasadena, Pleasanton, Ridgecrest, Selma, and Suisun City",1
"Police Departments: Bell, El Segundo, Marine County, Pinole, Rancho Cucamonga, Rialto, San Jacinto, San Diego, Tiburon, Vacaville, West Covina, and Watsonville",1
"Police Survivor Support Network, Ken and Marianne Wrede",1
"Policy Link: Street Level Health Project, United Way of the Bay Area, Urban Strategies Council",1
"Policy-California, RiverWatch",1
"Pollution Control Agency, Ojai Valley Sanitary",1
"Pollution Control Council, South Coast AQMD, Union of Concern Scientists",1
"Pollution Control Officers Association, CalPIRG, Clean Power Campaign, Environmental",1
"Pollution, Environmental Working Group, Health",1
"Pollution, Global Anti-Incineration Alliance, Latino Issues Forum, Literacy for Environmental",1
"Pollution, United Cerebral Palsy Association, CA Coalition, University of California Los",2
"Poly Food Packaging Co., Inc. Reckitt and Colman",1
"Polymers, Inc., TKV Containers, Inc., Tenneco, Unilever Home & Personal Care, Warner-Lambert",1
Pomona Unified School District and Simi Valley Unified School District,1
Porter Vista Public Utility District Ivanhoe Public Utility District,1
Ports of Los Angeles and Oakland,1
"Power Campaign, Coalition for Clean Air, Community Action to Fight Asthma, Community",1
"Power Campaign, Coalition for Clean Air, Environmental Defense, Planning and Conservation League, Sierra Club California, Union of Concerned Scientists",1
"Power Campaign, Coalition for Clean Air, Natural Resources Defense Council, Planning and Conservation League, Sierra Club",1
"Power Systems Co., IT Corp., Oil and Solvent",1
Powers Insurance Authority Electrical Contractors Assoc. of CA,1
"President Monica Garcia, and Upper San Gabriel Valley Municipal Water",1
President of Santa Barbara County Fire Fighter's Benevolent Foundation Santa Barbara County Board of Supervisors,2
Press4WordPrevention Institute,1
Price Waterhouse Coopers (PwC) and BOE member George Runner,1
PricewaterhouseCoopers LLP. Alameda County Mosquito Abatement District,1
"Primary Care Association, California Hospital Association, and University",1
"Primary Care Association, California Hospital Association, and University of California",1
Privacy Rights Clearing House The Utility Reform Network,1
Privacy Rights Clearinghouse Rainbow Services Salaam Middle Eastern Advocates Against Domestic Violence,1
Privacy Rights Clearinghouse The Utility Reform Network (TURN) Utility Consumer Action Network (UCAN),1
"Privacy Rights Clearinghouse University of San Diego, Center for Public Interest Law",1
Privacy Rights Clearinghouse: The Women's Community Clinic,1
Privacy Rights Clearinghouse: World Privacy Forum,2
"Pro-Uno, Community Coalition for Change, Environment California, Learning Disabilities",1
"Probation Department, Counties of: MendocinoSan Benito",1
"Probation Department, Counties of: MendocinoSan Benito: San Luis ObispoSanta Clara, Sonoma",1
"Process Co., Inc., Pacific Gas & Electric Co. (PG&E), Phibrotech, Printed Circuit Board Alliance, Romic",1
"Processors Association, Nestle USA, Mary Kay",1
"Processors, California Manufacturers",1
"Processors, California Manufacturers & Technology Association, California Retailers",1
"Processors, California Manufacturers and Technology Association, California Natural Gas",1
"Processors, California Manufacturers and Technology Association, California Paint",1
"Processors, California Packaging Alliance, California Manufacturers & Technology",1
"Products Association, Cosmetic, McKessonHBOC, Inc, Toiletry and Fragrance Association, Dairy",1
"Products Company, Tenneco Packaging",1
"Products, Natural Resources Defense Council, Paso Robles/San Miguel Health Collaborative, Sisters of the Presentation, SLO Coast",1
Professional Fiduciary Association of California (PFAC) and Protect Our Loved Ones,1
"Professional Firefighters, AFSCME and CALPIRG",1
"Professional Firefighters, California State Employees Association, and Service Employees International Union, Local 1000",1
"Professional Firefighters, the Fire Districts Association of California",1
"Professional Firefighters, the Fire Districts Association of California and others",1
"Professional Firefighters, the Fire Districts Association of California and others who see a critical link between planning in fire-prone areas and fire prevention and suppression costs",1
Professional Insurance Agents Group (PIA) California Manufacturers and Technology Association Allied Pacific Insurance Services,1
Professional Insurance Agents Group California Manufacturers and Technology Association California Restaurant Association California Chamber of Commerce Allied Pacific Insurance Services,1
Professional Liability Insurers Consumer Attorneys of California,1
"Professional and Technical Engineers, IFPTE Local 21, Engineers and Scientists of CA, IFPTE Local 20, International Longshore and Warehouse Union",1
"Professionals, Browning-Ferris Industries, Inc./Allied Waste, California Chamber of Commerce, California Refuse Removal Council, California Retailers Association, California",1
Progressive MedicalCalifornia Pharmacists Association,1
"Project Los Angeles, and the HIV Surveillance Coalition",1
"Project Wild, the California Department of Fish and Game",1
"Project, Literacy for Environmental Justice, Ma'at Youth Academy, Making Our Milk Safe, National Brain Tumor Foundation, National",1
Properties Association California Cable and Telecommunications Association,1
"Properties Association, California Cattlemen's",2
"Properties Association, California Chamber of Commerce, Cal-Tax, Department of General Services",1
"Properties Association, California Chamber of Commerce, California",2
"Protection and Advocacy, Inc. The Breast Cancer Fund",1
"Providers, California Primary Care Association, City and County of San Francisco City, County",1
Public Advocates and the American Civil Liberties Union (ACLU),1
"Public Affairs Council, California Thoracic",1
Public Buildings Service of the U.S. General Services Administration Qualcomm,4
Public Conservators California Judges Association (in part),1
Public Counsel Law Center: San Lorenzo Family Help Center,1
"Public Counsel's Children's Rights Project: The Youth Law Center, Five individuals",1
"Public Counsel, Public Law Center",1
"Public Land, California Teachers Association, California Special",1
Public Utilities Commission & PUC Division of Ratepayer Advocates,1
Public Utilities Commission and the PUC's Division of Ratepayer Advocates,1
"Public Utility District, City of Huntington Beach",1
"Publishing Services, Weldon Associates Ltd., Williams Companies, Inc., 5,406 letters from",1
"Pulp & Paper Inc., Sunnyvale, Sierra Club",1
"Purple Heart Homes (PHH), United Veteran Benefits Agency, LLC",1
Purpose. The California Nurses Association/National Nurses United (CNA),1
Purpose. The Office of the San Diego County District Attorney,1
RBD Communications/Recycling Black Dollars,2
"RIM of the World Realty - Lake Arrowhead, CA and individual Realtors",1
"Race, Poverty & The Environment, Clean Water",1
"Race, Poverty & the Environment, Citizens for",1
"Race, Poverty & the Environment, Well Being of Earlimart/El comite para el Beinestar de",1
"Railroad Industry, California Trucking",1
"Railroad, Western States Petroleum Association, Western Wood Preservers Institute",1
Rainbow Services Safe Alternatives to Violent Environments,1
Raley's: Ralphs Grocery Company Trader Joe's,1
Ralphs Grocery Company Trader Joe's,1
"Ranch, Friends Committee on Legislation of California, Lutheran Office of Public",1
"Rancheria, Mesa Grande Band of Mission Indians, Pala Band",1
"Rancheria, San Diego County Ecumenical",1
Rancho Cordova|2882 Prospect |95670 |2,1
Rancho Cordova|3765 Omec |95742 |2,1
Raymond Interior Systems: RCP Block & Brick,1
ReWater Systems Tree People,1
"Reclamation Districts 2060, 108, 1500",1
Recording Academy Sag-aftra,1
"Records, Inc., Heal the Bay, Natural Heritage",1
"Recovery, Inc., Global Recycling Council of the California Resource Recovery Association, Granada Hills North Neighborhood Council, Hidden Resources, Hillsborough, Northern",1
Recreation & Dance California Federation of Teachers Afl-cio California Labor Federation,1
Recreation & Dance California State PTA Southwest California Legislative Council,2
Recreation and Dance California Athletic Trainers Association,1
Recreation and Dance International Health,1
Recreation and Dance Legislative Action Coalition for Arts Education State Superintendent of Public Instruction,1
"Recyclers, Inc., Solid Waste Association of North America, UC Davis R4 Recycling Program, Urban Corps San Diego",1
"Recycling & Resource Recovery, Inc., Ecoplast",1
"Recycling, Del Norte Solid Waste Management",1
Redding: Shasta County Veterans Affiliated Council VA Northern California Health Care System Advisory Council,1
"Redevelopment Agencies of the Cities of Alhambra, Belmont, Brea, Carson, Ceres, Chico, Chula Vista, Culver City, El Cerrito, Emeryville, Hawaiian",1
"Redevelopment Agencies: Buena Park, Montebello, Santa Barbara, Yorba Linda Water Districts: Santiago County Water District, Yorba Linda Water District Assoc. of CA Water Agencies",1
"Redevelopment agencies, the CRA",1
Redlands City Fire Chief. Alto-Richardson Bay Fire Protection District,1
Redwood Valley Little River San Diego State University - Native American Student Alliance,1
Referral| |red? | (time |(time |(time | |Arbitr))),1
"Reform, California Association of Physician Groups, Delta Dental all seek",1
"Reform, California Teachers Association, California Correctional Peace Officers",1
Refrigeration Distributors International Institute of Heating & Air Conditioners Industries,1
"Refuge, DOVES of Big Bear Valley, Inc., EYE",1
"Refuse Removal Council, California Resource",1
"Regent International, Sun Energy Systems",1
Region 5 (UAW) Specialty Equipment Market Association,1
Region 5 Commission on Peace Officer Standards and Training California Council of Police and Sheriffs California Public Safety Partnership for Shared Barlowe T. Bargwhiffle,1
Region 8 States Council of the United Food & Commercial Workers Teamsters,1
"Regional Council of Rural Counties, Solid Waste Association of North America",1
Regional Council of the Southern California Association of Governments Sierra Club,1
"Regional Developers, Independent Coalition of Franchise Owners, Independent Hardee's Franchisee Association, Independent Organization",1
"Renewable Funding, LLC Sonoma County Energy Independence Program Western Riverside Council of Governments",1
"Reproductive Justice, Maternal and Child Health Access, and Planned",1
"Republic Services, Inc. (and California divisions Consolidated Disposal, Richmond Sanitary and Taormina Industries) Regional Council of Rural Counties",1
"Research Group, California School Employees",1
"Research Group, California State PTA, California Teachers Association's State Council",1
"Research Group, Campaign to Safeguard America's",1
"Research Group, Defenders of Wildlife, Global",1
"Research Group, Greenlining Institute, Planning and Conservation League, Sierra Club California",1
"Resorts, Tricom Management, Vacation Internationale, Walt",1
Resources Agency California Department of Forestry and Fire Protection,1
"Resources Board, California Water Association, P.C.B. Engineering, Inc., Proto Engineering",2
"Resources Council, Imperial County, Ormat",1
"Resources Defense Council, Newport Harbor Area",3
"Resources Defense Council, Norcal Waste",1
"Resources Defense Council, Pacific Coast",1
"Resources Defense Council, Pesticide Action",1
"Resources Defense Council, Physicians for a",1
"Resources Defense Council, Planning and Conservation League, Sacramento Metropolitan",1
"Resources Defense Council, Planning and Conservation League, Sierra Club California, South Bay Cities Council of Governments",1
"Resources Defense Council, Sierra Club",2
"Resources Defense Council, Sierra Club, Portland Energy Conservation, Inc., Proven Alternatives, SYCOM Enterprises, Board of Supervisors",1
"Resources Defense Counsel, Planning and Conservation League, Sierra Club California",1
"Resources, L.L.C., Fresno County Farm Bureau, Fresno Mayor Alan Autry, Greater Bakersfield",1
"Resources, Mothers and Others Against the Dump, North Valley Coalition, Sierra Club, Waste",1
"Responsibility, Environmental Working Group, League of California Cities, Planning and Conservation League, Sierra Club, Solid Waste",1
"Responsibility, Natural Resources Defense",1
"Responsibility, Planning and Conservation",2
"Responsibility-LA, Planning and Conservation",3
"Responsibility-Los Angeles, Planning and Conservation League, San Francisco AIDS",1
"Responsibility-Los Angeles, Planning and Conservation League, Sierra Club California, The Beast Cancer Fund",1
"Restaurant Association, the California Hotel and Lodging Association, the California Farm Bureau, and the California Manufacturers and Technology",1
Retail Industry Leaders Association San Gabriel Valley Economic Partnership Santa Ana Chamber of Commerce,1
"Retailers Association, California Manufacturers",1
"Retailers Association, California Shortline",1
"Retailers Association, California Taxpayers Association, Consulting",2
"Retailers Association, Cellular",1
"Retailers Association, Clorox",2
"Retailers Association, League of California Cities, Orange",1
Retirement Association Commission on Aging,1
Rhonerville School District Small School Districts Association,1
Ricardo Cano CALmatters and California Department of Education,1
"Rice Commission, California Rice Industry",1
Richmond Sanitary and Taormina Industries,1
"Rights Alliance, California League of Conservation Voters, California Nurses",1
"Rights Alliance, Environment California, Environmental Caucus of the California",1
"Rights California, United African-Asian Abilities Club",1
"Rights Clearinghouse University of San Diego, Center for Public Interest Law",1
Rights and Equality (AACRE) and the Asian American Center for Advancing,1
"Rio Hondo College, Riverside Community College District, Foster Youth Support Network",1
Rio Vista California Manufacturers Association California State Council of Laborers Diablo Solar Services,1
"River Otter Ecology Project, The San Bernardino Valley Audubon Society",1
"River Otter Ecology Project, The San Fernando Valley Audubon Society",1
"River Otter Ecology Project, The Sierra Club California",1
Riverside County Board of Supervisors and Economic Development Agency,1
Riverside County CONTINUED AB 1397 Nathaniel Holmes III,1
"Riverside County District Attorney, Riverside Police",1
"Riverside County District Attorney, Riverside Police Officers' Association",1
Riverside County Probation Department San Gabriel Valley Economic Council,1
"Riverside County Public K-12 School District Superintendents, Sacramento County Office of Education, Sacramento Regional Builders Exchange, San Bernardino Community College District, San Bernardino County District Advocates for Better Schools, San Diego County Office of Education, San Francisco Unified School District, San Luis Coastal Unified School District",1
Riverside County Sheriff's Department and Police,1
"Riverside County Supervisors Mullen, Tavaglione, Venable",1
Riverside County and County Welfare Directors Association of California,1
Riverside Sheriffs' Association Santa Ana Police Officers Association,1
Riverside and San Bernadino County Boards of Supervisors,1
Robert A. Millikan Senior High School Robert F. Kennedy High School,1
Roberts Enterprise Development Fund and San Francisco Jewish Vocational Services,2
Rocklin Area Chamber of Commerce Rockman Company,1
Rohnert Park Department of Public Safety Police/Fire Services League of CA Cities Mayors,1
Roofing Contractors Association of California Associated General Contractors and Associated General Contractors San Diego,1
Roseland University Prep High School Rowland High School Royal High School,1
RosemeadRoseville,1
"Roseville Chamber of Commerce, Shingle Springs/Cameron Park Chamber of Commerce",1
Rubicon Programs Showing Up for Racial Justice - San Diego,1
Rubicon Programs Voices for Progress Education Fund,1
Rubicon Programs: Stanford Community Law Clinic,1
"Rural County Representatives of California, San Diego County Water Authority, Santa Clara Valley Water District",1
"Rural Legal Assistance Foundation, JERICHO, Western Center",1
"Ryan McCreary, President, Gamma Chi Lambda Chapter, Alpha Phi Alpha",1
"S. C. Johnson, Sherwin Williams Company, Sierra Club, CALPirg",2
"SANDAG, Endangered Habitats League, The Nature Conservancy",1
"SANDAG, VTA and SSCLJPA",1
SB 1073 - 04/26/95 Esperanza Community Housing Corporation,1
SB 109 (Ortiz) Petroleum Association,1
SB 1254 (Alpert) Sheriff's Department,1
"SB 1269: Driving School Association of California, Inc",1
SB 1374 - Cedillo City of San Jose,1
SB 1517 (Polanco) PageB Liberties Union,1
SB 17x -- Brulte,1
SB 1850 (Costa) Employees Association,1
"SB 1866 (Aanestad) PageQ Attorney General, the League of California Cities, the County Supervisors Association",1
SB 2133 - 2/23/96 California Homeless and Housing Coalition,1
SB 613 (Denham) Sheriff's Association,1
SB 657 o Maddy Howard Jarvis Taxpayers Association,1
SB 695 - 04/19/93 Elsinore Valley Municipal Water District,1
"SB Bob Garcia, George Steffes Inc., in behalf of Southern",1
SB Jefferson Smurfit Corporation and Container Corporation,2
SCCOE and CTA,1
SEC. 4: California Defense Counsel,1
"SEIU (Service Employees International Union), Local 660 and Southern Christian Leadership Conference",1
SEIU AFSCME,1
SEIU California and Purchaser Business Group on Health (formerly Pacific Business Group on Health),1
SEIU California and UNITE HERE are,1
SEIU California and Western Center on Law and Poverty,1
SEIU California and the California Medical Association (CMA) write jointly,2
SEIU California. Student Groups: California College Democrats,1
SEIU California: Steinberg Institute,1
"SEIU, AFL-CIO, CA State Council CA Assoc. of Counties",1
"SEIU, AFL-CIO, CA State Council CA Assoc. of Counties (Sponsor) Judicial Council",1
"SEIU, AFSCME, Laborers' Locals 777 and",1
SPUR and Nourish California,1
SPUR- Council of Infill Builders,1
"SSA Marine, Seaside Transportation Services, LLC, TraPac, Inc",1
STATEWIDE & REGIONAL ASSOCIATIONS California Association of Local Agency Formation Commissions Urban County Caucus,1
STRS and PERS,1
Sachs & Book California Association of Professional Scientists California Native Plant Society California State University,1
Sacramento Area Flood Control Agency City of Folsom,1
Sacramento County Board of Supervisors Audubon,1
Sacramento County District Attorney Sheriff Glen Craig,1
Sacramento County San Bernardino County,1
Sacramento County Supervisor District 3 Save the American River Association,1
Sacramento County Taxpayers League Paul Gann's Citizens Committee,2
"Sacramento County, Los Angeles County Sheriff's Department",1
"Sacramento Housing Alliance, Mutual Housing Assn., and Neighborhood Housing Services",1
"Sacramento Housing and Redevelopment Agency, California Rural Legal Assistance Foundation, Western",1
Sacramento Learning Disabilities Association Oppose:California Healthcare Association,1
Sacramento Metro Chamber of Commerce State Building and Construction Trades of California,4
Sacramento Monsignor James Petersen and Juan Jose Gloria,1
Sacramento Regional Coalition to End Homelessness AFSCME,1
Sacramento Regional County Sanitation District and Sacramento Area Sewer District,1
Sacramento Regional Transit District City of Sacramento Police Department,1
Sacramento |2700 Del Paso |95815 |1,1
Sacramento |8388 Rovana |95828 |1,1
"Sacramento, California State Association of Counties, Rumsey Band of Wintun Indians, Sierra Club-California, Tuleyome, UNITE-HERE, University of California, University",1
"Sacramento, Shasta, Butte, Placer and Monterey County Sheriffos",1
Sacramento-Sierra Building & Construction Trades Council. State Building and Construction Trades Council,1
Safari Club International California Waterfowl,1
Safari Club International Foundation and Safari,1
Safari Club International Foundation and Safari Club,1
Safari Club International and Safari Club International Foundation,1
"Safe Schools, Center for Environmental Health, Children's Health Environmental Coalition, Clif",1
"Safety Employees, Association for Los Angeles Deputy Sheriffs, Police Officers Research Association of California",1
"Safeway Inc., Including its Affiliated Entity the Vons Companies INC",1
San Bernardino County (Sponsor) Consumer Attorneys of California,1
San Bernardino County Sheriff's California State Sheriff's Association,1
"San Bernardino County Transportation Authority, Metrolink, Riverside County Transportation Commission, SANDAG",1
"San Bernardino County, San Diego County, San Joaquin County",1
San Bernardino Valley Chapter 0073 SB 417-Hollingsworth San Gabriel Valley Chapter 388,1
San Bernardino and Riverside Counties,1
San Bernardino and Santa Barbara,1
"San Diego ChapterAaron Richardson Insurance Services Bartz Construction, Inc",1
San Diego County Assessor County of Los Angeles,1
San Diego County Association of Santa Barbara Association of Realtors,1
San Diego County Breastfeeding Coalition of 9 to 5 National Assoc. of Working Women,1
San Diego County California District Attorneys Association Superior Court of California,1
San Diego County D.A. (Sponsor) State Bar of California Family,2
San Diego County D.A. State Bar of California Family,2
San Diego County District Attorney (Sponsors) Family Law Section of the State,1
San Diego County District Attorney Family Law Section of the State,1
"San Diego County Water Authority, Association of California Water Agencies",1
San Diego County and the San (Schiff) Court/Juvenile Court and their Judges,1
"San Diego County, Los Angeles County, Veterans Advisory Commission",1
San Diego District Attorney and California District,1
"San Diego District Attorney, California Catholic Conference",3
San Diego Gas & Electric and Southern California Edison are,1
San Diego Gas & Electric and Southern California Gas Company,1
San Diego Gas and Electric Sempra Energy,2
"San Diego Harbor Police Officers Association, Santa Barbara Deputy Sheriff's Association",1
San Diego Housing Commission: San Diego Housing Federation,1
San Diego Humane Society Best Friends Animal Society,1
San Diego Hunger Advocacy Network & San Diego Hunger Coalition,1
San Diego Immigrant Rights Consortium Secure Justice,1
San Diego Police Department California Congress of Parents,1
San Diego Tax Fighters Regional Hispanic Chamber of Commerce,1
San Diego Unified School District Bob Emery,1
"San Diego Unified School District, San Francisco Unified School District, Wiseburn School District",1
"San Diego, San Bernardino and Riverside",1
"San Diego, So. California and Central California Chapters of Associated Builders & Contractors",1
San Fernando Valley National Stewardship Action Council Republic Services,1
"San Francisco Bar Pilots, Pacific Merchant Shipping Association",1
"San Francisco Bay Area Rapid Transit District, California Transit Association, American Planning",1
"San Francisco Bay Area Rapid Transit District, Sierra Club-California",1
San Francisco Bay Physicians for Social Responsibility SanDiego350,1
San Francisco Bicycle Association East Bay Bicycle Coalition,1
San Francisco California Manufacturers and Technology Association (CMTA) California Professional Firefighters California Restaurant Association (CRA) CALMEX,1
San Francisco City Mayor London Breed and City Attorney David Chiu write in a joint letter,2
"San Francisco Family & Child Guidance Clinic, Native American Health Center",1
San Francisco IHSS Public Authority: San Francisco SPCA,1
"San Francisco Labor Council, AFL-CIO, San Mateo Labor Council, AFL-CIO",1
"San Francisco Mayor London Breed, San Francisco Supervisor Aaron Peskin, Chinatown Community Development Center, Chinatown Transportation Research and Improvement Project, Lyft, San Francisco Bicycle Coalition, San Francisco Chamber of Commerce, San Francisco County Transportation Authority, San Francisco Transit Riders, Sierra Club California, Uber, Walk San Francisco",1
"San Francisco Mayor Willie L. Brown, Jr., City and County of San Francisco, Treasure Island Homeless",1
San Francisco Unified School District United Teachers Los Angeles,1
San Francisco Unified School District/San Francisco Office of Education,1
San Francisco Unified School District: California State PTA,1
San Francisco Women Lawyers BPW/California California Commission on the Status of Women California Women's Law Center California Women Lawyers,1
"San Francisco, City and County of Northern California Power Agency",1
"San Francisco, City and County of Santa Clara County Superior Court Presiding Judge",2
"San Francisco, City and County of Santa Clara County, Board of Supervisors",4
"San Francisco, City and County of Sierra Club",1
"San Francisco, City and County of Urban Counties of California",1
"San Francisco, Imperial, Napa, Santa Cruz",1
"San Francisco, San Joaquin and Contra Costa County",1
San Gabriel Valley Alliance for the Mentally Ill: Individual letters,1
San Gabriel Valley Chapter 388 SB 417-Hollingsworth,1
San Gabriel Valley Chapter 388 SB 417-Hollingsworth Hemet San Jacinto Chapter 478,1
San Gabriel Valley Economic Partnership Santa Ana Chamber of Commerce,1
San Gabriel Valley Mosquito & Vector Control Mateo County Mosquito Abatement District,1
"San Jacinto, San Bernardino, San Diego, San Gabriel Valley, San Mateo, and Ventura Chapters",1
San Joaquin County and the School Energy Coalition,1
"San Joaquin Water Conservation District, Association of California Water Agencies",1
"San Joaquin, Stanislaus, Merced, and Fresno Boards of Supervisors",1
San Jos(/Santa Clara Water Pollution Control Plant Pacific Coast Federation of Fishermenos Associations Save Our Shores Sierra Club 1 Individual),1
San Luis Canal Company/Henry Miller Reclamation District 2131,1
San Luis Obispo County Board of Supervisors: Secretary of State,1
San Luis Obispo County Integrated Waste Management Authority Santa Clara County Board of Supervisors,3
"San Luis Obispo County Victim/Witness Program Santa Clara County, Board of Supervisors",1
San Luis ObispoSanta Clara,1
San Mateo Board of Supervisors Town of Colma Fire District Police Chiefs Association,1
San Mateo County Library Santa Cruz Public Libraries,1
"San Mateo County Transit District, the Peninsula Corridor Joint Powers Board (Cal-Train), San Mateo County Transportation Authority, Silicon Valley Leadership Group",1
"San Mateo, Alameda, Marin, and Contra Costa Counties",1
San Ramon Valley Firefighters Association Kern County Fire Fighters Union,1
Sand City Santa Ana Santa Barbara Santa Clara,1
Sandy Bar Ranch: Sierra Club California,2
"Sanitary Service, Inc., Potrero Hills Landfill, Rainbow Disposal Co., Republic Services, Solano",1
"Sanitation Districts of Los Angeles County, Fairbanks Ranch Community Services District, Fox Canyon Groundwater Management Agency, Inland Empire Utilities Agency, Lake Arrowhead",1
"Sanitation Districts of Los Angeles County, League of California Cities, Norcal Waste",1
"Sanitation Districts of Los Angeles County, McCarthy Family Farms, Inc., Norcal Waste",1
Santa Ana Police Association of Orange County Deputy Sheriffs,1
Santa Barbara Alameda County Sheriff,2
"Santa Barbara Metropolitan Transit District, American Federation",1
Santa Barbara Women's Political Committee Santa Clara County Health Care Committee,1
Santa Clara & San Benito Counties Building and Construction: Trades Council,1
"Santa Clara County Board of Supervisors, Sierra Club",1
Santa Clara County Board of Supervisors: Bay Meadows Racing Association,1
"Santa Clara County Municipal Court Franz E. Miller, Individual Consumer Attorneys of California Modoc County Library",1
Santa Clara County Office of Education TechAmerica,1
"Santa Clara County Sheriff's Office, Surviving Parents",1
"Santa Clara County: Board of Supervisors, Child Abuse Council",1
"Santa Clara Valley Medical Center, O'Connor Hospital",1
Santa Clara and San Benito Counties Medtronic Physio-Control,1
Santa Clara and San Joaquin counties,1
Santa Monica Santa Paula Santa Rosa Saratoga,1
"Santa Monicans for Renter's Rights, San Francisco Tenants Union",1
Santa Rosa Memorial Hospital and Petaluma Valley Hospital,1
Save Our Shores: Sierra Club California,1
Save The Missions AFSCME,1
"School Boards Association, City of Exeter",2
"School Boards Association, the California Association of School Business",1
"School District, LA County Office of Education, Los Banos Unified School District, Minarets",1
"School Districts of Alpine, Alvord Unified, Antioch, Buckeye Union, Capistrano, Central Union High, Ceres, Chaffey Joint Union High, Claremont, Clovis, Coalinga-Huron, Comption, Corona-Norco, El Dorado Union",1
"School Districts of Alpine, Antioch, Capistrano, Ceres, Clovis, Coalinga-Huron, Eppel, Escondido, Etiwanda, Fairfield-Suisun, Fresno, Gonzales, Hanford Elementary, Hemet, Liberty, Lodi, Menifee Union, Murrieta Valley, Newhall, Norris, Oak Grove, Palmdale, Palo Verde, Perris, Placerville, Pleasant Valley, Pomona, San Diego, Sonora, Tulare Joint Union, Turlock, Woodland",1
"School Employees Association, California State Employees",1
"School Energy Coalition, School Facility Manufacturers' Association, Small School Districts Association, Temecula Valley Unified School District",1
"School of Arts, Letters, & Sciences, Department of History, John E. Morby California Voters for Animal Rights Center for Animal Protection and Education Clement Patrick",1
"School of Medicine: Western United Dairymen, 10 individual letters, 156 pre-printed postcards",1
"School, Campusbarn.com, Center for Community",1
"Schools Advocacy Assn., Wheatland Unified",1
"Schools Advocacy Association, Sierra Club",1
"Scientists, California Refuse Removal Council, California State PTA, City and County of San",1
"Scientists, Planning and Conservation League, Foss Plating Company Inc",1
Scotts Valley Seal Beach Seaside Sebastopol,1
"Sea Crest School, St. Matthew's Parish School",1
Sealers Association American Stores,1
"Secretary of State, ""AB 2134",1
Section 1: Western Center on Law & Poverty,1
"Securities Association, American Federation of State, County, and Municipal",1
Seismic Safety Commission Greenfield Chief of Police,2
Self Help Enterprises Shelter Network Shelter Partnership Inc,1
Self Help Enterprises Sierra Club California,1
"Self Help Federal Credit Union, Neighborhood National Bank",1
Self Storage Association and the California Self Storage Association,3
"Self-Help Enterprises Sierra Planning and Housing Alliance, Inc",3
Semiconductor Equipment & Materials International Cal-Tax,1
Semiconductor Equipment & Materials International Lam Research,1
Semiconductor Equipment & Materials International XILINX,1
"Senator Morrow, Association of Environmental",1
Senior Community Centers: St. Anthony Foundation,1
Sequoia Humane Society Contra Costa Humane Society,1
"Seriene Brown, Sacramento County Child Protective Services, Robin Ringstad, San Joaquin County, Child Advocacy Center",2
Service Employees International InionLos Angeles County Democratic Party,1
Service Employees International Union (SEIU) AARP Alzheimer's Association Congress of California Seniors Older Women's League of California The following organization,1
Service Employees International Union California State Council and Professional Engineers in California Government,2
Service Employees International Union State Council (SEIU California) and the California Nurses Association both,1
"Service Employees International Union, American Federation of State, County, and Municipal Employees. AFL-CIO, California Nurses",1
Service Master (AmeriSpec) and numerous individual home inspectors,1
"Service, Inc., Potential Industries, Inc., Region 8 States Council of the United Food and Commercial Workers, Santa Clara County, Santa",1
"Service, Public Citizen's Critical Mass Energy and Environment Program, Rural Counties",1
"Services Agency, Inc. Mid-Peninsula Housing",1
"Services Association, California Hospital Association, California Retailers Association, Cisco, Civil Justice",1
"Services Board, Anne R. Bernardo, President",1
Services California Clerk of the Board of Supervisors Association California Collaborative for Long-term Services and,1
Services Corporation International California Funeral Services,1
Several PDHC providers and the Pediatric Day Health Care Coalition write,1
"Several school and community college districts, along with the UC and CSU systems",1
"Several school employee associations, including the California Teachers Association (CTA), the California Federation of Teachers, and the United Teachers Los Angeles",1
"Several: Theatre Bay Area, Neighborhood Stories, Bay Area Womens Theatre Festival",1
"Sharks Sports & Entertainment, LLC and the Sharks Foundation",1
"Shasta County Sheriff, National Rifle Association",1
"Shasta County Sheriff, National Rifle Association of America",1
Shasta County Sheriff: Ventura County Sheriff,1
Shasta Driving School: Spencer Driving School,3
Shatterproof California Retailers Association (earlier),1
"Sheep Heal Project, The Sierra Club",1
Sheet Metal Workers' Local Union No. 104 Monterey Bay Central Labor Council,1
"Shelter, Inc. Shelter Partnership, Inc",2
"Shelter, WEAVE, Calaveras Womenos Crisis",1
"Sheriff State Superintendent of Public Instruction, Delaine Eastin The Judicial Council",2
"Sheriff's Association, the ACLU, the California Police Chiefs",1
"Sheriff's of Riverside, Siskiyou, Shasta, Mendocino, Santa Barbara, Humboldt, and Kern Counties",1
"Sheriff, County of San Mateo, and Chief of Police",1
"Sheriff, Urban Counties Caucus",1
Sheriff-Coroners of Alameda County and of Monterey County,2
Sheriffs CA Taxpayers' Assoc,1
Sheriffs California State Sheriffs' Association,1
Sheriffs Howard Jarvis Taxpayers Assoc,1
Sheriffs and District Attorneys Association California Reserve Peace Officers Association Cities of Long Beach and San Bruno,1
Sheriffs and District Attorneys Association California Reserve Peace Officers Association City of Long Beach,1
Sheriffs from Calaveras and Humboldt Counties,1
"Sheriffs of Imperial, Marin, Riverside, and San Luis",1
"Sheriffs of Los Angeles, Riverside, and San Bernardino Counties",3
"Sheriffs of Orange County, San Bernardino County, San Diego County, and Santa Barbara County",1
"Sheriffs of San Joaquin, Contra Costa and Riverside",1
"Sheriffs of the Counties of Alameda, Sacramento, Imperial, Shasta, San Bernardino",4
"Sheriffs' Association, Association for Los Angeles Deputy",1
"Sheriffs' Association, Association of Los Angeles Deputy",1
"Sheriffs, Inc., and the Riverside Sheriff's Association, ""This",1
Shingle Springs/Cameron Park Chamber of Commerce TechNet,1
"Shipping Association, Port of Long Beach, Retail Industry Leaders Association, Society of the Plastics Industry, Western Home Furnishings",2
"Shipping Services, Inlandboatmen's Union of the Pacific, Mitsui O.S.K. Lines (America) Inc., Oriental Overseas Container Line, Pacific",1
"ShoeSource, Inc., Retail Industry Leaders",1
Siemens Fire Safety & the National Electric Manufacturers,1
Sierra Club & Ca. State Pipe Trades Council,1
Sierra Club California Baldwin Hills Conservancy Board of,1
Sierra Club California Baldwin Hills Conservancy Board of Directors,1
Sierra Club California Coastal,1
Sierra Club California Defender of Wildlife,1
Sierra Club California San Francisco Public Utilities Commission,2
"Sierra Club California, The Breast Cancer Fund",1
"Sierra Club California, Union of Concerned Scientists",1
Sierra Club California: United Anglers,1
Sierra Club Defenders of Wildlife,1
"Sierra Club, CALPIRG",1
"Sierra Club, Committee to Bridge the Gap, Americans for a Safe Future, CALPIRG, California League of Conservation Voters, Ken",1
"Sierra Club, Groundwater Resources Assn. of California, Pacific Gas and Electric, Calif",1
"Sierra Club, Planning & Conservation League",1
"Sierra Club, Planning and Conservation League, California Chapter of the American Planning",1
"Sierra Club, Sonoma County Water Agency",1
"Sierra Club, The Ocean Conservancy",1
"Sierra Club, Vote the Coast",1
Signal Hill San Bernardino County Sheriff's Department California Peace Officers' Association California Police Chiefs' Association Sacramento County Deputy Sheriffs' Association California State Sheriffs' Association,1
"Silicon Valley Leadership Group Skyline College, Guardian Scholars Program STAR Vista, Transitional Youth Services",1
Silicon Valley Manufacturing Group California Healthcare Institute California Taxpayers Association,1
"Silicon Valley Manufacturing Group, Sony Ericsson Mobile, Sprint",1
Silicon Valley Software IndustryMotion Picture Association of America,1
Silverado High School/Victor Valley Union High School District,1
Simpson Timber Company Smurfit Stone Container Corp,1
Siskiyou County Board of Supervisors. Opposition/Opposed Unless Amended - Association of California School Administrators,2
Siskiyou County Farm Bureau and others,2
"Siskiyou County, Tehama County, Tuolomne County",1
Slavic Voices-Slavic advocates against Domestic Violence The African American Network for Violence Free Relationships The Center Long Beach (LGBT victim support services) Women Shelter of Long Beach,1
"Sludge, Palmdale Water District, Sierra Club, Solano County Board of Supervisors",1
"Sludge, Rain for Rent, Western Growers, 1",1
"Small Business California: Social Ventures Inc., Stanford Group Stanford's Restaurant, Sustainable Earth Initiative",1
Small Business Loan Guarantee Program and the Infrastructure and Economic Development Bank,1
Small Business Majority and Health Access California,1
"Small Business Majority: Businesses, Agoura Technologies",1
"Social Responsibility-LA, Planning and Conservation League, ProUno",1
Society for Human Resource ManagementSouth Bay Association of Chambers of Commerce,1
Society of the Plastics Industry and Bag Federation,1
"Society, California Nurses Association, Clean",2
"Society, Concord, Contra Costa Water District, East Bay Municipal Utility District, East Bay",1
"Society, Sierra Club, Vote the Coast",1
Software and Information Industry Association Technet,1
"Solid Waste Association of North America's Legislative Task Force, StopWaste",1
"Solid Waste Solutions, Inc. /City Permit Services",1
"Solutions (29 letters), Inc., Liquid Solutions (9 letters), Morley Water Improvement Systems, New Age Water Technology, North State Water",1
Sonoma County Agricultural Preservation and Open Space District Tahoe Fund,1
"Sonoma County Board of Supervisors, Solano County",1
Sonoma County Board of Supervisors: Urban Counties Caucus,2
Sonoma S CA Association of Councils of Governments County of Alameda,1
SonomaS CA Association of Councils of Governments County of Alameda,1
South Bay Association of Chambers of Commerce South Bay Cities Council of Government,1
South Bay Association of Chambers of Commerce Sprint,1
South Bay Citizens for Immigration Reform Alliance of California & Involved Voters,1
South Central Prevention Coialition Asian American Bar Association of The Greater Bay Area Beverly Hills Bar Association Brad Seligmen,1
South Coast Air - 05/25/94 District,1
South Coast Air Quality Management District American Lung Association of the Inland Counties,1
"South Pasadena, Vernon and Culver City Police",1
Southern CA Association of Governments American Federation of State County and Municipal Employees CA CoastKeeper Cities of: Adelanto,1
Southern California Association of Governments (SCAG)Peninsula Corridor Joint Powers Board (CALTRAIN),1
"Southern California Association of Governments, Western Mobilehome Parkowners Association",1
Southern California California Traffic School Association Castro Valley School of Driving,1
Southern California Edison The Utility Reform Network,1
Southern California Edison and PG&E,1
"Southern California Edison, Coalition of California Utility Employees",1
"Southern California Edison, Sempra Energy, California Taxpayers' Association, City of Lake Elsinore",1
Southern California Gas Company Utility Workers Union of America,1
Southern California Gas Company. AB 3248,1
"Southern California Indian Center Squier Properties, Santa Monica",1
Southern California Marine Association: United Way of California,1
Southern California Marine Association: Way of California,1
Southern California Regional Rail Authority (Metrolink) Synergex,1
Southern California Water Committee Southwest California Legislative Council Southwest Riverside County Association of Realtors,1
"Southern Company Gas/Central Valley Gas Storage, LLC",1
Southgate Recreation & Park District California Speech-Language-Hearing Association,1
Southside Forward SPUR,1
"Southwest Airlines, United Airlines",1
Southwest California Legislative Council TechAmerica,3
"Space Authority, Southern California Edison, The Boeing Company",1
"Special Districts Association, San Joaquin County LAFCO",1
"Specialties Manufacturers Association, Clorox, Compton Creek Mosquito Abatement District, Contra Costa Mosquito and Vector Control",1
"Specialty Products Association, Cosmetic, Toiletry and Fragrance Association, Dairy",1
Sport and Arms Show Producers of and Pistol Association,1
"Sports Foundation, Inc., Outdoor Sportsman's Coalition, Crossroads of the West Gun Shows, and the CA Sportsman's Lobby",1
"Sports and Arms Show Producers of The California Sportsman's Lobby, Inc",1
"Springs, San Jacinto, Santa Ana, Santa Cruz, Soledad, Sonora, Scotts",2
"Springs, Seal Beach, South El Monte, South",1
"St Mar Enterprises Inc. [a franchise of Taco Bell Corp., Subway 612, Van Nuys, Calif. Sylvesters Taro's]",1
Stand Together Against Neighborhood Drilling (STAND-LA) Stand.earth,1
Stanford Group Stanford's Restaurant,1
Stanislaus BKK Corporation Browning-Ferris Industries Butte County California Refuse Removal Council California State Association of Counties Cities of Azusa,1
Stanislaus County Farm Bureau Sacramento Area Council of Governments,1
"Start, Mothers Against Sexual Abuse, Los",2
State Association of Counties and Sierra Club,2
"State Association of Counties, California Waste",1
"State Association of Counties, City Fibers, Inc",1
State Association of County Auditors California Association of County Treasurers-Tax Collectors California Association of Joint Powers Authorities Counties of Riverside,1
State Association of Electrical Workers State Pipetrades Council,1
State Bar National Audubon Society,1
State Bar of California (sponsor)Coalition for CA Tort Reform,1
"State Bar of California's Conference of Delegates, Black Women Lawyers of Los Angeles, Inc",1
State Board of Equalization American Federation of State,1
State Board of Equalization California Taxpayers Association Railway Progress Institute,1
State Board of Equalization Western Center on Law and Poverty,1
"State Board of Equalization, BOE Member Fiona Ma, BOE Member George Runner, Air Logistics Corporation, California Chamber of Commerce, California Grocers Association, California Independent Petroleum Association, California Retailers Association, California Society of Enrolled Agents, California Tank Lines Inc., California Taxpayers Association, Chemical Transfer Co., Family Business Association, Flasher Barricade Association, League of California Cities, National Federation of Independent Business, Orange County Taxpayers Association, Superior Tank Wash Inc., West Coast Leasing, LLC",1
"State Board of Equalization, BOE Member Fiona Ma, BOE Member George Runner, California Asian Pacific Chamber of Commerce, California Society of Enrolled Agents, Castro Valley/Eden Area Chamber of Commerce",1
"State Board of Equalization, Cities of El Cajon",1
"State Board of Equalization, City of El Cajon",1
"State Builders Exchanges, J.H. Baxter & Company, Lumber Association of California & Nevada, Marin Builders' Exchange, Marina",1
State Building and Construction Trades Council of California TechAmerica,1
State Buildings and Construction Trades Council American Federation of State,1
State Coalition of Probation Organizations: Urban Counties Caucus,1
"State Controller Betty Yee, California Association of County Treasurer-Tax Collectors, California Special Districts Association, California State Association of Counties, League of California Cities, Retired Public Employees Association, Rural County Representatives of California, Santa Clara County Board of Supervisors",1
"State Controller Betty Yee, California State Association of Counties, California Special Districts Association",1
"State Controller Betty Yee, State Treasurer Fiona Ma , California Association of County Treasurer-Tax Collectors, California Bankers Association, California Chamber of Commerce, California Community Banking Network, California Credit Union League, California Taxpayers Association",1
"State Controller John Chiang, American Federation of State, County and Municipal Employees, David Ross",1
"State Council of Education, Planning and Conservation League, Sierra Club California, State Superintendent of Public Instruction",1
State Department of Finance California Labor Federation,1
"State Department of Finance, Sierra Club California",1
State Fire Marshal & Calif. State Firefighters Assoc,1
"State Of California Auto Dismantlers Association, The West Coast Chapter Of The Institute Of Scrap Recycling Industries",1
State Office of Environmental Health Hazard Assessment California Council on Environmental and Economic Balance,3
"State PTA, California Teachers Association's",1
State Sheriffs Association (Several individual municipal and superior court judges),1
State Superintendent of Public Instruction and endorsed by the California Education Roundtable,3
"State Treasurer Fiona Ma, AT&T, California State Association of Counties, CTIA - the Wireless Association, League of California Cities, Sprint, T-Mobile, Tracfone, Verizon",1
"State Treasurer Fiona Ma, California State Association of Counties, California Retailers Association",1
"State Treasurer John Chiang, Association of Regional Center Agencies, California Housing Partnership Corporation, The Arc and United Cerebral Palsy California Collaboration, Santa Clara County Board of Supervisors",1
"State Treasurer John Chiang, Californians Against Waste, California Manufacturers and Technology Association, Proterra, Silicon Valley Leadership Group, TechNet",1
"State Treasurer John Chiang, The Arc and United Cerebral Palsy California Collaboration, The Arc of Ventura County, Association of Regional Center Agencies, Autism Speaks, California Association for Health Services at Home, California Disability Services, Center for Autism and Related Disorders, Disability Rights California, North Los Angeles Regional Center, Professional Fiduciaries Association, State Council on Developmental Disabilities",1
"State Treasurer John Chiang, The Arc and United Cerebral Palsy California Collaboration, The Arc of Ventura County, Association of Regional Center Agencies, Autism Speaks, California Association for Health Services at Home, California Disability Services, Center for Autism and Related Disorders, Disability Rights California, North Los Angeles Regional Center, State Council on Developmental Disabilities",1
"State Treasurer John Chiang, The Arc and United Cerebral Palsy, Financial Services Institute, State Council on Developmental Disabilities",1
State Treasurer Phil Angelides California Environmental Protection Agency,1
State Water Contractors and the Metropolitan Water District of Southern California have an,1
State Water Resources Control Board Surface Technology Association,1
"State Water Resources Control Board, Association of California Water Agencies, East",1
"State of California Auto Dismantlers Association, The San Diego County Auto Recyclers Association",1
"States Petroleum Assn., California Council for",1
"States Petroleum Association, Venoco, Inc",1
"States, AFL-CIO (IATSE) Local 80, Local 729",1
Statewide Monterey Park Chamber of Commerce Natural Resources Defense Council Physicians for Social Responsibility Riverside County Asthma Coalition San Gabriel Valley Council of Governments Sierra Club South Bay Cities COG South Pasadena Chamber of Commerce INDIVIDUALS CITIES OF: Arcadia,1
"Steel Recycling Institute, Jefferson Smurfit",1
"Steelworkers of America, Vote Health, Women's",1
Stewart Marin County Superior Court Mendocino County Superior Court Judge Nelson Monterey Superior Court Judge Panetta Riverside County Superior Court Judges: Counelis,1
Stewart San Luis Obispo Superior Court Judge Tangeman Santa Clara Superior Court Judge Bernal Santa Cruz Superior Court Sonoma County Superior Court Judges: Chouteau,1
Stockton CONTINUED Stockton Human Rights Task Force,1
"Stockton, Tracy, Vallejo, Visalia, and Alliance for Community Media",1
"Stockton-East Water Conservation District, the Central San Joaquin Water Conservation District, and the North San Joaquin Water Conservation District",1
"Stockton-East Water District, Central San Joaquin Water",1
Stop AAPI Hate and the California Healthy Nail Salon Collaborative,1
"Stop Hidden Taxes Coalition, California Taxpayer Association",1
"Stop Outside Dumping, Imperial Valley Vegetable",1
Strategic Committee of Public Employees Labors International Teamsters,1
"Strategic Committee of Public Employees, Laborers' International Union of North America Teamsters",3
"Strategic Committee of Public Employees, Laborers' International Union of North America Transgender Law Center",1
"Stratton Electric, AB 1949 (Conroy)",1
"Streams, Coast Action Group, Defenders of Wildlife, Environment California, Function 8",1
"Students, Inc. Direct Marketing Assn",1
"Substances Control, Environmental Defense, Healthy Children Organizing Project, League of Cities, National Environmental Trust, Natural",1
"Summit Mobilehome Park Homeowners' Association, Sun Valley Estates Mobile Home Park Homeowners' Association, Livermore",1
Sunnyvale Mobile Home Owners Advisory Council. SB 1413,1
"Supervisor Barbara Patrick, Plains Pipeline, L.P., Processes Unlimited, Inc., Safeway",1
"Supervisors, the Carmel River Watershed Conservancy and the Planning and Conservation League",1
"Supply, Inc., Pacific Home Do It Center, Pacific Gas and Electric, Southern California",1
"Sur Land Trust, California Association of Local Conservation Corps",1
Surfrider Foundation WILDCOAST,1
Surveyors of California Consumer Attorneys of California,1
"Surveyors of California, Family Winemakers of California, Industrial Environmental",2
Sutter Lakeside Community Services/Lake Family Resource Center,1
SynerMed/ EHS Medical Group,1
"Systems, California Firefighters, California Teachers Association, California School Employees Association, Cal-Tax",1
"Systems, Desert Valley Disposal, Inc., Garaventa Enterprises, Gilton Solid Waste",1
"Systems, Inc. (14 letters), Superior Water",1
"Systems, Inc., Nuclear Information and Resources Service, Physicians for Social",1
"Systems, Inc., Philips Lighting Company",1
"Systems, Inc., Professor Law, University of San",1
"Systems, Inc., Southern California Alliance of POTWs",1
"Systems, Water Factory Systems, Water, Inc., Water Specialties, Water Quality Association, Water Quality Systems (6 letters), USFilter, West Coast Services (2 letters), Western Salt",1
"TBS, TNT and TRUTV",1
TEAM (Teaching Everyone That Animals Matter) United Animal Nations,1
TELACU Thai Community Development Center,1
TURN and the PUC,1
"Tahoe City Public Utilities District, Association of California Water Agencies",1
Tarzana Treatment CenteUnited Food and Commercial Workers Union,1
"Task Force, California Refuse Removal Council, California State Association of Counties, League of California Cities, Planning and Conservation League, Royal Medical Inc United",1
"Tax Reform Association, the League of California Cities",1
"Taxi Leasing, Inc. - Yellow/City Cab (Ventora, CA)",1
"Taxi Leasing, Inc.-Yellow/City Cab (Ventura, Calif.)",1
"Taxicab Paratransit Association of California, Cabco Yellow (Newport Beach), League of California Cities, Los Angeles Board of Taxicab",1
"Taxpayer Protection Committee, California Women",1
"Taxpayers Association, California Manufacturers and Technology Association, TechAmerica, California Grocers Association, BIOCOM",1
"Taxpayers Association, Computing Technology Industry Association, Hewlett",1
"Taxpayers' Association, Western Growers",1
"Teachers Association, Children's Advocacy",1
"Team Marine, Climate Action Santa Monica, Human Rights Watch Student Task Force",1
Teamsters Consumer Federation of California,4
"Teamsters Joint Council 42, Urban League of San Diego County",1
"Teamsters Public Affairs Council, Inglewood, United Food and Commercial Workers",1
"Teamsters, SAG-AFTRA",1
TechAmerica TechNet Silicon Valley Leadership Group,1
TechAmerica and the California Manufacturers & Technology,1
TechAmerica: California Manufacturers Technology Association,1
TechNet and CalChamber,1
"TechNet, California Chamber of Commerce, Entertainment Software Association, and California Manufacturers & Technology Association",1
"TechNet, Internet Association, CalChamber, Consumer Technology Association, and Civil Justice Association of California",1
Technet and the California Chamber of Commerce,1
Technical and Medical Publishers Thieme Publishers Wolters Kluwer Health Learning,1
"Technologies Assoc., Technichem, Inc., U.S",1
"Technologies Corp., Safety-Kleen, Inc., Surface",1
"Technologies Inc., Planning and Conservation",1
"Technology Association, Consumer Electronics",1
"Technology Association, Western States",2
"Technology, San Jose Mercury News, Praegitzer",1
Tehama County Nevada County,1
"Telecommunications & Internet Association, Cingular Wireless, Electronic Industries",1
Telecommunications Companies and the California Communications,1
Television |City of Lompoc |City of South San,1
Television |City of Manhattan |City of Sunnyvale,1
"Temecula Band of Luiseno Mission Indians, Pechanga: Reservation Tule River Tribal Council",1
Temescal Associates and the Learning in Afterschool & Summer Project,1
Tenants Together Western Center,1
Tenants?Seniors?Labor,1
Tenet Healthcare and Marin Healthcare District,1
Tenet and California Hospitals,1
"Testing, Park International Corp. (32 letters), Precision Installation Products, Inc., Pure",1
The ACLU and CA Attorneys for Criminal Justice,1
"The AMER-I-CAN Program Earl ""Skip"" Cooper II",1
"The American College of Obstetricians Estate Planning, Trust and Probate Law Section, the State",1
The Animal Council: The Rabies Challenge Fund,1
"The Apartment Association of Greater Los Angeles, the California Association of Realtors, and the Santa Barbara Rental Property",1
The Arc and United Cerebral Palsy California Collaboration: Area 4 Agency on Aging,1
"The Asian Americans for Civil Rights and Equality (AACRE) and the Asian American Center for Advancing Justice, a",1
"The Automobile Club of Southern California and AAA of Northern California, Nevada and Utah",1
The Automobile Club of Southern California and the AAA of Northern California,1
"The BRIDGE Community Center, Modesto California Community Economic Development Association",1
The Building Owners and Managers Association of California and the California Grocers Association,2
The Business/Government Council and Education Fund to End,1
The CPhA and CRA request the following amendments,1
"The California Adoption Alliance, C.A.R.E., State Bar Family Law Section, California",2
The California Applicants Attorneys and employment lawyers,1
"The California Association of Health Plans (CAHP), Association of California Life and Health Insurance Companies (ACLHIC), and America's Health Insurance Plans (AHIP) (collectively, ""health plans"")",1
"The California Association of Health Plans (CAHP), California Chamber of Commerce, Health Insurance",1
The California Association of Health Plans/ The Association of California Life and Health Insurance Companies/America's Health Insurance Plans,1
The California Association of Homes and Services for the Aging (CAHSA) and the California Association of Health Facilities have,1
The California Association of Joint Powers Authorities NAIFA California,1
The California Association of Realtors (CAR) and the California Business Properties Association,1
"The California Association of Realtors, the California Bankers",1
The California Attorneys for Criminal Justice and the California Public Defenders Association,1
The California Building Industry Association and the California Business Properties Association,1
"The California Catholic Conference and the California Right to Life Committee write in opposition, stating the bill encourages abortion as a part of reproductive health care",1
"The California Coalition on Workers' Compensation (CCWC), the CSAC Excess Insurance Authority (CSAC-EIA), and the California",1
The California Department of Education (CDE) and the California Teachers Association,1
The California District Attorney's Association: The Attorney General's Office,1
"The California District Attorneys Association, in part",1
The California Federation of Teachers and the State Building,1
The California Federation of Teachers and the State Building and Construction Trades Council,1
"The California Federation of Teachers, California Teachers",1
"The California Labor Federation, Service Employees International Union, California State Council, and United Food and Commercial Workers",3
The California Land Title Association (CTLA) and the California Escrow Association,1
The California Manufacturers & Technology Association and California Chamber of Commerce,1
"The California Medical Association, California Association",1
"The California New Car Dealers Association, CarMax, and the Independent Automobile Dealers Association",2
"The California Nurses Association (CNA), the California School Nurses Organization and the California",1
The California Nurses Association/National Nurses United (CNA),1
The California Peace Officers' Association (CPOA) and the California Narcotics Officers' Association write in,1
"The California Peace Officers' Association, the California Police Chiefs' Association, and the Nutritional",1
"The California School Boards Association, the California Association of School Business Officials, and the Small School Districts Association",1
The California Society of Industrial Medicine and Surgery (CSIMS) and the California Society of Physical Medicine and Rehabilitation (CSPMR),1
"The California State Association of Counties (CSAC) and the California Behavioral Health Directors Association (CBHDA), and the Urban",1
The California State Association of Counties (CSAC) and the California Mental Health Directors Association (CMHDA),1
"The California State Association of Counties, League of California Cities, and the American Planning",1
"The California State Association of Counties, the League of Cities, and the Regional Council of Rural Counties",1
"The California State Association of Counties, the Sheriffs Association, the Chief Probation Officers",1
"The California State Association of Electrical Workers, the California State Pipe Trades Council, and the Western Sates Council of Sheet Metal Workers",1
The California Teachers Association and the California,1
The California chapter of the National Electrical Contractors Association and the California Legislative Conference of the Plumbing,1
"The Child Abuse Prevention Center, Tuolumne County Superintendent of Schools",1
The Children's Partnership/Children Now/Children's Defense,1
"The Climate Reality Project: San Diego Chapter, San Francisco Bay Area Chapter, and Silicon Valley Chapter",1
The Commission on the Status of Women and the California Association of Nurse Practitioners,1
The Committee Opposed to Militarism and the Draft and the Friends Committee on Legislation of California,1
"The Committee of Bar Examiners of The State Bar of California, California Industrial Leadership Council, Glendale University College of Law",1
The Committee on Moral Concerns and the Traditional Values Coalition,1
"The Consumer Specialty Products Association, Clorax and The Sherwin Williams Company",1
The DOF and the board,1
"The Department of Managed Health Care (DMHC), the Association of California Life & Health Insurance Companies (ACLHIC), and the California Manufacturers and Technology",1
The Faculty Association of the CCC and the California Federation of Teachers both,1
The Foundation for Early Childhood Education: Union of Concerned Scientists,1
The German Shepherd Rescue of Orange County Tippedears Unchainedtv,2
The Governor's Office (Sponsor) Consumer Attorneys of California,1
The Governor's Office (Sponsor) Los Angeles County Probation Dept. Union,1
The Governor's Office Consumer Attorneys of California,1
The Governor's Office Los Angeles County Probation Dept. Union,1
"The Honorable Ed Chavez, Mayor, and the City Council of Stockton",2
The Impact Fund California for Justice Education Fund Californians for Justice Cati A. Okorie,1
The Impact Fund/Discrimination Research Center,3
"The Independent Physicians of Lakewood IPA, Alamitos IP, Brookshire IPA, St. Mary IPA",1
The Judicial Council and the CA District Attorneys,1
The Judicial Council and the District Attorneys Association,1
The Juvenile Diabetes Research Foundation and the Coalition,1
The League of California Cities and the California,1
The League of California Cities and the California State,1
The League of Cities and the state Association of Counties stated opposition to the previous version of this,1
The League of Women Voters of California Sierra Club California,1
The Media Coalition (on behalf of the following: American Booksellers Association),1
The Military Coalition including the following signatories,1
The National Center For Youth Law/Alliance For Children's Rights,1
"The National Center for Youth Law, Western Center",1
The National Writers Union Joe VanDerBox Illustration Legislative Action Coalition for Arts Education California Arts Advocates Various individuals,2
The Ocean Conservancy: The Nature Conservancy,1
The Outdoor Sportsmen's Lobby of California and the National Association of Firearms Retailers,1
"The Priory of Saint Francis, The Sovereign Military Order of the Temple of Jerusalem",1
"The Public Health Foundation Los Angeles County, Inc, San Francisco Community Clinic Consortium",1
The Retired Officers Association Veterans of Foreign Wars - Department of California,1
"The Riley Center (since amendment) State Bar, Family Law Section",1
The Salvadoran American Leadership and Educational Fund Unite-LA,1
"The San Diego, Southern California, and Central California Chapters of Associated Builders and Contractors",1
The School Energy Coalition and UndauntedK12,2
"The State Bar Family Law Section, the Judicial Council, Women Lawyers of Sacramento, Junior Leagues of California",1
The State Bar of California (co-sponsor)Harriett Buhai Center for,1
"The State Personnel Board, along with DOF",1
The State Sheriffs Association and the Police Chiefs,1
"The State Sheriffs'Association, the CA Association",1
The Teamsters and the California Labor Federation,1
The Teamsters and the California Labor Federation AFL-CIO,1
"The Thursday Group, Western States",1
"The Trust for Public Lands, UFCW Local 1428",1
"The University of Phoenix (UOPX), the California Coalition",1
"The University of Phoenix, Bridgepoint Education, California Coalition of Accredited Career Schools (CCACS), American",1
The Utility Reform Network Utility Workers Union of America,1
"The Utility Reform Network, Natural Resources Defense Council, California Environmental Voters, the Union of Concerned Scientists",3
"The Valley Group, which includes:: Sempra Energy, Kuebler, Prudhomme & Co",2
The Vanished Children's Alliance/State Board of Control,1
The Village Family Services United Advocates for Children and Families,1
The Western Center on Law and Poverty/ UFCW Western States Council,1
The Western Center on Law and Poverty/MAZON/Young Invincibles,1
"The Western Propane Gas Association, Clean Energy, Natural Gas Vehicles of America, Trillium, California Waste Haulers Council, and California Natural Gas Vehicle Coalition",1
The defense bar and the Prison Law Office (PLO),1
Thousand Oaks-Westlake Village Regional Chamber of Commerce Tomatina,1
"Three Valley's Municipal Water District, Association of California Water Agencies, Cucamonga Valley",2
Three Valleys Municipal Water District League of Women Voters,1
"Three Valleys Municipal Water District, Association of California Water Agencies, Metropolitan",1
"Three Valleys Municipal Water District, Tree People",1
Top Grade Construction: Western Stabilization,2
Tort Reform Consumer Attorneys of California,1
Tort Reform Sierra Club California,1
Toward Utility Rate Normalization Public Utilities Commission (TURN) Pacific Telesis Group,1
Toward Utility Rate Normalization Public Utilities Commission (TURN) Southern CA Gas Co,1
Town of Apple Valley UAW,1
Town of ColmaTown of Corte Madera,1
Town of Mammoth Lakes: Town of Truckee,1
Town of Windsor City of Santa Barbara,1
"Towns of Atherton, Los Gatos, and Windsor",1
Towns of Danville and Moraga,1
"Towns of: Apple Valley, Los Gatos",1
"Toxics Coalition, Sierra Club, The Bay",1
Trade & Commerce Agency and the City of Victorville,1
"Trade Coalition, Cosco Agencies (Los Angeles)",1
Trades Council CA Chamber of Commerce,1
Trails for Richmond Action Committee: Trust for Public Land,1
"Training and Education About the Middle East UNITE-HERE, AFL-CIO",1
"Transfer Facility, Inc., GreenWaste Recovery, Inc., Inland Empire Disposal Association, Los",1
"Transit Association, Cleaner Air Partnership",1
Transitions Clinic Network Trust South LA,1
"Transportation Authority, Sunline Transit",3
"Transporters, California Trucking Assn",1
Transyouth Liberation and Transfamily Support Services,1
"Treasurers and Tax Collectors, Federated Investors, Fidelity Investments, GE Capital",1
"Treatment Works Synagro Technologies, Inc",1
"Tree People, Tuolomne River Trust",1
"Tree People, Watershed Conservation Authority",1
Tri-City and County Cooperative Planning,1
Trial Courts Legislation CommitteeDistrict Attorney of Nevada County,1
"Tribes: Big Pine Paiute, Bishop Paiute, Lone Pine, Shoshone-Paiute, and Timbisha Shoshone Tribe of Death Valley",1
"Trinity Cathedral Church Ventura County Parents, Families and Friends of Lesbians and Gays",3
Trinity County Superior Court Judges John W. DeGroot and Paul R. Martin,2
Trinity Public Utilities District: Turlock Irrigation District,1
"Trust, Natural Resources Defense Council, Physicians for Social Responsibility, Planning and Conservation League, Sierra Club",1
"Trust, Natural Resources Defense Council, Public Citizen, Sierra Club, South Bay AFL-CIO",1
Tulare-Kings Hispanic Chamber of Turning Point of Central California,2
Tule River Tribal Council: Agua Caliente Band of Cahuilla Indians,1
Tuolumne City of Adelanto,1
Tuolumne County Contra Costa County Sheriff,2
Tuolumne County DA's Santa Clara County Board of Supervisors Donna Gerber,1
"Turlock Recycling, Scavenger, and Transfer",1
Turlock Scavenger Recycling and Transfer,1
Tustin Police Departments Sheriff-Coroner of Alameda County and of Monterey County Sheriffs of Sacramento County,1
"Typographical Sector, No CA Media Workers The California Teamsters Public Affairs Council",1
"U.S. Army, Marine Corps., Navy and Air Force",1
UC Office of the President and the California State University (CSU) Chancellor's Office,1
UC and USC,1
UC and the Academic Senate,1
UCLA Labor Occupational Safety and Health Program Unilever,1
"UDWAFSCME Local 3930, Warehouse Worker Resource Center, Inland Empire",1
"UNITE HERE! Local 30, Local 49, Local 483, and",1
"US-Japan-China Comparative Policy Research Institute-Visual: Artists Guild, Los Angeles",1
"USA, Gray Panthers California, Huntington Park",1
USC Family Caregiver Support Center/LA Caregiver Resource Center,2
USTelecom and CalBroadband,1
"Uber Technologies, Inc. and Lyft, Inc",1
Uber and Lyft,1
Underground Service Alert of Southern California Southern California Contractors Association,1
Underground Service Alert of Southern CaliforniaSouthern California Contractors Association,1
"Unified APCD, Vector Environmental, Inc., Weatherford U.S., L.P., Wegis Ranch, Western",1
"Unified School District, Silicon Valley Leadership Group, Southwest",1
"Unified School Districts of New Haven, San Leandro, Pleasanton and Castro",1
"Unified School Districts of:: Alameda, Oakland, Piedmont",1
"Unified School Districts: Grossmont High, Long Beach, Los Angeles, Oakland, San Diego, San Jacinto, and Ukiah",1
"Unified, Los Gatos-Saratoga High, Los Gatos Union, Menifee",1
"Unified, Romoland, San Diego, San Dieguito Union, San",1
"Union (ACLU), East Bay Community Law Center, and Parent Leadership Action",1
Union Roofing Contractors Assoc. United Contractors,1
Union of American Physicians & Ca State Employees Association,1
Union of American Physicians California Medical Association,1
Union of American Physicians and American College of Obstetricians and Gynecologists,1
Union of Concerned Scientists and Natural,1
Unions CONTINUED California Labor Federation,1
"United Assn of Journeymen & Apprentices of the Plumbing & Pipe Fitting Industry, Local Union 38, 114, 460 & 484",1
United Cannabis Business Association and the United Food and Commercial Workers,1
"United Cannabis Business Association, Long Beach Collective Association, and Coachella Valley Cannabis Alliance collectively",1
United Church of Christ (Northern California Conference) Diocese of San Bernardino,1
United Farmworkers Donya Fernandez,1
United Farmworkers Faye Kennedy,1
United Food & Commercial Workers Region 8 States Council United Here,1
United Food & Commercial Workers Western States Council Utility Workers Union of America,1
"United Food and Commercial Workers Union, West Angeles Community Development Corporation",1
"United Food and Commercial Workers Union, Western States Council : Unite Here",1
"United Food and Commercial Workers Union, Western States Council Worksafe",1
United Healthcare (UHC) and CAHP,1
United Hospital Association and Sharp Healthcare,1
United Nurses Associations of California/Union of Health Care Professionals Walgreens,1
United Nurses of California/Union of Health care Professionals California Teamsters,1
United Services Automobile Association Association of California Insurance Companies,1
United States Navy United States Marines,1
United Trustees Association and the California Mortgage Association,2
UnitedHealth/OptumRx,1
University of California Western Center on Law and Poverty Westside Center,1
University of California and CalPERS,1
University of California and California,1
University of California and California State University,1
University of California and MBC,1
"University of California, California State",1
University of San Diego California Trial Lawyers Association Professor Barnett,1
University of San Diego Consumer Attorneys of California Professor Stephen Barnett,2
University of San Diego School of Law Honorable Jackie Speier,1
University of Southern California Association of Independent California Colleges and Universities,1
"University, San Marcos Lambda Letters Project",1
Unknown San Diego County Bar Association (sponsor) State Bar's Conference of Delegates State Bar,1
Unknown San Diego County Bar Association State Bar's Conference of Delegates State Bar,1
"Unlimited, California Park and Recreation",1
"Upland Firefighter's Association, Local 3477: Sheriffs, Virginia R. Black, Yuba County",2
Upper Salinas - Las Tablas Resource Conservation District Veggielution,2
Urban Counties Caucus : Yolo County,1
Urban Counties Caucus Western Center on Law and Poverty California State Association of Counties Dayle McIntosh Center County of Orange,1
Urban Counties Caucus. Cities of: American Canyon,2
"Utilities Association, California Nurses",1
"Utilities Commission, Union Pacific Railroad",1
"Utility District, Gilroy Independence, League",1
"Utility District, Heal the Bay, International",1
"Utility District, League of California Cities, Natural Resources Defense Council, Physicians",1
"Utility District, Sierra Club, Coalition of organizations (See attached list), 160",1
Utility Reform Network (TURN) and the Allensworth Progressive Association,1
Utility Reform Network (TURN) and the California Large Energy Consumers Association are both,2
Utility Reform Network (TURN) and the Natural Resources Defense Council (NRDC) report they would,1
"Utility Workers Union of America, Region 5 Worksafe",1
VRBPAC and the ACIP,2
"Vallejo Neighborhood Housing Services, Inc., Valley Housing Foundation, Venice Community Housing Corp., West Hollywood Community Housing Corporation",1
"Vallejo, National Association for the Advancement of Colored People, Peace Officers Research Association of California, Rental Housing Association, St. Vincent's Hill",1
"Valley Air Pollution Control District, Imperial and Mexicali Clean Air Stakeholders, Latino",1
Valley Unity Peace Treaty Pacoima Elementary School,2
"Valley Wastewater Reclamation Authority, WateReuse Association, West Basin Municipal",1
"Valley Water District, Central Basin Municipal",1
"Valley Water District, East Bay Municipal",1
"Valley Water District, Save San Francisco Bay",1
"Valley Water District, Sierra Club California, Solid Waste Association of North America, 1",1
"Valley Water District, South Bayside System",1
"Valley Water District, Southern California MG",1
"Valley, La Habra, Hayward, Hemet, Huron, Irvine, Laguna",3
"Valley, Long Beach Area, Los Angeles Latino, Moorpark, Murrieta/Wildomar, Port Hueneme, Santa Monica, Santa Paula, Ventura, and Vietnamese American",2
"Valley, Newport Beach, Oakdale, Orange, Pasadena, Roseville, San Gabriel, Salinas, San Luis Obispo, Sonoma, Sonora, Stockton, Twin Cities (Police Authority), and Torrance",3
"Valleys Coalition, Siskiyou County, Siskiyou County Farm Bureau, Siskiyou",1
"Venoco, Inc.: Cummins West, Inc",1
Ventura Chapters American Association of Retired Persons American Nurses Association California,1
Ventura County Contractors Assn Bay Area Builders Exchange,1
"Ventura County Sheriff's Office, Yreka Police Officers Association",1
Vernon Chamber of Commerce Friends of Alameda Corridor,1
Veterans Caucus of the California Democratic Party Worksafe,1
Vice Chair California Cannabis Industry Association California Credit Union League,1
"Victims, Inc. (sponsor) California Newspaper Publishers Association",1
Victor Community Support Services and Victor Treatment Centers,1
Victor Valley Association of Realtors Pasadena-Foothills Association of Realtors,1
"Vietnam Veterans of America, Armed Forces Retirees Association of California, Air Force Sergeants Association, Military Order of the Purple",1
Vietnam Veterans of San Diego California Association of County Veterans Service Officers,1
Village Green Mobilehome Lapham Company,1
"Village, Western Boaters Safety Group, Dr",1
Violence Intervention Program: Women's Foundation,1
Violence Prevention Coalitions of Orange County and Greater Los Angeles,1
"Violence Project, California Medical",1
"Violence Project, The League of Women Voters",1
Violence SB 1340 (Solis and Alpert) Prevention Coalition of Greater Los Angeles,1
"Violence, California Department of Justice, Doris Tate Crime Victims Bureau, Contra",1
"Violence, Casa de Esperanza, Inc., Marin",1
Virgin Galactic & Virgin Orbit,1
Vision Service Plan Vision to Learn,1
"Vista Independent Cities Association Orange County Division, League of California Cities California Police Chiefs Association",2
"Voters for Choice. Women's organizations: American SB 1301 (Kuehl) Association of University Women (AAUW), California, San Jose, and Santa Cruz chapters",1
"Voters, CLCV Education Fund, California Natural",3
"Voters, California National Organization for",1
"Voters, Californians Against Waste, Center for",1
"Voters, City of Los Angeles & San Jose",1
"Voters, Clean Power Campaign, Natural Resources",1
"Voters, Coalition for Clean Air, Communities",1
"Voters, Concord, Central Contra Costa Solid",1
"Voters, Pacer Distribution Services, Inc., Planning and Conservation League, Sierra Club",1
"Voters, Planning and Conservation League (PCL)",1
WECA and PHCC,1
WHO and UNICEF,1
"WINGS For Battered Women and their Children, Monterey Peninsula YWCA, Women Shelter, Center for Domestic Violence Prevention, South Lake Tahoe Womenos Center, San Diego",1
"WMX Technologies, Laidlaw Environmental",1
"WRITTEN COMMUNICATIONS: IBM Corporation and MLC Group, Inc",1
Walnut Creek Contra Costa County Mayors' Conference County of Alameda Debora Allen,1
Washington D.C.Occidental Power,1
"Waste Association of North America, Waste",1
"Waste Authority, Clean Water Action, Environment California, Maywood, Pico Rivera, Planning and Conservation League, San Fernando, San Francisco, San Pablo, Santa Cruz County",1
"Waste Management Inc., Ca Landscape Contractors Assoc., Ca Forestry Assoc., League of California Cities, and Construction Industry Leg. Council",1
"Waste Management Task Force, League of California Cities, Cities of Helmet, Merced, Rosemead, Southern California Association of Governments",1
"Waste Management Task Force, Sierra Club California",1
"Waste Management, Safety-Kleen, Evergreen",1
"Waste Management, Safety-Kleen, Evergreen Environmental Services and Romic Environmental Technologies",1
"Waste Systems, Inc. Republic Services, Inc., Planning and Conservation League, Sacramento",1
"Waste Systems, Sanitation Districts of Los",1
"Waste, California Communities Against Toxics, California Environmental Rights Alliance, California Safe Schools, Center for",1
"Waste, California State Association of Counties, Environmental Entrepreneurs (E2), City and County of San Francisco",1
"Waste, Center for Environmental Health, Planning and Conservation League, Santa Clara",1
"Waste, Center for Safe Energy, Grandmothers for",1
"Waste, Community Recycling and Resource",1
"Waste, Inc., As You Sow, Californians Against",1
"WateReuse, Sierra Club, League of California Cities",1
WateReuse. Big Bear Airport District,1
"Water (5 letters), Rayne Water Conditioning (46 letters), Richetti Water Conditioning Systems (4 letters), Smart Systems, Special T Water",1
"Water Action, Community Environmental Council, Defenders of Wildlife, Environmental",2
"Water Agency, Western States Petroleum",1
"Water Association, San Gabriel Valley Water Association",1
"Water Centers, Purified Water Systems (3 letters), Quality Home Products (3 letters), Quality Water Engineering, Inc., Rain Soft, Randazzo's Water Conditioning, Rayne Quality",1
"Water Company, Sierra Club California",1
"Water Department, Los Angeles, Roseville, Metropolitan Water District of Southern",1
"Water District of Southern California, Pomona-Walnut-Rowland Joint Water Line Commission, Public",1
"Water District, El Dorado Irrigation District, Monte Vista Water District, Placer County Water",1
"Water District, Industry Manufacturers Council",1
"Water District, Inland Empire Utilities Agency, Metropolitan Water District of Southern California, Palmdale Water District, San Gabriel Valley Water",2
"Water District, San Dieguito Water District, San Gabriel County Water District, Scotts",1
"Water District, Sierra Club California",1
"Water District, Sierra Club-California",1
"Water District, Solid Waste Association of North America",1
"Water Districts of: Biggs-West Gridley, Borrego, Calleguas",1
"Water Products, Inc., AQUA 2000, Aquion Limited",1
"Water, Environmental Working Group, Greenaction",1
WaterKeepers: Contra Costa Resource Conservation District,2
"Watereuse, Planning and Conservation League",1
"Waters of North America, Glacier Water, Greater",1
"Waters, Center for Marine Conservation, E",1
"Wax & Sons, Shaklee Corp., Simi Valley Chamber",1
WebTrafficSchool.com InstantTrafficSchool.com,2
"Wesley School, Westmark School",1
"West Coast Protective League, Glass Molders, Pottery, Plastic International Union",1
West Covina San Bernardino County Sheriff's Department California Peace Officers' Association California Police Chiefs' Association Sacramento County Deputy Sheriffs' Association,1
West Hollywood Community Housing Corporation Westside Regional Center,1
West Hollywood League of CA Cities,1
Westchester/LAX AB 1882 (Frommer) Marina del Rey Chamber of Commerce,1
"Western Agricultural Processors Association California Dairies, Inc",1
Western Center on Law & Poverty CA Mobilehome Parkowners Alliance,1
Western Center on Law & Poverty and Children Now,1
Western Center on Law & Poverty and Justice in Aging,2
Western Center on Law & Poverty and the California Rural,1
"Western Center on Law & Poverty, Inc./ Children's Defense Fund",1
"Western Center on Law & Poverty, the Mexican American Legal Defense and Education Fund",1
Western Center on Law & Poverty: Young Survival Coalition,1
Western Center on Law & poverty AARP California,1
Western Center on Law and Poverty Young Minds Advocacy,1
Western Center on Law and Poverty and California Pan-Ethnic Health Network write,1
Western Center on Law and Poverty and California Rural Legal Assistance Foundation,1
Western Center on Law and Poverty and Health Access California,1
Western Center on Law and Poverty and Health Access California write,1
Western Center on Law and Poverty and Justice in Aging,1
"Western Center on Law and Poverty, Justice in Aging, and Disability Rights California",4
Western Center on Law and Poverty/California Association of Food Banks/The Jacobs & Cushman San Diego Food Bank,1
Western Center on Law and Poverty/Los Angeles Regional Reentry Partnership/CWDA/Reboot &Rebound Reentry Advocates/Ella Baker Center for Human Rights,1
Western Center on Law and Poverty/Youth Justice Coalition/Center on Juvenile and Criminal Justice/PolicyLink/ Lawyers' Committee for Civil Rights of the San Francisco Bay Area/East Bay Community Law Center,1
Western Center on Law and PovertyBay Area Legal Aid,1
Western Diocese/Armenian General Benevolent Union,1
Western Electrical Contractors Association: Western Wall & Ceiling Contractors Association,1
Western Fairs Association NEUTRAL: San Mateo Couunty Expo,1
Western Mobilehome Association American Association of Retired,1
Western Mobilehome AssociationAmerican Association of Retired,1
Western Mobilehome Parkowners AssociationConsumer Attorneys of California,1
Western Municipal Water District Cities of : Arcadia,1
"Western Municipal Water District, Riverside County: California Association of Sanitation Agencies, Peace Officers Research",1
"Western Painting & Coating Contractors Association, Western Wall & Ceiling Contractors Association",1
Western States Council of Sheet Metal Workers State Controller's Office,1
Western States Council of Sheet Metal Workers Worksafe,2
"Western States Council of Sheet Metal Workers, International Union of Elevator Constructors",1
"Western States Petroleum Assn., California Chamber of Commerce, California Manufacturers' Assn., Metropolitan Water District, Solar Turbines, Lam Research Corp",1
Western States Petroleum Association Associated General Contractors of California,1
Western States Petroleum Association Hughes Electronics Northrop Grumman: Intel Corporation,1
Western States Petroleum Association SEECalifornia Coalition,1
"Westlake Village Homeowners Assoc., WRAP Family Services",2
Westside Cities Council of Governments. Cities of Arcardia,1
"Wetlands Interpretive Association, Wildcoast",1
White People 4 Black Lives. Women's Foundation of California,1
Whitman Breed Abbott and Morgan Haight Ashbury Free Clinics,1
Whittier Central District Development Agency of Bakersfield ABC Unified School District Krausz Companies Lake Merritt Plaza Cerritos Senior Housing S.C. Enterprises Senior Living Communities Goldrich & Kest Industries,1
"Wilderness Society, The Wishtoyo Chumash Foundation",1
"Williams Company, Silicon Valley Manufacturing",1
"Wilson Group, The, Yolo Audubon Society",1
Windsor City of Arcata Councilmember,5
Windsor Fire Protection District National Electrical: Manufacturers Association,3
Winters County of Mendocino Cucamonga Valley Water District Humboldt Bay Municipal Water District John F. Murray,1
Wishtoyou Foundation/Ventura Coastkeeper,1
Women Against Gun Violence Americans for Gun Safety Legal Community Against Gun Violence Trauma Foundation,1
Women Against Gun Violence San Bernardino County Sheriffs Trauma Foundation,1
Women Against Gun Violence' Women for American Values and Ethics,1
Women Lawyers Association of Los Angeles Institute for MultiRacial Justice Joe Affeldt,1
Women on Bikes California & the Pedal Love Project,1
"Women's Energy Matters: Windland, Inc., The City of San Diego",1
"Women, Los Angeles, Natural Resources Defense",1
"Workers Local 5, USA Cab Ltd. (San Diego), Yellow Checker Cab Company, Inc. (San Jose), Yellow Cab Cooperative (San Francisco)",1
"Worksafe, Inc., and Youth Law Center",1
World Health Orgnization and UNICEF,1
YMCA of Greater Long Beach Berkeley-Albany YMCA,1
YOUTH LAW CENTECA ASSOC OF HOSPITALS & HEALTH SYSTEMS,1
YWCA (Glendale) YWCA - Wings (West Covina),1
Yale and Rochester Institute of Technology,1
Yolo County Office of Education/Davis Unified School District,1
Yolo Regional Council of Rural Counties Urban Counties Caucus,1
Yorba Linda Orange County Fire Authority,1
Yorba Linda Water District Assoc. of CA Water Agencies City of Santa Barbara Santa Barbara County Treasurer-Tax Collector,1
Yorba Linda Water District. American Federation of State,1
Yorba Linda Water District. Cities of Alhambra,1
Yorba Linda Water Districts: Santiago County Water District,1
Young's Market Company and by Southern Wine and Spirits of California,1
Youth and Family Coalition California State Association of Counties County of Santa Clara,1
Yuba City Cities of: Arroyo Grande,1
Yuba City League of CA Cities Los Angeles Division,1
"Yuba-Sutter Disposal, Inc. and numerous other cities and private businesses",3
Yucaipa City/County Association of Governments of San Mateo County City/County of San Francisco Community Media Access Partnership County of Contra Costa,1
Yucaipa Contra Costa County Police Chiefs Association Director of Public Safety,1
Yucaipa County of Orange League of CA Cities League of CA Cities,1
Yucaipa. Counties of: Monterey,2
"Yurok Tribe, Klamath Water Users Association",1
"Yurok Tribe, Pechanga Band of Mission Indians, and Bear River of the Rohnerville Rancheria",1
"ZUMAR Industries, Inc. Roderick A. Campbell",1
"Zone 7 Water Agency, Dublin San Ramon Services District, Roz",1
"Zone, San Joaquin Partnership,Tehama Local Development",1
Zoozero Media/Active,1
a broad coalition of business advocates including the Chamber of Commerce and the Civil Justice association of California (CJAC) and the California Bankers Association,1
a coalition of organizations representing affected licensees including the American Institute of Architects and the California Land Surveyors Association,3
"a coalition of trade groups including CalChamber, TechNet, Civil Justice Association of California, Software Association, and American Association of Advertising Agencies",2
amalgamated Transit Union United Transportation Union American Federation of State,3
both Regional Notification Centers - USA North 811 and DigAlert,1
both the Judicial Council and Courtcall,1
chemical and product manufacturers and the California Chamber of Commerce,1
coalition of affordable housing advocates including Circulate San Diego,2
"coalition of employer associations, including the California Chamber of Commerce",2
"coalition of privacy and civil liberties advocacy organizations consisting of ACLU California, Electronic Frontier Foundation, Media Alliance, and Oakland Privacy",2
"coalition of trade groups including CalChamber, TechNet, Civil Justice Association of California, Software Association, and American Association of Advertising Agencies",2
days |days,1
"division of Kelly-Moore Paint Co, Inc., California Refuse Removal Council, Solid Waste",2
drug manufacturers and the Chamber of Commerce,3
"environmental defense, Friends of the Sea",1
"for Alternatives to Toxics, Environmental",1
"for Environmental Health, Consumer Attorneys of California, Planning and Conservation League, Sierra Club California",1
"for Health and Environmental Justice, Healthy",1
"for Humanity, Ralphs/Food4Less, Rural",1
"for Pesticide Reform, Environmental Working",1
"for Women, El Dorado Womenos Center, Haven",1
"for a Better Environment, Contra Costa Water",1
"for a Better Environment, Global Technologies, LLC, Hangers Cleaners, National Environmental",1
for the Advancement of Colored People The Network,1
"for the Aging, Cebe Poultry Breeding Farm and Hatchery, Cimms, Inc., Cummins Cal Pacific, Cummins West, Engine Manufacturers Association, Viking Components",1
"for the Aging, Community Residential Care Association of California, Hillcrest, Sierra View Homes",1
"for the Well Being of Earlimart, Fresno Metro",1
innocence projects operating at the California Western School of Law and Santa Clara University Law School,1
local government entities from the Orange County region and the California State Outdoor Advertising Association,2
mgmt2go: Copeland's Sports,1
"of America, Vietnam Veterans of America, and National",1
of Bankers and the California Association of Realtors,1
"of California Cities, Marin County Board of Supervisors, Palo Alto, Roseville, Sacramento",1
"of California Cities, Monterey-Salinas Transit, Surface",1
"of California Water Agencies, California",1
"of California, Forests Forever, Planning and Conservation",1
"of California, Hewlett-Packard Company, Waste Management, Inc",1
"of California, Lideres Campesinas, MOMS-Making",2
"of California, Rentals Limited, Santa Clara",1
of Commerce Personal Insurance Federation of CA,1
"of Commerce, CA Council for Environmental & Economic Balance, CA Independent Oil Marketers",2
"of Commerce, California Cleaners Association, Howard Jarvis Taxpayers Association, 11",1
"of Commerce, California Manufacturers Association",1
"of Commerce, California Manufacturers and Technology Association, California Trucking",1
"of Commerce, Soap and Detergent Assoc., Solvay",1
"of Commerce, Toyota Motor Sales, USA, Inc., Western States Petroleum Association",1
"of Conservation Voters, Californians for",1
"of Conservation Voters, Center for Marine",1
"of Conservation Voters, Clean Water Action, Committee to Bridge the Gap, Concerned Citizens",1
"of Counties, City and County of San Francisco",1
"of Education, Sierra Club California, Superintendent of Public Instruction",1
"of Labor AFL-CIO, Meridian Landscaping, Inc., SEIU Local 39, T.H. Landscape, form letters (68)",1
"of Mountain View, ALZA Corp",1
"of Pesticides, Guayaki Sustainable Rainforest",1
of Sacramento Cabrillo Economic Development Corporation,1
"of Sanitation Agencies, California Cattlemen's",1
"of Sanitation Agencies, Towns of Danville and Moraga, City",1
"of Scientists, Susana Knolls Homeowners",1
"of Social Workers, County Welfare Directors",1
"of United Cerebral Palsy Associations, California League of Conservation Voters, California Nurses Association, California",1
"on state civil service employees in the Chancellor's Office, the California State Employees Association and the Service",1
pharmaceutical manufacturers and the Chamber of Commerce,1
ports of Hueneme and Oakland,2
ports of Stockton and West Sacramento,1
s Metals Sage County Recycling Save the Earth Recycling S.L.V. Redemption Recycling Centers SOS Recycling Vaca Recycling Waste Management,1
s Recycling Rob's Recycling Rudy 39,1
several environmental advocacy organizations and both the Center for AI and Digital Policy and the Transparency Coalition,1
several industry groups and Cal- Tax,1
several industry groups and the California Taxpayers' Association,1
several major law enforcement organizations and the League of California Cities,1
several police and sheriffs organizations and by the California State Association of Counties,1
several veteran's organizations and the California Assessors' Association,1
sponsor CalPERS Board of Administration (CalPERS) California Retired Teachers Association (CalRTA) Service Employees International Union,1
sponsor PERS Retirement Betterment Committee Inc. Regional Council of Rural Counties (RCRC),1
the Advancement of Colored People Charter Communications,1
the Advancement of Colored People Coastwalk California,1
"the American GI Forum of California, American Legion-Department of California, AMVETS-Department of California, California Association of County Veterans Service Officers, California State Commanders Veterans Council, National Guard Association of California, and the Vietnam Veterans of America-California State Council",1
the American Herbal Products Association and the Natural Products Association (NPA),1
the Association of California Life and Health Insurance Companies (ACLHIC) and America's Health Insurance Plans (AHIP),1
"the Bay, Sierra Club California, The Ocean",1
the California Association of Oral and Maxillofacial Surgeons and California Society of Anesthesiologists,1
the California Clinical Laboratory Association and the Cytogenetics Laboratory,1
the California Manufacturers Association and the Association of California Life and Health Insurance Companies,1
the Catholic Center for Restorative Justice and the Friends Committee,3
the Catholic Conference and the Friends Committee,2
the Earthjustice Jobs to Move America,1
the Environment |City of Laguna Niguel |City of Sausalito,1
the Environment |City of Lake Forest |City of Scotts Valley,1
the Hadassah Hias,4
the League of California Cities and California State Association of Counties,1
the Mayo Clinic and the University of Iowa,1
the Nature Conservancy and Pacific Forest Trust,1
the Netchoice Self-driving Coalition for Safer Streets,1
the Redrover San Diego Humane Society and Spca,1
"the Reserve Officers Association American Legion, Department of California National Association of Social Workers Swords to Plowshares Veterans of Foreign Wars Veterans United for Truth, Inc",1
"to Pesticides, Organic Consumers Association, Pacoima Beautiful, People for Children's Health",1
to prior versions of the bill: AT&T California Association of Competitive Telecommunications Companies (CALTEL),1
AIDS Emergency Fund/Breast Cancer Emergency Fund,1
"AIDS Healthcare Foundation, Saint Francis Center, San Mateo County",1
"AIDS Healthcare Foundation, the Health Officers Association of California",1
"AMVETS, Department of California, California Association of County Veterans Service Officers",1
Department of California California Association of County Veterans Service Officers,1
"AMVETS-Department of California, California Assessors' Association",1
"Advisory Committee, and Water Resource Advisory Committee",1
"Alameda Corridor-East Construction Authority, American Council",1
Alameda Family Justice Center and Alameda County District,1
"Alliance of Automobile Manufacturers, California Motor Car Dealers Association",1
"American Association of Retired Persons, Sunnyvale Mobile Home Owners Advisory Council, 6",1
American Career College and West Coast University,1
American Career College / West Coast University,1
"American Chemistry Council, California Chamber",1
American Heart Association and California Chronic Care Coalition,1
"American Institute of Architects-California Council, California Retail Air Quality Coalition",1
"American Institute of Architects-California Council, Harbor Association of Industry and Commerce",1
"American Jewish Committee Los Angeles, Asian Pacific American Legal Center",1
"American Legion-Department of California, AMVETS Department of California",1
"American Lung Association, Environmental Defense Fund, South",1
"American Physical Therapy Association, Arthritis Foundation",1
"American Planning Association, Bay Area Council",1
"American Planning Association, California Chamber",1
Americans United for Separation of Church and State Anti-Defamation League,1
Anaheim Ducks Hockey Club and Honda Center,1
"Apartment Owners Association of California, California Taxpayer Protection Committee",1
Association and the Regional Council of Rural Counties. There is no,1
"Association of California Hospital Districts, Beach Cities Hospital District",1
"Association of Counties, County of Orange",1
"Association of Regional Center Agencies, California Coalition of United",1
"BOE Member Fiona Ma, California Manufactured Home Institute, Golden State Mobile Home Owners League",1
"BOE Member Fiona Ma, California Society of Certified Public Accountants, California Taxpayers Association",1
"Barbara County, Orange County, Pomona Valley, Sacramento, San Diego County, Research Institute, Stanley Foundation",1
"Bay Area Air Quality Management District, California Council for Environmental and Economic Balance",1
"Bay Area Council and Urban League, Inc",1
Bear Valley Community Service District and Kensington Community Service District,1
"Beverly-Wilshire Home Owners Association, Westside Civic Federation",1
"Boeing, California Association of Realtors , California Healthcare Institute",1
"Buckeye Conservancy, The California Farm Bureau Federation",1
CAHSAH/Home Care Association of America/Maxim Health Care Services/ Home Instead Senior Care,1
"CAMEO Network, Responsible Business Lending Coalition, Small Business Majority",1
"CR&R Waste Services, Southern California Contractors Association",1
"California Air Pollution Control Officers Association, Environmental Defense Fund",1
"California Alliance of Academics and Communities for Public Health Equity (public Health Institute), and California State PTA",1
California Association for Independent Living Centers and Traumatic Brain Injury Services of California,1
"California Coalition for Rural Housing, California Rural Legal Assistance Foundation, Home",1
California Coastkeeper Alliance and The Otter Project,1
"California Defense Community Alliance (San Diego Military Advisory Council, Monterey Bay Defense Alliance, Beale Military Liaison Council, China Lake Alliance, Regional Defense Partnership for the 21st Century)",1
"California Energy Commission, California Chamber",1
"California Faculty Association, Coalition for Humane Immigrant Rights, and Mexican American Legal Defense & Educational Fund",1
"California Municipal Utilities Association, Sacramento Municipal Utility District",1
"California Newspaper Publishers Association, First Amendment Coalition",1
"California Pan-Ethnic Health Network, California Physicians Alliance",1
"California Partnership, The California Rural Assistance Foundation",1
"California Public Defenders Association, California State Council of Service Employees International Union",1
"California Public Defenders Association, Sister Warriors Freedom Coalition",1
"California Public Securities Association, Coalition for Adequate",1
California Radiological Society (CRS) and the California Society of Pathologists (CSP),1
"California Refuse Removal Council, Republic Services, Waste",1
"California Reinvestment Coalition, California Society of Enrolled Agents",1
"California Retailers' Association, California Taxpayers",1
"California Right to Life Committee Inc., Department of Finance",1
"California Rural Legal Assistance Foundation, California Farm Bureau Federation",1
"California Rural Legal Assistance Foundation, Coachella Valley Housing Coalition, Farmers Home",1
"California Rural Legal Assistance Foundation, Department of Housing and Community Development, Western",1
"California Society of Certified Professional Accountants, California Taxpayers Association",1
"California Society of Enrolled Agents, California Taxpayers",1
"California State Council of Laborers, International Code Council",1
"California State Pipe Trades Council, Coalition of State Rheumatology Organizations",1
"Calpine Corporation, California State Association",1
"Capital Asset Research Corporation, California Chamber",1
"Center Municipal Water District, Vista Irrigation District, Yuima Municipal Water District",1
Center and Providence Holy Cross Medical Center,1
Center for Law and Social Policy/The National Women's Law Center,1
The Center for Law and Social Policy/The National Women's Law Center,1
"California Innocence Coalition: Northern California Innocence Project, Loyola Project for the Innocent",1
"California State Council of Laborers, International Code",1
California Funeral Directors Association and SCI,1
"Center for Food Safety, The Center for Land-Based Learning",1
"Chamber of Commerce, Mountain View Chemical Industry Council of California",1
"Chamber of Commerce, Western States Petroleum Association",1
"Chamber of Commerce, the California Farm Bureau and the California",1
"Chamber of Commerce: Carlsbad, Chico, California, Garden Grove, Greater Bakersfield, Greater Coachella Valley, Greater Conejo Valley, Greater Escondido, Greater High Desert, La Verne, Livermore Valley, Long Beach Area, Murrieta Wildomar, Oceanside, Redding, Redondo Beach, San Pedro, South Bay Association, Torrance, Vista, and Walnut Creek",1
"Child Abuse Prevention Center, Howard Jarvis Taxpayers",1
Children's Advocacy Institute and Dependency Legal Services,1
Children's Advocacy Institute and National Center for Youth Law,1
"Children's Legal Services of San Diego, Children's Advocacy Institute",1
"Children's Partnership, the Dependency Advocacy Center",1
"Chinese Christian Alliance, Chinese New Life Zion Church",2
"Christian Alliance, Chinese New Life Zion Church",1
"City and County of San Francisco, Association of Regional Center Agencies, Clean Water Action",1
"City of Berkeley, California Tax Reform Association",1
"City of Corona Department of Water and Power, The Coachella Valley Water District",1
"City of Dublin, East Bay Regional Park District",1
"City of Emeryville, Emery Unified School District",1
City of Folsom Parks & Recreation District Director Robert Goss,2
"City of Fullerton, Santa Cruz County Regional Transportation Commission, Sierra",1
"Nelson Esparza Fresno City Council, District 7",1
"City of Lakeport, Lake County Board of Supervisors, Midtown Area Merchants Association, Sonoma County Board of Supervisors, Yolo County Board of Supervisors",1
"City of Lincoln, League of California Cities",1
"City of Los Altos Residents Los Angeles County Division, League of California Cities",1
"City of Los Angeles, Northcoast Advocacy Services",1
"City of Mission Viejo, Orange County Transportation Authority",1
"City of Morgan Hill, Napa County Regional Park and Open Space District",1
City of Oakland and Department of General Services,1
City of Oakley Redevelopment Agency,1
City of Oakley and Oakley Redevelopment Agency,1
"City of Orinda, Community Associations Institute - California Legislative Action Committee, Expedia",1
City of Pomona and the Pomona Redevelopment Agency,1
"City of Redondo Beach, City Of Sacramento",1
"City of San Diego, Louisiana-Pacific Corporation",1
"City of Simi Valley, Regional Council of Rural Counties",1
"City of South Pasadena, No 710 Action Committee",1
"City of Stockton, Los Angeles County Business Federation (BIZ-FED)",1
"City of Victorville, County of Riverside",1
"City of Willows, Great Oaks Water Company",1
"Climate Center, the Collins Farm, the Contra Costa Resource Conservation District",1
Council of Acupuncture and Oriental Medicine Associations Association of Korean Oriental Medicine and Acupuncture of California Benjamin E. Dierauf,1
"County Hospitality Association, Pasadena Convention and Visitors Bureau",1
"County Probation Officers Union, Riverside Sheriff's Association",1
"County of Alameda, City of Emeryville",1
"County of Los Angeles Public Library, Public Services Assistant Director, Barbara S. Custen",1
"County of Los Angeles, Association of California",1
"County of Los Angeles, Gordian Group",1
"County of Merced, Castle AFB Joint Powers Agency",1
County of Orange University of California Graduate and Professional Council,1
"County of Riverside, City of Menifee",1
"County of Sacramento, Transportation Agency of Monterey",1
County of San Bernardino and the City of Upland,1
"County of San Diego, Howard Jarvis Taxpayers Association",1
"County of San Diego, San Diego Regional Chamber",1
"County of San Mateo, Ministry Services of the Daughters of Charity of St. Vincent De Paul",1
"County of San Mateo, Ministry Services of the Daughters of Charity of St. Vincent De Paul, Saint Francis Center",1
"County of Siskiyou, Friant Water Authority, Nipomo Community",1
"County of Ventura, California Air Pollution Control Officers Association and South",1
"County of Ventura, California Association of Environmental",1
"County of Ventura, and the City of Albany",1
DEFISAL Foundation and the Organizing Committee of the Salvadoran Independence Parade & Festival,1
"Department of Housing and Community Development, and Sunnyvale Mobile Home Owners Advisory Council",1
"District, Rainbow Municipal Water District, Rincon del Diablo",1
Downtown Business Association & Downtown Bakersfield Development Corporation,1
"Drug Policy Alliance, League of California Cities, Marijuana",1
Education Fund and Faire Chance Project,1
"El Dorado County Taxpayers for Quality Growth, Environmental Planning and Information Council Inc., four",1
FACTS Education Fund and Faire Chance Project,2
"First American Corporation, The Internet Commerce Coalition",1
"Force, Regional Council of Rural Counties, Ventura Council of Governments, Solid Waste",1
"Forest Products Industry National Labor Management Committee, Regional Council of Rural Counties",1
"Friant Water Authority, Valley Ag Water Coalition",1
"Fund for Animals Wildlife Center, The Fur Free Society, Inc",1
"Governments, League of California Cities, City of Covina",1
"Growers Association, California Farm Bureau Federation, California Grape",1
"Human Society of the United States, the Humane Society of the United States, The International Bird Rescue",1
Jewish Community Relations Committee and the Jewish Public Affairs Committee of California,1
Jewish Public Affairs Committee and Jewish Community Relations Council,1
"League of California Cities, City of Los",1
"League of California Cities, City of Moreno",1
"League to Save Lake Tahoe, The Midpeninsula Regional Open Space District",1
"Legal Aid Society-Employment Law Center, Legal Services for Prisoners with Children",1
Long Beach Collective Association and Coachella Cannabis Alliance Network,1
"Los Angeles County Board of Supervisors, the Mental Health Services Oversight and Advisory Commission",1
Management District and the American Lung Association,1
"Marin Humane Society, The Ohlone Humane Society",1
"Maritime Alliance, The San Diego Fishermen's Working Group",1
"Mojave Water Agency, Association of California Water",1
"Motorcycle Industry Council, Inc., Moving and Storage Association",1
"Motorcycle Industry Council, Inc., Specialty Vehicle Institute of America",1
"Municipal Utility District, Association of California Water",1
"Mustang Project, The Oceanic Preservation Society",1
"Northern California Innocence Project, California Innocence Project, Loyola Project for the Innocent",1
"ONE Company, Peoples' Self-Heal Housing Corporation",1
Occidental Arts & Ecology Center - California Climate & Agriculture Network,1
"Officers, California State Commanders Veterans Council, and National Guard Association of California",1
"Orange County Press Club, Radio Television Digital News Directors Association",1
"Orange County Transportation Authority, Metropolitan Transportation Commission",1
Mendocino County Youth Project and Mendocino Family and Youth,1
"Societies, Congress of California Seniors, Consumers Union, Latino Issues Forum, California Department of Consumer Affairs",1
"Society of San Francisco, Employment Law Center",1
"South Bay Irrigation District, Sweetwater Authority",1
"Southern California Society of Radiation Therapists, National University",1
"State of California Auto Dismantlers Association, Surfrider Foundation",1
"The AICCU, the California Biomedical Research Association, Stanford University, and the University of Southern California (USC)",1
The American College of Obstetricians and Gynecologists and the American Society for Reproductive,1
The American Institute of Steel Construction and the National Steel Bridge Alliance,1
"The Apex Group, East Bay Municipal Utility District",1
"The Asian Pacific American Legal Center, the California Council for the Blind, the California Foundation",1
"The California Bankers Association, the California Chamber",1
"The California Minority Alliance, Union de Guatemaltecos Emigrantes",1
The California State Association of Counties and the County of Los Angeles,1
"The California State Association of Electrical Workers, California State Pipe Trades Council, and Western States Council of Sheet",1
"The Judicial Council, The Riley Center",1
"The Regional Council of Rural Counties (RCRC), the California Special Districts Association (CSDA), and the California State",1
"The Threadneedle Insurance Company Limited, Through Transport Mutual Insurance Company (U.K.)",1
Town of Los Gatos and City of Monte Sereno,1
"Underground Scholars Initiative At the University of California, Irvine University of California, Irvine School of Law Consumer Law Clinic",1
"Unified School District, Wiseburn School District",1
American Institute of Steel Construction & the National Bridge Alliance,1
"Otter Project, the Resources Legacy Fund",1
Pacific Institute for Women's Health and Pharmacy Access Partnership,1
"Palsy - Spastic Childrenos Foundation, American Association of Retired Persons, California Advocates for Nursing Home",1
"Parent Company, The San Francisco Cannabis Retailers Alliance",1
"Paw Project, The Peace and Freedom Party of California",1
"Paw Project, The Physicians Committee For Responsible Medicine",1
"Paw Project, The Project Coyote",1
"Protection, Department of Parks & Recreation, and Department of Water Resources",1
"Railway Company, California Short Line Railroad Association, Union Pacific Railroad Company",1
"Rape, Commission on the Status of Women, State Public Affairs Committee of the Junior",1
Roy Curtis Marcum Foundation and Humane Society of the United,1
"Safe Routes to School National Partnership, California Pan-Ethnic Health Network",1
"San Joaquin Farm Bureau, South Delta Water Agency",1
Savannah College of Art and Design and Park University,1
Sempra Energy and Its Affiliates: San Diego Gas & Electric Company and Southern California,1
"Sempra Energy and its affiliates: San Diego Gas & Electric Company, Southern California Gas Company",1
"Service Contract Industry Council, Motor Vehicle Protection Product Association",1
"Service Employees International Union (SEIU), SF LGBT Center",1
Service Workers International Union and the California Homecare Council,1
Shen Win Chinese Institute and the Lotus Foundation,1
"University, Northridge Center for Community-Based Learning, San Diego State University",1
"Urban Wildland Group, The Vet Voice Foundation",1
"Vallejo Neighborhood Housing Services, Inc., Valley Housing Foundation, Venice",1
"Valley Council, Scouts of America Orange County Council",1
"Vehicle Association, San Diego Off Road Coalition, American",1
"Veterans Advisory Council, California Association of County Veterans Service Officers, Inc., California State Commanders -Morrow",1
"Veterans Services Officers, the California Department of the American",1
"Washington Township Health Care District, Association of California Healthcare Districts",1
West Berkeley Alliance for Clean Air and Wilmington Improvement Network,1
"Wildlands Conservancy, The Wildlife Emergency Services",1
"Workers, California State Pipe Trades Council, the Western States Council",1
Yolo County Children's Alliance and Child Abuse Prevention,1
Yolo County Children's Alliance and Child Abuse Prevention Council,1
California Narcotics Officers Doris Tate Crime Victims Bureau Orange County Chiefs' and Sheriff's Association Neil J. Purcell,1
California Nurse Association/National Nurses Organizing Committee (CAN/NNOC),1
"City of Poway, Rails to Trails Conservancy",1
District and the Etna Union High School District (districts),1
Health Care Services and the Department of Social Services can more,1
Healthcare Association and the Alliance of Catholic Health,1
Jago Bay Mutual Water Company and Home Owners' Association,1
"Sacramento Municipal Utilities Association, Sacramento Municipal Utility District",1
"University of California San Diego, Veterans Affairs Medical Center",1
"University of California, San Francisco VA Medical Center",1
Ti'at Society/Traditional Council of Pimu,1
SNAP INC. Institute for Technology & Education - California State University Dominguez Hills,1
"Womenos Alternatives, Haven Womenos Center, wisconsin Coalition Against Domestic",1
"Western Center on Law and Poverty, Justice in Aging, and Disability Rights California to raise the income level of the A&D FPL Program to 138% FPL, creating a ""bright line"" of income eligibility",2
"Western Center on Law & Poverty and Justice in Aging, who note Medi-Cal plays a crucial role in providing mental health services in California",1
Vacaville-Elmira Downey Historical Society Northern CA Association of Public Cemeteries Individual letters (12),1
State Building and Construction Trades Council of California and supported by Vulcan Materials Company,1
State Bar and supported by the Consumer Protection Policy Center,1
State Athletic Commission and supported by the Association of Boxing Commissions and Combating Sports,2
"Redevelopment agencies of Goleta, Lynwood, Merced County, Napa, Rancho",1
"Nevada County, CABRO, 3 individual letters",1
Pechanga Band of Mission Indians and Yurok Tribe and supported by other tribes and Smart Justice California,1
"PICO of California, including 100 Percent Campaign, The Children's",1
Mountain View 20 law students from Pacific Coast University 39 law students from Orange County University of Law 19 law students from Western Sierra Law School in San Diego Irv Schleimer,1
the California Retailers Association and the League of California Cities,1
"the California Correctional Supervisors Organization, the California Narcotic Officers Association",2
"March of Dimes and Perkin Elmer Life Sciences, a provider of drug discovery, genetic screening, environmental and chemical analysis tools and instrumentation",1
"Los Angeles County Sheriff's Department, West Shield Adolescent Services, Twenty-three individuals",1
Los Angeles County Board of Supervisors and supported by the Department of Health Care Services,1
"Law libraries of Orange, San Diego, San Francisco, Fresno, Calaveras and San Bernardino Counties",3
"Keeslar & Associates on behalf of: Independent Employees of Merced County, Organization of SMUD Employees, San Bernardino Public Employees",1
"Golden State Manufactured Home Owners League, INC. - As amended April 17, The California Alliance for Retired Americans (CARA)",1
"of California (PORAC), and the LAWAPD Chief and officers' union generally",1
"of Bankers and the California Association of Realtors, state SB 30 would",1
"of conservation groups and the Imperial Irrigation District, among",1
"of County Veterans Service officers, the California State Commanders",1
EdVoice California Business for Education Excellence Numerous school districts including Bolinas-Stinson Union,2
"Distributing & Consulting, Inc., Grand Electric Co., and many, many private citizens",1
"Disney, General Electric Company and its subsidiaries",2
"County libraries of: Santa Clara, Solano, Ventura",1
"Council, Environmental Defense Fund and a long list of nonprofit and community-based groups supportive of AB 32's GHG reduction goals, and Waste Management",2
Consumer Attorneys of California and supported by the California Employment Lawyers Association,2
"Coachella Valley Waterkeeper (COARE) Center for Oceanic Awareness, research, and Education, The Consumer Federation of California",1
California Trucking Association and supported by the Truck Renting and Leasing Association,1
California Family Beer Distributors and supported by the California Teamsters Public Affairs Council,1
California Association of Clerks and Election Officials and supported by the California Federation of Teachers,1
California Beer and Beverage Distributors and supported by the California Family Beer Distributors,1
California Attorneys for Criminal Justice and supported by the California Public Defenders Association and various criminal justice groups,1
California Advocates for Nursing Home Reform (CANHR) and Disability Rights California (DRC) to make it easier for individuals with Medi-Cal coverage who are in a LTC facility to return home,1
California Access Coalition and Psychiatric Physicians Alliance of California and supported by providers,2
"Boards of Supervisors of Fresno, Merced, San Joaquin and Stainislaus counties",1
"Big 6"" accounting firms: Arthur Andersen & Co",1
"Attorneys Association, and the Peace Officers Research Association (PORAC). The for-profit supporters oppose a competing effort to crack",1
"Association and the Tuolumne Utilities District, which serve",1
Association (CHA) California Telemedicine & eHealth Center (CTEC),1
"Antelope Valley League of United Latin American Citizens, SALVA, one individual",1
"Affairs Council, Safer Streets LA and other transportation and motorist",1
"3 homeowners, Spyglass Hill Property Owners Association, Greenbrae",1
"Trades Council of California, Sierra Club California and other",1
"Sheriffs of the following counties: El Dorado, Humboldt, Kern, Los Angeles, Marin, Plumas, Riverside, Sacramento, San Benito, San Bernardino, San Joaquin, San Diego, Santa",4
"Sheriffs of the counties of Contra Costa, Los Angeles, Merced, Placer, San Bernardino, Shasta, Sonoma, Ventura",1
Santa Anita Park Bay meadows,1
"San Mateo City Concilmember Maureen Freshet, Non-Profit Housing Association of Northern California, two individuals",2
Personal Insurance Federation ofConsumer Attorneys of California,1
"Over 80 cosmetic companies, including: Lush Cosmetics",1
Latino Times/former Chair California Hispanic Chamber of commerce,4
Kern County Board of Supervisors and supported by Kern County resource companies and community groups,1
IBEW local 18 and Coalition of California Utility,1
Health Access and labor Federation,1
"Foundation and a long list of conservation, recreation and environmental organizations",1
Family Winemakers of California Napa Valley Vintners Association Napa Valley Winegrowers Alliance consisting of: The Robert Mondavi Winery,1
Enterprise-National-Alamo car rental,4
Escrow Institute of California and supported by the California Escrow Association,1
Drug Policy Alliance and supported by the American Civil Liberties Union,1
County of Riverside and supported by the Riverside County Fairgrounds,1
Council for a Strong America and its affiliated organizations: Fight Crime Invest in Kids/Mission: Readiness/ Ready Nation,3
4 Individual -Vasconcellos California Assisted Living Facilities Association,1
"50 Acterra Action for A Healthy Planet Agricultural Institute of Marin Alameda County Community Food Bank Alameda County Office of Education Alpine Union School District American Academy of Pediatrics, California American Diabetes Association American Heart Association API Forward Movement Asian Americans for Housing and Environmental Justice (AA4HEJ) Bay Area Community Services Bay Area Ranchers' Cooperative, INC California Association for Health, Physical Education, Recreation & Dance California Association of Food Banks California Association of Student Councils California Food and Farming Network",1
7-Eleven Alameda Recycling and Metals ASCO Metals Bulldog Recycling California Retailers Association Californians Against Waste Camarillo Recycling D.C. Metals and Recycling E&C Recycling Euclid Plaza Recycling Greenday Mings Resources and Recycling Mt. Communities Recycle Center Recology Recycling Zone Republic Services Roberto 39,1
"A Coalition of Companies (Acxiom, American Express, American Insurance Assoc., Assoc. of CA Insurance Companies, CA Bankers Assoc., CA Chamber of Commerce, CA Financial Services Assoc., CA Mortgage Bankers Assoc., CA Retailers Assoc., First American/CREDCO, TransUnion, LLC)",1
"A New Path (Parents for Addiction Treatment & Healing Anaheim Lighthouse Associated Rehabilitation Program for Women, Inc. Casa Palmera Central Valley Recovery Services, Inc. Community Social Model Advocates, Inc. County Behavioral Health Directors Association of California Elevate Addiction Services Hathaway Recovery Substance Abuse and Behavioral Treatment Center Opus Health, LLC Orange County Recovery Collaboration San Jose City College Alcohol and Drug Studies Program Soroptimist House of Hope, Inc. Stepping Stone of San Diego)",1
"A coalition comprising the Specialty Equipment Market Association, California Manufacturers and Technology Association, California Trucking Association, California Motorcycle Dealers Association, ABATE of California, California Fuels and Convenience Alliance, Truck & Engine Manufactures Association, and Associated General Contractors (California Chapters)",1
"A coalition including the California News Publisher's Association, the ACLU California Action, the First Amendment Coalition, the Howard Jarvis Taxpayers Association, Californians Aware, the Leadership Counsel for Justice and Accountability, and the Society for Professional Journalists Los Angeles, in opposition",1
"A coalition including the California News Publisher's Association, the ACLU California Action, the First Amendment Coalition, the Howard Jarvis Taxpayers Association, Californians Aware, the Leadership Counsel for Justice and Accountability, and the Society for Professional Journalists Los Angeles, in opposition to the prior version of",1
"A coalition including the California Retailers Association, Associated General Contractors, California Building Industry Association, California Business Properties Association, California Chamber of Commerce, California Grocers Association, Commercial Real Estate",1
"A coalition letter by the Association of California Healthcare Districts, California Association of Joint Powers Authorities, California State Association of Counties, League of California Cities, Rural County Representatives of California, and Urban Counties of California",1
"A coalition letter by the California Association of Code Enforcement Officers, California Association of Joint Powers Authorities, California Association of Recreation and Park Districts, California State Association of Counties, League of California Cities, Rural County Representatives of California, and Urban Counties of California",1
"A coalition of civil rights, civil liberties, anti-discrimination, and privacy groups, including the Consumer Federation of America, Privacy Rights Clearinghouse, and Media Alliance, along with the bill's sponsor, The Greenlining Institute",1
"A coalition of eight opponents, including the American Chemistry Council, the California Manufacturers & Technology Association, and the Juvenile Products Manufacturers Association, which take an ""opposeposition",1
"A coalition of groups including the National Coalition of 100 Black Women, Sacramento Chapter, the Douglass Leadership Institute, the Frederick Douglass Foundation of California, the Center for Urban Renewal and Education, and a number of local churches",1
"A coalition of organizations representing industries that often employ auto-renewal models, including the California Chamber of Commerce, the California News Publishers Association, and the California Retailers Association",1
"A coalition of privacy and consumer rights groups consisting of ACLU California Action, Consumer Federation of America, Electronic Frontier Foundation, Privacy Rights Clearinghouse, Consumer Action, and Access Humboldt",1
"A coalition of supporters that includes Physicians for Social Responsibility, Western Center on Law and Poverty, the Natural Resources Defense Council, Sierra Club California, and the Alliance of Nurses for Healthy Environments, among others",1
"A number of law enforcement agencies, including the CA Police Chiefs Association, the CA State Sheriffs Association, the CA Police Officers Association, the L.A. Police Protective",1
AARP Alzheimer's Association Alzheimer's Greater Los Angeles Alzheimer's Orange County Alzheimer's San Diego Association of California State Employees With Disabilities Association of Regional Center Agencies Board of Behavioral Sciences California Alliance for Retired Americans California Association of Licensed Investigators California Board of Psychology California Coalition on Family Caregiving California Collaborative for Long-Term Services and,1
AARP California Academy of Child and Adolescent Psychiatry California Association of Public Hospitals & Health Systems California Association of Public Hospitals and Health Systems California Collaborative for Long-term Services and,1
ACLU Asian Women Speak-Asian and Pacific Islander Advocates against Domestic Violence California Partnership to End Domestic Violence Casa de Esperanza Interval House Crisis Shelters & Centers for Victims of Domestic Violence Hermanas Latino Advocates Against Domestic Violence,1
"AFL-CIO Central Labor Council of Fresno, Madera, Tulare and Kings counties California/Nevada Conference of Operating Engineers",1
AFL-CIO Centro Legal de la Raza Chinese Progressive Association CLEAN Carwash Campaign Coalition for Humane Immigrant Rights of Los Angeles Community Action Board of Santa Cruz County Consumer Attorneys of California Employee Rights Center Equal Rights Advocates Filipino Advocates for Justice Garment Workers Center Golden Gate University School of Law Koreatown Immigrant Workers Alliance Labor & Employment Committee Los Angeles Alliance for a New Economy Maintenance Cooperation Trust Fund National Day Laborer Organizing Network National Employment Law Project National Immigration Law Center,1
"AFL-CIO, American Association of State, County and Municipal Employees",1
AFSCME Local 3299 California State University Employees Union/SEIU Local 2579 California State Student Association California Labor Federation Associated Students of the University of California at Davis California Nurses Association,1
"Acterra, California League of Conservation",1
"Advisory Commission on Special Education (prior version Alameda County Board of Supervisors (prior version) Alameda County Children and Families Commission (prior version) California Coalition for Youth (prior version) California Healthcare Association, Center for Behavioral Health (prior version) California Network of Mental Health Clients California Psychiatric Association (prior version) California School Nurses Organization California State PTA City of Oakland (prior version) JERICHO League of Women Voters Mental Health Association in California (prior version) National Association of Social Workers, California Chapter Office of the Governor)",1
Advisory Council to the Napa/Solano Area Agency on Aging Alzheimer's Association California Advocates for Nursing Home Reform California Alliance for Retired Americans California Assisted Living Association California Association for Nurse Practitioners California Collaborative for Long-term Services and,1
AeA (formerly the American Electronics Association Association of California Insurance Companies California Association of Realtors California Chamber of Commerce Civil Justice Association of California Milpitas Chamber of Commerce Orange Chamber of Commerce and Visitors Bureau QUALCOMM TechNet),1
"Aetna, Cigna, Metra and Prudential insurance companies",1
Affiliated Entity Alpha Fund Association of Regional Center Agencies Bay Area Legal Aid Bet Tzedek Blue Shield of California Blue Shield of California Promise Health Plan California Advocates for Nursing Home Reform California Alliance for Retired Americans California Association for Adult Day Services California Association of Health Plans California Association of Public Hospitals & Health Systems California Catholic Conference California Collaborative for Long-Term Services and,1
Affordable Housing Network of Santa Clara County Alameda County Transportation Commission American Planning Association - California Chapter Association of Regional Center Agencies Berkeley City Council BRIDGE Housing California Apartment Association California Bicycle Coalition California Building Industry Association California Coalition for Rural Housing California Collaborative for Long Term Services and,1
Afl-cio Asian Americans Advancing Justice Southern California Asian Law Alliance Asian Law Caucus Association of California Caregiver Resource Centers Black Women for Wellness Action Project California Alliance for Retired Americans California Black Chamber of Commerce California Breastfeeding Coalition California Child Care Resource and Referral Network California Coalition on Family Caregiving California Collaborative for Long-term Services and,1
"African American Environmentalist Association American Lung Association of California Ausra, Inc. Bayview Hunters Point Breast Cancer Fund Breathe California California Apollo Alliance California Interfaith Power and Light California Labor Federation California League of Conservation Voters California Pan-Ethnic Health Network California State Building and Construction Trades Council, AFL-CIO California State NAACP California Thoracic Society California Wind Energy Association Catholic Charities, Stockton Diocese Center for Biological Diversity Center for Environmental Health Central Valley Air Quality Coalition Global Warming and Air Quality Committee Clean Air Now Clean Power Campaign Cleantech America Coalition for Clean Air Communities for Clean Ports Community Action to Fight Asthma Ella Baker Center End Oil Engineers and Scientists of California, Local 20 IFPTE, AFL-CIO & CLC enXco Development Corporation Environment California Faith2Green Forests Forever Fresno-Madera Medical Society Global Green USA International Rivers Large Scale Solar Association Latino Coalition for a Healthy California Latino Issues Forum Mark Z. Jacobson, Professor of Civil & Environmental Engineering, Stanford University Medical Advocates for Healthy Air Merced/Mariposa County Asthma Coalition Moms CAN (Clean Air Network) National Parks Conservation Association Natural Resources Defense Council New Voice of Business Orange County Interfaith Coalition for the Environment Our Children's Earth Foundation Physicians for Social Responsibility-Bay Area Planning and Conservation League Public Health Institute Public Health Law and Policy Recurrent Energy Regional Asthma Management and Prevention Santa Cruz County Board of Supervisors Sharp, USA Sierra Club California Sierra Club, Loma Prieta Chapter Solaria Solar Millennium SolFocus Suntech America Sustainable Energy Partners LLC Sungevity Vote Solar Union of Concerned Scientists 110 Individuals including: David Roland-Holst, U.C. Berkeley",1
"Against Family Violence and Sexual Assault, Haven House, Inc., Humboldt Women for Shelter, WEAVE, Calaveras Womenos Crisis",1
Agency on Aging\Area 4 (AAA4) Alzheimer's Association California Alliance for Retired Americans (CARA) California Assisted Living Association (CALA) California Association of Area Agencies on Aging (C4A) California Association for Health Services at Home (CAHSAH) California Association of Public Authorities for IHSS California Collaborative for Long-Term Services and,1
Aids Lobby and Gynecologists,1
Air Conditioning Trade Association Associated Builders and Contractors - San Diego Chapter Associated Builders and Contractors of California Associated Builders and Contractors of California Don Celillo Electric Co. Inc. Plumbing-Heating-Cooling Contractors Association of California TSV Painting Western Electrical Contractors Association,1
Airport Ground Transportation Association California Bus Association Greater California Livery Association San Francisco Taxi Workers Alliance SuperShuttle Taxicab Paratransit Association of California One individual,1
"Airsoft Safety Foundation Animal Pest Management Services, Inc. California Association of Firearms Retailers California Rifle and Pistol Association California Sportsman's Lobby National Rifle Association National Shooting Sports Foundation",1
"Alameda County Waste Management Authority, Allied Waste, Inc., Berkeley City Council, California Earth Corps, California Refuse",1
"Alameda-Contra Costa Transit District, Alameda",1
All Voting Members of the North Westwood Neighborhood Council Association of Bay Area Governments California Association of Public Authorities for IHSS California Collaborative for Long-Term Services and,1
"Alliance for Democracy, Bluewater Network, California Labor Federation, California Nurses",1
"Alliance for Democracy, Bluewater Network, California Labor Federation, California Public Interest Research Group, Defenders of Wildlife, Global Exchange, Institute for Food and Development Policy/FoodFirst, Natural Heritage",1
Alliance of California Taxpayers & Involved Voters Asian Pacific American Legal Center of Southern California California Association for Bilingual Education California Coalition of Hispanic Organizations California Federation of Teachers California Rural Legal Assistance Foundation Claremont Graduate School Coalition of Labor-Agriculture-Business,1
Alliance of Catholic Health Care: California Medical Association,1
"Allied Waste, American Wood Preservers",1
"Allied Waste, Americans for a Safe Future, California Refuse Removal Council, Committee to Bridge the Gap, Concerned Citizens to Stop",1
"Allied Waste, California Cast Metals",1
"Alta California Regional Center, Association of Regional Center Agencies, California League of Conservation Voters, California Public Interest",1
Alzheimer's Association California Assisted Living Association California Association for Health Services at Home California Association of Area Agencies on Aging California Association of Public Authorities for IHSS California Collaborative for Long-Term Services and,1
"Amador County Auditor-Controller Tacy Oneto Rouen, Calaveras County Auditor-Controller Rebecca Callen, Kern County Auditor-Controller Mary Bedard, Lassen County Auditor-Controller Diana Wemple, Mendocino County Auditor-Controller Lloyd Weer, Napa County Auditor-Controller Tracy Schulze, Orange County Auditor-Controller Eric Woolery, San Benito County Auditor-Controller Joe Paul Gonzalez, San Bernardino County Auditor-Controller/Treasurer/Tax Collector Oscar Valdez, Tehama County Auditor-Controller LeRoy M. Anderson, Yuba County Auditor-Controller Richard Eberle, California Association of County Treasurers and Tax Collectors, State Association of County Auditors",1
"America's Edge, Bay Area Council, California Association of Regional Occupational Programs and Centers, California Chamber of Commerce, Metropolitan Education District, Sacramento City Unified School District, San Bernardino County District Advocates for Better Schools, San Francisco",1
American -Escutia California Association of Enterprise Zones,1
American Council on Renewable Energy/Biomass Coordinating Council,1
American Diabetes Association Association for Clinical Oncology Association of Northern California Oncologists California Academy of Child and Adolescent Psychiatry California Association of Medical Product Suppliers California Behavioral Health Association California Chapter American College of Cardiology California Chronic Care Coalition California Collaborative for Long-Term Services and,1
"American Electronics Assoc., Atlantic Richfield Co. (ARCO), California Council for Environmental and Economic Balance, California Trucking Assoc. (CTA), Chemical Industry Council of CA, Chevron Corp., Erickson Environmental, Evergreen Oil Inc., GWF",1
"American Electronics Association, League of California Cities, Calif. State Assn. of Counties, Calif. Assn. of Sanitation Agencies, Western States Petroleum Assn., Smurfit-Stone",1
American Federation of State County & Municipal Employees (AFSCME California Chamber of Commerce Consulting Engineers & Land Surveyors of (CA ELSOC) Delon Hampton & Associates Semiconductor Equipment & Materials International),1
"American Federation of State, County and Municipal Employees (AFL-CIO California State Association of Electrical Workers California State Pipe Trades Council California Teamsters Public Affairs Council Western Council of Sheet Metal Workers)",1
"American Federation of State, County, and Municipal Employees, AFL-CIO, North State Building Industry Association, California Association of Councils of Governments, California-Nevada Conference of Operating Engineers , California Transportation Commission",1
"American Federation of State, County, and Municipal Employees, California League of Conservation Voters, Californians for Alternatives to Toxics, Planning and Conservation League, San Francisco, Sierra Club",1
American Federation of Television and (McClintock) continued: AFL-CIO,1
"American Institute of Architects,CA CA Council",1
American Insurance Association Relations Protection Association Legislative American Association,1
"American Legion, Department of California American Veterans (AMVETS) of California California Teachers Association Lincoln Military Housing Military Child Education Coalition San Diego Military Advisory Council San Diego Unified School District Vietnam Veterans of America, California State Council Michael B. Donley, Secretary of the Air Force",1
"American Legion, Department of California Lincoln Military Housing Military Child Education Coalition San Diego Military Advisory Council San Diego Unified School District Vietnam Veterans of America, California State Council Michael B. Donley, Secretary of the Air Force",1
"American Lung Association, Bluewater Network, California Council for Environmental and Economic Balance, California League of California Voters, California Futures Network, Californians Against Waste, Clean Power",1
"American Lung Association, Breathe California, Coalition for Clean Air, Planning and Conservation League, Sierra Club",1
"American Lung Association, California League of Conservation Voters Education Fund, California",1
"American Methanol Institute, Association for California Tort Reform, California Chamber of Commerce, California Manufacturers Association, Coastal Corporation, Oxygenated Fuels",1
"American Planning Assoc., CA Chapter,Building Officials State Assoc. of Counties,Cities of",1
American Planning Association - California Chapter (prior version California State Association of Counties (prior version) City of Lakewood (prior version) San Diego County Board of Supervisors),1
"American Planning Association, CA Chapter CA Municipal Business Tax Association CA Police Chiefs Association CA Professional Firefighters Chambers of Commerce",1
"American Planning Association, California Chapter (support0 Apartment Association of Greater Los Angeles California Association of Realtors California Rural Legal Assistance Foundation Santa Barbara Rental Property Association Western Center on Law & Poverty)",1
American Radio Relay League [SPONSOR]Cities of: Claremont,1
"American Ship Management, LLC: Arena Painting Contractors",1
"Americans for a Safe Future, Committee to Bridge the Gap, Rocketdyne Cleanup Coalition, Sierra Club California, Southern California",1
"Amgen Inc., CAL-RAD Forum, California",1
"Angel Care Community Services, Inc. California Assisted Living Association California Assoc. for Health Services at Home California Association of Health Facilities California Right To Life Committee, Inc. Leading Age California",1
"Angeles County Board of Supervisors, Public Utilities Commission, Union Pacific Railroad",1
"Angeles County Probation Department Union, Santa Clara",1
"Angeles County, Asthma & Allergy Foundation of America, Breast Cancer Fund, Build it Green, California Environmental Rights Alliance, California League of Conservation Voters, California Medical Association, California",1
"Angeles, Rose Foundation for Communities and the Environment, Save the Bay, Silicon Valley",1
Apartment Association of California Southern Cities (Long Beach) Apartment Association of Greater Los Angeles Berkeley Property Owners Association California Apartment Association California Association of Realtors California Business Properties Association California Housing Council Minority Apartment Owners Association North Valley Property Owners Association (Chico) San Francisco Apartment Association Santa Barbara Rental Property Association Tri-County Apartment Association 77 owners and managers of rental properties (Aliso Viejo),1
"Apartment Association of Greater Los Angeles Apartment Association of Orange County Apartment Association, California Southern Cities Associated Builders and Contractors of California Association of California Life, Health, and Insurance Companies California Ambulance Association California Apartment Association California Asian Pacific Chamber of Commerce California Association of Realtors California Business Properties Association California Chamber of Commerce California Charter Schools Association Advocates California Grocers Association California Manufacturers & Technology Association California Restaurant Association California Retailers Association East Bay Rental Housing Association Howard Jarvis Taxpayers Association National Federation of Independent Business Nor Cal Rental Property Association Orange County Association of REALTORS Orange County Business Council San Diego County Apartment Association San Diego County Taxpayers Association Santa Barbara Rental Property Association State Board of Equalization, Member, George Runner Western Manufactured Housing Communities Association",1
"Aptos, California Coalition to End Native-Language Bilingual Education East Palo Alto Community Law Project Educational Empowerment Program, Centro Legal de La Raza Equal Rights Advocates Legal Advocates for Children and Youth Legal Aid Society of San Francisco Legal Services of Northern California M.E.Ch.A. (Movimento Estuadiantil Chicano de Aztlan) Northern Region M.E.Ch.A., California State University, Sacramento Chapter Mexican American Legal Defense and Educational Fund (MALDEF) Multicultural Education, Training and Advocacy, Inc. (META) Protection and Advocacy, Inc. Sacramento City Unified School District Santa Clara County Bar Association Foundation",1
"Aptos, California East Palo Alto Community Law Project Educational Empowerment Program, Centro Legal de La Raza Equal Rights Advocates Legal Advocates for Children and Youth Legal Services of Northern California M.E.Ch.A. (Movimento Estuadiantil Chicano de Aztlan) Northern Region M.E.Ch.A., California State University, Sacramento Chapter Mexican American Legal Defense and Educational Fund (MALDEF) Multicultural Education, Training and Advocacy, Inc. (META) Santa Clara County Bar Association Foundation",1
"Aptos, California Governor's Office of Child Development and Education",1
"Area Agency on Aging, Advisory Council of the Central Coast Commission for Senior Citizens",1
"Asian Pacific Islander American Public Affairs Association ( Asian Pacific Partners for Empowerment, Advocacy and Leadership Asian Resources, INC Asian, INC. Association for Chinese Families of the Disabled Association of Asian Pacific Community Health Organizations Buen Vecino California Healthy Nail Salons Collaborative California LGBTQ Health and Human Services Network California Pan - Ethnic Health Network California Rural Legal Assistance, INC. California State Council of Service Employees International Union California The Cambodian Family Center for Asian Americans in Action Center for Asian Americans United for Self Empowerment Central Valley Pacific Islander Alliance Children Now Chinatown Community Development Center Chinese Culture Foundation of San Francisco Chinese for Affirmative Action Clinica Romero Coalition for Humane Immigrant Rights Coalition of California Welfare Rights Organizations Community Clinic Association of Los Angeles County Community Health Initiative of Orange County Community Legal Aid Socal Community Youth Center of San Francisco Contra Costa Asian American Pacific Islander Coalition County of Alameda Courage California CPCA Advocates, Subsidiary of the California Primary Care Association Deafhope Disability Rights California Diversity in Health Training Institute Empowering Pacific Islander Communities (EPIC) Fiscally Sponsored by Community Partners F.O.U. Movement Family Bridges, INC FIERCE Coalition Filipino Mental Health Initiative - San Francisco Hawaii Daughters Guild Healthy Contra Costa Healthy House Within a Match Coalition Hmong Cultural Center of Butte County Hmong Innovating Politics Initiate Justice International Children Assistance Network, INC. Korean Community Center of the East Bay Korean Community Services Kutturan Chamoru Foundation Lao Seri Association Latino Coalition for a Healthy California Le Gafa Lead Filipino Legal Aid Foundation of Los Angeles Little Tokyo Service Center Marshallese Youth of Orange County My Sister's House CA National Pacific Islander Education Network Native Hawaiian and Pacific Islander Alliance New Light Wellness Nicos Chinese Health Coalition North East Medical Services Northeast Valley Health Corporation Nourish California Oakland Asian Cultural Center OC Action Omid Multicultural Institute for Development Orange County Asian and Pacific Islander Community Alliance, INC. Orange County Herald Center Pacific Asian Counseling Services Pacific Island Ethnic Art Museum Pacific Islander Collective San Diego Pacific Islander Community Partnership Pacific Islander Health Partnership Progressive Vietnamese American Organization Racial and Ethnic Mental Health Disparities Coalition Raizes Collective Regional Pacific Islander Taskforce Richmond Area Multi-services, INC. San Francisco Community Health Center Self-help for the Elderly South Asian Network Southeast Asia Resource Action Center Southern California Pacific Islander Community Response Team Thai Community Development Center The Black Alliance for Just Immigration The Cambodian Family The Children's Partnership The Fresno Center The Young S.A.M.O.A. Toishan Benevolent Family Association Tongan American Youth Foundation United Latino Voices of Contra Costa County Vietnamese American Cancer Foundation Vision Y Compromiso Western Center on Law & Poverty, INC)",1
Aspire California Immigrant Policy Center California Immigrant Youth Justice Alliance Catholic Charities of the East Bay Center for Gender and Refugee Studies Central American Resource Center-Los Angeles Central American Resource Center of Northern California Central Laboral de Graton Coalition for Humane Immigrant Rights of Los Angeles Community United Against Violence Congregations Building Community Dolores Street Community Services East Bay Sanctuary Covenant Ella Baker Center for Human Rights Enlace Familia Trans Queer Liberation Movement Friends Committee on Legislation Human Rights Watch Immigrant Youth Coalition Inland Empire Immigrant Youth Coalition Interfaith Movement for Human Integrity Jewish Family Services of Los Angeles Just Cause/Causa Justa Justice Now Lawyers' Committee for Civil Rights of the San Francisco Bay Area Legal Services for Prisoners with Children Los Angeles LGBT Center Marin Interfaith Alliance Motivating Individual Leadership for Public Advancement Mount Diablo Unitarian Universalist Church National Immigration Law Center Pangea Legal Services PICO Prison Law Office San Diego Volunteer Lawyer Program San Fernando Dream Team San Joaquin Immigrant Youth Coalition Services Immigrant Rights and Education Network Silicon Valley Debug Social Justice Collaborative Transgender Law Center TransLatin@ UC Irvine Law Clinic Vital Immigrant Defense Advocacy and Services Incorporated One individual,1
"Assistance Foundation, Californians for Pesticide Reform, Clean Air Coalition, Community Medical Centers Fresno, Asthma",1
Assoc. of Regional Ctr. AgenciesComite,1
Association for Reform Personal Insurance Federation State Farm Insurance Section,1
Association of Agencies InstitutionsCalifornia Municipal Utilities Association,1
"Association of America (MPAA) the major television networks, the Association of American Publishers, and the American Civil",1
"Association of Bay Area Governments, Save the Bay, Trust for Public Land",1
Association of California Caregiver Resource Centers Banana's,1
"Association of California School Administrators California Federation of Teachers Los Angeles County Office of Education GOVERNOR'S VETO MESSAGE: "" would make the following amendments to the K-3 Class Size Reduction (CSR) program: (1) allow school districts to provide class sizes without regard to the current grade-level priorities",1
"Association of California School Administrators, California Association of School Business Officials, California County Superintendents Association, California Federation of Teachers, California Professional Firefighters, California State PTA, California Retired Teachers Association, California School Boards Association, California School Employees Association, California Tax Reform Association, California Teachers Association, Coalition for Adequate School Housing, Community College Association, Community College League of California, Mt. San Antonio College, SEIU California, UDW-AFSCME Local 3930",1
"Association of California Water Agencies, BreitBurn Energy Company LLC, Building Owners and Managers Association of California, California Cement Promotion Council, California",1
"Association of Regional Center Agencies, California Federation of Teachers, California",1
"Association, American Fence Contractors",1
"Association, California Chamber of Commerce, California Chapters of the Institute of Scrap",1
"Association, California Peace Officers Association, and the Committee on Moral Concerns. CNOA",1
"Association, Western Boaters Safety Group, Western Wood Preservers Institute, 5",1
"Association, the California Association of School Business Officials, and the Association of California Construction Managers. These entities",1
"Asthma & Allergy Foundation of America, California Chapter Bayer HealthCare",1
Attorney (Sponsor) San Diego County District Attorney,1
"Authorities, California Chamber of Commerce, California Council for Environmental and Economic Balance, California Marine Parks and Harbors Association, California Refuse Removal",1
"Azusa, Arcadia, Bell, Burbank, Downey Police Department, El Monte, El Segundo, Glendale, Glendora, Hawthorne, Long Beach, Maywood, Montebello, Palos Verdes Estates, San Fernando, San Gabriel, Sierra Madre, Signal Hill, South Pasadena, Vernon and Culver City Police Departments",1
"BIOCOM/San Diego, California Chapter of American College of Nuclear Physicians, California Healthcare Association, California",1
"Barbara Chula Vista, Alameda County Congestion Management Agency",1
"Barbara County Board of Supervisors, Astrotech, Made with Magnets Company",1
"Being Alive Los Angeles, Inc. -Goldberg Billy DeFrank LGBT Community Center (San Jose)",1
"Bevers Disposal Service Browning-Ferris Industries California Refuse Removal Council EDCO Disposal Corporation Harrison Industries Kern County Waste Management Association Inc. Mashburn Waste and Recycling Services, Inc. Norcal Waste Systems, Inc. Paso Robles Waste Disposal Pena's Disposal Inc. Rainbow Disposal Company, Inc. San Diego County Disposal Association Tulare County Refuse Removal Association Varner Bros., Inc",1
"Biking Association, San Francisco Public Utilities Commission",1
Blue Cross of California California Association of Health Plans,1
Blue Cross of California and the Association of California Life and Health Insurance Companies (ACLHIC),1
Blue Shield of California Association of California Life and Health Insurance Co. California State Employees Association California Manufacturing and Technology Association Californians Allied for Patient Protection Civil Justice Association of California Grey Panthers California Seniors Coalition,1
Blue Water Network California Democratic Party Environmental Caucus,1
"Board of Supervisors of Del Norte, Humboldt, Mendocino, Sonoma, Napa, Shasta, Yuba, Yolo, Placer, El Dorado, San Joaquin, Stanislaus, Merced, Fresno and San Luis Obispo",1
"Boeing Company, California Chamber of Commerce, California Healthcare Association, California",1
Both the American Civil Liberties Union (ACLU) and the Western Center on Law and Poverty (WCLP),1
"Breast Cancer Fund, California Environmental Rights Alliance, California Communities Against Toxics, California League of Conservation Voters, Del Amo Action Committee, Environment California, National Environmental Trust, Natural Resources Defense Council, Planning and Conservation League, Sierra Club California",1
"Breeding Farm and Hatchery, Cimms, Inc., Cummins Cal Pacific, Cummins Engine Company, Inc., Cummins West, Diesel Technology Forum, Engine Manufacturers Association, Pacific Egg and Poultry Association, Viking Components",1
Bristol-Myers Squibb and its subsidiary Mead Johnson Nutritionals,1
"Broad and Gusman, LLP, on behalf of UNITE-HERE, AFL-CIO, CA Conference of Machinists, Utility Workers of America, International Longshore & Warehouse Union, Engineers and Scientists of CA, IFPTE Local 20, AFL-CIO, Professional & Technical Engineers, IFPTE Local 21, AFL-CIO, CA Conference Board of the Amalgamated Transit Union",1
Buhai Center for Family Law Diego Volunteer Lawyer,1
Building Industry Assn. Calif. Business,1
"Building Owners and Managers Association, California Building Industry Association, Consulting Engineers and Land Surveyors of California, Inland Empire Disposal Association, Los Angeles County Waste Management",1
Burbank Housing Development Corp. Carpenteria,1
Burton Page California Manufacturers & Technology Association,1
Byron Municipal Advisory Council Department of Finance School Boards Assoc. Cities of,1
CA Apartment AssociationSan,1
CA Council of Churches Ceres,1
CA Federation of Business and California NOW,1
CA Federation of Republican WomenMexican American Legal Defense and (Sponsor) Education Fund,1
CA Rural Legal Assistance Foundation Glendale,1
CA School Employees Assn. ServiceMaster,1
CA State Assoc. of Counties Hayward Irvine Pittsburg Pleasanton Saratoga Tustin Victorville Visalia,1
CA State Association of CA Manufacturers Assn,1
"CA State Commanders Veterans Council (includes 9 member organizations that separately support : Vietnam Veterans of America, Armed Forces Retirees Assoc. of CA, Air Force Sergeants Assoc., Military Order of the Purple Heart, Jewish War Veterans of the USA, Marine Corps League, The Legion of Valor, The Paralyzed Veterans of America, and the Reserve Officers Assoc.)",1
CA Teachers Assoc. Anaheim Arvin Brentwood Ceres Coalinga Corcoran Delano Duarte Firebaugh Fresno Huron Kerman Lafayette Livermore Merced Modesto Moraga Norco Oakland Oceanside Orinda Poway Shafter Stockton Turlock Visalia Fresno Kern Madera Florin Forestville District,1
CA Teachers Assoc. Ceres Duarte Livermore Merced Modesto Poway Stockton,1
"CAL-RAD Forum, Stanford University, Southern",1
CHANGE (Californians for a Healthy & Green Economy Children Now City of Berkeley Clean Water Action Commonweal Community Health Council Consumer Federation of California County of Santa Clara Board of Supervisors County of Solano Board of Supervisors County of Los Angeles EcoMom Alliance Environment California Environmental Defense Fund First 5 Association of California First 5 Fresno County First 5 LA Food & Water Watch Fresno Metro Ministry Green to Grow Great Beginnings for Black Babies Having Our Say Healthy Child Healthy World Latinos Unidos Concientizados Al Ambiente Making Our Milk Safe (MOMS) Moms Advocating Sustainability Mothers of Marin Against the Spray Natural Resources Defense Council Planned Parenthood Advocacy Project of LA Planned Parenthood of CA Reproductive Justice Coalition Reproductive Justice Association of L.A. San Diego and Imperial Counties Labor Council San Diego Coast Keeper SF Environment Sierra Club California Silicon Valley Toxics Coalition St. John's Well Child and Family Center Teens Turning Green The Help Group US Autism & Asperger Association Worksite Wellness LA),1
"CICC (Chemical manufacturers, distributors & users), California League of Conservation",1
Calif. Academy of Family State Assoc. of Counties,1
California Abortion & Reproductive Rights Action League Network Planned Parenthood Affiliates California American,1
California Academy of Family Physicians California Chapter of the American College of Emergency Physicians,1
"California Adoption Alliance California Congress of Parents, Teachers and Students, Inc",1
California Affordable Housing Coalition for Persons with Developmental Disabilities and Becoming,1
"California Apartment Association Board of Equalization Chairman, Jerome Horton California Building Industry Association California Contract Cities Association California League of Conservation Voters California Retailers Association California Rural Legal Assistance Foundation Californians Against Waste Center for Employment Training Center on Race Poverty and the Environment Central Basin Municipal Water District City of Lancaster City of Long Beach City of Oakland Coalition for Humane Immigrant Rights of Los Angeles Coalition of California Welfare Rights Organization Community Water Center Employers Training Resource Independent Cities Association La Cooperativa Campesina de California Los Angeles Chamber of Commerce Los Angeles County Supervisor, Don Knabe Los Angeles County Supervisor, Michael Antonovich Los Angeles Mayor, Eric Garcetti Proteus Inc. San Diego County Water Authority Sierra Club California",1
California Apartment Association California Water,1
California Assn. of Collectors Department of Corporations,1
"California Association for Medical Laboratory Technology, California Labor Federation, California Nurses Association, Engineers & Scientists of California, Local 20, IFPTE, AFL-CIO, Teamsters Public Affairs Council, and UFCW - Western",1
California Association of Health Plans (CAHP) and Association of California Life and Health Insurance Companies (ACLHIC) oppose this bill stating that they,1
California Association of Marriage and Family Therapists and California,1
California Association of Pest Control AdvisersNone received,1
"California Association of Port Authorities, California Business Properties Association, California Chamber of Commerce, California Manufacturers and Technology Association, California Railroad Industry, California",1
"California Association of Public Administrators, Public Health Care Services",1
California Association of RV Parks and Campgrounds/Camp-California Marketing,1
California Association of Resource Conservation Districts California Farm Bureau Federation,1
"California Association of Sanitation Agencies, California Committees Against Toxics, California Environmental Rights Alliance, California Safe Schools, Center for Environmental Health, Californians Against",1
"California Association, Sheet Metal Unknown and Air Conditioning Contractors National Association",1
California Attorney General Congress of California Seniors,1
California Attorneys for Criminal Justice (CACJ) and the California DUI Lawyers Association (CDLA) oppose what they see as an,1
California Bankers Assoc. Studely,1
"California Bankers Association, California Chamber of Commerce, California Taxpayers' Association, California Manufacturers and Technology Association, Tech America, Western States Petroleum Association",1
California Bankers Association/First Interstate Bank,1
California Cable & Telecommunications Association California Chamber of Commerce Howard Jarvis Taxpayers Association Matt Gray on behalf of the following entities: Association of Club Executives of California,1
"California Certified Organic Farmers (One letter) Nextgen California Oakland Unified School District Open Heart Kitchen Policylink River City Food Bank San Diego Unified School District School and Nutrition Food Services San Francisco-Marin Food Bank San Jose Bridge Communities San Luis Coastal Unified School District San Mateo County Food Systems Alliance Second Harvest Food Bank Santa Cruz County Second Harvest of Silicon Valley Second Harvest of The Greater Valley Share Our Strength Sierra Harvest Stemple Creek Ranch Street Level Health Project The Office of Kat Taylor The Public Interest Law Project The Resource Connection Food Bank Tomkat Ranch Union of Concerned Scientists United States Healthful Food Council Inc., Dba Eat Real Urban & Environmental Policy Institute Occidental College Western Center on Law & Poverty Western Center on Law & Poverty, INC. Westside Food Bank Women's Foundation California Work Equity Action Fund",1
California Chamber of Commerce -Maldonado California Space Authority,1
California Chamber of Commerce and TechNet are,1
"California Chamber of Commerce, Attorney General of PageB California",1
California Chapter Alliance of Californians for Community Empowerment Allied Argenta Aspiranet Association of Regional Center Agencies Bay Area Business Roundtable Bay Area Council Bishop Paiute Tribe BRIDGE Housing Burbank Housing Development Corporation California Apartment Association California Asset Building Association California Association of Realtors California Bicycle Coalition California Building Industry Association California Catholic Conference California Church IMPACT California Coalition for Rural Housing California Collaborative for Long Term Services,1
California Chapter Alliance of Californians for Community Empowerment Allied Argenta Aspiranet Association of Regional Center Agencies Bay Area Business Roundtable Bay Area Council Bishop Paiute Tribe Burbank Housing Development Corporation California Apartment Association California Asset Building Association California Association of Realtors California Association of Veteran Service Agencies California Bicycle Coalition California Building Industry Association California Catholic Conference California Church IMPACT California Coalition for Rural Housing California Coalition for Youth California Collaborative for Long Term Services,1
California Chapter Association of Regional Center Agencies California Alternative Payment Program Association California Apartment Association California Catholic Conference California Collaborative for Long Term Services And,1
"California Coastal Coalition, California League",1
"California Coastkeeper (testified at Asm. Nat. | |California Coastal Coalition (testified at Asm. | |Heart and Soul Coalition, The (Orange County) | |Huntington Beach Wetlands Conservancy & Wildlife | |Silverado Modjeska Recreation and Parks District | |Southern California Wetlands Recovery Project))",1
"California Commission on the Status of Women, National Youth Center for Law",1
California Communications Association-California Cable and Telecommunications Association,1
California Conference of Machinists -Dunn,1
California Correctional Peace OfficersCalifornia Attorneys for Association Criminal Justice,1
"California Council for Environmental and Economic Balance, which is co-sponsoring this bill along with the State Building and Construction Trades Council",1
California Delivery Association California Labor Federation Greater California Livery Association Los Angeles Taxi Workers Alliance Sacramento Taxi Cab Union San Francisco Taxi Workers Alliance San Jose Taxi Drivers Association United Taxi Workers of San Diego Four individuals,1
California Delivery Association California Labor Federation Greater California Livery Association Los Angeles Taxi Workers Alliance Sacramento Taxi Cab Union San Francisco Taxi Workers Alliance San Jose Taxi Drivers Association United Taxi Workers of San Diego Numerous individuals,1
California Dental Association: GOVERNOR'S VETO MESSAGE,1
California Edge Coalition-California Budget Project,1
"California Environmental Rights Alliance, California League of Conservation Voters, California Communities Against Toxics, California Safe Schools, Center for Environmental Health, Community Coalition for Change, Consumer Attorneys of California, Del",1
"California Environmental Rights Alliance, California Safe Schools, Center for Environmental Health, Communities for a Better",1
"California Federation for Animal Legislation Fund for Animals, Inc",1
"California Federation of Scientists, Waste",1
California Food Policy Advocates and California Church,1
California Grocers Association State Superintendent of Public Instruction,1
"California Healthcare Association, Center for Behavioral: Health",1
"California Immigrant Policy Center (CIPC Children's Defense Fund - California Coalition of California Welfare Rights Organizations, Inc. County Welfare Directors Association of CA (CWDA) Courage Campaign Ella Baker Center for Human Rights Hunger Action Los Angeles National Association of Social Workers, CA Chapter (NASW-CA) Saint Anthony's Foundations Western Center on Law and Poverty)",1
California Judges WomenChildren's Rights Council CommitteeVarious individuals,1
"California Legislative Black Caucus (including Assembly Members Mitchell, Bradford, Weber, Jones-Sawyer, Hall, Holden, and Brown California State Conference of the National Association for the Advancement of Colored People California Urban Partnership Cestra Butner, President, Oakland Board of Pilot Commissioners Compton Branch of the National Association for the Advancement of Colored People Golden State Medical Association of California Green Technical Education and Employment Omega Psi Phi Fraternity Pasadena Branch of the National Association for the Advancement of Colored People Ryan McCreary, President, Gamma Chi Lambda Chapter, Alpha Phi Alpha Fraternity, Inc. San Francisco African American Chamber of Commerce San Gabriel Valley Branch of the National Association for the Advancement of Colored People San Mateo Branch of the National Association for the Advancement of Colored People)",1
"California Library Association, The Trust for Public Land, California Teachers Association, California Special",1
"California Library Services Board, Anne R. Bernardo, President",1
California Long Term Care Coalition (prior version California Mental Health Advocates for Older Adults (prior version) California Mental Health Directors Association California Psychiatric Association California State PTA Chief of Police of the City of Bell (prior version) Congress of California Seniors (prior version) Didi Hirsch Community Mental Health Center (prior version) Family Service Council of California (prior version) Gray Panthers California (prior version) Henrietta Weill Memorial Child Guidance Clinic JERICHO: A Voice for Justice (prior version) Los Angeles County Board of Supervisors (prior version) National Alliance for the Mentally Ill - North Coastal San Diego County (prior version) National Alliance for the Mentally Ill California (prior version) New Hopes Crisis Counseling Center (prior version) Office of the Sheriff of San Bernardino County (prior version) Suicide Prevention Advocacy Network - California (prior version) Yellow Ribbon Suicide Prevention Program (prior version) Numerous individuals),1
California Manufacturers & Technology Association-National Federation of Independent Business,1
California Municipal Business Tax Association: GOVERNOR'S VETO MESSAGE,1
California Municipal Utilities Association California Police Chiefs Association Association California State,1
"California Municipal Utilities Association, Association of California Water Agencies, California Water Association write",1
California Nurses Association California Breast Cancer Organization,1
"California Optometric Association American Federation of State, County and Municipal Employees American Academy of Pediatrics California Pharmacists Association California Coalition of United Cerebral Palsy Associations California Association of Health Plans Congress of California Seniors California Optometric Association California Psychiatric Association Novartis Pharmaceuticals Pharmaceutical Research and Manufacturers of America",1
"California Organization of Police and Sheriffs, California Peace Officers' Association, California Police Chiefs Association",1
"California Public Defenders Association (CDPA Canoga Park Worksource Center/Rescare WorkForce Services California State Association of Counties (CSAC) Catholic Charities of California United (CCCU) Chaldean Middle Easter Social Services (CMSS) Children's Rights Project at Public Counsel Coalition of California Welfare Rights Organizations, Inc. The Community Food and Justice Coalition Community Works West Cottage Housing Eden Information and Referral (Eden I&R) El Monte/South El Monte Emergency Resources Association Ella Baker Center for Human Rights First Congregational Church of Pasadena United Church of Christ Friends Committee on Legislation of California (FCLCA) Gamble Institute Greenlining Institute Hunger Action Los Angeles Insight center for Community Economic Development The Jacobs & Cushman San Diego Food Bank Jericho Training Center Justice First, LLP Justice Not Jails Justice Now Legal Services for Prisoners with Children Lawyers' Committee for Civil Rights of the San Francisco Bay Area Los Angeles Alliance for a New Economy (LAANE) Los Angeles Regional Reentry Partnership (LARRP) Lutheran Office of Public Policy - California Metro United Methodist Urban Ministry National Association of Social Workers, California Chapter (NASW-CA) North County Community Services Project New Village Public Counsel Returning Home Foundation Sacramento Housing Alliance San Mateo County Board of Supervisors Second Harvest Food Bank Santa Cruz County St. Mary's Episcopal Church, Los Angeles Starting Over, Inc. Urban Counties Caucus Women Organizing Resources, Knowledge, & Services (WORKS) The Women's Foundation of California The Youth Justice Coalition Three Individuals)",1
California Public Defenders Association Assembly Floor Vote:,1
"California Refuse Removal Council (North/South), and Republic: Services, Inc",1
California Right to Life Committee Two individuals,1
"California Rural Legal Assistance Foundation, Poder Popular of",1
"California Society of Certified Public Accountants, and Personal Insurance",1
California Speech-Language-Hearing Association: Five individuals,1
California State Association of Counties -Knight State Association of County Auditors,1
California State Association of Counties California Emergency Services Association Regional Council of Rural Counties Urban Counties Caucus The following counties: Alpine,1
California State Association of Counties and the State Sheriffs Association,1
"California State Association of Counties, California Public Securities Association",1
"California State Association of Counties, California Public Securities Association, American Federation of State, County, and Municipal",1
California State Association of Electrical Workers and Pipe,1
California State Association of Western States Council of Sheet Metal Workers,1
California State Sheriffs' Association and the California Police Chiefs Association,1
"California State University, Chico, Department of Construction Management: GOVERNOR'S VETO MESSAGE",1
California StateStrong Indivisible,1
California Teachers Association (CTA): GOVERNOR'S VETO MESSAGE,1
California Teachers Association California League of Conservation Voters Center for Civic Literacy Mexican American Legal Defense and Educational Fund (MALDEF) Californians for Political Reform California Newspaper Publishers Association Consumers Union California Association of Licensed Investigators Common Cause Fair Political Practices Commission California Public Interest Research Group California Commission on Aging Your Voices Count Silicon Valley Software Industry Coalition,1
California Telephone Association Kerman Telephone Company,1
"California Truck Centers, California Trucking Association, E.M. Tharp Inc., Eppler, Fresno Truck Center, Garabedian Equipment Company, HCT Inc., Lyons Transportation, NorCal Kenworth, Papé Kenworth, Sacramento Truck Center, Valley Bulk Inc., Velocity Truck Centers",1
California Turtle & Tortoise Club Actors and Others for Animals,1
"California Veterans Board Cities of Del Rio, Dorris, Mount",1
"California Water Association, City of",1
California Women Lawyers: Pregnancy Consultation Center,1
"California Women's Law Center, Amy Poyer, Senior Staff Attorney",1
"California, Environmental Justice Coalition for Water, Environmental Working Group, Greenaction",1
Californians to Amend Three Strikes,1
"Calpine Corporation, California State Association of Counties",1
Camarillo City of Chula Vista,1
CamarilloCampbell Carlsbad Carpinteria Ceres Cerritos,1
Capitol Resource Institute Concerned Women for America Not On Our Watch Right to Life League The Sale & Light Council Traditional Values for Next Generations (TVNEXT) 2 individuals Pending Legislation: SB 1142 (Caballero and Skinner),1
Care Health Plan La Care Health Plan Law Foundation of Silicon Valley LeadingAge California Legal Aid Society of San Diego Legal Aid Society of San Mateo County Legal Assistance for Seniors Life Eldercare Little Tokyo Service Center Local Health Plans of California Long Term Services,1
"Caucus, California State Association of Counties, East Bay",1
"Center for Marine Conservation, Deltakeeper, Desert Citizens Against Pollution, Environmental Working Group, Friends of the River, Golden Gate Audubon Society, Greenaction, Heal the Bay, Mono Lake Committee, Natural Resources Defense Council, Pacific",1
"Center for a Livable Future, Johns Hopkins Bloomberg School of Public Health",1
"Cerebral Palsy Associations, Consumers for Quality Care",1
"Chamber of Commerce, Board of Supervisors, and City Council, Sierra Club California, Southwest",1
"Chamber of Commerce, California Council for Environmental and Economic Balance, California",1
"Chamber of Commerce, California Manufacturers and Technology Association, Computing",1
"Chapter of the Health Physics Society, Stanford University, Thomas Gray & Associates Inc., 4 individual letters",1
"Chemical Industry Council of California, California Hispanic Chamber of Commerce, California League of Conservation Voters, California Public Interest Research Group, Chemical Industry Council of California, Community Development Commission of National",1
"Chemistry Council, the American Electronics Association, the Bromine Science and Environmental Forum, California Women for Agriculture, Western Plan Health Association, Styrene",1
"Chiefs of Police from: Foster City, Palm Springs, Stockton, Farmersville, Waterford, Modesto, Ripon, Anaheim, Fresno, South Lake Tahoe, Fort Bragg, Sanger, Scotts Valley, Blue Lake, Redding, Exeter, San Carlos, Santa Ana, Hughson, Glendale",1
"Chiefs of Police of the Cities of Redding, Redondo Beach, Tustin, Monrovia, Ridgecrest, Orange, Signal Hill, Healdsberg, Napa, Sacramento, Pomona, Sonoma, Chico, National City, Cypress, Selma, San Luis Obispo, Irvine, Oxnard, Santa Clara, Fontana, Redwood City, San",1
"Child Care Resource & Referral, Plumas Rural Services Inc",1
"Children's Advocacy Institute, Individuals",1
"Children's Defense Fund -- California California Attorneys for Criminal Justice California Catholic Conference of Bishops California Coalition for Women Prisoners California Psychiatric Association Center for Juvenile Law and Policy at Loyola Law School Center for Law and Global Justice Center on Juvenile and Criminal Justice Child Welfare League of America Equal Justice Society Faith Communities for Families and Children Families to Amend Three Strikes Free Battered Women Fresno Center for Nonviolence Friends Committee on Legislation Homeboy Industries Interfaith Communities United for Justice and Peace Justice Policy Institute Legal Services for Children Lutheran Office of Pubic Policy -- California NAACP Legal Defense and Educational Fund, Inc. National Center for Women and Policing National Council on Crime and Delinquency Our Lady of the Holy Rosary Church, Sun Valley Pacific Juvenile Defender Center Progressive Jewish Alliance Penal Reform International Taxpayers for Improving Public Safety The Office of Justice and Peace of the Archdiocese of Los Angeles The Sentencing Project USF School of Law",1
"Children's Defense Fund -- California California Attorneys for Criminal Justice California Catholic Conference of Bishops California Coalition for Women Prisoners California Public Defenders Association California Psychiatric Association Center for Juvenile Law and Policy at Loyola Law School Center for Law and Global Justice Center on Juvenile and Criminal Justice Child Welfare League of America Equal Justice Society Faith Communities for Families and Children Families to Amend Three Strikes Free Battered Women Fresno Center for Nonviolence Friends Committee on Legislation Homeboy Industries Interfaith Communities United for Justice and Peace Justice Policy Institute Legal Services for Children Lutheran Office of Pubic Policy -- California NAACP Legal Defense and Educational Fund, Inc. National Center for Women and Policing National Council on Crime and Delinquency Our Lady of the Holy Rosary Church, Sun Valley Pacific Juvenile Defender Center Progressive Jewish Alliance Penal Reform International Taxpayers for Improving Public Safety The Office of Justice and Peace of the Archdiocese of Los Angeles The Sentencing Project USF School of Law",1
"Church State Council, 7th Day Adventist Churches",1
"Church, Landfill Alternatives Save",1
"Cimino Brothers Produce, Coalition of Labor, Agriculture & Business, Concerned Citizens to Stop Outside Dumping, Imperial Valley Vegetable",1
"Cities Agoura, Alameda, Brentwood, Carlsbad, Clayton, Encinitas, Foster City, Fremont, Hidden Hills, Lafayette, Lawndale, Martinez, Menifee, Norwalk, Redwood City, Riverside, San Pablo, Soledad, Walnut Creek, andWoodland",1
"Cities Association, League of California Cities, Los",1
"Cities of Azusa, Burlingame. Daly City, Foster City, Glendale, Hermosa Beach, Irvine, La Canada Flintridge, Lake Forest, Loma Linda, Lomita, Manhattan Beach, Menlo Park, Milpitas, Monterey Park, Orange, Redondo Beach, Rolling Hills, Rolling Hills Estates, San Carlos, San Gabriel, San Marino, San Mateo, Santa Fe Springs, Temple City, Carmel",1
"Cities of Bellflower, Claremont, La Palma, Lakewood, San Ramon, Pomona, Agoura Hills, Diamond Bar, El Monte, Hermosa Beach, Laverne, Manhattan Beach, Pasadena, Poway, San Gabriel, West Covina, La Mirada Arcadia, Bradbury, Temple City, Sierra Madre, Carson, San Dimas, Glendora, Santa Clarita, Malibu Orange County Division, League of California Cities",1
"Cities of Hemet, La",1
Cities of: (cont.) Ontario Oxnard Palm Desert Poway Riverside San Bernardino San Jose Santa Clarita Selma Stockton Thousand Oaks Torrance Tustin Vista Vacaville Walnut Creek West Covina,1
"Cities of: Alhambra, Arcadia, Carson, Cerritos, Claremont, Diamond Bar, Downey, Glendora, Industry, Lakewood, Lomita, Long Beach, Monterey Park, Norwalk, Palos Verdes Estates, Pasadena, Rancho Palos Verdes, Rosemead, San Dimas, Sierra Madre, Signal Hill, South El Monte, South Gate, Torrance, Walnut, West Covina, Whittier",1
Cities of: Anaheim Buena Park Coronado Fullerton Garden Grove La Palma Newport Beach Orange So. Villa Park Huntington Beach,1
Cities of: Cerritos Dana Point El Cajon Glendale Hesperia Laguna Hills Lakewood Los Angeles Palm Springs Poway San Bernardino San Luis Obispo Seal Beach Stockton,1
Cities of: La Quinta Palm Springs Rancho Cucamonga San Diego San Joaquin San Juan Capistrano Santa Barbara Santa Maria Walnut Creek SUPPORT,1
"Cities, Cities of Helmet, Merced, Rosemead, Southern California Association of Governments",1
"Cities, Southern California Edison, The Boeing",1
Citrus Heights City of Chula Vista,1
City Culver City Cypress Dana Point Danville,1
City Police Departments of: El Cajon Escondido Galt Los Altos San Diego,1
City of Alemeda Buena Park Carson Cathedral Ceres Cerritos Chula Vista Concord Corning Covina Downey Duarte Dublin Dunsmuir El Cajon Escondido El Monte Gilroy Glendale Huntington Park Indio Lancaster Livermore Loma Linda Monrovia Newport Beach National City Norco Oakland,1
"City of Alhambra: Arcadia, Azusa, Bellflower, Burbank, Carson, Cerritos, Claremont, Concord, Coronado , Culver City, Desert Hot Springs, Fairfield, Fountain Valley, Fremont, Garden Grove, Glendora, Hesperia, Lake Forest, Lakewood, La Mirada, La Puente, Los Angeles, Monrovia, Montclair, Monterey Park, Norco Redevelopment Agency, Norwalk, Oakland, Oroville, Palm Desert, Paramount, Pasadena, Pinole Pittsburg, Pomona, Poway, Rialto, Rosemead, Roseville",1
City of Anaheim Buena Park Coronado Garden Grove La Palma Newport Beach Orange Villa Park Westminster,1
City of Arroyo Grande Palos Verdes Estates San Buenaventura,1
City of Bell Gardens Chula Vista Dana Point Fountain Valley Menlo Park National City Newport Beach Palo Alto Rancho Cucamonga San Jose San Mateo Santa Barbara,1
City of Buena Park Ceres Duarte La Quinta Livermore Merced Modesto Palm Springs Poway Rancho Cucamonga Santa Barbara Santa Maria Stockton,1
City of Buena Park La Quinta Palm Springs Rancho Cucamonga Santa Barbara Santa Maria,1
"City of Camrosa Water District Carmichael Water District City of Agoura Hills City of Point Arena City of Roseville City of Thousand Oaks City of Vernon Cleanearth4kids.org Climate Reality Project San Diego Climate Reality Project San Fernando Valley Chapter Climate Reality Project, Los Angeles Chapter Climate Reality Project, Orange County Coachella Valley Water District Crescenta Valley Water District Crestline-lake Arrowhead Water Agency Cucamonga Valley Water District Desert Water Agency East Valley Water District Eastern Municipal Water District Helix Water District Hidden Valley Lake Community Services District Jurupa Community Services District Lake Arrowhead Community Services District Los Angeles County Sanitation Districts Mendocino County Russian River Flood Control & Water Conservation Mesa Water District Metropolitan Water District of Southern California Mid-peninsula Water District Monte Vista Water District Monterey Peninsula Water Management District Olivenhain Municipal Water District Orange County Water District Paradise Irrigation District Rancho California Water District Regional Water Authority Rowland Water District San Gabriel County Water District Santa Clarita Valley Water Agency Santa Rosa",1
City of Ceres Duarte Livermore Merced Modesto Oceanside Palm Springs Poway Rancho Cucamonga Santee Santa Barbara Santa Maria Stockton Thousand Oaks Vista,1
City of Concord San Mateo,1
City of County Sanitation Districts of LA County,1
City of County of Kings,1
City of Dublin San Ramon Services District,1
City of El Cajon Santa Maria Stockton,1
City of El Segundo San Deigo Santa Maria Stockton,1
City of Glendale Los Angeles San Diego,1
City of Kings County,1
City of Lakewood City of Long Beach City of Pasadena SunEdison,1
City of Lancaster Palmdale,1
"City of Long Beach, Clean Water",1
City of Los Angeles San Diego San Francisco,1
"City of Los Angeles Southern California Association of Code Enforcement Officials, Inc. Individual letters (6)",1
"City of Los Angeles, Third District League of CA Cities Mayor Richard Riordan",1
City of Oakland San Diego,2
City of Oakland San Diego San Francisco,1
City of Ontario Pasadena,1
"City of Palm Desert, California Association for Redevelopment Reform",1
City of San Diego San Diego Gas & Electric,1
City of San Diego and the San Diego County Water Authority,1
"City of San Gabriel, City of San Jose",1
City of Santa Ana Council of California Goodwill Industries,1
"City of Santa Ana, County Sanitation Districts of Los Angeles County, Davis City Council, East Bay Municipal Utility District, League of California Cities, Los Angeles County Integrated Waste Management Task Force, National Council of Jewish Women/LA, Norcal",1
City of Scotts Valley Water District Stockton East Water District Sustainable Rossmoor Sweetwater Authority Three Valleys Municipal Water District Walnut Valley Water District Western Municipal Water District Zone 7 Water Agency,1
"City of Selma City of Bakersfield Mayor, Harvey L. Hall City of Coalinga Mayor, Ron Lander City of El Cajon Councilmember, Gary Kendrick City of Encinitas Councilmember, Mark Muir City of Escondido Councilmember, Ed Gallo City of Escondido Mayor, Sam Abed City of Fresno Councilmember, Blong Xiong City of Fresno District 3 Councilmember, Oliver L. Baines III City of Huron Mayor, Sylvia V. Chavez City of La Mesa Councilmember, Ernest Ewin City of Livingston City Manager, Jose Antonio Ramirez City of Mendota Mayor, Robert Silva City of Merced Councilmember, Mike Murphy City of Oceanside Deputy Mayor, Jerome M. Kern City of Vista Councilmember, Cody Campbell",1
City of Signal HillCity of Rolling Hills,1
City of Soledad County of Monterey Monterey-Salinas Transit,1
City of Stockton Counties of: Alameda,1
City of Torrance League of California Cities,1
"Claremont, Coronado, Cotati, Daly City, El Monte, Fort Bragg, Grass Valley, La Palma, La Quinta, Los Angeles, Modesto, Monterey, Santa Barbara, Santa Rosa, Signal Hill, South San Francisco, Sunnyvale, Tehama, Trinity, Vacaville, Walnut and Wheatland Charles Peterson, Supervisor, Mendocino County Illa Collin, Supervisor, Sacramento County Fred Keeley, Supervisor, Santa Cruz County Michael J. Cale, Supervisor, Sonoma County Betsy Marchand, Supervisor, Yolo County Ben Anderson, Mayor, City of American Canyon David Blumental, Councilmember, City of Coronado Steve Miklos, Vice Mayor, City of Folsom Sheng Chang, Councilmember, City of Arcadia Gloria Cortez Keene, Board Chairman, County of Merced Paul Chignell, Councilmember, City of San Anselmo Dennis Yates, Mayor, City of Chino Billy Bradshaw, Councilmember, City of Needles Steve Cohn, Councilmember, City of Sacramento David Pandori, Councilmember, City of San Jose Karen Cartoscelli, Mayor Pro Tem, City of Yuba City",1
Clayton City of Chula Vista,1
"Clearinghouse, the Consumers' Union, and the Consumer",1
Clinicas De Salud Del Pueblo-Winterhaven Health | |Start,1
"Coalition California Welfare Rights Organizations, Inc. Jericho",1
"Coalition letter (American Electronics Assoc., American International Group, Assoc. of CA Insurance Companies, Baxter Healthcare, Blue Cross of CA, Cal Bankers, CA Chamber of Commerce, CA Financial Services Assoc., CA Hospital Assoc., CA Retailers Assoc., Cisco, Civil Justice Assoc. of CA, eBay, Inc., Farmers Insurance, Intel, Johnson & Johnson, Motion Picture Assoc. of America, Novartis Pharmaceuticals, Oracle, Pfizer, Inc., Pharmaceutical Research & Manufacturers of America, Western States Petroleum Assoc.)",1
"Coalition letter: (AeA, American International Group, Association of California Insurance Companies, Baxter Healthcare, Blue Cross of California, Cal Bankers, California Chamber of Commerce, California Financial Services Association, California Hospital Association, California Retailers Association, Cisco, Civil Justice Association of California, eBay, Inc., Farmers Insurance, Intel, Johnson & Johnson, Motion Picture Association of America, Novartis Pharmaceuticals, Oracle, Pfizer, Inc., Pharmaceutical Research & Manufacturers of America, Western States Petroleum Association)",1
"Coalition letter: (American Electronics Association, American International Group, Association of California Insurance Companies, Baxter Healthcare, Blue Cross of California, Cal Bankers, California Chamber of Commerce, California Financial Services Association, California Hospital Association, California Retailers Association, Cisco, Civil Justice Association of California, eBay, Inc., Farmers Insurance, Intel, Johnson & Johnson, Motion Picture Association of America, Novartis Pharmaceuticals, Oracle, Pfizer, Inc., Pharmaceutical Research & Manufacturers of America, Western States Petroleum Association)",1
"Coalition of Franchisee Associations (Asian American Hotel Owners Association, Buffalo Wings National Franchisee Association, Domino's Franchisee Association, Dunkin' Donuts Independent Franchise Owners, Edible Arrangements Independent Franchise Association, Independent Association of Massage Envy Regional Developers, Independent Coalition of Franchise Owners, Independent Hardee's Franchisee Association, Independent Organization of Little Caesars Franchisees, Long John Silver's Franchisee Association, Meineke Dealers Association, National Coalition of Associations of 7-Eleven Franchisees, National Franchisee Association, North American Association of SUBWAY Franchisees, Pharmacy Franchisees and Owners Association, San Francisco - Monterey Bay 7-11 Franchise Owners Association, Service Station Franchise Association, Supercuts Franchisee Association)",1
"Commissions, California Special Districts Association, Association of California Water Agencies, Urban Counties",1
"Commissions, California Special Districts Association, Urban Counties Caucus, California State Association of Counties, Contra Costa Water District",1
Committee on the Administration of Justice of the State Bar of Association For California Tort,1
"Committee, Orange County Board of Supervisors, Placer County Water Agency, Regional Council of Rural Counties, Sacramento County Board of Supervisors, Sierra Nevada Alliance, Streaminders, Society for Conservation Biology",1
"Committee, State Bar of California",1
"Communities Against Toxics, Center for Environmental Health, Education for Sustainable",1
"Community College Classified Senates:: American River College, Butte-Glenn Community College, Chaffey College, City College of San Francisco, Contra Costa Community College, Copper Mountain College, Cosumnes River College, Diablo Valley College, Feather River College",1
Concerned Women for America: GOVERNOR'S VETO MESSAGE,1
"Concerns, the Traditional Values Coalition, the Campaign for California Families, and the Capitol Resource Institute",1
Concord City of Bellflower,1
Concord City of Chula Vista,1
Conservators California Behavioral Health Planning Council California Commission on Aging California Consortium of Addiction Programs and Professionals California Health Advocates California Psychological Association Central Valley Long Term,1
"Consulting, Atkins Environmental H.E.L.P., Inc., California Legislative Council of",1
Consumer Alliance for Consumer Protection (7) Naturopathic doctors (136) Chiropractors (203) Individuals,1
Consumer Attorneys of CA CountiesCalifornia Teamsters,1
Consumer Attorneys of California (Sponsor) CA,1
Consumer Attorneys of California CREDO Action,1
Consumer Attorneys of California Investigators,1
Consumer Attorneys of CaliforniaAmerican,1
Consumer Attorneys of CaliforniaAttorney,1
Consumers Union Congress of California Seniors,1
"Consumers for Auto Reliability and Safety: California Teamsters Public Affairs Council, Assemblywoman Jackie Goldberg",1
"Container Corp., Calif. Chamber of Commerce, Calif. Council for Env. and Econ. Balance, Calif. Independent Oil Marketers, Calif. League",1
"Container/Plaxicon, National Association for Pet Container Resources, National Food",1
"Continuity, Accountants, and Allied Production Specialists",1
"Contra Costa County Contra Costa Humane Society The American Kennel Club American Staffordshire Terrier Club Irish Setter Club of San Diego Samoyed Club of America Associated Obedience Clubs of Northern California Golden Gate Labrador Retriever Club, Inc. Irish Setter Club of Southern California Pet Lovers Protective League South Bay Collie Fanciers, Inc. California Federation of Dog Clubs Afghan Hound Club of California Antelope Valley Kennel Club Aztec Doberman Pinscher Club of San Diego Bull Terrier Club of California Cabrillo Club of California California Canine Hikers Channel City Kennel Club Cocker Spaniel Club of San Diego Diablo Valley German Shepherd Dog Club Western Hound Association of Southern California Golden Retriever Club of Greater Los Angeles Golden Gate Akita Club Golden State Chow Chow Club Golden State Rottweiler Club Great Pyrnees Association of Southern California Kennel Club of Riverside Kennel Club of Palm Springs Kern Valley Kennel Club Lake Matthews Kennel Club Mensona Kennel Club Orange Coast Rhodesian Ridgeback Club Dalane Golden Retrievers Samoyed Club of Los Angeles San Angeles Saluki Club San Joaquin Kennel Club Santa Maria Kennel Club Santa Clara Valley Kennel Club Shoreline Dog Fanciers Association Southern California Beagle Club Southland Weimaraner Club St. Bernard Club of San Diego St. Bernard Club of Southern California Western Fox Terrier Breeders Association Ventura County Dog Fanciers",1
"Contra Costa County Contra Costa Humane Society The Fund for Animals, Inc. The American Kennel Club American Staffordshire Terrier Club Irish Setter Club of San Diego Samoyed Club of America Associated Obedience Clubs of Northern California Golden Gate Labrador Retriever Club, Inc. Irish Setter Club of Southern California Pet Lovers Protective League South Bay Collie Fanciers, Inc. California Federation of Dog Clubs Afghan Hound Club of California Antelope Valley Kennel Club Aztec Doberman Pinscher Club of San Diego Bull Terrier Club of California Cabrillo Club of California California Canine Hikers Channel City Kennel Club Cocker Spaniel Club of San Diego Diablo Valley German Shepherd Dog Club Western Hound Association of Southern California Golden Retriever Club of Greater Los Angeles Golden Gate Akita Club Golden State Chow Chow Club Golden State Rottweiler Club Great Pyrnees Association of Southern California Kennel Club of Riverside Kennel Club of Palm Springs Kern Valley Kennel Club Lake Matthews Kennel Club Mensona Kennel Club Orange Coast Rhodesian Ridgeback Club Dalane Golden Retrievers Samoyed Club of Los Angeles San Angeles Saluki Club San Joaquin Kennel Club Santa Maria Kennel Club Santa Clara Valley Kennel Club Shoreline Dog Fanciers Association Southern California Beagle Club Southland Weimaraner Club St. Bernard Club of San Diego St. Bernard Club of Southern California Western Fox Terrier Breeders Association Ventura County Dog Fanciers",1
"Council for Environmental and Economic Balance, California League of Conservation Voters, California Public Interest Research Group, Clean Power Campaign, Coalition for Clean Air, General Motors Corporation, Natural Resources",1
"Council for Environmental and Economic Balance, Western States Petroleum Association, California Manufacturers Association, California District Attorneys Association, Consumer Attorneys of California, Planning and Conservation League, Sierra Club",1
"Council of Rural Counties, Rural Counties",1
"Council, Coast Wood Preserving, Inc., Fontana",1
"Council, Engineering Contractors' Association, California",1
"Council, Ligand Pharmaceuticals Inc., National",1
Counties California Teamsters Public Affairs Council,1
Counties of: Alameda Contra CostaS,1
"County Congestion Management Agency, Alameda County",1
County Sheriff's Departments of: Los Angeles San Bernadino San Diego,1
County and Municipal Employees Asian Americans Advancing Justice - Asian Law Caucus Asian Americans Advancing Justice Southern California Asian Law Alliance Asian Law Caucus Association of California Caregiver Resource Centers Black Women for Wellness Action Project BreastfeedLA California Alliance for Retired Americans California Black Chamber of Commerce California Breastfeeding Coalition California Child Care Resource and Referral Network California Coalition on Family Caregiving California Collaborative for Long-Term Services and,1
County of City of Orange,1
County of Colusa Sutter,1
County of East Bay Municipal Utility District,1
County of Fresno Ventura,1
County of Indivisible Ca-3,1
County of Indivisible Ca-39,1
County of Indivisible Ca-43,1
County of Indivisible Ca-7,1
County of Indivisible Oc 46,1
County of Indivisible Oc 48,1
County of Los Angeles CA Assoc. of Highway Patrolmen CA Council of Police & Sheriffs CA Organization of Police and Sheriffs CA State Assoc. of Counties CA State Sheriffs' Assoc. County of Los Angeles Sheriff's Dept. Los Angeles County Professional Peace Officers Assoc. Sacramento County Deputy Sheriffs' Assoc,1
"County of San Diego California State Association of Counties California Association of Recreation & Park Districts California Park & Recreation Society California Fire Chiefs Association California Special Districts Association Fire Districts Association of California Mosquito & Vector Control Association of California California Association of Sanitation Agencies Association of California Water Agencies California Association of Resource Conservation Districts The Independent Cities Association California State Sheriffso Association California Library Association California Association of Resource Conservation Districts Northern California Association of Public Cemeteries Contra Costa County Mayorso Conference Association of Bay Area Governments COUNTIES Alameda County Sheriffos Department Association for Los Angeles Deputy Sheriffs Los Angeles County Fire Department Los Angeles County Sheriffos Department Counties of Alameda, Fresno, Glenn, Humboldt, Inyo, Kings, Riverside, Sacramento, San Benito, San Diego, San Joaquin, Santa Barbara, Santa Clara, Ventura, and Yolo Cities of Alameda, Alhambra, Anaheim, Arcadia, Bakersfield, Baldwin Park, Benicia, Berkeley, Brea, Brentwood, Ceres, Chula Vista, Covina, El Cajon, Foster City, Garden Grove, Glendale, Hayward, Huntington Beach, La Habra, Livermore, Lompoc, Los Alamitos, Los Angeles, Los Gatos, Madera, Menlo Park, Modesto, Monterey Park, Moreno Valley, Morgan Hill, Novato, Oakland, Ontario, Palmdale, Palo Alto, Pasadena, Pinole, Placentia, Pomona, Poway, Rancho Cucamonga, Rancho Mirage, Richmond, Rolling Hills Estates, Sacramento, San Bernardino, San Bruno, San Diego, San Francisco, San Gabriel, San Jose, San Luis Obispo, San Mateo, Santa Ana, Santa Barbara, Santa Clara, Santa Fe Springs, Santa Rosa, Saratoga, Shafter, Stockton, Sunnyvale, Thousand Oaks, Torrance, Vacaville, Vallejo, Vista, Walnut Creek, and Woodlake SPECIAL DISTRICTS East Bay Municipal Utility District Sierra Resource Conservation District Fresno Westside Mosquito Abatement District Tehama County Mosquito Abatement District Turlock Mosquito Abatement District West Side Mosquito & Vector Control District Kern Mosquito & Vector Control District Alameda County Mosquito Abatement District San Mateo County Mosquito Abatement District San Miguel Consolidated Fire Protection District Apple Valley Fire Protection District Borrego Springs Fire Protection District Tamalpais Fire Protection District Bennett Valley Fire Protection District Ebbetts Pass Fire District Valley of the Moon Fire District Lakeside Irrigation Water Districts Fresno Metropolitan Flood Control District Eastern Municipal Water District Santa Clara Valley Water District Sacramento Metropolitan Water Authority Contra Costa Water District Jurupa Area Recreation & Park District Coachella Valley Recreation & Park District Livermore Area Recreation & Park District Beaumont-Cherry Valley Recreation & Park District Paradise Recreation District Hayward Area Recreation and Park District Cordova Recreation and Park District Coalinga-Huron Recreation and Park District Mendocino Coast Recreation & Park District Rancho Simi Recreation and Park District Lemoore Cemetery District Willows Cemetery District Orange County Cemetery District Paradise Cemetery District Auburn Cemetery District Paso Robles District Cemetery San Jacinto Valley Cemetery District Elsinore Valley Cemetery District East Dern Cemetery District Alamo-Lafayette Cemetery District Sutter Cemetery District Kern River Valley Cemetery District North County Cemetery District Oak Grove Cemetery District Chowchilla Cemetery District Burney Cemetery District Gridley-Biggs Cemetery District Kirkwood Cemetery District Palm Springs Cemetery District Alameda County Library LABOR, BUSINESS & INDIVIDUALS AFSCME-American Federation of State, County and Municipal Employees Los Angeles County Probation Department Union, AFSCME, Local 685 California Independent Public Employees Legislative Council, Inc. California Professional Firefighters ATMEL Corporation StrataCom, Incorporated Silicon Graphics, Incorporated Hewlett-Packard Company San Jose Metropolitan Chamber of Commerce Members of the Board of Supervisors of Santa Clara County, James Beall, Jr., Ron Gonzales, Mike Honda, and Dianne McKenna Mayors: Randy Attaway, Los Gatos",1
"County of San Luis Obispo Library Commission, Marin County Free Library",1
County of Santa Cruz Department of Public Works Draga Design,1
"County of Santa Cruz, Courage Campaign, Democratic Party of San Fernando Valley, Democratic Socialists of America - Los Angeles, Divest LA, Food & Water Watch, Fossil Free California, Friends of Public Banking Santa Rosa, Friends of the Earth, Friends of the Santa Rosa Climate Action Plan, Green America, Green Party of California, Green Party of Santa Clara County, Greenpower, Healthcare for All California , Housing and Economic Rights Advocates, Humboldt and Del Norte Labor Council, Idle No More, Idle No More - San Francisco Bay, Indivisible Alta Pasadena, Indivisible CA, Indivisible CA - 33, Indivisible California Green Team, Indivisible East Bay, Indivisible Los Angeles, CA - 43, Indivisible Marin, Indivisible San Jose, Indivisible Sonoma County, Indivisible South Bay - LA, Lakota People's Law Project, Lawyers' Committee for Civil Rights of the San Francisco Bay Area, Local Clean Energy Alliance, Los Angeles County Democratic Party, Leadership Council for Justice and Accountability, Media Alliance, Monterey Bay Central Labor Council, NAACP - Santa Cruz Chapter, National Organization for the Advancement of Colored People, North Bay Labor Council AFL-CIO, Northridge Indivisible, Oakland Educators Association, OC Racial Justice Collaborative, Orange County Green Party, Orange County Poor People's Campaign, Our Green Challenge, Our Revolution, Our Revolution Long Beach, Our Revolution Los Angeles, People Demanding Action California, Peace and Freedom Party, People for Public Banking Santa Cruz, People Organizing to Demand Environmental and Economic Rights, Progressive Asian Network for Action, Poder, Public Bank East Bay, Public Bank Los Angeles, Public Bank San Diego, Public Bank Santa Barbara, Public Banking Institute, Public Banking Institute for Action Backbone Campaign, The Resistance - Northridge Indivisible, Revolution LA, Romero Institute, Rooted in Resistance, San Francisco Berniecrats, San Francisco Democratic Party, San Francisco Public Bank Coalition, San Francisco Rising Alliance, Santa Cruz Climate Action Network, Santa Cruz County Democratic Central Committee, Santa Cruz County Democratic Party, Santa Cruz for Bernie, Santa Monica Democratic Club, SEIU California, SoCal 350 Climate Action, Sonoma County Climate Action Network, South Bay Progressive Alliance, Sunrise Movement - Los Angeles, Sustainable Economies Law Center, Teamsters Local 665, The Future Left, Uniyted Domestic Workers AFSCME Local 3930, United Educators of San Francisco, United Food and Commercial Workers Western States Council, Urban Habitat, We the People, Windsor Democratic Club, Women's International League for Peace and Freedom, YIMBY Democrats, YIMBY Democrats of San Diego County",1
County of Solano Del Norte Humbolt Mendicino Sonoma Napa Shasta Placer Yuba San Joaquin Stanislaus San Luis Obispo,1
County of Sonoma Friends Committee on Legislation of California Lutheran Office of Public Policy Housing Advocates Santa Barbara County California Church Impact Homeless Citizens of the State of California,1
County of Town of Danville,1
County of Walnut Creek Alliance for Community Media California Municipal Utilities Association Marin County Cable Rate Regulation JPA Mid-Peninsula Access Corporation Sacramento Metropolitan Cable Television Commission Santa Clara County Cities Association,1
County of Yolo Mohler Realty,1
"County, Long Beach, Los Angeles, Marysville",1
"Crown Poly, East Yard Communities for Environmental Justice, Ecolutions, Future Clean",1
DOJ and the state narcotics officers association,1
Daniel Freeman Marina Hospital / Daniel Freeman Memorial Hospital,1
Danville City of Chula Vista,1
"David Alvarez, 8th Dist. San Diego Coastkeeper San Diego County Water Authority San Diego Unified School District Sierra Club, San Diego Chapter The Friends of Tierrasanta Canyons 32nd Street Canyon Task Force",1
DeMenno/Kerdoon and Environmental Technology,1
Defenders of Wildlife Sierra Club of California,1
"Defense Council, Northwest Coalition for Alternatives to Pesticides, Pesticide Education",1
"Deloitte & Touche LLP, Ernst & Young LLP, KPMG LLP, PricewaterhouseCooper LLP",1
Department of Insurance Office of Insurance Advisor CA Self-Insurers Association National Assoc. of Project,1
Department of Toxic Substances Control: GOVERNOR'S VETO MESSAGE,1
Deposition Reporters Assn. (sponsor)California Court Reporters Assn,1
Dept. of Mental Health (sponsor)CA Assn. of Mental Health,1
"Development Agency, the Department of Industrial Relations, the EDD, the Contractor's State Licensing Board, the California Department of Insurance, the BOE, the Bureau of Automotive Repair and the Attorney",1
Diamond Bar Dixon Downey Duarte Dublin,1
District Attorney Offices of: LA County San Diego County,1
"District Attorneys Counties of: Monterey, Sacramento",1
"District, Sierra Club, South Tahoe Public Utility District, Southern California MG Club, Vallejo Village, Western Boaters Safety Group, Zone 7 Water Agency, Dr. Nachman Brautbar, Clinical Professor of Medicine, USC School of Medicine and Diplomat American Board of Internal Medicine, Thomas Ring, Consulting",1
"Districts, California Firefighters, California Independent",1
"Districts, Marina Recreation Association, Mill",1
"Districts, Norcal Waste Systems, Inc., Solid",1
Dollar For Friends Committee on Legislation of California,1
"East Bay, Orange County, Southern Pacific Region, Oakland-East Bay, Palm",1
"Education Committee, Rexall Sundown, Weider Nutrition Group, Starlight International, and Nutricia. It is not known",1
El Cerrito City of Chula Vista,1
Elk Grove City of Chula Vista,1
"Employees, American Lung Association, California League of Conservation Voters, California Public Interest",1
"Environmental Assn., Chemical Industry Council",1
"Environmental Defense Fund, National Resources Defense Council",1
"Environmental Health Coalition, San Diego Port",1
"Environmental Services Joint Powers Authority, San Diego Gas and Electric, Sempra, Energy, Solid Waste Association of North America, California Chapters, Southern CA Contractors",1
Equal Rights Advocates and California NOW,1
"Exchange, Marin Builders' Exchange, Flasher/Barricade",1
"Eye Care for Animals George Runner, Board of Equalization Member Hemopet Holistic Veterinary Care Meridian Veterinary Care SAGE Centers for Veterinary Specialty and Emergency Care VCA Emergency Animal Hospital and Referral Center",1
FACTS Families Advocating for Green Foothills,1
Fairfield City of Chula Vista,1
Family Court Services of Family Court Services of Stanislaus,1
"Family Farms, Inc., Norcal Waste Systems, Inc., Sierra Club California, South Lake Refuse & Recycling, Southern California Alliance of POTWs, Sun-Land Garden Products (Monterey), Upper Valley Disposal Service, Waste",1
"Family Support Program / Region 8, South Bay Center for Page Counseling",1
"Fence Contractors' Association, Sacramento Builders",1
"Filtration, Central Coast Water Treatment, Inc. (3 letters), Challenger Water International, Inc., Continental Water Softener, Culligan (36 letters), ECO Water Systems (23 letters), Femino's Trattoria, Fremont-Rideout Health",1
Fire Protection Districts: Apple Valley Sacramento County,1
"Fleetwood Homes of California, Inc. -Torlakson Golden West Homes",1
"Forum (Cal Rad Forum), Forest Resources",1
Forum of California American Legion-Department of California American Planning Association - California Chapter AMVETS - Department of California Aspiranet Association of Bay Area Governments Association of Regional Center Agencies Bay Area Council Big Pine Paiute Tribe of the Owens Valley Bridge Housing California Alliance for Retired Americans California Apartment Association California Association for Coordinated Transportation California Association of Council of Governments California Association of County Veterans Service Officers California Bicycle Coalition California Building Industry Association California Catholic Conference California Coalition for Rural Housing California Coalition for Youth California Collaborative for Long Term Services and,1
"Gar Mar Farms (American Sea Horse/Friendly Acres Ranch The Thacher School Several individuals, families, & other organizations)",1
"Gavilan, Glendale, Kern, Los Angeles, Los Rios, Peralta, San Jose-Evergreen, and West Kern Community College Districts",1
Governor and Judicial Council,1
Greater California Livery Association Los Angeles Taxi Workers Alliance Sacramento Taxi Cab Union San Francisco Taxi Workers Alliance San Jose Taxi Drivers Association United Taxi Workers of San Diego One individual,1
"Growers Association, California Farm Bureau Federation, California Grape and Tree Fruit League, Nisei Farmers League, California Citrus Mutual, and the California Association of Nurseries and Garden Centers",1
Guy Towers Saint George Reef Lighthouse,1
"Health Insurance Association of America (HIAA): Household International, Inc",1
Health Net (prior version) An individual,1
"Healthcare Products Association, and Shaklee have changed",1
Hemet San Jacinto Chapter 478 -Hollingsworth Palomar Chapter 455,1
Homeless Action CenterJericho: A Voice for Justice,1
Horton United Airlines,1
Humbolt Domestic Violence Services Next Door Solutions to Domestic Violence Option House Inc. Our Family Coalition Peace Over Violence PreventionWORKS The Trevor Project Tri-Valley Haven Walnut Avenue Women's Center Wild Iris Woman Inc. Women Shelter of Long Beach Women's Law Center Individuals,1
INC. National Rifle Association - Institute for Legislative Action,2
"Impact, California Interfaith Partnership for Children's Health and the Environment, California League of Conservation Voters, California Medical Association, California",1
Inc. Browning Ferris Industries,1
Inc. Concern,1
Inc. Election Integrity Project California,2
Inc. Equifax,1
Inc. Experian,1
Inc. Health Officer of California,1
Inc. National Association of Theater Owners of California,1
Inc. National Rifle Association,1
Inc. National Rifle Associations,1
Inc. Orange County Board of Supervisors,1
Inc. Public Storage,1
Inc. Self-Storage Association,1
Inc. Solar Energy Industries Association,1
Inc. Women's Energy Matter,1
"Indio, Tustin City and County of San Francisco Cities of: Agoura Hills, Alameda, Antioch, Apple Valley, Arcadia, Arcata, Arroyo Grande, Atwater, Avenal, Banning, Bakersfield, Buena Park, Camarillo, Campbell, Carlsbad, Carson, Chico, Chino, Chino Hills, Chula Vista, Claremont, Clearlake, Colton, Concord, Coronado, Culver City, Cupertino, Cypress, Daly City, Danville, El Cajon, Escalon, Escondido, Fairfield, Fontana, Fresno, Fullerton, Garden Grove, Grand Terrace, Hawaiian Gardens, Half Moon Bay, Hawthorne, Hayward, Hemet, Hesperia, Huntington Beach, Imperial Beach, Indio, La Mirada, Lakewood, La Palma, La Verne, Livermore, Loma Linda, Lompoc, Los Alamitos, Los Angeles, Merced, Monterey, Montclair, Moreno Valley, Murrieta, Newport Beach, Norwalk, Oceanside, Ontario, Orange, Oxnard, Pacific Grove, Palmdale, Palm Springs, Pasadena, Piedmont, Placentia, Pomona, Poway, Rancho Cucamonga, Redding, Redlands, Redondo Beach, Rialto, Richmond, Riverbank, Riverside, Rocklin, Sacramento, Salinas, San Anselmo, San Bernardino, San Carlos, San Clemente, San Diego, San Jacinto, San Jose, San Leandro, San Luis Obispo, San Marcos, San Mateo, San Pablo, San Rafael, Sand City, Santa Barbara, Santa Maria, San Pablo, Santa Monica, Sausalito, Selma, Stockton, Sunnyvale, Taft, Tehachapi, Temple City, Thousand Oaks, Tracy, Tulare, Turlock, Tustin, Upland, Vallejo, Vacaville, Victorville, Vista, Walnut, Walnut Creek, Westminster, Willows County of Sacramento Independent Cities Association Councilmember Laura Chick",1
"Individual Chapters of the Brady Campaign from the following Counties and regions: Antelope Valley, Contra Costa, Long Beach, Los Angeles, Marin, Napa, Nevada, Oakland, Orange County, Pomona, San Joaquin, Sacramento Valley, San Diego, San Fernando Valley, San Francisco, San Mateo, Santa Barbara, Santa Clara, Santa Cruz, South Bay LA, and Tri City Alameda County",1
"Individual Chapters of the Brady Campaign from the following Counties and regions: Contra Costa County, Long Beach, Los Angeles, Marin, Oakland/Alameda, Orange, Pomona, Sacramento Valley, San Diego, San Fernando Valley, San Francisco, San Mateo, Santa Barbara, and Santa Clara",1
"Individual Classified Senates:: Las Positas College, Long Beach City College, Saddleback College, San Joaquin Delta College, Santa Monica College, Sierra Joint Community College, West Valley College, Feather River College, Butte-Glenn Community College, Mesa College, Mira Costa Community College, 4Cs Classified Senate",1
"Indivisible: 36, 41, CA 25 Simi Valley-Porter Ranch, CA 43, CA 45, Alta-Pasadena, Auburn CA, Beach Cities, California Green Team, Claremont/Inland",1
"Industrial Environmental Association, Stanford",1
"Industries Alliance, Hewlett-Packard Company, Osram Sylvania, Silicon Valley Manufacturing",1
Industries California Manufacturers and Technology Association,1
"Industry Association, California Business Properties Association, California Chamber of Commerce, California State Association of Counties, Consulting Engineers & Land Surveyors of California, Regional Council of Rural Counties",1
"Institute and the Treated Wood Council, California Association of Harbor Masters and Port Captains, California Association of Port",1
"Institute for Conflict Management, St. Vincent De Paul Center for Community",1
Institute for Justice Lawyers' Committee for Civil Rights of the San Francisco Bay Area Legal Services for Prisoners with Children Los Angeles Regional Reentry Partnership Justice Not Jails MAAC Mujeres Unidas y Activas National Association of Social Workers - California Chapter National Day Laborer Organizing Network National Immigration Law Center Pangea Legal Services PICO California Placer People of Faith Presente.org Progressive Christians Uniting Red Mexicana de Lideres y Organizaciones Migrantes Santa Clara County Public Defender's Office Silicon Valley De-Bug Solutions for Immigrants William C. Velasquez Institute Vital Immigrant Defense Advocacy and Services,1
"Institute, Orange County Business Council, Pajaro Valley Water Management Agency, Public Citizen, Inc., Solano County Water Agency, Sonoma County Water Agency, Southern California",1
Integrated Waste Management Task Force Los Angeles County Waste Management Association,1
"International Brotherhood of Electrical Workers, Local 57 & 569",1
"International Brotherhood of Electrical Workers, Local 595 ( International Brotherhood of Electrical Workers, Local 617 (San Mateo) National Fire Protection Association Residential Fire Safety Institute Safe Kids California State Association of Electrical Workers)",1
"Joint letter from: Apartment Association, CA Southern Cities",1
"Judicial Council California State Association of Counties American Federation of State, County and Municipal Employees (AFSCME) AFSCME Local 101 AFSCME District Council 57 California Independent Public Employees Legislative Council Service Employees International Union Coalition for Justice California District Attorneys Association Regional Council of Rural Counties County of Los Angeles",1
"Justice, Pacoima Beautiful, Physicians for Social Responsibility-LA, Planning and Conservation League, ProUno",1
Kaiser Permanente and the Employers Health Care Coalition of Los Angeles,1
LA County Chicano Employees Assn.Americans Against Discrimination and Advocates for Equality,1
"Labor Federation, AFL-CIO, California Public Health Association - North, Clean Water Action, Environment California, National Environment",1
"Labor Management Committee, J. H. Baxter & Company, Los Angeles County Sanitation",1
Lafayette City of Chula Vista,1
Laguna Beach City of Chula Vista,1
Lakewood City of Arcadia,1
Lakewood City of Bellflower,1
Latin American Dental Association and the Indian Dental Association of California,1
Latino Coalition for A Healthy California (One letter) California School Employees Association California School Nurses Organization California School-based Health Alliance California State Council of Service Employees International Union (SEIU California) California Teachers Association CaliforniaHealth+ Advocates Center for Ecoliteracy Center for Food Safety,1
Lawyers for Human Rights: The Lesbian Gay Bar Association of Los Angeles,1
Legal Services of Northern California and the California Law Revision Commission,1
"Legislative Counsel of California, Accounting: Federal",1
Livermore City of Bellflower,1
Livermore City of Chula Vista,1
Long Beach Water Department Water Replenishment District of So. CA,1
Los Angeles City of Arcadia,1
"Management Authority, California Commission for Economic Development, California League of Conservation Voters, Californians Against",1
"Management District, California Earth Corps, California League of Conservation Voters, California Natural Gas Vehicle Coalition, California Public Interest Research Group, Clean Power Campaign, Clean Water Action, Defenders of Wildlife, East Bay Municipal",1
"Management District, Clean Power Campaign, Planning and Conservation League, Sierra Club",1
"Management, Inc. Orange Co. Chambers of Commerce Westminster Fullerton",1
"Manufacturers and Technology Association, California Radioactive Materials Management",1
"Manufacturers and Technology Association, Central California Irrigation District, Coalition of Central Coast County Farm Bureaus, Columbia Canal Co., Cotton Growers of California, Crane Mills, Firebaugh Canal Water",1
"Manufacturers and Technology Association, City",1
"Manufacturers, California Council for Environmental and Economic Balance, California",1
"Margarita, Rosemead, Santee, Coalition for Practical Regulation, Director of Public Works",1
"Marin Cancer Project Individuals: Myles Cockburn (Assistant Professor, USC Keck School of Medicine)",1
"Marshall & Kates, law firm Westmac",1
"Martin corporations, Western States Petroleum Association",1
Martinez City of Chula Vista,1
"Mayors, Cities of Chula Vista, Carlsbad, Huntington Beach, Claremont, San San Jose, San Bernardino, Yuba City, Rialto, Downey, Capitola, Angeles, Ontario, Port Hueneme, Brawley, Brentwood, Marysville, Fairfield, Los Gatos/Monte Sereno, Pomona, Livermore, Santa Maria, Claremont, Glendora, Signal Hill, Redding, Santa Barbara, Foster City, Berkeley, Sacramento, El Segundo",1
Michael F. Dillon & Associates Inc. for The California Veterinary Medical Association,1
Millbrae Mill Valley Milpitas Mission Viejo,1
Modesto Monrovia Monterey Monterey Park,1
"Monterey County, Oakhurst, Oakland",1
Moreno Valley City of Chula Vista,1
Mountain View Mt. Shasta Napa National City,1
Municipal Employees California National Organization for Women,1
"Municipal Employees, American Lung Association",1
"Municipal Utilities District, East Bay Regional Park",1
"National IPA Coalition Miguel Contreras, Executive Secretary Treasurer, LA County Federation of Labor, AFL-CIO California Association of Dental Plans Pacific Care of California American Medical Group Association",1
"National Stewardship Action Council (NSAC Natural Resource Defense Council (NRDC) Natural Resources Council of Maine No Plastic Oceans Oceana Pacific Forest Trust Plastic Pollution Coalition Recology, Inc. Refill Madness, LLC Republic Services Repurpose, Inc. RethinkWaste Save Our Shores Seventh Generation Advisors Shizen and Tataki Restaurants Sierra Club California St. Francis Center Stopwaste Surfrider Foundation Sustain LA Sustainable Environmental Management Co. TDC Environmental, LLC Teamsters Local Union No. 396 The 5 Gyres Institute The Center For Oceanic Awareness, Research, and Education (COARE) The River Project The Story of Stuff Project The Trust for Public Land The Watershed Project Tonic Nightlife Group TreePeople Tri-City Economic Development Corporation UPSTREAM Wholly H2O WILDCOAST Wishtoyo Chumash Foundation Zero Waste USA)",1
"Natural Resources Defense Council (NRDC) and NRDC Action Fund, in support of",1
Negrete McLeod Antelope Valley Hospital,1
Negrete McLeod Sexual Assault Victim Services-Orange County,1
"Neighborhood Resource Center, University of Southern California",1
"Network, Clean Power Campaign, Consumers for Auto Reliability and Safety, Consumers Union, Environment California, Global Green USA, Green",1
"Nevada Conference United Church of Christ, Petaluma United Church of Christ, Southern California Conference United Congregational Christian Church, Lodi United Japanese Christian Church United Lesbians of African Heritage",1
Nichols ( Berman Environmental Planning Pacific Forest Trust Palo Alto City Council Planning and Conservation League Russian Riverkeeper Sacramento Audubon Society San Diego Audubon Society Save the Bay Sierra Club California Surfrider Foundation Trust for Public Land Union of Concerned Scientists),1
Northwestern California University School of Law of Pacific Coast University School of,1
Oakley City of Chula Vista,1
"Office of the Sheriff of:: Alameda County, Butte County, Imperial County, Kern County, Marin County, Monterey County, Plumas County, San Diego County, Santa Barbara County, Sonoma County, Stanislaus County, Yolo County",1
Officials (NALEO Educational Fund Alcaldia Municipal De San Salvador SHARE Foundation The Salvadoran-American Leadership and Education Fund (SALEF) Consulado General De El Salvador Centro Latino Cuzcatlan Dolores Mission Catholic Church Association of Salvadoreans of Los Angeles),1
"Orange County Alcohol, Tobacco, and Other Drug Policy Council OPPPOSE : Friday Night",1
Orange County Business Council and Interfaith Coalition for Social Justice,1
Orange County Employees Assoc. Tehama,1
Orange County Musicians' Association Santa Ana Unified School District,1
Orcon Corporation Electrical Workers,1
"Organization for Women (CA NOW) Center for Community Action and Environmental Justice, Center for Environmental Health, Clean Water",1
Ortiz California Conference of Local Health Department Nursing Directors,1
Our Lady of Perpetual Help ChurchWOMEN FOR: American Assoc. of University,1
Our Lady of Perpetual Help ChurchWOMEN FOR: Capitol Resource Institute,1
"Pacific Forest Trust, Defenders of Wildlife, and the California Native Plant Society, in support of",1
"Pacific Gas & Electric Company ( Phibrotech Printed Circuit Board Alliance Romic Environmental Technologies Corporation Safety-Kleen, Inc. Surface Technologies Association Technichem, Inc. U.S. Borax, Inc. Waste Management of California California Association of Professional Scientists California League of Conservation Voters Planning and Conservation League)",1
Peace Officers Research Association of California -Leno CDF Firefighters,1
Personal Insurance Federation of Inc.California Association of Collectors,1
"Pharmaceuticals, Moravek Biochemicals, Southern California",1
Physicians (sponsor) Blue Shield of California,1
Planned Parenthood Affiliates of CA Abortion and Reproductive Rights Action League (CARAL) LIFE: CA Lesbian/Gay and Anti-Defamation League,1
Planned Parenthood Affiliates of California CA Abortion and Reproductive Rights Action League (CARAL) LIFE: CA Lesbian/Gay and,1
Planning and Conservation League Sempra Energy,1
"Planning and Conservation League, Trust for Public Lands",1
Pleasant Hill City of Chula Vista,1
"Police Captains (3), Gilroy Police Department",1
"Police Departments for the following cities: Anaheim, Brea, Buena Park, Costa Mesa, Cypress, Fountain Valley, Fullerton, Garden Grove, Huntington Beach, Irvine, PageB Laguna Beach, La Habra, La Palma, Los Alamitos, Newport Beach, Orange, Placentia, Santa Ana, Seal Beach, Tustin, Westminister",1
"Police Departments of the cities of Anaheim, Auburn, Alameda, Arcata, Bakersfield, Barstow, Burbank, Chino, Chula Vista, Cotati, Delano, Fontana, Glendale, Grass Valley, La Habra, Hayward, Hemet, Huron, Irvine, Laguna Beach, Lompoc, Los Altos, Mammoth Lakes, Mill Valley, Montebello, Monterey Bay, Moreno Valley, Newport Beach, Oakdale, Orange, Pasadena, Roseville, San Gabriel, Salinas, San Luis Obispo, Sonoma, Sonora, Stockton, Twin Cities (Police Authority), Torrance",1
Port Hueneme Poway Rancho CucamongaRancho Mirage,1
"Power Campaign, Coalition for Clean Air, Natural Resources Defense Council, Planning and Conservation League, Sierra Club California, South Coast Air Quality Management District, Union of Concerned Scientists",1
"Professional Engineers, Inc. Executives, USA",1
"Program, IMS Recycling Services, League of California Cities, Norcal Waste Systems, Inc., Peninsula Sanitary Service, Inc., Planning and Conservation League, Potential Industries, Inc., Rincon Recycling, San Luis Garbage Co., San Luis Obispo County Integrated Waste",1
"Project Area Committee member, League of California Cities, Christopher Sutton, Esq., C. Robert Ferguson, Esq., Proposed Adelante Eastside Redevelopment Project",1
Properties Assn. San Diego Industrial,1
Protection & Advocacy Health Officer of California,1
"Protection and Advocacy, Inc. (PAI People First of California, Inc. Area 4 Developmental Disabilities Board Developmental Disabilities Area Board 10 California Association of Public Authorities (CAPA) Association of Regional Center Agencies (ARCA) California State Council on Developmental Disabilities)",1
"Public Employees Legislative Council, California Public Parking Association, California Transit Association, Independent",1
"Publishing Services, Weldon Associates Ltd., Williams Companies, Inc., 5,406 letters from individuals",1
"Race, Poverty & the Environment, Citizens for Improving Colton, Coalition for Clean Air, Commerce City Council",1
"Radioactive Materials Management Forum, ICN",1
Raley's: Ralphs Grocery Company,1
"Ranch, Friends Committee on Legislation of California, Lutheran Office of Public Policy-California, RiverWatch",1
"Rancho Monserate Country Club Homeowners Association, Inc. - sponsor Cornerstone Home Lending, Inc. NLC loans San Diego County Board of Supervisors Sequoia Home Funding The Loftin Firm Western Manufactured Housing Communities Association",1
"Real Property Section, California State Bar [SPONSOR]None on",1
"Recycling Industries, California Manufacturers and Technology Association, California Refuse",1
Reform (sponsor) Intl. Assn. for Financial Planning,1
ReformConsumer Attorneys of California,1
"Removal Council, League of California Cities, Los Angeles County Integrated Waste Management",1
"Responsibility-Los Angeles, Physicians for Social Responsibility-San Francisco Bay Area",1
"Rhoda Grossman (Illustration Digital Painting California Lawyers for the Arts American Society of Media Photographers Peter Friedrich (Charette Communication Design) California Arts Advocates International Union, United Automible, Aerospace & Agricultural Implement Workers of America - UAW California Labor Fedration, AFL-CIO Amy Atkinson, Sr. Graphic Designer of Palo Alto Mague Calanche, Graphic Artist of San Francisco Patrica McShane, Graphic Artist of Berkeley Ron Sanford Photography Cynthia Burcena-Jones, of Walnut Creek Deborah Prince of Santa Rosa Patrick Knisely of West Hollywood Suzanna Kredenser of Los Angeles Hae Yuon Kim, Owner, Tobi Design Brian Zick, Graphic Artist, of Los Angeles Norbert Wu, of Pacific Grove Isabel Samaras, of San Francisco Pete McDonnell Illustration of San Francisco)",1
"Robert C. Cline Company, on behalf of Technic Tools Corporation",1
"Rural Legal Assistance Foundation, Western Center on Law & Poverty",1
SBx4 2 California Attorneys for Criminal Justice,1
"SEIU 535 (American Federation of Nurses, Social Service Senior Action Network Senior Medi-Benefits Service Employees International Union United Nurses Association Vote Health Coalition women for)",1
STAFF ANALYSIS OF SENATE JOINT RESOLUTION 3 (Karnette et California Commission on the Status of Women California Family Health Council CommuniCare Health Centers Gray Panthers California Isle City of Alameda Business and Professional Women Santa Cruz Women's Health Center),1
"Safari Club International: Second Amendment Sisters, Inc",1
Safe Routes to School: Marin County Public Works,1
Safety and Enforcement Division Security and Resilience for California,1
Salinas City of Bellflower,1
San Bernardino Valley Chapter 0073 -Hollingsworth San Gabriel Valley Chapter 388,1
"San Diego City Councilmember Chris Ward, the San Diego County Regional Airport Authority, Circulate San Diego, International Brotherhood of Electrical Workers Local 569, Port of San Diego, Unite Here Local 30",1
San Diego County and the San (Schiff) Court,1
San Diego The Climate Reality Project,1
San Diego [] Cupertino Eureka Livermore Norco Oceanside Poway Santee Stockton Vista,1
"San Francisco Mayor Mark Farrell, Lieutenant Governor Gavin Newsom, State Controller Betty Yee, Barbary Coast Neighborhood Association, Bay Area Council, Bay Planning Coalition, California State Lands Commission, City and County of San Francisco, Port of San Francisco Maritime Commerce Advisory Committee, Port of San Francisco Central Waterfront Advisory Group, Port of San Francisco, Port of San Francisco North East Waterfront Advisory Commission, Port of San Francisco Waterfront Plan Working Group, San Francisco Chamber of Commerce, San Francisco Eastern Neighborhoods Democratic Association, San Francisco Travel Association, South Beach/Rincon/Mission Bay Neighborhood Association, Walk San Francisco, two individuals",1
San Gabriel Valley Chapter 388 -Hollingsworth Hemet San Jacinto Chapter 478,1
San Jacinto San Juan BautistaSan Juan CapistranoSan Leandro,1
San Jose City of Bellflower,1
"San Mateo Building Trades Council, Plumbers and Steamfitters Local 159",1
San Pablo City of Bellflower,1
San Ramon City of Chula Vista,1
"Say San Diego (social Advocates for Youth Self-help Enterprises Senior Coastsiders Senior Services Coalition of Alameda County Seniors Council of Santa Cruz & San Benito Counties Sensory Integration Education and Research Foundation Sequoia Consulting Associates, LLC Sequoia Riverlands Trust Service Center for Independent Life SEWA-AIFW SF SCORE Shadow Husky Rescue, INC. Shining STAR Consulting Sierra Nevada Alliance Sierra Service Project Silicon Valley Council of Nonprofits Simbi Community Development Siskiyou Land Trust Sisters of St. Joseph Healthcare Foundation SLO Village Smile Unto Him So Say We All SoCal Grantmakers Social I Collective Somali Bantu Association of America South Central Prevention Coalition South Coast Sustainable Spirit House Center for Attitudinal Healing St John Boys Home, INC St. Anthony High School Stand! for Families Free of Violence Streams in The Desert Foundation, INC. Susan Hayes, Nonprofit & Communications Consulting Sustainable Claremont Sycamores Taulama for Tongans TDTD Foundation The Animation Guild Foundation The Arc of Butte County The C.U.P. of Empowerment Coalition The Center in Hollywood The Child Abuse Prevention Center The Forestry and Fire Recruitment Program The Francisco Homes The Grantsmanship Center The Greenlining Institute The Heart of Ida The Helping Hand Worldwide The Mom & Dad Project The New Beginning Fellowship Center The New Libya The Nonprofit Partnership The South Coast Chorale The Unusual Suspects Theatre Company The Village Project, INC. The Wise Woman Ways The Zelma Foundation for Women's Mental Wellness Three Little Birds Agency Thrive Meshack-Edison Rehabilitation Services Tomales Town Hall Trans Can Work Tree Foundation of Kern TreePeople Tri Valley Haven Tri-valley Air Quality Climate Alliance Tri-valley Nonprofit Alliance Trinity Foster Family Services of The Bay Area Trippinz Care INC Trout Unlimited Tuleyome Tuolumne River Trust Turn-the Utility US Health, INC. Ultimate Restoration Unlimited, INC. United Latino Voices of Contra Costa County United Ways of California Vaad of Northern California Valley Intercommunity Council Valley Restart Shelter Ventura Land Trust Vic-valley Intercommunity Council Village Community Resource Center Village of Sonoma Valley Vista Center for The Blind and Visually Impaired Vital Arts Walden Family Services Walnut Avenue Family & Women's Center Walter Munk Foundation for The Oceans We are One United We are Up We Save the World Welcoming Interim Shared Housing West Valley Community Services Westside Food Bank Wild Sage Horse Rescue Wings of Wisdom With Open Arms INC. Without Permission, INC. Women's Economic Ventures Women's Empowerment World Be Well Organization Yerba Buena Gardens Festival You are More Youth Transportation Organization Yreka Community Farmers Market Yuba Sutter Arts & Culture Zen Caregiving Project)",1
"Say San Diego (social Advocates for Youth Self-help Enterprises Senior Coastsiders Senior Services Coalition of Alameda County Seniors Council of Santa Cruz & San Benito Counties Sensory Integration Education and Research Foundationn Sequoia Consulting Associates, LLC Sequoia Riverlands Trust Service Center for Independent Life Sewa-aifw Sf Score Shadow Husky Rescue, INC. Shining STAR Consulting Sierra Nevada Alliance Sierra Service Project Silicon Valley Council of Nonprofits Simbi Community Development Siskiyou Land Trust Sisters of St. Joseph Healthcare Foundation Slo Village Smile Unto Him So Say We All Socal Grantmakers Social I Collective Somali Bantu Association of America South Central Prevention Coalition South Coast Sustainable Spirit House Center for Attitudinal Healing St John Boys Home, INC St. Anthony High School Stand! for Families Free of Violence Streams in The Desert Foundation, INC. Susan Hayes, Nonprofit & Communications Consulting Sustainable Claremont Sycamores Taulama for Tongans Tdtd Foundation The Animation Guild Foundation The Arc of Butte County The C.u.p. of Empowerment Coalition The Center in Hollywood The Child Abuse Prevention Center The Forestry and Fire Recruitment Program The Francisco Homes The Grantsmanship Center The Greenlining Institute The Heart of Ida The Helping Hand Worldwide The Mom & Dad Project The New Beginning Fellowship Center The New Libya The Nonprofit Partnership The South Coast Chorale The Unusual Suspects Theatre Company The Village Project, INC. The Wise Woman Ways The Zelma Foundation for Women's Mental Wellness Three Little Birds Agency Thrive Meshack-edison Rehabilitation Services Tomales Town Hall Trans Can Work Tree Foundation of Kern Treepeople Tri Valley Haven Tri-valley Air Quality Climate Alliance Tri-valley Nonprofit Alliance Trinity Foster Family Services of The Bay Area Trippinz Care INC Trout Unlimited Tuleyome Tuolumne River Trust Turn-the Utility US Health, INC. Ultimate Restoration Unlimited, Uru INC. United Latino Voices of Contra Costa County United Ways of California Vaad of Northern California Valley Intercommunity Council Valley Restart Shelter Ventura Land Trust Vic-valley Intercommunity Council Village Community Resource Center Village of Sonoma Valley Vista Center for The Blind and Visually Impaired Vital Arts Walden Family Services Walnut Avenue Family & Women's Center Walter Munk Foundation for The Oceans We are One United We are Up We Save the World Welcoming Interim Shared Housing West Valley Community Services Westside Food Bank Wild Sage Horse Rescue Wings of Wisdom With Open Arms INC. Without Permission, INC. Women's Economic Ventures Women's Empowerment World Be Well Organization Yerba Buena Gardens Festival You are More Youth Transportation Organization Yreka Community Farmers Market Yuba Sutter Arts & Culture Zen Caregiving Project)",1
Schiff California Association of Clerks and Elected Officials,1
Selma Signal Hill Simi Valley South Lake Tahoe,1
Sempra Energy: Lawrence Lingbloom,1
"Service Employees International Union (cosponsor California Distributors Association California Conference Board of the Amalgamated Transit Union California Conference of Machinists California Employment Lawyers Association California Immigrant Policy Center California School Employees Association California Teamsters Public Affairs Council California Work & Family Coalition Consumer Attorneys of California Engineers and Scientists of California, Local 20, AFL-CIO Equal Rights Advocates Greater Sacramento Urban League Unite Here United Food and Commercial Workers Union, Western States Council Utility Workers of America)",1
"Sheriff, Butte County Sheriff, Ventura County (following from author)",1
"Sheriffs, California Association of Resource Conservation",1
"Solano County Health and Social Services Department, Public Guardian",1
"South Bay, Sacramento, San Diego County, San Francisco, Southern Pacific Region, Temecula Valley, Ventura County PFLAG |National Office Pioneer Congregational United Church of Christ, Sacramento Planned Parenthood Affiliates of California Planned Parenthood Golden Gate Plymouth United Church of Christ, Oakland Pride at Work AFL-CIO, National Office Pride at Work AFL-CIO, Southern California and Washington, D.C. Progressive Christians Uniting Progressive Jewish Alliance Protection & Advocacy, Inc. Public Advocates Rainbow Community Center of Contra Costa County Rock The Vote SAC Legal Saint George's Episcopal Church, Laguna Hills Saint John's Presbyterian Church Saint Mark's United Methodist Church, Sacramento Saint Paul Lutheran Church, Oakland Saint Paulus Lutheran Church, San Francisco San Diego Democratic Club San Diego LGBT Center San Francisco AIDS Foundation San Francisco Labor Council, AFL-CIO San Francisco LGBT Community Center San Francisco NOW San Francisco Zen Center San Leandro Community Church San Luis Obispo County Democratic Central Committee San Mateo County Board of Supervisors Santa Clara County Bar Association Santa Cruz County Clerk Gail Pellerin Scouting for All Sebastopol City Council Service Employees Service Employees International Union Local 535 Service Employees International Union Local 790 Service Employees International Union Local 99 Seventh Avenue Presbyterian Church, San Francisco Shepard of the Hills Lutheran Church, Berkeley Silicon Valley Atheists Socially Active Youth of California Sonoma County Board of Supervisors South Hayward Parrish Southern California Lambda Medical Association Stonewall Democratic Club of Greater Sacramento Suisun Fairfield UCC Tenderloin Housing Clinic The Center Orange County The Workmen's Circle Thirty-Third Assembly District, California Democratic Party Town of Fairfax, California Transgender Law Center Unitarian Universalist Legislative Ministry California UNITE HERE, Western States Regional Joint Board United Church of Christ, Northern California",1
South Central Coast The Climate Reality Project,1
South Gate City of Chula Vista,1
South San Francisco Stanton St. HelenaStockton,1
Southern District Norcal Waste Systems,1
Speier California Assessors Association,1
"Sponsors: Associated Electric & Gas Insurance Services Limited, AKA Marine & Aviation Insurance (U.K.) Limited, Great Lakes Insurance (U.K.) PLC, Heddington Insurance (U.K.) Limited, Liberty Mutual Insurance Company(U.K) Limited, Norwich Union Fire Insurance Society Limited, St. Paul Reinsurance Company Limited, Skandia International Insurance Corporation, SR International Business Insurance Company Limited, Terra Nova Insurance Company Limited, The Threadneedle insurance Company Limited, Through Transport Mutual Insurance Company (U.K.) Limited, UNI Storebrand Skadeforsikring AS, Underwriters at Lloyd's, London, Unionamerica Insurance Company Limited",1
"Stanislaus County Commission on Aging -Alquist Juanita Beighele, Senior Assembly Member",1
"States Petroleum Assn., California Council for Environmental and Economic Balance, California",1
Sunnyvale City of Chula Vista,1
"Sunrise and Tracy California Park and Recreation Society Sunrise Recreation and Park District Thousand Oaks/Conejo Valley Chamber of Commerce Conejo Recreation and Park District Moreno Valley, Office of the Mayor Numerous proprietors of skateboard and in-line skate shops",1
"Support based on an earlier version of the bill American Lung Association of California, California League of Conservation Voters, Coalition for Clean Air, Natural Resources Defense Council, Planning & Conservation League, Sierra Club of California",1
"Surveyors of California, Family Winemakers of California, Forest Landowners of California, Kern County Water Agency, Lumber Association of California and Nevada, Regional Council of Rural Counties, Resource Landowners, Coalition, Transportation Corridor Agencies of Orange",1
"Surveyors of California, League of California",1
"Technology (CAMLT), the California Association of Public Health Laboratory Directors (CAPHLD) and the California",1
"Technology Industry Association, Electronic",1
"The ACLU, the CA Teamsters, CA Attorneys for Criminal Justice (CACJ), and CA Public Defenders Association",1
"The Area Agency on Aging Council of California (TACC The Permanente Medical Group, Inc. Tuolumne County Department of Social Services UCSF Stanford Health Care Urban Counties Caucus Ventura County Board of Supervisors West Sacramento Commission on Aging Wordbridges Yolo County Community Action Board/Social Services Advisory)",1
The Association for Los Angeles Deputy Sheriffs Union of American Physicians and Dentists,1
The CA Public Defenders Association and CA Attorneys for Criminal Justice,1
"The California Association of Health Plans (CAHP), the California Chamber of Commerce and individual",1
"The California Association of Health Plans, individual health plans such as United Healthcare and Blue",1
The California State Association of Counties (CSAC) and the California Assessors Association (CAA),1
"The Capitol Resource Family Impact, in association with Capitol Resource Institute",1
The County Health Executives Association of California and the California Conference of Local Health,1
The Doctors' Company Academy of Pediatrics,1
"The Domestic Abuse Helpline for Men and Women, the National Coalition of Free Men and several individuals",1
The Foundation for Taxpayer amd Consumer Rights Group Commerce Group,1
The Greenlining Institute California Breast Cancer Organization,1
The Judicial Council and the CA Judges Association,1
The League of California Cities and the California State Association of Counties (CSAC),1
The Lutheran Office of Public The Ocean Foundation,1
"The Sierra Fund (Sponsor) Office of Attorney General City of Nevada City East Bay Municipal Utility District ADRO Environmental, Inc. Amador Land Trust Amador Olive Oil American Land Conservancy American Rivers Andrea Lawrence Institute for Mountains and Rivers Bay Institute Blue Belly Farm Blue Mountain Community Renewal Council Brunswick Veterinary Clinic California Native Plant Society (Redbud Chapter) California Oaks Foundation California Trout California Wilderness Coalition CA-Nev Conf. of Operating Engineers CASA of Mariposa County Center of Sierra Nevada Conservation Chatten-Brown & Associates Coldwell Banker Grass Roots Realty Creekside Financial DayStar Solar (Grass Valley) Darla Guenzler: Board member, Sierra-Cascade Land Trust Diamond Valley Company, Publishers (Markleeville) East Bay Municipal Utility District Eastern Sierra Advocates Network Eastern Sierra Land Trust Ebbetts Pass Forest Watch El Dorado County (unless amended) Environment California Environmental Priorities Network Extasia, Inc. (Nevada City) Foothill Conservancy Friends of Deer Creek (Nevada City) Friends of Hope Valley Friends of the River Lassen Forest Preservation Group Lassen Land and Trails Trust Los Angeles Water Conservation Council Mammoth Mountain Ski Area Mariposans for Environmentally Responsible Growth Mono County Mono Lake Committee Mono Market (Lee Vining) Mountain Alliance (Arnold, CA) Mountain Area Preservation Foundation Mountain Lion Foundation Mountain Meadows Conservancy Natural Heritage Institute Nevada County: Supervisor Van Zant North Fork Community Development Council (North Fork) Placer County: Supervisor Rex Bloomfield Placer Land Trust Planning and Conservation League Real Estate Construction Investments Renegade Productions (Tahoe City) Restore Hetch Hetchy River Ridge Ranch Rural Quality Coalition of Nevada County Sacramento Valley Environmental Water Caucus Save Round Valley Alliance SEIU Sequoia Riverlands Trust SF Parking Sierra Foothills Audubon Society Sierra Foothills Thoroughbreds Sierra Nevada Alliance Sierra Watch Snowlands Network Sonora Mayor Marlee Powell Sorensen's Resort South Yuba Citizens League Sutter Creek Partners The Earth Store Truckee Donner Land Trust Trust for Public Land Tuolumne River Trust Warren Marr Photography Wilderness Society Wolf Creek Wilderness Wright, David",1
The State Bar of CaliforniaHarriett,1
"The cities of: Concord, Davis, Pleasanton, Santa Barbara, and Sunnyvale",1
Thomas California Budget Project,1
Thousand Oaks: Independent Cities Association,1
Tort Reform Department of Consumer Affairs,1
"Towns of Apple Valley, Danville, Mammoth Lake, Paradise, Windsor and Yountville",1
Transportation AuthorityAssociation for Los Angeles Deputy,1
Trusts and Estates Section of the State Bar of California: County of San Diego,1
Turning Point Counseling and Educational Services California Partnership to End Domestic Violence (neutral position),1
"UFCW, AFL-CIO & CLC, Local 839: Union 155",1
"UNITE HERE! Local 11: American Federation of State, County & Municipal Employees, Service Employees International Union, United Food and Commercial International Union-Local 1442, California Federation of Labor, SEIU Local 817, SEIU Local 660, Laborers Local 777, San Mateo County Central Labor Council, United Teachers of Los Angeles, North Valley Sponsoring",1
"Unites States Attorneys Nora Manella (Central District of California), Charles Stevens (Eastern District of California), Alan Bersin (Southern District of California), and Michael Yamaguchi (Northern District of California)",1
University of California Student Association CCWRO,1
"University of California at San Diego, Center for Public Interest Law",1
"University, US Ecology, Otto G. Raabe, Ph.D., Professor Emeritus, (Board Certified Health Physicist), UC Davis",1
"Valley Lumber Company, Norcal Waste Systems, Inc., Northern California Marine Association, Pacific Gas and Electric Company, Regional",1
"Valley Transportation Authority, State Board of Equalization, Urban Counties Caucus",1
Veterans for Peace Jon Castro Chapter 19 (sponsor) Los Angeles LGBT Center,1
Victorville Independent Cities Assoc. of Apple Valley League of CA Cities Santa Cruz Local Agency Formation,1
"Visitors Council Los Angeles, Lord's Cleaners, Lori's Tailors and Cleaners, Los Angeles LDC, Inc., Los Angeles Unified School District, Moroni Inc., Natural Resources Defense Council, North Hollywood Neighborhood Council, Ogden's",1
"Voters, California National Organization for Women, California Public Interest Research",1
"Voters, Californians Against Waste, Center for Environmental Health, Environment California, Heritage Bag Company, Natural Resources Defense",1
"WEGGELAND, CALDERA, KILLEA",1
Walnut Creek City of Chula Vista,1
"Waste, California Communities Against Toxics, California Environmental Rights Alliance, California Safe Schools, Center for Environmental Health, Clean Water Action, Children's Environmental Health Network, Del",1
"Waste, Center for Safe Energy, Grandmothers for Peace, Greenaction for Health and Environmental",1
"Water District of Southern California, Pomona-Walnut-Rowland Joint Water Line Commission, Public Water Agencies Group, Rowland Water District, Walnut Valley",1
Wells Fargo Bank: Discover Card,1
"West Coast Lumber and Building Material Association. [1] ""The Sorry State of Corporate Taxes: What Fortune 500 Companies Pay (or Don't Pay) in the USA and What They Pay Abroad."" Citizens for Tax Justice, February 2014",1
Western Center on Law and Poverty Livermore,1
Western Mobilehome Association (sponsor)American Association of Retired,1
"Western Propane Gas Association: American Chemistry Council, California Chamber of Commerce",1
"Western Propane Gas Association: Suburban Propane, Laytonville Gas Co., Campora, Walsh Oil Company., Lee Escher Oil Co., JS West and Companies, Blue Star Gas - Engineering, Tesei Petroleum, Delta Liquid Energy, AmeriGas, Pro-Gas, Northern Energy, Pro-Flame Propane, DeWitt Petroleum, W.H. Breshears, Inc., Lake County Gas, Wright's Petroleum, Redwood Oil Company, Suburban Propane, Atchison Propane Service, California Trucking Association, Wine Institute",1
"Western State Petroleum Association: California Independent Oil Marketers Association, Beneto Bulk Transport, Clean Harbors Environmental Services, Independent Waste Oil Collectors and Transporters, Safety-Kleen, Trical",1
Weyerhaeuser -Kuehl,1
Whittier Contra Costa County Environment California Latino Caucus League of California Cities Monterey County Mayors' Association Natural Resources Defense Council Regional Council of Rural Counties Sierra Club California Rohnert Park City Council,1
Whittier NOW-- San Jose,1
"Witness Program Santa Clara County, Board of Supervisors",1
Women Volunteers in Politics: GOVERNOR'S VETO MESSAGE,1
"Wood Preserving Inc., Forest Products Industry",1
"YMCA of Santa Clara Valley Sierra Canyon Day Camp Sierra Ski and Pack Club Snow Mountain Camp Sunny Skies Day Camp Camp Kinneret Gold Arrow Camp Tumbleweed Cottonwood Day Camp Cali Camp Naturalists at Large Cottontail Ranch Camp Ronald McDonald 4-H Youth Development Advisor, University of California Cooperative Extension",1
"Yuba City, Merced, Modesto",1
a Project of Tides Center California Alliance for Retired Americans California Apartment Association California Association of Public Authorities for IHSS California Coalition on Family Caregiving California Collaborative for Long-term Services and,1
individual hospitals: (Prior Version)Beverly Hospital (cont'd) Central Valley General Hospital,1
"judges, lawyers, electronic Northern CA Court Reporters Assoc",1
"of Bankers and the California Association of Realtors, state would",1
"of California School Administrators, Butte",1
"of California, Evergreen Oil Recycling, Lumber",1
"of Commerce, the California Restaurant Association, the California Hotel and Lodging Association, the Motion Picture Association of America, TechAmerica, TechNet, and the Silicon Valley Leadership Group, argue the definition of foreign labor contracting activities is too broad and will",1
"of Conservation Voters Education Fund, Desert",1
"of Conservation Voters, California League",1
"of Conservation Voters, Desert Citizens Against",1
"of Food Processors, Calif. Manufacturers and Technology Assn., Calif. Mining Assn., Calif",1
"of Simi Valley, Consulting Engineers and Land",1
"of Walnut Creek, Contra Costa Council, Industrial",1
"on Law and Poverty, Health Access, Consumers Union and National Health Law Program are opposed to allowing health",1
several industry groups and Cal-Tax,1
"the Center for Science in The Public Interest Ceres Community Project Chico Unified School District Nutrition Services Children's Advocacy Institute Clergy and Laity United for Economic Justice Common Sense Community Action Partnership of Orange County Community Action Partnership of San Bernardino County Community Alliance With Family Farmers Dolores Huerta Foundation Eat. Learn. Play. Foundation Ecology Center, Berkeley Farm2people Feeding San Diego Food Bank Coalition of San Luis Obispo County Food Research & Action Center Foodcorps Fresh Approach Fresno Barrios Unidos Friends Committee on Legislation of California Friends of The Earth Frog Hollow Farm Healthy Schools Campaign Hidden Harvest LA Mesa-spring Valley Schools Latino Coalition for A Healthy California Livermore Valley Joint Unified School District Los Angeles County Office of Education Lunchassist Marin Food Policy Council Mt. Diablo Unified School District Natural Resources Defense Council (NRDC)",1
the Kaiser Permanente Medical Care Program and the Local,1
"Brady Campaign Chapters of Contra Costa, West Contra Costa, Long Beach, Los Angeles, Nevada County, Oakland/Alameda County, Orange County, Sacramento Valley, San Fernando Valley, San Francisco, Sonoma County, Ventura County",1
"Builders Exchange of Contra Costa, El Dorado, Humboldt, Kern County, Marin, North Coast, Sacramento, San Luis Obispo, Santa Clara County, Shasta, Solano/Napa, Southern California, Stockton, Valley, Inc",1
"Alliance for the Mentally Ill of Contra Costa, Kern County, Lake County, Long Beach, Sacramento, San Bernardino Area, San Gabriel Valley, San Mateo County, Santa Clara County, San Joaquin County, San Luis Obispo County, Whittier and Yolo County",1
American Civil Liberties Union of Southern and 19 Northern California,1
"Junior Leagues of Bakersfield Los Angeles, Long Beach, Monterey, Napa-Sonoma, Oakland- East Bay, Orange County, Riverside, San Diego, San",1
"Lieutenant General Jack Stultz, Chief of the Army Reserves and Paula Treat",1
"Local Agency Formation Commissions of the Counties of: Alameda, Contra Costa, Imperial, Los Angeles, Marin, Riverside, Santa Clara, Solano, Sonoma and Yolo",1
"NAMI Organizations (Asian Families, San Gabriel Valley, Butte County, California Consumer Council, Central San Fernando Valley, Contra Costa, East San Gabriel Valley, Inland Empire North, Glendale County, Lake County, Long Beach Area, Los Thomson) Angeles County Coordinating Council, Los Angeles - South Central Chapter, Marin County, Nevada County, North Coastal San Diego County, Northern Santa Barbara County, Orange County, Pomona Valley, Sacramento, San Diego County, Research Institute, Stanley Foundation Research Programs, San Gabriel Valley, San Luis Obispo County, San Mateo County, Shasta County, Southern Santa Barbara County, Tuolumne County, Ventura County, Veterans Committee, and Whittier",1
"PFLAG (Parents, Families and Friends of Lesbians and Gays | Bakersfield PFLAG | Central Coast Chapter, & Long Beach, Los Angeles, Marysville, Southern Pacific Region, Oakland-East Bay, Palm Springs)",1
"PFLAG | Central Coast Chapter, & Long Beach, Los Angeles, Marysville, Southern Pacific Region, Oakland-East Bay, Palm Springs",1
"The Climate Reality Project Chapters: Bay Area, California State Coalition, Los Angeles, Orange County, Riverside County, Sacramento, San Diego, San Fernando Valley CA, and Silicon Valley Chapter",1
CA Craig Martin Insurance Agency Eight independent insurance agents,1
"CA State Assoc. of Counties, unless amended Cities of: Camarillo",1
100% Campaign: including Children NOW,1
13 individuals Alfred's Steakhouse,1
North Hollywood - 15 letters Goldline Electronic Controls,1
Organizations for Reform Now (ACORN) and three individuals,1
"California Truck Centers, California Trucking Association, E.M. Tharp Inc., Eppler, Fresno Truck Center, Garabedian Equipment Company, HCT Inc., Lyons Transportation, NorCal Kenworth, Papé Kenworth, S...",1
"California Water Agencies, California Water Association write, ""AB 938",1
California Waterfowl Association Central Valley Joint Venture (comprised of: California Waterfowl Association),1
"California, Chinese for Affirmative Action, the Asian Law Caucus and the Asian Pacific American Legal Center that advocates on behalf of the diverse Asian, Native Hawaiian and Pacific Islander communi...",1
Capitol Resource Institute Concerned Women for America Not On Our Watch Right to Life League The Sale & Light Council Traditional Values for Next Generations (TVNEXT) 2 individuals Pending Legislation...,1
"Cities Agoura, Alameda, Brentwood, Carlsbad, Clayton, Encinitas, Foster City, Fremont, Hidden Hills, Lafayette, Lawndale, Martinez, Menifee, Norwalk, Redwood City, Riverside, San Pablo, Soledad, Walnu...",1
City of Lemon Grove Individual letters (4),1
City of San Jose 35 pawnbrokers,1
"Coachella Valley Cannabis Alliance, California Minority Alliance, Long Beach Collective Association, Social Equity Los Angeles, San Francisco Cannabis Retailers Alliance, Silicon Valley Cannabis Allia...",1
"Coalition letter: (AeA, American International Group, Association of California Insurance Companies, Baxter)",1
County of Ventura Other parties: Governor California District Attorneys Association California State Association of Counties California Union of Safety Employees California Narcotic Officers Associati...,1
"AFL-CIO Central Labor Council of Fresno, Madera, Tulare and Kings counties California/Nevada Conference of Operating",1
American Electronics Association Association of California Insurance Companies California Chamber of Commerce California Association of Realtors Civil Justice Association of California Milpitas Chamber of Commerce Orange Chamber of Commerce and Visitors Bureau TechNet Coalition letter: (American Electronics Association),1
"Tree Fruit League, Nisei Farmers League, California Citrus Mutual, and the California Association of Nurseries and Garden Centers",1
San Buena Ventura - 2 letters Science Applications International Corporation,1
Sierra Club California [Written to Former version of bill] California Communities Against Toxics,1
"State Building and Construction Trades Council, California Transit Association, Santa Clara valley Transit",1
"Plans (CAHP), Health Net, and United HealthCare (UHC)",1
Quest Diagnostics Several individuals,1
Regional Council of Rural Counties Santa Clara County Board of Supervisors,1
The Congress of California Seniors (CCS) and Health Access California (HAC),1
"Friends, numerous clinics, the Orange County Breast Cancer",1
Glenn and Tehama County Farm Bureaus and others,1
"Government Services and Advanced Data Processing, two companies that",1
"Hearing Loss Association of America Chapters throughout the state, including the Central Coast Chapter, Diablo Valley Chapter, Long Beach/Lakewood Chapter, Mission Viejo Chapter, San Diego Chapter and Santa Barbara Chapter",1
"Homeowners, Allan E. Wilion Inc., 84 letters from Canyon",1
"Hospital Foundation, California Healthcare Association, numerous individuals",1
"Iglesia Santa Lucia (Fowler, CA), Rev. Joaquin Arriaga, grandson",1
Calif. [owner Tony Roma's - Burger King - Roadhouse Grill] Baskin Robbins and TOGO'S Clovis,1
California Council for Environmental and Economic Balance The Regulatory Flexibility Group (consortium of utilities),1
California Home Building Alliance (HBA) which includes Apartment Association of Greater Los Angeles,1
"California Life Insurance Companies, Kaiser, and Healthnet neutral",1
California Million Mom March united with the Brady,1
California Peace Officers' Association and California Police Chiefs Association (parole),1
California State Association of Letter Carriers California Teachers Association,1
"Independent Living Center, and The ARC California all state physician",1
Kern County Sheriff 4 private citizens,1
"National Association of Insurance and Financial Advisors-California (NAIFA-CA) and the Association of California Life and Health Insurance Companies (ACLHIC), sponsors of the bill",1
Ventura Counties. Other associations: California Union of Safety Employees,1
co-sponsor California Federation of Teachers California Labor Federation,1
"co-sponsors, AFSCME, SEIU and California",1
districts & Contra Costa County Superintendent of Schools,1
librarian Coalition of Open Access Policy Institutions Creative Commons Michael B. Eisen,1
the Automobile Club of Southern California and others,1
the California Rifle and Pistol Association (both sponsors) and the Peace Officers Research Association of California,1
"the Children's Partnership, the County Behavioral Health Directors Association of California",1
"Coachella Valley Cannabis Alliance, California Minority Alliance, Long Beach Collective Association, Social Equity Los Angeles, San Francisco Cannabis Retailers Alliance, Silicon Valley Cannabis Alliance, who",1
County of Ventura Other parties: Governor California District Attorneys Association California State Association of Counties...,1
"LOCAL 684, AND LOCAL 1245",0
"Orange County Central Labor Council, UFCW",0
"Orange County Central Labor Council, UFCW Local 324",2
"SOUTH OF MARKET COMMUNITY ACTION NETWORK SURJ, BAY AREA CHAPTER",0
"Art Directors Guild and Scenic, Title and Graphic Artists",1
City of Lindsay/Lindsay Cogeneration Limited Partnership,1
City of Red Bluff Counties of Butte,1
City of Redwood City Counties of Alameda,1
"City of Vallejo, County of Solano",1
"City of Watsonville, County of Santa Cruz, Pajaro",1
National Association of Insurance and Financial Advisors of California (prior version_ Western Center on Law and Poverty),1
"the Bay, Natural Resources Defense Council, Ocean Conservancy, Sierra Club, WaterKeepers",1
the Janeunchained Los Angeles Democrats for The Protection of Animals Pawpac,1
"the Law libraries of Orange, San Diego, San Francisco, Fresno, Calaveras and San Bernardino Counties",1
AFL-CIO California State Legislative Board,1
"AFL-CIO International, Inc",1
Women FOR: Commission on the Status of Women,2
Women For CJA,2
Women For: Sonoma County Public Health Department,2
