org_name,count
California Chamber of Commerce,11238
California State Association of Counties,8752
League of California Cities,7545
California Teachers Association,7344
California Medical Association,6923
California District Attorneys Association,6445
California Attorneys for Criminal Justice,5979
California School Employees Association,5954
Sierra Club California,5807
California,5396
California Public Defenders Association,5249
American Civil Liberties Union,5203
Planning and Conservation League,5145
California Nurses Association,5072
California Federation of Teachers,5037
California Professional Firefighters,4986
California State Sheriffs' Association,4962
Consumer Attorneys of California,4562
"California Labor Federation, AFL-CIO",4544
Western Center on Law and Poverty,4322
California Teamsters Public Affairs Council,4314
Department of Finance,4284
California Labor Federation,4100
California Retailers Association,4003
Natural Resources Defense Council,3952
California Association of Realtors,3899
California Police Chiefs Association,3856
Congress of California Seniors,3779
Association of California Water Agencies,3707
"American Federation of State, County and Municipal Employees",3678
California Rural Legal Assistance Foundation,3629
Peace Officers Research Association of California,3491
California Farm Bureau Federation,3442
California Building Industry Association,3410
California Catholic Conference,3389
California Apartment Association,3368
City of Los Angeles,3227
California Business Properties Association,3204
"National Association of Social Workers, California Chapter",3144
California School Boards Association,3060
Sierra Club,3052
Consumers Union,2941
California League of Conservation Voters,2923
California Hospital Association,2844
Association of California School Administrators,2800
Association,2750
Consumer Federation of California,2734
Los Angeles Unified School District,2717
Service Employees International Union,2686
Disability Rights California,2682
California Manufacturers and Technology Association,2508
California State PTA,2497
"American Federation of State, County and Municipal Employees, AFL-CIO",2488
California Special Districts Association,2439
Children Now,2436
Friends Committee on Legislation of California,2391
California Grocers Association,2388
Rural County Representatives of California,2368
California Peace Officers' Association,2305
City and County of San Francisco,2288
California Immigrant Policy Center,2267
Howard Jarvis Taxpayers Association,2227
"American Federation of State, County and Municipal",2223
Health Access California,2220
California Bankers Association,2206
Clean Water Action,2134
California Association of Health Plans,2036
Environment California,1981
California Municipal Utilities Association,1940
Planned Parenthood Affiliates of California,1929
East Bay Municipal Utility District,1926
Regional Council of Rural Counties,1905
California Manufacturers & Technology Association,1897
Riverside Sheriffs' Association,1884
Los Angeles County District Attorney's Office,1879
Defenders of Wildlife,1864
California Restaurant Association,1842
California Alliance for Retired Americans,1835
Los Angeles County Office of Education,1834
California Taxpayers Association,1820
California State Association of Electrical Workers,1810
Ella Baker Center for Human Rights,1787
National Federation of Independent Business,1776
Association for Los Angeles Deputy Sheriffs,1761
California State Pipe Trades Council,1750
Californians Against Waste,1747
California Tax Reform Association,1744
Western Center on Law & Poverty,1738
Western States Petroleum Association,1709
Civil Justice Association of California,1680
County of Los Angeles,1680
Equality California,1675
California Manufacturers Association,1654
Los Angeles County Board of Supervisors,1624
Housing California,1620
American Civil Liberties Union of California,1618
California Academy of Family Physicians,1609
League of Women Voters of California,1603
California Faculty Association,1602
Western Growers Association,1587
University of California,1579
ACLU California Action,1570
Bay Area Council,1564
Coalition for Clean Air,1525
City of San Diego,1523
AARP,1519
Legal Services for Prisoners with Children,1515
Crime Victims United of California,1497
Agricultural Council of California,1489
County of Santa Clara,1489
Personal Insurance Federation of California,1488
Public Counsel,1465
Children's Advocacy Institute,1460
Association of Regional Center Agencies,1458
California State Employees Association,1448
California Trucking Association,1448
Association of California Insurance Companies,1435
California Primary Care Association,1425
California Psychiatric Association,1425
County of San Diego,1421
California Association of Highway Patrolmen,1419
Environmental Working Group,1418
Los Angeles Police Protective League,1399
Silicon Valley Leadership Group,1395
California Correctional Peace Officers Association,1391
Orange County Business Council,1377
Union of Concerned Scientists,1376
California Pan-Ethnic Health Network,1364
City of Oakland,1337
Association of California Healthcare Districts,1328
California State University,1325
California State Commanders Veterans Council,1316
Environmental Defense Fund,1308
California Advocates for Nursing Home Reform,1304
California State Council of Laborers,1296
California Dental Association,1295
Attorney General,1282
City of San Jose,1280
Initiate Justice,1275
California Association of Health Facilities,1275
Southern California Edison,1271
California Alliance of Child and Family Services,1270
California Conference Board of the Amalgamated Transit Union,1259
American Lung Association,1247
Secretary of State,1246
AFSCME,1239
Los Angeles Area Chamber of Commerce,1216
Kaiser Permanente,1213
Los Angeles County Professional Peace Officers Association,1208
California Employment Lawyers Association,1204
California Cattlemen's Association,1197
California Judges Association,1194
SEIU California,1192
California Healthcare Association,1189
Urban Counties Caucus,1189
California Association of Sanitation Agencies,1182
County Welfare Directors Association of California,1182
Wine Institute,1181
Department of Insurance,1165
Southwest California Legislative Council,1165
Chief Probation Officers of California,1158
Drug Policy Alliance,1157
Courage California,1156
Judicial Council of California,1155
Santa Clara County Board of Supervisors,1155
California Commission on the Status of Women,1151
State Building and Construction Trades Council,1144
Center for Biological Diversity,1143
County of Sacramento,1142
California Women's Law Center,1134
City of Thousand Oaks,1133
California National Organization for Women,1125
National Center for Youth Law,1121
California Senior Legislature,1120
Los Angeles County Sheriff's Department,1119
City of,1117
City of Sacramento,1112
Doris Tate Crime Victims Bureau,1101
Western States Council of Sheet Metal Workers,1099
The Nature Conservancy,1095
California Commission on Aging,1088
California Public Interest Research Group,1084
City of West Hollywood,1084
Automobile Club of Southern California,1082
California League of Food Processors,1081
California Fire Chiefs Association,1080
City of Santa Monica,1075
City of Long Beach,1070
County Health Executives Association of California,1070
California Communities United Institute,1069
Office of the Attorney General,1068
National Association of Social Workers,1055
Alameda County Board of Supervisors,1047
California Psychological Association,1043
California Peace Officers Association,1039
Committee on Moral Concerns,1039
San Francisco Unified School District,1033
Judicial Council,1028
Public Advocates,1024
Association of California Life and Health Insurance Companies,1022
California Forestry Association,1022
California Applicants' Attorneys Association,1018
Equal Rights Advocates,1016
California Association of Winegrape Growers,1013
Health Officers Association of California,1012
California Association of School Business Officials,1009
Community College League of California,1009
California Association of Joint Powers Authorities,1000
Privacy Rights Clearinghouse,994
Western Electrical Contractors Association,981
California Optometric Association,974
"American Academy of Pediatrics, California",969
Oakland Privacy,967
Gray Panthers,966
Associated General Contractors,965
Older Women's League of California,964
Mexican American Legal Defense and Educational Fund,961
California Police Chiefs' Association,952
American Insurance Association,951
City of Lakewood,951
National Health Law Program,944
American Academy of Pediatrics,937
County of San Bernardino,935
Latino Coalition for a Healthy California,934
"California Probation, Parole and Correctional Association",933
California Newspaper Publishers Association,931
California Partnership to End Domestic Violence,929
Health Net,923
Audubon California,922
California Association of County Veterans Service Officers,920
Courage Campaign,915
TechNet,914
Youth Law Center,914
California Association of Clerks and Election Officials,910
California Coastkeeper Alliance,907
Faculty Association of California Community Colleges,904
Fire Districts Association of California,894
California Pharmacists Association,887
California School Nurses Organization,883
American Cancer Society,880
Santa Ana Police Officers Association,877
AIDS Healthcare Foundation,876
Californians for Safety and Justice,876
California Native Plant Society,872
Engineers and Scientists of California,867
Los Angeles County,866
California Transit Association,865
California Council for Environmental and Economic Balance,860
Medical Board of California,854
Metropolitan Transportation Commission,852
Endangered Habitats League,849
California Landscape Contractors Association,848
American Heart Association,846
Santa Clara Valley Water District,845
Clean Power Campaign,844
Greenlining Institute,844
Little Hoover Commission,842
Family Winemakers of California,840
California Credit Union League,839
Asian Law Alliance,837
Peace Officers Research Association of California (PORAC),830
Associated Builders and Contractors of California,825
South Coast Air Quality Management District,823
Taxpayers for Improving Public Safety,817
San Francisco Public Defender,813
California Business Roundtable,806
California State Association of Counties (CSAC),799
California Food Policy Advocates,799
Professional Engineers in California Government,798
"Protection and Advocacy, Inc",794
California Citrus Mutual,793
California State Automobile Association,792
Alliance for Children's Rights,789
California Coalition for Youth,787
Surfrider Foundation,785
State Building and Construction Trades Council of California,785
Orange County Transportation Authority,785
Urban Counties of California,779
American Electronics Association,777
Kern County Superintendent of Schools,777
The Utility Reform Network,777
California Alliance for Consumer Protection,776
California Association of Professional Scientists,774
Coalition of California Utility Employees,772
American Association of University Women,765
California Taxpayers' Association,762
California Association for Health Services at Home,758
Consumer Action,758
California Chiropractic Association,757
Metropolitan Water District of Southern California,754
California Narcotic Officers' Association,753
San Diego County Water Authority,750
"American Federation of State, County, and Municipal Employees",747
California Mental Health Directors Association,746
East Bay Community Law Center,740
Electronic Frontier Foundation,739
California State Student Association,729
California Independent Public Employees Legislative Council,726
Lambda Letters Project,726
San Gabriel Valley Economic Partnership,724
California State Sheriffs Association,719
California Retired Teachers Association,716
Center for Environmental Health,711
Flasher Barricade Association,710
John Burton Advocates for Youth,707
Small School Districts' Association,702
University of California Student Association,701
Steinberg Institute,697
San Bernardino County Sheriff's Department,695
Associated General Contractors of California,694
California Rifle and Pistol Association,692
Friends Committee on Legislation,692
Long Beach Police Officers Association,689
ACLU,686
California Chapter of the American College of Emergency Physicians,685
"American Planning Association, California Chapter",684
California Association of Health Underwriters,684
California Financial Services Association,681
Engineering Contractors' Association,681
Valley Industry and Commerce Association,680
San Diego Regional Chamber of Commerce,678
California Statewide Law Enforcement Association,673
California Farm Bureau,673
Construction Employers' Association,671
American Chemistry Council,665
San Diego Unified School District,661
"American Federation of State, County, and Municipal",656
California Seed Association,652
Blue Cross of California,651
City of Berkeley,650
Union of American Physicians and Dentists,647
Board of Equalization,645
Blue Shield of California,644
California Coastal Protection Network,643
California Association of Marriage and Family Therapists,640
California Land Title Association,640
California Water Association,640
California Children's Hospital Association,639
California Fence Contractors' Association,639
Chemical Industry Council of California,639
International Longshore and Warehouse Union,639
Contra Costa County,637
America's Health Insurance Plans,637
Capitol Resource Institute,635
County of Orange,631
Department of General Services,629
Child Care Law Center,627
Trust for Public Land,626
California Latinas for Reproductive Justice,624
California State Sheriff's Association,624
California YIMBY,623
California Housing Consortium,622
State Board of Equalization,621
California Bicycle Coalition,620
Orange County Board of Supervisors,620
San Bernardino County Sheriff,618
California Black Health Network,616
Bay Area Air Quality Management District,615
California Association of Food Banks,615
Alliance for Boys and Men of Color,615
American College of Obstetricians and Gynecologists,614
Coalition of California Welfare Rights Organizations,614
County of Santa Barbara,613
California Housing Partnership Corporation,612
Franchise Tax Board,612
Nisei Farmers League,612
County Welfare Directors Association,611
City of Torrance,609
Asian Pacific Environmental Network,609
Breathe California,607
The Greenlining Institute,605
American Association of Retired Persons,604
City of Stockton,604
Los Angeles District Attorney's Office,604
California Mortgage Bankers Association,603
Eastern Municipal Water District,602
California New Car Dealers Association,599
California Department of Insurance,597
"American Federation of State, County and Municipal Employees (AFSCME)",596
California Organization of Police and Sheriffs,595
Western Agricultural Processors Association,595
Safari Club International,594
California Charter Schools Association,593
Community Water Center,593
California Healthcare Institute,591
National Center for Lesbian Rights,590
California Independent Petroleum Association,589
San Francisco AIDS Foundation,584
The Children's Partnership,575
California Council of Community Behavioral Health Agencies,573
Organization of SMUD Employees,572
"California School Employees Association, AFL-CIO",571
Midpeninsula Regional Open Space District,570
Outdoor Sportsmen's Coalition of California,569
California Union of Safety Employees,567
Consumers for Auto Reliability and Safety,566
Public Law Center,565
California Environmental Justice Alliance,564
City of Moreno Valley,564
Santa Clara Valley Transportation Authority,562
Anti-Defamation League,561
Alzheimer's Association,555
Californians United for a Responsible Budget,554
California Coalition for Rural Housing,552
Department of Health Services,551
California Fresh Fruit Association,550
California Public Utilities Commission,549
California Employment Law Council,545
California Independent Oil Marketers Association,543
Coalition for Adequate School Housing,543
California Waterfowl Association,542
Conference of California Bar Associations,542
California-Nevada Conference of Operating Engineers,541
California Hotel & Lodging Association,541
350 Bay Area Action,539
AIDS Project Los Angeles,539
Attorney General's Office,539
City of Roseville,539
National Rifle Association,539
San Luis Obispo County Employees Association,539
Flasher/Barricade Association,538
Abundant Housing LA,537
Southern California Contractors Association,536
Justice in Aging,535
County,534
Western Manufactured Housing Communities Association,534
Environmental Defense Center,531
California Association of Code Enforcement Officers,528
Housing Action Coalition,526
Los Angeles Community College District,526
County of Santa Cruz,523
Los Angeles,522
California Ambulance Association,521
City of Santa Barbara,520
San Bernardino Public Employees Association,520
Children's Law Center of California,519
City of Norwalk,519
Juvenile Court Judges of California,518
California Church Impact,516
Long Beach Area Chamber of Commerce,516
LeadingAge California,514
AARP California,513
Western Growers,513
California College and University Police Chiefs Association,512
Commission on the Status of Women,511
Greenbelt Alliance,509
Communities United for Restorative Youth Justice,508
California Asian Pacific Chamber of Commerce,504
El Dorado Irrigation District,504
Santa Clara County Office of Education,504
County of Los Angeles Board of Supervisors,503
Breast Cancer Fund,502
Californians Together,500
Local Health Plans of California,499
"American Legion, Department of California",498
City of Rancho Cucamonga,498
Southern California Gas Company,497
County of Riverside,496
PICO California,496
The Climate Center,495
Department of Consumer Affairs,495
Corporation for Supportive Housing,495
San Francisco Chamber of Commerce,494
City of Alameda,493
City of Camarillo,492
San Diego County Office of Education,491
Rubicon Programs,490
California Contract Cities Association,489
Pacific Merchant Shipping Association,488
Aspiranet,486
California Travel Association,485
South Bay Association of Chambers of Commerce,485
Non-Profit Housing Association of Northern California,483
"California Child, Youth and Family Coalition",482
California Coalition for Women Prisoners,482
California Narcotic Officers Association,480
California State Firefighters' Association,478
Community Clinic Association of Los Angeles County,476
Association of California Life & Health Insurance Companies,476
California State Parks Foundation,475
American Lung Association of California,473
Claremont Police Officers Association,473
California Church IMPACT,472
County of Fresno,472
Irvine Ranch Water District,472
National Association of Social Workers - California Chapter,472
National Employment Law Project,472
Riverside Sheriffs Association,471
Coalition for Humane Immigrant Rights of Los Angeles,471
California Family Council,470
Small School Districts Association,469
California Air Pollution Control Officers Association,467
Latino Issues Forum,467
Sacramento County Deputy Sheriffs' Association,465
California Motor Car Dealers Association,464
San Bernardino County,462
Association of Orange County Deputy Sheriffs,461
Azul,459
City of Pasadena,459
California Association of Nonprofits,458
California Chronic Care Coalition,458
California Reinvestment Coalition,458
Center on Juvenile and Criminal Justice,456
Fair Political Practices Commission,456
Smart Justice California,454
California Assisted Living Association,454
California Council of Community Mental Health Agencies,453
California Council of the Blind,453
Riverside Sheriff's Association,452
Circulate San Diego,451
City of Oceanside,451
Communities for a Better Environment,451
California Trout,448
Mental Health America of California,447
California Veterinary Medical Association,447
City of Riverside,447
Solano County Board of Supervisors,446
California Hotel and Lodging Association,444
City of Santa Rosa,444
National Council of La Raza,444
County of Monterey,442
Young Women's Freedom Center,441
Apartment Association of Greater Los Angeles,440
Building Owners and Managers Association of California,440
California Beer and Beverage Distributors,440
NextGen California,440
Torrance Area Chamber of Commerce,440
California Alliance Against Domestic Violence,440
Department of Personnel Administration,439
Social Compassion in Legislation,439
County Behavioral Health Directors Association of California,438
Small Business California,438
American Lung Association in California,437
Alameda County Office of Education,437
Advancement Project,435
Alliance of American Insurers,435
Contractors State License Board,435
California Community Builders,434
California Foundation for Independent Living Centers,433
Humane Society of the United States,433
City of Burbank,432
Maternal and Child Health Access,432
PolicyLink,432
Desert Water Agency,431
Rancho Cordova Chamber of Commerce,431
"Vietnam Veterans of America, California State Council",431
City of Chula Vista,430
Los Angeles LGBT Center,430
Riverside County Schools Advocacy Association,430
City of El Cajon,428
Acclamation Insurance Management Services,426
San Francisco Baykeeper,425
Service Employees International Union (SEIU),425
"California Association for Health, Physical Education, Recreation and Dance",424
Coalition for Humane Immigrant Rights,424
Ocean Conservancy,424
Sierra Club of California,424
California State,423
Community Alliance with Family Farmers,423
City of Merced,423
California Academy of Physician Assistants,423
"AFSCME, AFL-CIO",423
International Council of Shopping Centers,421
Superintendent of Public Instruction,420
Voices for Progress,420
Association of California Life and Health Insurance,419
United Contractors,419
California Professional Association of Specialty Contractors,418
Pacific Forest Trust,417
Sierra Business Council,417
California Catholic Conference of Bishops,417
California Independent Grocers Association,417
State Bar of California,416
Dolores Huerta Foundation,415
Friends of the River,414
California Small Business Association,413
County of Ventura,413
California Redevelopment Association,412
Center for Responsible Lending,412
Orange County Employees Association,411
Sacramento Municipal Utility District,411
City of San Marcos,410
Environmental Justice Coalition for Water,410
San Diego Association of Governments,410
Asian Americans Advancing Justice - California,409
City of Palo Alto,408
Board of Behavioral Sciences,408
Association of Bay Area Governments,408
United Ways of California,406
California Association of Resource Conservation Districts,406
City of Huntington Beach,406
California Association of Environmental Health Administrators,404
Peninsula for Everyone,404
California Product Stewardship Council,403
"California Right to Life Committee, Inc",403
Health Access,403
Ventura County Board of Supervisors,403
California Postsecondary Education Commission,402
Habitat for Humanity California,399
American Cancer Society Cancer Action Network,396
City of Poway,396
Student Senate for California Community Colleges,396
City of Sunnyvale,395
California Correctional Supervisors Organization,394
The Trust for Public Land,394
"United Food and Commercial Workers, Western States Council",394
City of Culver City,393
Friends of the Earth,392
San Diego County Board of Supervisors,392
YIMBY Action,389
County Superintendents of Schools,388
Inland Empire Utilities Agency,388
State Superintendent of Public Instruction,388
California Youth Connection,387
Apartment Association of Orange County,386
Root & Rebound,386
Three Valleys Municipal Water District,386
California Association of Local Conservation Corps,385
County of San Mateo,383
California Hispanic Chambers of Commerce,382
City of Glendale,382
Plastic Pollution Coalition,382
CaliforniaHealth+ Advocates,381
"AMVETS, Department of California",380
California Broadcasters Association,380
Alameda County,378
Plumbing-Heating-Cooling Contractors Association of California,378
League of CA Cities,377
Legal Community Against Violence,377
Allied Managed Care,376
California Association of Psychiatric Technicians,376
California WIC Association,376
East Bay Regional Park District,376
"Military Officers Association of America, California Council of Chapters",376
Traditional Values Coalition,376
City of Vista,375
The Arc and United Cerebral Palsy California Collaboration,373
Center for Public Interest Law,372
Oxnard Chamber of Commerce,372
California Department of Education,372
California Association of Hospitals and Health Systems,372
County Behavioral Health Directors Association,371
CA State Association of Counties,370
City of Concord,370
Pacific Coast Federation of Fishermen's Associations,370
California Women Lawyers,369
National Guard Association of California,369
Grow the Richmond,368
Western United Dairymen,367
Child Abuse Prevention Center,367
Legal Services for Prisoners With Children,367
California Alternative Payment Program Association,366
County of Alameda,366
Greater Coachella Valley Chamber of Commerce,366
Santa Rosa City Employees Association,366
Women's Foundation of California,366
California Reserve Peace Officers Association,365
City of Carlsbad,365
Association of California,365
Chinese for Affirmative Action,364
City of Santa Ana,364
Southeast Asia Resource Action Center,364
Eden Housing,363
California Law Revision Commission,362
City of Beverly Hills,362
Alliance of Catholic Health Care,361
California Housing Partnership,361
Law Foundation of Silicon Valley,360
California Building Officials,359
California Teamsters,359
350 Sacramento,358
Asian Americans for Civil Rights and Equality,357
Association of Northern California Oncologists,357
California Association of Homes and Services for the Aging,356
Santa Clara County,356
National Audubon Society,355
Contra Costa Water District,355
Center for Community Action and Environmental Justice,355
Alliance of Automobile Manufacturers,355
Personal Insurance Federation,354
American Property Casualty Insurance Association,353
Health Insurance Association of America,353
California Black Chamber of Commerce,352
Housing and Economic Rights Advocates,352
Leadership Counsel for Justice and Accountability,352
Association of California Water Agencies (ACWA),351
California Society of Addiction Medicine,350
350 Silicon Valley,349
City of Palm Desert,349
Silicon Valley Community Foundation,349
United Nurses Association of California,349
Northern California Recycling Association,348
The Two Hundred,348
California Coalition Against Sexual Assault,348
Los Angeles County Business Federation,346
Marin County Board of Supervisors,346
California Community Colleges,346
California Council of Land Trusts,346
Utility Workers Union of America,345
California State Firefighters Association,345
Los Angeles Alliance for a New Economy,344
Community Legal Services in East Palo Alto,343
Legal Aid Foundation of Los Angeles,343
Los Angeles District Attorney,343
Save the Bay,343
National Multiple Sclerosis Society,342
California Public Defenders Association (CPDA),341
County of Humboldt,341
UDW/AFSCME Local 3930,341
Coachella Valley Water District,340
Anti-Recidivism Coalition,339
SPUR,339
Environmental Health Coalition,338
Department of Corporations,338
American Federation of State,336
California Cannabis Industry Association,336
California State Association of Psychiatrists,335
Common Sense Kids Action,335
Lawyers' Committee for Civil Rights of the San Francisco Bay Area,335
California Civil Liberties Advocacy,334
Kern Community College District,334
Media Alliance,334
National Parks Conservation Association,334
Solid Waste Association of North America,334
Sonoma County Board of Supervisors,334
City of Fountain Valley,333
San Diego Housing Federation,333
South Bay Cities Council of Governments,333
California Hispanic Chamber of Commerce,332
East Bay Rental Housing Association,332
United Farm Workers,332
California Council on Alcohol Problems,332
Asian Law Caucus,332
American Civil Liberties Union (ACLU),331
California Assessors' Association,331
Environmental Protection Information Center,331
Rural County Representatives of California (RCRC),331
Aging Services of California,330
California Association for Local Economic Development,330
Greater Riverside Chambers of Commerce,329
Sonoma County Water Agency,329
California Public Employees' Retirement System,329
City of San Luis Obispo,328
California Association of Catholic Hospitals,327
California Podiatric Medical Association,327
American Nurses Association of California,326
Cucamonga Valley Water District,325
Northern California Water Association,325
Immigrant Legal Resource Center,325
California State Floral Association,325
California Coastal Commission,325
Santa Barbara Women's Political Committee,323
California Association of County Treasurers and Tax Collectors,322
California Association of Physician Groups,322
California County Superintendents Educational Services Association,322
County of Kern,322
National Association of Mutual Insurance Companies,322
State Coalition of Probation Organizations,322
Asian Pacific American Legal Center,321
Amalgamated Transit Union,321
California Association of Suburban School Districts,320
California Sportsman's Lobby,320
East Bay Housing Organizations,320
Legal Aid at Work,320
Sacramento County Board of Supervisors,320
San Diego Community College District,320
Santa Maria Valley Chamber of Commerce,319
California Partnership,319
California Community Colleges Chancellor's Office,319
Los Angeles County Probation Officers Union,318
City of Newport Beach,318
Black Women for Wellness,317
California Family Health Council,317
Central California Environmental Justice Network,317
Inner City Law Center,317
Physicians for Social Responsibility - Los Angeles,317
Orange County Department of Education,316
San Diego Gas & Electric,316
California Life Sciences,316
City of Santa Clarita,315
Fresno Barrios Unidos,315
California Society of Anesthesiologists,314
"American Federation of State, County, and Municipal Employees, AFL-CIO",312
California Society for Clinical Social Work,312
California Center for Public Health Advocacy,311
Livable California,311
California Access Coalition,311
Los Angeles County Democratic Party,310
Mountain Lion Foundation,310
San Diego County Court Employees Association,310
Animal Legal Defense Fund,310
Northern Neighbors,309
San Mateo County Board of Supervisors,308
United Transportation Union,308
California Library Association,308
California Immigrant Welfare Collaborative,308
California Student Aid Commission,307
Tulare Chamber of Commerce,307
Department of Motor Vehicles,306
LA Defensa,305
Technet,305
Valley Ag Water Coalition,305
National Housing Law Project,304
Morongo Band of Mission Indians,304
California Park and Recreation Society,304
California Fraternal Order of Police,304
California Association of Local Agency Formation Commissions,304
California Agricultural Commissioners and Sealers Association,303
Osteopathic Physicians and Surgeons of California,303
California Academy of Child and Adolescent Psychiatry,302
Sacramento County,302
American,301
California Cotton Ginners and Growers Association,301
Center,301
Los,301
State Building & Construction Trades Council of California,301
City of Whittier,301
American Society for the Prevention of Cruelty to Animals,300
Association of Deputy District Attorneys,300
"Center on Race, Poverty & the Environment",300
International Longshore & Warehouse Union,300
North Bay Leadership Council,300
City of Palmdale,299
American Diabetes Association,299
City of Bakersfield,298
City of Encinitas,298
City of Paramount,298
Santa Barbara Rental Property Association,298
Climate Resolve,297
County of Sonoma,297
East Bay for Everyone,297
Mexican American Legal Defense and Education Fund,297
California Central Valley Flood Control Association,296
City of Claremont,296
Greater Bakersfield Chamber of Commerce,296
Public Health Institute,295
Working Partnerships USA,295
Campaign for College Opportunity,294
Older Women's League,294
University of Southern California,293
Inland Empire Economic Partnership,293
Fresno Chamber of Commerce,293
Consumer Specialty Products Association,293
California Association of Student Councils,292
Pacific Association of Domestic Insurance Companies,292
State Association of County Auditors,292
Earthjustice,291
Public Interest Law Project,291
Human Impact Partners,291
California Warehouse Association,291
CSAC Excess Insurance Authority,291
California Trial Lawyers Association,290
Nextgen California,290
Association of Independent California Colleges and Universities,289
United Teachers Los Angeles,289
California Alliance of Caregivers,288
Santa Cruz Climate Action Network,288
Retired Public Employees Association,287
Marin Builders Association,287
City of Modesto,287
AMVETS-Department of California,287
Folsom Chamber of Commerce,286
Monterey County Board of Supervisors,286
State Council on Developmental Disabilities,286
State Department of Education,286
Youth Justice Coalition,286
Concerned Women for America,285
Prevention Institute,285
Glendale City Employees Association,284
Western Fairs Association,284
State Association of County Retirement Systems,284
California Association of Port Authorities,284
City of Corona,284
California Licensed Foresters Association,284
City of Downey,283
Orange County,283
Sierra Nevada Alliance,283
Transgender Law Center,282
California Yimby,282
Women's Foundation California,281
San,281
"Service Employees International Union, Local 1000",281
Engineering Contractors Association,280
Pesticide Action Network,280
Center for Food Safety,280
City of Coronado,280
California Highway Patrol,279
County of Marin,279
California Society of Plastic Surgeons,278
City of Arcadia,278
City of Buena Park,278
City of Fresno,278
San Diego,278
California Lodging Industry Association,277
Peninsula Open Space Trust,277
Public Utilities Commission,277
Sacramento County Sheriff's Department,277
"State Building and Construction Trades Council, AFL-CIO",276
Progress Noe Valley,276
Los Angeles Waterkeeper,276
Communities United for Restorative Youth Justice (CURYJ),276
City of San Mateo,276
Central City Association of Los Angeles,276
City of Redding,276
Bay Area Legal Aid,275
California Life Sciences Association,275
Big Sur Land Trust,274
California Low-Income Consumer Coalition,274
California Radiological Society,274
Equal Justice Society,274
The Utility Reform Network (TURN),274
Greater Conejo Valley Chamber of Commerce,273
Independent Cities Association,273
Southern California Association of Governments,273
Coalition,272
County of San Joaquin,272
City of San Bernardino,272
California Society of Health-System Pharmacists,272
American Pistachio Growers,270
City of Chino Hills,270
California Alliance for Youth and Community Justice,269
City of Pleasanton,269
City of Visalia,269
Greater Sacramento Urban League,269
Campaign for California Families,268
California Association of Licensed Investigators,268
"Apartment Association, California Southern Cities",267
California Association of Wheat Growers,267
Legal Services for Children,267
City of Fremont,266
Las Virgenes Municipal Water District,266
City of La Mirada,265
Pacoima Beautiful,264
National Council of Jewish Women,264
City of Costa Mesa,264
California Democratic Party,264
Air Conditioning Trade Association,264
One Individual,263
Author,262
California Association for Nurse Practitioners,262
California Language Teachers Association,262
California Nurse Midwives Association,261
Roots of Change,261
"California Rifle and Pistol Association, Inc",260
San Francisco Public Utilities Commission,260
Attorney General Rob Bonta,260
CalChamber,260
Association of California Egg Farmers,260
City of Livermore,259
Commission on Teacher Credentialing,259
Greater High Desert Chamber of Commerce,259
Jewish Public Affairs Committee of California,259
City of Salinas,258
Animal Protection Institute,258
City of Cupertino,258
Mi Familia Vota,257
Town of Apple Valley,257
Natural Resources Defense Council (NRDC),257
Asian Health Services,257
City of Signal Hill,257
California Family Resource Association,257
California Interfaith Power & Light,256
California Refuse Removal Council,256
Elsinore Valley Municipal Water District,256
California Grape and Tree Fruit League,255
City of Bellflower,255
City of Garden Grove,255
Vote Solar,255
Californians United for A Responsible Budget,254
Golden State Mobilehome Owners League,254
City of Ontario,254
California Association of Public Hospitals and Health Systems,254
California Association of Recreation and Park Districts,254
South Bay YIMBY,253
Office of Ratepayer Advocates,253
Urban Environmentalists,253
"Western States Council Sheet Metal, Air, Rail and Transportation",253
Northern California Power Agency,252
Spur,252
California Outdoor Heritage Alliance,252
California Association,252
California News Publishers Association,251
Central California Asthma Collaborative,250
City of Santa Cruz,250
City of Tustin,250
Peralta Community College District,250
Trauma Foundation,250
Trout Unlimited,249
First 5 Association of California,249
"Public Advocates, Inc",249
Department of Housing and Community Development,249
California Mobilehome Parkowners Alliance,249
California Transportation Commission,248
City of Fullerton,248
City of Murrieta,248
Drug Policy Alliance Network,248
United Teachers of Los Angeles,248
Los Angeles Business Council,247
Kern County Board of Supervisors,247
City of Commerce,247
California Association of Area Agencies on Aging,247
California Association for the Education of Young Children,247
Children's Defense Fund-California,247
AMVETS - Department of California,246
Community Health Councils,246
March of Dimes,246
City of Irvine,245
Imperial Irrigation District,245
Department of Corrections,245
"American Institute of Architects, California Council",245
American Legion-Department of California,245
"American College of Obstetricians and Gynecologists, District IX",245
Adventist Health,245
City of Cerritos,244
Disability Rights Education and Defense Fund,244
Pharmaceutical Research and Manufacturers of America,244
San Jose-Evergreen Community College District,244
Santa Cruz YIMBY,244
Valley Industry & Commerce Association,244
American Friends Service Committee,243
Community Associations Institute,243
National Electrical Contractors Association,243
San Gabriel Valley Council of Governments,243
County of Napa,242
City of Rosemead,241
Dignity Health,241
California Metals Coalition,241
California Youth Empowerment Network,241
League of Women Voters,240
California Authority of Racing Fairs,239
Climate Action Campaign,239
Los Angeles School Police Management Association,239
San Bernardino County Board of Supervisors,239
Community Coalition,238
Lutheran Office of Public Policy - California,238
Fossil Free California,238
Construction Industry Legislative Council,238
City of Monterey,238
City of Mission Viejo,238
Children's Defense Fund,238
California Mortgage Association,238
Santa Clara Valley Open Space Authority,237
Thai Community Development Center,237
Southern California Rental Housing Association,237
Santa Monica Democratic Club,237
Riverside County Transportation Commission,237
Council of Infill Builders,237
California Clinical Laboratory Association,237
Board of Registered Nursing,237
Children's Law Center of Los Angeles,236
All Home,235
California Clean Money Campaign,235
City of Fairfield,235
Crime Victims Action Alliance,235
In Defense of Animals,235
Agricultural Energy Consumers Association,234
California Association of Life Underwriters,234
Department of Industrial Relations,234
EAH Housing,234
Sonoma Land Trust,234
Central Coast Alliance United for a Sustainable Economy,233
Sunflower Alliance,233
Hollywood Chamber of Commerce,233
American Council of Engineering Companies,233
Alliance of Californians for Community Empowerment,233
"California Congress of Parents, Teachers, and Students, Inc",232
Marin Builders' Association,232
Marin County Bicycle Coalition,232
National,232
Oceana,232
Santa Barbara Channelkeeper,232
Municipal Water District of Orange County,231
The Humane Society of the United States,231
National Organization for Women,231
California Consortium of Addiction Programs and Professionals,231
Los Angeles Center for Law and Justice,231
Executive Council of Homeowners,231
California Tribal Business Alliance,231
California Resource Recovery Association,230
California Park & Recreation Society,230
California Health Advocates,230
California Federation of Teachers AFL-CIO,230
California Defense Counsel,230
City of Santa Clara,229
Land Trust of Santa Cruz County,229
Mountain View YIMBY,229
Move LA,229
Physicians for Social Responsibility,229
California Association of Social Rehabilitation Agencies,228
California Cable & Telecommunications Association,228
City of Hayward,228
City of Inglewood,228
City of Richmond,228
Housing Contractors of California,228
Legal Services of Northern California,228
Nature Conservancy,228
Regional Water Authority,228
Leadership Counsel for Justice & Accountability,227
Oppose Unless Amended,227
Mosquito and Vector Control Association of California,227
California Solar Energy Industries Association,227
County of San Luis Obispo,227
California Society of Industrial Medicine and Surgery,227
California Coalition on Workers' Compensation,226
United Hospital Association,226
California Orthopedic Association,226
American Legion - Department of California,225
California Medical Association (CMA),225
Californians for Pesticide Reform,225
City of Laguna Hills,225
Greater San Fernando Valley Chamber of Commerce,225
SEIU,225
Wall and Ceiling Alliance,225
Youth Alive,225
California Natural Gas Vehicle Coalition,224
Clergy and Laity United for Economic Justice,224
Early Edge California,224
Foundation for Taxpayer and Consumer Rights,223
United Way of Greater Los Angeles,223
California Chapter of the American Fence Contractors' Association,223
American Farmland Trust,223
American Planning Association,222
California Legislative Women's Caucus,222
California Protective Parents Association,222
Californians for Affordable Health Reform,222
Children's Defense Fund - California,222
Latin Business Association,222
Oakland Unified School District,222
Sacramento Regional Builders Exchange,222
California Rural Legal Assistance,221
East Bay YIMBY,221
Jewish Family Service of Los Angeles,221
Northern California Allied Trades,221
Fair Chance Project,220
Far West Equipment Dealers Association,220
California State Teachers' Retirement System,220
California Federation of Republican Women,219
California Society of Pathologists,219
Children NOW,219
Internet Association,219
San Diego County Apartment Association,219
Water Replenishment District of Southern California,219
Association for California Tort Reform,219
Department of Fish and Game,218
City of Moorpark,218
American G.I. Forum of California,217
City of Emeryville,217
City of Los Alamitos,217
Motion Picture Association of America,217
Roseville Area Chamber of Commerce,217
San Francisco YIMBY,217
Transform,216
Family Violence Appellate Project,216
Community Environmental Council,216
California Physical Therapy Association,215
City of Lake Forest,215
Riverside County Board of Supervisors,215
The Education Trust - West,215
United Domestic Workers of America,215
California Nations Indian Gaming Association,215
National Immigration Law Center,214
Teamsters,214
State Treasurer Bill Lockyer,214
State Controller,214
City of Monterey Park,214
Monterey Bay Aquarium,214
County of Placer,214
Coalition for Economic Survival,214
California Workforce Association,214
Walnut Valley Water District,213
Prison Law Office,213
The 5 Gyres Institute,213
Consumer Federation of America,213
City of Rancho Palos Verdes,213
California Chapter of the American Fence Association,213
AIDS Legal Referral Panel,213
City of Hesperia,213
Center for Marine Conservation,212
City of Brea,212
Hispanas Organized for Political Equality,212
National Association of Independent Insurers,212
Sacramento Housing Alliance,212
The Women's Foundation of California,212
California Solar & Storage Association,212
Los Angeles Neighborhood Land Trust,211
Grocery Manufacturers Association,211
Jewish Public Affairs Committee,211
"California Federation of Teachers, AFT, AFL-CIO",210
City of Malibu,210
First Amendment Coalition,210
California State Treasurer,209
San Francisco Bay Area Rapid Transit District,209
Modesto Irrigation District,209
California Grain & Feed Association,209
California Bus Association,209
California Association of Public Authorities for IHSS,209
California Association of Community Managers,209
California NORML,208
County of Contra Costa,208
United Food and Commercial Workers Western States Council,208
California County Boards of Education,207
Independent Energy Producers,207
Transportation Agency for Monterey County,207
Vietnam Veterans of America-California State Council,207
Association of California Cities - Orange County,206
Yimby Action,206
Elk Grove Chamber of Commerce,205
State Humane Association of California,205
Milk Producers Council,205
Kern County Water Agency,205
City of Chino,205
California Conference of Carpenters,205
City of Anaheim,205
California Association of,205
City of Dana Point,204
Hunger Action Los Angeles,204
California Association of Collectors,203
California Association of School Psychologists,203
County of Tulare,203
Ventura County YIMBY,203
National Association of Chain Drug Stores,202
Foundation,202
"Veterans of Foreign Wars, Department of California",202
Regional Asthma Management and Prevention,202
Grocery Manufacturers of America,202
First Place for Youth,202
City of Napa,202
City of Lancaster,202
City of Laguna Beach,202
California Court Reporters Association,201
California Domestic Workers Coalition,201
"California Sportsman's Lobby, Inc",201
California State Council of the Service Employees International Union,201
Ceres,201
City of Carson,201
City of Goleta,201
City of Watsonville,200
"Climate Reality Project, San Fernando Valley",200
"Friends of Harbors, Beaches and Parks",200
Housing Rights Committee of San Francisco,200
City of Norco,199
"Coalition of California Welfare Rights Organizations, Inc",199
State Water Resources Control Board,199
California School Nurses Association,199
California Biomass Energy Alliance,199
Jewish Center for Justice,199
City of Glendora,198
Rural Community Assistance Corporation,198
Sheriff,198
Tenants Together,198
Alliance for a Better Community,197
City of Laguna Niguel,197
Santa Barbara County,197
School Employers Association of California,197
California Association of Councils of Governments,196
California ReLeaf,196
California Welfare Directors Association,196
Housing Leadership Council of San Mateo County,196
United Animal Nations,196
Sacramento Area Council of Governments,195
Pesticide Action Network North America,195
Ecology Center,195
City of Gilroy,195
Action for Animals,195
Barona Band of Mission Indians,195
City of Walnut Creek,194
Silicon Valley Manufacturing Group,194
Private Essential Access Community Hospitals,194
Self-Help Enterprises,194
California Mental Health Planning Council,194
California Downtown Association,194
California Council for Affordable Housing,194
Association of California Life Insurance Companies,193
Attorney,193
California State Council of Service Employees International Union (SEIU California),193
San Mateo County Transit District,193
Medical Oncology Association of Southern California,192
City of South Pasadena,192
California Walks,192
California Manufactured Housing Institute,192
California District Attorney's Association,192
American Red Cross,192
American Council of Life Insurers,192
Association of California State Supervisors,192
National Shooting Sports Foundation,191
Warehouse Worker Resource Center,191
Ventura County Transportation Commission,191
Southern California Association of Non-Profit Housing,191
Hills for Everyone,191
California Right to Life Committee,191
Association of CA Water Agencies,191
Agua Caliente Band of Cahuilla Indians,191
California Association of Nurseries and Garden Centers,190
El Dorado County Chamber of Commerce,190
Forest Resources Council,190
Local Government Commission,190
Resources for Community Development,190
Humboldt County Board of Supervisors,189
Seismic Safety Commission,189
California Building Industry Association (CBIA),189
City of Ventura,189
City of Lafayette,189
California Mining Association,188
Central Valley Air Quality Coalition,188
City of Diamond Bar,188
City of Morgan Hill,188
Diabetes Coalition of California,188
Environmental Action Committee of West Marin,188
Firearms Policy Coalition,188
California Board of Accountancy,187
Having Our Say Coalition,187
Mexican American Legal Defense and Educational Fund (MALDEF),187
National Union of Healthcare Workers,187
Securities Industry and Financial Markets Association,187
Greater Fresno Area Chamber of Commerce,186
Justice,186
California League of United Latin American Citizens,186
California Association for Health Services At Home,186
Blood Centers of California,185
California Builders Alliance,185
California Fence Contractors Association,185
California Orthopaedic Association,185
California Space Authority,185
Empowering Pacific Islander Communities,185
Family Law Section of the State Bar,185
Los Angeles County Federation of Labor,185
The Ocean Conservancy,185
Mission Street Neighbors,184
Youth Leadership Institute,184
Wholly H2O,184
Placer Land Trust,184
National Senior Citizens Law Center,184
Governor's Office of Planning and Research,184
City of Santa Maria,184
City of Placentia,184
City of Mountain View,184
American Nurses Association/California,184
Ceres Community Project,183
City of Azusa,183
Solar Energy Industries Association,183
California Rehabilitation Association,183
California Legislative Council for Older Americans,183
California Healthy Nail Salon Collaborative,182
City of Indian Wells,182
City of Pico Rivera,182
County of Solano,182
People for Housing - Orange County,182
South Yuba River Citizens League,182
California Rental Housing Association,181
National Resources Defense Council,181
Californians for Compensation Reform,181
California Independent Bankers,181
California Association of Veteran Service Agencies,181
All of Us or None,181
Southern California Public Power Authority,180
"California Federation of Teachers, AFL-CIO",180
California Public Parking Association,180
California Society of Enrolled Agents,180
County of Del Norte,180
North Orange County Community College District,180
People for Housing Orange County,180
Riverside,180
Asian Americans Advancing Justice,179
California for Safety and Justice,179
Port of Oakland,179
TransForm,178
California Fuels and Convenience Alliance,178
W. Haywood Burns Institute,178
Culver City Democratic Club,178
San Diego Hunger Coalition,178
California Certified Organic Farmers,178
Compton Unified School District,178
California Attorney General,178
Association of California Community College Administrators,178
Applied Research Center,177
California Teachers Association (CTA),177
California Thoroughbred Breeders Association,177
Los Angeles Conservation Corps,177
San Diego Humane Society,177
San Francisco SPCA,177
San Manuel Band of Mission Indians,177
United Trustees Association,177
City of Elk Grove,176
TreePeople,176
City of Tulare,176
Food Empowerment Project,176
California State Retirees,176
California Association of Clerks and Elections Officials,176
Bay Area Open Space Council,176
California Department of Finance,176
City of Pomona,175
Vietnam Veterans of America - California State Council,175
The W. Haywood Burns Institute,175
National Federation of Independent Businesses,175
Palm Desert Area Chamber of Commerce,175
City of Del Mar,175
City of Cypress,175
City of Belmont,175
California Dispute Resolution Council,175
California County Superintendents,174
California Professional Firefighters (CPF),174
California Rice Commission,174
Hillsides,174
Napa County Board of Supervisors,174
Physicians for Social Responsibility - San Francisco Bay Area Chapter,173
San Francisco Board of Supervisors,173
San Francisco Bay Area Planning and Urban Research Association,173
City of Agoura Hills,173
City of San Francisco,173
American Federation of Television and Radio Artists,172
Habematolel Pomo of Upper Lake,172
International Union of Elevator Constructors,172
Centro Legal de la Raza,171
Sequoia Riverlands Trust,171
San Diego County Bicycle Coalition,171
Neighborhood Legal Services of Los Angeles County,171
City of Alhambra,171
California Peace,171
Association of Veterinarians for Animal Rights,171
Associated Builders and Contractors,171
"California Probation, Parole, and Correctional Association",171
Indivisible CA Statestrong,170
City of Montclair,170
City of Redwood City,170
California Society of Certified Public Accountants,170
Inland Coalition for Immigrant Justice,170
TMG Partners,170
Center on Policy Initiatives,170
Association of Los Angeles Deputy Sheriffs,170
"California Legislative Conference of the Plumbing, Heating and Piping",170
California Asphalt Pavement Association,170
CalTax,170
Asian Americans for Community Involvement,170
Almond Alliance of California,170
California LGBTQ Health and Human Services Network,170
Bolsa Chica Land Trust,169
County of Butte,169
San Mateo County Central Labor Council,169
Southern California Leadership Council,169
Rancho Santiago Community College District,168
Senior Action Network,168
Santa Ynez Band of Chumash Indians,168
San Francisco Public Defender's Office,168
Rowland Water District,168
Pacific Coast Quarter Horse Racing Association,168
District Hospital Leadership Forum,168
Department of Social Services,168
Carbon Cycle Institute,168
El Dorado Hills Chamber of Commerce,168
Legal Aid Association of California,167
Strategic Actions for a Just Economy,167
Mountain View Yimby,167
Housing Trust Silicon Valley,167
City of Simi Valley,167
California Association of Public Hospitals,166
California Disability Services Association,166
Central City Association,166
City of El Cerrito,166
Fraternal Order of Police,166
San Francisco Housing Action Coalition,166
San Mateo County,166
Korean Resource Center,165
Food Bank of Contra Costa and Solano,165
Pala Band of Mission Indians,164
TechEquity Collaborative,164
San Francisco Bar Pilots,164
Pest Control Operators of California,164
Aids Healthcare Foundation,164
North Orange County Chamber of Commerce,164
California Association for Adult Day Services,164
Food and Water Watch,164
Glide,163
State Treasurer,163
International Union of Operating Engineers,163
Uncommon Law,163
City of West Covina,163
California Community Banking Network,163
California Child Development Administrators Association,163
Bet Tzedek,162
City of San Carlos,162
Community Action to Fight Asthma,162
Los Angeles Homeless Services Authority,162
National Council of Jewish Women Los Angeles,162
Turtle Island Restoration Network,162
North East Medical Services,161
Screen Actors Guild,161
Sacramento Mutual Housing Association,161
California Peace Officers,161
Downtown Women's Center,161
"Climate Reality Project, Los Angeles Chapter",161
City of San Clemente,161
Academy of California Adoption Lawyers,160
California Health+ Advocates,160
California Railroad Industry,160
Employment Development Department,160
Office of Lieutenant Governor Eleni Kounalakis,160
Santa Barbara County Board of Supervisors,160
South Bay Yimby,160
City of La Verne,159
City of Novato,159
California Energy Storage Alliance,159
City of Covina,159
California Poultry Federation,159
Kings River Conservation District,158
Walk San Francisco,158
United Chamber Advocacy Network,158
Southern California Watershed Alliance,158
Santa Cruz Yimby,158
"Western Center on Law and Poverty, Inc",158
East Bay Yimby,158
City of El Monte,158
Child Care Resource Center,158
California State Employees' Association,158
California Dietetic Association,158
Board of Pharmacy,158
Planning & Conservation League,157
Olivenhain Municipal Water District,157
North Orange County Chamber,157
Lutheran Office of Public Policy,157
Construction Employers Association,157
California Tow Truck Association,157
California State Employees Association (CSEA),157
City of Monrovia,156
The Los Angeles Trust for Children's Health,156
St. Anthony Foundation,156
Mujeres Unidas y Activas,156
Legal Aid At Work,156
East Bay Children's Law Offices,156
Yuba Community College District,156
City of Eureka,156
Asian Americans for Civil Rights & Equality,156
California Work & Family Coalition,156
100% Campaign,156
Prosecutors Alliance California,156
Bend the Arc: Jewish Action,156
California Opioid Maintenance Providers,156
Bill Wilson Center,155
Burbank Housing Development Corporation,155
City of South Gate,155
Department of Toxic Substances Control,155
Koreatown Immigrant Workers Alliance,155
Office of Criminal Justice Planning,155
County Welfare Directors Association of California (CWDA),154
Sacramento County Probation Association,154
Mt. San Antonio College,154
Butte Environmental Council,154
California Dialysis Council,154
California Coalition for Children's Safety and Health,154
North Valley Property Owners Association,153
The Wildlands Conservancy,153
Policy Link,153
Disability Rights Legal Center,153
Mothers Against Drunk Driving,153
Catholic Healthcare West,153
American Civil Liberties Union California Action,153
Anaheim Chamber of Commerce,152
Armed Forces Retirees Association of California,152
"Los Angeles County Federation of Labor, AFL-CIO",152
American Association of Retired Persons (AARP),151
"American Federation of State, County and Municipal Employees (AFSCME), AFL-CIO",151
San Diego Gas and Electric,151
"Services, Immigrant Rights and Education Network",151
Ventura County Yimby,151
Justice Now,150
United Food and Commercial Workers,150
San Francisco District Attorney's Office,150
San Francisco Bay Area Planning and Urban Research Association (SPUR),150
InnerCity Struggle,150
City of El Centro,150
Church State Council,150
California Association of Firearms Retailers,150
City of San Rafael,150
City of Fontana,150
California Forward Action Fund,149
City of Arcata,149
East Bay Leadership Council,149
Engineering and Utility Contractors Association,149
Marina Recreation Association,149
Santa Cruz County Board of Supervisors,149
Union of American Physicians & Dentists,149
Urban Habitat,149
Jockeys' Guild,149
Fair Housing of Marin,148
Palmdale Water District,148
Leadingage California,148
Indivisible Sacramento,148
Community Residential Care Association of California,148
City of Lakeport,148
Chinese Progressive Association,148
California Hunger Action Coalition,148
Association of American Publishers,147
Bay Area Student Activists,147
California Alliance for Pride and Equality,147
California State University Employees Union,147
Children's Partnership,147
City of Davis,147
City of San Leandro,147
City of Stanton,147
Hispanic Association of Colleges and Universities,147
Professional Fiduciary Association of California,147
Prosecutors Alliance of California,147
East Yard Communities for Environmental Justice,146
Silicon Valley Youth Climate Action,146
Cabrillo Economic Development Corporation,146
American Federation of State County and Municipal Employees,146
Orange County Sanitation District,146
American GI Forum of California,145
State Teachers' Retirement System,145
California Integrated Waste Management Board,145
California Paint Council,145
Coachella Valley Housing Coalition,144
Vietnam Veterans of America,144
National Consumer Law Center,144
Esperanza Community Housing Corporation,144
Asian Business Association,144
City of Palm Springs,144
Biocom California,144
Cal Voices,144
Alliance,143
American College of Emergency Physicians,143
California Land Surveyors Association,143
Center for Sustainable Energy,143
City of San Ramon,143
Silicon Valley Toxics Coalition,143
Yocha Dehe Wintun Nation,143
California Strawberry Commission,142
South Pasadena Residents for Responsible Growth,142
City of Escondido,142
California African American Chamber of Commerce,142
"American Federation of State, County & Municipal Employees",142
California Autobody Association,141
California Self-Insurers Association,141
City of Daly City,141
"Communications Workers of America, District 9",141
Essie Justice Group,141
Silicon Valley De-Bug,141
United Cannabis Business Association,141
Fresno County Farm Bureau,140
Urban Counties of California (UCC),140
Time for Change Foundation,140
Parent Voices,140
National Association,140
Family Caregiver Alliance,140
City of Huntington Park,140
California Association for Micro Enterprise Opportunity,140
American Legion,140
California Narcotics Officers Association,140
Tenderloin Housing Clinic,139
Violence Prevention Coalition of Greater Los Angeles,139
Turlock Irrigation District,139
The People Concern,139
Sierra Foothill Conservancy,139
San Diego 350,139
Central American Resource Center,139
California Association of Museums,139
California Alliance for the Mentally Ill,139
Consumer Technology Association,138
Los Angeles Community Action Network,138
"International Union of Operating Engineers, Cal-Nevada Conference",138
Hadassah,138
California District Attorneys,138
City of La Quinta,138
"California Legislative Conference of the Plumbing, Heating and Piping Industry",138
California Association of Alcohol and Drug Program Executives,138
California Animal Control Directors Association,138
American Medical Response,137
City of Foster City,137
CivicWell,137
Coalition to Abolish Slavery and Trafficking,137
Crime Victims Bureau,137
Marin County Council of Mayors and Councilmembers,137
Peace Officers' Research Association of California,137
San Joaquin County Board of Supervisors,137
Eastern Sierra Land Trust,136
San Francisco Marin Medical Society,136
East Valley Water District,136
Best Friends Animal Society,136
California Airports Council,135
California Cable and Telecommunications Association,135
California Energy Commission,135
City of Redondo Beach,135
Del Amo Action Committee,135
Parent Institute for Quality Education,135
San Joaquin Valley Air Pollution Control District,135
Save Mount Diablo,135
Yurok Tribe,135
Golden State Builders Exchanges,134
State Personnel Board,134
Govern for California,134
California Association of Private Postsecondary Schools,134
Family Violence Law Center,134
Dependency Legal Services,134
City of Indio,134
Children,133
School Energy Coalition,133
Los Angeles City Attorney's Office,133
First 5 LA,133
Environmental Center of San Diego,133
"American Federation of State, County, and Municipal Employees (AFSCME)",133
California Large Energy Consumers Association,133
California Attorneys for Criminal Justice (CACJ),133
California Association of Joint Powers Authorities (CAJPA),133
CA Conference Board of the Amalgamated Transit Union,133
Brady Campaign,132
Center for Community Action & Environmental Justice,132
City of South San Francisco,132
League,132
Marin Agricultural Land Trust,132
Michelson Center for Public Policy,132
Southern California Coalition,131
Los Angeles City Council,131
San Francisco Yimby,131
County of Mono,131
Insights Association,131
City of Orange,131
GLIDE,131
Humane Society Veterinary Medical Association,130
Southern California Association of Nonprofit Housing,130
Santa Clara County Wage Theft Coalition,130
Republic Services - Western Region,130
Long Beach Community College District,130
Disability Rights Education & Defense Fund,130
Department of Health Care Services,130
City of National City,130
Can Manufacturers Institute,130
California Hydrogen Business Council,130
California Distributors Association,130
California Association of Licensed Repossessors,130
International Franchise Association,129
SoCal 350 Climate Action,129
Kings River Water Association,129
City of Duarte,129
Consumer's Union,129
California Funeral Directors Association,129
Association of,128
California Alliance of Retired Americans,128
California Craft Brewers Association,128
California State Outdoor Advertising Association,128
City of Baldwin Park,128
City of Vacaville,128
Communications Workers of America,128
Jewish Family Service of San Diego,128
Los Angeles County Economic Development Corporation,128
Orange County United Way,128
Sempra Energy Utilities,128
Helix Water District,127
Coalition for Family Equity,127
East Bay Municipal Utilities District,127
Peace Officer Research Association of California,127
Northern California Carpenters Regional Council,127
City of Rolling Hills Estates,127
City of South El Monte,127
Gilroy Chamber of Commerce,127
City of Oxnard,127
City of Manteca,127
California Association of School Counselors,127
Alameda County Democratic Party,127
California Association of County Veteran Service Officers,127
Association of Home Appliance Manufacturers,127
Alliance of Californians for Community Empowerment Action,127
City of Menlo Park,127
Orange County Fire Authority,126
Truckee Donner Land Trust,126
Sycamores,126
Stanford Health Care,126
Public Employees' Retirement System,126
The River Project,126
Last Chance for Animals,126
City of Wasco,126
City of Colton,126
California Association of Local Housing Finance Agencies,126
California Continuing Care Residents Association,126
Division of Ratepayer Advocates,126
Democrats of Rossmoor,125
The Animal Council,125
The American College of Obstetricians and Gynecologists,125
Occupational Therapy Association of California,125
Karuk Tribe,125
East Bay Asian Local Development Corporation,125
City of San Juan Capistrano,125
City/County Association of Governments of San Mateo County,125
California Institute for Biodiversity,125
California Cement Manufacturers Environmental Coalition,125
Association of California Caregiver Resource Centers,125
Alameda County Congestion Management Agency,125
Advanced Energy Economy,125
Liberty Mutual Group,124
Yuba Sutter Chamber of Commerce,124
Professional Engineers in California Government (PECG),124
New Livable California Dba Livable California,124
Donate Life California,124
City of Vallejo,124
City of El Segundo,124
American Forest and Paper Association,124
Dental Board of California,123
The Last Plastic Straw,123
Poison Free Malibu,123
Los Angeles County Bicycle Coalition,123
Healthy Children Organizing Project,123
Facebook,123
Department of Conservation,123
Community Alliance With Family Farmers,123
Coalition for Adequate Funding for Special Education,123
City of Tracy,123
City of Barstow,123
Citizens Commission on Human Rights,123
California Urban Forests Council,123
California Federation of Teachers (CFT),123
California Association of Private School Organizations,123
City of Lynwood,122
Stop Hidden Taxes Coalition,122
Golden State Manufactured-Home Owners League,122
Casita Coalition,122
City of Folsom,122
Center for California Homeowner Association Law,122
Attorney General Kamala Harris,122
Silicon Valley De-bug,121
San Francisco Aids Foundation,121
San Diego County Wildlife Federation,121
"Motion Picture Association of America, Inc",121
Little Tokyo Service Center,121
Larkin Street Youth Services,121
City of Taft,121
City of Cloverdale,121
California Association of Professional Liability Insurers,121
California Association of Counties,121
Kern County,120
State Association of Electrical Workers,120
Military Order of the Purple Heart,120
Los Angeles Regional Reentry Partnership,120
California Community Foundation,120
Governor's Office,120
American Planning Association-California Chapter,120
Brady Campaign to Prevent Gun Violence,120
City of Lomita,120
City of Rohnert Park,119
Streets for People,119
Progressive Zionists of California,119
Office of the Governor,119
Northern California Marine Association,119
Network,119
National Alliance on Mental Illness,119
Indivisible South Bay LA,119
Hemophilia Council of California,119
Specialty Equipment Market Association,119
City Clerks Association of California,119
California Council for Adult Education,119
California Coalition of Nurse Practitioners,119
California Breastfeeding Coalition,119
California Association of Environmental Health,119
California Academy of Preventive Medicine,119
Bienestar Human Services,119
Cal State Student Association,119
California State Association of,119
City Of,118
Western Boaters Safety Group,118
Fund for Animals,118
Community College Facility Coalition,118
City of Hermosa Beach,118
City of Clovis,118
California Refuse Recycling Council,118
California Travel Industry Association,118
California IATSE Council,118
California Hydrogen Coalition,118
California Attorney General's Office,118
California Animal Welfare Association,118
Alliance of Western Milk Producers,118
Health Care Without Harm,117
"The California Sportsman's Lobby, Inc",117
Sand Hill Property Company,117
Pillars of the Community,117
Mission Economic Development Agency,117
Marin Clean Energy,117
Alameda County Transportation Commission,117
Crossroads of the West Gun Shows,117
City of Rancho Mirage,117
"California Probation, Parole and Correctional",117
Association of California Insurance Companies (ACIC),117
Allstate Insurance Company,117
City of Temecula,117
City of Bell,116
Leading Age California,116
Golden Gate Restaurant Association,116
City of Menifee,116
Child Care Alliance of Los Angeles,116
California Association of Regional Occupational Centers and Programs,116
California Association of Public Authorities,116
American Heart Association/American Stroke Association,116
Fresno,115
Roofing Contractors Association of California,115
Printing Industries of California,115
International Brotherhood of Electrical Workers,115
California Automotive Wholesalers' Association,115
Distilled Spirits Council of the United States,115
Coalition to Stop Gun Violence,115
City of La Palma,115
Los Angeles County Employees Retirement Association,114
We the People - San Diego,114
Veterans of Foreign Wars,114
Venice Community Housing Corporation,114
The Breast Cancer Fund,114
Southern California HIV Advocacy Coalition,114
Psychiatric Physicians Alliance of California,114
City of La Puente,114
Greater Los Angeles African American Chamber of Commerce,114
California Academy of Audiology,114
Center for Employment Opportunities,114
California State Council of Service Employees,114
California Cities for Local Control,114
California Association for Medical Laboratory Technology,114
Family Business Association,114
Lumber Association of California and Nevada,113
Valley Industry and Commerce Association (VICA),113
"Public Risk Innovation, Solutions, and Management",113
City of San Gabriel,113
City of Dublin,113
Chan Zuckerberg Initiative,113
Catholic Charities of California,113
"California Labor Federation, Afl-cio",113
Mayor Eric Garcetti,112
Western States Trucking Association,112
United Public Employees,112
Santa Cruz Barrios Unidos,112
Santa Clara Valley Audubon Society,112
San Francisco Labor Council,112
San Francisco District Attorney,112
Fathers & Families of San Joaquin,112
Los Angeles Trust for Children's Health,112
LA Voice,112
Independent Insurance Agents and Brokers of California,112
City of Hawthorne,112
California Bail Agents Association,112
Board of Governors of the California Community Colleges,112
Alameda County Water District,112
Menlo Spark,111
The Story of Stuff Project,111
State Bar,111
Securities Industry Association,111
San Diego Regional Economic Development Corporation,111
Police Officers Research Association of California,111
Pico California,111
Mercy Housing,111
Central Valley Immigrant Integration Collaborative,111
Engineering & Utility Contractors Association,111
Civil Justice Association of California (CJAC),111
City of Hope,111
All Saints Church Foster Care Project,111
California Correctional Peace Officers Association (CCPOA),111
American Motorcyclist Association,111
American Congress of Obstetricians and Gynecologists,111
Dolores Street Community Services,111
Plug In America,110
Women Lawyers of Sacramento,110
Region 8 States Council of the United Food & Commercial Workers,110
Think Dignity,110
County Alcohol and Drug Program Administrators Association of California,110
California Groundwater Coalition,110
California Advocates for Nursing Home Reform (CANHR),110
Beverly Hills Bar Association,110
Western Regional Advocacy Project,109
San Luis Obispo YIMBY,109
Independent Employees of Merced County,109
Golden Gate Audubon Society,109
Faith in the Valley,109
County of Santa Clara Board of Supervisors,109
California Association of Mortgage Brokers,109
California Aquaculture Association,109
Violence Prevention Coalition of Orange County,108
City of Solana Beach,108
MidPen Housing Corporation,108
La Defensa,108
Farmers Insurance Group,108
Project Coyote,108
City of Selma,108
California Department of Corrections,108
Amigos de los Rios,108
City of Irwindale,108
City of Ceres,108
Junior League of San Diego,107
Association of California Construction Managers,107
Youth ALIVE,107
Team Justice,107
Professional Insurance Agents of California and Nevada,107
Professional Association for Childhood Education,107
National Alliance to End Homelessness,107
Tuolumne River Trust,107
City of Hemet,107
City of Cathedral City,107
California Long Term Care Ombudsman Association,107
California Department of Public Health,107
California Association of School Business Officials (CASBO),107
Black Business Association,107
City of Half Moon Bay,107
Peace and Freedom Party of California,106
The Wilderness Society,106
Tenderloin Neighborhood Development Corporation,106
Recording Industry Association of America,106
Plug in America,106
Maintenance Cooperation Trust Fund,106
Having Our Say,106
County Recorders Association of California,106
City of Saratoga,106
California Community Economic Development Association,106
Fund Her,105
The Otter Project,105
Rooted in Resistance,105
National Environmental Trust,105
National Day Laborer Organizing Network,105
Legal Aid of Marin,105
Grower-Shipper Association of Central California,105
Driving School Association of California,105
City of Maywood,105
City of Lodi,105
California Society of Physical Medicine and Rehabilitation,105
California Court Appointed Special Advocate Association,105
Agents and Brokers Legislative Council,105
City of Millbrae,105
Generation Housing,104
Clean Coalition,104
Community Legal Aid SoCal,104
Consumer Healthcare Products Association,104
County School Facilities Consortium,104
The Lambda Letters Project,104
Investment Company Institute,104
Santa Cruz County Regional Transportation Commission,104
Town of Danville,104
Utility Consumers' Action Network,104
City of Yorba Linda,104
City of Imperial Beach,104
City of Brentwood,104
Automotive Repair Coalition,104
Alameda County Waste Management Authority,104
City of Albany,104
Asian Solidarity Collective,104
Associated General Contractors of San Diego,104
American Land Conservancy,104
California Applicants' Attorneys Association (CAAA),104
California Association of Children's Homes,104
California Commission on the Status of Women and Girls,104
California Police Activities League,104
Center for Autism and Related Disorders,104
Tree People,103
The Fund for Animals,103
Sustainable Conservation,103
Santa Barbara South Coast Chamber of Commerce,103
San Diego Housing Commission,103
San Diego Audubon Society,103
Long Beach Gray Panthers,103
Port of Long Beach,103
County Health Executives Association of California (CHEAC),103
Department of Water Resources,103
City of Pittsburg,103
City of Highland,103
California Animal Association,103
CA,103
Bay Area Regional Health Inequities Initiative,103
City of Rancho Cordova,103
Community Housing Partnership,102
Western Wall and Ceiling Contractors Association,102
Transportation Authority of Marin,102
The Institute for College Access and Success,102
Solano Transportation Authority,102
MidPen Housing,102
Health Alliance of Northern California,102
Disability Rights Advocates,102
Dignity and Power Now,102
Computer & Communications Industry Association,102
AltaMed Health Services,102
Civicwell,102
City of La Habra,102
Center for Science in the Public Interest,102
California School Employees Association (CSEA),102
California Interscholastic Federation,102
Bike East Bay,102
Coachella Valley Association of Governments,102
ACCE Action,102
Midpen Housing Corporation,101
League of United Latin American Citizens,101
LifeLong Medical Care,101
City of Seaside,101
"Public Risk Innovation, Solutions, and Management (PRISM)",101
Region 8 States Council of the United Food & Commercial,101
Youth Policy Institute,101
Gray Panthers of San Francisco,101
Long Beach Alliance for Clean Energy,101
City of Citrus Heights,101
California Institute for Rural Studies,101
American International Group,101
California Dump Truck Owners Association,101
Bridge Housing Corporation,101
Bay Planning Coalition,101
Associated California Loggers,101
California-Hawaii State Conference of the NAACP,101
Inland Empire Disposal Association,100
Safe Routes to School National Partnership,100
Pomona Economic Opportunity Center,100
NRDC,100
NAIOP of California,100
Mojave Desert Land Trust,100
The Bay Institute,100
Indivisible Yolo,100
Families Advocating for Chemical and Toxics Safety,100
Community Associations Institute - California Legislative Action Committee,100
Cities Association of Santa Clara County,100
California Edge Coalition,100
California Conference Board of The Amalgamated Transit Union,100
Filipino Advocates for Justice,100
LA Family Housing,99
The Praxis Project,99
Social Justice Learning Institute,99
Silicon Valley Bicycle Coalition,99
San Diego Unified Port District,99
Sacramento Tree Foundation,99
Legion of Valor,99
Grassland Water District,99
Greater California Livery Association,99
Community Corporation of Santa Monica,99
City of Chico,99
City of Campbell,99
California Watershed Network,99
American Petroleum and Convenience Store Association,99
American Institute of Architects,99
Legal Aid Society of San Mateo County,98
Trust for Public Lands,98
Southern California Water Coalition,98
Root and Rebound,98
Pacific Association of Building Service Contractors,98
Clean Earth 4 Kids,98
Glass Packaging Institute,98
Commission on Aging,98
California Chapter of American Fence Association,98
California Mobilehome Resource and Action Association,98
Fremont for Everyone,98
Congregations Organized for Prophetic Engagement,97
The Unity Council,97
Techequity Collaborative,97
Surface Transportation Policy Project,97
San Francisco Municipal Transportation Agency,97
Redwood Empire Food Bank,97
Public Health Justice Collective,97
Fresh Lifelines for Youth,97
Community Action Partnership of Orange County,97
City of San Fernando,97
California Public Defender's Association,97
California Hospice and Palliative Care Association,97
California Coastal Coalition,97
California Association for Licensed Professional Clinical Counselors,97
Calchamber,97
CalAsian Chamber of Commerce,97
City of Union City,96
Western Mobilehome Parkowners Association,96
Western Mobilehome Association,96
United Food & Commercial Workers Western States Council,96
Sacramento Area Bicycle Advocates,96
Marine Corps League,96
Latino Coalition for A Healthy California,96
East Bay Alliance for a Sustainable Economy,96
West Coast Lumber & Building Material Association,96
City of Gardena,96
California Releaf,96
California Pan Ethnic Health Network,96
Association of Community Human Service Agencies,96
Association of Certified Family Law Specialists,96
American Staffing Association,96
Administration,96
City of Eastvale,96
Concerned Women for America of California,95
Southern California College Access Network,95
People for the Ethical Treatment of Animals,95
Ducks Unlimited,95
City of Pismo Beach,95
City of Martinez,95
City of Manhattan Beach,95
California Yacht Brokers Association,95
California Groundwater Association,95
Feminist Majority,94
Western Riverside Council of Governments,94
"UNITE HERE, AFL-CIO",94
National Federation of Independent Business (NFIB),94
"NAIOP of California, the Commercial Real Estate Development Association",94
Monterey Bay Economic Partnership,94
Mental Health Services Oversight and Accountability Commission,94
Golden State Bail Agents Association,94
Brotherhood Crusade,94
Fair Housing Council of the San Fernando Valley,94
Communities for A Better Environment,94
Coalition for Renewable Natural Gas,94
California Correctional Peace Officers,94
California Association of Bed and Breakfast Inns,94
Brilliant Corners,94
American Coatings Association,94
5 Gyres Institute,94
Retail Industry Leaders Association,93
Metal Finishing Association of Southern California,93
LA Forward,93
Home Ownership Advancement Foundation,93
Coalition for a Safe Environment,93
East LA Community Corporation,93
California State Controller,93
Century Housing,93
California Community Land Trust Network,93
California Association of Nurse Anesthetists,93
California Alliance,93
California Public Defenders,93
Climate Health Now,92
UAW Local 2865,92
Sycuan Band of the Kumeyaay Nation,92
Skid Row Housing Trust,92
Sempervirens Fund,92
Plastics Industry Association,92
Midpen Housing,92
Los Angeles Coalition to End Hunger and Homelessness,92
Japanese American Citizens League,92
First 5 Alameda County,92
City of Soledad,92
City of Pinole,92
City of Petaluma,92
City of Capitola,92
Citizens Against Lawsuit Abuse,92
California Trade Coalition,92
California Dental Hygienists Association,92
California Council for Environmental & Economic Balance,92
California Charter Schools Association Advocates,92
CA Association of Realtors,92
A New Way of Life Re-Entry Project,92
Solano Land Trust,91
West Contra Costa Unified School District,91
Watsonville Law Center,91
Sustainable Economies Law Center,91
Stonewall Democratic Club,91
"Los Angeles County Division, League of California Cities",91
City of Palos Verdes Estates,91
City of Los Altos,91
CAL FIRE Local 2881,91
Burbank Water and Power,91
Legal Aid of Sonoma County,91
San Francisco Senior and Disability Action,90
Northcoast Environmental Center,90
South San Joaquin Irrigation District,90
Solid Waste Association of Orange County,90
Self Help Enterprises,90
San Francisco Tenants Union,90
Orange County Local Agency Formation Commission,90
Legislative Action Coalition for Arts Education,90
League of,90
Jobs to Move America,90
City of San Buenaventura,90
Children's Defense Fund - CA,90
Chief of Police,90
Butte County Board of Supervisors,90
"American College of Emergency Physicians, California",90
San Diego Organizing Project,89
Housing Rights Center,89
Innercity Struggle,89
Riverside County Advocacy Association,89
Department of Veterans Affairs,89
San Mateo County Economic Development Association,89
School Transportation Coalition,89
The Parent Company,89
Union Station Homeless Services,89
Fresno Metro Ministry,89
"The Center for Oceanic Awareness, Research, and Education",89
Department of Real Estate,89
California Official Court Reporters Association,89
Council of Community Housing Organizations,89
Alameda,89
California Department of Forestry Firefighters,89
California Labor Federation AFL-CIO,89
California Applicants Attorneys Association,89
California State Treasurer Fiona Ma,89
Californians for Disability Rights,89
City of Fortuna,89
Coalition to Abolish Slavery & Trafficking,89
John Burton Foundation for Children Without Homes,88
Western Wall & Ceiling Contractors Association,88
Ventura Council of Governments,88
Tulare County,88
Structural Engineers Association of California,88
State Compensation Insurance Fund,88
Paralyzed Veterans of America,88
Mercy Housing California,88
Property Casualty Insurers Association of America,88
Greater Irvine Chamber of Commerce,88
"American Congress of Obstetricians and Gynecologists, District IX",88
California Probation Parole and Correctional Association,88
California Independent Public Employees Legislative,88
California Aerospace Technology Association,88
Association of California State Attorneys and Administrative Law Judges,88
"American Council of Engineering Companies, California",88
Consumer Data Industry Association,88
Legal Aid Society - Employment Law Center,87
United Cerebral Palsy California Collaboration,87
State Water Contractors,87
Oakland Metropolitan Chamber of Commerce,87
Los Angeles County Bar Association,87
Lake County Land Trust,87
Humboldt Bay Municipal Water District,87
Governor's Office of Child Development and Education,87
California Moving and Storage Association,87
California Commission on Teacher Credentialing,87
Vacaville Chamber of Commerce,86
Union Roofing Contractors Association,86
Enterprise Community Partners,86
State Treasurer Fiona Ma,86
Southern California Glass Management Association,86
Right to Life League,86
Marin,86
California Department of Social Services,86
Community United Against Violence,86
Catalysts for Local Control,86
California Society for Respiratory Care,86
California School Library Association,86
California Adult Education Administrators Association,86
Brawley Chamber of Commerce,86
City of Rocklin,86
Pacific Lumber Company,85
Marin County Council of Mayors and Council Members,85
Marin Food Policy Council,85
Military Officers Association of America - California Council of Chapters,85
Outdoor Sportsman's Coalition of California,85
San Ysidro Health Center,85
Resources for Independent Living,85
Riverside County School Superintendents' Association,85
Legal Aid Society of San Diego,85
State Controller's Office,85
State of California Auto Dismantlers Association,85
Long Beach Immigrant Rights Coalition,85
Direct Marketing Association,85
La Cooperativa Campesina de California,85
Contractors' State License Board,85
City of Marina,85
City of Lathrop,85
California Association of Zoos and Aquariums,85
California Association of REALTORS,85
California Alarm Association,85
Association of Independent California Colleges & Universities,85
Association of California School Administrators (ACSA),85
Association of California Healthcare Districts (ACHD),85
Asian & Pacific Islander American Health Forum,85
San Diego Military Advisory Council,84
National Association of Insurance and Financial Advisors of California,84
Policylink,84
Leadership Council for Justice and Accountability,84
San Jose Chamber of Commerce,84
Socal 350 Climate Action,84
State Center Community College District,84
Legal Advocates for Children and Youth,84
Construction Industry Force Account Council,84
City of Turlock,84
California State Bar,84
California Preservation Foundation,84
California Law Enforcement Association of Records Supervisors,84
American Society for Reproductive Medicine,84
American Foundation for Suicide Prevention,84
Coachella Valley Economic Partnership,84
A Community of Friends,84
Department of Public Health,83
Green California,83
United Farm Workers of America,83
The Child Abuse Prevention Center,83
Nonprofit Housing Association of Northern California,83
Lawyers' Committee for Civil Rights of The San Francisco Bay Area,83
Institute of Real Estate Management,83
California Military Department,83
City of Lemoore,83
"Catholic Charities, Diocese of Stockton",83
California Association of Dental Plans,83
BOE,83
American Subcontractors Association of California,83
State Building and Construction Trades Council of CA,82
Nor Cal Rental Property Association,82
Murrieta/Wildomar Chamber of Commerce,82
Town of Windsor,82
Women For: Orange County,82
Long Beach City College,82
Los Angeles Food Policy Council,82
California Energy Efficiency Industry Council,82
LIUNA Locals 777 & 792,82
Hospital Corporation of America,82
GENup,82
City of Perris,82
City of Fort Bragg,82
Center for Workers' Rights,82
California Coalition Against Gambling Expansion,82
Jericho: A Voice for Justice,81
Veterans of Foreign Wars - Department of California,81
The Institute for College Access & Success,81
"The Fund for Animals, Inc",81
Southern California Marine Association,81
San Joaquin River Parkway and Conservation Trust,81
Redwood Community Action Agency,81
Professional Beauty Federation of California,81
Metropolitan Water District,81
Alliance of California Autism Organizations,81
Governor,81
Fresno Interdenominational Refugee Ministries,81
Construction Materials Association of California,81
City of Santee,81
Child Abuse Prevention Council of Contra Costa County,81
Central Coast Alliance United for A Sustainable Economy,81
California Paralyzed Veterans Association,81
Air Force Sergeants Association,81
Access Humboldt,81
The Education Trust-West,80
Tesla,80
Rincon Band of Luiseño Indians,80
Partnership for the Advancement of New Americans,80
North East Trees,80
Education Trust-West,80
Jakara Movement,80
Lakewood,80
Department of Pesticide Regulation,80
City of Upland,80
City of Orinda,80
California Department of Veterans Affairs,80
California Association of Federal Firearms Licensees,80
Building Industry Association of Southern California,80
Black Women Organized for Political Action,80
The Arc of California,79
Sustainable Silicon Valley,79
Cerritos Regional Chamber of Commerce,79
Modesto Chamber of Commerce,79
Independent Administrators Association,79
Hayward Area Recreation and Park District,79
Community Solutions,79
Bridge Housing,79
Center for Living and Learning,79
California Manufactures & Technology Association,79
California Manufacturers and Technology Association (CMTA),79
California Association of School Transportation Officials,79
Board of Psychology,79
Association of Regional Center Agencies (ARCA),79
California Small Brewers Association,79
Santa Monica Chamber of Commerce,78
Pharmaceutical Care Management Association,78
San Bernardino Valley Municipal Water District,78
San Francisco Bay Area Rapid Transit District (BART),78
Wakeland Housing and Development Corporation,78
Solano County Taxpayers Association,78
Stronger California Advocates Network,78
National Nurses Organizing Committee,78
West Hollywood Chamber of Commerce,78
Office of Statewide Health Planning and Development,78
The California State University,78
LISC San Diego,78
City of Hanford,78
Jewish Free Loan Association,78
California Pool and Spa Association,78
California Reinvestment Committee,78
California Department of Forestry Employees Association,78
City of Milpitas,78
City of Sonoma,78
Inter-Agency Council on Child Abuse and Neglect,78
Internet Coalition,78
Department of Parks and Recreation,77
Tides Advocacy,77
The Trevor Project,77
Santa Ana Watershed Project Authority,77
Military Officers Association of America-California Council of Chapters,77
Mendocino Land Trust,77
Howard Jarvis Taxpayers Association (HJTA),77
Homeless Health Care Los Angeles,77
Commerce Club,77
Consumer Brands Association,77
California State Conference of the National Association for the Advancement of Colored People,77
California Coalition for Mental Health,77
California Chamber Of Commerce,77
California Board of Psychology,77
Bay Area Community Services,77
Alameda County Foster Youth Alliance,77
bill,76
Community Housing Improvement Program,76
Orange County District Attorney's Office,76
Large-Scale Solar Association,76
Kirsch Foundation,76
Council of Acupuncture and Oriental Medicine Associations,76
"Unite Here International Union, AFL-CIO",76
City of Redlands,76
City of Calabasas,76
City of Brisbane,76
California Association of Addiction Recovery Resources,76
California Alliance for Retired Americans (CARA),76
CSAC,76
American Kennel Club,76
Veterans Caucus of the California Democratic Party,75
Toward Utility Rate Normalization (TURN),75
SV@Home,75
Opportunity Fund,75
Madera County,75
Los Padres ForestWatch,75
Lifelong Medical Care,75
John Burton Foundation,75
Housing Now,75
Green Foothills,75
Fathers and Families of San Joaquin,75
Destination: Home,75
City of Hawaiian Gardens,75
California Human Development,75
California Association of Pest Control Advisers,75
CalPACE,75
Black Leadership Council,75
Association of Environmental Professionals,75
Animal Legislative Action Network,75
East Bay Developmental Disabilities Legislative Coalition,75
San Diego Immigrant Rights Consortium,74
Inland Equity Partnership,74
Local Clean Energy Alliance,74
Mujeres Unidas Y Activas,74
Racial and Ethnic Mental Health Disparities Coalition,74
Wellstone Democratic Renewal Club,74
"Services, Immigrant Rights, and Education Network",74
Southern California Edison (SCE),74
The Toy Association,74
United Way Bay Area,74
Entertainment Software Association,74
Friends of The Earth,74
TELACU,74
Democratic Party of the San Fernando Valley,74
California Youth Connection (CYC),74
Contra Costa Taxpayers Association,74
California Alliance For Consumer Protection,74
California Association of Homes for the Aging,74
American Jewish Committee,74
Asian and Pacific Islander American Health Forum,74
Catholic Charities of Santa Clara County,74
City of East Palo Alto,74
City of Lake Elsinore,74
City of Lawndale,74
Conservation Corps of Long Beach,74
Legal,73
UnCommon Law,73
UPS,73
St. Joseph Center,73
South Bay AFL-CIO Labor Council,73
Semiconductor Equipment & Materials International,73
Reserve Officers Association,73
Peninsula Interfaith Climate Action,73
Orange County People for Animals,73
Orange County Association of Realtors,73
City of Rancho Santa Margarita,73
League to Save Lake Tahoe,73
"California Association of Licensed Security Agencies, Guards and Associates",73
Alliance of Californians for Community Empowerment (ACCE) Action,73
Inland Congregations United for Change,73
Association of California Health Care Districts,73
American Cleaning Institute,73
California Efficiency + Demand Management Council,73
California State Foster Parent Association,73
Cemetery and Mortuary Association of California,73
City of Oakdale,73
Western State Petroleum Association,72
Urban County of California,72
Southern California Alliance of Law Enforcement,72
South Bay Labor Council,72
Society for Human Resource Management,72
Office of the State Long-Term Care Ombudsman,72
Porterville Chamber of Commerce,72
"Laguna Greenbelt, Inc",72
Natural Resource Defense Council,72
Centro Legal De LA Raza,72
Central Basin Water Association,72
Canopy,72
Abode Communities,72
Chinatown Community Development Center,72
Fund,71
WateReuse Association,71
Urban Semillas,71
United Chambers of Commerce of the San Fernando Valley,71
United Anglers,71
Tribal Alliance of Sovereign Indian Nations,71
The Public Interest Law Project,71
Port of San Diego,71
Labor/Community Strategy Center,71
Harbor Association of Industry and Commerce,71
County Recorders' Association of California,71
California State Building and Construction Trades Council,71
California Academy of Ophthalmology,71
California Municipal Utilities Association (CMUA),71
California School Board Association,71
California District Attorneys Association (CDAA),71
California Wool Growers Association,71
City of Kerman,71
Community Housing Opportunities Corporation,71
Community Overcoming Relationship Abuse,71
City of Cotati,70
Valley Improvement Projects,70
State Department of Social Services,70
Santa Clara Board of Supervisors,70
Sacramento Housing and Redevelopment Agency,70
Housing,70
Ecological Farming Association,70
City of San Dimas,70
City of Newark,70
California Judicial Council,70
City of Beaumont,70
Center for Auto Safety,70
California Nurses Association (CNA),70
California Nevada Cement Association,70
California Cable Television Association,70
California Association of Highway Patrolmen (CAHP),70
BRIDGE Housing,70
"Center on Race, Poverty, and the Environment",70
National Electrical Manufacturers Association,69
Habitat for Humanity,69
Loaves and Fishes,69
Marin Humane Society,69
Merritt Community Capital Corporation,69
Motivating Individual Leadership for Public Advancement,69
South Orange County Economic Coalition,69
New Economics for Women,69
Pet Industry Joint Advisory Council,69
San Diego LGBT Community Center,69
Department of Personnel Administration (DPA),69
Walden Family Services,69
West Hollywood Community Housing Corporation,69
Feather River Land Trust,69
The Paw Project,69
County Health Executives Association,69
California Invasive Plant Council,69
Aircraft Owners and Pilots Association,69
Alliance for A Better Community,69
City of Shafter,69
California Asian Chamber of Commerce,69
California Coalition of Law Enforcement Associations,69
American Planning Association California Chapter,69
California Pawnbrokers Association,69
California Pear Growers,69
California Retired County Employees Association,69
California State Park Rangers Association,69
City of Pleasant Hill,69
City of San Marino,69
Managed Risk Medical Insurance Board,68
Sustainable Tamalmonte,68
St. Mary's Center,68
Save Lafayette,68
San Luis Obispo Yimby,68
PATH,68
Orange County Communities Organized for Responsible Development,68
Off Road Vehicle Legislative Coalition,68
Mutual Housing California,68
California Association of Housing Authorities,68
Federated Indians of Graton Rancheria,68
City of San Bruno,68
City of Los,68
City of Delano,68
California Naturopathic Doctors Association,68
California Federation of Teachers Afl-cio,68
California Farmers Union,68
Affordable Housing Network of Santa Clara County,68
"Eric Garcetti, Mayor of Los Angeles",68
Sacramento Neighborhood Housing Services,67
Marjaree Mason Center,67
Nature for All,67
PODER,67
Restaurant Opportunities Center of Los Angeles,67
Westside for Everyone,67
Sacramento Regional Coalition to End Homelessness,67
San Francisco Foundation,67
Showing Up for Racial Justice Bay Area,67
State Building & Construction Trades Council,67
League of Cities,67
Low Income Investment Fund,67
Mental Health Advocacy Services,67
Junior League of California,67
California State Coroners' Association,67
First American Corporation,67
Cal Asian Chamber of Commerce,67
California Behavioral Health Association,67
California Federation of Interpreters,67
California Insurance Guarantee Association,67
California HIV Advocacy Coalition,67
California Wildlife Foundation,67
City of Riverbank,67
Department of Managed Health Care,67
"Engineers and Scientists of California, Local 20",67
Sacramento Area Flood Control Agency,66
Indivisible San Francisco,66
Los Angeles County Business Federation (BIZFED),66
Mooretown Rancheria,66
Muir Heritage Land Trust,66
Orange County Council of Governments,66
Yuba County Board of Supervisors,66
Santa Monicans for Renters' Rights,66
Save The Bay,66
Sportfishing Association of California,66
Sports and Arms Show Producers of America,66
World Institute on Disability,66
Independent Automobile Dealers Association of California,66
Independent Hospitality Coalition,66
California Emerging Technology Fund,66
Inclusive Action for the City,66
"Center for Oceanic Awareness, Research, and Education",66
Golden State Manufactured Home Owners League,66
Audubon Society,66
Board of Barbering and Cosmetology,66
California Architects Board,66
California Staffing Professionals,66
California Athletic Trainers Association,66
Clean Water Action California,66
District Council of Iron Workers of the State of California and Vicinity,66
East Orange County Water District,66
Everychild Foundation,66
Friends of The River,66
North County Health Services,65
Sherman Oaks Homeowners Association,65
On Lok Senior Health Services,65
Partnership for Los Angeles Schools,65
Pillars of The Community,65
Regional Council of Rural Counties (RCRC),65
Safari Club International Foundation,65
Wilmington Chamber of Commerce,65
SolarCity,65
State Controller Betty Yee,65
Town of Hillsborough,65
Tree Fresno,65
UnidosUS,65
Mojave Desert Air Quality Management District,65
Napa Valley Community Housing,65
Biotechnology Industry Organization,65
Los Angeles Black Worker Center,65
City of Adelanto,65
American Planning Association - California Chapter,65
21st Century Alliance,65
Land Conservancy of San Luis Obispo County,65
California Automatic Vendors Council,65
California Insurance Wholesalers Association,65
California Water Impact Network,65
"California Association of Licensed Security Agencies, Guards & Associates",65
City of Ukiah,65
Developmental Disabilities Area Board 10,65
East Bay Family Defenders,65
Fair Housing Council of Orange County,65
Golden State Builders Exchange,65
Insurance Commissioner Ricardo Lara,65
Ventura County Taxpayers Association,64
State Treasurer's Office,64
Sacramento Regional County Sanitation District,64
Respiratory Care Board of California,64
Related California,64
Physicians for Social Responsibility-Los Angeles,64
Pacific Institute,64
North Coast Builders Exchange,64
NetChoice,64
Consumers for Auto Reliability and Safety (CARS),64
City of Scotts Valley,64
Californiahealth+ Advocates,64
California Academy of Eye Physicians and Surgeons,64
California Society of Association Executives,64
"American Association of University Women, California",64
Cal Fire Local 2881,64
Associated Builders and Contractors Northern California Chapter,64
California Ambulatory Surgery Association,64
California Association of Adoption Agencies,64
California Avocado Commission,64
California School Nutrition Association,64
State Building and Construction Trades Council of Ca,63
Los Angeles County Business Federation (BIZ-FED),63
National Insurance Crime Bureau,63
Lawyers Committee for Civil Rights of the San Francisco Bay Area,63
Project Sentinel,63
Public Advocates Office,63
R Street Institute,63
United Food and Commercial Workers - Western States Conference,63
The Foundation for Taxpayer and Consumer Rights,63
Training in Early Abortion for Comprehensive Healthcare,63
Unite Here Local 11,63
United Auburn Indian Community,63
Western Plastics Association,63
Wildlands Network,63
Legal Services for Prisoner With Children,63
Prison Policy Initiative,63
Community Clinic Association of Los Angeles County (CCALAC),63
California Urban Partnership,63
"Coalition on Homelessness, San Francisco",63
Arc and United Cerebral Palsy California Collaboration,63
Bay Area,63
Berkeley Tenants Union,63
California Coalition for Immigration Reform,63
California League of Savings Institutions,63
Asian Pacific Islander Legal Outreach,63
Cellular Carriers Association of California,63
City Heights Community Development Corporation,63
City of Coalinga,63
City of King,63
Coalition for Quality Credit Counseling,63
Central California Legal Services,63
Osteopathic Medical Board of California,62
Linc Housing,62
Minority Apartment Owners Association,62
National Asian American Coalition,62
North Los Angeles County Regional Center,62
"State Building and Construction Trades Council of California, AFL-CIO",62
Special Needs Network,62
State,62
The Leukemia & Lymphoma Society,62
Insight Center for Community Economic Development,62
Jewish Family Services of Los Angeles,62
County of Lassen,62
County of Orange Veterans Advisory Council,62
California EDGE Coalition,62
Association of California Airports,62
Association of California Car Clubs,62
California Association of Obstetricians and Gynecologists,62
California District Attorneys' Association,62
American Institute of Architects California,62
California Manufacturers & Technology Association (CMTA),62
California Public Utilities Commission (CPUC),62
City of Clayton,62
County Alcohol and Drug Program Administrators Association of,62
Hathaway-Sycamores,61
Westside Council of Chambers of Commerce,61
Western Placer Waste Management Authority,61
Sonoma County Transportation Authority,61
Regional Center of Orange County,61
Oakland Chamber of Commerce,61
Northern California Community Loan Fund,61
Motion Picture Association,61
Mental Health Association of California,61
JERICHO: A Voice for Justice,61
Institute on Aging,61
Housing Now! CA,61
Alameda County Transportation Authority,61
Economic Empowerment Foundation,61
California Elder Justice Coalition,61
AMVETS- Department of California,61
Dow Chemical Company,61
American Society of Civil Engineers,61
California Coalition for Community Investment,61
Cal Chamber,61
California Industrial and Technology Education Association,61
City of Danville,61
City of Hidden Hills,61
Dana Point Chamber of Commerce,61
Debt Free Justice California,61
Statewide California Coalition for Battered Women,60
Mono County Board of Supervisors,60
Orange County Food Access Coalition,60
Pueblo Unido CDC,60
San Francisco Living Wage Coalition,60
Southern California University of Health Sciences,60
St. John's Well Child and Family Center,60
United Cerebral Palsy Association,60
Surety Company of the Pacific,60
Swords to Plowshares,60
The Young Women's Freedom Center,60
Tule River Tribe,60
Veterinary Medical Board,60
Inland Empire Health Plan,60
Inland Empire Immigrant Youth Collective,60
California Association of Christian Colleges and Universities,60
Information Technology Association of America,60
California Association of Local Agency Formation,60
Greater San Diego Chamber of Commerce,60
Asian Immigrant Women Advocates,60
Association of Monterey Bay Area Governments,60
Bar Association of San Francisco,60
CalPERS Board of Administration,60
Association of Compost Producers,60
City of American Canyon,60
City of Sand City,60
Climate Equity Policy Center,60
Disability Voices United,60
"Gay and Lesbian Adolescent Social Services, Inc",60
City of Mill Valley,60
Natural Resources Defense Counsel,59
Independent Living Center of Southern California,59
Mercury Insurance Company,59
National Federation of Independent Business - California,59
The Arc and United Cerebral Palsy in California,59
North State Building Industry Association,59
The Arc,59
Town of Los Gatos,59
Young Community Developers,59
City of Hollister,59
Dairy Institute,59
Los Angeles County Division of the League of California Cities,59
City of Fillmore,59
California Association of Nurse Practitioners,59
City of Antioch,59
American Nurses Association,59
Armenian National Committee of America - Western Region,59
California Association of Councils of Government,59
Asian Pacific Policy and Planning Council,59
California Community College Independents,59
California Hawaii State Conference of the NAACP,59
California Housing Finance Agency,59
California Innocence Project,59
California State Council of Service Employees International Union (seiu California),59
California Teachers' Association,58
United Food and Commercial Workers Union,58
United Domestic Workers,58
The California Sportsman's Lobby,58
Netchoice,58
Ella Baker Center for Human Right,58
City of Brawley,58
California Community Technology Policy Group,58
California Society of CPAs,58
California School Boards Association (CSBA),58
California Charter School Association,58
California Association of Professional Employees,58
California Alliance of Nurses for Healthy Environments,58
ACLU California,58
Faculty Association of the California Community Colleges,57
Mental Health America of Los Angeles,57
Family Assistance Program,57
L.A. Gay and Lesbian Center,57
Liberty Hill Foundation,57
Los Angeles Alliance for A New Economy,57
Strategic Concepts in Organizing and Policy Education,57
Showing Up for Racial Justice North County San Diego,57
"The Agora Group, Goleta",57
The Gubbio Project,57
The Kennedy Forum,57
The Pacific Companies,57
Communication Workers of America,57
"Council of Community Housing Organizations, San Francisco",57
Jewish Federation of Greater Los Angeles,57
Coalition of Orange County Community Health Centers,57
California Norml,57
"Climate Reality Project, Orange County",57
Breathe Southern California,57
California Association of Joint Powers Authority,57
California Coalition for Adequate School Housing,57
Authority,57
California Infill Builders Federation,57
California Association of Clerks and Election Officials (CACEO),57
California School Food Service Association,57
City of Carpinteria,57
Area,57
City of Grand Terrace,57
City of Villa Park,57
California State Association of Psychiatrists (CSAP),57
School for Integrated Academics and Technologies,56
Napa Valley Vintners,56
National Traffic Safety Institute,56
Riviera Homeowners Association,56
San Pasqual Band of Mission Indians,56
Town of Truckee,56
Sierra-Cascade Land Trust Council,56
The American Civil Liberties Union,56
U.S. Green Building Council,56
Zillow Group,56
Los Angeles County Professional Peace Officers,56
Middletown Rancheria,56
Legal Advocates for Children & Youth,56
California Center for Rural Policy,56
Hunger Advocacy Network,56
Community Economics,56
Commerce Casino,56
Coalition of California Insurance Professionals,56
Claremont,56
City of Livingston,56
California Taxpayers' Association (Cal-Tax),56
California Department of Forestry and Fire Protection,56
California Association of Air Medical Services,56
Association of Talent Agents,56
American Federation,56
Learning Rights Law Center,56
Fresno Business Council,55
Law,55
Jobs with Justice San Francisco,55
Court Reporters Board of California,55
First Community Housing,55
Employers Group,55
Pacific Palisades Community Council,55
Los Angeles Mayor Eric Garcetti,55
"The Climate Reality Project, Los Angeles Chapter",55
People's Budget Orange County,55
SV@Home Action Fund,55
Santa Susana Mountain Park Association,55
"Services, Immigrant Rights & Education Network",55
Sikh Coalition,55
Silicon Valley at Home,55
Department of Developmental Services,55
"Amvets, Department of California",55
Comite Civico Del Valle,55
California Council for the Blind,55
Alta California Regional Center,55
American Resort Development Association,55
Clorox Company,55
Building Decarbonization Coalition,55
California Air Pollution Control Officer's Association,55
California Applicant Attorneys Association,55
California Citizens for Health Freedom,55
California DUI Lawyers Association,55
California Health Information Association,55
California Young Democrats,55
Catholic Charities Diocese of Stockton,55
City of Calexico,55
City of South Lake Tahoe,55
Climate Center,55
San Diego County Regional Airport Authority,54
Los Angeles Department of Water and Power,54
Mexican American Legal Defense and Education Fund (MALDEF),54
Mothers Against Sexual Abuse,54
"National Association of Social Workers, California",54
Energy Independence Now,54
San Francisco Financial Justice Project,54
Schneider Electric,54
South Bay Community Services,54
United Way,54
Wilton Rancheria,54
Hamilton Families,54
"Agora Group, Goleta",54
East Area Progressive Democrats,54
California Homeless and Housing Coalition,54
Abode Services,54
Arc California,54
Association of Global Automakers,54
Autism Society of Los Angeles,54
Consulting Engineers and Land Surveyors of,54
California Indian Legal Services,54
California Nurses,54
"California Probation, Parole and Correctional Association (CPPCA)",54
City of Pacifica,54
California Major Builders Council,54
Schools Excess Liability Fund,53
Monument Impact,53
Oakland Rising,53
Pacific Asian Consortium in Employment,53
Performing Animal Welfare Society,53
"Sacramento Central Labor Council, AFL-CIO",53
San Luis Obispo County Housing Trust Fund,53
Santa Barbara County Action Network,53
St. James Infirmary,53
Service Employees International,53
Sonoma County Bicycle Coalition,53
"State Bar, Family Law Section",53
State Independent Living Council,53
Los Angeles Commission on Assaults Against Women,53
The Doctors Company,53
The Internet Association,53
Tri-Valley Conservancy,53
Supportive Housing Alliance,53
Mixteco Indigena Community Organizing Project,53
Laborers' International Union of North America,53
"Child Action, Inc",53
American Fire Sprinkler Association,53
American Medical Women's Association,53
Jewish Federation of the Sacramento Region,53
California Association for Coordinated Transportation,53
California Manufacturing Association,53
California Rangeland Trust,53
California Thoroughbred Trainers,53
Center for Employment Training,53
Association of California Insurance,53
Children's Legal Services of San Diego,53
City of Yuba City,53
Coalition of California Welfare Rights Organization,53
Crime Victims Alliance,53
David & Margaret Youth and Family Services,53
Empowering Pacific Islander Communities (EPIC),53
Hispanic 100,53
City of Reedley,53
Social Eco Education,52
Los Angeles Cleantech Incubator,52
Ojai Valley Land Conservancy,52
Regional Asthma Management & Prevention,52
Security Industry Association,52
Sober Living Network,52
Village Club,52
The Tobacco Institute,52
Train Riders Association of California,52
United Ag,52
Vision Service Plan,52
Western Center on Law & Poverty,52
Institute of Scrap Recycling Industries,52
"League of California Cities, Los Angeles County Division",52
"California Chapter, American College of Cardiology",52
House Sacramento,52
City of Anderson,52
Ground Game LA,52
Building Industry Association of the Bay Area,52
California Association of Professional Scientists (CAPS),52
Apartment Association California Southern Cities,52
Catalina Island Conservancy,52
California Chaparral Institute,52
"Climate Reality Project, California Coalition",52
Commercial Real Estate Development Association,52
Emergency Medical Services Administrators Association of California,52
Enloe Medical Center,52
Global Alliance for Incinerator Alternatives,52
St. John's Well Child & Family Center,51
"National Association of Social Workers, California Chapter (NASW-CA)",51
Orange County Asian and Pacific Islander Community Alliance,51
Pacific Community Ventures,51
Planning and Conservation League (PCL),51
Safe Return Project,51
San Francisco Domestic Violence Consortium,51
Walk Sacramento,51
The State Bar of California,51
The Wine Institute,51
Town of Fairfax,51
Trusts and Estates Section of the State Bar of California,51
Vietnam Veterans of American - California State Council,51
Hertz Corporation,51
Wildlife Heritage Foundation,51
Monterey Regional Waste Management District,51
National Asian Pacific American Women's Forum,51
Friends of Ballona Wetlands,51
Catalysts,51
Delta Protection Commission,51
Alliance for Retail Energy Markets,51
"American Federation of State, County and Municipal Employees, Afl-cio",51
Asian Communities for Reproductive Justice,51
Asian Pacific Environmental Network (APEN),51
California Association of Industrial Banks,51
California Board of Pharmacy,51
Berkeley Organizing Congregations for Action,51
Central Coast Center for Independent Living,51
Charles R. Drew University of Medicine and Science,51
Children's Health Environmental Coalition,51
City of Ojai,51
Coalition of University Employees,51
Conference of Delegates of California Bar Associations,51
County Welfare Directors Association (CWDA),51
People Organized for Westside Renewal,50
March for Our Lives Action Fund,50
Military Officers Association of America,50
Mt. View Sanitary District,50
MuniServices,50
National Electrical Contractors Association (NECA),50
Organic Consumers Association,50
Partnership for Working Families,50
Watershed Conservation Authority,50
San Diego River Park Foundation,50
San Francisco Police Officers Association,50
Structural Pest Control Board,50
Taxicab Paratransit Association of California,50
The California Railroad Industry,50
The League of Women Voters of California,50
The Wall Las Memorias Project,50
Wage Justice Center,50
Land Trust for Santa Barbara County,50
Justice Fellowship,50
Jockey's Guild,50
Center for Sustainable Neighborhoods,50
American River Conservancy,50
Humboldt Redwood Company LLC,50
California Assisted Living Facilities Association,50
California Coalition of Travel Organizations,50
California District Attorney Association,50
California Horse Racing Board,50
"Center for Oceanic Awareness, Research, & Education",50
Board of Vocational Nursing and Psychiatric Technicians,50
Chemehuevi Indian Tribe,50
City of Yucaipa,50
Downtown San Diego Partnership,50
Fresno Metropolitan Flood Control District,50
Gateway Cities Council of Governments,50
Hello Housing,50
Housing Authority of the City of Santa Barbara,50
City of Hercules,50
Santa Rosa City Employees Association (SRCEA),49
Napa Emergency Women's Services,49
Organization of SMUD Employees (OSE),49
San Francisco Asthma Task Force,49
San Francisco Bay Joint Venture,49
San Jose Evergreen Community College District,49
The Campaign for College Opportunity,49
Shelter Partnership,49
Simon Wiesenthal Center,49
Small Business Action Committee,49
The Children's Initiative,49
Uprise Theatre,49
Zenith Insurance Company,49
Lumber Association of California & Nevada,49
Los Angeles Free Clinic,49
Juvenile Products Manufacturers Association,49
California In-Home Supportive Services Consumer Alliance,49
Jamul Indian Village of California,49
Affirmed Housing,49
Alameda County Transportation Improvement Authority,49
California Assisted Living Association (CALA),49
California Association of Health Facilities (CAHF),49
Beyond Emancipation,49
California State Parent Teachers Association,49
Capitol Corridor Joint Powers Authority,49
City of La Canada Flintridge,49
ClimatePlan,49
Employment Law Center,49
Fair Housing Advocates of Northern California,49
Sacramento Homeless Organizing Committee,48
National Association of,48
National Association of Insurance and Financial Advisors of,48
Los Angeles Police,48
Personal Insurance Federation of California (PIFC),48
Preserve Wild Santee,48
Riverside Sheriffs,48
Sacramento Central Labor Council,48
United Food & Commercial Workers,48
San Fernando Valley Young Democrats,48
San Mateo County Child Care Partnership Council,48
Sonoma County Human Services Department,48
State Treasurer John Chiang,48
The Alliance for Children's Rights,48
Treatment Advocacy Center,48
Walnut Creek Chamber of Commerce,48
Women's Community Clinic,48
National Association for the Advancement of Colored People,48
Northern California,48
Los Angeles County Chief Executive Office,48
Cathedral City,48
Association of International Automobile Manufacturers,48
Association of Realtors,48
Asthma Coalition of Los Angeles County,48
California Association for Local Economic Development (CALED),48
California Children and Families Commission,48
California Cut Flower Commission,48
California Public Health Association-North,48
California Service Station & Automotive Repair Association,48
Home Depot,48
Chief Probation Officers' of California (CPOC),48
Comite Civico del Valle,48
Community Food and Justice Coalition,48
Council of UC Faculty Associations,48
East Palo Alto Council of Tenants,48
Filipinos for Affirmative Action,48
Grayburn Avenue Block Club,48
City of Avalon,48
Riverside Police Officers' Association,47
Sacramento Municipal Utility District (SMUD),47
SF-Marin Food Bank,47
Northern Neighbors SF,47
Printed Circuit Alliance,47
Physicians for Reproductive Choice and Health,47
Ocean Conservation Research,47
The Century Foundation,47
San Francisco Department of the Environment,47
The Watershed Research and Training Center,47
The City Project,47
The Climate Reality Project: Silicon Valley,47
The Fresno Center,47
Tobacco Education and Research Oversight Committee,47
Town of Mammoth Lakes,47
United Educators of San Francisco,47
Western Association for College Admission Counseling,47
"National Electrical Contractors Association, California Chapters",47
Northern California District Council of the International Longshore and Warehouse Union,47
Compass Family Services,47
Healthy Homes Collaborative,47
California Bankers Association (CBA),47
A New Way of Life,47
American Shooting Sports Council,47
Association of Retired Teachers,47
Desert Valleys Builders Association,47
BizFed,47
Brighter Beginnings,47
California Association for Counseling and Development,47
California Association of Mental Health Patients' Rights Advocates,47
Bicycle Casino,47
California Coalition of Utility Employees,47
California Renters Legal Advocacy and Education Fund,47
California Shooting Sports Association,47
California State University Employees Union (CSUEU),47
Citizens Preserving Venice,47
City of Crescent City,47
College Board,47
California Hospital Association (CHA),47
Santa Barbara County Association of Governments,46
Many Mansions,46
National Association for the Education of Homeless Children and Youth,46
National Trust for Historic Preservation,46
Power California,46
San Ramon Valley Fire Protection District,46
The Arc California,46
Santa Barbara County Taxpayers Association,46
Solar Alliance,46
Southeast Asian Community Center,46
The Women's Building,46
Unidosus,46
Greater Merced Chamber of Commerce,46
John Stewart Company,46
Law Center,46
Friends of Griffith Park,46
California Travel Parks Association,46
Association for Los Angeles Deputy Sheriffs (ALADS),46
Black Brant Group,46
California Association for Health Services at Home (CAHSAH),46
California Council for Environmental & Economic Balance (CCEEB),46
California Sportsmen's Lobby,46
California Supported Living Network,46
Consumer Electronics Association,46
Citizens for Los Angeles Wildlife,46
City of Galt,46
City of Santa Paula,46
Concord,46
American Wood Council,46
City of Bishop,46
San Francisco Community Land Trust,45
Kennedy Commission,45
Latino Coalition for a Health California,45
National Asian Pacific American Families Against Substance Abuse,45
National Multiple Sclerosis Society - California Action Network,45
National Tax Limitation Committee,45
Planting Justice,45
Port of Los Angeles,45
San Bernardino Public Employees Association (SBPEA),45
San Diego Youth Services,45
Save the American River Association,45
San Jose Conservation Corps & Charter School,45
Sandiego350,45
Silicon Valley @ Home,45
The Clorox Company,45
The Economic Empowerment Foundation,45
Imperial County Schools Advocacy Association,45
Transportation Corridor Agencies,45
United Parcel Service,45
Valley County Water District,45
The Kennedy Commission,45
"International Brotherhood of Boilermakers, Western States Section",45
Housing Long Beach,45
"California Rifle and Pistol Association, INC",45
Alliance for Nuclear Responsibility,45
Hayward Chamber of Commerce,45
Asian American Drug Abuse Program,45
CAUSE,45
California Council of Chapters,45
California Department of Food and Agriculture,45
California Manufacturers Association (CMA),45
California Manufactures and Technology Association,45
California Pilots Association,45
American Council of Engineering Companies California,45
California Special Districts Association (CSDA),45
First Focus Campaign for Children,45
City of Atascadero,45
Greater Long Beach Interfaith Community Organization,45
Forest Products Industry National Labor Management Committee,45
Habitat for Humanity Greater San Francisco,45
Filipino Migrant Center,45
Faith in Action East Bay,45
Elkhorn Slough Foundation,45
Dental Health Foundation,45
Roseville Urban Forest Foundation,44
Inland Regional Center,44
Just Transition Alliance,44
Esperanza Community Housing,44
Lambda Letters,44
North County Transit District,44
Office of Ratepayer Advocates (ORA),44
Regional Asthma Management and Prevention (RAMP),44
Southern California Public Power Authority (SCPPA),44
San Luis Obispo County Employees Association (SLOCEA),44
San Mateo County Community College District,44
Seiu California,44
Senior and Disability Action,44
The Black Brant Group,44
The San Diego LGBT Community Center,44
Utility Consumers' Action Network (UCAN),44
Women's Cancer Resource Center,44
Group,44
Center for Farmworker Families,44
Department of Boating and Waterways,44
California Community Colleges Board of Governors,44
Council for Responsible Nutrition,44
"American Federation of State, County",44
Beverly-Vermont Community Land Trust,44
Black Organizing Project,44
"Board for Professional Engineers, Land Surveyors, and Geologists",44
Brentwood Alliance of Canyons & Hillsides,44
California Association of Photocopiers and Process Servers,44
Board of Supervisors of Marin County,44
California Council of Churches IMPACT,44
California Department of Corrections and Rehabilitation,44
California Farm Labor Contractor Association,44
California Joint Powers Insurance Authority,44
California Manufacturers and Technology,44
Californians Allied for Patient Protection,44
Chief Probation Officers' of California,44
New Way Homes,43
Fair Political Practices Commission (FPPC),43
Fresno County Economic Opportunities Commission,43
Golden State Builder's Exchanges,43
Haywood Burns Institute,43
Institute for Justice,43
Junior League of Orange County,43
Lisc San Diego,43
Wildlands Conservancy,43
North San Diego Business Chamber,43
Resources Legacy Fund,43
Santa Monica Rent Control Board,43
"Terner Center for Housing Innovation at the University of California, Berkeley",43
The Fund for Animals Inc,43
The Sentencing Project,43
The Translatin@ Coalition,43
UC Student Association,43
Episcopal Community Services of San Francisco,43
East Bay Innovations,43
Contra Costa Interfaith Supporting Community Organization,43
California Association of Private Special Education Schools,43
City of Sausalito,43
Apartment Association,43
Association of Asian Pacific Community Health Organizations,43
CA Association of County Treasurers and Tax Collectors,43
California Association of Environmental Health Administrators (CAEHA),43
California Association of Local Behavioral Health Boards and Commissions,43
California Association of Long Term Care Medicine,43
"American Society of Civil Engineers, Region 9",43
California Faculty Association (CFA),43
California State Council of SHRM,43
California State Sheriffs' Association (CSSA),43
California Veterinary Medical Board,43
Camarillo,43
Chico Chamber of Commerce,43
City of San Jacinto,43
California Speech-Language Hearing Association,43
Redwood Valley Little River Band of Pomo Indians,42
Los Padres Forestwatch,42
National Union of Healthcare Workers (NUHW),42
Non Profit Housing Association of Northern California,42
Norco College,42
Organize Sacramento,42
Palos Verdes Peninsula Unified School District,42
"Professional & Technical Engineers, IFPTE Local 21, AFL-CIO",42
The Metropolitan Water District of Southern California,42
South Delta Water Agency,42
Steven and Michele Kirsch Foundation,42
The Boeing Company,42
The Steinberg Institute,42
Tree Foundation of Kern,42
Valley Women's Club of San Lorenzo Valley,42
Women's Foundation,42
LA Cooperativa Campesina De California,42
Institute for Fisheries Resources,42
Fred Finch Youth Center,42
Center for Genetics and Society,42
Executive Council of Homeowners (ECHO),42
350 Santa Barbara,42
American Legion Department of California,42
Association for California,42
California Conference of Bar Associations,42
California Professional,42
California State Treasurer John Chiang,42
Building the Base Face to Face,42
Center for Law and Social Policy,42
City of Banning,42
City of Kingsburg,42
City of Los Banos,42
City of Westlake Village,42
El Concilio of San Mateo County,42
Engine Manufacturers Association,42
Million Mom March,41
GRID Alternatives,41
Huntington Beach Tree Society,41
Independent Living Services of Northern California,41
Indivisibles of Sherman Oaks,41
Institute of Real Estate Management (IREM),41
Legal Aid Society-Employment Law Center,41
Leukemia and Lymphoma Society,41
Los Angeles Regional Reentry Partnership (LARRP),41
Sierra Consortium,41
Orange County Congregation Community Organization,41
Pacific Business Group on Health,41
People Assisting the Homeless,41
Rise Together,41
Sacred Heart Community Service,41
Satellite Affordable Housing Associates,41
Shasta-Tehama-Trinity Joint Community College District,41
Faith in Action Bay Area,41
The United Way of Greater Los Angeles,41
Western States Council,41
Faith in The Valley,41
City of Waterford,41
Cooperative of American Physicians,41
California Center for Cooperative Development,41
ALS Association,41
Alameda County Resource Conservation District,41
Alternative Family Services,41
Asthma and Allergy Foundation of America,41
Bay Area Bicycle Coalition,41
Civil Justice,41
Calasian Chamber of Commerce,41
California Alliance for Pride and Equality (CAPE),41
California Association of Mental Health Peer Run Organizations,41
Big City Mayors,41
California Professional Firefighters,41
Center for Land-Based Learning,41
Christian Church Homes,41
Cigar Association of America,41
City and County of San Francisco Board of Supervisors,41
City of Orange Cove,41
City of Oroville,41
City of Yreka,41
California State Commanders Veteran Council,41
Long Beach Residents Empowered,40
Neighborhood Market Association,40
National Association of Insurance and Financial Advisors,40
Madera County Farm Bureau,40
Fair Housing Council of San Diego,40
LINC Housing,40
Kern Economic Development Corporation,40
Justice Teams Network,40
Huntington Beach,40
National City Chamber of Commerce,40
Plasma Protein Therapeutics Association,40
Oakland Tenants Union,40
Paw Project,40
Professional Insurance Agents Group,40
Resighini Rancheria,40
San Joaquin Valley Housing Collaborative,40
Services Employees International Union,40
The Teamsters,40
Treepeople,40
Yimby Slo,40
District Council of Iron Workers of The State of California and Vicinity,40
East Bay Community Energy,40
Investing in Place,40
Deposition Reporters Association,40
California Foundation for Independent Living,40
American Financial Services Association,40
Associated Builders and Contractors of Northern California,40
Big Valley Band of Pomo Indians,40
California Building Standards Commission,40
California Center for Sustainable Energy,40
California Chapter of The American College of Emergency Physicians,40
California Democratic Party Renters Council,40
California Environmental Health Association,40
California Families Against Solitary Confinement,40
Congregations Organized for Prophetic Engagement (COPE),40
California Managed Risk Medical Insurance Board,40
California Rifle & Pistol Association,40
California Rural Legal Assistance Foundation,40
California's Independent Telecommunications Companies,40
Center for Domestic Peace,40
Central Valley Opportunity Center,40
City of Gridley,40
AZUL,40
Climateplan,40
California Nurse Midwives Association (CNMA),40
Path,39
Retired Public Employees Association (RPEA),39
Progressive Democrats of Santa Monica Mountains,39
Poison Free Agoura,39
Interment Association of California,39
Nrdc,39
Marin Institute,39
Los Angeles Beautification Team,39
San Francisco 49ers,39
Salesforce,39
T.R.U.S.T. South LA,39
San Jose/Silicon Valley NAACP,39
Santa Clarita Organization for Planning and the Environment,39
Share Our Selves,39
Stanislaus Council of Governments,39
The Home Depot,39
Tuolumne County Board of Supervisors,39
Western Manufactured Housing Communities,39
YIMBY Law,39
Youth,39
Inland Urban Forest Council,39
Inquilinos Unidos,39
Valley Contractors Exchange,39
Human Response Network,39
"California Rural Indian Health Board, Inc",39
"American College of Obstetricians and Gynecologists, District IX/CA",39
Bay Area Housing Advocacy Coalition,39
"AMVETs, Department of California",39
Burbank,39
California Alternative Payment Program Association (CAPPA),39
California Association of Professional,39
California Automotive Wholesalers Association,39
California Democratic Renters Council,39
California Dermatology Society,39
Building Opportunities for Self-Sufficiency,39
Center for Democracy and Technology,39
Cupertino,39
City of Grass Valley,39
Genup,39
Gender Health Center,39
Housing and Economic Rights Advocates (HERA),39
County of Sacramento Board of Supervisors,39
Council of Mexican Federations,39
Climate First: Replacing Oil & Gas,39
City of Piedmont,39
Professional Rodeo Cowboys Association,38
Los Angeles Metropolitan Churches,38
Maritime Museum of San Diego,38
Mexican American Political Association,38
National Association of Women Business Owners,38
National Writers Union,38
Polaris Project,38
Professional Engineers in California,38
San Diego Police Officers Association,38
Riverside Transit Agency,38
Howard Jarvis Taxpayer Association,38
Silicon Valley At Home,38
South County Housing,38
Toward Utility Rate Normalization,38
United Auto Workers,38
West Angeles Community Development Corporation,38
The John Stewart Company,38
Los Angeles Conservancy,38
Homeowners of Encino,38
California Chapter of the American Planning Association,38
Hertz,38
America's Health Insurance Plans (AHIP),38
American Atheists,38
American Institute of Architects California Council,38
California Academy of Nutrition and Dietetics,38
California Association of Adult Day Services,38
California Certified Organic Farmers (CCOF),38
Association for,38
California HealthCare Association,38
Corporation for Supportive Housing (CSH),38
Directors Guild of America,38
Faith and Community Empowerment,38
Fremont,38
Golden State Manufactured-home Owners League,38
California Hospital Medical Center,38
Guam Communications Network,38
Marin County Commission on Aging,37
Point Loma Nazarene University,37
Planning for Elders in the Central City,37
Our City Forest,37
National Compadres Network,37
Land Trust of Napa County,37
Los Angeles Alliance for a New Economy (LAANE),37
Leucadia Wastewater District,37
International Fund for Animal Welfare,37
San Francisco Human Services Agency,37
San Francisco Bar Pilots Association,37
The Planning and Conservation League,37
Santa Barbara Technology and Industry Association,37
School Project for Utility Rate Reduction,37
Southeast Community Development Corporation,37
Stanislaus County Farm Bureau,37
Streets for People Bay Area,37
The Alliance,37
The Children's Clinic,37
The Climate Alliance of Santa Cruz County,37
VFW - Department of California,37
YMCA of Metropolitan Los Angeles,37
Grid Alternatives,37
Home Economics Teachers Association of California,37
Santa Barbara Audubon Society,37
Family Council,37
California Teacher's Association,37
Families to Amend California's Three Strikes,37
American Federation of State County and Municipal Employees (AFSCME),37
Association of Financial Development Corporations,37
Bonita Unified School District,37
Building Industry Association,37
Building Industry Association of San Diego County,37
"California Chapter, American Physical Therapy Association",37
California Long-Term Care Ombudsman Association (CLTCOA),37
California PACE Association,37
California State Association Of Counties,37
Associated Students of the University of California,37
Alliance for Democracy,37
Consumer Federation of California (CFC),37
Church,37
Ecumenical Association for Housing,37
Department of Fair Employment and Housing,37
County Welfare Directors,37
Doing Good Works,37
Consulting Engineers and Land Surveyors of California (CELSOC),37
Communities for a New California,37
Climate First: Replacing Oil & Gas (CFROG),37
City of Clearlake,37
John C. Fremont Healthcare District,36
Soap and Detergent Association,36
Korean American Coalition,36
Law Enforcement Against Prohibition,36
Los Angeles County Probation Officers Union AFSCME Local 685,36
Reedley College,36
San Francisco Taxi Workers Alliance,36
SanDiego350,36
Silicon Valley Independent Living Center,36
The Geriatric Circle,36
Southern California Regional Occupational Center,36
Southwest Voter Registration Education Project,36
State Association of County Retirement Systems (SACRS),36
State Privacy and Security Coalition,36
The California Alliance for Consumer Protection,36
The Help Group,36
The Los Angeles Free Clinic,36
Western Insurance Agents Association,36
Housing California,36
Jewish Family Service San Diego,36
Institute of Governmental Advocates,36
California Association for the Retarded,36
City of Calimesa,36
Homies Unidos,36
American Insurance Association (AIA),36
Bakersfield College,36
California Agricultural Commissioners and Sealers,36
ASPCA,36
California Chapters of the Brady Campaign to Prevent Gun,36
California Community College Chancellor's Office,36
California Independent Petroleum Association (CIPA),36
California Outdoor Recreation Partnership,36
City of Chowchilla,36
City of Jackson,36
Civil Justice Association,36
Comcast,36
Community Action Fund of Planned Parenthood of Orange and San Bernardino Counties,36
Congress of Racial Equality of California,36
Education Trust West,36
Food Bank for Monterey County,36
GRACE,36
National Food Processors Association,35
Regional Hispanic Chamber of Commerce,35
Office of Insurance Advisor,35
Northern California Land Trust,35
New York Life,35
IKAR,35
Manteca Chamber of Commerce,35
Laborers International Union of North America,35
Keep Eureka Beautiful,35
Jamboree Housing Corporation,35
Indivisible CA StateStrong,35
San Diego Local Agency Formation Commission,35
Retirement Housing Foundation,35
US Green Building Council,35
Sonoma Valley Housing Group,35
"Terner Center for Housing Innovation At the University of California, Berkeley",35
The California Association of Health,35
The Media Coalition,35
The San Francisco Foundation,35
The Trauma Foundation,35
The Trust For Public Land,35
Tuolumne County Chamber of Commerce,35
Uplift Family Services,35
West Marin Environmental Action Committee,35
West Oakland Environmental Indicators Project,35
Independent Private Schools of California,35
California Fire Safe Council,35
Housing Authority of the County of Santa Clara,35
California Habitat Conservation Planning Coalition,35
Golden Gate Business Association,35
Air Resources Board,35
Alliance for Community Transit - Los Angeles,35
American Civil Liberties Union of California Center for Advocacy and Policy,35
Animal Council,35
Bay Area Partnership,35
Building Industry Credit Association,35
California Alliance Against Domestic,35
California Alliance for Golf,35
California Dental Association (CDA),35
California District Attorneys Association,35
Association of Claims Professionals,35
California Healthcare Association (CHA),35
Coalition for Effective Public Safety,35
Gay and Lesbian Community Services Center of Orange County,35
California Medical Transportation Association,35
"County of Santa Clara, Board of Supervisors",35
Coalition for San Francisco Neighborhoods,35
Concerned Citizens of South Central Los Angeles,35
Center for Young Women's Development,35
California Society of Dermatology & Dermatologic Surgery,35
California Primary Care Association (CPCA),35
California Parks and Recreation Society,35
California Organization of Police and Sheriffs (COPS),35
Shadow Hills Property Owners Association,34
Naiop of California,34
Semiconductor Equipment and Materials International,34
San Diego and Imperial Counties Labor Council,34
Riverside Local Agency Formation Commission,34
Planned Parenthood Affiliates of California (PPAC),34
Peers Envisioning and Engaging in Recovery Services,34
Peace Officer's Research Association of California,34
Kern Citizens for Energy,34
NAACP,34
Lodi District Chamber of Commerce,34
Legal Aid Society of Orange County,34
LAX Coastal Chamber of Commerce,34
Islamic Shura Council of Southern California,34
International Association of Plumbing and Mechanical Officials,34
Solano County Fair,34
Showing Up for Racial Justice San Diego,34
University of the Pacific,34
Southern California Association of Governments (SCAG),34
Treasure Island Homeless Development Initiative,34
Inland Empire Economic Partnership (IEEP),34
Western Watersheds Project,34
Western Wall and Ceiling Contractors Association (WWCCA),34
Ventana Wilderness Alliance,34
"Unite Here International Union, Afl-cio",34
Tree Davis,34
The Silicon Valley Organization,34
Southern California Glass Management Association (SCGMA),34
The Marin Humane Society,34
The Gathering for Justice,34
Sunny Hills Services,34
State Teachers Retirement System,34
State Department of Mental Health,34
Southwest Regional Council of Carpenters,34
Institute of Popular Education of Southern California,34
Santa Cruz Indivisible,34
Inglewood,34
California Labor Federation (CLF),34
California Building Industry,34
California Association of Community Managers (CACM),34
Burbank Housing,34
Bay Area Community Land Trust,34
Azusa Pacific University,34
Attorney Generalos Office,34
Association of California Neurologists,34
Association of California Life and Health Insurance Companies (ACLHIC),34
Asian American Hotel Owners Association,34
Apartment Association of California Southern Cities,34
American Federation of Teachers,34
American Council of Life Insurance,34
American Arbitration Association,34
"Alliance for Reparations, Reconciliation, and Truth",34
Humane Society of The United States,34
California Children's Trust,34
Alum Rock Counseling Center,34
Casa Familiar,34
Domus Development,34
Central Valley Land Trust Council,34
Hindu American Foundation,34
Eviction Defense Collaborative,34
Episcopal Diocese of Los Angeles,34
Electronic Privacy Information Center,34
Eah Housing,34
GenUp,34
Division of Ratepayer Advocates (DRA),34
Central Valley Urban Institute,34
County Supervisors Association of California,34
Comstock Hills Homeowners Association,34
Children's,34
Alliance for Children's Rights,34
County of San Mateo Board of Supervisors,34
Office of Kat Taylor,33
National Payroll Reporting Consortium,33
National Hispanic Media Coalition,33
National Association of Consumer Advocates,33
National Animal Interest Alliance,33
Mortgage Association of California,33
Mexican American Legal Defense & Educational Fund,33
Montebello Housing Development Corporation,33
Moms Advocating Sustainability,33
Marin Clean Energy (MCE),33
Los Angeles Neighborhood Initiative,33
Legal Aid Society Employment Law Center,33
Preserve Calavera,33
Latino Alliance for Community Engagement,33
Poder,33
The Doctors' Company,33
San Francisco Child Care Planning and Advisory Council,33
Secular Coalition for California,33
Senior Services Coalition of Alameda County,33
Southern California Coalition for Occupational Safety and Health,33
St. Anthony's Foundation,33
Sustainable Systems Research Foundation,33
The College Board,33
The Little Hoover Commission,33
The Sierra Fund,33
Union of American Physicians and Dentists (UAPD),33
Western States Petroleum Association (WSPA),33
YIMBY Democrats of San Diego County,33
the Aging,33
Kitchens for Good,33
Lassen Land and Trails Trust,33
Transformative In-Prison Workgroup,33
Howard Jarvis Taxpayers,33
Californians for Patient Care,33
Homeless Action Center,33
American Plastics Council,33
Boeing,33
California Alliance for,33
AFSCME Local 3299,33
California Association of Area Agencies on Aging (C4A),33
California Infill Builders Association,33
California Labor Federation,33
California Milk Producers,33
California Society of Radiologic Technologists,33
California Special District Association,33
California Sportfishing League,33
California Taxpayer Protection Committee,33
California Traffic Safety Institute,33
California American College of Emergency Physicians,33
Center for Creative Land Recycling,33
East Bay,33
Center for Public Environmental Oversight,33
Hollywood Community Housing Corporation,33
Hammond Climate Solutions,33
Educational Community for Homeowners,33
East Bay Sanctuary Covenant,33
First American Financial Corporation,33
Domestic Abuse Center,33
Charities Housing,33
Coastal Corridor Alliance,33
City of Rolling Hills,33
Children Now,33
Community Health Improvement Partners,33
Prison Activist Resource Center,32
Personal Insurance,32
Oakland Community Land Trust,32
Northern California Association of Counsel for Children,32
Leukemia & Lymphoma Society,32
Making Our Milk Safe,32
Los Angeles County Board of,32
Latino Business Chamber of Greater Los Angeles,32
Santa Clara County Assessor,32
Gavilan College,32
San Diego-Imperial Counties Labor Council,32
Transportation Agency for Monterey County (TAMC),32
Southeast Asian Community Alliance,32
The Chamber of the Santa Barbara Region,32
The National Association of Social Workers,32
The Solar Alliance,32
Torres Martinez Desert Cahuilla Indians,32
Transportation Corridor Agencies of Orange County,32
UNITE HERE Local 11,32
Watts Labor Community Action Committee,32
Western Power Trading Forum,32
Westwood Hills Property Owners Association,32
Eviction Defense Network,32
"Fund for Animals, Inc",32
KIWA,32
Emerald Fund,32
California State University (CSU),32
Ecological Options Network,32
Alameda County Developmental Disabilities Council,32
"American Federation of State, County & Municipal Employees (AFSCME)",32
Americans for Medical Rights,32
Bay Area Lawyers for Individual Freedom,32
Bromine Science and Environmental Forum,32
CASA of Los Angeles,32
California Asian Pacific Islander Chamber of Commerce,32
California Center for Land Recycling,32
California Department of Aging,32
California League for Environmental Enforcement Now,32
Association of Low Wealth Schools,32
Card Coalition,32
Coalition to Abolish Slavery & Trafficking (CAST),32
Easter Seals,32
Center for Independent Living,32
Dry Creek Rancheria Band of Pomo Indians,32
Collision Repair Association of California,32
Community Asset Development Redefining Education,32
Coachella Valley Unified School District,32
Centro Legal De La Raza,32
Central Coast Broadband Consortium,32
"Center on Race, Poverty, & the Environment",32
Metropolitan Transportation Authority,31
Jacobs & Cushman San Diego Food Bank,31
Marin Humane,31
League of Women Voters California,31
League of California Homeowners,31
Kings/Tulare Homeless Alliance,31
Jobs With Justice San Francisco,31
Jamul Indian Village,31
Haight Ashbury Neighborhood Council,31
Interfaith Communities United for Justice and Peace,31
Inland Fair Housing and Mediation Board,31
Independent Living Resource Center San Francisco,31
Imperial Valley Economic Development Corporation,31
Gender Spectrum,31
Fresno Center for New Americans,31
Federation for American Immigration Reform,31
Office of,31
National Rental Home Council,31
The California Association of Local Behavioral Health Boards and Commissions,31
Outward Bound Adventures,31
The Association of California Insurance Companies,31
Urban League of San Diego County,31
United Advocates for Children and Families,31
United Administrators of Southern California,31
The Sikh Coalition,31
The Opportunity Institute,31
The Law Foundation of Silicon Valley,31
Environmental Council of Sacramento,31
"The American Legion, Department of California",31
Religious Sisters of Charity,31
Sunnyvale United Neighbors,31
State Teachers Retirement System (STRS),31
Somos Mayfair,31
Society of the Plastics Industry,31
Service Contract Industry Council,31
San Luis Obispo County Farm Bureau,31
Sacramento Valley Conservancy,31
Equality California,31
"Asian Pacific Partners for Empowerment, Advocacy and Leadership",31
Enterprise Rancheria,31
BRIDGE Housing Corporation,31
California Disability Alliance,31
California Creditors Bar Association,31
California Behavioral Health Directors Association,31
California Association of Sanitation Agencies (CASA),31
California Association of Realtors (CAR),31
CLEAN Carwash Campaign,31
Better World Group,31
Association of Irritated Residents,31
California Newspaper Publishers Association (CNPA),31
American Society for the Prevention of Cruelty to Animals (ASPCA),31
American Society for Dermatologic Surgery Association,31
American Electronic Association,31
Alameda-Contra Costa Medical Association,31
African-American Farmers of California,31
AIDS Service Center,31
"Engineers and Scientists of California, MEBA, AFL-CIO",31
California Hydropower Reform Coalition,31
Altamed Health Services,31
California Reading Association,31
City of Ripon,31
California Welfare Fraud Investigators Association,31
Day Worker Center of Mountain View,31
Cultiva La Salud,31
Council for a Strong America,31
Contra Costa LAFCO,31
Congregations Organizing for Renewal,31
Communities Actively Living Independent and Free,31
County Welfare Director's Association,31
City of Placerville,31
Casa de Amparo,31
City of Gustine,31
City of Escalon,31
City of Corning,31
Center for Third World Organizing,31
City of Paso Robles,31
Meta,30
League of Women Prosecutors,30
Lawyers Committee for Civil Rights of The San Francisco Bay Area,30
La Cooperativa Campesina De California,30
"LGBTQ+ Inclusivity, Visibility, and Empowerment",30
Harriett Buhai Center for Family Law,30
Judicial Council of CA,30
Instituto de Educacion Popular del Sur de California,30
Franklin Corridor Coalition,30
Fire District Association of California,30
National Center on Youth Law,30
Fair Share Network,30
Mothers of East Los Angeles,30
The University of California,30
Orange County Employees' Association,30
Resources Agency,30
Shasta Land Trust,30
Southwest Riverside County Association of Realtors,30
Speech-Language Pathology and Audiology and Hearing Aid Dispensers Board,30
Sv@home Action Fund,30
The Last Beach Cleanup,30
Town of Colma,30
Transportation Solutions Defense and Education Fund,30
Tree Care Industry Association,30
Wholly H2o,30
Wireless Infrastructure Association,30
Woodland Tree Foundation,30
Enterprise Foundation,30
Faculty Association of California Community Colleges (FACCC),30
"County of Los Angeles, Board of Supervisors",30
Emergency Medical Services Administrators Association,30
California Opportunity Youth Network,30
East Bay Young Democrats,30
American Economic Liberties Project,30
American Federation of State and County Municipal Employees,30
Asian Youth Center,30
Bay Area Rapid Transit,30
"Bend the Arc: Jewish Action, Southern California",30
Bicycle Club,30
Board of Chiropractic Examiners,30
California Alliance of Child and Family,30
California Commission on The Status of Women and Girls,30
California Financial Service Providers,30
California NAACP,30
California Narcotic Officers,30
Aids Project Los Angeles,30
California Teacher Association,30
Committee on Moral,30
East Bay Municipal Utility District (EBMUD),30
Driving School Association of the Americas,30
Council of California County Law Librarians,30
Community Resource Center,30
Coronado,30
College,30
Coalition of California Compensation Companies,30
Coalition for Humane Immigrant Rights of Los Angeles (CHIRLA),30
Coalition For A Safe Environment,30
Chula Vista Elementary School District,30
Children's Hospital of Orange County,30
Mothers Against Drunk Driving (MADD),29
National Electric Contractors Association,29
Habitat for Humanity East Bay/Silicon Valley,29
National Collegiate Athletic Association,29
Napa Valley Transportation Authority,29
Humane Farming Association,29
"International Union of Elevator Constructors, Local 8",29
International Council of Cruise Lines,29
Inland Equity Community Land Trusts,29
Industrial Association of Contra Costa County,29
Humane Society,29
San Francisco Association of Realtors,29
National Organization for Women (NOW),29
The River Otter Ecology Project,29
Sikh American Legal Defense and Education Fund,29
Sonoma LAFCO,29
State Board of Control,29
The Association for Los Angeles Deputy Sheriffs,29
"The Climate Reality Project, California State Coalition",29
The Greater Coachella Valley Chamber of Commerce,29
Tolowa Dee-ni' Nation,29
Tree Partners Foundation,29
Union de Vecinos,29
Vote Solar Initiative,29
West Company,29
Wilshire Montana Neighborhood Coalition,29
the Advancement of Colored People,29
Hispanas Organized for Political Equality (HOPE),29
California Immigrant Policy Center (CIPC),29
East Los Angeles Community Corporation,29
California Association of Human Relations Organizations,29
East Bay Asian Youth Center,29
Activesgv,29
Aging,29
Alliance of California Taxpayers & Involved Voters,29
American Society of Appraisers,29
Ascencia,29
Association of Community Organizations for Reform Now,29
Barbary Coast Neighborhood Association,29
Bay Area Transportation Working Group,29
Building Industry Association of the Greater Valley,29
CA Assoc. of Realtors,29
California Association of Health,29
AnewAmerica Community Corporation,29
California Association of Physician Organizations,29
Center for Popular Democracy,29
California Association of Urban League Executives,29
"Directors Guild of America, Inc",29
DBSA California,29
Communitiy Water Center,29
Community HousingWorks,29
California Pharmacists Association (CPhA),29
California Organization of Methadone Providers,29
California Manufacturing & Technology Association,29
"California Child, Youth & Family Coalition",29
California Attorney's for Criminal Justice,29
South Bay Community Land Trust,28
Pasadena,28
South Bay Association of Chamber of Commerce,28
San Francisco African American Chamber of Commerce,28
SLO County YIMBY,28
Public Employees Retirement System,28
People Organizing to Demand Environmental & Economic Rights,28
Paula Lane Action Network,28
Los Angeles Gay & Lesbian Chamber of Commerce,28
Pacific Coast Federation of Fisherman's Associations,28
National Organization of Women,28
National Conference of Commissioners on Uniform State Laws,28
Napa Valley Vintners Association,28
Modular Building Institute,28
Los Angeles Breast Cancer Alliance,28
St. Francis Center,28
South California Rental Housing Association,28
Vet Voice Foundation,28
Student Empowerment Project,28
Sungevity,28
Yolo LAFCO,28
Western Center on Law and Poverty,28
Westcoast Children's Clinic,28
Immigration Center for Women and Children,28
Verdugo Woodlands West Homeowners Association,28
United Nurses Association of California/Union of Health Care,28
United Coalition East Prevention Project,28
Town of Yucca Valley,28
The Watershed Project,28
The Wage Justice Center,28
The Conservation Fund,28
"The Climate Reality Project, San Diego Chapter",28
The Central Valley Urban Institute,28
The Administration,28
TLC Child and Family Services,28
Indivisible CA-37,28
Interfaith Council of Contra Costa County,28
Hustler Casino,28
California Adoption Alliance,28
California Educational Theatre Association,28
California Economic Summit,28
California Association of Public Health Laboratory Directors,28
California Association of Public Authorities (CAPA),28
California Association of Private Postsecondary Schools (CAPPS),28
California Association of Homes and Services for the Aging (CAHSA),28
California Association of Clerks and Election,28
Breathe California Sacramento Region,28
California Horse Council,28
Association of Independent California Colleges & Universities (AICCU),28
Association for Unmanned Vehicle Systems International,28
American Waterways Operators,28
Home Builders Association of the Central Coast,28
"American Academy Of Pediatrics, California",28
ActiveSGV,28
Access to Independence,28
California Employment Lawyers Association,28
American Red Cross of California,28
California Republican Assembly,28
Consumer Attorneys Of California,28
California State Controller Betty Yee,28
Grove Collaborative,28
Fairfield,28
FPPC,28
Eskaton,28
Department of Consumer Affairs (DCA),28
Dental Hygiene Committee of California,28
Happy City Coalition,28
Coastal Lands Action Network,28
"California State Treasurer, Fiona Ma",28
Chamber of Commerce Alliance of Ventura and Santa Barbara Counties,28
Californians for Safety and Justice (CSJ),28
California United for a Responsible Budget,28
California Teamsters Public Affairs Council,28
City of Bradbury,28
Relational Culture Institute,27
Pharmaceutical Research and Manufacturers of America (PhRMA),27
National Association of Theatre Owners of California,27
National Association of Bail Insurance Companies,27
Napa County Farm Bureau,27
NRG Energy,27
Los Angeles County Sheriff's Office,27
Music Artists Coalition,27
Miracle Mile Residential Association,27
Legal Advocates for Permanent Parenting,27
LA Waterkeeper,27
LA Conservation Corps,27
Jockeys Guild,27
Salvadoran American Leadership and Educational Fund,27
Roberts Enterprise Development Fund,27
"The American Federation of State, County and Municipal",27
San Benito County Farm Bureau,27
San Diego Board of Supervisors,27
Service Corporation International,27
Society of California Accountants,27
Special District Risk Management Authority,27
State Bar Family Law Section,27
Strategic Actions for A Just Economy,27
The 100% Campaign,27
The Bay Area Council,27
The Cat and Dog Rescue Association,27
Trinity Public Utilities District,27
Utility Consumers Action Network,27
Ventura County Economic Development Association,27
WestCoast Children's Clinic,27
Instituto De Educacion Popular Del Sur De California,27
"International Federation of Professional and Technical Engineers, Local 21",27
Humboldt and Mendocino Redwood Companies,27
A Better Way Forward to House California,27
American Specialty Health Plans,27
Butte College Inspiring Scholars,27
Association of California Life and Health,27
Association of Bay Area Governments (ABAG),27
Association for Children for Enforcement of,27
Asian Pacific American Labor Alliance,27
Amigos De Los Rios,27
American Medical Student Association,27
California Athletic Trainers' Association,27
American Homeowners Resource Center,27
American Council of Engineering Companies - California,27
American Civil Liberties Union of California,27
American Association of Retired People,27
Amador-Tuolumne Community Action Agency,27
Affirmed Housing Group,27
California Association of School Social Workers,27
Golden State Power Cooperative,27
California Fish and Game Commission,27
"County of Santa Cruz, Board of Supervisors",27
California Manufacturers & Technology,27
Fountain Valley,27
Family,27
Emergency Medical Services Administrators' Association of California,27
East Bay Regional Parks District,27
Covenant House California,27
Electronic Industries Alliance,27
Community Housing Works,27
Coalition of Orange County Community Clinics,27
City of Solvang,27
"City of Los Angeles, Mayor Eric Garcetti",27
Child Abuse Prevention Council,27
California Rural Legal Assistance Foundation (CRLAF),27
San Francisco Housing Accelerator Fund,26
Shelter Against Violent Environments,26
Search to Involve Pilipino Americans,26
Santa Monicans for Renter's Rights,26
San Luis & Delta-Mendota Water Authority,26
San Jose Downtown Association,26
San Francisco Municipal Transportation Agency (SFMTA),26
Nonprofit Finance Fund,26
San Francisco Community Health Center,26
SCOPE,26
RedRover,26
Raptors are The Solution,26
Outdoor Industry Association,26
Orange County Environmental Justice,26
The California Attorneys for Criminal Justice,26
Stars Behavioral Health Group,26
The Irvine Company,26
The Center for Popular Democracy,26
The Climate Reality Project Orange County Chapter,26
The Collective for Liberatory Lawyering,26
The Fair Housing Council of San Diego,26
The First American Corporation,26
The First American Financial Corporation,26
The Keep a Breast Foundation,26
The Vote Solar Initiative,26
Tmg Partners,26
Tuolumne County,26
Voices Youth Centers,26
Vote Health Coalition,26
"Women Organizing Resources, Knowledge and Services",26
Youth United for Community Action,26
Mendocino LAFCO,26
"National Alliance on Mental Illness, California",26
Golden State Mobilehome Owners League (GSMOL),26
Los Angeles Galaxy,26
Boeing Company,26
Central Coast Psychological Association,26
California Independent Public Employees Legislative Council (CIPELC),26
California Community Economic Development Association (CCEDA),26
California Cable & Telecommunications Association (CCTA),26
California Air Pollution Control Officers' Association,26
Latino and Latina Roundtable of the San Gabriel and Pomona Valley,26
Black Alliance for Just Immigration,26
Citizens for Los Angeles Wildlife (CLAW),26
Associated Builders and Contractors - Southern California Chapter,26
American Sports Institute,26
Alliance of Communities for Sustainable Fisheries,26
Albany Neighbors United,26
ALS Association Golden West Chapter,26
AAPIs for Civic Empowerment Education Fund,26
Chamber of Commerce Mountain View,26
California Academy of Eye Physicians & Surgeons,26
City of Auburn,26
Glendale City Employees Association (GCEA),26
Jewish Community Relations Committee,26
Congress of California Seniors (CCS),26
Inclusive Action for The City,26
Humane Society of the United,26
Honoring Emancipated Youth,26
Hills For Everyone,26
Fresno Area Hispanic Foundation,26
Equal Rights Advocates,26
El Dorado LAFCO,26
Democratic Party of The San Fernando Valley,26
Davis College Democrats,26
DTSC,26
Sobrato Early Academic Language,25
San Benito High School District,25
Senior & Disability Action,25
Science and Environmental Health Network,25
Sanctuary Forest,25
San Francisco Housing Development Corporation,25
San Diego Volunteer Lawyer Program,25
Napa LAFCO,25
Retired Public Employees' Association,25
Protect American River Canyons,25
Northern Circle Indian Housing Authority,25
Non-Profit Housing Association Of Northern California,25
National Fire Protection Association,25
National Association of Social,25
Los Angeles Police Protective,25
Southern California Black Chamber of Commerce,25
Social Advocates for Youth,25
Los Angeles Audubon Society,25
Southern California Cancer Pain Initiative,25
Strategic Energy Innovations,25
Ventura County Sheriff's Office,25
Ventura County Clergy and Laity United for Economic Justice,25
Twenty-Nine Palms Band of Mission Indians,25
The Village Family Services,25
The Sierra Club,25
The Salvation Army,25
The Place4grace,25
The Jewish Federation,25
The Impact Fund,25
The California Children's Trust,25
The Attorney General's Office,25
The Arc of Ventura County,25
The American Legion,25
TMJ Society of California,25
Sutter,25
Los Angeles City,25
Semiconductor Equipment & Materials International (SEMI),25
League of California Cities (LCC),25
California Federation of,25
Climate Reality Project - Silicon Valley Chapter,25
Cleaner Air Partnership,25
City of Orland,25
City of Calistoga,25
City and County of San Francisco Human Services Agency,25
California Wic Association,25
"California School Employees Association (CSEA), AFL-CIO",25
California Emergency Services Association,25
Coalition for Adequate School Housing (CASH),25
California Correctional Peace Officers' Association,25
California ALS Advocacy Committee,25
Build Affordable Faster CA,25
Association of Plastic Recyclers,25
Alcohol Policy Network,25
Alameda Citizens Task Force,25
Justice LA,25
Coachella Valley Mountains Conservancy,25
Alcohol Policy Network of Alameda County,25
Coalition for Human Immigrant Rights of Los Angeles,25
Exonerated Nation,25
Coalition of California Welfare Rights Organizations,25
Irvine Community Land Trust,25
Inland Empire Fair Chance Coalition,25
Humboldt County Transition Age Youth Collaboration,25
Hollywood,25
Geothermal Energy Association,25
Friends of Sunset Park,25
International Myeloma Foundation,25
Ensuring Opportunity Campaign to End Poverty in Contra Costa County,25
Committee on,25
Distilled Spirits Council,25
Daughters of Charity Health System,25
Councilmember Zach Hilton,25
Council for Private Postsecondary and Vocational Education,25
Downey,25
Reproductive Health Access Project,24
RESOLVE: The National Infertility Association,24
Pardee Homes,24
PUC,24
Orange County Apartment Association,24
Native American Land Conservancy,24
Los Angeles Dodgers,24
Mid-City CAN,24
Lynch Foundation for Children,24
Los Angeles County Young Democrats,24
La Mirada,24
Immigrant Youth Coalition,24
Safe Alternatives to Violent Environments,24
Hospital,24
Rising Sun Energy Center,24
The Canine Condition,24
San Diego Military Advisory Council (SDMAC),24
San Diego Regional Center,24
San Francisco Senior & Disability Action,24
Self-help Enterprises,24
Silicon Valley Bank,24
The American Kennel Club,24
The California,24
The Hertz Corporation,24
The Humane Society,24
The Personal Insurance Federation of California,24
Valley Economic Development Center,24
YIMBY SLO,24
YMCA Childcare Resource Service,24
Heal the Ocean,24
Health Insurance Association of America (HIAA),24
Greenling Institute,24
Black Women Organized for Political Action (BWOPA),24
California Coalition for Youth (CCY),24
Greater Antelope Valley Economic Alliance,24
Alhambra,24
Alliance of California Taxpayers and Involved Voters,24
Arc of California,24
Associated General Contractors of America,24
Benicia Tree Foundation,24
Berkeley Property Owner's Association,24
Black AIDS Institute,24
Building Industry Credit and Supply Coalition,24
California Association of County Veterans Service Officer,24
California Association of County Veterans Service Officers (CACVSO),24
California Association of Micro Enterprise Opportunity,24
California Business Industry Association,24
California Association of State Hospital Parent Councils for the Retarded,24
California Coalition of Welfare Rights Organizations,24
Child Care Providers United,24
Glendale Police Department,24
Gay and Lesbian Adolescent Social Services,24
Enterprise,24
East Bay Asian Local Development Corp,24
Concerned Citizens Community Involvement,24
California Community College Association for Occupational Education,24
Children's Law Center of California,24
"Child Action, INC",24
Center for Media Justice,24
California Women's Agenda,24
California Judges' Association,24
California Geotechnical Engineers Association,24
Point Blue Conservation Science,23
Personal Assistance Services Council,23
People's Self-Help Housing Corporation,23
Northern Neighbors Sf,23
Palm Communities,23
Orange County Employees Association (OCEA),23
Oakland Athletics,23
League of Humane Voters,23
North of the River Chamber of Commerce,23
North Bay Organizing Project,23
National Coalition Against Prescription Drug Abuse,23
National Air Transportation Association,23
Los Feliz Improvement Association,23
Los Angeles Lgbt Center,23
Legislative Women's Caucus,23
Retired Employees of Los Angeles County,23
Reinsurance Association of America,23
Union of Concerned Scientist,23
Rural Community Assistance Corporation (RCAC),23
Rural Legal Assistance Foundation,23
Western Placer Waste Management Authority (WPWMA),23
West Contra Costa Conservation League,23
Unity Council,23
Topanga Peace Alliance,23
Thriving Families California,23
The Environmental Justice Coalition for Water,23
The Energy Coalition,23
The Association of Regional Center Agencies,23
Styrene Information Research Center,23
State Pipe Trades Council,23
Speech-Language Pathology and Audiology Board,23
Southern California Association of NonProfit Housing,23
Sonoma County Mobilehome Owners Association,23
San Francisco Council of Community Housing Organizations,23
SEIU Local 1021,23
Legal Aid Society,23
Pogo Park,23
Lafayette,23
California Veterinary Medical Association (CVMA),23
California Postsecondary Education Commission (CPEC),23
California Landscape Contractors Association (CLCA),23
California Housing Consortium,23
California Elder Justice Coalition (CEJC),23
California Association of Veterans Service Agencies,23
California Association of Latino Superintendents and Administrators,23
California Association of Crime Lab Directors,23
California Association for Micro Enterprise Opportunity (CAMEO),23
California Asian Pacific Chamber of Commerce (CAPCC),23
Black Economic Council,23
American Liver Foundation,23
American Electronics Association (AeA),23
American College of,23
AVID Center,23
Laane (los Angeles Alliance for A New Economy),23
California State Horsemen's Association,23
Association of California State Attorneys,23
Center for,23
Escondido Creek Conservancy,23
LAANE (Los Angeles Alliance for A New Economy),23
City of Willows,23
Koreatown Immigrant Workers Alliance (KIWA),23
Kern County Black Chamber of Commerce,23
"Greenlining Institute, Berkeley",23
Greenlining,23
"Gap, Inc",23
Jefferson Economic Development Institute,23
Episcopal Diocese of California,23
Edgewood Center for Children and Families,23
County Welfare,23
County Health Executives Association of,23
Ella Baker Center,23
Community Housingworks,23
Community Resources for Independent Living,23
Pechanga Band of Luiseno Mission Indians,22
Orangewood Foundation,22
Pacific Juvenile Defense Center,22
Palmdale Chamber of Commerce,22
Pasadena Humane Society & SPCA,22
Redwood Community Services,22
Pet Industry Joint Advisory Council (PIJAC),22
Richmond Trees,22
Rural Communities Housing Development Corporation,22
Office of the San Diego County District Attorney,22
Sacramento Bee,22
Opportunity Institute,22
Military Department,22
North County Lifeline,22
New Livable California,22
Nehemiah Corporation of America,22
National Nutritional Foods Association,22
Mule Deer Foundation,22
Monterey Fish Market,22
Mission Economic Development Agency (MEDA),22
"Mexican American Community Services Agency, Inc",22
Los Feliz Neighborhood Council,22
Los Angeles County Municipal Court Judges' Association,22
Los Angeles County Assessor Jeffrey Prang,22
San Francisco Society for the Prevention of Cruelty to Animals,22
San Diego Regional Task Force on Homelessness,22
The Escondido Creek Conservancy,22
San Jose State University Human Rights Institute,22
The Cambodian Family,22
bill),22
Yimby Democrats of San Diego County,22
"Women's Foundation of California, Women's Policy Institute",22
West,22
Venice Community Housing,22
United Neighborhoods for Los Angeles (UN4LA),22
Turlock Mosquito Abatement District,22
Trust,22
The Fire Restoration Group,22
League Of California Cities,22
"The Climate Reality Project, San Fernando Valley Chapter",22
The California Teamsters Public Affairs Council,22
Santa Clara and San Benito Counties Building and Construction Trades Council,22
The Black Alliance for Just Immigration,22
"The American College of Obstetricians and Gynecologists, District IX",22
Tenderloin Neighborhood Development,22
Sustainable TamAlmonte,22
Stronger Women United,22
Southeast Asian Assistance Center,22
South Shores Community Association,22
Sonoma Water,22
Sierra Orchards,22
Sierra Fund,22
Sf Yimby,22
Long Beach Area Coalition for the Homeless,22
Green Schools Initiative,22
Latino Diabetes Association,22
Association of Family Conciliation Courts,22
California Mental Health Directors,22
California Medical Group Association,22
California Independent Telephone Companies,22
California Financial Services Association (CFSA),22
California Conservation Corps,22
California College Democrats,22
California Association of Health Maintenance Organizations,22
Korean Churches for Community Development,22
Board of Architectural Examiners,22
BizParentz Foundation,22
Association of Postconsumer Plastic Recyclers,22
Association of California Community and Energy Services,22
California Real Estate Inspection Association,22
Association for the Improvement of Secondary Education,22
Association for Energy Affordability,22
Asian Pacific American Legal Center (APALC),22
American Red Cross California Chapter,22
Alliance of Californians for Community Empowerment (ACCE),22
Alameda County Housing Authority,22
Afscme,22
Affordable Housing Associates,22
Acclamation Insurance Management Services (AIMS),22
"AIDS Project, Los Angeles",22
A Better Way,22
California National Guard,22
CA School Employees Association,22
California Student Board Member Association,22
Encinitas,22
"International Union of Elevator Constructors, Local 18",22
Institute for College Access and Success,22
Center for Public Interest Law (CPIL),22
Housing Authority,22
Housing Action Coalition (UNREG),22
Health Care Group,22
Golden State Manufactured-Home Owners League (GSMOL),22
Friends of the Desert Mountains,22
Fresno Police Officers Association,22
Fred Finch Youth and Family Services,22
Family Caregiver Alliance (FCA),22
Housing Consortium of the East Bay,22
East Bay Legislative Coalition,22
Community Association Institute,22
East Bay Housing Organization,22
Central Valley Empowerment Alliance,22
City of Hillsborough,22
Collateral Loan and Secondhand Dealers Association,22
Cher-Ae Heights Indian Community of the Trinidad Rancheria,22
"Community Solutions for Children, Families and Individuals",22
Corporation for Education Network Initiatives in California,22
Council for A Strong America,22
County Alcohol and Drug Program,22
Court Reporters Board,22
Recurrent Energy,21
Service Employee International Union,21
Santa Clara County Farm Bureau,21
San Mateo Resource Conservation District,21
San Jose Mercury News,21
San Francisco BayKeeper,21
Sacramento Municipal Utilities District,21
Rural County Representatives Of California,21
Resource Conservation District of the Santa Monica Mountains,21
NorCal Rental Property Association,21
Raptors are the Solution,21
People Acting in Community Together,21
Peninsula Corridor Joint Powers Board (Caltrain),21
Orange County Labor Federation,21
Off Road Business Association,21
Nor Cal Carpenters Union,21
Newport Beach Police Department,21
National Council of La Raza (NCLR),21
Small Business Network,21
Siskiyou Land Trust,21
National Alliance for the Mentally Ill,21
Small Property Owners of San Francisco,21
The Walt Disney Company,21
Youth Justice Coalition,21
Women's Economic Ventures,21
Women for American Values and Ethics,21
Ventura County Farm Bureau,21
United Way Monterey County,21
Tree Musketeers,21
TransLatin@ Coalition,21
Town of Discovery Bay Community Services District,21
The Thursday Group,21
Society of Hispanic Professional Engineers,21
The League of California Cities,21
The Dow Chemical Company,21
"The Cat Fanciers' Association, Inc",21
The Casita Coalition,21
The California Chamber of Commerce,21
Tamalpais Design Review Board,21
Specialty Equipment Market Association (SEMA),21
Sonoma County Farm Bureau,21
"National Association Of Social Workers, California Chapter",21
"Protection and Advocacy, Inc. (PAI)",21
Moorpark,21
California Retailers Association (CRA),21
California National Organization for Women (CANOW),21
California League of Conservation Voters (CLCV),21
California Golf Course Superintendents Association,21
California Employment Law Council (CELC),21
California Court Appointed Special Advocates Association,21
California Attorneys For Criminal Justice,21
California Association of the Deaf,21
California Association of Nonprofits (CAN),21
California Association of Environmental,21
California Association for Bilingual Education (CABE),21
Beagle Freedom Project,21
Bay Area Water Supply and Conservation Agency,21
Bay Area Council,21
Asset Policy Initiative of California,21
Antioch,21
Anschutz Entertainment Group,21
Americans for Death with Dignity,21
Alameda County Homeless Action Center,21
"Los Angeles County Probation Officers Union, AFSCME, Local 685",21
California Peace Officers' Association (CPOA),21
Bernal Heights Neighborhood Center,21
"California Sportsman's Lobby, INC",21
Affordable Housing Alliance,21
California State Athletic Commission,21
Los Angeles Airport Peace Officers Association,21
League of California Community Foundations,21
Lake Wildwood Association,21
Homefirst Services of Santa Clara County,21
Heffernan Insurance Brokers,21
Health Net and Its Affiliated Companies,21
Golden Retriever Club of Greater Los Angeles,21
Hispanic Chamber of Commerce Silicon Valley,21
First,21
El Monte Police Department,21
Culver City for More Homes,21
Coalition for Compassionate Care of California,21
City of La Habra Heights,21
Children's Initiative,21
Children's Civil Rights Union,21
Friends Committee On Legislation Of California,21
California Teachers Association,21
San Francisco Women Against Rape,20
Recording Academy,20
Public Advocates,20
Public Counsel,20
Public Employees Retirement System (PERS),20
Public Employees for Environmental Responsibility,20
San Fernando Valley YIMBY,20
Riverside County Farm Bureau,20
San Bernardino Valley College,20
San Diego County Building & Construction Trades Council,20
Peace Officers' Research Association of California (PORAC),20
Peninsula Corridor Joint Powers Board (CALTRAIN),20
Mixteco Indigena Community Organizing Project (MICOP),20
Peace Officers Research Association of California,20
Pacific,20
North Westwood Neighborhood Council,20
Non-Profit Housing Association of Northern California (NPH),20
Neighborhood Housing Services Silicon Valley,20
National Federation of the Blind of California,20
National Center for Victims of Crime,20
Murrieta,20
Mortgage Insurance Companies of America,20
Mission Bay Development Group,20
Mexican,20
Santa Clara Methodist Retirement Foundation,20
San Mateo County Association of Realtors,20
What We All Deserve,20
Small Property Owners of San Francisco Institute,20
Twenty-nine Palms Band of Mission Indians,20
the Status of Women,20
the Amalgamated Transit Union,20
Youth Law Center,20
Women's Employment Rights Clinic of Golden Gate University School of Law,20
Los Angeles County Employees Retirement Association (LACERA),20
Western Center on Law and Poverty (WCLP),20
Weingart Center Association,20
Ward Economic Development Corporation,20
Video Software Dealers Association,20
United to Save the Mission,20
USGBC California,20
The Trust for Public Lands,20
Telecommunications Industry Association,20
The Sportfishing Conservancy,20
The San Fernando Valley Young Democrats,20
The Restaurant Opportunities Center of Los Angeles,20
The Pacific Forest Trust,20
The Judicial Council,20
"The Climate Reality Project, Bay Area Chapter",20
The California Public Defenders Association,20
The Big Fresno Fair,20
The Animal Rescue Mission,20
The Agora Group,20
The Advancement Project,20
Marin Builders,20
National Center for Missing and Exploited Children,20
Los Angeles College Faculty Guild,20
Central Valley Flood Control Association,20
Center For Environmental Health,20
CaliforniaHealth + Advocates,20
California State Commanders Veterans,20
California Solar and Storage Association,20
California Food Policy Advocates (CFPA),20
California Employment Lawyers Association (CELA),20
California Department of Forestry,20
"California Congress of Parents, Teachers and Students",20
"California Child, Youth and Family Coalition (CCYFC)",20
California Association of Private Specialized Education and Services,20
CRP Affordable Housing and Community Development,20
Build It Green,20
Bay Federal Credit Union,20
Association for Uncrewed Vehicle Systems International,20
"American Institute of Architects, California Council (AIACC)",20
"American Institute of Architects, CA Council",20
American Family Housing,20
American Council of Life Insurers (ACLI),20
"American Congress of Obstetricians and Gynecologists, District IX (California)",20
American College of Obstetricians & Gynecologists,20
American Association of University Women (AAUW),20
Allies for Every Child,20
Alameda County Social Services Agency,20
ARC California,20
Legal Aid,20
Center for Community Action and Environmental Justice (CCAEJ),20
California Association of Insurance and Financial Advisors,20
Children's Network of Solano County,20
Fannie Lou Hamer Institute,20
City of Carpenteria,20
LGBTQ Center of Long Beach,20
Interfaith Community Services,20
Insulation Contractors Association,20
Infusion Access Foundation,20
IBEW Local Union 569,20
Humane Society of San Bernardino Valley,20
Hispanic Association of Colleges & Universities,20
Greater Coachella Valley Chamber Of Commerce,20
Fertile Action,20
Federation of Hillside and Canyon Associations,20
Labor/Community Strategy Center's Community Rights Campaign,20
Family Law,20
County Behavioral Health Directors Association (CBHDA),20
Environmental Working Group (EWG),20
Coalition for a Just and Equitable California,20
Coalition on Homelessness San Francisco,20
Consumers' Union,20
Coalition for Economic Survival (CES),20
County of Humboldt Board of Supervisors,20
County of Santa Cruz Human Services Department,20
Delta Kappa Gamma Society International,20
Environmental Center of San Luis Obispo,20
Region 8 States Council of the United Food and Commercial Workers,19
National Foster Youth Institute,19
National Organization for Rare Disorders,19
North Coast Opportunities,19
Silicon Valley At Home (Sv@Home),19
Progressive Asian Network for Action,19
Rincon San Luiseno Band of Indians,19
Responsible Business Lending Coalition,19
Santa Clara LAFCO,19
Riverside County Transportation Commission (RCTC),19
San Diego Regional Asthma Coalition,19
Napa Valley Grapegrowers,19
National Center for Youth Law (NCYL),19
League of California Cities Latino Caucus,19
"Naiop of California, the Commercial Real Estate Development Association",19
Municipal Court,19
Los Angeles Memorial Coliseum Commission,19
Los Angeles Business Federation,19
Lanterman Housing Alliance,19
Lamda Letters Project,19
Korean Immigrant Workers Advocates,19
Kiwa,19
Instituto De Educacion Popular Del Sur De California (IDEPSCA),19
Innocence Project,19
Imperial Valley LGBT Resource Center,19
Society for California Archaeology,19
Silicon Valley Organization,19
YMCA,19
South Gate Chamber of Commerce,19
Specialty Vehicle Institute of America,19
Fleet Reserve Association,19
World Society for the Protection of Animals,19
Women's,19
Westwood South of Santa Monica Blvd. Homeowners Association,19
Western Alliance for Nature,19
Voluntary Plan Administrators,19
Veterans Village of San Diego,19
Utility Consumer Action Network,19
"Unite Here, AFL-CIO",19
Unified Medical Group Association,19
Ubuntu Green,19
Town of Corte Madera,19
The Student Empowerment Project,19
The Santa Monica Democratic Club,19
The San Francisco Housing Accelerator Fund,19
The Resistance Northridge-Indivisible,19
"The Media Coalition, Inc",19
The League to Save Lake Tahoe,19
The League of California Homeowners,19
The Dental Health Foundation,19
The Classical Academies,19
The Center,19
The Buckeye Conservancy,19
Templeton Community Services District,19
Surplus Line Association of California,19
Greater Corona Valley Chamber of Commerce,19
Asian Americans for Civil Rights and Equality (AACRE),19
Filipina Women's Network,19
California Society of,19
California Retired Teachers Association (CRTA),19
California Public Defenders Association,19
California Municipal Utility Association,19
California Long Term Care Ombudsman Association (CLTCOA),19
"California Labor Federation, AFL-CIO",19
California Kindergarten Association,19
California Independent Mortgage Brokers Association,19
California Foundation for Independent Living Centers (CFILC),19
California Disabled Veteran Business Alliance,19
California Coalition on Workers' Compensation (CCWC),19
California Business Properties Association (CBPA),19
California Attorneys for Criminal Justice,19
California Association of Joint Power Authorities,19
California Association Of Realtors,19
Burton Valley Neighborhoods Group,19
Automobile Club of,19
Association of Independent California Colleges and Universities (AICCU),19
Association of California Symphony Orchestras,19
Animal Blood Bank,19
Animal,19
"American Federation of Teachers, Local 2121",19
"American Federation of Teachers Guild, Local 1931",19
"American Federation of State, County, & Municipal Employees",19
Alcohol Policy Panel of San Diego County,19
East Bay Forward,19
California Senior Legislature (CSL),19
Alameda County Farm Bureau,19
California State Association of Electrical,19
City of County of San Francisco,19
California State Pta,19
EarthJustice,19
Diamond Bar,19
Dbsa California,19
Cultiva LA Salud,19
County of Yolo Board of Supervisors,19
County Welfare Directors Association of California,19
Corrections Corporation of America,19
Community Housing Development Corporation,19
Community Action Fund of Planned Parenthood of Orange and San Bernardino,19
Coastal Commission,19
Earthquake Engineering Research Institute,19
Citizens Planning Association,19
Californians for Resident Ownership,19
Centro Legal de La Raza,19
California Therapeutic Communities,19
California United for A Responsible Budget (CURB),19
California Vendors Policy Committee,19
California-Hawaii State Conference of The NAACP,19
"California State University, Bakersfield",19
Calle 24 Latino Cultural District,19
Cambodian Family Community Center,19
Center for Human Services,19
"Center for Race, Poverty, and the Environment",19
Solar Energy Industries Association (SEIA),18
North Bay Association of Realtors,18
Sea Turtle Restoration Project,18
San Jose/Silicon Valley Branch of the NAACP,18
Sacramento Environmental Justice Coalition,18
Regional Chamber of Commerce San Gabriel Valley,18
Partnership for The Advancement of New Americans,18
Pacific Islander Health Partnership,18
Office of Environmental Health Hazard Assessment,18
Oceanic Preservation Society,18
Northern California Independent Booksellers Association,18
Shasta Builders Exchange,18
National Association of Hispanic Real Estate Professionals,18
New Alternatives,18
Naturopathic Medicine Committee,18
National Religious Campaign Against Torture,18
National Economic Development and Law Center,18
National Diaper Bank Network,18
Multi-Faith Action Coalition,18
Making Housing and Community Happen,18
Los Angeles County Education Foundation,18
Long Beach YIMBY,18
League of United Latin American Citizens (LULAC),18
Las Virgenes-Malibu Council of Governments,18
Students Rising Above,18
Lake Forest,18
South Park Business Improvement District,18
The Marin Institute,18
Sunrise Silicon Valley,18
The Organization of SMUD Employees,18
Jewish Federation of The Sacramento Region,18
Women's Employment Rights Clinic,18
Westwood Homeowners Association,18
West Torrance Homeowners Association,18
Webcor Builders,18
"Ventura County Coalition of Labor, Agriculture and Business",18
United for Change in Tooleville,18
Trevor Project,18
Travel Technology Association,18
Town of San Anselmo,18
The United Food and Commercial Workers Western States Council,18
The Office of Kat Taylor,18
Sustainable Growth Yolo,18
The Ocean Foundation,18
The Latino Cancer Institute,18
The Irish Water Spaniel Club of America,18
"The Fund For Animals, Inc",18
The Edible Schoolyard Project,18
The Century Council,18
"The Center for Oceanic Awareness, Research, and Education (COARE)",18
The California Partnership,18
The California District Attorneys Association,18
"The American Federation of State, County and Municipal Employees (AFSCME)",18
Sv@home,18
Koreatown Youth & Community Center,18
California Hospice & Palliative Care Association,18
International Alliance of Theatrical Stage Employees,18
Causa Justa: Just Cause,18
California Mobilehome Parkowners Alliance (CMPA),18
California Journal for Filipino Americans,18
California Iatse Council,18
AIDS Health Care Foundation,18
California Council of The Blind,18
California Clean DG Coalition,18
California Cherry Growers and Industry Association,18
California Association of Real Estate Brokers,18
California Association of Neurological Surgeons,18
California Association of Marriage and Family Therapists (CAMFT),18
California Alliance for Consumer,18
CA Coalition for Rural Housing,18
Building Owners and Managers Association of,18
Bend the Arc: A Jewish Partnership for Justice,18
Back Country Land Trust,18
Azusa,18
"Association of California Cities, Orange County",18
Association of CA School Administrators,18
Anti-Recidivism Coalition,18
American Federation of State County Municipal Employees,18
Alta Housing,18
Alliance for Boys and Men of Color,18
Administrators Association of California,18
Accrediting Commission for Community and Junior Colleges,18
Interfaith Solidarity Network,18
Californians for Safety and Justice,18
Boys & Girls Clubs of the Los Angeles Harbor,18
Center Against Sexual Assault,18
Crohn's and Colitis Foundation,18
Integrity Housing,18
Center for Elders' Independence,18
Impact Fund,18
Housing Equality & Advocacy Resource Team,18
Heller Manus Architects,18
Federation of California Racing Associations,18
Fair,18
East Bay Alliance for A Sustainable Economy,18
Disability Rights Education & Defense Fund (DREDF),18
Democratic Party of Orange County,18
Cupertino for All,18
Electronic Privacy Information Center (EPIC),18
Coalition of California Utility Employees (CCUE),18
Center for Juvenile Law and Policy,18
Corporation for Supportive Housing,18
Corporation For Supportive Housing,18
Contractors State License Board (CSLB),18
Contra Costa Clean Water Program,18
Communities Actively Living Independent & Free,18
Committee On Moral Concerns,18
Center for Energy Efficiency and Renewable Technologies,18
Coalition of California Home Inspectors,18
City of Berkeley Rent Stabilization Board,18
Cow Hollow Association,18
People for the Ethical Treatment of Animals (PETA),17
Pacifica Housing 4 All,17
San Francisco Food Security Task Force,17
Pacific Palisades Democratic Club,17
Planned Parenthood Affiliates of CA,17
PEP Housing,17
Placer People of Faith Together,17
Respiratory Care Board,17
Postmates,17
Rancho Cordova Chamber Of Commerce,17
Raptors Are The Solution,17
Resource Conservation District of Tehama County,17
San Francisco Chronicle,17
Orange County Realtors,17
Orange County Transportation Authority (OCTA),17
Lafayette Homeowners Council,17
Ojai Valley Sanitary District,17
Northwest Coalition for Alternatives to Pesticides,17
North San Diego County Association of Realtors,17
North Orange County Chamber Of Commerce,17
Normandie Club,17
Normal Heights Indivisible,17
National Black Police Association,17
Move San Diego,17
"Mars, Incorporated",17
Los Alamitos,17
Latinos United for a New America,17
Labor Community Strategy Center,17
Kosmont Companies,17
Santa Cruz County Democratic Central Committee,17
San Francisco Pretrial Diversion Project,17
Vietnam Veterans of California,17
Santa Maria Valley Chamber Of Commerce,17
"Service Employees International Union (SEIU), Local 1000",17
Wilderness Society,17
Western Electrical Contractors Association Inc,17
Walt Disney Company,17
Vietnamese Youth Development Center,17
Institute for Agriculture and Trade Policy,17
Utility Reform Network,17
Urban County of California (UCC),17
United Teachers of Los Angeles (UTLA),17
United Homeless Healthcare Partners,17
The TransLatin@ Coalition,17
The Soap and Detergent Association,17
The Resource Connection Food Bank,17
The Nature of Wildworks,17
The Lion Electric Co,17
The Junior League of San Diego,17
The Greater Los Angeles Hospitality Association,17
The Chamber of Commerce of the Santa Barbara Region,17
The Arc and United Cerebral Palsy,17
The Alaskan Malamute Club of America,17
Strategic Actions for a Just Economy (SAJE),17
State Teachers' Retirement System (STRS),17
State Personnel Board (SPB),17
State Building and Construction Trades of California,17
Stand Up California,17
Southland Corporation,17
Southern California Presbyterian Homes,17
Sonoma County Housing Advocacy Group,17
Small School District's Association,17
Service Employees International Union - California State Council,17
Knoll Farms,17
Legal Services for Prisoners with Children (LSPC),17
Ikar,17
CRASH,17
California Law Review Commission,17
California Housing Partnership Corporation,17
California Housing Alliance,17
California Health Executives Association of California,17
California Guild,17
California Geotechnical Engineering Association,17
California Electronic Asset Recovery,17
California Confederation of the Arts,17
California Coalition of United Cerebral Palsy,17
California Coalition for Authentic Reform in Education,17
California Association of Public Authorities for IHSS (CAPA),17
California Association of Council of Governments,17
California Association of Childrenos Homes,17
California Alliance of Local Electeds,17
CASA of Santa Cruz County,17
California State Council of the Service Employees International Union (SEIU),17
Bureau of State Audits,17
Building Industry Association of San Diego,17
Brentwood Homeowners Association,17
Battered Women's Alternatives,17
Association of Community Organizations for Reform Now (ACORN),17
Area 1 Agency on Aging,17
Anti-Eviction Mapping Project,17
"American Federation of State, County And Municipal Employees, AFL-CIO",17
American Advertising Federation,17
"American Academy of Pediatrics, CA",17
Alameda County Chiefs of Police and Sheriff's Association,17
Academy of California Adoption Lawyers (ACAL),17
Abundant Housing Los Angeles,17
Idle No More SF Bay,17
California Rehabilitation Association (CRA),17
California Agents & Health Insurance Professionals,17
California YIMBY,17
Delta Kappa Gamma Society,17
Campaign for Tobacco-Free Kids,17
Health Plan of San Mateo,17
Golden Gate Restaurant Association (GGRA),17
General Assistance Advocacy Project,17
Fund for Santa Barbara,17
Fervo Energy,17
Families for Early Autism Treatment,17
Fair Housing Law Project,17
Emergency Medical Services Administrators,17
Ella Baker Center for Human Rights,17
East Palo Alto Community Law Project,17
Downtown Center Business Improvement District,17
Disabled Veteran Business Alliance,17
Department of Corrections and Rehabilitation,17
Hollywood Now,17
County of Sonoma Board of Supervisors,17
City of Newman,17
Casa of Los Angeles,17
"Center for Oceanic Awareness, Research and Education",17
Central Coast Alliance United for a Sustainable Economy (CAUSE),17
Cerritos Community College,17
Children's Lobby,17
Campaign for the Fair Sentencing of Youth,17
City of Solano Beach,17
Clean Carwash Campaign,17
Community Land Trust Association of West Marin,17
Contra Costa County Defenders Association,17
Corona,17
Civil Justice Association Of California,17
Professional Insurance Agents of California,16
Outdoor Power Equipment Institute,16
Oxnard Chamber Of Commerce,16
Peace Officers Research Association of CA,16
Personal Insurance Federation of,16
Physician Association of California,16
Polly Klaas Foundation,16
SV Angel,16
Promise Energy,16
Richmond Community Foundation,16
Sacramento Hunger Coalition,16
Sacramento Loaves and Fishes,16
Sacramento Regional Builders Exchange (SRBX),16
Northeast Neighbors of Santa Monica,16
San Diego Association of Governments (SANDAG),16
Northern California Planned Giving Council,16
Mental Health America,16
Newhall Land and Farming Company,16
National Tax-Limitation Committee,16
National Federation Of Independent Business,16
National Association of Social Workers (NASW),16
NOR CAL Rental Property Association,16
Mogavero Notestine Associates,16
Santa Cruz County Manufactured/Mobile Homeowners Association,16
Marin Partnership to End Homelessness,16
Los Angeles County District Attorney's Office,16
Los Angeles Christian Health Centers,16
"London Breed, Mayor of San Francisco",16
Legal Services for Prisoner with Children,16
Latina Breast Cancer Agency,16
Junior League of San Francisco,16
John Burton Advocates for Youth,16
San Diego Regional Chamber,16
Zero Foodprint,16
"Services, Immigrant Rights and Education Network (SIREN)",16
University of California Students Association,16
The Justice Project,16
The Retired Officers Association,16
The Right to Know,16
Transformative Programming Works,16
United Cambodian Community,16
United Teachers of Richmond,16
Walmart,16
Shasta County Farm Bureau,16
West Pasadena Residents' Association,16
Western Occupational and Environmental Medical Association,16
Wider Opportunities for Women,16
"YMCA of San Diego County, Youth and Family Services",16
Yimby SLO,16
Housing Land Trust of Sonoma County,16
The Jockeys' Guild,16
The Human Society of the United States,16
The Health Trust,16
The Feminist Majority,16
The English Shepherd Club,16
The Council of Autism Service Providers,16
"The Climate Reality Project, San Fernando Valley",16
The City of San Diego,16
The California Peace Officers' Association,16
The California Medical Association (CMA),16
The California Medical Association,16
The Bar Association of San Francisco,16
The ARC and United Cerebral Palsy California Collaboration,16
St. Anne's,16
Southland Regional Association of Realtors,16
Sonoma County Task Force for the Homeless,16
Silicon Valley Council of Nonprofits,16
Imperial LAFCO,16
The Health Alliance for Violence Intervention,16
Housing Action Coalition,16
California Building Properties Association,16
"AARP, California",16
Board of Supervisors County of Madera,16
Business for Good San Diego,16
California Air Pollution Control Officers Association (CAPCOA),16
California Apartment Association (CAA),16
California Association of Legal Document Assistants,16
California Cartage Company,16
California Mental Health Advocates for Children and Youth,16
California Correctional Peace Officer Association,16
California Council on Economic Education,16
California Federation of Teachers,16
California Healthcare,16
California Law Enforcement Association of Records Supervisors (CLEARS),16
California League Of Conservation Voters,16
Board for Professional Engineers and Land Surveyors,16
Bay Institute,16
Bay Area Asset Funders Network,16
Audiology Association of California,16
Association of California School,16
Asian Pacific American Dispute Resolution Center,16
Asian Business Association of Silicon Valley,16
Armed Forces Retirees Association,16
Appraisal Institute,16
American Home Furnishings Alliance,16
"American College of Obstetricians & Gynecologists, District IX",16
American Civil Liberties Union Of California,16
Allied Managed Care (AMC),16
Alliance on Aging,16
Alliance of Motion Picture and Television Producers,16
Advocacy,16
Honey Lake Valley Resource Conservation District,16
California League of High Schools,16
Association of Community Human Services Agencies,16
California Mental Health Directors Association (CMHDA),16
East Bay Community Energy (EBCE),16
"Communications Workers of America, District 9, AFL-CIO",16
Communities For A Better Environment,16
Community Housing Opportunities Corp,16
Conservation Lands Foundation,16
DMB Pacific Ventures,16
Drywall Lathers Local 9109,16
Federation of Retired Union Members of Santa Clara County,16
Coalition of Franchisee Associations,16
First Congregational Church of Long Beach,16
Greater Antelope Valley Association of Realtors,16
Green Party of Santa Clara County CA,16
Green the Church,16
Greenspace - the Cambria Land Trust,16
California Respite Association,16
Coalition of Utility Employees,16
EA Family Services,16
Coalition of Adequate School Housing,16
Central Valley Opportunity Center (CVOC),16
California School Employees Association,16
Clinica Romero,16
California Society of Clinical Social Work,16
California State Controller Betty T. Yee,16
California State Student Association (CSSA),16
Center for Community Change,16
Central California Food Bank,16
California's Independent Telephone Companies,16
Children's Advocacy Institute (CAI),16
Chinese American Council of Sacramento,16
City of Mammoth Lakes,16
Climate Health Now Action Fund,16
Climate Reality Project Bay Area Chapter,16
Pinoleville Pomo Nation,15
SAJE,15
Pivotal,15
Professional Engineers of California Government,15
Pier 39,15
Program for Torture Victims,15
RYSE Youth Center,15
Responsible Industry for a Sound Environment,15
Riverside Area Rape Crisis Center,15
Santa Cruz County Chamber of Commerce,15
SC Wildlands,15
San Diego & Imperial Counties Labor Council,15
San Fernando Valley,15
San Francisco Bay Area Planning and Urban Research Association (SPUR),15
San Francisco Symphony,15
San Joaquin County District Attorney's Office,15
Shelter,15
Paparazzi Reform Initiative,15
Sheriff's Employee Benefits Association (SEBA),15
Pew Charitable Trusts,15
Muniservices,15
Pajaro Valley Chamber of Commerce,15
National Gay and Lesbian Task Force,15
Simi Valley Democratic Club,15
Legal Services for Prisoners with Children,15
Marin Energy Authority,15
Miraloma Park Improvement Club,15
NORCAL Rental Property Association,15
National Community Renaissance,15
National Football League,15
National Fuel Cell Research Center,15
New Voice of Business,15
Pacific Standard,15
Northern California Presbyterian Homes and Services,15
Northern Directors Group,15
Novato Chamber of Commerce,15
Office of Real Estate Appraisers,15
Office of the District Attorney of San Diego County,15
Orange County Employees Retirement System,15
Orange County Farm Bureau,15
PATH (People Assisting the Homeless),15
Silicon Valley At Home (SV@HOME),15
United Latino Voices of Contra Costa County,15
Slo County Yimby,15
United Firefighters of Los Angeles City,15
The Greater Corona Valley Chamber of Commerce,15
The Greater San Diego Chamber of Commerce,15
The League of Women Voters,15
The Legal Aid Society - Employment Law Center,15
The Mentoring Center,15
The Northcoast Environmental Center,15
The Violence Prevention Coalition of Orange County,15
The Women's Foundation,15
La Cooperative Campesina de California,15
The Fund for Animals Wildlife Center,15
United Neighborhoods for Los Angeles,15
University of California Office of the President,15
Urban ReLeaf,15
Urban Tree Foundation,15
"Villines Group, LLC",15
Waterfront Coalition,15
Westside Regional Alliance of Councils,15
Young Visionaries Youth Leadership Academy,15
The Gordian Group,15
The East Los Angeles Community Union,15
Sonoma County Law Enforcement Association,15
"The American Federation of State, County and Municipal Employees (AFSCME), AFL-CIO",15
Southern California Association of Law Libraries,15
Southern California Golf Association,15
St. Barnabas Senior Services,15
"State Bar, Estate Planning, Trust and Probate Law Section",15
State Building and Construction Trade Council of California,15
Sullivan Solar Power,15
Telegraph Hill Dwellers,15
Terner Center for Housing Innovation,15
The Association of California Healthcare Districts,15
The Danny Foundation,15
The Association of California Life and Health Insurance Companies,15
The California Alliance of Child and Family Services,15
The Cambodian Family Community Center,15
The Cat Fanciers' Association,15
The Center for Public Interest Law,15
The Chamber Newport Beach,15
The City and County of San Francisco,15
The Climate Reality Project Los Angeles Chapter,15
Laurel Canyon Land Trust,15
"Mayor of Los Angeles, Eric Garcetti",15
LISC Bay Area,15
Certified Automotive Parts Association,15
California Building and Construction Trades Council,15
California Chapter of the National Association of Social,15
California Conference for Equality and Justice,15
California County Superintendents Educational Services Association (CCSESA),15
California Court Interpreters Association,15
California Cryobank,15
California Department of Insurance (CDI),15
California Fire Chiefs Association (CFCA),15
California Media and Library Educators Association,15
California Medical Association,15
California Mortgage Bankers Association (CMBA),15
California Police Chiefs Association (CPCA),15
California Service Station and Auto Repair Association,15
"California Sportsmen's Lobby, Inc",15
California Yimby,15
CannaCraft,15
Capitol Area Development Authority,15
Center For Biological Diversity,15
Central California Regional Obesity Prevention Program,15
California Association of Highway Patrolman,15
California Association of Health Underwriters (CAHU),15
CA Dispute Resolution Council,15
Asian Pacific Environment Network,15
ADU Task Force East Bay,15
"Activesgv, a Project of Community Partners",15
American Federation State County Municipal Employees,15
"American Federation of State, County, Municipal Employees",15
American International Group (AIG),15
IMPACT,15
American President Lines,15
American Psychiatric Association,15
Association of California Commissions for Women,15
Building Owners and Managers Association of California (BOMA),15
Association of Family and Conciliation Courts,15
Association of Marin County Schools,15
Association of Northern California,15
Ballot Initiative Strategy Center,15
Bay Area Air Quality Management District (BAAQMD),15
Bay Area Builders Exchange,15
Bay Area Housing Action Coalition,15
Bear League,15
Central City East Association,15
American Osteopathic Association,15
City of Calipatria,15
Green Charge Networks,15
Drywall Local Union 9144,15
EMF Safety Network,15
Education Trust - West,15
Environmental Defense Action Fund,15
Escrow Agents' Fidelity Corporation,15
Family Care Network,15
Future of Life Institute,15
Goleta Valley Beautiful,15
Greyhound Club of Northern California,15
Department of Child Support Services,15
Grounded Solutions Network,15
HIV Education and Prevention Project of Alameda County,15
Helpline Youth Counseling,15
Hispanic Association of Colleges and Universities (HACU),15
Hollywoodland Homeowners Association,15
Hope Solutions,15
City of Dorris,15
Humane Society of United States,15
Domestic Violence Center of Santa Clarita Valley,15
Housing Authority of the City of Los Angeles,15
Democratic Socialists of America - Los Angeles,15
Community Housing Improvement Systems and Planning Association,15
Cultiva la Salud,15
Clayton,15
Coalition of Apparel Industries in California,15
Coalition to Abolish Slavery and Trafficking (CAST),15
College Hospital Costa Mesa,15
Committee Opposed to Militarism and the Draft,15
Committee for a Better Seville,15
Community Housing Improvement Program (CHIP),15
City of San Juan Bautista,15
Community Legal Aid Socal,15
Construction Employers' Association (CEA),15
Consumer Advocates Against Reverse Mortgage Abuse,15
Council of Asian American Business Associations,15
County of Marin Board of Supervisors,15
County of Monterey Board of Supervisors,15
Conference of California Bar Association,15
County of Santa Clara,15
North East Medical Services (NEMS),14
National Congress of American Indians,14
National Council of Textile Organizations,14
National Hot Rod Association,14
National Infusion Center Association,14
"National Lawyers Guild, Los Angeles",14
"North American Climate, Conservation and Environment (NACCE)",14
Office of Administrative Law,14
North Orange County Legislative Alliance,14
Northern Santa Barbara County Manufactured Homeowners Team,14
Ocean Institute,14
One Redwood City,14
Orange County Voter Information Project,14
Our Revolution,14
Peace Officers Research Assn. of CA,14
Peoples' Self-Help Housing Corporation,14
People Organized to Win Employment Rights,14
Making Our Milk Safe (MOMS),14
National Center for Appropriate Technology,14
Latino Council of Marin,14
Pile Drivers Local 34,14
Interactive Digital Software Association,14
Justice NOW,14
Korean American Bar Association of Northern California,14
La Quinta Chamber of Commerce,14
Lassen Family Services,14
Latin American Agents Association,14
Laurin Associates,14
National Association for Missing and Exploited Children,14
Los Angeles County Employees' Retirement Association,14
Los Angeles County Sheriff's Department,14
Marine Mammal Center,14
Mathews Foundation for Prostate Cancer Research,14
Mid-Peninsula Regional Open Space District,14
Million Voters Project,14
Natalie Giorgi Sunshine Foundation,14
Physical Therapy Examining Committee,14
The California State Association of Counties,14
Principal Financial Group,14
University of,14
The People's Resource Center,14
The Restaurant Opportunity Center of The Bay,14
The Western Center on Law and Poverty,14
United Cerebral Palsy in California,14
United Domestic Workers of America - AFSCME Local 3930/AFL-CIO,14
United Dwelling,14
United Latinos Action,14
Vital Immigrant Defense Advocacy and Services,14
Printing Industries of California (PIC),14
Washington Union High School District,14
Western Agricultural Processors,14
Windsor Square Association,14
Winegrowers of Napa County,14
Women's Empowerment,14
Woodwork Institute of California,14
Humane Farming Action Fund,14
The Governor,14
The Chevron Companies,14
The Big Sur Land Trust,14
"The American Federation of State, County and Municipal Employees",14
Riverside County Black Chamber of Commerce,14
Samoyed Club of Los Angeles,14
San Francisco Berniecrats,14
San Francisco Coalition on Homelessness,14
San Francisco Mayor London Breed,14
Sanctuary of Hope,14
Senior Citizens Legal Services,14
Services Immigrant Rights and Education Network,14
Solid Waste Association of North America (SWANA),14
Southern California Filipino Dental Society,14
State Public Affairs Committee,14
Steel Recycling Institute,14
"Supervisor Hilda Solis, Los Angeles County Board of Supervisors",14
Temecula Valley Neighborhood Coalition,14
Tent Makers,14
Impact,14
National Center on Youth Law (NCYL),14
Housing Trust of Santa Clara County,14
California Coalition of Nurse Practitioners (CCNP),14
California Alliance Against,14
California Association Of Winegrape Growers,14
California Association for Adult Day Services (CAADS),14
California Association of Hospitals and Health Systems (CAHHS),14
California Association of Leaders of Career Preparation,14
California Childcare Health Program,14
California Coalition for Youth,14
California Coalition of Workers' Compensation,14
California Orthotics and Prosthetics Association,14
California Conference Board,14
California County Superintendents Education Services Association,14
California Environmental Health Initiative,14
California Green Business Network,14
California Immigrant Policy Center,14
California Immigrant Welfare,14
California Motorcyclist Association,14
CDC,14
Building Owners and Managers,14
Board of Behavioral Science Examiners,14
Bell,14
Housing Authority of the City of Alameda,14
AIDS Institute,14
AMCAL,14
Adult Entertainment Industry Education Fund,14
Alliance for a Regional Solution to Airport Congestion,14
Alliance to Stop Slavery and End Trafficking,14
American Association of University Women-California,14
American Civil Liberties Union,14
American Council of Life Insurance (ACLI),14
American's Health Insurance Plans,14
Arab Resource and Organizing Center,14
Asian Americans for Civil Rights & Equality (AACRE),14
Associated General Contractors (AGC),14
"Association of Los Angeles Deputy Sheriffs, Inc",14
Bakersfield Association of Realtors,14
California Municipal Finance Authority,14
Building Industry Association of Fresno and Madera Counties,14
California Part-time Faculty Association,14
Feather River Resource Conservation District,14
Department of General Services,14
Disability Rights California,14
Disability Rights California (DRC),14
Ensuring Opportunity Campaign,14
Environmental Working Group,14
Executive Committee of the Family Law Section of the State Bar of,14
Executive Committee of the Trusts and Estates Section of the State Bar of California,14
Five Star Education Coalition,14
Creative Card Congress,14
Fresno Deputy Sheriff's Association,14
Fund for Animals Wildlife Center,14
GFWC California Federation of Women's Clubs,14
Gardens,14
Hamilton Family Center,14
California ReLEAF,14
Homeownership San Francisco,14
D4ward,14
Fair Housing Napa Valley,14
Cannacraft,14
Chinatown Community for Equitable Development,14
California State Bar Association,14
Council of Mexican Federations in North America,14
Californians United for a Responsible Budget (CURB),14
Caltrain,14
Cameron Park Community Services District,14
Cellular Telecommunications & Internet Association,14
Center on Reproductive Rights and Justice at UC Berkeley School of Law,14
California Society of Health-System,14
"Climate Reality Project, Silicon Valley",14
Coalition For Clean Air,14
Community Legal Services In East Palo Alto,14
Consumer Advocates for RCFE Reform,14
Chinese for Affirmative Action (CAA),14
"Cosmetic, Toiletry & Fragrance Association",14
"Cosmetic, Toiletry, and Fragrance Association",14
One LA-IAF,13
PICO,13
Placer County Association of Realtors,13
Pep Housing,13
Peoples' Self-Help Housing,13
Outdoor Sportsmen's Coalition of,13
PATH Ventures,13
Orange County Superior Court Reporters Association,13
Pomona Police Department,13
San Diego Hospice,13
Roman Catholic Diocese of Fresno,13
Rainbow Chamber of Commerce Silicon Valley,13
Regional Council of,13
Remake Irvine Streets for Everyone (RISE),13
Reproductive Justice Coalition of Los Angeles,13
Retired Employees Association of Orange County,13
Richmond Progressive Alliance,13
San Bernardino County Local Agency Formation Commission,13
San Diego County Court Employees Association (SDCCEA),13
Oceano Community Services District,13
Office of the San Diego District Attorney,13
Lubrizol Corporation,13
Nototomne Cultural Preservation,13
Millwrights Local 102,13
Santa Clara County Bar Association,13
Los Altos Residents,13
Los Angeles Neighborhood Housing Services,13
Los Angeles Times,13
Marin Workforce Housing Trust,13
Mavericks Event Center,13
Mendocino Food and Nutrition Program,13
Metropolitan Transportation Commission (MTC),13
Montecito Association,13
Northern California Power Agency (NCPA),13
Motion Picture Association of America (MPAA),13
National Association for Uniformed Services,13
National Audubon Society - California,13
Native American Heritage Commission,13
Nevada County Contractors Association,13
Newstart Housing Corporation,13
Nile Sisters Development Initiative,13
Non-Profit Housing Association of Northern CA,13
San Francisco Interfaith Council,13
Utility Consumerso Action Network (UCAN),13
Santa Cruz County Business Council,13
Scott River Watershed Council,13
The Non-Profit Housing Association of Northern California,13
The North Face,13
The Refill Shoppe,13
The Service Employees International Union (SEIU),13
"The Vons Companies, Inc",13
Thousand Oaks-Westlake Village Regional Chamber of Commerce,13
Truck Renting and Leasing Association,13
United Farm Workers (UFW),13
United Food & Commercial Workers Union,13
United Native Housing Development Corporation,13
Upward Bound House,13
Urban Counties Caucus (UCC),13
League Of Women Voters Of California,13
Valley Improvement Projects (VIP),13
Valley Industry Commerce Association,13
Western Center on law and Poverty,13
the Attorney General,13
the State Bar,13
the bill),13
The National Center for Law & Policy,13
The Medical Board of California,13
The Los Angeles County Board of Supervisors,13
The California Association of Health Plans,13
Solar Technologies,13
SolarCraft,13
State Athletic Commission,13
Story of Stuff,13
Sunrise Company,13
TODCO,13
Technology Association of America,13
The Amelia Ann Adams Whole Life Center,13
The California Labor Federation,13
The Language Academy of Sacramento,13
The California Trade Coalition,13
The Center for AI and Digital Policy,13
The City of Los Angeles,13
The Council of Mexican Federations,13
The Food Bank of Contra Costa and Solano,13
The Humane Farming Action Fund,13
The Humane Farming Association,13
The Kelsey,13
Legal Aid at Work,13
Multi-Faith ACTION Coalition,13
Law Enforcement Alliance of America,13
California Occupational Medicine Physicians,13
California Organization of Police,13
California Parks Company,13
California Restaurant Association (CRA),13
California State Association Of Electrical Workers,13
California State Associations of Counties,13
California State Conference of the National Association,13
California State Employees' Association (CSEA),13
California Statewide Law Enforcement Association (CSLEA),13
California Taxpayer Association,13
California Trial Lawyers Association (CTLA),13
Cardea Health,13
Center for Autism and Related Disorders (CARD),13
Center for Responsible Lending (CRL),13
Center for WorkLife Law,13
Central Coast Alliance United for Sustainable Economy,13
Child Care Providers United (CCPU),13
Children's Health Council,13
Chrysalis Center,13
City of Benicia Fire Department,13
California Organization of,13
California Independent Bankers (CIB),13
Coalition for Enhanced Marine Resources,13
California Foundation for Independent Living Center,13
Latino Coalition for a Healthy California (LCHC),13
Acton Town Council,13
Alameda County Public Health Department,13
American Physical Therapy Association,13
Animal Rescue Mission,13
"Apartment Association, Southern California Cities",13
Association for Retarded Citizens,13
Association of Labor Compliance Professionals,13
Big Pine Paiute Tribe of the Owens Valley,13
Calguns Foundation,13
California Affiliates of Susan G. Komen,13
California Association for,13
California Association for Medical Laboratory Technology (CAMLT),13
California Association of Food Banks,13
California Association of School,13
"California Chapter, American College of",13
California Chiropractic Association (CCA),13
California Coalition for Counselor Licensure,13
California Correctional Health Care Services,13
"Climate Reality Project, San Fernando Valley Chapter",13
California Golf Course Owners Association,13
Collins Pine Company,13
Gordian Group,13
Hearing Healthcare Providers of California,13
Heritage Housing Partners,13
Hills 2000 Friends of The Hills,13
Home Buyer Assistance Center,13
Hope of the Valley Rescue Mission,13
Housing Authority of the County of San Joaquin,13
Human Good,13
Huntington's Disease Society of America,13
Inland Empire,13
Inn at Mavericks,13
International Association of Color Manufacturers,13
International Brotherhood of Electrical Workers (IBEW),13
Junior League of Fresno,13
Juvenile Courts Bar Association,13
Kennel Club of Palm Springs,13
KernTax,13
LA Voice PICO,13
Common Ground California,13
LandWatch Monterey County,13
Governor's Administration,13
Indoor Tanning Association,13
County Of Santa Clara,13
Disability Resource Agency for Independent Living,13
Comptche Land Conservancy,13
Foundation for Advancing Alcohol Responsibility,13
Concerned Citizens to Stop Outside Dumping,13
"Cosmetic, Toiletry and Fragrance Association",13
Council for Citizens Against Government Waste,13
County of Riverside Board of Supervisors,13
Crest Backyard Homes,13
Custom Electronic Design & Installation Association,13
Danny Foundation,13
Downtown Long Beach Associates,13
Emergency Medical Services Administrators' Association of California (EMSAAC),13
Episcopal Communities & Services,13
Faculty Association of California Community Colleges,13
Fairness for Mobile Home Owners,13
Fall River Resource Conservation District,13
Filipino Bar Association of Northern California,13
Foresthill Telephone Company,13
Community Development Technologies,13
National Independent Practice Association Coalition,12
Multicultural Communities for Mobility,12
National Coalition Against Gambling Expansion,12
National Association of Hispanic Real Estate Professionals (NAHREP),12
Muscular Dystrophy Association,12
Reinvent South Stockton Coalition,12
Multicultural Area Health Education Center,12
Modified Motorcycle Association,12
Mexican-American Political Association,12
Neighborhood Council Sustainability Alliance Trees Committee,12
Mexican American Legal Defense and Education,12
National Kidney Foundation of Northern California,12
Professional Fiduciary Association of California (PFAC),12
"North American Climate, Conservation and Environment",12
North Valley Property Owner Association,12
Office of Homeland Security,12
Pacific Coast Federation of Fishermen's Associations (PCFFA),12
Pacific West Association of Realtors,12
Pasadena Tenants Union,12
Police Officers Research Association of California (PORAC),12
Public Investors Arbitration Bar Association,12
Recording Industry Association of America (RIAA),12
McKinsey & Company,12
Medical Board of California (MBC),12
Inner City Law Center,12
Marin County Council of Mayors & Councilmembers,12
LA Brea Hancock Homeowners Association,12
SF Council of Community Housing Organizations,12
Indivisible Ca-37,12
Information Technology Association of America (ITAA),12
Initiate Justice,12
Institute for College Access & Success,12
Insurance Services Office,12
International Animal Welfare Alliance,12
Irrigation Association,12
Jewish,12
Kinship Center,12
LAMBDA Letters Project,12
Lyme Disease Resource Center,12
Lambda,12
Lathrop,12
Leadership Council for Justice & Accountability,12
League of American Bicyclists,12
Lilypad Homes,12
Little,12
Livable Sunnyvale,12
Los Angeles Annenberg Metropolitan Project,12
Los Angeles Unified School District Board of Education,12
Lutheran Office of Public,12
SEIU California,12
Valley Women's Club,12
SOMOS Mayfair,12
The Standard Schnauzer Club of Southern California,12
The Enterprise Foundation,12
The Human Society of The United States,12
"The Kennedy Commission, Lake Forest",12
"The National Association of Social Workers, California Chapter",12
The Outdoor Sportsmen's Coalition of California,12
The Salt and Light Council,12
The Salvador E. Alvarez Institute for Non-Violence,12
The Scottish Terrier Club of California,12
The Social Justice Law Project,12
The Staffordshire Bull Terrier Club of America,12
Tim Lewis Communities,12
The County of San Diego,12
Unite for Reproductive and Gender Equity,12
United Teachers Los Angeles (UTLA),12
United Way of San Diego County,12
Up for Growth,12
Ventura County Contractors Association,12
Walk San Diego,12
Whittier Rio Hondo AIDS Project,12
Works,12
Yimby Law,12
Human Society of the United States,12
The Dream Corps,12
The Community College Foundation,12
San Francisco Bay Area Rapid Transit,12
State Alliance for Firesafe Road Regulations,12
San Gabriel Valley Consortium on Homelessness,12
School for Integrated Academics and Technologies (SIATech),12
Senior Care Action Network,12
Sikh American Legal Defense and Education Fund (SALDEF),12
South Asian Bar Association of Northern California,12
South Bay Association of Realtors,12
South of Market Community Action Network,12
Southern California Contractors Association (SCCA),12
Southwest Center for Asian Pacific American Law,12
Spectrum Institute,12
State Bar Business Law Section,12
"The Collie Club of America, Inc",12
Stem,12
The American Congress of Obstetricians and Gynecologists,12
"The American Federation of State, County, and Municipal",12
The Anaheim Workforce Development Board,12
The California Academy of Family Physicians,12
The California Catholic Conference,12
The City of Moreno Valley,12
"The Climate Reality Project, Orange County Chapter",12
"The Climate Reality Project, Riverside County Chapter",12
The Collective Healing and Transformation Project,12
Humboldt Food Policy Council,12
Association of California Life & Health Insurance Companies (ACLHIC),12
Human,12
California Association of Relators,12
Building Futures with Women and Children,12
Building Industry Association Of The Bay Area,12
Building Industry Association of Orange County,12
California Abortion Rights Action League,12
California Academy of Family Physicians (CAFP),12
California Academy of Physicians Assistants,12
"California Association for Health, Physical Education, Recreation and Dance (CAHPERD)",12
California Association of Dispensing Opticians,12
California Association of Health Plans (CAHP),12
California Association of Highway Patrolmen,12
California Association of Sheet Metal and Air,12
Bonita House,12
California Chapter of the American College of,12
California Chapter of the National Organization for the Reform of Marijuana Laws,12
California Clinical Laboratory Association (CCLA),12
California Coin and Bullion Merchants Association,12
California Community College Trustees,12
California Council on Alcohol Problems (CCAP),12
California Department of Corrections (CDC),12
California Judges Association (CJA),12
California League of Conservation,12
California Senior Leaders Alliance,12
Borzoi Club of Northern California,12
Better Business Bureau,12
California State Association of Electrical Workers,12
American College of Obstetricians,12
Homerise San Francisco,12
ACLU California Action,12
ARC of California,12
Acce Action,12
Adams Hill Neighborhood Association,12
"All Saints Church, Pasadena",12
Allen Group,12
Alliance for Insurance Reform,12
Alliance of Californians for Community Empowerment (ACCE Action),12
Alliance of Catholic Healthcare,12
"American Congress of Obstetricians and Gynecologists, District IX, California",12
Berkeley Climate Action Coalition,12
American Electronics Association (AEA),12
"American Federal of State, County and Municipal Employees",12
American Federation State County Municipal Employees (AFSCME),12
Asian and Pacific Islander Obesity Prevention Alliance,12
Assisted Living Consumer Alliance,12
"Associated Builders and Contractors, Inc",12
ACCE,12
Association of California School Administrators,12
BREATHE California,12
Bay Area Rhodesian Ridgeback Club,12
California Society of Professional Engineers,12
Avian Welfare Coalition,12
California State Automobile Assn,12
Extinction Rebellion Sf Bay,12
Department of General Services (DGS),12
Design Build Institute of America,12
Durand Ridge United,12
Early Edge California,12
Earned Assets Resource Network,12
Earth Communications Office,12
Eastern Kern County Resource Conservation District,12
"Episcopal Community Services, San Francisco",12
"Estate Planning, Trust and Probate Law Section of the State",12
Executive Council of Home Owners,12
Five Branches University,12
De Luz Family Housing,12
Folsom Chamber Of Commerce,12
Forensic Mental Health Association of California,12
GenUP,12
"Golden State Manufactured-home Owners League, INC. (GSMOL)",12
Great Valley Center,12
Greater Conejo Valley Chamber Of Commerce,12
Greater West Covina Business Association,12
Harbor Association of Industry and Commerce (HAIC),12
Homeless Prenatal Program,12
California Tax Reform Association (CTRA),12
Delivering Innovation in Supportive Housing,12
Fire Districts Association of California (FDAC),12
Council of Colleges of Acupuncture and Oriental Medicine,12
City Of Santa Monica,12
Calpace,12
Contempo Marin Homeowners Association,12
Casa De Amparo,12
Center for Energy and Economic Development,12
Chicana/Latina Foundation,12
Chico Builders Association,12
Chief Probation Officers of California (CPOC),12
Child Care Resource Center,12
Chino Valley Democratic Club,12
Christy Lynn Wilson Foundation,12
Child Abuse Prevention Council of Contra Costa,12
Commission on Peace Officer Standards and Training (POST),12
Coalition of Humane Immigrant Rights of Los Angeles,12
City of Mount Shasta,12
Communications Workers of America (CWA),12
Committee for Racial Justice,12
Coastal Lands Action Network (CLAN),12
Conference of California Bar Associations (CCBA),12
Coalition of California Insurance Professionals (CCIP),12
Coalition for Immigrant and Refugee Rights and Services,12
Coalition for Educational Justice,12
San Gabriel Valley Regional Housing Trust,11
Professional Engineers in CA Government,11
San Diego Mountain Biking Association,11
Salvation Army,11
Raptors Are the Solution,11
Progressive Asian Network for Action (PANA),11
People's Advocate,11
Pit Resource Conservation District,11
Plumas County Fire Safe Council,11
Plastic Shipping Container Institute,11
Peace Officer Research Association of California (PORAC),11
Pet Care Foundation,11
San Joaquin Valley Latino Environmental Advancement Project,11
San Joaquin Kennel Club,11
South Coast Air Quality Management District (SCAQMD),11
Santa Monica Forward,11
Santa Rosa Metro Chamber,11
Schools Excess Liability Fund (SELF),11
Scottish Deerhound Club of America,11
"Screen Actors Guild-American Federation of Television and Radio Artists, AFL-CIO",11
Sheriff's Employee Benefits Association,11
Sierra Homeowners Association,11
Small School Districts' Association (SSDA),11
Society for Cardiovascular Angiography and Interventions,11
South Bay,11
South Hayward Parish,11
Southern California Independent Booksellers Association,11
Pacific West Communities,11
Southern California Rental Property Association,11
Parents for Addiction Treatment and Healing,11
Metropolitan,11
Pacific Institute for Community Organization,11
National Center For Youth Law,11
Sportfishing Conservancy,11
LifeSTEPS,11
Los Angeles County Business Federation (BizFed),11
Los Angeles County Public Defender's Office,11
Mary Magdalene Project,11
Medical Imaging and Technology Alliance,11
Midtown Business Association,11
Mission Focused Solutions,11
Mission Housing Development Corporation,11
Modular Installers Association,11
National Association of Consumer Advocates (NACA),11
National Association of Environmental Medicine,11
National Association of Professional Employer Organizations,11
National Consumer Voice for Quality Long-Term Care,11
Osteopathic Physicians and Surgeons,11
National Day Laborer Organizing Network (NDLON),11
National Resources Defense Council (NRDC),11
Natural Gas Vehicle Coalition,11
Natural Resources Defense Council,11
New Directions,11
NextGen,11
Nonprofit Finance Fund (NFF),11
North County LGBTQ Resource Center,11
North Fork Rancheria Indian Housing Authority,11
Occupational Therapy Association of California (OTAC),11
Office of Criminal Justice Planning (OCJP),11
Orange County Interfaith Coalition for the Environment,11
Orange County Mobile Home Residents Coalition,11
Southwest Chapter of the American Association of Airport Executives,11
Unitarian Universalist Legislative Ministry California,11
Sporting Arms and Ammunition Manufacturers' Institute,11
The Village Club,11
The Glide Foundation,11
The Greenling Institute,11
The Inkwell Theater,11
The Justice & Reconciliation Project,11
The League of American Bicyclists,11
The Learning Choice Academy,11
The Los Angeles Police Protective League,11
The Mule Deer Foundation,11
The National Center for Youth Law,11
The Protect Our Communities Foundation,11
The Responsible Business Lending Coalition,11
The River District,11
The San Francisco Financial Justice Project,11
The Watsonville Law Center,11
The Foundation For Taxpayer and Consumer Rights,11
The Western States Petroleum Association,11
Legal Aid Society- Employment Law Center,11
United Neighbors,11
Variable Annuity Life Insurance Company,11
Venice Justice Committee,11
Veterans Association of North County,11
Village Movement California,11
West Wood Highlands Neighborhood Association,11
Western Center on Law & Poverty (WCLP),11
Western Mobilehome Parkowners Association (WMA),11
Western Quadrant of North Leimert Park,11
Women Organized to Respond to Life-Threatening Diseases,11
"Women Organizing Resources, Knowledge and Services (WORKS)",11
The Fremont-Rideout Health Group,11
The Farmers Guild,11
"Sporting Arms and Ammunition Manufacturers' Institute, Inc",11
The Burlington Northern and Santa Fe Railway Company,11
St. Paul's Senior Homes and Services,11
Stone Lakes Refuge Alliance,11
Strategic Alliance,11
Sunset-Parkside Education and Action Committee,11
Sycuan Band of The Kumeyaay Nation,11
Tarzana Property Owners Association,11
Tenderloin AIDS Resource Center,11
The ALS Association,11
The Alliance for Insurance Reform,11
The Alliance of Catholic Health Care,11
The Apex Group,11
The Associated General Contractors,11
The Board of Supervisors of Marin County,11
The California Apartment Association,11
The Doctor's Company,11
The California Association of,11
The California Federation of Teachers,11
The California Immigrant Welfare Collaborative,11
The Chamber of Commerce of West Covina,11
The Children's Defense Fund,11
The Children's Network of Solano County,11
The Clean Coalition,11
The Climate Reality Project,11
The Coalition of Orange County Community Health Centers,11
The Commerce Club,11
The Comptche Land Conservancy,11
The County Welfare Directors Association of California,11
The Democrats of Rossmoor,11
Lennar Urban,11
National Center for Lesbian Rights (NCLR),11
Legal Aid Foundation of Los Angeles (LAFLA),11
City of LA Verne,11
California Federation Of Teachers,11
California Federation of Association Executives,11
California Fish & Game Warden Supervisors and Managers Association,11
California Fish and Game Warden Supervisors and Managers Association,11
California Health Facilities Financing Authority,11
California Health Institute,11
California Hospital,11
California Housing Partnership,11
California Independent Grocers & Convenience Stores,11
California Independent Oil Marketers Association (CIOMA),11
California Infill Federation,11
"California Labor Federation, Afl-Cio",11
California League of Conversation Voters,11
California Motor Car Dealers Association (CMCDA),11
California Nations Indian Gaming Association (CNIGA),11
California Native Plant Society - San Diego Chapter,11
California Professional Association Of Specialty Contractors,11
California Progressive Alliance,11
California Society of Anesthesiologists (CSA),11
"California State Bar, Family Law Section",11
California State Sheriff's Association (CSSA),11
Catalyst Foundation,11
Catherine Fund,11
"Center for AIDS Research, Education and Services",11
Center on Reproductive Rights and Justice at Berkeley Law,11
Central Coast Alliance United For A Sustainable Economy,11
City Of Monrovia,11
City of Biggs,11
City of Buellton,11
California Broadband Policy Network,11
California Association for The Education of Young Children,11
Calexico New River Committee,11
American Society for The Prevention of Cruelty to Animals,11
ACT,11
League of Women Voters of CA,11
"AMG & Associates, LLC",11
Academy of California Adoption Professionals,11
Accredited Out-of-State Colleges and Universities in,11
"Affordable Housing Management Association, Pacific Southwest",11
Aids Legal Referral Panel,11
Alaskan Malamute Club of America,11
Alliance Supporting People with Intellectual and Developmental Disabilities,11
American Association of Franchisees & Dealers,11
American Association of People with Disabilities,11
"American Brittany Club, Inc",11
American Lung Association In California,11
Animal Shelter Assistance Program,11
CSU-Emeritus and Retired Faculty Association,11
Antelope Valley Fair,11
Asian Pacific American Women Lawyers Alliance,11
Associated Chaplains in California State Service,11
Associated General,11
Associated Students of UC Davis,11
Automotive Oil Change Association,11
Bartz-Altadonna Community Health Centers,11
Bizfed - Los Angeles County,11
Brady Company,11
Building Industry Association of The Bay Area,11
Burbank Housing Corporation,11
CA Alliance for Consumer Protection,11
CA Land Title Association,11
City of Colma,11
California Correctional Supervisors Organization (CCSO),11
"Climate Reality Project, Silicon Valley Chapter",11
Humboldt Humane,11
Genesis,11
Global Alliance for Incinerator Alternatives (GAIA),11
Golden State Manufactured Homeowners League,11
Greater Fresno Chamber of Commerce,11
Greater Los Angeles Collective Alliance,11
HKS Architects,11
Habitat For Humanity California,11
Health Net and its Affiliated Companies,11
Healthcare Distribution Alliance,11
Hollywood Knolls Community Club,11
Hollywood NOW,11
Homeless Youth Alliance,11
Housing Authority of the County of Monterey,11
Independent Cities Association (ICA),11
Foundation for,11
Inland Empire Regional Chamber of Commerce,11
International Council Of Shopping Centers,11
International Dairy Foods Association,11
Jewish Family Services of San Diego,11
Jonathan Rose Companies,11
Just Cities,11
LAANE (Los Angeles Alliance for a New Economy),11
Labor Coalition,11
Lakeshore Avenue Baptist Church,11
Lakewood Village Neighborhood Association,11
Cloverdale,11
Lawyers' Committee for Civil Rights of San Francisco Bay Area,11
Leading Age,11
Friends of Loma Alta Creek,11
Housing Authority of The City of Santa Barbara,11
Executive Committee of the Family Law Section of the State Bar (FLEXCOM),11
Debt Collective,11
Coalinga-Huron Recreation and Park District,11
Coalition For Humane Immigrant Rights,11
Coalition for Humane Immigrants Rights of Los Angeles,11
Coalition to Actively Treat and Educate for Recovery,11
College Terrace Residents Association,11
Community Action North Bay,11
Community Initiatives for Visiting Immigrants in Confinement,11
Compassion and Choices,11
Council on Alcoholism and Drug Abuse,11
Council on American-Islamic Relations California,11
Crescenta Highlands Neighborhood Association,11
Danville,11
Davis Administration,11
Council on American-Islamic Relations - California,11
Del Mar,11
East Bay for Every One,11
Environmental Media Association,11
Environmental Justice Coalition For Water,11
Endangered Species Coalition,11
Electronic Data Systems,11
ElderFocus,11
East Los Angeles Community Union,11
EDGE Coalition,11
Disability Rights Education and Defense Fund (DREDF),11
Designing Accessible Communities,11
Desert Protective Council,11
EveryOne Home,11
Palo Alto Housing Corporation,10
Property Casualty Insurers,10
Power,10
Portola Heights Homeowners Association,10
Polyurethane Foam Association,10
Path (People Assisting the Homeless),10
Northern California Power Authority,10
Pacific Asian Consortium in Employment (PACE),10
Orange County Community Foundation,10
Oakland Citizens Committee for Urban Renewal,10
Northern California Human Resources Association,10
Northern California Keeshond Club,10
"Public Interest Law Project, Oakland",10
Northern California Bearded Collie Fanciers,10
Protecting Our Foothill Community,10
San Francisco Department Of The Environment,10
Rancho Buena Vista Homeowners Association,10
Rental Property Association of Northern Alameda County,10
Resolve: The National Infertility Association,10
Richmond Neighborhood Housing Services,10
Right to Know,10
SF YIMBY,10
SPCA for Monterey County,10
Saint Bernard Club of the Pacific Coast (SBCPC),10
San Diego Hunger Advocacy Network,10
San Francisco Bay Weimaraner Club (SFBWC),10
Santa Barbara Association of Realtors,10
San Francisco Taxi Workers Alliance (SFTWA),10
San Marcos Mobilehome Residents Association,10
National Board for Professional Teaching Standards,10
National Organization For Women,10
Internet,10
National Association of Consumer Bankruptcy Attorneys,10
Life Insurance Settlement Association,10
Screen Actors Guild (SAG),10
Inland Empire African American Chamber of Commerce,10
Institute for Market Transformation,10
International Brotherhood of Electrical Workers Local Union 569,10
Internet Archive,10
Kern County Builders' Exchange,10
Lambda Letter Project,10
Land Conservancy of San Luis Obispo,10
Language Academy of Sacramento,10
Last Plastic Straw,10
Latino Council,10
Latinos United for A New America,10
League To Save Lake Tahoe,10
Liberty Coalition,10
Livable City,10
National Association for the Advancement of Colored People (NAACP),10
Long Beach Conservation Corps,10
Los Angeles Area Chamber Of Commerce,10
"Los Angeles County Deputy Probation Officers Union, AFSCME, Local 685",10
Los Angeles Municipal Court,10
Los Angeles Probation Department Union,10
Malibu Foundation,10
Mammoth Lakes Housing,10
Marin Association of Realtors,10
Mexican American Community Services Agency,10
Mission,10
Monterey Bay Psychological Association,10
Mothers Against Drunk Drivers,10
Music Artists Coalition (MAC),10
NEW Economics for Women,10
Sc Wildlands,10
Western Center On Law And Poverty,10
Silicon Valley Regional Data Trust,10
United Domestic Workers of American,10
The Open Fist Theatre Company,10
The Pet Care Foundation,10
The Salt & Light Council,10
The San Joaquin Kennel Club,10
The Urban Counties Caucus,10
The Xerces Society for Invertebrate Conservation,10
Thomas Safran & Associates,10
Town of Ross,10
Training in Early Abortion for Comprehensive Healthcare (TEACH),10
Transformative Programming Works (TPW),10
Trial Courts,10
Tuolumne River Preservation Trust,10
US Green Building Council California,10
Unite for Reproductive & Gender Equity,10
"United Food and Commercial Workers, Western States Council",10
The Northern California Bearded Collie Fanciers,10
United Way of Greater Los Angeles,10
United Way of Silicon Valley,10
University of California Student Association (UCSA),10
Usgbc California,10
Utility,10
Valley Industry & Commerce Association (VICA),10
Valley Industry And Commerce Association,10
Vision Service Plan (VSP),10
W. Hayward Burns Institute,10
Weingart East Los Angeles YMCA,10
What We All Deserve (WWAD),10
Women's Health Collaborative,10
Z-Best Products,10
Honoring Emancipated Youth (HEY),10
The Northern California Keeshond Club,10
The Maven Collaborative,10
Silicon Valley Young Democrats,10
"The California Sportsmen's Lobby, Inc",10
Slo County YIMBY,10
Society of Human Resources Management,10
Southern California Whippet Association,10
Sunset-Parkside Education and Action Committee (SPEAK),10
The Adult Entertainment Industry Education Fund,10
"The American Brittany Club, Inc",10
The American Council for Evangelicals,10
"The American Federation of State, County and Municipal Employees, AFL-CIO",10
The American Lhasa Apso Club,10
"The American Shih Tzu Club, Inc",10
The Arc & United Cerebral Palsy California Collaboration,10
The Border Terrier Club of the Redwoods,10
The California Association of Health Plans (CAHP),10
The California Bankers Association,10
The California Veterinary Medical Association,10
The Los Angeles County Professional Peace Officers Association,10
The Civil Justice Association of California,10
The Climate Reality Project - Silicon Valley Chapter,10
The Coalition for Renewable Natural Gas,10
The County Connection,10
The County of Santa Clara,10
The Elizabeth Hospice,10
The French Bulldog Club of America,10
The Greater Sacramento Smoke and Tobacco Free Coalition,10
The Greyhound Club of America,10
The Institute of Real Estate Management,10
The International Bengal Cat Society,10
The Law Offices of Dale S. Wilson,10
The Legal Aid Society,10
The Los Angeles Coalition for The Economy & Jobs,10
Housing Equality & Advocacy Resource Team (HEART),10
Rancho Southeast Association of Realtors,10
"Honorable Eric Garcetti, Mayor",10
California Independent Telecommunications Companies,10
California Association of Clerks and Elections,10
"California Association of Public Administrators, Public Guardians and Public Conservators",10
California Chapter of the American,10
California Charter Schools Association (CCSA),10
California Community College Board of Governors,10
California Conference of Carpenters,10
California Conference of Local Health,10
California Council for Environmental and Economic Balance (CCEEB),10
California Credit Union League (CCUL),10
California Department of Fair Employment and Housing,10
California Funeral Directors Association (CFDA),10
California Grand Jurors' Association,10
California Hawaii State Conference of The NAACP,10
California Healthcare Institute (CHI),10
California Insurance Wholesalers Association (CIWA),10
California Association for the Education of Young,10
California Large Energy Consumers Association (CLECA),10
California Law Revision Commission (CLRC),10
California League for Environmental Enforcement Now (CLEEN),10
California Lgbtq Health and Human Services Network,10
California Manufacturers Technology Association,10
California Mobilehome Resource & Action Association,10
California Municipal Revenue & Tax Association,10
California New Car Dealers Association (CNCDA),10
California Physical Therapy Association (CPTA),10
California Public Utilities,10
California Reinvestment Coalition (CRC),10
California Rural Assistance Foundation,10
California Rural League Assistance Foundation,10
California State Council of Service Employees International Union (SEIU California),10
California Association for the Education of Young Children (CAEYC),10
California Association Of Joint Powers Authorities,10
Californians Against Red Tape,10
Association California Healthcare Districts,10
Hollister Ranch Owners Association,10
Advanced Microgrid Solutions,10
American Automobile Association,10
American Car Rental Association,10
American College of Obstetricians and Gynecologists (ACOG),10
"American College of Obstetricians and Gynecologists, District IX California",10
American Lhasa Apso Club,10
American Preventive Medical Association,10
"American Shooting Sports Council, Inc",10
American Society of Interior Designers,10
American Utility Management,10
"Asian Pacific Partners for Empowerment, Advocacy and Leadership (APPEAL)",10
Associated Builders and Contractors of,10
Associated General Contractors Of California,10
Association of California State Supervisors (ACSS),10
California Alliance For Retired Americans,10
Bay Area Rapid Transit (BART),10
BizFed - Los Angeles County,10
Board of Registration for Professional Engineers and Land Surveyors,10
Boys & Girls Clubs of The Los Angeles Harbor,10
Brentwood Community Council,10
"Bureau of Missing Heirs, Inc",10
C&C Development,10
CA Association of School Business Officials,10
CA State Association of Counties (CSAC),10
Caduceus Justice,10
Cahto Tribe of Laytonville Rancheria,10
California Abortion and Reproductive Rights Action,10
California Academy of Family,10
California Advocates of Nursing Home Reform,10
California State Firefighters' Association (CSFA),10
California Association for Alcohol and Drug Educators,10
Californians Against Waste,10
"Federation of California Racing Associations, Inc",10
Cushman & Wakefield,10
De Anza College,10
Disability Voices United (DVU),10
Distilled Spirits Council of The United States,10
Dolores Heights Improvement Club,10
East Palo Alto Community Alliance Neighborhood Development Organization,10
Educational Community for Homeowners (ECHO),10
Elections Committee of the County of Orange,10
Electrical Contractors of California Trust,10
Elica Health Centers,10
Embarc,10
Emergency Food Bank Stockton/San Joaquin,10
Encinitas Neighbors Coalition,10
Family Reunification Equity & Empowerment,10
Fire Restoration Group,10
Crime Victims United of California (CVUC),10
Five Keys Schools and Programs,10
Fixing Angelenos Stuck in Traffic,10
Folsom,10
Food Allergy & Anaphylaxis Connection Team,10
Fremont-Rideout Health Group,10
GH Palmer Associates,10
Golden Gate Shih Tzu Fanciers,10
"Golden State Manufactured-Home Owners League, Inc. (GSMOL)",10
Grandma's House of Hope,10
Habitat for Humanity of Orange County,10
Health Access California (HAC),10
Health Trust,10
Californians for Enforcement Reform and Transparency,10
"Highridge Costa Investors, LLC",10
Culturally Responsive Domestic Violence Network (CRDVN),10
Family Builders,10
City of Angels Camp,10
Citizens Protecting San Pedro,10
Coachella Valley Rescue Mission,10
City of Torrence,10
City of King City,10
City of Angels Pomeranian Club,10
Camino Real Siberian Husky Club,10
Citizenship Project,10
Chronic Care Coalition,10
Coalition for Humane Immigrant Rights Los Angeles,10
Christian Church Homes (CCH),10
Children's Advocacy Institute,10
Child Abuse Prevention,10
"Center for Race, Poverty, and The Environment",10
County of San Diego Board of Supervisors,10
Catalyst Housing Group,10
Coalition For Family Equity,10
Coalition For Enhanced Marine Resources,10
Contra Costa Times,10
Coastodian,10
County Alcohol & Drug Program Administrators Association of California,10
Core Affordable Housing,10
Cooperative Restraining Order Clinic,10
Contractors State Licensing Board,10
Contra Costa Association of Realtors,10
Community Homeless Alliance Ministry,10
Coarsegold Resource Conservation District,10
Coalition of Labor Union Women,10
Coalition of California Welfare Rights Organizations (CCWRO),10
Coalition of California Utility Employees,10
Coalition for Natural Health,10
County Welfare Directors Association of California (CWDA),10
Pasadena Humane Society,9
Pacific Association of Domestic Insurance Companies (PADIC),9
Palisades Preservation Association,9
Procter & Gamble Company,9
Planning And Conservation League,9
Orange County Civic Engagement Table,9
Outdoor Industry Association (OIA),9
School Energy Coalition (SEC),9
Orange County Auto Dealers Association,9
Northeast San Fernando Valley Activists,9
North Santa Ana Preservation Alliance,9
Nonprofit Alliance,9
Noe Neighborhood Council,9
New 49'ers,9
Network of Ethnic Physician Organizations,9
Project Homeless Connect,9
Santa Clara County Association of Realtors,9
Psychiatric Physicians Alliance of California (PPAC),9
SF Ocean Edge,9
Neighborhood Housing Services of the Inland Empire,9
Santa Cruz County Breastfeeding Coalition,9
San Francisco Association of REALTORS,9
Saint Francis Foundation,9
Saint Francis Center,9
Sacramento County Deputy Sheriffs' Association (SCDSA),9
Rooted In Resistance,9
Public Employees for Environmental Responsibility (PEER),9
Rincon-Vitova Insectaries,9
Retired Public Employees of San Joaquin County,9
Rescue House,9
Repair Association,9
Remake Irvine Streets for Everyone,9
"Public Risk Innovation, Solutions and Management",9
Neighborhood Partnership Housing Services,9
John Stewart Co,9
National Organization of Women (NOW),9
Laane (Los Angeles Alliance for A New Economy),9
Linda Vista-Annandale Association,9
Legal Aid At Work,9
League of California Cities - Latino Caucus,9
Latino Issues Forum (LIF),9
Lake Tahoe Wildlife Care,9
Labor Council for Latin American Advancement,9
LISC Los Angeles,9
Long Beach Community College Distict,9
Kevin Collins Foundation for Missing Children,9
Keck Medicine of University of Southern California,9
Justice in Aging,9
Japanese Chamber of Commerce,9
"International Health, Racquet and Sportsclub Association",9
Senior Housing Action Collaborative,9
Livable Riverside & Moreno Valley,9
Los Angeles Animal Services,9
National Center for Youth Law,9
Medical Board,9
National Association of Theatre Owners,9
National Association of Environmental Medicine (NAEM),9
Motion Picture & Television Fund,9
Michael J. Fox Foundation for Parkinson's Research,9
Mexican American Legal Defense & Educational Fund (MALDEF),9
Mexican America Legal Defense and Educational Fund,9
McKinsey and Company,9
Los Angeles Unified School District (LAUSD),9
Marvell,9
Mariposa County Resource Conservation District,9
Marin Telecommunications Agency,9
Manilatown Heritage Foundation,9
Major League Soccer,9
Lucerne Valley Economic Development Association (LVEDA),9
Seaside Neighborhood Association,9
WCH Association,9
"Services, Immigrant Rights, and Education Network (SIREN)",9
The Service Employees International,9
"The Village Project, Inc",9
The Urban Wildlands Group,9
The Truck Renting and Leasing Association,9
The Surplus Line Association of California,9
The Southland Corporation,9
The Service Employees International Union,9
The Rural Caucus of the California Democratic Party,9
Translatin@ Coalition,9
The Reverence Project,9
The Pew Charitable Trusts,9
The New American Theatre,9
The National Rifle Association,9
The Money Services Round Table,9
The Marine Mammal Center,9
Transgender Advocacy Group,9
Union of American Physicians and Dentists,9
The Legal Aid Society-Employment Law Center,9
Veterans of Foreign Wars (VFW),9
the State Bar of California,9
"the Center on Race, Poverty & the Environment",9
the California State Bar,9
Western Center On Law & Poverty,9
Humane Society of Sonoma County,9
Vinyl Institute,9
Valley Economic Alliance,9
United Trustees Association (UTA),9
Utility Consumers Action Network (UCAN),9
"Urban Displacement Project, University of California, Berkeley",9
Up for Growth California,9
"University of California, Office of the President",9
University of California Student Association,9
University of California (UC),9
The Leukemia and Lymphoma Society,9
The Laguna Greenbelt,9
Silicon Valley Chamber Coalition,9
The Alliance Supporting People with Intellectual and Developmental,9
The California Alliance for Student Parent Success,9
The Attorney General,9
The American Planning Association,9
The American Association of University Women,9
The Alliance of Western Milk Producers,9
The Alliance for Solar Choice,9
Telacu,9
The California Tax Reform Association,9
Strategic Concepts in Organizing and Policy Education (SCOPE),9
State Building and Construction Trades Council,9
"State Bar, Business Law Section",9
Sperantia Foundation,9
Southern California Rehabilitation Services,9
Silicon Valley Leadership Group,9
The California Reinvestment Committee,9
The Center in Hollywood,9
The LGBTQ Center Long Beach,9
The Health Officers Association of California,9
The LGBT Asylum Project,9
The Justice & Diversity Center,9
The Jamestown Community Center,9
The Hustler Casino,9
The Hood Incubator,9
The Homeless Prenatal Program,9
The Hampstead Companies,9
The Church of Jesus Christ of Latter-Day Saints,9
The Gray Panthers,9
The Glendale City Employees Association,9
The Gas Company,9
The Ecological Options Network,9
The Corky McMillin Companies,9
The Cleaner Air Partnership,9
Inland Valleys Association of Realtors,9
Los Angeles County Professional Peace Officers Association,9
Housing Equality Law Project,9
California School Board Association (CSBA),9
"California Center for Rural Policy, Humboldt State University",9
California Building Industry Association,9
California Attorney Generalos Office,9
"California Association of the Deaf, Inc",9
California Association of Veteran Services Agencies,9
California Association of School Psychologists (CASP),9
California Association of Regional Occupational Centers Programs,9
California Association of Professional Liability,9
"California Association of Licensed Security Agencies, Guards, and Associates",9
California Association of Licensed Investigators (CALI),9
California Association of Joint Powers Agencies,9
California Association of Independent Businesses,9
California Association of County Treasurers and Tax Collectors (CACTTC),9
California Alliance of Child and Family Services,9
California Alliance for Pride and Equity,9
California Coalition For Rural Housing,9
California Coalition for Women Prisoners,9
California Council of Churches Impact,9
California Mobilehome Parkowner's Alliance,9
"California Right To Life Committee, Inc",9
California Renters' Caucus,9
California Renters Legal Advocacy & Education Fund,9
California Political Consulting Group,9
California Partnership to End Domestic Violence,9
California Optometric Association (COA),9
California Mental Health,9
California Environmental Justice Alliance (CEJA),9
California Legislative Action Committee,9
California League of Independent Notaries,9
California Hunger Action Coalition (CHAC),9
California Hispanic Chambers Of Commerce,9
California Geriatric Education Center,9
California Faculty Association,9
Cabrillo Management Corporation,9
CA Public Defenders Association,9
CA Communities Against Toxics,9
Affordable Homes Collaborative,9
Amador LAFCO,9
Alameda County Superior Court,9
"Aids Project, Los Angeles",9
Agricultural Energy Consumers Association (AECA),9
Agora Group,9
African American Tobacco Control Leadership Council,9
Academy of Managed Care Pharmacy,9
"American Federation Of State, County And Municipal Employees, AFL-CIO",9
Abundant Housing LA,9
ASPIRAnet,9
AMCAL Multi-Housing,9
AIDS Healthcare Foundation,9
100% Campaign: Health Insurance for Every California Child,9
Housing And Economic Rights Advocates,9
American Association of Retired,9
"American Federation of State, County and Municipal Employees",9
Build,9
Archaeological Conservancy,9
Bishop Ranch,9
Bike San Diego,9
Bayside Community Center,9
Attorney General's,9
Association of Woodworking and Furnishing Suppliers,9
Association of Certified Family Law Specialists (ACFLS),9
Appliance Recycling Centers of America,9
American Fence Association,9
Angeles Mesa Homeowners Community Group,9
Amigos de Los Rios,9
American Quarter Horse Association,9
American Lung Association - California,9
American Institute of Architects - California Council,9
American Fence Contractors' Association,9
"California Right to Life Committee, INC",9
Bay,9
"California Society for Allergy, Asthma and Immunology",9
FCI Management,9
Friends of Sutro Park,9
Fresno Association of Realtors,9
Food Bank of Contra Costa and Solano County,9
Families of Park Mesa Heights,9
Families United to End LWOP,9
Faith in Action,9
EveryChild Foundation,9
Gathering for Justice,9
Environmental Defense Fund (EDF),9
Engineering Contractors' Association (ECA),9
Engineering & Utility Contractors Association (EUCA),9
Employment Training Panel,9
Elk Grove Chamber Of Commerce,9
Economy,9
Fuel Cell and Hydrogen Energy Association,9
Geothermal Resources Council,9
EMS Medical Directors Association of California,9
High-Tech Trust Coalition,9
Hopics,9
California Society of Dentist Anesthesiologists,9
"Honorable John Chiang, California State Controller",9
Home Warranty Association of California,9
Home Builders Association of The Central Coast,9
Hillsborough,9
Health Officers Association of California (HOAC),9
Grace,9
Habitat for Humanity of Greater Los Angeles,9
Greater San Fernando Valley Chamber Of Commerce,9
Greater Pasadena Jews for Justice,9
Greater Los Angeles African-American Chamber of Commerce,9
Greater Huntington Park Area Chamber of Commerce,9
Greater Eureka Chamber of Commerce,9
East Bay Children's Law Office,9
Glendale Successor Agency,9
Dream Corps,9
Chase Communications,9
"Central Labor Council of Contra Costa County, AFL-CIO",9
Center on Reproductive Rights and Justice,9
Center for Science in The Public Interest,9
"Cat Fanciers' Association, Inc",9
Cat Fanciers' Association,9
Cambrian Center,9
Californians for Affordable Health Reform (CAHR),9
California Youth Connection (CYC),9
California WALKS,9
California United for a Responsible Budget (CURB),9
California State Council of Service Employees International Union (SEIU),9
California State Association of Public,9
Doctors' Company,9
California Society of Hospital Pharmacists,9
California Society of Enrolled Agents (CSEA),9
Chamber of Commerce of West Covina,9
Californians for Quality Early Learning,9
City of LA Mirada,9
County Welfare Directors Association,9
Dependency Legal Services,9
Department of Motor Vehicles (DMV),9
Desert Water Agency (DWA),9
Cystic Fibrosis Research Institute,9
Critical Resistance Los Angeles,9
County Welfare Directors' Association,9
Crop Organization,9
County Health Executives Association of CA,9
Council for a Green Environment,9
Contractors' State License Board (CSLB),9
Community Action Partnership of Madera County,9
Committee to Save the Hollywoodland Specific Plan,9
Coalition Of California Utility Employees,9
San Mateo County Farm Bureau,8
San Diego Habitat for Humanity,8
San Luis Obispo Mobilehome Residents Assistance Panel,8
San Joaquin Hispanic Chamber of Commerce,8
San Francisco AIDS Foundation,8
San Fernando Valley Interfaith Council,8
San Elijo Lagoon Conservancy,8
"San Diego, Southern California, and Central California Chapters of Associated Builders and Contractors",8
San Diego Humane Society,8
Resident United Network,8
San Diego East County Economic Development Council,8
Salvadoran-American Leadership and Educational Fund,8
Salef,8
Sacramento Loaves & Fishes,8
Redwood Coast Watersheds Alliance,8
Renfrew Center for Eating Disorders,8
Rehabilitation Services of Northern California,8
Public Interest Law Project,8
Santa Clara Open Space Authority,8
Santa Clara County Office of Education,8
South Orange County Democratic Club,8
Santa Cruz Chamber of Commerce,8
South Bay Afl-cio Labor Council,8
Student Senate for California Community Colleges,8
PolicyLink,8
State Council on Developmental Disabilities,8
Sportfishing Conservancy of California,8
Southeast Torrance Homeowners' Association,8
South Yuba River Citizens League (SYRCL),8
South Bay Cities Council Of Governments,8
South Bay Association Of Chambers Of Commerce,8
Snack Food Association,8
Santa Cruz County Community Coalition to Overcome Racism,8
Sickle Cell Disease Foundation of California,8
Services Employees International Union (SEIU),8
Service Employees' International Union,8
Service Employees International Union,8
Semiconductor Equipment and Materials International (SEMI),8
Schwarzenegger Administration,8
School Employers Association of California (SEAC),8
Schneider Electric North America,8
Protection & Advocacy Inc.,8
Los Angeles Unified School,8
Pilgrim Place,8
Los Angeles Worker Advocates Coalition,8
Mortgage Association of California (MAC),8
Military Officers Association - California Council of Chapters,8
Metro United Methodist Urban Ministry,8
Media Coalition,8
Mayor of San Jose Sam Liccardo,8
Mar Vista Community Council,8
Manufactured Housing Action,8
Lucerne Valley Economic Development Association,8
Los Angeles Universal Preschool,8
Peoples' Self Help Housing,8
Los Angeles Police Protective League (LAPPL),8
Los Angeles Police Protective League,8
Los Angeles Painting & Finishing Contractors Association,8
Los Angeles Opportunities Industrialization Center,8
Los Angeles County Office of Education,8
Los Angeles County Office Of Education,8
Los Angeles Continuum of Care,8
Sweetleaf Collective,8
Motion Picture Association of,8
National Anti-Vivisection Society,8
National Asian Pacific American Families Against Substance Abuse (NAPAFASA),8
National Association of Insurance and Financial,8
People for The Ethical Treatment of Animals (PETA),8
Peninsula Young Democrats,8
Pathways of Hope,8
Palm Desert Area Chamber Of Commerce,8
One East Palo Alto,8
Older Women's League (OWL),8
Ocean Science Trust,8
North of Montana Association,8
North East Mission Business Association,8
Nibbi,8
New Energy Ventures,8
Natural Resources Defense Council (NRDC),8
Long Beach Gay & Lesbian Chamber of Commerce,8
National Independent Automobile Dealers Association,8
National Hockey League,8
National Federation of Independent Businesses (NFIB),8
National Equity Fund,8
Suicide Prevention Advocacy Network,8
Victoria/54th Ave Block Club,8
The ARC California,8
The Western States Council of Sheet Metal Workers,8
United Neighbors in Defense Against Displacement,8
United Doughnut Hole Owners Property Association,8
United Chamber Advocacy Network (UCAN),8
Ultimutt Pet Spa in Ojai,8
Tri-City Mental Health Authority,8
Transbay Joint Powers Authority,8
The Wonderful Company,8
The Williams Companies,8
The Valley Economic Alliance,8
Urban Counties Of California,8
The Urban Collaborative Project,8
The Union of American Physicians and Dentists,8
The Surfrider Foundation,8
The Story Of Stuff Project,8
The San Diego River Park Foundation,8
The San Diego Foundation,8
The Riley Center,8
"The Permanente Medical Group, Inc",8
United States Veterans Initiative,8
Valley Builders Exchange,8
The Advocacy Group,8
Western Mobilehome Association (WMA),8
the San Bernardino County Sheriff,8
Xerces Society for Invertebrate Conservation,8
Women's Economic Agenda Project,8
Women's Building,8
Women Organizing Resources Knowledge and Services,8
"Western States Council Sheet Metal, Air, Rail And Transportation",8
Western Occupational and Environmental Medicine Association,8
Western Occupational and Environmental Medical Association (WOEMA),8
Western Electrical Contractors Association (WECA),8
Valley Trauma Center,8
Watereuse Association,8
WORKS,8
Vietnam Veterans of San Diego,8
"Vietnam Veterans Of America, California State Council",8
Veterans Democratic Club of Sacramento County,8
Ventura County Community Development Corporation,8
Venice Cookie Co,8
Vanished Children's Alliance,8
The Office of the Attorney General,8
The North Coast Stream Flow Coalition,8
The Newport Conservancy,8
The Balloon Council,8
The California State PTA,8
The California Parks Company,8
The California Manufacturers and Technology Association,8
"The California Labor Federation, AFL-CIO",8
The California Chapter of the American College of Emergency Physicians,8
The California Attorney General,8
The California Alliance Against Domestic Violence,8
The Better World Group,8
The Associated Builders and Contractors of,8
The National Tax-Limitation Committee,8
The Ark Trust,8
The American Legion-Department of California,8
The American Insurance Association,8
The American Institute of Architects,8
The American College of Obstetricians,8
The American College of,8
The American Academy of Pediatrics,8
The American,8
The California Women's Law Center,8
The Children's Advocacy Institute,8
"The Climate Reality Project, California Coalition",8
The County Welfare Directors Association,8
The National Federation of Independent Business,8
The Mission Economic Development Agency,8
The Maintenance Cooperation Trust Fund,8
The Loftin Firm,8
The Lighthouse Group,8
The Liberty Mutual Group,8
"The Laguna Greenbelt, Inc",8
The Institute for Advanced Study of Human Sexuality,8
The Inland Empire Immigrant Youth Collective,8
The Independent Employees of Merced County (IEMC),8
The Greenlining Coalition,8
The Greater Los Angeles Collective Alliance,8
The Governor's Office,8
The Fund for,8
The Fountain Theatre,8
The East Cut Community Benefit District,8
The Department of Insurance,8
Los Angeles City College,8
National Tour Association,8
Lion Electric Co,8
California County Superintendents Educational,8
California Mobilehome Parkowners,8
California Manufactures and Technology Association (CMTA),8
California Judgment Preservation Alliance,8
California Immigrant Welfare Collaborative (CIWC),8
California Grocers Association (CGA),8
California Family,8
California Educational Peace Officers Association,8
California Dental Hygienist Association,8
California Conference Board of Amalgamated,8
California Part-Time Faculty Association,8
California Coalition of Utility Employees (CCUE),8
California Coalition of Accredited Career Schools,8
California Coalition for Sheriff Oversight,8
California Coalition For Youth,8
California Chapter of the National Emergency Number Association (CALNENA),8
California Cannabis Industry Association,8
California Builders Exchange,8
California Automatic Fire Alarm Association,8
California Native Plant Society (CNPS),8
California Partnership to end Domestic Violence,8
Chance Theater,8
California State Horseman's Association,8
Center for HIV Law and Policy,8
Center For Public Interest Law,8
"Center For Oceanic Awareness, Research, And Education",8
Casa Pacifica,8
Carpet and Rug Institute,8
Californians Together,8
California for Disability Rights,8
California Transit Association (CTA),8
California State Council Of Service Employees,8
California Police Chiefs Association,8
California State Chamber of Commerce,8
California State Board of Guide Dogs for the Blind,8
California State Association of Counties,8
California Staffing Professionals (CSP),8
California Society of Health-System Pharmacists (CSHP),8
California School Boards Association,8
California Real Estate Disclosure Association,8
California Psychiatric Association (CPA),8
California Association of Public Authorities for Ihss,8
California Association of Professional Liability Insurers (CAPLI),8
California Association of Medical Laboratory Technology,8
American College of Obstetricians and Gynecologist,8
Archdiocese of San Francisco,8
American Occupational Therapy Association,8
American Institute of Certified Public Accountants,8
American Fox Terrier Club,8
"American Federation of State, County and Municipal Employees, AFL-CIO",8
"American Federation of State, County and Municipal Employees (AFSCME), Afl-cio",8
American Federation of State County & Municipal Employees,8
"American Federation Of State, County And Municipal Employees, Afl-Cio",8
Alpha Construction Company,8
"California Association of Licensed Security Agencies, Guards and Associates (CALSAGA)",8
Alliance for California Computing Education for Students and Schools,8
All of US or None,8
All Of Us Or None,8
Agricultural Council Of California,8
Advanced Energy Economy (AEE),8
Aapis for Civic Empowerment Education Fund,8
AYPAL,8
LifeMoves,8
Armed Forces Retirees Association of California (AFRAC),8
Association Of California School Administrators,8
Association of American University Women,8
Association of Municipal Court Clerks of California,8
California Association of Health Underwriters,8
California Association for Counseling and Development (CACD),8
California Alliance for Pride and Equity (CAPE),8
California Agents & Health Insurance Professionals (CAHIP),8
CERES,8
CA Pan-Ethnic Health Network,8
CA Association of Highway Patrolmen,8
By the Beach Tamarack Group,8
Butte-Glenn Medical Society,8
Brown Boi Project,8
Black Property Owners Association,8
Biomass Coordinating Council,8
Bay Area Clean Water Agencies,8
Bakersfield ARC,8
BF Goodrich Company,8
Avid Center,8
Automotive Repair Coalition (ARC),8
Center of Policy Initiatives,8
CALASIAN Chamber of Commerce,8
Chevron Companies,8
Girl Scouts,8
Greyhound Club of America,8
Greenspace - The Cambria Land Trust,8
Grassroots Leadership Network of Marin,8
Governor's Office of the Secretary of Education,8
Good Sam Club,8
Golden State Builders Exchanges (GSBE),8
Golden Retriever Club of America,8
Glide Foundation,8
Gay Asian Pacific Alliance,8
Habitat for Humanity of Greater San Francisco,8
Frente Indigena de Organizaciones Binacionales,8
Foundation for Osteoporosis Research and Education,8
Fly Fishers of Davis,8
Fireman's Fund Insurance Companies,8
Financial Planning Association,8
"Federation of Hillside and Canyon Associations, Inc",8
Federation of Exchange Accommodators,8
Fashion Institute of Design and Merchandising,8
Guardian Life Insurance Company of America,8
Half Moon Bay Brewing Company,8
Equal,8
Irish Water Spaniel Club of America,8
Chief Executive Officers of the California Community,8
Leimert Park - Edgehill Drive Residents Association,8
League of Women Voters of Sonoma County,8
Law Enforcement Accountability Network,8
Landwatch Monterey County,8
LGBTQ Center Long Beach,8
LA Human Right to Housing Collective,8
Jed Foundation,8
International Corporate Accountability Roundtable,8
Health Consumer Alliance,8
Inspired ADUs,8
Independent Employees of Merced County (IEMC),8
Immigrant Legal Resource Center,8
Housing is a Human Right Orange County,8
Housing Authority of the County of Alameda,8
Hollywood Property Owners Alliance,8
Holly Place,8
Hitzke Development Corporation,8
Farmworker Institute for Education and Leadership,8
"Highridge Costa Housing Partners, LLC",8
Environmental Priorities Network,8
Coalition for Auto Repair Equality,8
Community Overcoming Relationship Abuse (CORA),8
Community Loan Fund,8
Community Coalition on High Speed Rail,8
Community Associations Institute (CAI),8
Community Association Institute (CAI),8
Community Alliance with Family Farmers (CAFF),8
Communities United CD7,8
Coalition of California Utility Employees (CUE),8
Coalition For Renewable Natural Gas,8
Consumer Electronics Retailers Coalition,8
"Climate Reality Project, San Diego",8
City and County of San Francisco,8
City Of Sacramento,8
Citizen Marin,8
Children's Fund,8
Child Abuse Prevention Center (CAP Center),8
English Setter Club of New England,8
Chief Probation Officers of CA,8
Construction Materials Association of California (CMAC),8
Coalition for Supportive Housing,8
Consumer for Auto Reliability and Safety,8
Dr. Susan Love Research Foundation,8
Empowering Marginalized Asian Communities,8
Emf Safety Network,8
"County of Yolo, Board of Supervisors",8
Ella Baker Center For Human Rights,8
Electronic Frontier Foundation (EFF),8
East Yard Communities For Environmental Justice,8
East Bay Alliance for a Sustainable Economy (EBASE),8
EAH Housing (San Rafael),8
East Bay Community Law Center,8
Department of Health Services (DHS),8
"Deaf Counseling, Advocacy, and Referral Agency",8
Cypress,8
Culturally Responsive Domestic Violence Network,8
Csac,8
Dog Adoption and Welfare Group,8
Covello Group,8
Court Appointed Special Advocates,8
Santa Barbara ChannelKeeper,7
San Francisco Supervisor Malia Cohen,7
San Diego County Water Authority (SDCWA),7
Santa Cruz County Mobile and Manufactured Home Commission,7
San Francisco Council of District Merchants Association,7
San Francisco Council of District Merchants Associations,7
San Luis Obispo Housing Trust Fund,7
San Francisco Unified School District (SFUSD),7
San Mateo County Democratic Party,7
Santa Ana Police Officers Association,7
Sacramento Steps Forward,7
Safari Club International (SCI),7
Riverside County School Superintendents Association,7
Sacramento Metro Advocates for Rail and Transit,7
Sacramento Food Bank and Family Services,7
Sacramento Association of Realtors,7
SV@home Action Fund,7
SIREN,7
Riverside County Schools Advocacy Association (RCSAA),7
RightWay Foundation,7
Retired Officers Association,7
Reproductive Health Access Project (RHAP),7
Securities Industry and Financial Markets Association (SIFMA),7
Responsible Industry for a Sound Environment (RISE),7
Science Applications International Corporation,7
Statewide Taskforce on Accessing Health Services for California Children in Foster Care,7
Senior Housing Action Collaborative (SHAC),7
Southern California Chinese Lawyers Association,7
Teamsters Union,7
Redwood Coast Rural Action,7
TRANSform,7
T.r.u.s.t. South LA,7
Suburban Alternatives Land Trust,7
Stop LAPD Spying Coalition,7
Spur,7
Southwood Homeowners Association,7
Southern California Legislative Council,7
Southern California Institute for Reproductive Sciences,7
Southern California Chapter of Associated Builders and Contractors,7
Sheriff of Alameda County,7
Southern California Broadcasters Association,7
South Bay Residents for Responsible Development,7
"Society of the Plastics Industry, Inc",7
Social Compassion in Legislation,7
Sierra North Valley Realtors,7
Sierra Economic Development District,7
Siefel Consulting,7
Side by Side,7
Sheriff of Shasta County,7
Sheriff of Santa Cruz County,7
Renewable Fuels Association,7
Medical Imaging & Technology Alliance,7
Protect Our Watershed,7
Protect Our Communities Foundation,7
New Livable California dba Livable California,7
National Victim Center,7
National Ski Areas Association,7
National Health Care for the Homeless Council,7
National Electrical Manufacturers Association (NEMA),7
National Center for Law and Policy,7
National Cartoonists Society,7
National Association of Minority Contractors,7
National Association of Insurance and Financial Advisors of California (NAIFA-California),7
National Association of Independent Insurers (NAII),7
Napa Housing Coalition,7
Napa County Democratic Central Committee,7
NCB Capital Impact,7
Metropolitan Transportation Commission,7
"Media Coalition, Inc",7
Marshal's Association of California,7
Lutheran Office Of Public Policy - California,7
Los Angeles County Board of Supervisors,7
Los Angeles City Councilmember Paul Koretz,7
Long Beach Police Officers Association,7
Livable Pasadena,7
Lisc Bay Area,7
The ARC,7
NextGen California,7
Nicole Brown Simpson Charitable Foundation,7
North Valley Housing Trust,7
Paulett Taggart Architects,7
Professional Peace Officers' Association,7
Professional Engineers In California Government,7
Pro-Family Law Center,7
PrefabADU,7
Physician Assistant Examining Committee,7
Petaluma Pie Company,7
Personal Assistance Services Council of Los Angeles County,7
People for Housing Oc,7
People for Housing OC,7
Peninsula,7
Parsons Corporation,7
Oakland Firesafe Council,7
Parent Institute for Quality Education (PIQE),7
Paradise Association of Realtors,7
Pacific Coast Legacy Emissions Action Network,7
PIER 39,7
OutBack Power,7
Orcutt Ranch Home Owners Association,7
Orange County Veterans and Military Families Collaborative,7
Orange County Communities Organized for Responsible Development (OCCORD),7
Office of Governor Gray Davis,7
Oceans Conservancy,7
Technology Credit Union,7
Ventura County Housing Trust Fund,7
The Alliance for Boys and Men of Color,7
The American Civil Liberties Union of California,7
"United Food And Commercial Workers, Western States Council",7
United Domestic Workers (UDW),7
U.S,7
Tribal Alliance of Northern California,7
Town of Los Altos Hills,7
Tolowa Dee-Ni' Nation,7
The Williams Institute,7
The West Contra Costa Alcohol Policy Coalition,7
The University of Southern California,7
The Travel Technology Association,7
The Transit Coalition,7
The South Bay AFL-CIO Labor Council,7
"The Society of the Plastics Industry, Inc",7
The Society of the Plastics Industry,7
The Small School Districts' Association,7
The Small Business Connection,7
The San Joaquin Valley Housing Collaborative,7
The San Diego Mountain Biking Association,7
The Samoyed Club of Los Angeles,7
The Riverside Sheriffs Association,7
The Restaurant Opportunity Center of the Bay,7
The Paparazzi Reform Initiative,7
The Nonprofit Alliance,7
United Methodist Church,7
United Nurses Association of California (UNAC),7
"United Transportation Union, AFL-CIO",7
Westside Center for Independent Living,7
the bill,7
the Women's Foundation of California,7
the Ceres Community Project,7
Yolo Land Trust,7
Woodstock Institute,7
Woodland Hills Homeowners Organization,7
Women's Center - Youth & Family Services,7
Wind Youth Services,7
"William S. Graham Foundation for Melanoma Research, Inc",7
Westside Young Democrats,7
Western Manufactured Housing,7
University Of California Student Association,7
"Western Chapter, International Society of Arboriculture",7
Wall And Ceiling Alliance,7
Voices For Progress,7
Vital Immigrant Defense Advocacy and Services (VIDAS),7
View Heights Block Club,7
Ledford Enterprises,7
Valley Restart Shelter,7
Valley Beth Shalom- Homelessness Task Force,7
Urban Releaf,7
University of California Graduate and Professional Council,7
The National Housing Law Project,7
The National Guard Association of California,7
The National,7
The California Naturopathic Doctors Association,7
The Church State Council,7
"The Children's Collective, Inc",7
"The Children's Clinic, Serving Children & Their Families",7
The Chance Theater,7
The Center on Juvenile and Criminal Justice,7
The Center for Food Safety,7
The Catalyst Foundation,7
The California Water Association,7
The California State Pipe Trades Council,7
The California Respite Association,7
The California Mental Health Directors,7
"The Climate Reality Project, Silicon Valley",7
The California Dental Association,7
The California Assisted Living Association,7
The Automobile Club of Southern California,7
The Authors Guild,7
The Association of California Life and Health Insurance,7
The Association of California Commissions for Women,7
The American Waterways Operators,7
The American River Conservancy,7
"The American Federation of State, County, and Municipal Employees",7
The American Council,7
The City of Lakewood,7
The Climate Registry,7
The Midnight Mission,7
The Greater Conejo Valley Chamber of Commerce,7
The Michael J. Fox Foundation for Parkinson's Research,7
The Los Angeles Alliance for a New Economy,7
The Life Settlement Institute,7
The Latina Center,7
The Land Trust of Napa County,7
The LINKUP,7
The LGBTQ Community Center of the Desert,7
The Kern Audubon Society,7
"The Honorable Eric Garcetti, Mayor",7
"The Honorable Betty T. Yee, California State Controller",7
The Giving Keys,7
The Coalition of California Welfare Rights Organizations,7
The German Shepherd Rescue of Orange County,7
The Flannery Group,7
The First Unitarian Universalist Society of San Francisco,7
The Episcopal Home Communities,7
The Employers Group,7
The Emerald Exchange,7
The Education Trust West,7
The Doris Tate Crime Victims Bureau,7
The Dial Corporation,7
The Consumer Federation of California,7
Legal Services for Prisoners With Children,7
PODER San Francisco,7
League of Women Voters of Marin County,7
California Naturopathic Association,7
California Metals Coalition (CMC),7
California Manufacturers And Technology Association,7
California Major Risk Medical Insurance Board,7
California League of Conservation Voter,7
California Landscape Stewardship Network,7
California Land Surveyors Association (CLSA),7
California Grain Feed Association,7
California Fraternal Order of Police,7
California Federal of Teachers,7
California Department of Fish and Wildlife,7
California Council For Adult Education,7
California Correctional Supervisor's Organization,7
California Communiity Builders,7
California Commission On The Status Of Women,7
California Collaborative for Long Term Services and Supports,7
California Coalition for Rural Housing,7
California Climate and Agricultural Network,7
California Chiropractic,7
California Board of Accountancy (CBA),7
California Association of Real Estate Brokers (CAREB),7
California Association of RV Parks and Campgrounds,7
California Association of Psychiatric Technicians (CAPT),7
California Association of Professional Scientist (CAPS),7
California Mobilehome Resource and Action Association (CMRAA),7
California Newspaper Publishers' Association,7
Cherrywood Leimert Park Block Club,7
California Office to Reform Education,7
Chamber of Commerce of the Santa Barbara Region,7
Century Council,7
Centro Binacional para el Desarrollo Indigena Oaxaqueno,7
Central Coast Environmental Voters,7
Center on Reproductive Rights and Justice At Berkeley Law,7
Center for LGBTQ Economic Advancement & Research,7
Center for Energy Efficiency and Renewable Technologies (CEERT),7
Center For Community Action And Environmental Justice,7
Center For California Homeowner Association Law,7
Care Community Land Trust,7
Capital City Solar,7
Campaign For California Families,7
California's Independent Telecommunications Companies (CITC),7
"California Women, Infants and Children Association",7
California Women's Law Center (CWLC),7
California Travel Park Association,7
California Stem Network,7
California Statewide Law,7
California State Council Of SHRM,7
California Society of Professional Engineers (CSPE),7
California Retired County Employees Association (CRCEA),7
California Psychological,7
California Organized Investment Network (COIN),7
California Association of Professional Scientist,7
California Association of Physicians Groups,7
California Association of Physician Groups (CAPG),7
California Association of Naturopathic Physicians,7
American Society of Interior Designers (ASID),7
American Public Works Association,7
American Property Casualty Insurance Association (APCIA),7
American Naturopathic Medical Association,7
"American Legion, Department Of California",7
American G.I. Forum Of California,7
American Friends Service Committee (AFSC),7
"American Federation of State, County, Municipal Employees (AFSCME)",7
"American Federation State, County and Municipal Employees",7
"American College of Emergency Physicians, California State",7
American Brotherhood Aimed Towards Education,7
Amcal,7
Amber Foundation,7
Alliance of Californians for Community Empowerment (acce Action),7
Alameda County Transportation Authority (ACTA),7
"Afscme, Afl-cio",7
Advanced Vapor Devices,7
Acupuncture and Integrated Medicine Specialists,7
Action for the Climate Emergency,7
Action Center on Race and the Economy,7
AIDS Legal Referral Panel (ALRP),7
"AFT Guild, Local 1931",7
League of Women Voters of California,7
Aspira Net,7
Asset Policy Initiative of California (APIC),7
Association of American Publishers (AAP),7
CA Safe Schools,7
California Association of Mortgage Professionals,7
"California Association of Licensed Security Agencies, Guards & Associates (CALSAGA)",7
California Association of Homes & Services for the Aging,7
California Association of Administrators of State and Federal Education Programs,7
California Alliance for Public Safety Communications,7
California Alliance for Inclusive Communities,7
Calif. State Assn. of Counties,7
Cahill Contractors,7
Cachil Dehe Band of Wintun Indians,7
CHA,7
CA Rethink Disposables,7
Attorney General (AG),7
CA Environmental Rights Alliance,7
CA Association of County Veterans Service Officers,7
Bureau of Automotive Repair,7
"Building Industry Association of Southern California, Orange County Chapter",7
"Building Industry Association of Southern California, Los Angeles & Ventura Chapter",7
BuildStrong California,7
Build Affordable Faster California,7
Bikeventura,7
Big Fresno Fair,7
BEAR League,7
Chateau Calistoga Homeowner's Organization,7
California Association for Health Services at home,7
Citrus Valley Association of Realtors,7
"Food for People, the Food Bank of Humboldt County",7
Hilton Grand Vacations Company,7
Hearing Aid Dispensers Examining Committee,7
Hanson Bridgett,7
Habitat for Humanity Greater Los Angeles,7
Habitat For Humanity East Bay/Silicon Valley,7
HOPICS,7
Guam Communication Network,7
Greenbridge Corporate Counsel,7
Grandparent Autism Network,7
"Goodwill Industries of San Francisco, San Mateo and Marin Counties",7
Golden 1 Credit Union,7
"Gay, Lesbian and Straight Education Network",7
Fund For Animals,7
Fuel Cell Energy,7
Friends Committee on Legislation of California,7
Fresno Police Officers Association (FPOA),7
French Bulldog Club of America,7
Fraternal Order of Police (FOP),7
Franchise of Americans Needing Sports,7
Franchise Tax Board (FTB),7
Fountain Valley Estates Homeowners Association,7
Foundation on Economic Trends,7
Foundation for Taxpayers and Consumer Rights,7
Hispanas Organized For Political Equality (Hope),7
Historic Downtown Los Angeles Business Improvement District,7
Housing Choices Coalition,7
"Kennedy Commission, Lake Forest",7
League of Women Voters Of California,7
"City of Los Angeles Mayor, Eric Garcetti",7
"League of Humane Voters, California Chapter",7
"League of California Cities, San Diego County Division",7
League of California Cities Central Valley Division,7
"Leaders for Ethics, Animals, and the Planet (LEAP)",7
Lawyers' Committee for Civil Rights Under Law,7
La Colectiva De Mujeres,7
"LGBTQ+ Inclusivity, Visibility, and Empowerment (LIVE)",7
Klaas Foundation for Children,7
Keeping Our Families Together,7
Housing Is a Human Right,7
Justice Project,7
Justice In Aging,7
Jewish Federation,7
International Jewish Anti-Zionist Network,7
International Federation of Professional and Technical Engineers,7
"International Association of Sheet Metal, Air, Rail, and Transportation Workers",7
Independent Roofing Contractors of California,7
Immigrant Legal Resource Center (ILRC),7
ICON Builders,7
Hyde Park Organizational Partnership for Empowerment,7
Foundation for Allied Dental Education,7
Housing Authority of the City of San Buenaventura,7
Fish Sniffer,7
Department of Fair Employment and Housing (DFEH),7
Cronos Group,7
County of Tuolumne Board of Supervisors,7
County Connection,7
Council of State Governments,7
Corporation for Education Network Initiatives in California (CENIC),7
Contractor's State License Board,7
Contra Costa AFL-CIO Labor Council,7
Consumer Federation Of California,7
Consumer Credit Industry Association,7
Compassion & Choices Action Network,7
Community Church,7
Communities United for Restorative Youth Justice,7
Colliers International,7
"Collie Club of America, Inc",7
Coalition to Save Ocean Beach,7
Coalition of Welfare Rights Organizations,7
Coalition for Humane Immigrant Rights,7
Climate Reality Project,7
Classical Academies,7
City of Wheatland,7
Financial Counseling Association of America,7
City of Truckee,7
City of Tiburon,7
Deaf Counseling Advocacy & Referral Agency,7
Construction Industry Legislative Council (CILC),7
Department of Information Technology,7
Electronic Data Systems (EDS),7
Federation for American Immigration Reform (FAIR),7
Fathers' Rights and Equality Exchange,7
Fastenau & Associates,7
Farmworker Institute of Education and Leadership Development,7
Family Economic Security Partnership,7
Fair Lending Alliance,7
FAIR Foundation,7
Escondido Neighbors United,7
Equity Community Builders,7
Environmental Science Associates,7
Employment Development Department (EDD),7
Experimental Aircraft Association,7
Drug Policy Alliance,7
Elder Financial Protection Network,7
Direct Marketing Association (DMA),7
El Cajon Municipal Court,7
Echo Park Community Coalition,7
East Bay Municipal Utilities District (EBMUD),7
Disease Management Association of America,7
EMPHESYS/Employers Health Insurance,7
Electrical Contractors Of California Trust,7
Solar Sonoma County,6
Seifel Consulting,6
Senior Housing Action Committee,6
Seniors Coalition,6
Seniors Council/Area Agency on Aging of Santa Cruz and San Benito Counties,6
Showing up for Racial Justice San Diego,6
Service Corporation International (SCI),6
Shasta Builders' Exchange,6
Silicon Valley at Home (Sv@Home),6
Sobrato Early Academic Language (SEAL),6
Santa Monica Residents Cross-City,6
Soma Pilipinas Filipino Cultural Heritage District,6
Scope,6
Saje,6
"Sandpiper HOA, Carpinteria",6
San Joaquin Valley Housing Trust,6
San Gabriel Valley Education Coalition,6
San Francisco Planning and Urban Research,6
San Francisco Black & Jewish Unity Coalition,6
San Diego Housing Federation,6
"San Diego Board of Supervisor, Nathan Fletcher",6
Salt & Light Council,6
Sacramento Area Speech & Hearing Association,6
Safety Employees' Benefit Association,6
Sacramento County Alliance of Law Enforcement,6
SPCA of Monterey County,6
Special Needs Network (SNN),6
SVAngel,6
Southern California Alliance of Law Enforcement (SCALE),6
The Area Agency on Aging Council of California,6
"State Bar of California, Conference of Delegates",6
"State Bar, Family Law",6
The Black AIDS Institute,6
The Bail Project,6
Root & Rebound,6
The Avanti Foundation,6
The Atrium,6
The Association of Settlement Companies,6
The Association of California School Administrators (ACSA),6
The Arc of Riverside County,6
The Arc and United Cerebral Palsy California,6
The Appraisal Institute,6
The American Electronics Association,6
"The American Congress of Obstetricians and Gynecologists, District IX",6
The Alzheimer's Association,6
The Alliance of American Insurers,6
The Alliance Supporting People with Intellectual and Developmental Disabilities,6
The Agricultural Council of California,6
The Adult Skills Center,6
The Achievable Foundation,6
"Terner Center For Housing Innovation At The University Of California, Berkeley",6
TRANSFORM,6
T.R.U.S.T South LA,6
Sustainability Management Association,6
"Surfrider Foundation, Malibu Chapter",6
Supporting Initiatives to Redistribute Unused Medication,6
Superior Court of Los Angeles,6
Successful Reentry,6
State Independent Living Council (SILC),6
SF Yimby,6
National Association of Letter Carriers,6
Rodeo Estates Residents Association,6
Northern California Guides and Sportsmen's Association,6
Non-Bank Funds Transmitters Group,6
New Livable California DBA Livable California,6
Nevada County Contractors' Association,6
Neighborhood Legal Services of Los Angeles,6
National Veteran Business Development Council,6
National Small Business Advocacy Council,6
National Private Truck Council (NPTC),6
"National Lawyers Guild, Labor and Employment Committee",6
National Italian American Foundation,6
National Housing Law Project,6
National Economic Development & Law Center,6
National Council of la Raza,6
National Council of La Raza,6
National Coalition for the Homeless,6
National Basketball Players Association,6
"National Association of Social Workers, California Chapter",6
National Association of Mutual Insurance Companies (NAMIC),6
National Association of Counsel for Children,6
National Alliance to End Homelessness,6
Napa Valley Telecom Services (NVTS),6
Mutual,6
Mothers Against Prescription Drug Abuse,6
Mosquito and Vector Control Association of California (MVCAC),6
Monterey County Association of Realtors,6
Mobilehome Parks Alliance,6
Military Order of the Purple Heart (MOPH),6
The California Abortion and Reproductive Rights Action,6
Northern California Golf Association (NCGA),6
Northern California Latin Business Association,6
Rock Found,6
Northern California Water Association (NCWA),6
Riverside County School Superintendents' Association (RCSSA),6
"Reuben, Junius & Rose, LLP",6
Recycled Materials Association - West Coast Chapter,6
Ranch Club Homeowners Association,6
Quality Conservation Services,6
Public Employees' Retirement System (PERS),6
Professional Association for Childhood Education (PACE),6
Prisoner Hunger Strike Solidarity Coalition,6
Pomona United for Stable Housing,6
Polaris Pacific,6
Plastic Shipping Container Institute (PSCI),6
Planning Association for The Richmond,6
Physicians For Social Responsibility - San Francisco Bay Area Chapter,6
Phosphate Ester Flame Retardant Consortium,6
People's Self-help Housing Corporation,6
Pasadena Humane Society and SPCA,6
Parker,6
Palo Alto Forward,6
Packet Clearing House,6
Pacific Urbanism,6
Pacific Institute for Community Organization (PICO),6
POWER,6
PICO California,6
Outback Power,6
Office of the Attorney General,6
Ocean Protection Coalition,6
Oakland Mayor Libby Schaaf,6
The Blue Star Moms,6
Watershed Research and Training Center,6
The California Alliance For Consumer Protection,6
Tuolumne County Association of Realtors,6
Toy Association,6
Torrance Area Chamber Of Commerce,6
Tobacco Institute,6
The Youth Law Center,6
The Women's Foundation California,6
The Women's,6
"The Wilson Group, LLC",6
The Violence Prevention Coalition of Greater Los Angeles,6
The Veterinary Medical Board,6
The Valley Industry and Commerce Association,6
The United Farm Workers,6
The United Chambers of Commerce of the San Fernando Valley,6
The Teamsters Union,6
The TMJ Society of California,6
The State Controller's Office,6
The State Bar,6
The Solis Group,6
The San Francisco Consortium for Elder Abuse Prevention,6
The San Francisco Bay Joint Venture,6
The San Diego Lgbt Community Center,6
The Riley Center of St. Vincent De Paul Society,6
The Rescue Train,6
The Repair Association,6
The Place4Grace,6
The Pacific Institute for Community Organization,6
The Older Women's League of California,6
The Older Women's League,6
Trinity Respecting Earth and Environment,6
Twin Pines Cooperative Foundation,6
The California Applicants' Attorneys Association,6
UDW/AFSCME Local 3930,6
MidPeninsula Regional Open Space District,6
the Warner Bros. Discovery,6
the Grow the Richmond,6
the Association of Regional Center Agencies,6
"for Animals, Inc",6
Youth on Course,6
Young Women's Freedom Center,6
YWCA San Francisco and Marin,6
Women's International League for Peace and Freedom -- Fresno,6
"Women Organizing Resources, Knowledge, and Services",6
Women Construction Owners and Executives,6
Wilson Administration,6
Westfield,6
Western Association of Schools and Colleges,6
Western Association for College Admission Counseling (WACAC),6
West Mar Vista Residents Association,6
"Wellhead Electric Company, Inc",6
Wareham Development,6
Vista Del Lago Homeowners' Association,6
Virgin America,6
Vietnam Veterans of America (VVA),6
Ventura County Coastal Association of Realtors,6
Venice Stakeholders Association,6
"Urban Displacement Project, UC Berkeley",6
"United Farmworkers of America, AFL-CIO",6
Union Of Concerned Scientists,6
US Oncology Network,6
The Oakland Institute,6
The Northern California Recycling Association,6
The Natural Gas Vehicle Coalition,6
The Mountain Lion Foundation,6
The Distilled Spirits Council,6
The County Superintendents of Schools,6
The Consumer Attorneys of California,6
The Community Action Fund of Planned Parenthood of Orange and San Bernardino Counties,6
The Committee on Moral Concerns,6
The Commission on Teacher Credentialing,6
The Christy Lynn Wilson Foundation,6
The Children's Movement of California,6
The Children's Center of the Antelope Valley,6
The Children's Advocacy Center for Child Abuse Assessment and Treatment,6
The Center for Voting and Democracy,6
The Center for Environmental Health,6
The California Trucking Association,6
The California State Association of Counties (CSAC),6
"The California Sportsmanos Lobby, Inc",6
The California School Employees Association,6
The California Psychiatric Association,6
The California Organization of Police and Sheriffs,6
The California Optometric Association,6
The California Library Association,6
The California Law Revision Commission,6
The California Healthcare Association (CHA),6
The California Disability Services Association,6
The California Chapter of the American Planning Association,6
The California Association of Private Postsecondary Schools,6
The California Association of Licensed Investigators,6
The California Association of Food Banks,6
The Emerald Cup,6
The Farm Mutual Water Company,6
The Fashion Institute of Design and Merchandising,6
The Independent Employees of Merced County,6
The McIntyre Company,6
The Los Angeles Trust For Children's Health,6
The League of Humane Voters,6
The Laogai Research Foundation,6
The Lambda Letters,6
The LGBTQ Community Center of The Desert,6
The Juvenile Products Manufacturers Association,6
"The Junior League of San Francisco, Inc",6
The Joint Custody Association,6
The Jewish Public Affairs Committee of California,6
The Institute of Popular Education of Southern California,6
"The Industrial Bank of Japan, Ltd",6
The Humane Society of San Bernardino Valley,6
"The Federation of Hillside and Canyon Associations, Inc",6
The Hollywood Schoolhouse,6
The Heart Matters Foster Family Agency,6
The Harriett Buhai Center for Family Law,6
The Greater Merced Chamber of Commerce,6
The Greater Los Angeles African American Chamber of Commerce,6
The Greater Antelope Valley Economic Alliance,6
"The George G. Glenner Alzheimer's Family Centers, Inc",6
The Fund For Animals,6
The Fund,6
The Friends of Tierrasanta Canyons,6
The Fresno Business Council,6
The Five Gyres Institute,6
Midnight Mission,6
Consumer Advocates for RCFE Reform (CARR),6
Mexican American Legal Defense and Education Fund (MALDEF),6
California Pharmacists Association,6
California Organization of Methadone Providers (COMP),6
California Opioid Maintenance Providers (COMP),6
California Mobilehome Park Alliance,6
California League of High Schools (CLHS),6
California League Of United Latin American Citizens,6
California Latinas for Reproductive Justice,6
California Land Title Association (CLTA),6
California Institute For Rural Studies,6
California Grand Jurors Association,6
California Fence Contractors' Association (CFCA),6
California Family Resource Association (CFRA),6
California Disability Services Association (CDSA),6
California Department of Housing and Community Development,6
California Court Reporters Association (CCRA),6
California Council for,6
California Cotton Ginners And Growers Association,6
California Community Builders,6
California Coalition of Travel Organizations (CCTO),6
California Chapter of the American College,6
California Central Valley Economic Development Corporation,6
California Building Standards Commission (CBSC),6
California Banking Association,6
California Athletic Trainers' Association (CATA),6
California Association of School Psychologist,6
California Association of Realtors,6
California Association of Micro Enterprise Opportunity (CAMEO),6
California Association of Medical Products Suppliers,6
California Park and Recreation Society (CPRS),6
California Radiological Society (CRS),6
California Association of Clerks and Election Officials,6
California Retired Teachers Association,6
City of Yorba Lina,6
City of Los Angeles,6
Citizens Advocating for Roblar Rural Quality,6
Cesar Chavez Environmental Corps,6
Centro Del Pueblo,6
Central Coast Builders Association,6
Center for Worklife Law,6
"Center for Race, Poverty & the Environment",6
Center for Humane Technology,6
Center for Energy Efficiency and Renewable Technology,6
Center For Sustainable Energy,6
Center For Food Safety,6
Cambria Land Trust,6
Californians for Compensation Reform (CCR),6
California Youth Connection,6
California Workforce Association (CWA),6
California Workers' Compensation Interpreters Association,6
California Water Association (CWA),6
California United for A Responsible Budget,6
California Trucking Association (CTA),6
"California State Treasurer, John Chiang",6
California State Retirees (CSR),6
California State Automobile Association (CSAA),6
"California State Association of Public Administrators, Public",6
California State Association of Electrical Workers (CSAEW),6
California Society for Clinical Social Work (CSCSW),6
California STEM Network,6
California Association of Life Underwriters (CALU),6
California Association for Nursing Home Reform,6
Clifford Beers Housing,6
Antelope Valley Community Clinic,6
American Solar Power,6
American Registry of Radiologic Technologists,6
American Managed Care Pharmacy Association (AMCPA),6
American Heart Association,6
American Federation of Television and Radio Artists (AFTRA),6
"American Federation of Teachers, Local 1931",6
American Federation of State County Municipal Employees (AFSCME),6
American Federation of Labor and Congress of Industrial Organizations,6
"American College of Obstetricians and Gynecologists, District",6
American Cancer Society Cancer Action Network,6
American Brotherhood Aimed Towards Education (ABATE),6
American Board of Cosmetic Surgery,6
American Academy of Facial Plastic and Reconstructive Surgery,6
Amanda Foundation,6
Almond Alliance Of California,6
Alliance for Hope,6
Alliance for Eating Disorders Awareness,6
Alliance for Community Transit,6
Alliance for Community Media,6
Alliance For Children's Rights,6
Alexander Neville Foundation,6
Aids Legal Referral Panel (ALRP),6
Achievement Council,6
AIDS Project Los Angeles (APLA),6
ACT-LA,6
Mexican American Legal Defense Educational Fund,6
AAPIS for Civic Empowerment Education Fund,6
"Amvets, Department Of California",6
Apartment Association Greater Inland Empire,6
California Association for Nurse,6
Associated Builders And Contractors Northern California Chapter,6
California Association Of Wheat Growers,6
California Assoc. of Mental Health Peer Run Organizations (CAMHPRO),6
California Applicants' Attorney Association (CAAA),6
California Alliance of Child And Family Services,6
California Alliance of Caregivers,6
California Alliance for Consumer Protection (CACP),6
Calasian Chamber Of Commerce,6
CalAsian Chamber Of Commerce,6
CA State Employees Association,6
C.O.O.K. Alliance,6
Building Futures With Women and Children,6
Builders Exchange of Stockton,6
Buckelew Programs,6
Bread for the World,6
Board of Registration for Geologists and Geophysicists,6
Board of Funeral Directors and Embalmers,6
Board of Directors of the Rancho Yolo Community Association,6
Black Voice News,6
Betty Clooney Foundation,6
Bell's Healdsburg Ambulance Service,6
Basis Studio,6
Audubon Center at Debs Park,6
Association of California Cities- Orange County,6
Association of Asian Pacific Community Health Organizations (AAPCHO),6
Association for Competitive Technology,6
Association Of Bay Area Governments,6
Association For Retarded Citizens,6
Claremont Graduate School,6
Assoc. for California Tort Reform,6
Climeworks,6
Lake Elsinore Animal Friends,6
Juvenile Justice Program,6
Juvenile Diabetes Foundation International,6
Juvenile Court Judges of California (JCJC),6
Justice & Diversity Center of the Bar Association of San Francisco,6
Japanese American Citizens League (JACL),6
JP Morgan Chase,6
Ivy Energy,6
Interfaith Refugee & Immigration Service,6
Inland Empire Utilities Agency (IEUA),6
Inland Empire Concerned African American Churches,6
Information Technology Alliance for Public Sector,6
Humboldt Association of Realtors,6
Humane,6
Human Services Network,6
Hudson Housing Capital,6
Housing on Merit,6
Housing Equity & Advocacy Resource Team,6
Housing Authority of the County of Kern,6
"Honorable Dianne Feinstein, United States Senator",6
Homebuilders Association of Kern County,6
HomeFirst Services of Santa Clara County,6
Highridge Costa Housing Partners,6
Hi-lo Desert Golf Course Superintendents Association,6
Heritage Oak Glen Homeowners Association,6
Hearing HealthCare Providers of California,6
Having our Say Coalition,6
Having our Say,6
Kings County Board of Realtors,6
Lakeshore Gardens,6
Harm Reduction Therapy Center,6
Latino Coalition,6
Metropolitan Water District of Southern California,6
Metropolitan Area Child Care Committee,6
Clorox Corporation,6
Metal Finishing Association of Southern California (MFASC),6
McIntyre Company,6
Marine Corps League (MCL),6
Marin County Council of Mayors and Councilmembers (MCCMC),6
March and Ash,6
MOMS Advocating Sustainability,6
MHAction,6
Los Angeles Right to Counsel Coalition,6
"Los Angeles Dependency Lawyers, INC.",6
Los Angeles County Supervisor Michael Antonovich,6
Los Angeles County Division League of California Cities,6
Los Angeles County Business Federation (Bizfed),6
Los Angeles Community Action Network (LA CAN),6
Los Angeles Area,6
Los Angeles Alliance for a Drug Free Community,6
Los Angeles Aging Advocacy Coalition,6
Legislative Analyst Office (LAO),6
Legal Services For Prisoners With Children,6
"Legal Aid Society, Employment Law Center",6
League of California Cities Los Angeles Division,6
League of California Cities,6
LeadingAge California,6
Leadership Counsel For Justice And Accountability,6
Latino and Latina Roundtable of The San Gabriel and Pomona Valley,6
Harriet Buhai Center for Family Law,6
Los Angeles City College (LACC),6
Habematolel Pomo Of Upper Lake,6
Educational Small Business Association,6
East Bay Rental Housing Associations,6
East Bay For Everyone,6
East Bay Community Law Center (EBCLC),6
Ea Family Services,6
Distance Learning Company,6
Diamond K Homeowners,6
Democracy Collaborative,6
Crp Affordable Housing and Community Development,6
Cover,6
County Recorder's Association of California,6
County Of Los Angeles Board of Supervisors,6
Council of California County Law Librarians (CCCLL),6
Council for Community Housing Organizations,6
Contra Costa Lafco,6
Contra Costa Interfaith Housing,6
Computers 2 Kids,6
Community Tenants Association,6
Coalition to End Sexual and Domestic Violence,6
Coalition to End Domestic and Sexual Violence,6
Coalition of Open Access Policy Institutions,6
"Coalition of Labor, Agriculture and Business",6
Coalition of California Welfare Rights Organization (CCWRO),6
Coalition for Elder & Disability Rights,6
Coalition for A Just and Equitable California,6
HKIT Architects,6
Coalition for Community Solar Access,6
Coalition for Economic Survival (Los Angeles),6
East Los Angeles Residents Association,6
Communities United for Restorative Youth Justice (CURYJ),6
Governor's Secretary for Education,6
Fresno Chamber Of Commerce,6
Graylawn Neighbors for Quality of Life,6
Grass Valley,6
HCEB,6
Golf Course Superintendents Association of Southern California,6
Golf Course Superintendents Association of Northern California,6
Goldfarb & Lipman LLP,6
Greater San Fernando Chamber of Commerce,6
Global March for Elephants and Rhinos,6
German Shepherd Rescue of Orange County,6
El Cajon Collaborative,6
"George G. Glenner Alzheimer's Family Centers, Inc",6
GSMOL Sandpiper Chapter 776,6
Guaranteed Asset Protection Alliance,6
Food Allergy and Anaphylaxis Connection Team,6
Five Gyres Institute,6
Fircrest Mobile Home Park Homeowners Association,6
Fidelity National Financial,6
Family Winemakers Of California,6
Families Forward,6
Ethnic Health Institute,6
"Eric Garcetti, Mayor Of Los Angeles",6
Elephant Sanctuary in Tennessee,6
El Dorado County Association of Realtors,6
El Centro,6
Greater Oxnard Organization of Democrats,6
Sequoia Gardens Manufactured Home Owners Association,5
Service Employee International Union (SEIU),5
Sequoia Gardens Mobile Home Owners Association,5
Security Industry and Financial Markets Association,5
Sentencing Project,5
Senior Services Coalition,5
Senior,5
Share Sonoma County,5
SPUR,5
Shasta Association of Realtors,5
Shoreline Estates Residents Association,5
Shorenstein Properties,5
Showing up for Racial Justice Bay Area,5
Sierra Club - Angeles Chapter,5
Sierra Club California,5
Sierra Club Range of Light Group,5
School Employers Association Of California,5
Silicon Valley Association of Realtors,5
Silicon Valley De-bug,5
Silver Fox,5
Search To Involve Pilipino Americans,5
San Diego Military Advisory Committee,5
Satellite Housing,5
Sares Regis Group of Northern California,5
Sacramento County Bar Association,5
Sacramento Yolo Mutual Housing Association,5
Society for Animal Protective Legislation,5
Safety Institute,5
Salesforce.com,5
Salvadoran American Leadership and Educational Fund (SALEF),5
Salvation Army Harbor Light Center,5
Salvation Army Haven,5
San Diego Chapter of Associated Builders and Contractors,5
San Diego County Apartment,5
San Diego Futures Foundation,5
San Francisco Bay Area,5
San Francisco Bay Guardian,5
San Francisco Public Golf Alliance,5
San Francisco Public Utilities Commission (SFPUC),5
San Gabriel Valley Habitat for Humanity,5
San Joaquin Village Mobile Park Homeowners Association,5
Santa Clarita Organization for Planning and the Environment (SCOPE),5
Santa Fe Computer Science Magnet School,5
Soap & Detergent Association,5
Sunseri Construction,5
Society of Composers and Lyricists,5
The Amanda Foundation,5
Surplus Lines Association of California,5
Sycamore Terrace,5
Tahoe Sierra Board of Realtors,5
Taxpayers for Improving Public Safety (TiPS),5
Technology Network (TechNet),5
The ARC and United Cerebral Palsy California,5
The Alliance for Survival,5
The Alliance of Automobile Manufacturers,5
The Alliance of Motion Picture and Television Producers,5
The American Council of Life Insurers,5
SunSpec Alliance,5
The American Heart Association,5
"The American Institute of Architects, California Council",5
The American Legion - Department of California,5
The American Nurses Association of California,5
The Anti-Defamation League,5
The Arc and Cerebral Palsy California Collaboration,5
The Arc and United Cerebral Palsy Collaboration,5
SEIU Local 221,5
The Arc and United Cerebral Palsy California Collaboration,5
Sunnyvale Neighbors,5
Student Veterans of California,5
Solano Advocates Green Environments,5
Spaulding Square Historical Preservation Overlay Zone,5
Solarcraft,5
Sonoma County Vintners,5
Sonoma Oaks Mobile Home Park,5
South Bay Adoption Group,5
South Bay Entrepreneurial Center,5
South Tahoe Association of Realtors,5
Southern California Association Of Nonprofit Housing,5
Southern California Association of Law Libraries (SCALL),5
Southern California University of Health Services,5
Sprinkler Fitter and Apprentices Local 483,5
Structural Pest Control Board (SPCB),5
Stand Up for San Francisco,5
Stanton Housing Authority,5
Star Vista,5
State Council on Developmental Disabilities (SCDD),5
State Long-Term Care Ombudsman,5
Steinberg Institute,5
Stop Genocide Now,5
Story of Stuff Project,5
Stripe,5
SLO County Yimby,5
Newport Conservancy,5
Rural Communities Assistance Corporation,5
New Avenue,5
National Coalition Against Gambling,5
National Gay & Lesbian Chamber of Commerce,5
National Health Law Program,5
National Immigration Law Center (NILC),5
National Organization of Black Law Enforcement,5
National Thoroughbred Racing Association,5
National Youth Law Center,5
Neighborhood House Association,5
Nevada County Department of Social Services,5
New Economics For Women,5
Office Of Ratepayer Advocates,5
New Economics for Women (NEW),5
Nine Mobilehome Parks,5
Non-Profit Housing Association,5
Norcal Services for Deaf & Hard of Hearing,5
Northern California Power Association,5
"Northern California Sheet Metal Worker's, Local 104",5
Northern Solano County Association of Realtors,5
Novato Housing Coalition,5
Oak Grove Sanctuary Palm Springs,5
National Center for Law & Policy,5
National Association of Insurance and Financial Advisors-California,5
National Asian Pacific Islander Prosecutors Association,5
National Alliance for the Mentally Ill (NAMI),5
Media,5
The Associated Builders and Contractors of California,5
Mental Health America of California (MHAC),5
Merced County Association of Realtors,5
Metropolitan Water District (MWD),5
Mission Economic Development Association (MEDA),5
Model Alliance,5
Modesto Irrigation District (MID),5
Mortgage Insurance Companies of America (MICA),5
Motivating Individual Leadership for Public Advancement (MILPA),5
Mountainside Communion,5
Movement Generation Justice and Ecology Project,5
Multinational Exchange for Sustainable Agriculture (MESA),5
Municipal Water District Of Orange County,5
Museum of African American Art,5
Muslim American Society - Public Affairs & Civic Engagement,5
Muslim American Society - Public Affairs & Civic Engagement (MASPACE),5
NASCAR Foundation,5
Napa Sonoma ADU Center,5
Oceanside Manufactured Homeowners Alliance,5
Office of The State Long-term Care Ombudsman,5
Roots of Change,5
Prothero Mobile Estates Homeowners' Association,5
Placer County Contractors & Building Exchange,5
Planning Association for the Richmond,5
Planning and Conservation League,5
"Plumbers, Steamfitters, and HVAC/R Service Technicians UA Local Union 393",5
Pomona Fellowship Church of the Brethren,5
Port,5
Privacy Rights Clearinghouse (PRC),5
Private Essential Access Community Hospitals (PEACH),5
Protecting Earth & Animals with Compassion & Education,5
Prudential,5
Older Women's League of San Francisco,5
Public Health Institute,5
Rancho San Miguel Homeowners Association,5
Rancho Santa Barbara Mobile Home Association,5
Rancho Yolo Community Association,5
Regional Chamber of Commerce San Gabriel Valley (RCCSGV),5
Resistance Northridge-Indivisible,5
Resources for Indian Student Education,5
River Otter Ecology Project,5
Roman Catholic Diocese of Fresno Office of Social Justice Ministry,5
Place4Grace,5
Physicians For Social Responsibility - Los Angeles,5
Peterson Family,5
Peter Rabbit Farms,5
One Economy Corporation,5
Opportunity Fund Northern California,5
Orange County Asian and Pacific Islander Community Alliance (OCAPICA),5
Orange County Business Council (OCBC),5
Orfalea Foundation,5
Osteopathic Physicians and Surgeons of California (OPSC),5
Our Town St. Helena,5
Pacific Steel Group,5
Paralyzed Veterans of America (PVA),5
Pasadena-Foothills Association of Realtors,5
Patterson Progressive Alliance,5
Peace Resource Center of San Diego,5
"Peace United Church of Christ, Santa Cruz",5
Peers Envisioning and Engaging in Recovery Services (PEERS),5
Peninsula Interfaith Climate Action (PICA),5
Peninsula Open Space Trust (POST),5
People Organized For Westside Renewal,5
Pesticide Action Network (PAN),5
Pesticide Education Group,5
The Art of Yoga Project,5
"The Sacramento Central Labor Council, AFL-CIO",5
The Association for Advanced Life Underwriting,5
The State Building and Construction Trades Council,5
The SPCA of Monterey County,5
The Safety Institute,5
The Salk Institute for Biological Studies,5
The San Diego Supercomputer Center,5
The Santa Clara County Board of Supervisors,5
The Sheep Heal Project,5
The Sierra Club of California,5
The Signal,5
The State Bar Family Law Section,5
The State Council on Developmental Disabilities,5
Theodore Payne Foundation for Wild Flowers & Native Plants,5
The Steinfirst Group,5
The Stronger California Advocates Network,5
The Surplus Lines Association of California,5
The Trusts and Estates Section of the State Bar of California,5
The United Nurses Association of California,5
The Vet Voice Foundation,5
"The Villa Center, Inc",5
The Willows,5
The Wilson Administration,5
The SPCA for Monterey County,5
The Rock Found,5
The Respiratory Care Board of California,5
The Resource Connection,5
The Mexican Cancer Society,5
"The Money Store, Inc",5
The Music Center,5
The National Employment Law Project,5
The National Football League,5
The Nonprofit and Unincorporated Organizations Committee of the Business,5
The Normandie Club,5
The Outdoor Sportsman's Coalition of California,5
The PAW Project,5
The Phluid Project,5
The Polaris Project,5
The Polly Klaas Foundation,5
The Port Costa Conservation Society,5
The Professional Insurance Agents Group,5
The Professional Insurance Agents of California and Nevada,5
The Public Trust Group,5
The R Street Institute,5
The Regional Council of Rural Counties,5
The Resistance Indivisible Northridge,5
"The Women's Foundation of California, Women's Policy Institute",5
Tiger Frances Foundation,5
The Maritime Museum Association of San Diego,5
Youth Against Youth Incarceration,5
Wakeland Housing and Community Development Corporation,5
"Water and Power Associates, Inc",5
We The People - San Diego,5
Webcor,5
"Western Center on Law & Poverty, Inc.",5
Women's Earth and Climate Action Network,5
Wonderful Company LLC,5
Yacht Harbor Manor Mobile Home Park Homeowners Association,5
Yolo County Concilio,5
Youth Law Center (YLC),5
Trauma Research and Education Foundation,5
the Central California Environmental Justice Network,5
the Children Now,5
the Climate Equity Policy Center,5
"the Directors Guild of America, Inc",5
the Early Edge California,5
the LA Waterkeeper,5
the San Francisco Bay Area,5
the Trust for Public Land,5
Mattole Salmon Group,5
Vons Companies,5
"Veterinary Service, Inc",5
Ventura Mobilehome Resident's Council,5
Ventura County Assessor,5
Treasurer's Office,5
Tulare Kings Counties Builders Exchange,5
"UNITE HERE International Union, AFL-CIO",5
"US Green Building Council, California Chapter",5
Ultimate Fighting Championship,5
United Doughnut Hole Owners Property Association (UDHOPA),5
United Lutheran Church of Oakland,5
United Neighborhoods Organization (UNO),5
United Services Automobile Association,5
United States Hispanic Chamber of Commerce,5
United States Lifesaving Association,5
United Technologies Corporation,5
United Way of Los Angeles,5
University Park Homeowners Association,5
University of California Office of The President,5
Valley Economic Development Center (VEDC),5
Valley Village Homeowners Association,5
ValleyCAN,5
Vegan of La,5
The Mechanics Bank,5
The Manuscript Society,5
The Association of Los Angeles Deputy Sheriffs,5
The Center for Ai and Digital Policy,5
The California Peace Officers,5
The California Restaurant Association,5
The California Retailers Association,5
The California State Sheriffs' Association,5
The California State University (CSU),5
The California Wind Energy Association (CALWEA),5
The Cannabis Chamber of Commerce,5
The Cannabis Pharmaceutical Coalition,5
The Capitol Corridor,5
The Center for Common Concerns Dba Homebase,5
The Creative Card Congress,5
The Center for Independent Living,5
The Central American Resource Center,5
The Charles R. Drew University of Medicine and Science,5
The Child Abuse Prevention Council,5
The Child and Family Guidance Center,5
The Chrysalis Center,5
The Coalition for Clean Air,5
The Coalition for Family Equity,5
The Conco Companies,5
The California New Car Dealers Association,5
The California Independent Public Employees Legislative,5
The California Funeral Directors Association,5
The California Department of Education,5
The Association of Plastic Recyclers,5
The Avian Welfare Coalition,5
The Bicycle Club,5
The Blood Centers of California,5
The Board of Psychology,5
The Body Shop,5
The Brady Campaign to Prevent Gun Violence,5
The Broadway League,5
The California Adoption Alliance,5
The California Alliance,5
The California Association of Joint Powers Authorities,5
The California Association of Private Postsecondary Schools (CAPPS),5
The California Association of Realtors,5
The California Board of Accountancy,5
The California Cattlemen's Association,5
The California Chiropractic Association,5
The California Conference Board of the Amalgamated Transit Union,5
The California Council of Land Trusts,5
The California Dental Association (CDA),5
"The Covello Group, Inc",5
The Culture of Repair Project,5
The Los Angeles Unified School District,5
The Jewish Federation of the Sacramento Region,5
The Harriet Buhai Center for Family Law,5
The Hollywood Partnership,5
The Home Inspectors,5
"The Honorable Sam Liccardo, Mayor",5
The Insights Association,5
The Intersection of Faith and Culture,5
The J. Paul Getty Trust,5
The Jacobs & Cushman San Diego Food Bank,5
The Jed Foundation,5
The LGBTQ Center of Long Beach,5
The Dream Machine Foundation,5
The Land Conservancy of San Luis Obispo,5
The Land Trust of Santa Cruz County,5
The Latino Arts Network of California,5
The Latino Coalition,5
The Leap Institute,5
The Legal Aid Foundation of Los Angeles,5
The Life Group LA,5
The Los,5
The Los Angeles Conservancy,5
The Happy City Coalition,5
The Habematolel Pomo of Upper Lake,5
The Grupe Company,5
The Group,5
The Ecological Options Network (EON),5
The Elkhorn Slough Foundation,5
The Engineers and Scientists of California,5
The Episcopal Diocese of Los Angeles,5
The Executive Committee of the Trusts and Estates Section of the State Bar,5
The Fairmont San Francisco,5
The Fairway Tennis Maintenance Association,5
The Federation of Hillside and Canyon Associations,5
The First Tee of Greater Pasadena,5
The Foundation for Early Childhood Education,5
The Foundation for Taxpayers and Consumer Rights,5
The Foundation for a Smokefree America,5
The Foundation on Economic Trends,5
The Friends Committee on Legislation,5
The Fund For Animals Inc,5
The Global March for Elephants and Rhinos,5
The Greater Eureka Chamber of Commerce,5
The Green Cross,5
The Green Lining Institute,5
Meadows Manor Mobile Home Park Homeowners Association,5
California Autobody Association (CAA),5
Marina Mobilehome Coalition,5
California Healthy Nail Salon Collaborative,5
California Community Technology Policy Group (CCTPG),5
California Conference Board Of The Amalgamated Transit Union,5
California Council for Affordable Housing (CCAH),5
California County Superintendents,5
California Displaced Homemakers Network,5
California Dispute Resolution Council (CDRC),5
California Energy Storage Alliance (CESA),5
California Families Against Solitary Confinement (CFASC),5
California Family Health Council (CFHC),5
California Insurance Guarantee Association (CIGA),5
California Moving and Storage Association (CMSA),5
California Interscholastic Federation (CIF),5
"California Labor Federation, Afl-cio",5
California League of Food Processors (CLFP),5
California Legislative Coalition for Interior Design,5
"California Legislative Conference of Plumbing, Heating, & Piping Industry",5
California Legislative Council of Professional Engineers (CLCPE),5
California Licensed Foresters Association (CLFA),5
California Life and Health Insurance Guarantee Association,5
California Long Term-Care Ombudsman Association,5
California Commission On Aging,5
California Coalition for Community Investment (CCCI),5
California Chapter of the National Emergency Number Association (CalNENA),5
California Center for Rural Policy (CCRP),5
California Apartment Association,5
California Applicants' Attorney Association,5
California Architects Board (CAB),5
California Association Of County Veterans Service Officers,5
"California Association Of Licensed Security Agencies, Guards & Associates",5
California Association Of Suburban School Districts,5
California Association for Medical Laboratory,5
California Association of Catholic,5
California Association of Clerks & Elections Officials,5
"California Association of Licensed Security Agencies, Guards, and Associates (CALSAGA)",5
California Association of Private,5
California Association of Private Special Education Schools (CAPSES),5
California Association of Teachers of English,5
California Association of Urban League Executives (CAULE),5
California Association of Winegrape Growers (CAWG),5
California Association of Winegrape Growers,5
California Broadband Cooperative,5
California Cellular Phone Owners Association,5
California Center For Public Health Advocacy,5
California Long-Term Care Ombudsman,5
California Municipal Clerks Association,5
California Alliance Concerned with School Age Parents,5
Cellular Telecommunications and Internet Association,5
California farm Bureau Federation,5
California's Independent Telephone Companies (CITC),5
California-Nevada Conference of Operating Engineers,5
Campaign for Quality Education,5
Campaign for a Safe and Healthy California,5
Carmel River Steelhead Association,5
Carriage Acres Residents Association,5
Catellus Development Corporation,5
Cellular Carriers Association of California (CCAC),5
Center For Marine Conservation,5
California National Party,5
Center For Science in the Public Interest,5
"Center On Race, Poverty & The Environment",5
Center for AI and Digital Policy,5
Center for LGBTQ Economic Advancement & Research (CLEAR),5
Center for Lgbtq Economic Advancement & Research (CLEAR),5
Center for Progressive Reform,5
Center for Public Interest,5
"Center for the Study of Hate & Extremism at California State University, San Bernardino",5
Central California Alliance,5
California Work & Family Coalition,5
California Women Lawyers (CWL),5
California Welfare Directors Association (CWDA),5
California Veterinary Medical Association,5
California Naturopathic Association (CNA),5
California Outdoors Recreation Partnership (CORP),5
California Partnership To End Domestic Violence,5
California Physical Therapy,5
California Preservation Foundation,5
California Promise Neighborhood Network,5
California Renters Legal Advocacy And Education Fund,5
California School Library Association (CSLA),5
California Small Business Development Center Leadership Council,5
California Society of Hospital Pharmacists (CSHP),5
California Society of Industrial Medicine and Surgery (CSIMS),5
California Space Authority (CSA),5
California Sportsman's,5
California State Council Of Laborers,5
California State Firefighters Association (CSFA),5
California State Teachers' Retirement System,5
California State Treasurer Fiona Ma,5
California Teacher's Association (CTA),5
California Traffic Safety Institute (CTSI),5
California Ambulance Association (CAA),5
California Adult Education Administrators Association (CAEAA),5
Chamber of the Santa Barbara Region,5
"American Federation of State, County, and Municipal Employees",5
American Advertising Federation (AAF),5
American Association of Blood Banks,5
American Athletic Trainers Association and Certification Board,5
American College,5
American Constitution Society Chapter for Santa Clara University School of Law,5
"American Federation Of State, County And Municipal Employees",5
American Federation of State County & Municipal Employees (AFSCME),5
American Federation of State and County Municipal Employees (AFSCME),5
"American Federation of State, County, and Municipal Employees (AFSCME) AFL-CIO",5
American Plasma Users Coalition,5
Asian & Pacific Islander American Health Forum (APIAHF),5
Amy Hiestand Consulting,5
Animal Protection Institute (API),5
Apartment Association of Greater Los Angeles (AAGLA),5
Apex Group,5
Arab Resource and Organizing Center (AROC),5
Arc South Bay,5
Arc of Ventura County,5
Arcadia Association of Realtors,5
Armenian American Republican Council,5
Amelia Ann Adams Whole Life Center,5
Alliance of Schools for Cooperative Insurance Programs,5
Alliance for Regional Solutions,5
All of us or None,5
Manatt,5
"100 Black Men of the Bay Area, Inc",5
ALLY Foundation,5
AMAAD Institute,5
"AMVETS, Department Of California",5
Access MediQuip,5
Achievable Foundation,5
Adelanto,5
Adobe Communities,5
Affordable Housing NOW,5
Affordable Housing Now,5
Afghan American Muslim Outreach,5
African American Health Institute,5
"Agee Global Solutions, LLC",5
Agency on Aging/Area 4,5
Alameda County Congestion Management Agency (ACCMA),5
Alameda County Employees' Retirement Association,5
Alameda County Public Health Department (ACPHD),5
All Peoples Community Center,5
Artists Rights Alliance (ARA),5
Asian Americans Advancing Justice - California,5
CalRHA,5
Blue Star Moms,5
Belmont Shores Mobile Home Estates,5
Berkeley Property Owners' Association,5
Bet Tzedek Legal Services (Los Angeles),5
Beverly Hills/Greater Los Angeles Association of Realtors,5
Birth Equity Advocacy Project,5
Black Aids Institute,5
Black Business Association (BBA),5
Black Leadership Kitchen Cabinet,5
Blue Pacific Mobile Home Park Homeowners' Association,5
Brady Campaign To Prevent Gun Violence,5
Asian Americans For Civil Rights & Equality,5
Bread for The World,5
Bridge Rail Foundation,5
Brynhurst Avenue Bock Club,5
Build it Green,5
Butte County Department of Social Services,5
CA Advocates for Nursing Home Reform,5
CA Association of REALTORS,5
CA State University,5
CCoMPRESS,5
Behavioral Intervention Association,5
Bay Area Hindu Democratic Coalition,5
Bay Area Golf Club of Northern California,5
Bay Area Bioscience Education Community,5
Asian Communities for Reproductive Justice (ACRJ),5
Asian Pacific American Legal,5
Associated Community Action Program,5
Associated General Contractors of California,5
Association,5
Association For California Tort Reform,5
Association for California Tort Reform (ACTR),5
Association for Los Angeles Deputy Sheriffs,5
Association for Private Postsecondary Education in California,5
Association of CA School Administrators (ACSA),5
Association of Career and College Readiness Organizations,5
Association of Monterey Bay Area Governments (AMBAG),5
Association of Orange County Deputy Sheriffs (AOCDS),5
Association of Pupil Services and Attendance Counselors,5
Association of Regional Center Agencies,5
Association of Retail Travel Agents,5
Authors Guild,5
BRC Advisors,5
Bay Area Air Quality Management District,5
Central Valley land Trust Council,5
Asian Pacific Islanders for Human Rights,5
Child Parent Institute,5
Indoor Tanning Association (ITA),5
Hospitality House,5
Housing Advocacy Group,5
Housing Authorities Risk Retention Pool,5
Housing Equity & Advocacy Resource Team (HEART),5
"Humane Society of San Bernardino Valley, Inc",5
Ice Energy,5
Idle No More Sf Bay,5
Incredible Edible Community Garden,5
Indivisible YOLO,5
Industrial Areas Foundation (IAF),5
"International Union Of Elevator Constructors, Local 8",5
Industry Council for Tangible Assets,5
Inland Gateway Association of Realtors,5
Inquilinos Unidos/United Tenants,5
Institute for Behavioral Training,5
Institute of Governmental Advocates (IGA),5
Instituto de Educacion Popular del Sur de California (IDEPSCA),5
Insulation Contractors Association (ICA),5
Interior Services,5
International Business Lists,5
Hope Community Services,5
HomeRise San Francisco,5
HomeRise,5
Holmby-Westwood Property Owners Association,5
Golden State Manufacturers home Owners League,5
Good Seed CDC,5
Greater Los Angeles Hospitality Association,5
Greater Los Angeles Realtors,5
Greystar Development,5
Grow The Richmond,5
"Gubb & Barshay, LLP",5
HKS,5
Habitat for Humanity Inland Valley,5
Habitat for Humanity San Diego,5
Hacienda,5
Healthy & Active Before 5,5
Healthy Housing Foundation,5
Help Group,5
Hidden Hill Community Association,5
Hidden Hills Community Association,5
Hindu American Foundation (HAF),5
Hit Living Foundation,5
Hollywood Adventist Church,5
"International Union Of Elevator Constructors, Local 18",5
"International Union Of Operating Engineers, Cal-Nevada Conference",5
Glendale Historical Society,5
Long Beach Yimby,5
"Leaders for Ethics, Animals, and the Planet",5
Leadership for Urban Renewal Network,5
Legal Cannabis for Consumer Safety (LCCS),5
Leisure Lake Mobilehome Park HOA,5
Lieutenant Governor of California,5
Life After Uncivil Ruthless Acts,5
Long Beach Affordable Housing Coalition,5
Long Beach Area Chamber Of Commerce,5
Long Beach Police Officers Association (LBPOA),5
Los Angeles Business Leaders Task Force,5
"JERICHO, A Voice for Justice",5
Los Angeles Coalition for the Economy & Jobs,5
Los Angeles Community College District,5
Los Angeles Tenants Union,5
Los Angeles Veterans Collaborative,5
Lucile Packard Foundation for Children's Health,5
MOVE LA,5
Mabuhay Golf Club of San Francisco,5
Children's Network,5
Main Street Property Services,5
Lawyers' Committee for Civil Rights of the San Francisco Bay area,5
"Lawson Roofing Co., Inc",5
Latino Education and Advocacy Days,5
Latino Coalition For A Healthy California,5
Jacobs Center for Neighborhood Innovation,5
Jamestown Community Center,5
Jewish Public Affairs Committee,5
Jewish Vocational Service,5
Jockey Guild,5
Joint Custody Association,5
Judson Terrace Homes,5
Justice Reform Coalition,5
Juvenile Diabetes Research Foundation,5
Kensington Property Owners Association,5
Kern County Homeless Collaborative,5
Ktown for All,5
LINKUP,5
Laguna Greenbelt,5
Lamplighter Chino Home Owners Association,5
Large-Scale Solar Association (LSA),5
Lassen land and Trails Trust,5
Latina Golfers Association,5
Latino Cancer Institute,5
Golden State Bail Agents Association (GSBAA),5
Lathers Local 68l,5
Gay and Lesbian Adolescent Social Services Inc,5
Cosmetic,5
Community Financial Services Association,5
Community Foundation of Mendocino County,5
Community Health Awareness Council,5
Congress for The New Urbanism,5
Consumer Attorneys of California,5
"Consumer's Ombudsman Program, Inc",5
Contra Costa Interfaith Supporting Community Organizations,5
Contractors' State License Board,5
Corporation for Supportive Housing (CSH),5
Costa Mesa Police Department,5
Community Clinic Association Of Los Angeles County,5
Counseling,5
Country Mobile Home Park Homeowners Association,5
County Of Santa Cruz,5
County School Facilities Consortium (CSFC),5
Courts,5
Covenant Manor,5
Csac Excess Insurance Authority,5
Dana Point Chamber Of Commerce,5
DeAnza Mobile Home Park Owners Association,5
Community College Foundation,5
Community Catalysts,5
Defenders Of Wildlife,5
City of San Jose,5
City Council of Daly City,5
City Attorney's Office,5
Gay and Lesbian Adolescent Social Services (GLASS),5
City Of Long Beach,5
City Of Los Angeles,5
City Of West Hollywood,5
City and County of Sacramento,5
City of LA Canada Flintridge,5
City of Los Angeles,5
Clean Water Action,5
Communities in Harmony Advocating for Learning and Kids,5
Climate First: Replacing Oil and Gas,5
Coalition of Economic Survival,5
Coalition of Orange County,5
Coalition of Utility Employees (CUE),5
Coastal Mendocino Association of Realtors,5
Coddingtown Estates How Owners Association,5
College Street Neighborhood Group,5
Commerce Hotel and Casino,5
Communication Workers of America (CWA),5
Deep Blue Scuba & Swim Center,5
Coalition to End Family Violence,5
Delta 6 - East County Mayors and Supervisors,5
Foundation for a Smokefree America,5
Fair Rents for Redwood City,5
Family Independence Initiative,5
Fircrest Homeowners Association,5
Firecrest Mobilehome Park Homeowners Association,5
First 5 La,5
First Congregational Church of Berkeley,5
First Presbyterian Church of Monrovia,5
First Unitarian Universalist Society of San Francisco,5
Food Not Bombs,5
Foundation for the Advancement of Innovative Medicine (FAIM),5
Executive Committee of the Family Law Section of the State Bar of California,5
Freemont for Everyone,5
Fresno City Council District One,5
Fresno Deputy Sheriffs Association,5
Fresno Interdenominational Refugee Ministries (FIRM),5
Friends Committee on Legislation Of California,5
Department of Corporations (DOC),5
GENUP,5
Friends of The Desert Mountains,5
Friends Of The Earth,5
Extinction Rebellion SF Bay,5
Foundation of Taxpayer and Consumer Rights,5
Equitable Land Use Alliance,5
East Bay Community Energy (Ebce),5
Diverse Learners Coalition,5
District Attorney of San Diego County,5
Episcopal Home Communities,5
Department of Industrial Relations (DIR),5
Doctors Company,5
Downtown Chico Business Association,5
EMS Medical Directors Association of California (EMDAC),5
Ear Professionals International Corporation,5
East Bay Alliance for A Sustainable Economy (EBASE),5
"Driving School Association of the Americas, Inc",5
East Bay Democratic Socialists of America,5
Environment,5
El Dorado County Chamber Of Commerce,5
El Nido Mobilehome Estates,5
Episcopal Communities & Services (ECS),5
Environment California,5
Emergency,5
East Bay Home Bridge Connect,5
"State Bar, Legal Services Section",4
Tallac Village Neighborhood Association,4
"State Bar of California, Trusts and Estates Law Section",4
State Bar Committee on Administration of Justice,4
Southern California Association of Non-Profit Housing (SCANPH),4
Speech-Language Pathology and Audiology Board (SPAB),4
Standard Schnauzer Club of Southern California,4
Special Education Local Plan Area,4
Southwest Regional Council of Carpenters Local 721,4
Southern California HIV Advocacy Coalition (SCHAC),4
Southern California Association of Nonprofit Housing (Los Angeles),4
State Building And Construction Trades Council,4
Southern California Chinese Lawyers Association (SCCLA),4
State Board of Equalization,4
Surety Company of the Pacific (SCP),4
State Building And Construction Trades Council Of Ca,4
Surviving Parents Coalition,4
Tahquitz Creek Women's Golf Club,4
Tahoe Donner Association,4
South Bay Youth Golf Coalition,4
TECHNET,4
T.R.U.S.T. South LA (Los Angeles),4
Sustainable Napa County,4
Surveillance Technology Oversight Project,4
State Public Affairs Committee (SPAC),4
Surety Home Care,4
Supporting Initiatives to Redistribute Unused Medicine,4
Superior Court of,4
Studio City Neighborhood Council,4
Strategic Action for a Just Economy,4
Step Up on Second (Santa Monica),4
South Brentwood Residents Association,4
Santee Mobilehome Owner's Action Committee,4
South Bay Public Links Golf Club,4
San Luis Obispo County Mobilehome Residents' Assistance Panel,4
Santa Ynez Valley Association of Realtors,4
Santa Monica Bay Area Human Relations Council,4
Santa Clarita Organization for Planning and The Environment,4
Santa Clara County Office Of Education,4
San Mateo County Supervisor Warren Slocum,4
San Mateo County Association of REALTORS,4
San Jose State University Human Rights Institute,4
South Bay Labor Council (San Jose),4
San Francisco Senior And Disability Action,4
San Francisco Public Defender,4
San Francisco Planning & Urban Research,4
Tenant Sanctuary,4
San Francisco Mayors Womens Golf Council,4
San Francisco Land Use Coalition,4
Sares Regis Group,4
Scholl Canyon Golf Club,4
School Project for Utility Rate Reduction (SPURR),4
Seabee Golf Club,4
Self-help Enterprises (Visalia),4
Senate Select Committee on Manufactured Homes and Communities,4
Sepulveda Golf Club,4
Service Disabled Veteran-Owned Small Business Network,4
Sexuality Information and Education Council of the United States,4
Shelter Against Violent Environments (SAVE),4
Skid Row Housing Trust (Los Angeles),4
SoCal CAN,4
Soboba Springs Men's Golf Club,4
Society For Human Resource Management,4
Society of Nuclear Medicine,4
South Bay Association of Chambers of Commerce (SBACC),4
South Bay Entrepreneurial Center (SBEC),4
Tehama Colusa Canal Authority,4
The California Commission on Aging,4
Tenants Together (San Francisco),4
The California Farm Bureau Federation,4
The California Land Title Association,4
The California Judges Association,4
The California Insurance Guarantee Association,4
The California Immigrant Policy Center,4
The California Hospital Association,4
The California Hospice & Palliative Care Association,4
The California Cable & Telecommunications Association (CCTA),4
The Cahto Tribe of the Laytonville Rancheria,4
The California Association of Health Underwriters,4
The California Association of County Treasurers and Tax Collectors,4
The California Association for Health Services at Home,4
The California Assisted Living Facilities,4
The California Alliance for Pride and Equality (CAPE),4
The California Alliance Against Domestic,4
The California League of Conservation Voters,4
The California Mortgage Bankers Association,4
The California Motor Car Dealers Association,4
The California Narcotic Officers Association,4
The California National Organization for Women,4
The California Native Plant Society,4
The California Neighborworks Network,4
The California Nurses Association,4
The California Police Chiefs Association,4
"The California Probation, Parole and Correctional Association",4
The California Rifle and Pistol Association,4
The California School Boards Association,4
The California Sportsmen's Lobby,4
The California Taxpayers' Association,4
"NAIOP of California, The Commercial Real Estate Development Association",4
San Francisco District Attorney's Office,4
The Carpet and Rug Institute,4
The California Agricultural Commissioners and Sealers Association,4
The Book Club of California,4
Tenants and Owners Development Corporation,4
The Alliance of California for Community Empowerment,4
The Animals Voice,4
The American Medical Women's Association,4
The American Constitution Society Chapter for Santa Clara University School of Law,4
"The American College of Obstetricians and Gynecologists, District",4
The American College of Obstetricians and,4
The American Chemistry Council,4
The Advocacy Coalition for Long Beach,4
The Board of Supervisors of,4
The Added Edge,4
The Acorn Group,4
The Achievement Council,4
The ARC of California,4
The AIDS Service Center,4
Tenderloin Neighborhood Development Corporation (San Francisco),4
The Anti-Recidivism Coalition,4
The Arc of San Diego,4
"The Arc, California",4
The Archdiocese of San Francisco,4
The Association for Children for,4
The Association of California,4
The Association of California School Administrators,4
The Association of Community Human Services Agencies,4
The Association of Deputy District Attorneys,4
The Athenian School,4
The Back Country Land Trust,4
The Baptist Ministers Conference of Los Angeles and Southern California,4
The Bay Area Open Carry Movement,4
The Beverly Hills Bar Association,4
The Bicycle Casino,4
The Board of Equalization,4
The Board of Governors of the California Community Colleges,4
San Francisco First Tee,4
Otter Project,4
San Francisco Council of District Merchants Association (SFCDMA),4
Orange County Employees Retirement System (OCERS),4
Par Boilers Golf Club,4
PLANT,4
PAW Project,4
Organization Of SMUD Employees,4
Orange County Interfaith Coalition for the Environment (OCICE),4
Orange County Employees' Association (OCEA),4
Oldtimers Housing Development Corporation,4
North Kern Women's Golf Association,4
Office of the City Attorney of Los Angeles,4
Office of Lieutenant Governor Eleni Kounalakis,4
Oakland Fund for Public Innovation (OFPI),4
Oakland Better Birth Foundation,4
OPPOSE UNLESS AMENDED,4
Nui Menehuni Golf Club,4
Paratransit Inc. (Sacramento),4
Parent Teachers Association,4
Parents by Choice,4
Park Paseo,4
Partnership to Fight Chronic Disease,4
Path Ventures,4
Peace Officer's Research Association of California (PORAC),4
Peace Officers Research Assn. Of California,4
Peace Officers Research Association Of California,4
Peace Officers Research Association of CA (PORAC),4
Peninsula Interfaith Action (San Carlos),4
People Acting in Community Together (PACT),4
People Organized for Westside Renewal (Santa Monica),4
People for The Ethical Treatment of Animals,4
People's Self Help Housing Corporation,4
People's Senate and Leadership Institute,4
Peoples' Self -Help Housing Corporation (Santa Barbara),4
Northern California Community Land Trust,4
North East Mission Business Association (NEMBA),4
San Fernando Valley Yimby,4
National Community Renaissance (Rancho Cucamonga),4
National Employment Law Project (NELP),4
National Council on Patient Information and Education,4
National Council on Crime & Delinquency,4
National Council of Textile Organizations (NCTO),4
National Council Of Jewish Women,4
National Cooperative Business Association,4
National Center For Lesbian Rights,4
Nonprofit Housing Association of Northern California,4
National Basketball Association,4
National Association of Chain Drug Stores (NACDS),4
National Association for the Advancement of,4
National Academy of Building Inspection Engineers,4
Napa Valley Farmworker Committee,4
The Cemetery and Mortuary Association of California,4
National Environmental Trust (NET),4
National Federation for Independent Business,4
National Federation of Independent Business,4
National Federation of The Blind of California,4
"National Gay and Lesbian Task Force, Inc",4
National Golf Course Owners Association,4
National Golf Foundation,4
National Guard Association of California (NGAC),4
National Housing Law Project (NHLP),4
National Organization for Rare Disorders (NORD),4
Natural Resources Defense Council,4
New Directions Inc. (Los Angeles),4
"New Era Group, Inc",4
Newport Center for Psychoanalytic Studies,4
Newport Language & Speech Centers,4
Nisea Farmers League,4
Non-Profit Housing Association Of Northern California,4
Performing Animal Welfare Society (PAWS),4
"Permanente Medical Group, Inc",4
Pest Control Operators of California (PCOC),4
Richmond LAND,4
Roberts Enterprise Development Fund (REDF),4
River District Business Association,4
Risk Management Society,4
Risk & Insurance Management Society (RIMS),4
Rio Hondo Men's Golf Club,4
Richstone Family Center,4
Rhodes Planning Group,4
Pet Industry Joint Advisory Committee,4
Retired Public Employees' Association (RPEA),4
Resources of Community Development,4
Renewable Energy Accountability Project,4
Regional Asthma Management And Prevention,4
Regional Asthma Management & Prevention (RAMP),4
Redwood Coast Connect,4
Roofing Contractors Association of California,4
Roseville Area Chamber Of Commerce,4
SALEF,4
SEIU,4
SIA Legal Team,4
STOP Hidden Taxes Coalition,4
SV ANGEL,4
SV@HOME,4
SV@home,4
Sacramento Council of Governments,4
Safe Cities Foundation,4
Safe Ground Sacramento,4
Samuel Lawrence Foundation,4
San Bernardino Pubic Employees Association,4
San Diego Housing Federation (San Diego),4
San Diego Imperial Regional Broadband Consortium,4
San Diego Supercomputer Center,4
Red and White Fleet,4
Rebuilding Together Oakland,4
Reason Foundation,4
Protect Your Record Project,4
Physicians For Social Responsibility,4
Physicians for Social Responsibility-los Angeles,4
Pioneer House,4
Place4grace,4
Placer County Contractors Association,4
Planned Parenthood Affiliates of California,4
Planning & Conservation League (PCL),4
Players Club,4
Plumbing-Heating-Cooling Contractors Association Of California,4
Policy Club,4
Positive Results Corporation,4
Post Wildfire OHV Recovery Alliance,4
Proctor & Gamble Company,4
Professional Autograph Dealers Association,4
Protecting Earth & Animals with Compassion & Education (PEACE),4
Real Facebook Oversight Board,4
Protecting Earth and Animals with Compassion and Education,4
Protection and Advocacy Inc. (PAI),4
"Protection and Advocacy, Inc.",4
"Public Advocates, INC",4
Public Bank Los Angeles,4
"Public Counsel Law Center (Los Angeles, Beverly Hills)",4
Public Interest,4
Public Interest Law Project [SPONSOR,4
Public Interest law Project,4
"Public Risk Innovation, Solutions And Management",4
Rancho Club,4
Rancho San Joaquin Men's Club,4
Rancho San Joaquin Senior Men's Golf Association,4
ReVisions Resources,4
The Cedars of Marin,4
Tijeras Creek Women's Golf Association,4
The Center for Bioethics and Culture,4
The Youth Movement Against Alzheimer's,4
Town of Woodside,4
Town Kitchen,4
Torrey Pines Men's Golf Club,4
Toluca Lake Homeowners Association,4
Three Valleys Municipal Water District (TVMWD),4
Thomas Safran & Associates (Los Angeles),4
The Young Women's Freedom Center,4
"The Water and Power Associates, Inc",4
The Woolley Group,4
The Women's Foundation Of California,4
The Women's Building of San Francisco,4
The Willie C. Velasquez Institute,4
"The William S. Graham Foundation for Melanoma Research, Inc",4
The Wild Cat Education and Conservation Fund,4
Tracy Chamber of Commerce,4
Tri-Counties Association of Realtors,4
Trico Mobile Estates Homeowners Association,4
Trust For Public Land,4
Trusts & Estates Section of the California Lawyers Association,4
Tule River Indian Housing Authority,4
U.S. VETS,4
UA Local Union 393,4
UC Berkeley - College of Environmental Design,4
Union of Concerned Scientists (UCS),4
Unite Here Local 11,4
United Cambodian Community (UCC),4
United Chambers of Commerce of the San Fernando Valley,4
United Coalition for Motor Club Safety,4
United Latinos Vote,4
United Minority Business Entrepreneurs,4
United Outreach of El Dorado County,4
The Western Insurance Agents Association,4
The Wallace Group,4
The Right to Life League,4
The Shootist,4
The Sonoma County Human Services Department,4
The Solid Waste Association of North America,4
The Social Equity Group,4
The Silver Fox,4
The Silver Council,4
The Sierra Club - Angeles Chapter,4
The School for Integrated Academics and Technologies,4
The Voice of Citizens Together,4
The San Francisco Society for the Prevention of Cruelty to Animals,4
The San Diego Military Advisory Committee,4
The Sacramento Environmental Justice Coalition,4
The Robey Theatre Company,4
The River District Business Association,4
The Rincon San Luiseno Band of Indians,4
"The State Bar, Estate Planning, Trust and Probate Law",4
The State Board of Equalization,4
The Steven and Michele Kirsch Foundation,4
The Structural Pest Control Board,4
The Surviving Parents Coalition,4
The Sweetleaf Collective,4
The Translatin@Coalition,4
The Tree Pledge,4
The Trust,4
The Tuolumne River Preservation Trust,4
The Union Ice Company,4
The Unitarian Society of Santa Barbara,4
The United Methodist Church,4
"The Urban Wildlands Group, Inc",4
The Valley Trauma Center,4
The Valley Village Homeowners Association,4
"The Visiting Nurse Service, Inc",4
United States,4
United States Golf Association,4
United Way Greater Los Angeles,4
"Women Organizing Resources, Knowledge and Services (WORKS) (Los Angeles)",4
YIMBY Action,4
Woolley Group,4
Wonderful Company,4
Women's Action for New Directions (WAND),4
Women's Action for New Directions,4
Women for: Orange County,4
"Women Organizing Resources, Knowledge & Services",4
Unity Church of Pomona,4
Women Organizing Resources Knowledge & Services,4
Wireless Advanced Vehicle Electrification,4
Wine Institute,4
"Wilson Group, LLC",4
William S. Graham Foundation for Melanoma Research,4
Western Wall And Ceiling Contractors Association,4
YIMBY Voice,4
YWCA of San Francisco & Marin,4
Yolo County Society for the Prevention of Cruelty to Animals,4
Yolo Lafco,4
Zero Air Pollution (ZAP),4
Zoological Society of San Diego,4
area,4
the American College of Emergency Physicians,4
the California College and University Police Chiefs Association,4
the California Special Districts Association,4
the Climate Reality Project - Silicon Valley Chapter,4
the Climate Resolve,4
the Hadassah,4
the National Association of Counsel for Children,4
the United Food & Commercial Workers,4
the United States,4
the West Gun Shows,4
Western United Dairymen (WUD),4
Western United Dairymen,4
Western States Council of,4
Variable Annuity Life Insurance Company (VALIC),4
Unity Project,4
University of California,4
"University of California, Berkeley Planning Students Association",4
University of Southern California (USC),4
Upper Salinas - Las Tablas RCD,4
Upper Valley Disposal Service,4
Upstate California Connect Consortium,4
Urban Conservation Corps Inland Empire,4
"Urban League, San Diego County",4
Utilities Consumer Action Network (UCAN),4
Utility Consumerso Action Network,4
Utility Reform Network (TURN),4
Utility Workers Union of America (UWUA),4
Valley AG Water Coalition,4
Venice Community Housing Corporation (Venice),4
Western Plan Health Association,4
Victoria Senior Men's Golf Club,4
Virtual Gaming World,4
Vista Del Lago Homeowners Association,4
Vista Valencia Senior Men's Golf Club,4
"Vons Companies, Inc",4
W Haywood Burns Institute,4
"WATTS Health Foundation, Inc",4
Walt Disney Studios,4
Waverly School,4
Wella Corporation,4
West Angeles Community Development Corporation (Los Angeles),4
West Hollywood Community Housing (West Hollywood),4
West Valley Warner Center Chamber of Commerce,4
Western Electrical Contractors Association INC,4
The Rightway Foundation,4
The Richmond Progressive Alliance,4
The Center for Connection,4
The Engineering and Utility Contractors Association,4
The Fannie Lou Hamer Institute,4
The Executive Committee of the Family Law Section of the State Bar of,4
The Ethnic Coalition of Southern California,4
The Episcopal Diocese of California,4
The Ephemera Society of America,4
The Environmental Priorities Network,4
The Engineering Contractors' Association,4
The Delta Kappa Gamma Society International,4
The Education Coalition,4
The Ecumenical Catholic Church,4
The Easton Press,4
The Drug Policy Alliance,4
The Doctors,4
The Developmental Disabilities Area Board 10,4
The Federation of Retired Union Members of Santa Clara County,4
The Financial Counseling Association of America,4
The Foreign Language Council of San Diego,4
The Franchise of Americans Needing Sports (FANS),4
The Friends Committee on Legislation of California,4
The Gardens,4
The Gay and Lesbian Community Services Center of Orange County,4
The Gay and Lesbian Community Services of Orange County,4
The Genocide Education Project,4
The Ghost Road Company,4
The Golfers of Southern California,4
The Good Sam Club,4
The Governor's Office of the Secretary of Education,4
The Greater Los Angeles African-American Chamber of Commerce,4
The Grolier Club of New York,4
The Group Repertory Theatre,4
The Harker School,4
The Department of General Services,4
The Del Amo Action Committee,4
The Real Facebook Oversight Board,4
The Citizens Commission on Human Rights,4
The Climate Reality Project Bay Area Chapter,4
The Clean Power Campaign,4
The City of West Hollywood,4
The City of Thousand Oaks,4
The City of Santa Monica,4
The Citizenship Project,4
The Church of Jesus Christ of Latter-day Saints,4
The Crop Organization,4
The Children's Network,4
The Child Abuse Prevention Council of Contra Costa County,4
The Chamber of Commerce for Greater Brawley,4
"The Center on Race, Poverty, and the Environment",4
The Center on Policy Initiatives,4
The Center for Media Justice,4
"The Climate Reality Project, Silicon Valley Chapter",4
The Climate Reality Project: Silicon Valley Chapter,4
The Coalition Against Domestic and Sexual Violence,4
The Coalition for Adequate School Housing,4
"The Coalition of Labor, Agriculture and Business",4
The Commerce Casino,4
The Community Church,4
The Conference of California Bar Associations,4
The Contractors State License Board,4
"The Cosmetic, Toiletry and Fragrance Association",4
"The Cosmetic, Toiletry, and Fragrance Association",4
The Council for Citizens Against Government Waste,4
The Council for a Green Environment,4
The Council of Asian American Business Associations,4
The County of Napa,4
The County of Orange Veterans Advisory Council,4
The County of San Bernardino,4
The Health Alliance of Northern California,4
The Health Care Group,4
The Hertz,4
The National Audubon Society,4
The Ocean Institute,4
The Observer Media Group,4
The Nonprofit Housing Association of Northern California,4
The Neighborhood House Association,4
The Natural Resources Defense Council,4
The National Writers Union,4
The National Association of Insurance and Financial Advisors,4
The Hollywood Community-Police Advisory Board,4
The Money Store,4
The Military Officers Association of America,4
The Marshal's Association of California,4
The Marjaree Mason Center,4
The Marina Recreation Association,4
The Malibu Foundation,4
"The On-Line Traffic School, Inc",4
The Orange County Interfaith Coalition for the Environment,4
The Pacific Coast Federation of Fishermen's Associations,4
The Pacific Palisades Democratic Club,4
The Passive House Network,4
The Peace Officers Research Association of California (PORAC),4
The Peace and Justice Commission of St. Mark Presbyterian Church,4
The People's Senate and Leadership Institute,4
The PetStaurant,4
The Plastic Pollution Coalition,4
The Players Club,4
The Privacy Rights Clearinghouse (PRC),4
The Professional Beauty Federation of California,4
The Progress,4
The Public Counsel,4
The Public Interest Law Project,4
The Rancho Club,4
The Lunada Bay Corporation,4
The Los Angeles Regional Reentry Partnership,4
The Los Angeles LGBT Center,4
The Judicial Council of California,4
"The Hon. Daniel E. Lungren, Attorney General",4
"The Honorable Dianne Feinstein, United States Senator",4
"The Hope Center for College, Community and Justice",4
The Huichol Center for Cultural Survival and Traditional Arts,4
The Human Services Network,4
The Human Society Veterinary Medical Association,4
The Humane Society of The United States,4
The In Defense of Animals,4
The Institute for College Access and Success (TICAS),4
The Instituto de Educacion Popular del Sur de California,4
The International Union of Elevator Constructors,4
The International Union of Painters and Allied Trades District Council 36 (Los Angeles),4
The John Burton Foundation for Children Without Homes,4
The Joyful Child Foundation,4
The Justice and Reconciliation Project,4
"The Los Angeles County Federation of Labor, AFL-CIO",4
The Karuk Tribe,4
The Kennedy Commission (Irvine),4
The Kings Fair,4
The L.A. Trust for Children's Health,4
The Lake Bowl Cardroom,4
The Lambda Letter Project,4
The Latino Theater Company,4
The Law Foundation of Silicone Valley,4
The Lawyers' Committee for Civil Rights of the San Francisco Bay Area,4
The League of Human Voters,4
"The League of Humane Voters, California Chapter",4
The Legal Aid Society Employment Law Center,4
The Legal Aid Society-Employment law Center,4
The Los Angeles,4
NELA Climate Collective,4
The California Waterfowl Association,4
Multinational Exchange for Sustainable Agriculture,4
California In-home Supportive Services Consumer Alliance,4
California Legislative Council of Professional Engineers,4
"California Legislative Conference of The Plumbing, Heating and Piping Industry",4
California Language Teachers Association (CLTA),4
California Journal For Filipino Americans,4
California Industrial and Technology Education Association (CITEA),4
California Independent Public Employees Legislative Council,4
California IATSE Council,4
California Healthcare Interpreting Association,4
"California Housing Partnership Corporation (Los Angeles, San Diego)",4
California Housing Partnership Coalition,4
California Housing Community Corporation,4
California Hospital Association,4
California Hospice and Palliative Care,4
California Horse Racing Board (CHRB),4
California Manufacturers & Technology Association,4
California Narcotic Officers' Association,4
California Nevada Cement Association (CNCA),4
California Nurses Association,4
California Organized Investment Network,4
California Orthopaedic Association,4
California Outdoors Recreation Partnership,4
California Partnership to End Domestic Violence (CPEDV),4
California Podiatric Medical Association (CPMA),4
California Program of All-Inclusive Care for the Elderly,4
California Psychological Association (CPA),4
California Railroad Association,4
California Reading Association (CRA),4
California Real Estate Disclosure Association (CREDA),4
California Reinvestment Coalition,4
California Restaurant Association,4
California Retailers Association,4
California Highway Patrol (CHP),4
California Hawaii State NAACP,4
"California Rural Indian Health Board, INC",4
California Chapter of the American College of Emergency Physicians (California ACEP),4
California City Management Foundation,4
California Chronic Care Coalition (CCCC),4
California Children's Hospital Association (CCHA),4
California Children's Hospital,4
California Charter Schools Association Advocates (CCSAA),4
California Chapters of the Institute of Scrap Recycling,4
California Chamber of Commerce,4
California Grocers Association,4
California Certification Board of Alcohol and Drug Counselors,4
California Center for Public Health Advocacy (CCPHA),4
California Cement Manufacturers Environmental Coalition (CCMEC),4
California Cable and Telecommunications Association (CCTA),4
California Broadband Policy Network (CBPN),4
California Black Health Network (CBHN),4
California Civil Rights Conference,4
California Coalition For Adequate School Housing,4
California Coalition for Children's Safety and Health,4
California Coalition for Compassionate Care,4
California Coalition of Welfare Rights Organizations (CCWRO),4
California Coalition of Workers' Compensation (CCWC),4
California Commission on Aging,4
California Community College,4
California Community Housing Agency,4
California Consortium of Addiction Programs and Professionals (CCAPP),4
California Correctional Peace Officers' Association (CCPOA),4
California Correctional Supervisors Organization,4
California Credit Unions League,4
California Defense Counsel (CDC),4
California Dental Association,4
California Family Council (CFC),4
California Grape And Tree Fruit League,4
California Right To Life Committee,4
California Rural Legal Assistance (CRLA),4
Coalition Against Domestic and Sexual Violence,4
Central Coast Asthma Collaborative,4
Chemical Industry Council Of California,4
Century Housing (Culver City),4
Century Golf Club of San Francisco,4
Century Foundation,4
Centro Binacional Para El Desarrollo Indigena Oaxaqueno,4
Central Valley Urban Institute,4
Central City Association (CCA),4
Center for Bioethics and Culture Network,4
Central California Environmental Justice Network (CCEJN),4
Central California Environmental Justic Network,4
Center for Voting and Democracy,4
Center for Race Poverty and the Environment,4
Center for Independence of Individuals with Disabilities,4
Center for Good Food Purchasing,4
Child and Family Guidance Center,4
Children of Jewish Holocaust Survivors Los Angeles,4
Chinatown Community Development Center (San Francisco),4
Chowchilla,4
City Of Orinda,4
City Of San Luis Obispo,4
City Of Thousand Oaks,4
City Project,4
City of Garden,4
City of Sacramento,4
City of San Jose Mayor Sam Liccardo,4
Clean Water Action,4
Clifford Beers Housing (Los Angeles),4
"Climate Reality Project, Los Angeles",4
"Climate Reality Project, Orange County Chapter",4
Climate Reality Project: Silicon Valley,4
Clover Flat Landfill,4
Center for Cognitive Liberty and Ethics (CCLE),4
Center for Bioethics and Culture,4
California Society of Certified Public Accountants (CalCPA),4
California State Student Association,4
California Teachers' Association (CTA),4
California Teachers Association,4
California Taxpayers' Association,4
California Taxpayers Association,4
California Statewide law Enforcement Association,4
California State Treasurer,4
California State Sheriffs' Association,4
Center for Ai and Digital Policy,4
California State Sheriffs Association,4
California State Floral Association (CSFA),4
California State Association of California,4
California State Assn. of Counties,4
California Sportsman's Lobby (CSL),4
California Society of Plastic Surgeons (CSPS),4
California Transit Association,4
California Urban Forests,4
California Veterinary Medical,4
California Victims of Crime Committee,4
California WIC Association (CWA),4
California Wind Energy Association (CalWEA),4
Californians Against Waste (CAW),4
Californians For Pesticide Reform,4
Californians United for Redevelopment Education,4
Californians for Pesticide Reform (CPR),4
Calistoga Affordable Housing,4
Camarillo Springs Senior Men's Golf Club,4
Cambodian Family,4
Capitol Corridor,4
Casa of Santa Cruz County,4
Cathedral Canyon Men's Golf Club,4
"Center for AIDS Research, Education and Services (CARES)",4
California Biomass Energy Alliance (CBEA),4
California Association of the Deaf (CAD),4
California Association of Student Councils,4
"American Federation of State, County and Municipal Employee",4
American Resort Development Association (ARDA),4
American Managed Care Pharmacy Association,4
"American Legion Legislative Post 861, Carmichael",4
"American Institute of Architects, Los Angeles Chapter",4
American Homeowners Resource Council,4
American Homeowners Resource Center (AHRC),4
"American Federation of State, County Municipal Employees",4
American Association of Nurse Practitioners,4
American Fair Credit Council (AFCC),4
American Council of Engineering Companies (ACEC),4
"American College of Obstetricians and Gynecologists, California",4
American Car Rental Association (ACRA),4
American Brotherhood Aimed Toward Education (ABATE),4
American Brotherhood Aimed Toward Education,4
American Society for The Prevention of Cruelty to Animals (ASPCA),4
American Society for the Prevention of Cruelty to,4
American Society for the Prevention of Cruelty to Animals (ASPCA),4
American Society of Golf Course Architects,4
American Society of Reproductive Medicine,4
American Society on Aging,4
Americans for Death with Dignity (ADD),4
"Amg & Associates, LLC",4
Amigos del Aire Libre,4
"Angelus Plaza, a Retirement Housing Foundation",4
Anschutz Entertainment Group (AEG),4
Anti-Recidivism Coalition (ARC),4
"Apartment Association, Greater Los Angeles",4
Apple Valley Men's Golf Club,4
Arc & United Cerebral Palsy California Collaboration,4
Area Agencies on Aging,4
Ark Trust,4
American Association of Retired People (AARP),4
"America Federation of State, County and Municipal Employees",4
California Association of Realtors (C.A.R.),4
Accredited Out-of-State Colleges and Universities in California,4
Affordable Housing Association-Pacific Southwest,4
Advocates for Affordable Housing (Mountain View),4
Advancing Communities Together,4
Advancement of Colored People,4
Action For Animals,4
Accrediting Commission for Community and Junior Colleges (ACCJC),4
ARC and United Cerebral Palsy California Collaboration,4
America Academy of Pediatrics,4
"AMVETS, Department of California",4
AIDS Healthcare Foundation (AHF),4
ACCE Action,4
99rootz,4
2035 Initiative,4
Mountain Housing Council of Tahoe Truckee,4
Affordable Housing Management Association - Northern California and Hawaii,4
African American Wellness Center for Children and Families,4
African Methodist Episcopal Church,4
African-American Male Achievers Network,4
Alameda County Board Of Supervisors,4
Alameda County Development Disabilities Council,4
Alameda County Supervisor Keith Carson- District 5,4
Alliance Supporting People with Intellectual and Developmental,4
Alliance for Human Rights,4
Alliance for Retail Energy Markets (AReM),4
Alliance for Solar Choice,4
Alliance of American Insurers (AAI),4
Alliance of California Taxpayers and Involved Voters (ACTIV),4
Alliance of Californians For Community Empowerment Action,4
Alliance of Californians for Community Empowerment (Los Angeles),4
Alliance of Nurses for a Healthy Environment,4
Amalgamated Transit,4
Art of Yoga Project,4
Asian American for Civil Rights & Equality,4
Asian Americans for Community Involvement (AACI),4
CA Trade and Commerce Agency,4
California Agricultural Commissioners and Sealers Association (CACASA),4
Cabrillo Economic Development Corporation (Ventura),4
CSAC Excess Insurance Authority,4
COURAGE Campaign,4
CLEAN WATER ACTION,4
CHISPA Housing (Salinas),4
Burbank Housing Management Corporation,4
Asian Business Association (ABA),4
Burbank Housing Development Corporation (UNREG),4
Building the California Dream Alliance,4
Building Industry Credit Association (BICA),4
Building Industry Association of The Greater Valley,4
Building Industry Association - Bay Area,4
Builders Exchanges,4
California Alliance Against Domestic Violence (CAADV),4
California Alliance for Prescription Affordability,4
California Alliance for Prescription Affordability (CAPA),4
California Alliance for the Mentally Ill (CAMI),4
California Ambulatory Surgery Association (CASA),4
California Assisted Living Facilities,4
California Association of Alcohol and Drug Program Executives (CAADPE),4
California Association of Code Enforcement Officers,4
California Association of Dental Plans (CADP),4
California Association of Health Plans,4
California Association of Independent Businesses (CAIB),4
California Association of Insurance and Financial Advisors (CAIFA),4
California Association of Joint Power Authorities (CAJPA),4
California Association of Local Conservation Corps (CALCC),4
California Association of Private School Organizations (CAPSO),4
California Association of Professional Scientists,4
California Association of Public Authorities (CAPA),4
Builders Exchange of Santa Clara County,4
Brookside Men's Golf Club,4
Bromine Science and Environmental Forum (BSEF),4
Association of Retired Teachers (ART),4
Asian Pacific American Labor Alliance (APALA),4
Asian Youth Center (AYC),4
Assembly Democratic Economic Prosperity Team,4
Assisted Living Consumer Alliance (ALCA),4
Association Of California Water Agencies,4
Association of California Community and Energy Services (ACCES),4
Association of California Healthcare Districts,4
Association of California Life and Health Insurance Companies,4
Association of California School Administrator,4
Association of California State Supervisors,4
Association of California Water Agencies,4
Association of Community Human Service Agencies (ACHSA),4
Association of Family and Conciliation,4
Association of People Supporting EmploymentFirst,4
Association of Rural Northern California Energy Providers (ARNCEP),4
Brightline,4
BRN,4
Bay Area Community Health Advisory Council (BACHAC),4
Bay East Association of Realtors,4
Beacon Communities/ABHOW,4
Beck Company,4
Berkeley Food and Housing Project,4
Big Pine Paiute Tribe of The Owens Valley,4
Big Sur Community Emergency Response Team,4
"Bill Wilson Center, Santa Clara",4
Biotechnology Industry Organization (BIO),4
Birch Hills Women's Golf Club,4
Board of Supervisors of,4
Bonnewit Development Services (Oakland),4
Brady Campaign,4
Coachella Valley Association of Governments (CVAG),4
Attorney General's Office,4
Coalition For Adequate School Housing,4
Junior League,4
Kern Audubon Society,4
Kennedy Forum,4
Keep Our Families Together,4
Junior State of America,4
"Junior League of San Francisco, Inc",4
"Junior League of Orange County, California, Inc",4
"Jericho, A Voice For Justice",4
Inner city Law Center,4
Janeunchained,4
Jamul Indian Village Of California,4
Jamboree Housing Corporation (Irvine),4
International Elevator Constructors Union,4
"International Anticounterfeiting Coalition, Inc",4
Interfaith Refugee & Immigration Service (IRIS),4
Kern County Superintendent Of Schools,4
LA-Mas,4
LAANE (Los Angeles),4
La-Mas,4
Laguna Greenbelt Inc,4
Lake Bowl Cardroom,4
Lamba Letters Project,4
Lamplighter-Chino Mobile Home Park,4
Las Palmas Foundation,4
Latin Business Association (LBA),4
Latino Education and Advocacy Days (LEAD),4
"Leaders for Ethics, Animals, and The Planet (LEAP)",4
Leadership Council For Justice And Accountability,4
Leadership Counsel for Justice & Accountability,4
League of Women,4
Legal Advocates for Permanent Parenting (LAPP),4
Legal Aid San Mateo,4
Interfaith Environmental Council,4
Inland Congregations United for Change (ICUC),4
Health Alliance for Violence Intervention,4
Hollywood Community Housing Corporation (Los Angeles),4
Hope 4 Restoration,4
Homes for Life Foundation (Los Angeles),4
Homefed Corporation,4
Homeaid America,4
Home Inspectors,4
Hollywood YIMBY,4
Hollister Downtown Association,4
Inland Coalition for Immigrant Justice,4
Hispanas Organized For Political Equality,4
Hills2000 - Friends of the Hills,4
Hills 2000 Friends of the Hills,4
Hill Hikers of Livermore,4
Highridge Costa Investors,4
Health Officers Association of,4
Hope of The Valley Rescue Mission,4
Housing Consortium of the East Bay (HCEB),4
Housing Element of the City of Emeryville,4
Housing Works (Los Angeles),4
Houston Group,4
Howard Jarvis Taxpayers Association,4
Hubbs-SeaWorld Research Institute,4
Humane Society Veterinary Medical,4
Humane Society of the United States (HSUS),4
ICON,4
Imperial Valley Housing Authority,4
Independent Automobile Dealers Association of California (IADAC),4
Independent California Colleges Advocate Program,4
Independent Energy Producers (IEP),4
Independent Living Center of Southern California (Los Angeles),4
Inglewood Board of Realtors,4
Inglewood Residents Against Takings and Evictions,4
Libertarian Party of Orange County,4
Lifesteps,4
Linda Vista Planning Group,4
Mental Health of America,4
Mickey Mouse Golf League,4
Mexican American Legal Defense & Education Fund,4
Metropolitan Water District of Southern California,4
Mercy Housing (West Sacramento),4
Mercedes-Benz Energy,4
Mental Health of America of California,4
Mental Health Association in,4
Lisc Los Angeles,4
Mendocino Lafco,4
Mendocino County Farm Bureau Federation,4
Mechanics Bank,4
Mechanical Contractors of Southern California,4
McCormack Baron Salazar Real Estate Development (Los Angeles),4
Mayors and Councilmembers Association of Sonoma County,4
MidPen Housing (Foster City),4
Mile High Group Homes,4
"Military Officers Association Of America, California Council Of Chapters",4
"Military Officers Association of America, California",4
"Military Officers Association of America, California Council",4
Milk Producers Council (MPC),4
Monarch Country Manufactured Home Owners Association,4
Money Services Roundtable,4
Mono County Deputy Sheriffs Association (MCDSA),4
Mono County Public Safety Officers Association (MCPSOA),4
Montebello Golf Players Club,4
Monterey County Supervisor Jane Parker,4
Monterey Peninsula Renters United,4
Morro Bay Golf Club,4
Mosquito Vector Control Association of California,4
Mother Lode Taxpayers Association,4
Coalition for Environmental Equity and Economics,4
Mayor John Bauters,4
Maternal And Child Health Access,4
Masimo Corporation,4
Los Angeles County Office of Education (LACOE),4
Little Tokyo Service Center Community Development Corporation (Los Angeles),4
Local Health Plans of California (LHPC),4
Lodi Association of Realtors,4
Loftin Firm LLP,4
Los Angeles Alliance for A New Economy (LAANE),4
Los Angeles Alliance for New Economy,4
Los Angeles Anti-Eviction Campaign,4
Los Angeles Business Council (LABC),4
Los Angeles Coalition of County Unions,4
Los Angeles Community College District (LACCD),4
Los Angeles County,4
Los Angeles County Democratic Party (LACDP),4
"Los Angeles County Federation of Labor, Afl-cio",4
Los Angeles County Fire Golf Association,4
Los Angeles County Organization of Police and Sheriffs,4
Mars Petcare,4
Los Angeles County Probation Officers Union,4
Los Angeles Forward,4
Los Angeles Human Right to Housing Collective,4
Los Angeles Neighborhood Housing Services (LANHS),4
Los Paisanos Golf Club,4
Low Income Investment Fund (Los Angeles),4
"Lutheran Office of Public Policy (Glendale, Santa Ana)",4
META,4
Major League Baseball,4
Managed Risk Medical Insurance Board (MRMIB),4
"March of Dimes, California",4
Marin County Council of Mayors and Council,4
Marina Community Association,4
Mariners Point Golf and Practice Center,4
Health Management Systems,4
Los Verdes Women's Golf Club,4
Harding Park Women's Golf Club,4
Creswell Consulting,4
Democratic Women's Forum of San Francisco,4
Democratic Club of North Santa Cruz County,4
Del Rey Neighborhood Council,4
David Toro Foundation,4
David L Baker Ladies Golf Club,4
Daniel Burnham Court Master and Homeowners Associations,4
"Covello Group, Inc",4
Council of Infill Builders,4
County of San Bernardo,4
County of Los Angeles Board of Supervisors,4
County of Inyo Board of Supervisors,4
County Welfare Directors Association Of California,4
County Of Los Angeles Board Of Supervisors,4
County Of Kern,4
Department of Health Services,4
Department of Housing and Community Development of Los Angeles,4
Department of Pesticide Regulations,4
Department of Toxic Substance Control,4
Department of Toxic Substances Control (DTSC),4
Diabetes Coalition,4
Dial Corporation,4
"Directors Guild of America, INC",4
Disability Rights Education and Defense Fund,4
District Council 16 International Union of Painters and Allied Trades,4
Doctor's Company,4
Doctors Orders: Play Golf,4
Dog Owners of the Golden State,4
Domestic,4
Domestic Violence Center,4
Downtown Management Corporation,4
Downtown Women's Center (Los Angeles),4
County Behavioral Health Director Association of California,4
Council for Amusement and Recreational Equipment Safety,4
East Bay Children's Law Offices (EBCLO),4
Colony Women's Golf Club,4
Community Health Council,4
Community Advocacy Services Association,4
Community & Children's Advocates Against Pesticide Poisoning,4
Communities Actively Living Independent and Free (Los Angeles),4
Commission on Accreditation of Athletic Training Education,4
Commercial Vehicle Training Association,4
College Preparatory School,4
Costa Mesa Women's Golf Club,4
Collateral Loan & Secondhand Dealers,4
Coca-Cola Company,4
Coastal Alliance for Aquaculture Reform,4
"Coalition of Labor, Agriculture & Business",4
Harding Park Golf Club,4
Coalition for Human Immigrant Rights of Los Angeles (CHIRLA),4
Community Initiatives for Visiting Immigrants in Confinement (CIVIC),4
Community Land Trust Association,4
Community Leadership Association,4
Community Residential Care Association of California (CRCAC),4
Community Resources for Independent Living (Alameda),4
Community for a Better Environment,4
Compassionate Pomona,4
Concerned Women For America of California,4
Congregations Organized For Prophetic Engagement,4
Connected Capital Area Broadband Consortium,4
Construction Industry Legislative Council,4
Consumer Federation of California,4
Consumers For Auto Reliability and Safety,4
Consumers for Automobile Reliability and Safety,4
Contra Costa Immigrant Rights Alliance,4
Cornerstone,4
Corporation for Supportive Housing (San Diego),4
EMS Medical Directors' Association of California (EMDAC),4
Congress of California Seniors,4
East Bay Refugee Forum,4
Friends Committee on Legislation of California (FCLCA),4
Gardena Royal and Ancient Golf Association,4
"Gap, INC",4
GRACE,4
GH Palmer and Associates,4
Frostig Center,4
Friends and Family Golf Club,4
Fresno Metro Ministries,4
"Georgette Gomez, San Diego City Council President",4
Fresno Housing Authority,4
Foundation for Early Childhood Education,4
Foster Care Project,4
Forward Progress,4
Foothill Collaborative for Sustainability,4
"Food for People, The Food Bank of Humboldt County",4
Gas Company,4
Geothermal Exchange Organization,4
First Tee Monterey County,4
Grocery Manufacturers of America (GMA),4
Hansen Dam Men's Golf Club,4
Hands Across the Sand,4
East Mission Improvement Association,4
"Hancock Park Homeowners Association, Est. 1948",4
Habitat for Humanity San Bernardino,4
Habitat for Humanity California,4
Greenlining Coalition,4
Global Green USA (Santa Monica),4
Greenbelt Alliance (San Francisco),4
Greater San Fernando Valley Chamber,4
Greater Riverside Chambers of Commerce,4
Goleta Manufactured Home Owners Coalition,4
Golden State Manufacturers Home Owners League,4
Gold Country Retirement Community,4
Folsom Auburn Trail Riders Action Coalition (FATRAC),4
Goat Hill Park Golf Course,4
First Star,4
El Prado Women's Golf Club,4
Encinitas4equality,4
Employers Health Care Coalition of Los,4
Employers,4
Emerald Isle Golf Course,4
Emerald Exchange,4
Electronic Industries Alliance (EIA),4
El Niguel Country Club,4
English Shepherd Club,4
El Dorado Park Men's Golf Club,4
El Dorado Lafco,4
East Valleys Organization (EVO),4
First Congregational Church of Alameda,4
Educate Our State,4
Eden Housing (Hayward),4
English Cocker Spaniel Club of Southern California,4
Elizabeth Center for Cancer Detection,4
EveryOne Home (Alameda County Continuum of Care),4
Fight for $15 and A Union,4
Farm Animal Reform Movement,4
Environmental Protection Information Center (EPIC),4
Environmental Working Group,4
Equal Rights Advocates (ERA),4
Equity Community Builders (San Francisco),4
Fire Districts Association of,4
Ethnic Coalition of Southern California,4
Environmental Justice Coalition for Water (EJCW),4
Everyone Home,4
Faith In The Valley,4
Fallbrook Seniors Golf Group,4
The 3 Ps Coalition,3
The A21 Campaign,3
TG/ENBY Project,3
"The AFT Guild, Local 1931",3
The 100% Campaign: Health Insurance for Every California Child,3
"The AIDS Project, Los Angeles",3
The ARC and United Cerebral Palsy in California,3
The AVID Center,3
The 101 Casino,3
Technology Network,3
Terrex Development Corporation,3
Telacu Residential Management,3
Tehama County Association of Realtors,3
Tehachapi Area Association of Realtors,3
TechNet,3
TV Academy,3
Symbium,3
The Alliance for Children's Rights,3
TELACU Residential Management,3
TODGO,3
The Alcohol Policy Network,3
The American Quarter Horse Association,3
"The America Federation of State, County and Municipal Employees",3
The American Brotherhood Aimed Toward Education,3
The Appraisal Foundation,3
The Arc Butte County,3
The Arc South Bay,3
Sutro Avenue Block Club/Leimert Park,3
The Animal,3
The American Society for the Prevention of Cruelty to Animals,3
The American Society for the Prevention of Cruelty to,3
The American SPCA,3
The American Red Cross of California,3
The American Red Cross,3
The American Plastics Council,3
The American Plasma Users Coalition,3
"The American Legion, Department of",3
The American Legion Department of California,3
The American Institute of Architects California Council,3
The American Heart Association/American Stroke Association,3
The American Foundation for Suicide Prevention,3
The American Federation of State,3
"The American College of Obstetricians and Gynecologists, District IX/CA",3
"The American College of Emergency Physicians, California State",3
The American Cancer Society,3
Sutta Company,3
Staffordshire Bull Terrier Club of America,3
Sustainable Growth YOLO,3
Surface Transportation Policy Project (STPP),3
State Council On Developmental Disabilities,3
State Coalition Of Probation Organizations,3
State Building and Construction Trades Council of California,3
State Building & Construction Trades Council Of California,3
"State Bar, Estate Planning, Trust",3
Specialty Vehicle Institute of America (SVIA),3
Spaulding Square Neighborhood Association Historic Preservation Overlay Zone,3
Spanish Speaking Unity Council,3
Spahr Center,3
Southwestern California Legislative Council,3
Southwest Regional Council of Carpenters Local 562,3
Southern California University of Health Sciences (SCUHS),3
Southern California Organizing Committee (SCOC),3
Southern California Organizing Committee,3
Southern California Housing Collaborative,3
Southern California Earthquake Center,3
Southern California Conference Ministerial Alliance,3
Southern California Coalition for Occupational Safety and Health,3
The Archeological Conservancy,3
Southern California Alliance of Law,3
South Tahoe Public Utilities District,3
State Department of Mental Health,3
State Firefighters Association,3
State Humane Association of California,3
Student Senate For California Community Colleges,3
"Surf and Sand Mobile Home Park Residents Association, Capitola",3
Supporting Initiatives to Redistribute Unused Medicine (SIRUM),3
Sunverge,3
Sunshine Design,3
Sunset Residents for Sensible Planning,3
SunVerge,3
Summer Hill Housing Group,3
Suitcase Clinic,3
"Su Casa - Ending Domestic Violence, Long Beach",3
Stronger Calif♀rnia Advocates Network,3
State Humane Association of California (SHAC),3
Street Medicine Institute,3
Strategic Concepts In Organizing And Policy Education,3
Strategic Actions for a Just Economy,3
Strategic Action for a Just Economy (SAJE),3
Stop ALD Foundation,3
Stevedoring Services of America,3
Statewide CA Coalition for Battered Women (SCCBW),3
State of California Auto Dismantlers Association (SCADA),3
State Teacher's Retirement System (STRS),3
The Arc and United Cerebral Policy in California,3
The California Media and Library Educators Association,3
The Aresis Ensemble INC,3
The California Healthcare,3
The California Pan-Ethnic Health Network,3
The California Municipal Revenue & Tax Association,3
The California Mining Association,3
The California Mental Health Directors Association,3
The California Manufacturers Association,3
The California League of United Latin American Citizens,3
The California League of Independent Notaries,3
The California Hospital Association (CHA),3
The California Hispanic Chamber of Commerce,3
The California Geotechnical Engineering Association,3
The California Primary Care Association,3
The California Foundation for Independent Living Centers,3
The California Fence Contractors' Association,3
The California Environmental Health & Justice Team,3
The California Domestic Workers Coalition,3
The California Disabled Veterans Business Alliance,3
The California Disabled Veteran Business Alliance,3
The California Conference of Local Health,3
The California Confederation of the Arts,3
The California Commission on the Status of Women and Girls,3
The California Peace,3
"The California Right to Life Committee, Inc",3
The California Coalition of Accredited Career Schools,3
The California Union of Safety Employees,3
The Cellular Telecommunications and Internet Association,3
Sonoma Valley Golden State Manufactured-Home Owners League,3
"The Cat Fanciers Association, Inc",3
The Capitol Resource Institute,3
The Cannabis Community Foundation,3
The Campaign for the Fair Sentencing of Youth,3
The Cameron Park Community Services District,3
The California-Nevada Conference of Operating Engineers,3
The California WIC Association,3
The California Teamsters,3
"The California School Employees Association, AFL-CIO",3
The California Teachers Association,3
The California Taxpayers Association,3
"The California State University, Bakersfield",3
The California State Student Association,3
The California State Council of SHRM,3
The California State Association of Public,3
The California State,3
"The California Sportman's Lobby, Inc",3
The California School Nurses Association,3
The California College and University Police Chiefs Association,3
The California Chapters of the Brady Campaign to Prevent Gun,3
"The Arthritis Foundation, California Chapters",3
The Association of Regional Center Agencies (ARCA),3
The Bob Bader Company,3
The Board of Rabbis of Southern California,3
"The Board for Professional Engineers, Land Surveyors, and Geologists",3
The Black Voice News,3
The Birth Equity Advocacy Project,3
The Bay Area Rhodesian Ridgeback Club,3
The Ballot Initiative Strategy Center,3
The BF Goodrich Company,3
The Association of Settlement Companies (TASC),3
The Association of Northern California Oncologists,3
The Brady Campaign,3
The Association of Life & Health Insurance Companies,3
The Association of General Contractors of America,3
The Association of California Water Agencies,3
The Association of California Life and Health,3
The Association of California Insurance,3
The Association for Unmanned Vehicle Systems International,3
The Association for California Tort Reform (ACTR),3
The Associated General Contractors of San Diego,3
The Asian Business Association,3
The Borzoi Club of Northern California,3
The Brotherhood of Elders Network,3
The California Chapter of the National Association of Social,3
The California Association of County Veterans Service Officers,3
The California Chapter of the American Fence Association,3
The California Chapter of the American College of,3
The California Building Industry Association,3
The California Attorney Generalos Office,3
The California Attorney General's Office,3
The California Association of Sheet Metal and Air,3
The California Association of Public Authorities,3
The California Association of Public,3
The California Association of Health Facilities,3
The California Association of Code Enforcement Officers,3
The Building Industry Credit and Supply Coalition,3
The California Association of Children's Homes,3
The California Association for Medical Laboratory,3
The California Assessors' Association,3
The California Asian Pacific Chamber of Commerce,3
The California Applicant Attorneys Association,3
The California Air Pollution Control Officers' Association,3
The California Academy of Child and Adolescent Psychiatry,3
The California ALS Advocacy Committee,3
The CA State Horsemen's Association,3
South Bay Association of Chambers Of Commerce,3
Palos Verdes Peninsula Association of Realtors,3
Songwriters Guild of America,3
Park LA Brea Impacted Residents Group (PLBIRG),3
Personal Insurance Federation (PIF),3
Personal Assistance Services Council (PASC),3
People's Parity Project,3
People Organizing To Demand Environmental & Economic Rights,3
People Concern,3
Pease Officers Research Association of California,3
Peace Officers' Research Association of California,3
Partnership For Los Angeles Schools,3
Parking Association of California,3
Parents of Courtney Cheney,3
Physician Association of California (PAC),3
Parent Voices,3
Parent Organizing Network,3
Parent,3
Paragon Companies,3
Palm Springs Regional Association of Realtors,3
Pallet,3
Pala Band Of Mission Indians,3
Pacific Steel Group (PSG),3
Pacific Merchant Shipping Association (PMSA),3
Peter Zippi Fund for Animals,3
Pierre Charles General Construction,3
"Pacific Cove Mobile Home Park Homeowners Association, Capitola",3
"Preston Park Tenants Association, Marina",3
Protection and Advocacy Inc.,3
Protecting Earth and Animals with Compassion and Education (PEACE),3
Project Avary,3
Professional Insurance Agents of California & Nevada,3
Professional Hockey Players Association,3
Professional Engineers in California Government,3
Professional Collegiate League,3
Professional Beauty Federation of California (PBFC),3
"Pride Panthers Coalition, Inc",3
Preserve Our Rural Communities - San Benito County,3
Pilipino American Los Angeles Democrats,3
PreFabADU,3
Port Costa Conservation Society,3
Pomona United for Stable Housing (PUSH),3
"Political Solutions, LLC",3
Point,3
Plus Home Housing Solutions,3
"Plumbing, Heating and Cooling Contractors",3
"Pleasure Point Mobile Park Homeowners Association, Santa Cruz",3
Placita Santa Fe Merchants Association,3
Pacific Lumber Company (PALCO),3
Pacific Companies,3
Psychiatric Physicians Alliance of California,3
Neighborhood Legal Services Of Los Angeles County,3
North Valley Property Owners' Association,3
North Face,3
North County YIMBY,3
North American Council on Adoptable Children (NACAC),3
Non- Profit Housing Association of Northern California,3
Non Profit Housing Association of Northern California,3
Newport Realty Advisors,3
New Pointe Communities,3
New Directions for Veterans,3
Neighborhood Housing Services of the Inland Empire (NHSIE),3
Northern California Environmental Defense Center,3
Neighbor Market Association (NMA),3
Nature of Wildworks,3
National Traffic Safety Institute (NTSI),3
National Rifle Association (NRA),3
National Organization of Black Law Enforcement (NOBLE),3
National Law Center on Homelessness & Poverty,3
National Hockey League Players Association,3
National Guard Association Of California,3
The Center for Bio-Ethical Reform,3
Northern California Cities Self Insurance Fund,3
Northern California Independent Booksellers Association (NCIBA),3
PATH Adventures,3
Orange County Employees Association,3
Outdoor Power Equipment Institute (OPEI),3
Orthopaedic Surgery Center of La Jolla,3
Orinda Watch,3
Organization of SMUD Employees,3
Oregon State Ambulance Association,3
Orcutt Ranch Home Owners Association (ORHOA),3
Orange County Voter Information Project (OCVIP),3
Orange County Sanitation District (OCSD),3
Orange County Environmental Justice (OCEJ),3
Orange County Department Of Education,3
Northridge Vision 2025,3
Oncology Association of Naturopathic Physicians,3
Oncofertility Consortium,3
"Olympia Glade Home Owners Association, Grass Valley",3
Office of the State long-Term Care Ombudsman,3
Ocean Project,3
"Oaks Mobile Home Park Homeowners' Association, Oroville",3
Oakland Institute,3
Oakland Citizens Committee for Urban Renewal (OCCUR),3
Oak Haven Neighbor Group,3
Prothero Homeowners Association,3
Public Agency Risk Sharing Authority of California,3
Solano County Board Of Supervisors,3
Santa Ana Watershed Project Authority (SAWPA),3
"Scott Weiner, Supervisor - District 8, San Francisco",3
Scholars Promoting Education Awareness and Knowledge,3
Save Strawberry Canyon,3
Sares Regis Homes,3
Santee Mobile Home Owner's Action Committee,3
Santa Cruz County Regional Transportation Commission (SCCRTC),3
Santa Clara Valley Open Space Authority,3
Santa Clara Lafco,3
Santa Clara County Valley Water District,3
San Pedro United Methodist Church,3
Sea Oaks Mobilehome Park Homeowners Association,3
San Mateo County-City/County Association of Governments,3
San Louis Obispo Mobilehome Residents Assistance Panel,3
"San Lorenzo Mobile Home Park Homeowners' Association, Felton",3
San Jose/Silicon Valley Branch of The NAACP,3
San Joaquin County Board Of Supervisors,3
San Francisco Spca,3
San Francisco SPCA,3
San Francisco Housing Coalition,3
San Francisco Department of The Environment,3
"Sea Oaks Mobile Home Park Homeowners' Association, Los Osos",3
Sea Ranch Association,3
San Francisco Bay Area Planning and Urban Research Association,3
"Shoreline Estates Residents' Association, Santa Cruz",3
Solano Association of Realtors,3
Social Justice,3
Social Compassion In Legislation,3
Small Cities Organized Risk Effort,3
Silicon Valley at Home (SV@Home),3
Silicon Valley Toxics Coalition (SVTC),3
Silicon Valley Manufacturing Group (SVMG),3
Silicon Valley Land Conservancy,3
"Sierra Homeowners Association, Cotati",3
Sheriff of Amador County,3
SeaChange Agency,3
Shelter Transport Animal Rescue Team,3
Sex Workers Project of the Urban Justice Center,3
"Seven Flags Homeowners Association, Sonoma",3
Service First of Northern California,3
"Service Employees International Union, Local 1000",3
"Sequoia Mobile Home Park Homeowners' Association, Santa Rosa",3
Sequoia Home Funding,3
Selma Enterprise,3
Seiu Local 1021,3
San Francisco Chamber Of Commerce,3
San Diego Regional Chamber Of Commerce,3
Public Agency Risk Sharing Authority of California (PARSAC),3
Residents United Network (RUN),3
Risk & Insurance Management Society,3
"Riley Realty, LP",3
Richmond Neighborhood Housing Services Inc,3
Richardson Danner Golf Course Architects,3
Responsible Industry for A Sound Environment,3
Respiratory Care Board (RCB),3
Resources for Independent Living (RIL),3
Resource Conservation District of The Santa Monica Mountains,3
Resource Connection Food Bank,3
Redwood Empire Food bank,3
Riverside County Advocacy Association (RCAA),3
Redwood Coast Connect (RCC),3
"Rancho Santa Paula Mobile Home Park Homeowners' Association, Santa Paula",3
Rampart Village Neighborhood Council,3
ROEM Development Corporation,3
Public Utilities Commission (PUC),3
Public Law Center (PLC),3
Public Investors Arbitration Bar Association (PIABA),3
Public Interest Law Project (PILP),3
Public Health Institute Center for Climate Change and Health,3
River Project,3
Riverside County Democratic Party,3
San Diego Ninth District Councilmember Georgette Gomez,3
Saint John Manor,3
San Diego Housing Commission,3
San Diego Housing Coalition,3
San Diego Foundation,3
San Diego County Water Authority,3
San Diego County Division,3
San Diego County Court Employees Association,3
San Diego County Apartment Association (SDCAA),3
San Diego Chargers,3
Salvadoran American National Association,3
Safe Energy Now,3
"Riverside County Division, League of California Cities",3
Safe Child Coalition,3
Safe Alternatives to Violent Environments (SAVE),3
Sacramento Street Medicine,3
Sacramento Municipal Utilities District (SMUD),3
"Sacramento Central Labor Council, Afl-cio",3
STEM,3
Ryse Youth Center,3
Rocky Mountain Institute,3
Riverside Sheriff's Association (RSA),3
The Center by Lendistry,3
"Tri-Valley Haven, Alameda County",3
"The Center for Equity for English Learners, Loyola Marymount University",3
The Villa Center,3
The Women's Foundation of California - Women's Policy Institute,3
The Women's Council,3
The Women's Community Clinic,3
The Women's Christian Temperance Union of Southern California,3
The Women's Center - Youth & Family Services,3
The Westside Greens,3
The Weingart Center Association,3
The Water Replenishment District of Southern California,3
The W. Haywood Burns Institute,3
The Variable Annuity Life Insurance Company,3
The Yisrael Family Urban Farm,3
The Valley Women's Club,3
The Utility Workers Union of America,3
The United Coalition for Motor Club Safety,3
The UNIDOS Network,3
The Turlock Irrigation District,3
The Tulare Chamber of Commerce,3
The Trust For Public Lands,3
The Transgender Law Center,3
The Train Riders Association of California,3
The Workmen's Circle,3
The Yolo Land Trust,3
The Terraces of Los Gatos,3
National Federation of Independent Business's (NFIB),3
U.S. Vets,3
Tulare Chamber Of Commerce,3
Trusts & Estates Section of the State Bar of California,3
Trust for Public Land (TPL),3
True Friendship Missionary Baptist Church,3
Trinity Respecting Earth and Environment (TREE),3
Trico Mobile Estates HOA,3
Tribal Alliance of Sovereign Indian Nations (TASIN),3
TriCounty Watchdogs,3
Tri,3
The Zenith Insurance Company,3
Transition Albany,3
Transgender Gender-Variant Intersex Justice Project,3
Trailer Haven Mobile Home Homeowners' Association,3
Town Of Los Gatos,3
Town Of Discovery Bay Community Services District,3
Torres Martinez Desert Cahuila Indians,3
Tobacco Education & Research Oversight Committee,3
"Tim Sheahan, President, National Manufactured Home Owners Association",3
Thriving Families California (TFC),3
The Traditional Values Coalition,3
The Tehama Colusa Canal Authority,3
Ultimate Fighting Championship (UFC),3
The Riverside County Democratic Party,3
The San Francisco 49ers,3
The San Fernando Valley Sun,3
The San Elijo Lagoon Conservancy,3
The San Diego Chargers,3
The Salvadoran-American Leadership and Educational Fund,3
The SIA Legal Team,3
The Rusty Hook Tackle Store,3
The Roofing Contractors Association of California,3
The Riverside Sheriff's Association,3
The Richstone Family Center,3
The San Francisco District Attorney's Office,3
"The Retired Officers Association, California Council of",3
The Resilient Floor Covering Institute,3
The Reserve Officers Association,3
The Religious Sisters of Charity,3
The Relational Culture Institute,3
The Recovery Advocacy Project,3
The Recording Academy,3
The Ranch At Laguna Beach,3
The Professional Engineers in California Government (PECG),3
The San Francisco Bar Pilots,3
The San Francisco Food Security Task Force,3
The Sutton Law Firm,3
The Southwest California Legislative Council,3
The Sturdevant Law Firm,3
The Stuart Foundation,3
The Stop Hidden Taxes Coalition,3
The Stone Lakes Refuge Alliance,3
"The State Bar, Business Law Section",3
The State,3
The Sparkjoy Foundation,3
The Spanish Speaking Unity Council,3
The Spahr Center,3
The Southland Corporation (7-Eleven Stores),3
The Santa Clara Valley Audubon Society,3
The Southern California Coalition,3
The Southern California Chinese Lawyers Association,3
The Solar Connection,3
The Soap & Detergent Association,3
The Sierra Nevada Alliance,3
The Sierra Club California,3
The Seismic Safety Commission,3
The Second African Methodist Episcopal Church of Los Angeles,3
"The Screen Actors Guild-American Federation of Television and Radio Artists, AFL-CIO",3
"UNITE Here International Union, AFL-CIO",3
Union Ice Company,3
The Proctor & Gamble Company,3
Youth law Center,3
the California Restaurant Association,3
the California Narcotic Officers Association,3
the California Healthy Nail Salon Collaborative,3
the California Court Clerks,3
the Bay Area,3
the American Fence Contractors' Association,3
the Administration of Justice,3
Yuba Sutter Chamber Of Commerce,3
Yuba Community College District (YCCD),3
Youth Policy Institute (YPI),3
the Campaign for California Families,3
Yolo MoveOn Action Committee,3
Yolo Community Care Continuum,3
World Institute on Disability (WID),3
World Council for Renewable Energy,3
Working Partnerships,3
Womens' Empowerment,3
"Women's International League of Peace & Freedom, Fresno",3
"Women's Foundation of California, Women's Policy Institute",3
Women's Earth and Climate Action Network (WECAN),3
the California State Association of Counties,3
"the Center for Oceanic Awareness, Research, & Education",3
Winnemem Winti Tribe - Middle River People,3
the National Association for the Advancement of Colored People,3
the Wildlands Conservancy,3
the Western Plastics Association,3
the Walt Disney Company and its Affiliated Entities,3
"the Vons Companies, Inc",3
the Valley Industry and Commerce Association,3
"the United Food and Commercial Workers, Western States Council",3
the Taxation Section of the State Bar of California,3
the State,3
the Reserve Officers Association,3
the NAACP,3
the Center for Progressive Reform,3
the Los Angeles Police Protective League,3
the Los Angeles Business Council,3
the Judicial Council,3
the Fort Ord,3
the County Clerks,3
the Communities for a Better Environment,3
the Clean Water Action,3
the Child Care Resource Center,3
the Center for Public Environmental Oversight,3
Women's Building of San Francisco,3
Wine Institute,3
Unite for Reproductive & Gender Equity (URGE),3
University Of California,3
Ventura Manufactured-Home Residents Council,3
Ventura County Taxpayers Association (VCTA),3
Ventura County Economic Development Association (VCEDA),3
Ventura County Climate Hub,3
Ventura Council Of Governments,3
Vegan of LA,3
Vallecito Union School District,3
"Urban Wildlands Group, Inc",3
Up For Growth,3
University California Student Association,3
Victim Offender Reconciliation Program,3
Universal Fellowship,3
United Way Santa Cruz,3
United States Hispanic Chamber of Commerce (USHCC),3
United Parcel Service (UPS),3
United Neighbors of Senate District 13,3
United Hospital Association (UHA),3
United Food and Commercial Workers Western States Council,3
United Food and Commercial Workers Union (UFCW) Western States Council,3
United Cannabis Business Association,3
Veterans Caucus of the Democratic Party,3
Victor Agencies,3
"Willie L. Brown, Jr. Institute",3
West Contra Costa Alcohol Policy Coalition,3
Williams Institute,3
William C. Arthur Terrace,3
"Whispering Pines Mobile Home Park Owners Association, Scotts Valley",3
Westside Coalition,3
"Westlake Village Mobile Home Park Homeowners' Association, Visalia",3
Western States Council Of Sheet Metal Workers,3
"Western Center on Law & Poverty, INC.",3
Western Agricultural Chemicals Association,3
West County Alcohol Policy Working Group,3
West Bay Housing Corp,3
Vietnam Veterans of America-California State Council,3
Welk Resort Group,3
Warner Bros. Entertainment Inc,3
Warner Bros. Discovery,3
Walt Disney Company and its Affiliated Entities,3
W. Haywood Burns Institute,3
Volunteers of East Los Angeles,3
Voice of Citizens Together,3
"Vista Del Lago Homeowners' Association, Scotts Valley",3
Village Family Services,3
The Professional Collegiate League,3
The Procter and Gamble Company,3
The Center for Genetics and Society,3
The Food Initiative of Greater Stanislaus,3
The Golden Retriever Club of Greater Los Angeles,3
The Golden Gate Shih Tzu Fanciers,3
The Girl Scouts,3
The Gillette Company,3
The Fund for Santa Barbara,3
The Frostig Center,3
The Freshwater Trust,3
The Foundation for Taxpayer & Consumer Rights,3
The Foundation for,3
The Florence Firestone Walnut Park Chamber of Commerce,3
The Governor's Office of Planning and Research,3
The Flasher/Barricade Association,3
The First Amendment Coalition,3
The Feingold Association of the United States,3
The Feingold Association of The United States,3
The Federation of State Medical Boards,3
The Federation for American Immigration Reform,3
The Farmers Insurance Group,3
The Family,3
The Environmental Council of Sacramento,3
The Governor's Administration,3
The Greater Oxnard Organization of Democrats,3
The Electronic Frontier Foundation,3
The Horror Writers Association,3
The Independent Online Booksellers Association,3
The Imperial Valley LGBT Resource Center,3
The Huntington Beach Tree Society,3
The Huntington,3
The Hunger Advocacy Network,3
The Humane Society of the North Bay Animal Services Division,3
The Humane League,3
The Howard Jarvis Taxpayers Association,3
The Housing Trust of Santa Clara County,3
"The Honorable Tom Butt, Mayor",3
The Greater West Covina Business Association,3
"The Honorable Cruz Bustamante, Lieutenant Governor",3
The Hertz Corp,3
The Herald Fire Protection District,3
The Haywood Burns Institute,3
The HELP Group,3
The Gualco Group,3
The Group B Strep Association,3
The Grocery Manufacturers Association,3
The Greenlining,3
The Ella Baker Center for Human Rights,3
The Effort,3
The Innocent Justice Foundation,3
The City of Benicia Fire Department,3
The Coalition for Educational Justice,3
The Coalition,3
"The Climate Reality Project, South Central Coast",3
"The Climate Reality Project, San Diego",3
"The Climate Reality Project, Los Angeles",3
The Civil Justice Association of California (CJAC),3
The City of Santa Cruz,3
The City of Sacramento,3
The City of Long Beach,3
The City of Anaheim,3
The Coalition of Welfare Rights Organizations,3
The City and County of San Francisco Human Services Agency,3
The Child and Adolescent Gender Center,3
The Child Care Alliance of Los Angeles,3
The Chief Executive Officers of the California Community,3
The Chamber of Commerce Mountain View,3
The Central City Association of Los Angeles,3
The Center for Young Women's Development,3
The Center for Juvenile Law and Policy,3
The Center for Institutional Courage,3
The Coalition of California Insurance Professionals,3
The Coalition to End Family Violence,3
The Ed Ladder,3
The Dairy Institute,3
The Ecological Farming Association,3
The Eating Disorder Foundation,3
The Driving School Association of the Americas,3
"The Desert Protective Council, Inc",3
The Department of Fish and Game,3
The Department of Corporations,3
"The Dennehey Group, Inc",3
The Democracy Collaborative,3
The Dark Horse Inn,3
"The Dahm Team Real Estate Company, Inc",3
The Community Action Fund of Planned Parenthood of Orange and San Bernardino,3
The Creative Card Congress,3
The Covello Group,3
The County of Santa Cruz,3
The County Health Executives Association,3
The County,3
The Council on American-Islamic Relations - California,3
The Council on Alcoholism and Drug Abuse,3
The Contra Costa Times,3
The Congress of California Seniors,3
The Inland Empire Economic Partnership,3
The Insolvency Law Committee of the Business Law Section of the State Bar of California,3
The Prison Policy Initiative,3
The National Humane Education Society,3
The Northern California District Council of the International Longshore and Warehouse Union,3
The Nicole Brown Simpson Charitable Foundation,3
The Newspaper Guild,3
The Nela Climate Collective,3
The Nature Conservancy,3
The National Trust For Historic Preservation,3
The National Tax Limitation Committee,3
The National Resources Defense Council,3
"The National Lawyers Guild, Los Angeles",3
The National Hockey League,3
The Office of the Governor,3
"The National Gay and Lesbian Task Force, Inc",3
The National Environmental Trust,3
The National Economic Development & Law Center,3
The National Campaign to Prevent Teen and Unplanned Pregnancy,3
The National Association of Theatre Owners of California,3
"The National Association of Social Workers, California Chapter (NASW-CA)",3
The National Association of Insurance and Financial Advisors of California,3
The National Anti-Vivisection Society,3
"The Motion Picture Association of America, Inc",3
The Office of the City Attorney of Los Angeles,3
The Office of the San Diego County District Attorney,3
The Morrow Institute,3
The People's Parity Project,3
The Printed Circuit Alliance,3
The Port of San Diego,3
The Port of Los Angeles,3
The Plasma Protein Therapeutics Association,3
The Pharmaceutical Research and Manufacturers of America (PhRMA),3
The Peterson Family,3
The Pet,3
The Personal Assistance Services Council,3
The Perrier Group of America,3
The Peace Officers Research Association of California,3
The Open Monterey Project,3
The Pasadena Humane Society and SPCA,3
The Pasadena Humane Society & SPCA,3
The Partnership for the Advancement of New Americans,3
The Paralyzed Veterans of California,3
The Pad Project,3
The Pacific Lumber Company,3
The Pacific Institute,3
The Pacific Association of Domestic Insurance Companies,3
The Osteopathic Physicians and Surgeons,3
The Motion Picture Association,3
The Monterey Fish Market,3
The Institute For College Access And Success,3
The Jockeys Guild,3
The Land Conservancy of San Luis Obispo County,3
The Lamba Letters Project,3
The LEAP Institute,3
The LA Conservation Corps,3
The Klabin Company,3
The Kennel Club of Palm Springs,3
The Justin Foundation,3
The Junior League of Orange County,3
The John Burton Foundation,3
The Jockey Guild,3
The Latino Coalition for a Healthy California,3
The Israel Christian Nexus,3
The Irvine Ranch Water District,3
The International League of Antiquarian Booksellers,3
The International Corporate Accountability Roundtable,3
"The International Cat Association, Inc",3
The International Brotherhood of Electrical Workers,3
The International Alliance of Theatrical State Employees Local 80,3
The Institute for Socio-Economic Justice,3
The Institute for Fisheries Resources,3
The Latin American Agents Association,3
The Latino and Latina Roundtable of the San Gabriel and Pomona Valley,3
The Mockingbird Society,3
The Los Angeles Memorial Coliseum Commission,3
The Metropolitan Transportation Authority,3
The Mendocino Land Trust,3
The Media,3
The Mechanical Contractors of Southern California,3
The Maritime Museum of San Diego,3
The March of Dimes,3
The MADE,3
The Lumber Association of California & Nevada,3
"The Los Angeles Probation Department Union, AFSCME",3
The Los Angeles County Office of Education,3
The Law Enforcement Alliance of America,3
The Los Angeles Coalition for the Economy & Jobs,3
The Longfin Tackle Store,3
The Long Beach Area Chamber of Commerce,3
"The Loftin Firm, P.C",3
The Legislative Women's Caucus,3
The Legion of Valor,3
The League of Women Voters of the Monterey Peninsula,3
The League of Women Voters of CA,3
The League of,3
National Fire Protection Association (NFPA),3
The California Community College Trustees,3
National Employment Law Project,3
California Association of Food Banks (CAFB),3
California Latinas For Reproductive Justice,3
California Innocence Project,3
California Housing Consortium (CHC),3
California Healthcare Association,3
California Health Institute (CHI),3
California Hawaii State Conference of NAACP,3
California Groundwater Coalition (CGC),3
California Golf & Travel Magazine,3
California Fuels and Convenience Alliance (CFCA),3
California Fuels And Convenience Alliance,3
California Federation of Teachers,3
California Federation of Interpreters (CFI),3
California Farm Bureau Federation (CFBF),3
California Farm Bureau,3
California Fair Services Authority,3
California Employment Lawyer's Association,3
California Dump Truck Owners Association (CDTOA),3
California Domestic Workers Coalition,3
California District Attorneys' Association (CDAA),3
California Disability Services Association,3
California Dietetic Association,3
California Latinas for Reproductive Justice (CLRJ),3
California Lawyer's Association,3
"California Lawyers Association, Trusts and Estates Section Executive Committee",3
California Ostrich Association,3
California Product Stewardship Council,3
"California Probation, Parole, and Correctional Association (CPPCA)",3
"California Probation, Parole And Correctional Association",3
California Primary Care Association,3
California Poultry Federation (CPF),3
California Podiatric Medical Association,3
California Pharmacists,3
California Peace Officers Association (CPOA),3
California Park & Recreation Society (CPRS),3
California Orthopaedic Association (COA),3
California Legislative Council For Older Americans,3
California Official Court Reporters Association (COCRA),3
California Nurses Association,3
California National Organization For Women,3
California Mortgage Association (CMA),3
California Mental Health Advocates for Children and Youth (CMHACY),3
California Medical Group Association (CMGA),3
California Manufactured Housing Institute (CMHI),3
California Library Association (CLA),3
California Legislative Council of Professional Engineers,3
California Department of Forestry Firefighters,3
California Court Interpreters Association (CCIA),3
California Council of the Blind (CCB),3
California Association of Retired Teachers,3
California Black Chamber Of Commerce,3
California Beer and Beverage Distributors (CBBD),3
California Bat Working Group,3
California Bail Agents Association (CBAA),3
California Athletic Trainers Association (CATA),3
California Association of Veterans Service Agencies (CAVSA),3
California Association of Veteran Service Agencies (CAVSA),3
California Association of Teachers of English (CATE),3
California Association of Social Rehabilitation Agencies,3
California Association of Resource Conservation Districts (CARCD),3
California Broadcasters Association (CBA),3
California Association of Recreation and Park Districts (CARPD),3
California Association of Public Authorities,3
California Association of Obstetricians and Gynecologists (CAOG),3
California Association of Nurse Practitioners (CANP),3
California Association of Nurse Anesthetists (CANA),3
California Association of Mortgage Brokers (CAMB),3
California Association of Mental Health Patients' Rights Advocates,3
California Association of Marriage and Family Therapists,3
California Association of Independent Accountants,3
California Breastfeeding Coalition,3
"California Building Industry Association, Professional Women in Building Council",3
California Council of Land Trusts (CCLT),3
California College Democrats (CCD),3
California Council of Community Behavioral Health Agencies,3
California Council for Adult Education (CCAE),3
California Council Of Land Trusts,3
California Council Of Community Behavioral Health Agencies,3
California Correctional Supervisors' Organization,3
California Correctional Peace Officers Association,3
California Construction and Industry Materials Association,3
California Community Loan Fund,3
California Commission on the Status of Women,3
California Coastal Environmental Rights Foundation,3
California Bus Association (CBA),3
California CoastKeeper Alliance,3
"California Child, Youth & Family Coalition (CCYFC)",3
California Child Development Administrators Association (CCDAA),3
California Chamber of Commerce,3
California Chamber of Commerce,3
California Chamber of Commerce,3
California Chamber of Commerce,3
California Central City Association of Los Angeles,3
California Cattlemen's Association,3
California Promise Neighborhood Network,3
California Psychological Association,3
California Psychological Association,3
Center for Young Women's Development,3
Chatsworth Mobile Home Park Homeowners' Association,3
Chamber of Commerce for Greater Brawley,3
Century,3
Central Coast Environmental Voters (CCEV),3
Central California Asthma Collaborative (CCAC),3
Center on Reproductive Rights and Justice (CRRJ),3
"Center on Race, Poverty & the Environment (CRPE)",3
"Center on Race, Poverty & The Environment",3
"Center of Race, Poverty and The Environment",3
Center for Violence-Free Relationships,3
Child Care Alliance of Los Angeles,3
Center for LGBTQ and Gender Studies in Religion,3
Center for Institutional Courage,3
"Center for Equity for English Learners, Loyola Marymount University",3
Center for Environmental Health (CEH),3
Center for Energy Efficiency and Renewable Technology (CEERT),3
Center for California Homeowner Association Law (CCHAL),3
"Center For Oceanic Awareness, Research, & Education",3
Center Coast Alliance United for a Sustainable Economy,3
Cellular Resellers Association (CRA),3
Chief Probation Officers of California,3
Child Care Law Center (CCLC),3
"Catholic Charities, Diocese Of Stockton",3
Citizens Against Regulatory Excesses,3
City of Corte Madera,3
City Of San Jose,3
City Of Placentia,3
City Of Fountain Valley,3
City Of Dana Point,3
City Of Arcata,3
City Clerks Association of California (CCAC),3
City And County Of San Francisco,3
Citizens for Choice - Nevada County,3
Chula Vista Community Collaborative,3
Child Care Law Center,3
Christian Church Pacific Southwestern Region,3
Chino Basin Coalition,3
Chinatown Community for Equitable Development (CCED),3
Children's Legal Services of San Diego,3
Children's Law Center of Los Angeles,3
Children's Defense Fund - CA,3
Children's Clinic,3
Children's Cause Orange County,3
Child Care Resource & Referral Network,3
Catholic Healthcare West (CHW),3
Catholic Charities of CA United,3
California Public Defenders Association (CPDA),3
California Society of Pathologists (CSP),3
"California State Legislative Board of the Sheet Metal, Air, Rail and Transportation Workers - Transportation Division (SMART-TD)",3
"California State Legislative Board of The Sheet Metal, Air, Rail and Transportation Workers - Transportation Division (SMART-TD)",3
"California State Council, SEIU",3
California State Council of Service Employees International Union (seiu California),3
California State Council of Laborers,3
California State Association of Psychiatrists,3
California State Assn. of Counties (CSAC),3
California Sportsmanos Lobby,3
California Society of Radiologic Technologists (CSRT),3
California Society of Certified Public Accountants,3
California State Treasurer John Chiang,3
"California Society for Allergy, Asthma and Immunology (CSAAI)",3
California Small Business Association (CSBA),3
California School of Professional Psychology,3
California School Nurses Organization (CSNO),3
"California Rifle And Pistol Association, Inc",3
California Retailers Association,3
California Rehabilitation Association,3
California Railroad,3
California Public Employees' Retirement System,3
California State PTA,3
California Sustainable Cement Manufacturing & Environment,3
Castle Argyle Senior Housing Residents,3
Californians for Community Energy,3
Casita Coalition,3
Casa de la Paloma,3
"Carriage Acres Homeowners' Association, Soquel",3
Capitol Area Indian Resources,3
Capitol Area Development Authority (CADA),3
Cannabis Chamber of Commerce,3
Campaign for College Opportunity,3
Campaign For College Opportunity,3
Camp,3
Californians United for a Responsible Budget,3
California Sustainable Cement Manufacturing & Environment (CSCME),3
Californians For Safety and Justice,3
Californians Allied for Patient Protection (CAPP),3
Californians Against Waste,3
California-Mexico Studies Center,3
California's Multifamily Affordable Solar Homes Coalition,3
California for Safety and Justice,3
California Young Democrats (CYD),3
California Teachers Association (CTA),3
California TGI Policy Alliance,3
California Association of Health Maintenance Organizations (CAHMO),3
California Association of Family Empowerment Centers,3
City of LA Palma,3
California Association of County Treasurers and Tax Collectors,3
American Society of Travel Agents (ASTA),3
American Society of Travel Agents,3
American Society of Hand Therapists,3
American Society for the Prevention of Cruelty to Animals,3
"American Parkinson Disease Association, Inc",3
"American Occupational Therapy Association, Inc",3
American Occupational Therapy Association (AOTA),3
American Numismatic Association,3
American Motorcyclist Association (AMA),3
American Lung Association of California,3
American Lung Association of California (ALAC),3
"American Legion, Department of",3
American Legion - Department of California,3
American Jewish Committee (AJC),3
American Immigration Lawyers' Association,3
"American Federation of State, County, & Municipal Employees (AFSCME)",3
"American Federal of State, County and Municipal Employees (AFSCME)",3
American Fair Credit Council,3
American Economic Liberties Project,3
American Diabetes Association (ADA),3
American Congress of,3
American Specialty Health Plans (ASHP),3
Andres Duarte Terrace,3
Animal Legal Defense Fund (ALDF),3
Asian Pacific Islander School Board Members Association,3
Association of California Life & Health Insurance Companies,3
Association of California Health Care Districts (ACHCD),3
Association of California Construction Managers (ACCM),3
Association of Bay Area Governments,3
Association for the Improvement of Secondary Education (AISE),3
Association for Long Term Existence and Resilience (ALTER),3
Association Of California Life & Health Insurance Companies,3
Associates Group for Affordable Housing,3
Asian-Americans Advancing Justice,3
Asian Pacific Environmental Network,3
Animal Legal Defense Fund,3
Asian Pacific American Women Lawyers Alliance (APAWLA),3
Asian Pacific American Dispute Resolution Center (APADRC),3
"Arthritis Foundation, California Chapters",3
Arc of San Diego,3
Arc of Riverside County,3
Arc Of California,3
Arc Butte County,3
Anti,3
Animal Physical Therapy Coalition,3
American Concrete Pipe Association,3
American College of Obstetricians and Gynecologists of,3
American Civil Liberties of California,3
Act,3
Affordable Housing Collaborative,3
Advocates for Affordable Homes in Fremont,3
Advocacy Respect Commitment of California,3
Advocacy Group,3
Adventist Health System,3
Advantage Group,3
Adobe Community,3
Adara Power,3
Act-LA,3
"Academic Senate, California State University",3
African-American Male Achievers Network (AMAN),3
AWARE-LA,3
AMVETS-Department of California,3
AIDS HealthCare Foundation,3
"AFSCME, AFL-CIO",3
AFSCME,3
ABODE Services,3
A. L. Costa Community Development Center,3
5 Gyers Institute,3
National Employers Law Project,3
Affordable Housing Development Corporation,3
Aging Services of California (ASC),3
American Civil Liberties Union,3
Alliance for Toxic Free Fire Safety (ATFFS),3
American Civil LIberties Union,3
American Association of Franchisees & Dealers (AAFD),3
"American Association for Marriage and Family Therapy, California",3
"American Academy of Pediatrics, California (AAP-CA)",3
America's Health Insurance Plans,3
Amador County Association of Realtors,3
Alliance of Schools for Cooperative Insurance Programs (ASCIP),3
Alliance of California Autism Organizations (ACAO),3
Alliance of CA Autism Organizations,3
Alliance for Community Transit - Los Angeles (ACT-LA),3
Air Conditioning Trade Association (ACTA),3
Alliance For A Better Community,3
Alliance (CMPA),3
"Alimur Park Homeowners Association, Soquel",3
Alhambra Retirement Community,3
Albert Einstein Residence Center,3
Alameda Renters Coalition,3
Alameda County Transportation Improvement Authority (ACTIA),3
Airport Area Business Association,3
Air Force Sergeants Association (AFSA),3
Association of Labor Compliance Professionals (ALCP),3
Association of Life & Health Insurance Companies,3
Association of Los Angeles Deputy Sheriffs (ALADS),3
CA Association of County Veterans Service Officers (CACVSO),3
Ca,3
CROP Organization,3
CHILDREN NOW,3
CCC Climate Leaders,3
CARE Community Land Trust,3
CALIFORNIA PRODUCT STEWARDSHIP COUNCIL,3
CAL FIRE Local 2881,3
CA Senior Legislature,3
CA Conference of Machinist,3
"CA Assoc. for Health, Physical Education, Recreation & Dance",3
Cal State Student Association,3
C&C Development Corporation,3
Business Leaders Task Force,3
Bureau of State Audits (BSA),3
Burbank Housing Development,3
Burbank Association of Realtors,3
Building Owners and Managers Association of Greater Los Angeles,3
Building Owners & Managers Association,3
Building Opportunities for Self-Sufficiency (BOSS),3
"Building Industry Association, Riverside County Chapter",3
"Cabrillo Mobilehome Estates Homeowners Association, Capitola",3
CalEITC Coalition,3
Build.Com,3
California Association Of Homes For The Aging,3
California Association of Code Enforcement Officers (CACEO),3
California Association of Catholic Hospitals (CACH),3
California Association for Professionals in Infection Control & Epidemiology,3
California Association for Nurse Practitioners (CANP),3
California Association for Licensed Professional Clinical Counselors,3
California Association for Licensed Professional Clinical Counselors (CALPCC),3
California Association for Health Services AT Home,3
California Association Of School Business Officials (Casbo),3
California Association Of Sanitation Agencies,3
California Association Of Health Plans,3
Calif. Independent Public Employees Legislative Council,3
California Association Of Area Agencies On Aging,3
California Association For Health Services At Home,3
California Asian Pacific Chamber of Commerce,3
California Applicant Attorneys Association (CAAA),3
California Animal Control Directors Association,3
California Alliance for the Mentally Ill,3
California Advocates for Nursing Home Reform,3
California Advocates for Nursing,3
California Academy Of Family Physicians,3
Building Decarbonization Coalition,3
Brynhurst Avenue Block Club,3
Association of Northern California Oncologists (ANCO),3
Aurora Solar,3
Baptist Ministers Conference of Los Angeles and Southern California,3
BRADY Campaign to Prevent Gun Violence,3
"BOMA, California and San Diego",3
BIENESTAR Human Services,3
BAYC,3
Avalon Gardens Community Organization,3
Automobile Club of California,3
Autistic Self Advocacy Network,3
Autistic People of Color Fund,3
Aurora Santa Rosa Hospital,3
Bay Area Community Health Advisory Council,3
Audubon International,3
Audrie Pott Foundation,3
Auburn Dam Coalition,3
Astron Development Corp,3
Association of Unmanned Vehicle Systems International,3
Association of Settlement Companies (TASC),3
Association of Retail Travel Agents (ARTA),3
Association of Regional Centers Agencies,3
Association of Pedestrian and Bicycle Professionals (APBP),3
Bay Area Bicycle Coalition (BABC),3
Bay Area Lawyers for Individual Freedom (BALIF),3
Brotherhood of Elders Network,3
Blue Cross of California (BCC),3
BrightSource,3
"Bright Sky Solar Holdings, LLC",3
Bresee Foundation,3
Bradco Companies,3
Boyle Heights Community Partners,3
Board of Registered Nursing (BRN),3
"Board of Equalization, 4th District",3
Board of Directors of The Rancho Yolo Community Association,3
"Blue Pacific Mobile Home Park Homeowners' Association, Aptos",3
"Blue & Gold Star Mobilehome Park Homeowners' Association, Santa Cruz",3
Be.grou,3
Black Jewish Justice Alliance,3
Bill,3
Big Valley Band Of Pomo Indians,3
Betterment of California,3
Besaro Mobilehome Park,3
"Besaro Mobile Home Park Homeowners' Association, Fremont",3
Berkeley Existential Risk Initiative (BERI),3
Bend The Arc: Jewish Action,3
Bel Marin Keys Community Service District,3
City of LA Habra,3
Arc Riverside,3
"City of Los Angeles, City Councilmember Gil Cedillo",3
"Golden State Manufactured-home Owners League, Inc., Chapter 1200",3
Justice & Diversity Center,3
Jus Semper Global Alliance,3
"Junius & Rose, LLP",3
Joyful Child Foundation,3
John L. Burton Advocates for Youth,3
"Jericho, A Voice for Justice",3
Irvine Company,3
International Union of Painters & Allied Trades,3
International Longshore and Warehouse Union (ILWU),3
International Interior Design Association,3
International Franchise Association (IFA),3
International Federation of Professional & Technical Engineers,3
International Council of Shopping Centers (ICSC),3
International Corporate Accountability Roundtable (ICAR),3
Interdisciplinary Council on Development and Learning,3
Institute of London Underwriters,3
Institute for Socio-Economic Justice,3
Innocent Justice Foundation,3
Inland Empire-Immigrant Youth Collective,3
Inland Empire Safe Kids Coalition,3
Independent Toxicology Services,3
Justin Foundation,3
KHEIR (Korean Health Education Information & Research) Center,3
Keep Our Families Together (KOFT),3
LISC San Diego,3
Latino Coalition For a Healthy California,3
Latina/Latino Roundtable,3
"Las Palmas de La Quinta, Homeowners Association Board",3
Land Conservancy,3
Lake County Association of Realtors,3
Laguna Greenbelt INC,3
Lactation Advocates of Northern California,3
Labor Council for Latin American Advancement (LCLAA),3
La Mirada Vistas,3
LA Trust for Children's Health,3
Keeping Our Families Together (KOFT),3
LA Cooperativa Campesina de California,3
L. C. Hotchkiss Terrace,3
"Koreatown Youth and Community Center, Los Angeles",3
Knox Company,3
Kitchen Rainmakers,3
Kings Fair,3
"Keys4homes, Robert Kent",3
Kevin Collins Foundation,3
Kent Gardens Senior Community,3
Independent Bankers Association of America,3
Independent Administrators Association (IAA),3
Inclusive Action for The City,3
Harvest of Wellness Foundation,3
Home Safety Council (HSC),3
Home Safety Council,3
Holland Partner Group,3
Hitachi Chemical,3
Hillsides Organization,3
Hills2000 - Friends of The Hills,3
Herald Fire Protection District,3
Health Insurance Association of America,3
Health Equity for African American's League (HEAAL),3
"Hart, King and Coldren",3
Homies Organizing the Mission to Empower Youth (Homey),3
Habitat for Humanity East Bay / Silicon Valley,3
Habitat for Humanity East Bay,3
Grupe Company,3
Green Lining Institute,3
Greater Bakersfield Chamber Of Commerce,3
Governoros Office,3
Golftec Enterprises LLC,3
Goldfarb Lipman Attorneys,3
"Golden State Manufactured-home Owners League, Sonoma Valley",3
Homerise,3
"Honorable Cruz Bustamante, Lieutenant Governor",3
Imperial Valley Lgbt Resource Center,3
Humane Society of the United States,3
Imperial Valley Association of Governments,3
"Imperial Oxnard Mobilehome Park Homeowners' Association, Oxnard",3
Imperial Mexicali Binational Alliance,3
Imperial Irrigation District (IID),3
Imperial County Schools Advocacy Association (ICSAA),3
"Imani Energy, Inc",3
Huntington,3
Humboldt County Supervisor Steve Madrone,3
Humboldt Bay Municipal Water District (HBMWD),3
Humane League,3
"Honorable Paul Koretz, Los Angeles City Council, 5th District",3
Humane Education Advocates Reaching Teachers,3
Human-I-T,3
Housing is a Human Right Orange County (HHROC),3
Housing Works,3
Housing Now! California,3
Housing Network of Santa Clara County,3
Housing Committee of San Francisco,3
Housing Advisory Group,3
"Hope Home Ownership for Personal Empowerment, LLC",3
Latino Commission on Alcohol and Drug Abuse Services,3
Latino Economic Development Center,3
Law Foundation Of Silicon Valley,3
Ministry in Action Commission,3
"Monterey Vista Mobile Estates Homeowners' Association, Watsonville",3
Monterey Peninsula YIMBY,3
Monterey Housing Authority,3
Mojave Desert RCD,3
Mobilize the Immigrant Vote,3
Mo'MAGIC,3
Mission Focused Solutions (MFS),3
Mission Economic Development Company,3
Mission Economic Development Association,3
Million Voters Project (MVP),3
Mortgage Insurance Companies Association,3
"Military Officers Association of America, California Council of",3
Migrante Northern San Mateo County,3
MiddleTown Rancheria,3
Michael J. Fox Foundation,3
Mesa Verde Orcutt Homeowners Association,3
Mercy House Living Centers,3
Men's Warehouse,3
Medical Board of California,3
Medical Board of,3
Monterrey County Renters United,3
Mountains Meadows Conservancy,3
Mayor Rick Bonilla,3
National Association of Professional Surplus Line Offices (NAPSLO),3
National Economic and Social Rights Initiative,3
City of Moraga,3
National Court Reporters Association,3
National Council of Jewish Women Los Angeles,3
National Council of Jewish Women - California Chapter,3
National Coalition for Assistive & Rehab Technology,3
National Black Police Association (NBPA),3
National Association of the Remodeling Industry (NARI),3
National Association of the Remodeling Industry,3
National Association of Home Builders,3
Municipal Pooling Authority,3
National Association of Consumer Bankruptcy Attorneys (NACBA),3
National Association for the Education of Homeless Children and Youth (NAEHCY),3
National Association for Uniformed Services (NAUS),3
National Asian Pacific Islander Prosecutors Association (NAPIPA),3
National Asian Pacific American Women's Forum (NAPAWF),3
National Alliance on Mental Illness (NAMI),3
Napa Emergency Women's Services (NEWS),3
NAACP Santa Rosa - Sonoma,3
Murrieta Temecula Group,3
"Mayor of Sacramento, Darrell Steinberg",3
"Mayor London Breed, City and County of San Francisco",3
Law Foundation of Silicone Valley,3
"Lgbtq+ Inclusivity, Visibility, and Empowerment",3
Los Angeles County Asian American Employees Association,3
Los Angeles Center For Law and Justice,3
Los Angeles Catholic Worker,3
Los Angeles Alliance For A New Economy,3
Lobby for Individual Freedom and Equality (LIFE),3
Liuna Locals 777 & 792,3
Linking Education and Economic Development (LEED),3
LifeSteps,3
"Lgbtq+ Inclusivity, Visibility, and Empowerment (LIVE)",3
Legislative Action Coalition for Arts Education (LACAE),3
Los Angeles County Federation of Labor,3
Legal Cannabis for Consumer Safety,3
Legal Aid Of Marin,3
Legal Aid Association of California (LAAC),3
Leddy Maytum Stacy Architects,3
League of Women Voters of the Monterey Peninsula,3
League of Conservation Voters of San Diego County,3
Leadingage California,3
LeadingAGE California,3
"Le Sage Riviera Mobile Home Park Homeowners' Association, Grover Beach",3
Los Angeles County Employees' Retirement Association (LACERA),3
Los Angeles County Solid Waste Management Committee/Integrated,3
Marketplace Lending Association,3
MWA,3
Maritime Museum Association of San Diego,3
Mariposa County Board of Realtors,3
Marina Mobilehome Owners Coalition,3
"Marina Del Mar Homeowners Association, Marina",3
Marin ReLeaf,3
Marin County Board Of Supervisors,3
Marin Cancer Project,3
Mammoth Lakes Board of Realtors,3
Major League Soccer Players Union,3
MBIA MuniServices Company,3
Los Angeles Department of Water and Power (LADWP),3
Lytton Gardens Senior Communities,3
Lynch Foundation,3
Lung Association,3
Lunada Bay Corporation,3
Los Arcos,3
Los Angeles Regional Reentry Partnership (LARRP),3
Los Angeles Poverty Department,3
Los Angeles Opportunities Industrialization Center (LAOIC),3
Los Angeles Homeless Services Authority,3
"Golden State Manufactured-home Owners League, Inc., Chapter 841",3
"Mexican American Community Services Agency, INC",3
"Golden State Manufactured-home Owners League, Inc., Chapter 1152",3
Consumers Union (CU),3
Council of Autism Service Providers (CASP),3
Council of Autism Service Providers,3
Council for Adult and Experiential Learning,3
Core Companies,3
Corbett Heights Neighbors,3
Contractors' State Licensing Board,3
Contra Costa Interfaith Supporting Community Organizations (CCISCO),3
"Contempo Marin Homeowners Association, San Rafael",3
Consumers for Automobile Reliability and Safety (CARS),3
Consumer Electronics Association (CEA),3
Country Villa Homeowners Association,3
Consumer Attorneys of California (CAC),3
Consumer Alliance for a Strong Economy,3
Consumer Advocates Against Reverse Mortgage Abuse (CAARMA),3
Consul General of Switzerland,3
Consul General of Austria,3
Construction Industry Force Account Council (CIFAC),3
Conservation Fund,3
Connect Foundation,3
Congress Of California Seniors,3
"Country Mobile Home Homeowners' Association, Santa Rosa",3
County Clerks,3
Conference of California Bar Associations,3
Critical Resistance Oakland,3
Department of Housing and Community,3
Department of General Services,3
Department of Finance,3
Department of Consumer Affairs,3
Dental Board of California (DBC),3
Davis Chamber of Commerce,3
"Dahm Team Real Estate Company, Inc",3
Dahlin Group Architecture Planning,3
"Cypress Square Mobilehome Park Homeowners' Association, Marina",3
Crime Victims United of California,3
County Health Executives Association Of California,3
Crime Victims Action Alliance,3
"Cow Palace, 1-A District Agricultural Association",3
Covenant House,3
Court Reporters Board (CRB),3
County of Tuolumne Housing Policy Committee,3
County of Tuolumne Housing Division,3
County of San Diego,3
County of Los Angeles,3
County Health Executives Association of CA (CHEAC),3
Conference of Delegates of California Bar Associations (CDCBA),3
Conco Companies,3
Disability Voices United (DVU),3
Climate Reality Project: San Fernando Valley Chapter,3
Coalition of Franchise Associations,3
Coalition of California Home Inspectors,3
Coalition for a Responsible Stadium,3
Coalition for Humane Immigrant Rights Los Angeles (CHIRLA),3
Coalition for A Safe Environment,3
Coalition For San Francisco Neighborhoods,3
Coalition For A Just And Equitable California,3
Coalition Against Unsolicited Commercial E-mail,3
Coalition Against Unsolicited Commercial E-Mail,3
"Climate Reality Project, Riverside County Chapter",3
Coalition of Women from Asia and the Middle East (CWAME),3
"Climate Reality Project, California State Coalition",3
"Climate Reality Project, Bay Area Chapter",3
Climate Reality Project California,3
CityLab UCLA,3
City/County Association of Government of San Mateo County,3
City of San Mateo,3
"Golden State Manufactured-home Owners League, Chapter 776",3
City of Oakland,3
City of San Diego,3
Coalition of Labor Union Women (CLUW),3
Coalition to Abolish Slavery & Trafficking,3
Concerned Women for America (CWA),3
Community Alliance,3
Concerned Women For America,3
Concerned Citizens Community Involvement (CCCI),3
Compassion and Choices Action Network,3
Community Water Center,3
Community United Against Violence (CUAV),3
Community Partners for Educational Excellence,3
Community Oncology Alliance,3
Community Asset Development Redefining Education (CADRE),3
Community Alliance with Family Farmers,3
"Community Agency for Resources, Advocacy, and Services",3
Coalition to Preserve LA,3
Community Advancement Development Corporation,3
Community Advancement,3
Communities for a Better Environment (CBE),3
Communities United For Restorative Youth Justice,3
Committee of Bar Examiners,3
Committee Opposed to Militarism and The Draft,3
Commitee to Save the Hollywoodland Specific Plan,3
Commission on Teacher Credentialing,3
Commission on Accreditation of Athletic Training Education (CAATE),3
"Desert Protective Council, Inc",3
Coalition of Labor Union Women - California Chapter,3
"Dixie Group, Inc",3
First American,3
Florence Crittenton Services of Orange County,3
Fleet Reserve Association (FRA),3
Flasher Barricade Association (FBA),3
Fixing Angelenos Stuck in Traffic (FAST),3
First United Methodist Church of Los Angeles,3
First Tee Silicon Valley,3
First STAR,3
First Place For Youth,3
First Congregational UCC Barstow,3
First Amendment,3
Food Bank of Monterey County,3
Fire Districts Association Of California,3
"Fiona Ma, Board of Equalization District 2",3
Filipino American Coalition for Environmental Solidarity,3
Fellowship of Affirming Ministries,3
Feingold Association of the United States,3
Feeding Pets of the Homeless,3
Federal Republic of Germany,3
Farmland Working Group,3
Farm Mutual Water Company,3
Food Allergy & Anaphylaxis Connection Team (FAACT),3
Food Initiative of Greater Stanislaus,3
Families Lobbying Against Refinery Exposures,3
Glendalians Against Smokers Pollution,3
"Golden State Manufactured-home Owners League, Chapter 1128",3
"Golden State Manufactured-Home-League, Inc., Super Chapter 256",3
"Golden State Manufactured-home Owners League, Chapter 708",3
Donate Life California (DLC),3
Golden State Builders Exchange (GSBE),3
Gold Ridge RCD,3
Gold Country Retirement Community Center,3
Global Communication Education & Art,3
Global Cannabinoid Research Center,3
Glass Packaging Institute (GPI),3
Foothill Collaborative For Sustainability,3
Girls Think Tank,3
Gillette Company,3
Fuel Cell Hydrogen and Energy Association,3
Fuel Cell Energy (FCE),3
Fresno County Farm Bureau (FCFB),3
Freshwater Trust,3
Fresh Lifelines for Youth (FLY),3
Foothills Kitchen in Monrovia,3
Foothills Kitchen,3
"Family Violence Law Center, Alameda County",3
Fund for Animals Inc,3
Families Advocating for Chemical and Toxics Safety (FACTS),3
Endangered Habitats League (EHL),3
Empowering Marginalized Asian Communities (EMAC),3
Downtown Women's Center,3
Electronics Industries Alliance,3
"El Nido Mobile Home Park Homeowners' Association, San Juan Capistrano",3
Education Trust - West Public Advocates,3
Education Coalition,3
Edge,3
Ecumenical Association for Housing (EAH),3
Ecumenical,3
East Palo Alto Community Alliance and Neighborhood Development Organization,3
East Bay Housing Organizations,3
"East Bay Consortium of Educational Institutions, Inc",3
Earthjustice,3
Earned Assets Resource Network (EARN),3
ENVIRONMENTAL WORKING GROUP,3
EMS Medical Directors' Association of California,3
EAH (Nonprofit Housing Corporation),3
"Downtown Women's Center, Los Angeles",3
Families Advocating for Campus Equality,3
Dwight-Hillside Neighborhood Association,3
Duncan Group,3
End Police Violence Collective,3
East Bay Broadband Consortium,3
Endowment for Middle East Truth,3
Environmental Working Group,3
Executive Council of Homeowners,3
Fair Housing of Northern California,3
Executive Committee of the Family Law Section of the California State Bar,3
"Everyone Home, Ending Homelessness in Alameda County",3
Everyday Energy,3
Essie Justice Group,3
"Faith in Action Ministry of St. Andrew's Episcopal Church, Encinitas",3
Eskaton Jefferson Manor,3
Equitable Land Use Alliance (ELUA),3
Environmental Traveling Companions (ETC),3
Environmental Traveling Companions,3
Environmental Health Network,3
Environmental Council of Santa Cruz County,3
Environmental Coalition,3
Enviromental Health Coalition,3
"Enterprise Community Partners, INC.",3
Energy Efficiency Council,3
Enel Green Power,3
The Arc of Butte County,2
The Asian American Architects/Engineers Association,2
The Arc and United Cerebal Palsy California Collaboration,2
The Arc of Riverside,2
The Arc of San Francisco,2
The Armenian American Republican Council,2
The Association of California Cities - Orange County,2
The Asian Law Alliance,2
The Association,2
The Association for Children for Enforcement of,2
The Association for Multidisciplinary Education and Research in Substance Use and Addiction,2
The Association of Black Psychologists,2
The Antelope Valley Committee on Aging,2
The Association of California Insurance Companies (ACIC),2
The Association of California Life & Health Insurance Companies (ACLHIC),2
"The Apartment Association, California Southern Cities",2
The American Institute of Architects (AIA),2
The Animal Physical Therapy Coalition,2
"The American Federation of State, County, and Municipal Employees, AFL-CIO",2
"The American College of Obstetricians & Gynecologists, District IX",2
The American College of Obstetricians and Gynecologists (ACOG),2
The Association of Family and Conciliation,2
The American College of Emergency Physicians,2
"The American College of Obstetricians and Gynecologists, Dist. IX",2
"The American Congress of Obstetricians and Gynecologists, District IX (California)",2
The American Federation,2
"The American Federation of Teachers Guild, Local 1931",2
The American College,2
"The American Federation of Teachers, Local 1931",2
The American Institute of Aeronautics and Astronautics,2
"The American Institute of Architects, California Council",2
The American Liver Foundation,2
"The American Occupational Therapy Association, Inc",2
The American Resort Development Association,2
"The American Shooting Sports Council, Inc",2
The Association of California State Attorneys and Administrative Law Judges,2
The Better Business Bureau,2
The Association of Financial Development Corporation,2
The Brady Company,2
The Black Leadership Kitchen Cabinet,2
The Board of Barbering and Cosmetology,2
The Board of Behavioral Sciences,2
The Board of Supervisors of Los Angeles County,2
The Board of Vocational Nursing and Psychiatric Technicians,2
The Bolsa Chica Land Trust,2
The Bradco Companies,2
The Branson School,2
The Association of Financial Development Corporations,2
The Bridge Rail Foundation,2
The British Government,2
The American Cancer Society Cancer Action Network,2
The CA Alliance for Consumer Protection,2
The Brotherhood Crusade,2
The Brown Boi Project,2
The Building Owners and Managers Association of,2
The Black Jewish Justice Alliance,2
The Black Business Association,2
The Beverly-Vermont Community Land Trust,2
The Bedford Center,2
The Association of Independent California Colleges and Universities,2
"The Association of Los Angeles Deputy Sheriffs, Inc",2
The Association of Woodworking and Furnishing Suppliers,2
"The Association of the United States Army, Northern California",2
The Attorney,2
The Attorney General's,2
The Auburn Dam Coalition,2
The Audubon Center at Debs Park,2
The Audubon Society,2
The Automobile Club of,2
The Barona Band of Mission Indians,2
The Bay,2
The Beagle Freedom Project,2
The Bear League,2
The Beck Company,2
The American Cleaning Institute,2
Sun Country Builders,2
The American Board of Genetic Counseling,2
Street Spirit,2
Statewide California Coalition for Battered Women,2
Stevedoring Services of America (SSA),2
Stinson Beach Affordable Housing Committee,2
Stockton Builders Exchange,2
Stonegate Mobilehome Association,2
Stop Abusive and Violent Environments,2
Strategic Actions for A just Economy,2
Stuart Foundation,2
Superior Court of San Bernardino County,2
Student Housing Coalition,2
Student Run Homeless Clinics,2
Suburban Alternatives Land Trust (SALT),2
Successful Aging Solutions & Community Consulting,2
"Summit Mobilehome Park Homeowners' Association, West Hills",2
"Sun Valley Estates Mobile Home Park Homeowners' Association, Livermore",2
"Sun, Light, and Power",2
State of California,2
State Water Contractors (SWC),2
State Teachers' Retirement System,2
State Public Affairs Committee (SPAC) of the Junior Leagues of California,2
Sports Management Group,2
Stand Foundation,2
Stand Up for Neighborly Novato,2
The CLEAN Carwash Campaign,2
Stars Behavioral Health Group (SBHG),2
State Alliance for Firesafe Road Regulations (SAFRR),2
State Association of County Auditors (SACA),2
"State Bar of California, Family Law",2
State Board of Equalization Chairwoman Fiona Ma,2
State Building And Construction Trades Council of CA,2
"State Building and Construction Trades Council of California, Afl-cio",2
"State Building and Construction Trades Council, AFL-CIO",2
State Compensation Insurance Fund (SCIF),2
State Controller,2
State Department of Education (SDE),2
Sunflower Hill,2
"Supervisor Don Knabe, Los Angeles County Board of Supervisors",2
"The American Association of University Women, California",2
The Alliance for Community Media,2
The African Parrot Society,2
The Airport Area Business Association,2
The Alameda Business Association,2
The Alcohol Policy Network of Alameda County,2
The Alessandra Advocacy Group,2
The Alhambra Retirement Community,2
The Allen Group,2
The Alliance for Human Rights,2
"Supervisor Leticia Perez, Kern County",2
The Alliance for School Boundary Change,2
The Alliance of Catholic Healthcare,2
The Alliance of Communities for Sustainable Fisheries,2
The Amalgamated Transit Union,2
The America Academy of Pediatrics,2
"The American Academy of Pediatrics, California",2
The American Alliance for Medical Cannabis,2
The Adult Entertainment Industry,2
The Addiction Studies Program at Los Angeles Pierce College,2
The AMVETS - Department of California,2
The ALS Association Golden West Chapter,2
SurfRider Foundation,2
"Surfrider Foundation, San Diego Chapter",2
Sustainable Napa County (SNC),2
Sv@Home,2
TLC Child And Family Services,2
Taiwanese American Professionals,2
Taxation Section of the State Bar of California,2
Taxpayers for Improving Public Safety (TIPS),2
TechEquity Collaborative,2
Tenants Together,2
Tenderloin Neighborhood Development Corporation (TNDC),2
"Terner Center for Housing Innovation, UC Berkeley",2
Terraces of Los Gatos,2
The 5 Gyers Institute,2
"The AIDs Project, Los Angeles",2
The CA State University,2
"The California School Employees Association (CSEA), AFL-CIO",2
The Calexico New River Committee,2
The California State Horsemen's Association,2
The California Sportsman's,2
The California Sportsmanos Lobby,2
The California State Athletic Commission,2
The California State Bar,2
"The California State Bar, Family Law Section",2
The California State Commanders Veterans Council,2
The California State Coroners' Association,2
The California TGI Policy Alliance,2
The California Veterinary Medical Association (CVMA),2
The California Taxpayers' Association (Cal-Tax),2
The California Thoroughbred Breeders Association,2
The California Trade and Commerce,2
The California Transportation Commission,2
The California Trial Lawyers Association,2
The California Trucking Association (CTA),2
The California Vendors Policy Committee,2
The California Society of Health-System,2
The California Society of Enrolled Agents,2
The California Society of Dermatology & Dermatologic Surgery,2
The California Society of Anesthesiologists,2
The California Peace Officers Association,2
The California Pharmacists Association (CPhA),2
The California Pool and Spa Association,2
The California Postsecondary Education Commission,2
The California Professional Firefighters,2
The California Psychological,2
The California Psychological Association,2
The California Public Defender's Association,2
The California Public Parking Association,2
The California Rail Foundation,2
The California Railroad Association,2
The California Refuse Removal Council,2
"The California Rifle and Pistol Association, Inc",2
The California Shooting Sports Association,2
The California Society of,2
The California Veterinary Medical,2
The California Victims of Crime Committee,2
The California Academy of Audiology,2
The Children's,2
The Century,2
"The Chamber of Commerce, Santa Barbara Region",2
The Chemical Industry Council of California,2
The Chiefs of,2
The Child Abuse Prevention,2
The Child Abuse Prevention Center (CAP Center),2
The Child Abuse Prevention Council of Contra Costa,2
The Children's Civil Rights Union,2
The California Water Impact Network,2
The Children's Health Environmental Coalition,2
The Children's Law Center of Los Angeles,2
The Children's Lobby,2
The Children's Partnership,2
Sporting Arms and Ammunition Manufacturers' Institute (SAAMI),2
The City of Berkeley,2
The Church,2
The Central Coast Psychological Association,2
The Central California Asthma Collaborative,2
"The Center, Orange County",2
The Center of Policy Initiatives,2
The California Women's Agenda,2
The California Work & Family Coalition,2
The Cambria Land Trust,2
The Camino Real Siberian Husky Club,2
The Can Manufacturers Institute,2
"The Carpet, Linoleum, and Soft Tile Workers Local Union 12",2
The Catherine Fund,2
The Cellular Network,2
"The Center For Oceanic Awareness, Research, And Education",2
The Center at Sierra Health Foundation,2
The Center for,2
The Center for Biological Diversity,2
The Center for HIV Law and Policy,2
"The Center for Independent Living, INC",2
"The Center for Independent Living, Inc",2
The California Orthotics and Prosthetics Association,2
The California Organization of Police,2
The California Organization of,2
The California Board of Psychology,2
The California Association of Hospitals and Health Systems (CAHHS),2
The California Association of Mental Health Patients' Rights Advocates,2
The California Association of Professional,2
The California Association of School Business Officials (CASBO),2
The California Association of School Transportation Officials,2
The California Black Chamber of Commerce,2
The California Black Health Network,2
The California Business Properties Association,2
The California Optometric Association (COA),2
The California Cannabis Industry Association,2
The California Chapter of the American,2
The California Chapter of the American College,2
The California Chapter of the American College of Emergency Physicians (California ACEP),2
The California Children's Hospital Association,2
The California Clean Money Campaign,2
The California Commission on the Status of Women,2
The California Association of Homes,2
The California Association of Highway Patrolmen,2
The California Association of Highway Patrolman,2
The California Association of Firearms Retailers,2
The California Academy of Family,2
The California Adult Webmasters Association,2
The California Agricultural Commissioners and Sealers,2
The California Airports Council,2
The California Alliance for Consumer,2
The California Alliance for Public Safety Communications,2
The California Alliance of Child and Family,2
The California Asphalt Pavement Association,2
The California Association of Area Agencies on Aging,2
The California Association of Catholic Hospitals,2
The California Association of Clerks and Election,2
The California Association of Clerks and Elections Officials,2
The California Association of Environmental,2
The California Association of Environmental Health,2
The California Association of Environmental Health Administrators,2
The California Community Colleges Board of Governors,2
The California Conference for Equality and Justice,2
"The California Congress of Parents, Teachers and Students",2
The California Healthcare Association,2
The California Kindergarten Association,2
The California LGBTQ Health and Human Services Network,2
The California Labor Federation AFL-CIO,2
The California Landscape Contractors Association,2
"The California Lawyers Association, Trusts and Estates Section Executive Committee",2
The California League of Food Processors,2
"The California Legislative Conference of the Plumbing, Heating and Piping Industry",2
The California Long Term Care Ombudsman Association,2
The California Long-Term Care Ombudsman Association (CLTCOA),2
The California Managed Risk Medical Insurance Board,2
The California Manufacturers & Technology,2
The California Manufacturers & Technology Association,2
The California Manufacturers and Technology,2
The California Mental Health Planning Council,2
The California Newspaper Publishers Association (CNPA),2
The California Horse Racing Board,2
The California Grocers Association,2
The California Correctional Peace Officers,2
The California Food Project,2
The California County Boards of Education,2
The California County Superintendents,2
The California Democratic Party,2
The California Department of Fish and Wildlife,2
The California Department of Food and Agriculture,2
The California Department of Forestry and Fire Protection,2
The California Department of Insurance,2
The California Department of Social Services,2
The California District Attorney's Association,2
The California Family,2
The California Family Council,2
The California Farm Bureau,2
The California Financial Services Association,2
The California Fire Training Alliance,2
The California Fish and Game Commission,2
Sports Club Company,2
Public Employees' Retirement System,2
Sportfishing Financial Group,2
Plant,2
Phluid Project,2
Phosphate Ester Flame Retardant Consortium (Pefrc),2
Pismo Coast Association of Realtors,2
Planned Parenthood Affiliates of CAlifornia (PPAC),2
Planning & Conservation League,2
Planning and Conservation League,2
Planning for Elders in the Central City (PECC),2
Planting and Conservation League,2
Prison Law Office,2
Plasma Display Coalition,2
Pleasanton Gardens,2
Plug-In America,2
Plumas Association of Realtors,2
Plumas County Fire Safe Council (PCFSC),2
Ponderosa Telephone Company,2
Potrero Nuevo Farm,2
Philanthropy Roundtable,2
Pharmaceutical Researchers and Manufacturers Association,2
Pharmaceutical Research and Manufacturers of America,2
Pharmaceutical Care Management Association (PCMA),2
Peace Officers Research Assn. of California (PORAC),2
Peach Officers Research Association of California,2
Peach Officers Research Association of California (PORAC),2
Pelagic Shark Research Foundation,2
People Organized to Win Employment Rights (POWER),2
Peoples' Self-help Housing,2
Peoples' Self-help Housing Corporation,2
Performance,2
Perrier Group of America,2
Pesticide Action Network North America (PANNA),2
Pesticide Education Group (PEG),2
Pet,2
Pet Industry Joint Advisory Committee (PIJAC),2
Pet Pantry,2
Pet Press,2
Printing Industries of CALIFORNIA,2
Professional Engineers in CA Government (PECG),2
Spectrum Energy Development,2
Retired Employees of Los Angeles County (RELAC),2
Resident Owned Communities USA,2
Residents United Network,2
Residents United Network of Housing California,2
Resolve LRA Crisis Initiative,2
Resources For Indian Student Education,2
Retail Industry Leaders Association (RILA),2
Retired Employees Association of Orange County (REAOC),2
"Retired Officers Association, California Council of",2
Professional Insurance Agents Group (PIA),2
"Retired Officers Association, California Council of Chapters",2
Retired Public Employees,2
Retired Public Employees of San Joaquin County (RPESJC),2
Revisions Resources,2
Rich Pelletreau Wildlife Gallery and Studio,2
"Richard Rosenberg - Chairman & CEO (Retired), Bank of America",2
Richmond Land,2
Reserve Officers Association (ROA),2
Rescue Train,2
Renewable Fuels Association (RFA),2
Renewable Energy Education Solutions,2
Professional Rodeo Cowboys Association (PRCA),2
Public Bank Los Angeles (PBLA),2
REACH Project,2
"Rancho Yolo Community Association, Board of Directors",2
Real Estate Development Associates,2
Redrover,2
Redwood Valley Tribe,2
Refill Shoppe,2
Regional Asthma Management and Prevention Fresno,2
Regional Center of Orange County (RCOC),2
Regional Water Authority (RWA),2
Rehabilitation Services of Northern California (RSNC),2
Related,2
Reliable Energy Management,2
Remedy Pharm,2
Peace Officers Research Assn. of CA (PORAC),2
Peace Officer Standards and Training (POST),2
Peace Officer Standards and Training,2
Northern California Allied Trades (NCAT),2
Nicole Brown Simpson,2
Non-Profit Housing Association of California,2
NorCal Services for Deaf & Hard of Hearing,2
North Area Neighborhood Development Council,2
North Bay Association of REALTORS,2
North County Health Services (NCHS),2
North San Diego Association of Realtors,2
Northern California District Council of The International Longshore and Warehouse Union,2
Peace Builders of Orange County,2
Northern California Human Resources Association (NCHRA),2
Northern California Recycling Association (NCRA),2
Northern California Section PGA of America,2
Northern California Section Pga of America,2
Norwalk Councilmember Jennifer Perez,2
OC Sunny,2
Oakland Landscape Committee,2
Newspaper Guild,2
Newport Language & Speech Centers (NLSC),2
Newport Beach Association of Realtors,2
New York Life,2
National Victim Center (NVC),2
The City of Emeryville,2
Native American Environmental Protection Coalition (NAEPC),2
Natoma Company,2
Natural Resource Defense Council (NRDC),2
Natural Resources Defense Council,2
Nature,2
Neighborhood Partners,2
Neighborly Santa Cruz,2
Neighborworks Orange County,2
"Ness Counseling Center, Inc",2
Net at Two Rivers,2
Network of California Fairs,2
Nevada County Association of Realtors,2
New York Life,2
Oakland Unified School District (OUSD),2
Oakland Youth Commission,2
Occupational Therapy Association of California,2
Pacific Business Group on Health (PBGH),2
Pacific Coast Quarter Horse Racing Association (PCQHRA),2
Pacific Housing,2
Pacific Isle Environment Reserve,2
Pacific Southwest Association of Realtors,2
Pad Project,2
Parent Company,2
Parents Against Social Media Addiction,2
Parking Association of California (PAC),2
Parkinson's Institute,2
Partners in Housing,2
Partnership for Quality Medical Donations,2
Partnership for Safe Families & Communities of Ventura County,2
Paso Robles Agricultural Alliance for Groundwater Solutions,2
Paso Robles Agricultural Alliance for Groundwater Solutions (PRAAGS),2
Passive House Network,2
Pacific Club IMPACT Foundation,2
Pacific Association of Building Service Contractors (PABSC),2
Office of Administrative Law (OAL),2
PLANNING AND CONSERVATION LEAGUE,2
Office of Justice and Peace of the Archdiocese of Los,2
Oley Foundation,2
Open Monterey Project,2
Opportunity Housing Group,2
Orange County Association of REALTORS,2
Orange County Communities Organized For Responsible Development,2
Orange County Labor Federation (OCLF),2
Orange County Veterans and Military Families Collaborative (OCVMFC),2
Oroville Association of Realtors,2
Osteopathic Physicians and Surgeons of,2
Outreach Nation,2
Oxnard Performing Arts Center Corporation,2
Oxnard Performing Arts Center Corporation (OPACC),2
P.I.C.O. Neighborhood Council,2
PET Recycling Corp of California,2
Richmond Neighborhood Housing Services INC,2
Riley Center of St. Vincent De Paul Society,2
Riverside County School Superintendents Association (RCSSA),2
Silicon Valley Council of Nonprofits (SVCN),2
Sheriff of Orange County,2
Sheriff of Placer County,2
Shootist,2
Sierra Club,2
Sierra Club Foundation,2
Sierra County Democratic Central Committee,2
Sierra-Cascade land Trust Council,2
Silicon Valley De-Bug,2
Save the American River Association (SARA),2
Silicon Valley Regional Data Trust (SVRDT),2
Silver Council,2
Simon,2
SimpliPhi Power,2
Small Business Connection,2
Small Business Network (SBN),2
Small Business for Affordable Housing in Petaluma,2
Sheriff of,2
Shelter Matters 4 Pets,2
Sf YIMBY,2
"Services, Immigrant Rights & Education Network (SIREN)",2
"Schaber Company, Ltd",2
Schools Excess Liability Fund (SELF),2
Science and Environmental Health Network (SEHN),2
Scrubs Addressing the Firearm Epidemic,2
Scrubs Addressing the Firearm Epidemic (SAFE),2
Search To Involve Pilipino Americans (SIPA),2
Securities Industry Association (SIA),2
Seeds of Hope Outreach Resource and Family Development,2
Seiu Local 1021,2
Seniors Council/area Agency on Aging of Santa Cruz and San Benito Counties,2
Service Employees International Union,2
Service Employees' International Union (SEIU),2
Services Immigrant Rights and Education Network (SIREN),2
"Services Immigrant Rights, and Education Network (SIREN)",2
"Services, Immigrant Right, and Education Network",2
Small Manufacturers' Institute (SMI),2
Small School Districts' Association,2
Social Eco Education (SEE),2
Southern California Apartment Association,2
Southern California Cancer Pain Initiative (SCCPI),2
Southern California Chapter - National Association of Housing and Redevelopment Officials,2
Southern California Contractors Association,2
Southern California Contractors Association,2
Southern California Edison,2
Southern California HIV Advocacy Coalition,2
Southern California PGA Section,2
Southern California Pga Section,2
Southern California Rental Housing Association (SCRHA),2
Southern California Water Coalition (SCWC),2
Southland Corporation (7-Eleven Stores),2
Southwest Los Angeles Association of Realtors,2
SparkPoint Contra Costa,2
Special District Risk Management Authority (SDRMA),2
Spectator,2
Southern California Association of Nonprofit Housing,2
"Southeast Torrance Homeowners' Association, Inc. (SETHA)",2
Social Equity Group,2
"Southeast Torrance Homeowners' Association, INC. (SETHA)",2
Social Justice Law Project,2
Society of California Accountants (SCA),2
Society of Hispanic Professional Engineers (SHPE),2
Solano County Taxpayers Association (SCTA),2
Solano Transportation Authority (STA),2
SolarReserve,2
Sonoma County Manufactured-home Owners Association,2
Sonoma County Task Force for The Homeless,2
Sonoma County Water Agency,2
Sonoma Lafco,2
Sonoma Valley Golden State Manufactured-home Owners League,2
South Bay Mobilehome Residents' Alliance,2
South Coast Air Quality Management District,2
South Colton Diversity Committee,2
South Tahoe Public Utilities District (STPUD),2
Save the Hill,2
Save a Lot Solar,2
Riverside Sheriff's Association,2
Saint Bernard Club of the Pacific Coast,2
Sacramento Area Council Of Governments,2
Sacramento Area Flood Control Agency (SAFCA),2
Sacramento Area Speech & Hearing Association (SASHA),2
Sacramento Homeless Organizing Committee (SHOC),2
Sacramento Housing Alliance/Coalition on Regional Equity,2
Sacramento Hunger Coalition (SHC),2
Sacramento Regional Coalition to End Homelessness (SRCEH),2
Salesforce.Com,2
Satellite Affordable Housing Associates (SAHA),2
Samoan Community Development Center,2
San Benito County Governments,2
San Bernardino County Sheriff's Department,2
San Bernardino Pubic Employees Association (SBPEA),2
San Diego Association Of Governments,2
"San Diego Board of Supervisors, 4th District, Nathan Fletcher",2
San Diego Continuing Education Foundation,2
Sacramento Area Coalition of Mobilehomeowner Associations,2
SUTECH School of Vocational and Technical Training,2
STAR Vista,2
SOMOS Mayfair,2
Riverside Sheriffs' Association,2
Robinson Rancheria of Pomo Indians,2
Rocky Mountain Institute (RMI),2
Ron Finley Project,2
Ronald Reagan Presidential Foundation,2
Root and Rebound,2
Rouse Company,2
Rural Caucus of the California Democratic Party,2
Rural Communities Housing Development Corporation (RCHDC),2
Rural County Representatives of California,2
Rural County Representatives of California (RCRC),2
Rural Quality Coalition of Nevada County,2
SELAH Neighborhood Homeless Coalition,2
SIERRA CLUB CALIFORNIA,2
SOLEX,2
San Diego County Board of Supervisors,2
"San Diego County Board of Supervisors, Greg Cox, Chairman",2
San Diego County Office Of Education,2
San Jose Associated Students,2
San Lorenzo Village Homes Association,2
San Luis County Affordable Housing Trust Fund,2
San Marcos Mobilehome Residents Association (SMMRA),2
San Mateo County Assessor,2
San Mateo County Supervisor David J. Canepa,2
"Sandalwood Estates Mobile Home Park Homeowners' Association, Petaluma",2
Santa Barbara Rental Property Association (SBRPA),2
Santa Clara County Board Of Supervisors,2
Santa Clara County Office of Education (SCCOE),2
Santa Cruz County Commuinty Coalitio to Overcome Racism,2
Santa Monica Coalition for A Livable City,2
Santa Monica Coalition for A Livable City (SMCLC),2
Santa Monicans for Renters' Rights,2
"Santa Rosa Village Mobile Homeowners Association, Santa Rosa",2
Santa Ynez Band Of Chumash Indians,2
San Jose Conservation Corps + Charter School,2
San Francisco Wraparound Project,2
San Diego County Urban League,2
San Francisco Public Defender's Office,2
San Diego County Water Authority,2
San Diego Imperial Regional Broadband Consortium (SDIRBC),2
San Diego Organizing Project (SDOP),2
San Diego Regional Task Force on Homelessness,2
San Diego Unified School District,2
San Fernando Valley Sun,2
San Francisco Bay Area Rapid Transit District (Bart),2
San Francisco Bay Weimaraner Club,2
San Francisco Childcare Planning and Advisory Council,2
San Francisco Council of District Merchants Associations (SFCDMA),2
San Francisco Counsel for Families & Children,2
San Francisco Department of Emergency Management,2
San Francisco Financial Justice Project,2
San Francisco Housing Development Corporation,2
"San Francisco Mayor, Ed Lee",2
The City of Citrus Heights,2
The Vietnam Veterans of America - California State Council,2
The City of Escondido,2
The Youth Leadership Institute,2
The Woodwork Institute of California,2
The Wornick Company,2
The YMCA,2
The YMCA of Metropolitan Los Angeles,2
The Yolo County Ag & Food Alliance,2
The Yolo County Society for the Prevention of Cruelty to Animals,2
The Youth,2
The Yurok Tribe,2
Toward Utilities Rate Normalization (TURN),2
The Zenith,2
The Zoological Society of San Diego,2
Three Trees Delivery,2
Time for Change Foundation,2
Tobacco Education & Research Oversight Committee (TEROC),2
Tofurky Company,2
Tom Bendelow Society of Hickory Golf,2
The Woodstock Institute,2
The Wonderful Company LLC,2
"The Women's Zionist Organization of America, Inc",2
The Women's Employment Rights Clinic of Golden Gate University School of Law,2
The Walt Disney Studios,2
The Waterfront Coalition,2
The Watershed Nursery,2
The West Contra Costa Conservation League,2
The West County Alcohol Policy Working Group,2
The West Hollywood Project,2
The Western Center on Law and Poverty,2
The Western Insurance Agents Association (WIAA),2
The Western Mobilehome Parkowners Association,2
The Westside Impact Coalition,2
The WildLands Conservancy,2
The Wilmington Chamber of Commerce,2
The Wireless Infrastructure Association,2
The Women's Center-High Desert,2
The Women's Employment Rights Clinic,2
Toward Utilities Rate Normalization,2
Toward Utility rate Normalization (TURN),2
United Public Employees,2
United Association of Plumbers & Steamfitters Union 230,2
Union of American Physicians & Dentists (UAPD),2
Union of Concerned Scientists,2
"Union of Needletrades, Industrial and Textile Employees",2
Unite HERE Local 11,2
Unite for Reproductive and Gender Equity (URGE),2
United Administrators of Southern California (UASC),2
United Association Of Plumbers & Steamfitters Union 230,2
United Auto Workers (UAW),2
Town Of Danville,2
United Boys & Girls Clubs of Santa Barbara County,2
United Contractors,2
United Democrats Club,2
United Educators of San Francisco (UESF),2
United Firefighters of Los Angeles City (UFLAC),2
United Food & Commercial Workers Western States Council,2
United Food and Commercial Workers (UFCW),2
Union Station Homeless Service,2
Union Of American Physicians and Dentists,2
Unidosus,2
Uncommon law,2
Training Center,2
TransLatin@Coalition,2
Transbay Joint Powers Authority (TJPA),2
Transgender Advocacy Group (TAG),2
Transgender Law Center,2
Transportation Business Advisory Council (TBAC),2
Tri-Valley Cities Coalition,2
Tribal Alliance of Northern California (TANC),2
Tulare County Association of Realtors,2
Tv Academy,2
U.s. Green Building Council,2
UCLA Economic and Crisis Response Team,2
UCLA Students Facilities Commission,2
UCLA Undergraduate Students Association's Office of the External Vice President,2
USA Properties,2
The W. Hayward Burns Institute,2
The W Haywood Burns Institute,2
The Vons Companies,2
The South Bay,2
The Seed Advisory Board,2
The Sempervirens Fund,2
The Simon Wiesenthal Center,2
The Society for Animal Protective Legislation,2
The Society for Cardiovascular Angiography and Interventions,2
The Society of California Accountants,2
The South Asian Bar Association of Northern California,2
The South Bay Adoption Group,2
The Vinyl Institute,2
The South Bay Down Syndrome Association,2
The Southern California Alliance of Law,2
The Southern California Gas Company,2
The Sportfishing Association of California,2
The State Bar Committee on Administration of Justice,2
"The State Bar, Estate Planning, Trust and Probate Law Section",2
"The State Bar, Family Law Section",2
The Secular Coalition for California,2
The Secretary of State,2
The SeaChange Agency,2
The Sea Turtle Restoration Project,2
The Samuel Lawrence Foundation,2
The San,2
The San Bernardino County,2
The San Bernardino County Board of Supervisors,2
The San Diego Business Roundtable for Education,2
The San Diego Community College District,2
The San Francisco Aids Foundation,2
The San Francisco Bay Guardian,2
The San Francisco Marin Medical Society,2
The San Joaquin County Board of Supervisors,2
The San Luis & Delta-Mendota Water Authority,2
The San Mateo County Child Care Partnership Council,2
The Santa Clara County Bar Association,2
The Schwarzenegger Administration,2
The Sea Ranch Association,2
"The State Bar, Legal Services Section",2
The State Controller,2
The State Council on Developmental Disabilities (SCDD),2
The Town of Los Gatos,2
The Transformative In-Prison Workgroup,2
The Transgender Gender-Variant Intersex Justice Project,2
The Transportation Agency for Monterey County,2
The Tree People,2
The Tri,2
The Two Hundred,2
The Ultimutt Pet Spa in Ojai,2
The United Way of Silicon Valley,2
The University of,2
The Utility Reform Network,2
The Utility Reform Network (TURN),2
The VFW - Department of California,2
The Valley Economic Development Center,2
The Victor Agencies,2
"The Village Project, INC",2
The Training Center,2
The Town of Apple Valley,2
The State Department of Education,2
The Torres Martinez Desert Cahuilla Indians,2
The State Humane Association of California,2
The State Treasurer,2
The State of California Auto Dismantlers Association,2
The Strategic Alliance,2
The Stronger California Coalition,2
The Stronger Calif♀rnia Advocates Network,2
The Student Housing Coalition,2
The Student Senate for California Community Colleges,2
The SunSpec Alliance,2
"The Surfrider Foundation, San Diego Chapter",2
The Technology Association of America,2
The Technology Network (TechNet),2
The Tiger Frances Foundation,2
The Torrance Area Chamber of Commerce,2
The Torrance Parents Organization,2
United Neighborhoods Organization,2
United Services Automobile Association (USAA),2
The City of Livermore,2
the Coalition of California Utility Employees,2
the City of Chula Vista,2
the City of Los Angeles,2
the City of Oakland,2
the Claremont Police Officers Association,2
the Climate Health Now Action Fund,2
the Coalition for A Safe Environment,2
the Coalition for Elder & Disability Rights,2
the Communities for A Better Environment,2
the Courts,2
the Community Action Partnership of Orange County,2
the Community Environmental Council,2
the Consumer Attorneys of California,2
the Consumer Federation of California,2
the County Health Executives Association of California (CHEAC),2
the County Welfare Directors Association of California,2
the County of Los Angeles Board of Supervisors,2
the City of,2
the City and County of Sacramento,2
the Chop Wood Carry Water CA Newsletter,2
the Children's Fund,2
the Bell's Healdsburg Ambulance Service,2
the Breathe California Sacramento Region,2
the Cal Asian Chamber of Commerce,2
the California,2
the California Apartment Association,2
the California Association of Code Enforcement Officers,2
the California Association of Health Plans (CAHP),2
the California Association of Resource Conservation Districts,2
the California Bicycle Coalition,2
the California News Publishers Association,2
the California Primary Care Association,2
the Capitol Resource Institute,2
the Center for Science in The Public Interest,2
the Centro Del Pueblo,2
"the Child Action, INC",2
the County of Sonoma,2
the Department of General Services,2
United States Lifesaving Association (USLA),2
the Sportfishing Financial Group,2
the Riverside Sheriff's Association,2
the STAND Foundation,2
the San Diego LGBT Community Center,2
the San Fernando Valley,2
the Sheriff,2
the Soap and Detergent Association,2
the Social Compassion in Legislation,2
the State Bar (FLEXCOM),2
the Department of Toxic Substance Control,2
the The Association of Plastic Recyclers,2
the U.S,2
the United Food and Commercial Workers Union,2
the University of the Pacific,2
the Walt Disney Company,2
"the Wellhead Electric Company, Inc",2
National Senior Citizens law Center,2
the Republic Services - Western Region,2
"the Plumbing, Heating and Piping Industry",2
the Nature Conservancy,2
the National Electrical Contractors Association,2
the Friends Committee on Legislation of California,2
the Humane Society Veterinary Medical Association,2
the Humboldt Humane,2
the In Defense of Animals,2
the Internet Coalition,2
the Juvenile Diabetes Research Foundation,2
the Land Trust for Santa Barbara County,2
the League of California Cities,2
the Legion of,2
the Legion of Valor,2
the Los Angeles County Professional Peace Officers,2
the Los Angeles County Public Defender's Office,2
the Lutheran Office of Public Policy - California,2
"the Military Officers Association of America, California Council of",2
the NRDC,2
the Aura Seating,2
the Association of Claims Professionals,2
the Association of California Life and Health Insurance Companies,2
WALK San Diego,2
Video Software Dealers Association (VSDA),2
Villa Center,2
"Villa Center, Inc",2
Village Nation,2
Voluntary Plan Administrators (VPA),2
Volunteers of East Los Angeles (VELA),2
Volvo Group,2
Wakeland Housing And Development Corporation,2
the Associated General Contractors,2
Wallace Group,2
Waterford Property Company,2
West Hollywood Project,2
Western Agricultural Processors Association (WAPA),2
Western Regional Advocacy Project (WRAP),2
Western Regional Minority Supplier Development Council,2
Western State Petroleum Association (WSPA),2
Veterans Green Jobs,2
Verified Emissions Reduction Association (VERA),2
Ventura County Transportation Commission (VCTC),2
Ventura County Homeless and Housing Coalition,2
United States Tour Operators Association (USTOA),2
United States Veterans' Artists Alliance,2
United Ways Of California,2
United Ways of California,2
United to Save the Mission (USM),2
University of California Office of the President (UCOP),2
Up For Growth National Coalition,2
Upstate California Connect Consortium (UCCC),2
Urban Contractors,2
Urban Wildlands Group,2
Utility Consumer Action Network (UCAN),2
VOICED Coalition,2
Valley Industry Commerce Association (VICA),2
Vedic Education and Devotional Academy,2
Venice YouthBuild,2
"Western States Council Sheet Metal, Air, Rail and Transportation",2
Western States Council of Sheet Metal Workers,2
Western States Petroleum Association,2
Woodland Hills Homeowners Organization (WHHO),2
Wornick Company,2
Woven Shade,2
YimbyLA,2
Yisrael Family Urban Farm,2
Yolo County Association of Realtors,2
Youth Unite for Community Action,2
Youth United For Community Action,2
Youth United for Community Action (YUCA),2
"Youth and Family Services, YMCA",2
YouthPower Community Solutions,2
law,2
the Adjutant General,2
the Alameda County Superior Court,2
the American College,2
the American Diabetes Association,2
Workmen's Circle,2
"Woodcrest Mobile Home Park Homeowners' Association, Santa Rosa",2
Western Wall & Ceiling Contractors Association (WWCCA),2
Women's Center-High Desert,2
Westervelt Ecological Services,2
Westside Baptist Church,2
Whittier Rio Hondo AIDS Project (WRHAP),2
Whittier Rio Hondo Aids Project,2
William D. Lynch Foundation for Children,2
Willie C. Velasquez Institute,2
Willows,2
Wine,2
Winter Faith Collaborative,2
Women Construction Owners and Executives (WCOE),2
Women Infants Children,2
Women Organizing Resources Knowledge and Services (WORKS),2
"Women Organizing Resources, Knowledge & Services (WORKS)",2
"Women Organizing Resources, Knowledge, and Services (WORKS)",2
Women's Cancer Resource Center (WCRC),2
The Salvation Army Harbor Light Center,2
The Salvadoran American National Association,2
The Salvadoran American Leadership and Educational Fund,2
The Fly Fishers of Davis,2
The Fatherso Rights and Equality Exchange,2
The Federal Republic of Germany,2
The Federation of Hillside and Canyon Association,2
The Fight for $15 and a Union,2
The Filipino American Service Group Inc. (FASGI),2
The First Congregational Church of Long Beach,2
The Flea Market Inc,2
The Food Allergy and Anaphylaxis Network,2
The Freel Agency,2
The Food and Beverage Association,2
The Forensic Mental Health Association of California,2
The Forest Products Industry National Labor Management Committee,2
The Foundation,2
The Foundation for Advancing Alcohol Responsibility,2
The Foundation for Allied Dental Education,2
The Foundation for Osteoporosis Research and Education,2
The Father's Rights and Equality,2
The Fashion Institute of Design and Merchandising (FIDM),2
The Family Winemakers of California,2
The Family Law Section of the State Bar,2
The Environmental Defense Center,2
The Environmental Health Coalition,2
The Environmental Protection Information Center,2
The Environmental Working Group,2
The Episcopal Chaplaincy at San Jose State University,2
The Equal,2
The Executive Committee of the Family Law Section of the State,2
The Executive Committee of the Family Law Section of the State Bar of California,2
The Executive Committee of the Trusts and Estates Section of the State Bar of California,2
The Executive Council of Homeowners,2
The Faculty Association of California Community Colleges,2
The Fair,2
The Fair Chance Project,2
The Fair Lending Alliance,2
The Family Council,2
The Franchise of Americans Needing Sports,2
The Fresno Housing Authority,2
The Safari Club International,2
The Hollywood Women's Political Committee,2
The Heal Project,2
The Health Consumer Alliance,2
The Helix Water District,2
The High-Tech Trust Coalition,2
The Hill Hikers of Livermore,2
The Hollywood,2
The Hollywood Chamber of Commerce,2
"The Honorable Paul Koretz, Los Angeles City Council, 5th District",2
The Fully Informed Jury Association,2
The Housing Committee of San Francisco,2
The Houston Group,2
The Humane,2
The Humane Society of,2
The Humane Society of the United,2
The Immigrant Legal Resource Center,2
The Impact,2
The Harvest of Wellness Foundation,2
The Hartwell Corporation,2
The Guidance Charter School,2
The Greyhound Club of Northern California,2
The Fund For,2
The G.R.E.E.N Foundation,2
The Gamble Institute,2
The Gasser Foundation,2
The Glass Packaging Institute,2
The Glendale Historical Society,2
The Golden 1 Credit Union,2
The Golden Gate Audubon Society,2
The Good Seed CDC,2
The Government of Canada,2
The Governor's Office of Child Development and Education,2
The Governoros Office,2
The Grandparent Autism Network,2
The Greater California Livery Association,2
The Green Team at Francis Parker School,2
The Environmental Center of San Luis Obispo,2
The Empowerthem Collective,2
The Employment Development Department,2
The Consul General of Switzerland,2
The Commission on Peace Officer Standards and Training (POST),2
The Committee on Moral,2
The Commons,2
"The Communications Workers of America, District 9, AFL-CIO",2
The Community Coalition on High Speed Rail,2
The Construction Industry Legislative Council,2
The Consul General of Spain,2
The Consulate General of Sweden,2
The Emergency Medical Services Administrators,2
The Consulting Engineers and Land Surveyors of,2
The Consulting Engineers and Land Surveyors of California (CELSOC),2
The Cornerstone,2
The Cosmetic,2
The Council of Mexican Federations in North America,2
The County Health Executives Association of,2
The County Health Executives Association of California,2
The Commerce Casino & Hotel,2
The Collateral Loan and Secondhand Dealers Association (CLSDA),2
The Coastal Commission,2
The Coalition to End Sexual and Domestic Violence,2
The City of Rancho Cucamonga,2
The City of Santa Barbara,2
The City of Torrance,2
The City of Watsonville,2
The City of Whittier,2
The Civil Justice,2
The Classical Academy,2
The Climate Reality Project - San Fernando Valley Chapter,2
The Climate Reality Project California,2
The Clorox Co,2
The Coalition for Fair and Caring Schools,2
The Coalition for Humane Immigrant Rights of Los Angeles,2
The Coalition of California Utility Employees,2
The Coalition of California Utility Employees (CUE),2
The Coalition of Orange County,2
The County Welfare Directors,2
The County Welfare Directors Association (CWDA),2
The County of Alameda,2
The District Attorney of San Diego County,2
The Dolores Huerta Foundation,2
The Domestic,2
The Domestic Abuse Center,2
The Dr. Susan Love Research Foundation,2
The Driving School Association of California,2
"The Driving School Association of the Americas, Inc",2
The Each One Teach One Foundation,2
The Early Childhood Alliance,2
The East Bay Refugee Forum,2
The East Palo Alto Community Law Project,2
The Ecumenical,2
The Education Trust,2
The Education Trust - West,2
The Educational Community for Homeowners,2
The Elephant Managers Association,2
The Diving Equipment and Marketing Association,2
The Distilled Spirits Council of the United States,2
The County of Butte,2
The Distance Learning Company,2
The County of Orange,2
The County of Santa Barbara,2
The County of Tulare,2
The Crime Victims Bureau,2
The Cronos Group,2
The Democratic Women's Forum of San Francisco,2
The Dental Board of California,2
The Department of Consumer Affairs,2
The Department of Finance,2
The Department of Health Services,2
The Department of Motor Vehicles,2
The Department of Parks and Recreation,2
The Department of Personnel Administration (DPA),2
The Department of Social Services,2
The Desert Protective Council,2
The Inclusion Collaborative,2
The Independent Hospitality Coalition,2
The Independent Insurance Agents and Brokers of California,2
The Oncology Association of Naturopathic Physicians,2
The Northern California Land Trust,2
The Northern California Water Association,2
The Oakland Athletics,2
The Ocean Project,2
The Oceans Conservancy,2
The Office of Governor Gray Davis,2
The Office of the State Long-Term Care Ombudsman,2
The Pacific Unified School District,2
The National Association of Insurance and Financial Advisors of,2
The Parent,2
The Parents of Courtney Cheney,2
The Parker and Friends Fund,2
The Parkinson's Institute,2
The Parsons Corporation,2
The Partnership for Children,2
The Partnership for Safe Families & Communities of Ventura County,2
The North County LGBTQ Resource Center,2
The Newhall Land and Farming Company,2
The New 49'ers,2
The Network of California Fairs,2
The National Association of Social Workers - California Chapter,2
The National Association of Theatre Owners,2
The National Center for Law and Policy,2
The National Center for Lesbian Rights,2
The National Compadres Network,2
The National Day Laborer Organizing Network,2
The National Federation of Independent Businesses,2
The National Football League (NFL),2
The National Foster Youth Institute,2
The National Italian American Foundation,2
The National Kidney Foundation of Northern California,2
The National Organization of Women,2
The Natoma Company,2
The Naturopathic Medicine Committee,2
The Net at Two Rivers,2
The Partnership for The Advancement of New Americans,2
"The Peace, Earthcare and Social Witness Committee",2
The Personal Insurance Federation,2
The Public Health Institute,2
The REACH Project,2
The Read to Me Project,2
The Redwoods,2
The Region 8 States Council of the United Food & Commercial,2
The Regional Council of Rural Counties (RCRC),2
The Regional Hispanic Chamber of Commerce,2
The Reproductive Justice Coalition of Los Angeles,2
The RightWay Foundation,2
The Riley Center of St. Vincent de Paul Society,2
The Riverside Area Rape Crisis Center,2
The Riverside Sheriffs' Association,2
The Roberts Enterprise Development Fund,2
The Rock Academy,2
The Ronald Reagan Presidential Foundation,2
The Sacramento Area Council of Governments,2
"The Public Interest Law Project, Oakland",2
The Public Advocates Office,2
The Personal Insurance Federation of,2
The Prudential Insurance Company of America,2
The Pest Control Operators of California,2
The Pet Pantry,2
The Pet Press,2
The Peter Zippi Fund for Animals,2
The Place4grace,2
The Port,2
The Positive Results Corporation,2
The Pride Panthers Coalition INC,2
"The Pride Panthers Coalition, Inc",2
The Principal Financial Group,2
The Prison Law Office,2
The Prisoner Hunger Strike Solidarity Coalition,2
The Pro-Family Law Center,2
The Procter & Gamble Company,2
The Professional Engineers in California,2
The National Association of Recording Merchandisers,2
The National Association of Insurance and Financial,2
The Indivisibles of Sherman Oaks,2
The Land Trust for Santa Barbara County,2
The Juvenile Justice Project,2
"The Kern, Inyo, and Mono Counties Central Labor Council",2
The Klaas Foundation for Children,2
The Knox Company,2
The LA Trust for Children's Health,2
The Labor/Community Strategy Center's Community Rights Campaign,2
The Laguna Playhouse,2
The Lange Foundation,2
The National Association of Chain Drug Stores,2
The Latin Business Association,2
The Latina/Latino Roundtable,2
The Latino and Latina Roundtable of the San Gabriel Valley and Pomona Valley,2
The Law Center,2
The Law Enforcement Chaplaincy-Sacramento,2
The Legal Aid,2
The Lgbtq Center Long Beach,2
The Juvenile Court Judges of California,2
The Justice Teams Network,2
The Justice & Diversity Center of The Bar Association of San Francisco,2
The Jus Semper Global Alliance,2
The Industrial Association of Contra Costa County,2
The Inn at Mavericks,2
The Insight Center for Community Economic Development,2
The Institute for Socio-Economic Justice and Progressive Community,2
The Interior Design Society,2
The Interment Association of California,2
The International Council of Cruise Lines,2
The Irrigation Association,2
The Irvine Community Land Trust,2
The Jakara Movement,2
The Jamul Indian Village,2
The Jewish,2
The Jewish Federation of Greater Los Angeles,2
The Johns Hopkins Center for Health Security,2
The Judicial Council of CA,2
The Local Government Commission,2
The Los Angeles Alliance for a Drug Free Community,2
The Los Angeles City Attorney's Office,2
The Mathews Foundation for Prostate Cancer Research,2
The Mental Health Collaborative of Kern County,2
The Merchants Association of Fresno,2
"The Mexican American Community Services Agency, Inc",2
The Mexican American Legal Defense and Education Fund,2
The Michael J. Fox Foundation,2
"The Military Officers Association of America, California",2
"The Military Officers Association of America, California Council of Chapters",2
The Ministry in Action Commission,2
The Monterey County Board of Supervisors,2
The Mosquito and Vector Control Association of California,2
The Motion Picture Association of America,2
The Mutual,2
The National Alliance for the Mentally Ill (NAMI),2
The National Association for the Advancement of Colored People,2
The National Association of,2
The Mental Health Association of California,2
The Mary Byron Foundation,2
The Los Angeles City Council,2
The Marlene Chriss Gerspach-Warnes Cancer Research Fund,2
The Los Angeles County Board of,2
The Los Angeles County Business Federation,2
The Los Angeles County District Attorney's Office,2
The Los Angeles County Education Foundation,2
The Los Angeles County Sheriff's Department,2
The Los Angeles District Attorney,2
The Los Angeles District Attorney's Office,2
The Los Angeles Foundation for the Circus Arts,2
The Los Angeles Police,2
"The Los Angeles Probation Officers' Union, AFSCME Local 685",2
The MWA,2
The Mangan Park Neighborhood Association,2
The Marin Builders Association,2
The Market Connection,2
The Marketplace Lending Association,2
National Vehicle Protection Association,2
Southern Low Desert Resource Conservation and Development,2
National Senior Citizens Law Center (NSCLC),2
California Mobilehome Parkowners' Alliance,2
California Major Builders Council (CMBC),2
California Manufacturers Assn. (CMA),2
California Manufacturers Technology Association (CMTA),2
California Manufacturing & Technology Association (CMTA),2
California Medical ASsociation,2
California Medical Association (CMA),2
California Mining Association (CMA),2
California Mobilehome Resource & Action Association (CMRAA),2
California Newspaper Publishers Association,2
California Motor Car Dealer Association,2
California Moving And Storage Association,2
California Narcotic Officers Association,2
California Narcotic Officers' Association (CNOA),2
California Natural Gas Vehicle Coalition,2
California Neighborworks Network,2
California New Car Dealers,2
California Lodging Industry Association (CLIA),2
California Life Sciences Association (CLSA),2
"California Labor Federation, Afl-CIO",2
"California Labor Federation, AFl-CIO",2
California HealthCare Institute,2
California Healthcare Institute,2
California Hispanic Chambers of Commerce (CHCC),2
California Hispanic Chambers of Commerce,2
California Housing Partnerships Corporation,2
California Independent Grocers & Convenience Stores (CIGCS),2
California Independent Grocers Association (CIGA),2
California Independent Telephone Companies (CITC),2
California Insurance Wholesalers Association,2
California Integrated Waste Management Board (CIWMB),2
California Interfaith Power & Light (CIPL),2
California Invasive Plant Council,2
California Judges Association,2
California Judges' Association (CJA),2
"California Labor Federation, AFL-CIO",2
California News Publishers Association (CNPA),2
California Norml,2
California Speech & Hearing Association,2
California School of Professional Psychology (CSPP),2
California Regional Occupational Centers and Programs,2
California Reinvestment Committee (CRC),2
California Republican Assembly (CRA),2
California Resource Recovery Association (CRRA),2
California Retailers Association,2
California Rural Legal Assistance,2
"California School Employees Association, AFL-CIO",2
California Senior Leaders Alliance (CSLA),2
California Nurses Association,2
California Senior Legislature,2
California Service Station & Automotive Repair Association (CSSARA),2
"California Sikh Council, Culver City",2
California Small Business Association,2
California Society of Certified Public Accountants (CSCPA),2
California Society of Health-System Pharmacists,2
California Society of Physical Medicine and Rehabilitation (CSPMR),2
California Refuse Recycling Council (CRRC),2
California Real Estate Inspection Association (CREIA),2
California Professional Firefighters,2
California Probation Parole and Correctional Association (CPPCA),2
California Opportunity Youth Network,2
California Outdoor Recreation Partnership (CORP),2
California Outdoors Recreation Partnership (Corp),2
California PAN-Ethnic Health Network,2
California Paint Council (CPC),2
California Peace Officer' Association,2
California Peace Officers Association,2
California Peace Officers' Association,2
California Peace Officers' Association,2
California Peace Officers' Association,2
California Pharmacists Association (CPha),2
California Pharmacists Association (CphA),2
California Physical Therapy Association,2
California Police Chiefs' Association,2
California Police Chiefs' Association,2
California Health Advocates (CHA),2
"California Hawaiian Mobile Home Park Homeowners Association, San Jose",2
California HIV Advocacy Coalition (CHAC),2
California Coalition For Women Prisoners,2
California Chapter of the American College Of Emergency Physicians,2
California Chapter of the National,2
"California Chapter, American Physical Therapy Association (CCAPTA)",2
California Cherry Growers And Industry Association,2
California Citrus Mutual,2
California Civil Liberties Advocacy (CCLA),2
California Coalition Against Gambling Expansion (CCAGE),2
California Coalition for Counselor Licensure (CCCL),2
California Groundwater Association (CGA),2
California Coalition for Sheriff Oversight (CCSO),2
California Coalition for Women Prisoners (CCWP),2
California Coalition of Early & Middle Colleges,2
California Coalition of Early & Middle Colleges (CCEMC),2
California Collaborative for Long Term Services,2
California Community Banking Network (CCBN),2
California Community College Association for Occupational Education (CCCAOE),2
California Chapter Of The American College Of Emergency Physicians,2
California Chamber of Commerce,2
California Certification Board of Alcohol and Drug Counselors (CCBADC),2
California Central Valley Flood Control Association (CCVFCA),2
California Bankers Association,2
California Banking Association (CBA),2
California Bean Shippers California Cotton Ginner and Growers Association,2
California Beer And Beverage Distributors,2
California Behavioral Health Association,2
California Broadband Cooperative (CBC),2
California Builders Exchange (CBE),2
California Building Industry Association,2
California Building Officials,2
California Business Properties Association,2
California Cable Television Association,2
California Catholic Conference,2
California Catholic Conference,2
California Catholic Conference (CCC),2
California Center for Land Recycling (CCLR),2
California Community Colleges Chancellors Office,2
California Community Land Trust Network,2
California Confederation of the Arts,2
California Disabled Veterans Business Alliance,2
California District Attorney's Association (CDAA),2
California Emerging Technology Fund (CETF),2
California Energy Commission (CEC),2
California Environmental Justice Alliance,2
California Environmental Voters (Formerly CLCV),2
"California Faculty Association, San Francisco State University",2
California Farm Bureau Federation,2
California Federation of Teachers,2
California Financial Service Providers (CFSP),2
California Fire Training Alliance,2
California Fish & Game Warden Supervisors and Managers Association (CFGWSMA),2
California Food Project,2
California For Safety and Justice,2
California Forestry Association (CFA),2
California Grape and Tree Fruit League,2
California Distributors Association (CDA),2
California Disability Alliance (CDA),2
California Conference Board of The Amalgamated Transit Union,2
California Desert Association of Realtors,2
California Conference Board of the Amalgamated Transit Union,2
California Correctional Health Care Services (CCHCS),2
California Correctional Peace Officers Association (CCPOA),2
California Cotton Ginners and Growers Association (CCGGA),2
California Council For Environmental And Economic Balance,2
California Council For Environmental and Economic Balance,2
California Council for Environmental And Economic Balance,2
California Council of Community,2
California Council of the Blind,2
California Counsel for Adult Education,2
California Counsel for Adult Education (CCAE),2
California Creditors Bar Association (CCBA),2
California CryoBank,2
California DUI Lawyers Association (CDLA),2
California Department of Forestry and Fire Protection,2
California Solar And Storage Association,2
California Speech & Hearing Association (CSHA),2
California Autobody Association,2
Church of Jesus Christ of Latter-day Saints,2
Chinese Historical Society of Southern California,2
Chop Wood Carry Water CA Newsletter,2
"Christ Lutheran Church, La Jolla",2
"Christ Presbyterian Church, La Mesa",2
Chronic Care Coalition (CCC),2
"Chrysalis Center, the",2
"Church of Jesus Christ of Latter-Day Saints, Los Angeles Region",2
Church of St Martin Davis,2
City Of Cloverdale,2
"Church of the Incarnation, Santa Rosa",2
"Cindy Chavez, Santa Clara County Supervisor, District 2",2
Citizen's Climate Lobby - Castro Valley Chapter,2
Citizens Commission on Human Rights (CCHR),2
City And County of San Francisco,2
City Of,2
City Of Camarillo,2
Children's Health Council (CHC),2
Children's Defense Fund - California,2
"Children's Collective, Inc",2
"Children's Clinic, Serving Children & Their Families",2
Central Valley Realtist Board,2
Central Valley Realtist Board (CVRB),2
Centro Binacional Para el Desarrollo Indigena Oaxaqueno,2
Cerritos Regional Chamber Of Commerce,2
ChangeFire,2
"Chateau La Salle Mobile Home Park Homeowners' Association, San Jose",2
Cher-Ae Heights Indian Community of The Trinidad Rancheria,2
Cher-ae Heights Indian Community of The Trinidad Rancheria,2
Chicano/Latino Medical Association of California,2
Chico Chamber Of Commerce,2
Chief Probation Officers of CA (CPOC),2
Chiefs of,2
Children NOW,2
Children's Advocacy Center for Child Abuse Assessment and Treatment,2
Children's Advocacy Institute,2
City Of Campbell,2
City Of Concord,2
"California Sportsmanos Lobby, Inc",2
City of LA Quinta,2
City of Buena park,2
City of Concord,2
City of Famersville,2
"City of Fontana, Mayor Pro Tem, John Roberts",2
"City of Gilroy Councilmember, Zach Hilton",2
City of Glendale,2
City of Hope International,2
City of Lake Forrest,2
City Of Danville,2
City of Los Angeles Controller,2
City of Monte Serano,2
City of Salinas,2
City of San Diego Council Member David Alvarez,2
"City of San Jose Councilmember, Sergio Jimenez",2
CityLab - UCLA,2
"CityLab - University of California, Los Angeles",2
City Of Vista,2
City Of Torrance,2
City Of Sunnyvale,2
City Of South Pasadena,2
City Of Del Mar,2
City Of El Cerrito,2
City Of Glendora,2
City Of Goleta,2
City Of Hermosa Beach,2
City Of Hesperia,2
City Of Imperial Beach,2
City Of Lakeport,2
City Of Livermore,2
City Of Oakland,2
City Of Paso Robles,2
City Of Roseville,2
City Of San Gabriel,2
City Of Santa Clarita,2
City Of Saratoga,2
Central Valley Division of League of California Cities,2
Central Valley Chapter of Associated Builders and Contractors,2
Central Valley Association of Realtors,2
California YIMBY,2
California Teachers' Association,2
California Thoroughbred Trainers (CTT),2
California Tow Truck Association (CTTA),2
California Urban Partnership (CUP),2
California Water Association,2
California Welfare Directors,2
California Workforce Association,2
California food Policy Advocates,2
"Central Labor Council of Contra Costa County, AFl-CIO",2
California-Nevada Conference of Operating Engineers,2
Californians Against Red Tape (CART),2
Californians For Compensation Reform,2
Californians For Disability Rights,2
Californians United For a Responsible Budget,2
Californians United for Redevelopment Education (CURE),2
Californians for Adequate School Housing,2
California Taxpayers' Association (CAL-TAX),2
California Stem Network,2
California State pipe Trades Council,2
California State University Employees' Union,2
California State Association of Counties,2
California State Association of Counties,2
California State Association of Counties (CSAC),2
California State Association of Counties,2
California State Associations of Counties (CSAC),2
California State Council of Service Employees,2
California State Council of The Service Employees International Union,2
California State Firefighters' Association,2
California State Firefighters' Association,2
California State PTA,2
California State Pipe Trades Council,2
California State Sheriff's Association,2
California State Sheriffs Association (CSSA),2
California State Superintendent of Public Instruction,2
California State University,2
Californians for Essential Housing,2
Californians for High Speed Rail,2
Californians for Pesticide Reform,2
Center For Sustainable Neighborhoods,2
Center for Bio-Ethical Reform,2
Center for Biological Diversity,2
Center for Connection,2
Center for Elders' Independence (CEI),2
Center for Employment Training (CET),2
Center for Environmental Health,2
Center for Financial Services Innovation,2
"Center for Oceanic Awareness, Research and Education (COARE)",2
"Center for Oceanic Awareness, Research, and Education (COARE)",2
Center for Workers' Rights,2
Center of Race Poverty and the Environment,2
Center on Juvenile and Criminal Justice (CJCJ),2
"Center on Race, Poverty, and The Environment",2
Central Coast Broadband Consortium (CCBC),2
Central Coast Residential Builders,2
Center at Sierra Health Foundation,2
Center For Responsible Lending,2
Calrha,2
Center For Financial Services Innovation,2
"Calvary Presbyterian Church, Los Angeles",2
CampCalNow,2
Campaign for A Safe and Healthy California,2
Campaign for Tobacco-Free Kids,2
"Cancer Legal Resource Center, Disability Rights Legal Center",2
"Capitola Mobile Home Owners Association, Capitola",2
Caritas Management Corporation,2
"Carpenters Women's Auxiliary 001, 007, 66, 91, 101, 417, 710, and 1904",2
"Cat Fanciers Association, Inc",2
Causa Justa : Just Cause,2
Cause,2
Cedars of Marin,2
Cellular Resellers Association,2
Cellular Telephone Industries Association,2
Center California Environmental Justice Network,2
California Automotive Wholesalers Association (CAWA),2
California Attorneys for Civil Justice (CACJ),2
Citylab UCLA,2
Amvets - Department of California,2
American President Lines (APL),2
American Relief Agency for the Horn of Africa,2
American SPCA,2
American Society For Reproductive Medicine,2
American Society of Sanitary Engineering,2
Americans For Medical Rights,2
Americans For Medical Rights (AMR),2
Anderson and Associates,2
Artists Rights Alliance,2
Animal Protection League,2
Ant-Recidivism Coalition,2
Apartment Association Greater Inland Empire (AAGIE),2
"Apartment Association of Greater Los Angeles, Santa Barbara, and San Diego",2
Arc and Cerebral Palsy California Collaboration,2
Arc of Butte County,2
Arc of San Francisco,2
American Naturopathic Medical Association (ANMA),2
American Lung Association,2
American Legion-Department of California,2
"American Legion, Post 102",2
"American Federation of State, County and Municipal Employees, AFL-CIO",2
"American Federation of State, County and Municipal Employees, Afl-cio",2
"American Federation of State, County and State Employees, AFL-CIO",2
"American Federation of State, County, And Municipal Employees, AFL-CIO",2
American Fire Sprinkler Association - California Chapter,2
American Forest and Paper Association,2
American Friends Service Committee,2
American Gi Forum of California,2
American Heart Association (AHA),2
American Imaging Association,2
American Institute of Aeronautics and Astronautics,2
American Institute of Architects (AIA),2
American Institute of Architects California Council (AIACC),2
"American Institute of Architects, CA Council (AIACC)",2
"American Institute of Architects, California Council",2
Area Agency on Aging Council of California,2
Arts and Healing Network,2
Association of California Neurologists (ACN),2
Association for Uncrewed Vehicle Systems International (AUVSI),2
Association For Energy Affordability,2
Association Of California Egg Farmers,2
Association Of California Healthcare Districts,2
Association Of Compost Producers,2
Association for Children for,2
Association for Local Telecommunications Services,2
Association for Retarded Citizens (ARC),2
Association for the Recovery of Children,2
Asian American Architects/Engineers Association,2
Association of African Americans in Fire Service,2
Association of American Retired Persons (AARP),2
Association of Bay Area Governments (ABAG),2
Association of Ca Water Agencies,2
Association of California Car Clubs (ACCC),2
Association of California Community College Administrators (ACCCA),2
Association of California HealthCare Districts,2
Association,2
"Associated Students of University of California, Irvine",2
Associated Students of The University of California,2
Associated General Contractors of California (AGCC),2
Asian American Drug Abuse Program (AADAP),2
Asian Americans For Civil Rights & Equality (AACRE),2
Asian Americans For Civil Rights and Equality,2
Asian Americans for Civil Rights and Equality,2
Asian Business Institute and Resource Center,2
Asian Communities For Reproductive Justice,2
Asian Law Caucus (ALC),2
Asian Pacific State Employees Association,2
Asian and Pacific Islander American Health Forum (APIAHF),2
Asian law Alliance,2
Assembly Democratic Economic Prosperity Team (ADEPT),2
Assoc. For California Tort Reform,2
Associated California Self Insured Businesses,2
Associated Chaplains in California State Service (ACCSS),2
Associated Cooperatives and the Twin Pines Cooperative Foundation,2
"American Federation of State, County And Municipal",2
American Electronic Association (AEA),2
American Council,2
"ActiveSGV, a Project of Community Partners",2
ARC Riverside,2
"Abundant Life Covenant Bible Church, Pasadena",2
Access Humboldt (AH),2
Accredited Out-of-State Colleges and Universities in California (AOCUC),2
Acid Maltase Deficiency Association,2
Acid Maltase Deficiency Association (AMDA),2
Action for The Climate Emergency,2
Adam Walsh Foundation,2
"American College of Obstetricians and Gynecologists, District IX, California",2
Added Edge,2
Addiction Studies Program at Los Angeles Pierce College,2
Adjutant General,2
Adu Task Force East Bay,2
Adult Liberties & Erotic Rights are Threatened,2
Advancement Project,2
Adventist Health System (AHS),2
APEX Group,2
ANIMAL,2
AMVETs- Department of California,2
AMERICAN SOCIETY OF TRAVEL AGENTS,2
National Rifle Association,2
101 Casino,2
1hwy1,2
"6beds, INC.",2
99ROOTZ,2
9th Street Co-op,2
A New Way Of Life,2
A&B Painting,2
A21 Campaign,2
ACR Solar & Roofing,2
AFSCME Local 3299,2
AIDS Healthcare Foundation,2
AIDS Project Los Angeles,2
AIDs Legal Referral Panel,2
AMERICAN CHEMISTRY COUNCIL,2
Affordable Housing Advocate,2
Affordable Housing Management Association - Pacific South West,2
African American Network for Violence Free Relationships,2
Alliance for Boys And Men of Color,2
Alliance for a Regional Solution to Airport Congestion (ARSAC),2
Alliance of California Taxpayers & Involved Voters (ACTIV),2
Alliance of Californians for Community Empowerment (Acce) Action,2
Alliance of Nurses for a Healthy Environment (ANHE),2
Amador Lafco,2
"American Academy of Pediatrics, California",2
American Alliance for Medical Cannabis,2
American Association for Health Freedom,2
American Association for Health Freedom (AAHF),2
American Association of University Women,2
American Cancer Society (ACS),2
American Cancer Society/Cancer Action Network,2
American Coalition of Companies Organized to Reduce Debt (ACCORD),2
American College of Obstetricians and,2
"American College of Obstetricians and Gynecologists, Dist. IX",2
"Alliance for Language Learners' Integration, Education and Success",2
Alliance Of Californians For Community Empowerment Action,2
African American Wellness Center for Children & Families,2
Alliance Of Californians For Community Empowerment (Acce) Action,2
African Parrot Society,2
Agent and Brokers Legislative Council,2
Agricultural-Natural Resources Trust,2
Aircraft Owners and Pilots Association (AOPA),2
Alameda Business Association,2
Alameda County Board of Supervisors,2
Alameda County Court Appointed Special Advocates,2
Alameda County Faith Initiative Office Faith Advisory Council,2
Alameda County Supervisor Wilma Chan,2
Alessandra Advocacy Group,2
All Home,2
"All Souls Episcopal Parish, Berkeley",2
Alliance For Boys And Men of Color,2
Alliance For California Computing Education for Students and Schools,2
Alliance For Regional Solutions,2
Association of California Life Insurance Companies (ACLIC),2
Association of California State Attorneys (ACSA),2
California Attorneys for Civil Justice,2
California Association For Micro Enterprise Opportunity,2
California Applicant's Attorney Association,2
California Applicants Attorneys Association (CAAA),2
California Applicants Attorneys' Association,2
California Artisanal Distiller Guild,2
California Assessors' Association (CAA),2
California Assisted Living Facilities Association (CALFA),2
"California Association For Health, Physical Education, Recreation and Dance",2
California Association For The Education of Young Children,2
California Association for the Retarded (CAR),2
California Association Of Food Banks,2
California Association Of Nurseries And Garden Centers,2
California Association Of Pest Control Advisers,2
California Association Of Realtors,2
California Association Of School Business Officials,2
California Association Of Veteran Service Agencies,2
California Association for Adult Day Care Centers,2
California Apartments Association,2
California Alliance of Retired Americans (CARA),2
California Alliance for Student Parent Success,2
California Alliance Of Child And Family Services,2
CLUE-LA,2
CSG Advisors,2
Ca State Association of Counties,2
Cachil dehe Band of Wintun Indians,2
CalTrain,2
Calaveras County Association of Realtors,2
Calfiornia Correctional Peace Officers Association,2
Calif. State Assn. of Counties (CSAC),2
California Academy of Child and Adolescent Psychiatry,2
California Academy of Eye Physicians and Surgeons (CAEPS),2
California Academy of Physician Assistants (CAPA),2
California Adult Business Association,2
California Aerospace Technology Association (CATA),2
California Airports Council (CAC),2
California Alliance Concerned with School Age Parents (CACSAP),2
California Association for Alcohol and Drug Educators (CAADE),2
California Association of Addiction Recovery Resources (CAARR),2
Association of California Water Agencies(ACWA),2
California Association of Public Authorities For IHSS,2
California Association of Persons with Handicaps (CAPH),2
California Association of Physicians Groups (CAPG),2
California Association of Private Specialized Education and Services (CAPSES),2
California Association of Professional Employees (CAPE),2
California Association of Professional Scientists,2
California Association of Psychiatric Technicians,2
California Association of Public,2
California Association of Realtors,2
California Association of Administrators of State and Federal Education Programs (CAASFEP),2
California Association of Sanitation Agencies,2
California Association of School Counselors (CASC),2
California Association of School Transportation Officials (CASTO),2
California Association of State Hospital Parent Councils for the Retarded (CASHPCR),2
California Association of Suburban School Districts (CASSD),2
California Association of WineGrape Growers,2
California Association on Postsecondary Education & Disabilities,2
California Association of Persons with Handicaps,2
California Association of NonProfits,2
California Association of Naturopathic Physicians (CANP),2
California Association of Mental Health Peer Run Organizations (CAMHPRO),2
California Association of Adoption Agencies (CAAA),2
California Association of Area Agencies On Aging,2
California Association of Christian Colleges and Universities (CACCU),2
California Association of Collectors (CAC),2
California Association of Community Managers,2
California Association of County Drug Program Administrators,2
California Association of Health Plans,2
California Association of Homes,2
California Association of Housing Authorities,2
California Association of Industrial Banks (CAIB),2
California Association of Joint Powers Agencies (CAJPA),2
California Association of Joint Powers Authorities,2
California Association of Joint Powers Authority (CAJPA),2
California Association of Licensed Repossessors,2
California Association of Marriage and Family Therapists,2
CITY OF POWAY,2
CITY OF HAYWARD,2
CITY OF DANA POINT,2
Berkeley Design Advocates,2
Barstow Police Officer's Association (BPOA),2
Bay Area Addiction Research and Treatment,2
Bay Area Air Quality Management District,2
Behavioral Intervention Association (BIA),2
"Bel Air Church, Long Beach",2
"Bel Air Church, Pasadena",2
"Beloved Everybody Church, San Pedro",2
Berkeley Existential Risk Initiative,2
CALchamber,2
Better Way Forward to House California,2
"Beulah Baptist Church, Inglewood",2
"Bill Freeman Ministries and Interfaith Solidarity Network, Los Angeles",2
"Black Butte Saloon (Weed, California)",2
Black Economic Council (BEC),2
Black Educator Advocates Network,2
Black Educator Advocates Network (BEAN),2
Barstow Police Officer's Association,2
"Baha'i Faith, Sacramento",2
BAR Architects,2
Azul,2
Association of Destination Management Executives,2
Association of Family and Conciliation Courts (AFCC),2
Association of Home Appliance Manufacturers (AHAM),2
Association of Latin American Gardeners of Los Angeles,2
Association of Northern California Oncologists,2
Association of Pedestrian and Bicycle Professionals,2
Association of Retired Teachers,2
Association of Talent Agents (ATA),2
Asthma and Allergy Foundation of America (AAFA),2
Athenian School,2
Attorney General Rob Bonta,2
Atwater Village Neighborhood Council,2
Audiology Association of California (AAC),2
Autism Society San Francisco,2
Avalon Medical Development Corporation,2
Black Veterans Empowerment Council (BVEC),2
Black Women For Wellness,2
Black Women for Wellness,2
Bureau of Automotive Repair (BAR),2
Burlington Associates in Community Development,2
Burlington Northern and Santa Fe Railway Company,2
C.A.S.A. of San Bernardino County,2
CA Advocates for Nursing Home Reform (CANHR),2
CA Alliance For Consumer Protection,2
CA Association of County Treasurers and Tax Collectors (CACTTC),2
CA Chapter of The American College of Cardiology,2
CA Chapters of the Brady Campaign to Prevent Gun Violence,2
CA State Employees Association (CSEA),2
CA State Sheriffs Association,2
CA WIC Association,2
CALIFORNIA ASSOCIATION OF SANITATION AGENCIES,2
CALIFORNIA CHAMBER OF COMMERCE,2
CALIFORNIA LEAGUE OF CONSERVATION VOTERS,2
CALIFORNIA STATE ASSOCIATION OF COUNTIES,2
"Burlingame United Methodist Church, San Mateo",2
Bureau for Private Postsecondary and Vocational Education,2
Blue Shield Of California,2
Building Owners & Managers Association (BOMA),2
Board of Chiropractic Examiners (BCE),2
Board of Rabbis of Southern California,2
Board of Registration for Professional Engineers and Land Surveyors (BRPELS),2
Board of Supervisors of Los Angeles County,2
"Board of Supervisors, Madera County",2
Body Shop,2
Book Club of California,2
Brady United Against Gun Violence - San Francisco Chapter,2
Brayer Electric Company,2
Bridge Bible Fellowship,2
Bridge Housing,2
Brock Real Estate,2
Buckeye Conservancy,2
Build.com,2
Building Industry Association of Tulare/Kings County,2
Citylab - UCLA,2
California Association of Latino Superintendents and Administrators (CALSA),2
Citylab-ucla,2
Kennedy Commission (Orange County),2
Juvenile Products Manufacturers Association (JPMA),2
K.W. Lee Center for Leadership,2
Karmic Action Redistribution Management Agency,2
"Kathleen J. DeRosa, Cathedral City Mayor",2
Kaweah Delta Street Medicine Program,2
Keep Sunnyvale Beautiful,2
Keep a Breast Foundation,2
"Kenwood Community Church, Sebastopol",2
"LA Voice, Agoura Hills",2
Kern Autism Network-Autism Society Chapter in Bakersfield,2
Kern Autism Regional Taskforce,2
Kern County Superintendent of Schools (KCSS),2
"King of Kings Lutheran Church, San Diego",2
Koning Eizenberg Architecture,2
L.A. Trust for Children's Health,2
LA City Councilmember Paul Koretz,2
Juvenile Diabetes Foundation International (JDFI),2
Juvenile Court Judges of CA (JCJC),2
Juvenile Court Judges of CA,2
"Justice Committee, Lutheran Church of the Incarnation, Davis",2
Jamboree,2
JaneUnChained,2
"Jericho, a Voice for Justice",2
Jewish American Affairs Committee of Indiana,2
Jewish Community Relations Committee (JCRC),2
Jewish Family Service of Los Angeles (JFSLA),2
Jewish Public Affairs Committee (JPAC),2
"Jim Gillio, San Benito County Supervisor, District 4",2
John Burton Advocates For Youth,2
Johns Hopkins Center for Health Security,2
Joint Venture - Silicon Valley Network,2
Jordan Park Improvement Association,2
Judicial Council Of California,2
Judicial Council of California,2
Justice & Reconciliation Project,2
LA Mesa Councilmember Colin Parent,2
"LA Voice, Los Angeles",2
League of Cities,2
Latino Theater Company,2
Language Academy Of Sacramento,2
Laotian American National Alliance,2
Last Beach Cleanup,2
Last Chance For Animals,2
Latina Breast Cancer Agency (LBCA),2
Latino Coalition for a Healthy California,2
Latino Economic Development Center (LEDC),2
Latino and Latina Roundtable of the San Gabriel Valley and Pomona Valley,2
"LABC Hunger Task Force, Alameda",2
Latinos United for Clean Air,2
Law Enforcement Management Association (LEMA),2
Law Offices of David M. Levin,2
"Law Student for Community Advancement, San Joaquin College of Law",2
Lawyers Committee For Civil Rights of the San Francisco Bay Area,2
"Lazy Wheel Mobile Home Park Homeowners' Association, Marina",2
Leading Builders of America,2
Lange Foundation,2
LandWatch,2
Lakeside Golf Club,2
Lake Elsinore Animal Friends (LEAF),2
LEAP Institute,2
LGBT Asylum Project,2
LGBT Center Orange County,2
LISC Los Angeles,2
La Brea Hancock Homeowners Association,2
La Cooperativa Campesina De California,2
La Cooperative Campesina De California,2
"La Jolla Presbyterian Church, San Diego",2
Laane (Los Angeles Alliance for a New Economy),2
Laane (los Angeles Alliance for A New Economy),2
Laane (los Angeles Alliance for a New Economy),2
Laborers International Union of North America (LIUNA),2
Laguna Board of Realtors,2
Laguna Playhouse,2
"Lake Avenue Church, Pasadena",2
"JP Squared Consulting, LLC",2
JED Foundation,2
J. Paul Getty Trust,2
Humboldt Association of REALTORS,2
Housing Endownment and Regional Trust of San Mateo County (HEART),2
Housing for All Alliance of Silicon Valley,2
Human Impact Partners (HIP),2
Human-i-t,2
Humane Society Veterinary Medical Association (HSVMA),2
Humane Society of the North Bay Animal Services Division,2
Humane Society of the U.S,2
Humboldt Unitarian Universalist Fellowship Social Action Committee,2
Israel Peace Initiative,2
Hungry Planet,2
Huntington Group,2
Hyundai Cancer Institute at Children's Hospital of Orange County Children's,2
I'M HOME,2
IF,2
IT Corporation,2
Immigrant Health Equity and Legal Partnership,2
Housing Authority of The City of Los Angeles,2
Housing Authority of The City of Alameda,2
Horror Writers Association,2
Hope Street Coalition,2
Hills 2000- Friends of the Hills,2
Hispanas Organized for Political Equality,2
Hispanias Organized for Political Equality,2
Hiv Education and Prevention Project of Alameda County (HEPPAC),2
Hoffman Park Business Women's Golf Club,2
Home Buyer Assistance Center (HBAC),2
Home Office and Business Opportunities Association of California,2
Homeless Advocates for CHRIST,2
Homeless Services Center,2
Homeowners Of Encino,2
"Hon. Daniel E. Lungren, Attorney General",2
"Honorable Dean F. Andal, Member, Board of Equalization",2
"Honorable Jerry Brown, Mayor of Oakland",2
"Honorable Tom Butt, Mayor",2
Hood Incubator,2
Imperial County Association of Realtors,2
Imperial Lafco,2
Imperial Valley Association of Governments (IVAG),2
Institute for Human and Social Development,2
Interfaith Committee for Worker Justice of San Diego County,2
Interfaith Communities United for Justice and Peace (ICUJP),2
Interfaith Council of Alameda County (ICAC),2
"Interfaith Council of Greater Sacramento, San Diego",2
"Interfaith Solidarity Network, San Pedro",2
International Bengal Cat Society,2
"International Cat Association, Inc",2
International Jewish Anti-Zionist Network (IJAN),2
International League of Antiquarian Booksellers,2
"International Union of Operating Engineers, CAL-NEVADA Conference",2
Internet Service Providers Consortium,2
Intersection of Faith and Culture,2
Inyo Mono Advocates for Community Action (IMACA),2
Irvine Ranch Water District,2
Islamic Center of Davis,2
Institute of Scrap Recycling Industries (ISRI),2
Institute for Advanced Study of Human Sexuality,2
Imperial Valley Regional Occupational Program Project Accessing Careers,2
Inspired Adus,2
In Home Supportive Services Advisory Committee San Bernardino,2
In Solar,2
Independent Bankers Association of America (IBAA),2
Independent Cities Association,2
Independent Online Booksellers Association,2
Indivisible South Bay La,2
Industrial Areas Foundation,2
"Industrial Bank of Japan, Ltd",2
Infusion Access Foundation (IAF),2
Inland Empire Health Plan (IEHP),2
Inland Empire Utilities Agency,2
Inland Fair Housing and Mediation Board (IFHMB),2
Inland Valley,2
Inland Valleys Association of REALTORS,2
Inn At Mavericks,2
League of California Cities,2
League of Human Voters,2
Highlands Energy,2
Music Center,2
Mountain View Tenants Coalition,2
Mt. Shasta Ski Park,2
Mujeres Unidas Y Activas (MUA),2
Mujeres Unidas y Activas (MUA),2
Multicultural Area Health Education Center (MAHEC),2
Multifamily Affordable Solar Homes Coalition,2
Music Artists Coalition,2
Myositis Association,2
Napa Lafco,2
NAIOP Of California,2
NATURAL RESOURCES DEFENSE COUNCIL,2
NEW Economics For Women,2
NISEI Farmers League,2
NRDC,2
NWP Services Corporation,2
Naiop of California,2
Mountain Communities Family Resource Center,2
Morley Builders,2
Montebello Housing Development Corporation (MHDC),2
Mono County Public Safety Officers Association,2
Mexican American Legal Defense Educational Fund (MALDEF),2
Mexican American Legal Defense and Education Fund,2
Mexican American Legal Defense and Educational fund,2
Michelson Center for Public Policy,2
Middle East Political and Information Network,2
Mikiten Architecture,2
Military Officers Association of America (MOAA),2
Mill Valley Affordable Housing Committee,2
Mimi and Peter Haas Fund,2
Ministry In Action Commission,2
Mission Neighborhood Resource Center,2
Mockingbird Society,2
Modesto City Council Member Tony Madrigal,2
"Money Store, Inc",2
Mono County Deputy Sheriffs Association,2
Napa County Transportation and Planning Agency/Napa Valley Transportation,2
Napa Valley Telecom Services,2
"Legacy Church SD, La Mesa",2
National Food Processors Association (NFPA),2
National Consumer Cooperative Bank,2
National Consumer Voice for Quality Long Term Care,2
National Council of Jewish Women (NCJW),2
National Electrical Contractors Association,2
National Federation Of Independent Business (Nfib),2
National Federation for Independent Business (NFIB),2
National Federation of Independent Business(NFIB),2
National Independent Automobile Dealers Association (NIADA),2
Napa Valley Vintners (NVV),2
National Infusion Center Association (NICA),2
"National Latina/o Lesbian, Gay, Bisexual & Transgender",2
National Lawyers Guild - Sacramento Chapter,2
National Native American AIDS Prevention Center,2
Civic Center Roundtable,2
National Private Truck Council,2
National Nurses Organizing Committee (NNOC),2
National Collegiate Athletic Association (NCAA),2
National Coalition for Graffiti Removal,2
National Center for Youth law,2
National Center For Youth Law (NCYL),2
National Academy of Building Inspection Engineers (NABIE),2
National Accounting Firms,2
National Air Transportation Association (NATA),2
National Alliance for the Mentally,2
National Association For Missing and Exploited Children,2
National Association for the Education of Homeless Children & Youth (NAEHCY),2
National Association of Bail Insurance Companies (NABIC),2
National Association of Independent Review Organizations,2
National Association of Insurance and Financial Advisors (NAIFA),2
National Association of Professional Employer Organizations (NAPEO),2
National Association of State Contractors Licensing Agencies (NASCLA),2
National Association of Telecommunications Officers and Advisors (NATOA),2
National Association of Women Business Owners (NAWBO),2
National Association of Workforce Boards,2
National Business,2
Mexican American Committee on Education of San Benito County,2
Mexican American Committee On Education Of San Benito County,2
Mexican American Business & Professional Association (MABPA),2
Los Angeles Christian Health Center,2
London Group,2
Lone Mountain Civic Association,2
Long Beach Green Room,2
Long Beach Residents Empowered - LiBRE,2
Los Angeles Alliance for New Economy (LAANE),2
Los Angeles Center for Law and Justice,2
Los Angeles Center for Law and Justice (LACLJ),2
"Los Angeles City Council Member, Mitch O'Farrell",2
Mexican America Legal Defense and Educational Fund (MALDEF),2
Los Angeles Cleantech Incubator (LACI),2
Los Angeles Community College District,2
Los Angeles County Board Of Supervisors,2
Los Angeles County Business Federation -BizFed,2
Los Angeles County Chief Executive Office,2
Los Angeles County Organization of Police and Sheriffs (LACOPS),2
Los Angeles County Regional Broadband Consortium (LACRBC),2
"London Breed, Mayor Of San Francisco",2
"Loftin Firm, P.C",2
Lobby for Individual Freedom and Equality,2
Living Desert Zoo and Garden,2
Legal Advocates For Children and Youth,2
Legal Advocates for Children and Youth,2
Legal Aid Society-Employment Law Center,2
Legal Services For Children,2
Legal Services Of Northern California,2
Legal Services for Children,2
Legal Services of Northern California (LSNC),2
Life Settlement Institute,2
"Life Skills Training and Educational Programs, INC. (LIFESTEPS)",2
"Lincoln Ave Christian Church, Mill Valley",2
"Lincoln Ave Christian Church, Pasadena",2
Linking Education and Economic Development,2
Little Tokyo Business Association,2
Little Tokyo Service Center CDC,2
Livable Riverside and Moreno Valley,2
Los Angeles County of the League of California Cities,2
Los Angeles District Attorney's Office,2
Los Angeles Homeless Services Authority (LAHSA),2
Marin County Council of Mayors and Councilmembers - MCCC,2
Marin Telecommunications Agency (MTA),2
Market Street Association,2
"Marti Emerald, San Diego 9th District Councilmember",2
Matheny Trac Committee,2
"Mayor Edwin M Lee, City and County of San Francisco",2
Mayor Ron Rowlett,2
Medical Board of California,2
Medical Oncology Association of Southern California (MOASC),2
Mendocino Solar Service,2
Menorah Housing,2
Mental Health Association of California,2
Mental Health Collaborative of Kern County,2
Metropolitan Area Child Care Committee (MACCC),2
Metropolitan Water District Of Southern California,2
Metropolitan Water District of Southern California,2
Marin Environmental Housing Collaborative,2
Marin County Council of Mayors & Councilmembers (MCCMC),2
Los Angeles Institute and Society for Psychoanalytic Studies,2
Marin County Council Of Mayors And Council Members,2
"Los Angeles Kings Hockey Club, LP",2
"Los Angeles Probation Department Union, AFSCME",2
Los Angeles Tenants Union - Hollywood Local Case Worker,2
Los Angeles Trade Technical College,2
Los Angeles Unified School District,2
Low Income Investment Fund,2
Loyola Law School Center for Conflict Resolution,2
Lumber Association of California and Nevada (LACN),2
MAROMA Energy Services,2
MLK Freedom Center,2
Making Our Milk Safe,2
Making Our Milk Safe (MOMS),2
Making our Milk Safe,2
Mangan Park Neighborhood Association,2
Marin County Bicycle Coalition (MCBC),2
Hills 2000 -- Friends of the Hills,2
Life Group LA,2
High Desert Association of Realtors,2
County of Los Angeles Board of Supervisors,2
County Of San Bernardino,2
County Of Santa Barbara,2
County Recorders Association of California (CRAC),2
County Recorders' Association of California (CRAC),2
County Welfare Director's Association (CWDA),2
County of Benito,2
County of Los Angeles Board Of Supervisors,2
County of Los Angeles Department of Parks and Recreation,2
Crossroads of The West Gun Shows,2
County of Sacramento,2
County of San Diego Third District Supervisor Terra Lawson-Remer,2
County of San Mateo,2
County of Ventura,2
Court Appointed Special Advocates (CASA),2
Crime Victims United of CA,2
Crime Victims United of CA (CVUC),2
County Behavioral Health Directors Association of California,2
County Behavioral Health Directors Association of CA,2
County Association of County Veterans Service Officers (CACVSO),2
County Alcohol and drug Program Administrators Association of,2
Contra Costa County Schools Insurance Group,2
Contra Costa Interfaith Supporting Community Organization (CCISCO),2
Contractor's State License Board (CSLB),2
Contractors State Licensing Board (CSLB),2
Contractors' State Licensing Board (CSLB),2
Cooperative Development Foundation,2
Coral Tree Endowment Fund,2
Corky McMillin Companies,2
Corporation for Supportive Housing California,2
"Cosmetic, Toiletry and Fragrance Association (CTFA)",2
Council For Private Postsecondary and Vocational Education,2
"Council on America-Islamic Relations, California",2
Council on Developmental Disabilities,2
"Councilmember Dan Kalb, City Of Oakland",2
County Alcohol and Drug Program Administrators Association of California (CADPAAC),2
"Crossroads Christian Reformed Church, San Diego",2
Cultural Action Network,2
Consumers and Lawyers Against Censorship (CLAC),2
"Dr. Anthony Manousos, Quaker, Pasadena",2
Dept. of Personnel Administration (DPA),2
Desert Valleys Builders Association (DVBA),2
Developmental Disabilities Area Board 4,2
Diocese of Oakland,2
Disability Rights Education And Defense Fund,2
"District Council16, International Union of Painters and Allied Trades, AFL-CIO",2
Dolores Huerta Foundation,2
"Driving School Association of the Americas, INC",2
Culver City Neighbors United,2
Dry Creek Rancheria Band Of Pomo Indians,2
EASTERN MUNICIPAL WATER DISTRICT,2
Each One Teach One Foundation,2
Ear Professionals International Corporation (EPIC),2
Earth Communications Office (ECO),2
East Bay Asian Local Development Corporation (EBALDC),2
East Bay Broadband Consortium (EBBC),2
Department of Toxic Substances Control,2
Department of Public Health (DPH),2
Department of Personnel Administration,2
Department of Health Services,2
"Culver City Presbyterian Church, Redondo Beach",2
"Culver-Palms United Methodist Church, Los Angeles",2
Danville Congregational Church,2
Daughters of Charity Health System (DCHS),2
"David & Margaret Youth and Family Services, La Verne",2
Del Norte Association of Realtors,2
Delivering Innovation in Supportive Housing (DISH),2
"Delta Monthly Meeting of the Religious Society of Friends, Walnut Creek",2
Denver Homeless Out Loud,2
Department of Consumer Affairs,2
Department of Finance,2
Department of Finance,2
Department of Finance,2
Department of General Services,2
"Department of General Services, Office of State Architect",2
Contra Costa Association of REALTORS,2
Consumers and Lawyers Against Censorship,2
East Bay Housing Organizations (EBHO),2
Coalition of California Compensation Companies (CCCC),2
Coalition for Auto Repair Equality (CARE),2
Coalition for Fair and Caring Schools,2
Coalition for Humane Immigrant Rights of Los Angeles,2
Coalition for Quality Credit Counseling (CQCC),2
Coalition for San Francisco Neighborhoods (CSFN),2
Coalition for Valley Neighborhoods,2
Coalition of Apparel Industries in California (CAIC),2
Coalition of Franchisee Associations (CFA),2
Commission of California Insurance Professionals,2
Coalition of Open Access Policy Institutions (COAPI),2
Coalition of University Employees (CUE),2
Coalition to Save Ocean Beach/Friends of Sutro Heights Park,2
Coastal Street Medicine,2
Collaborative Project Consulting,2
Collective for Liberatory Lawyering,2
Color,2
"Coalition for Adoption, Reform and Education (CARE)",2
Coalition Of California Welfare Rights Organizations,2
Coalition For San Francisco Neighborhoods (CSFN),2
Coalition For Economic Survival,2
Clairemont Lutheran Church,2
"Clairemont Lutheran Church, San Diego",2
Classical Academy,2
Hercules Mayor Chris Kelley,2
Clayton Valley Presbyterian Church,2
"Clergy Community Coalition, Pasadena",2
"Clergy and Laity United for Economic Justice, Canoga Park",2
Climate Reality Project Orange County Chapter,2
"Climate Reality Project, Riverside County",2
"Climate Reality Project, South Central Coast",2
Clorox Co,2
Coachella Valley Mountains Conservancy (CVMC),2
Coalinga-Huron Recreation And Park District,2
Coalition Against Unsolicited Commercial E-mail (CAUCE),2
Coalition For Adequate Funding For Special Education,2
Commercial Vehicle Training Association (CVTA),2
Commission on Teacher Credentialing (CTC),2
Consumer Technology Association (CTA),2
Construction Materials Association of CA,2
Conejo Simi Moorpark Association of Realtors,2
Conference of California Bar Association (CCBA),2
"Congregation Kol Shofar, Woodacre",2
Congregation Netivot Shalom,2
"Congregation Shomrei Torah, Santa Rosa",2
Congregational Care Pasadena Mennonite Church,2
Connected Capital Area Broadband Consortium (CCABC),2
Construction Materials Association of CA (CMAC),2
Committee for Law Enforcement Accountability Now,2
Consulate General of Sweden,2
Consumer Attorneys Of California,2
Consumer Attorneys of California,2
Consumer Data Industry Association (CDIA),2
Consumer Electronics Retailers Coalition (CERC),2
Consumer Federation of America (CFA),2
Consumer Specialty Products Association,2
Concerned Citizens to Stop Outside Dumping (CCSOD),2
ConAm Management Corporation - Southern California Affordable,2
Community Revitalization & Development Corporation,2
Community Resource for Independent Living,2
Committee on Moral Concerns,2
Communities Association (WMA),2
Communities United For Restorative Youth Justice (CURYJ),2
Community & Children's Advocates Against Pesticide Poisoning (CCAAPP),2
Community Action Partnership of Madera County (CAPMC),2
Community Action to Fight Asthma (CAFA),2
Community College League of California (CCLC),2
Community Development Block Grant Division - City of Inglewood,2
Community Initiatives for Development in Pakistan (CIDP),2
Community Interfaith Services,2
Community Legal Services in East Palo Alto (CLSEPA),2
"Community Outreach Ministry, La Mesa First United Methodist Church, Carlsbad",2
"Community Presbyterian Church of Pittsburg, CA",2
Community Redevelopment Agency,2
Community Relations Council of the Jewish Federation of Silicon Valley,2
East Bay Community law Center,2
Consumer Specialty Products Association (CSPA),2
East Bay Regional park District,2
General Assistance Advocacy Project (GAAP),2
GENUp,2
GLIDE Foundation,2
"Galt Mobile Estates Homeowners Association, Galt",2
"Gan HaLev, Tiburon and Marin",2
Garfield Elementary School,2
Gasser Foundation,2
Gay and Lesbian Armenian Society,2
Genocide Education Project,2
Food Bank Of Contra Costa And Solano,2
Geothermal Resources Council (GRC),2
GigaWatt,2
Glendale Water & Power,2
Glendale Water & Power (GWP),2
Glendale city Employees Association,2
Glendalians Against Smokers Pollution (GASP),2
Glide,2
Fuel Cell and Hydrogen Energy Association (FCHEA),2
Friends and Neighbors Community Club,2
"Friends In Deed, Pasadena",2
Friends Committee on Legislation of CA (FCLCA),2
Foothills Community Church in Pasadena,2
Fort Collins Homeless Coalition,2
Foster Parent Association of Santa Cruz County,2
Foster Youth Investment Coalition,2
Foundation For Taxpayer and Consumer Rights,2
Foundation for Individual Rights and Expression,2
Foundation for Individual Rights and Expression (FIRE),2
Foundation for Taxpayer & Consumer Rights,2
Foundation for Taxpayer And Consumer Rights,2
Foundation for Taxpayer and Consumer Rights (FTCR),2
Franchise of Americans Needing Sports (FANS),2
Free,2
Friends Committee On Legislation of California,2
Friends Committee on Legislation,2
Friends Committee on Legislation (FCL),2
"Gloria Sewell-Murphy, Member/EDC Commissioner BMCR/ EHUMC, Richmond",2
Golden Gate Valley Neighborhood Association,2
Golden State Manufactured-home Owners League,2
Hartwell Corporation,2
Hayward Area Recreation And Park District,2
"Hayward Mobilehome Owners Association, Hayward",2
Health Alliance Of Northern California,2
Health Care for the Homeless - Sacramento,2
Health Equity for African American's League,2
Health Insurance Association of America,2
Health Insurance Association of America,2
Health Net,2
Health Officers Association Of California,2
Hearing Aid Dispensers Examining Committee (HADEC),2
East Bay for Everyone,2
Heart Matters Foster Family Agency,2
Heart and Soul Coalition,2
Hearth Homes,2
"Heather Estates Mobilehome Park Homeowners' Association, Hemet",2
Hawk Institute,2
Happy Bear Surgery Center,2
Golden State Power Cooperative (GSPC),2
Hand Up Youth Food Pantry Student Advisory Board,2
Goleta Chamber of Commerce,2
Govern For California,2
"Grace United Methodist Church, Los Angeles",2
Grandkidsandme Foundation,2
"Greater Cooper AME Zion Church, Oakland",2
"Greater Cooper Ame Zion Church, Oakland",2
Greater Irvine Chamber Of Commerce,2
Greater Pasadena Jews for Justice (GPJJ),2
Greenbelt Alliance,2
"Greenbrier Gardens Mobile Home Homeowners Association, Santee",2
"Greenfire Law, Pc",2
Greenlining Institute (GI),2
Guadalupe Art Program,2
Gunkel Architecture,2
HCL Architecture,2
"Foothill - DeAnza, Kern, and Peralta Community College Districts",2
Golden Gate Business Association (GGBA),2
Food Allergy and Anaphylaxis Network,2
Environmental Health Coalition (EHC),2
Engine Manufacturers Association (EMA),2
Ensuring Opportunity Campaign To End Poverty In Contra Costa County,2
Entertainment Software Association (ESA),2
Environmental Defense Action Fund (EDAF),2
Environmental Defense Fund,2
Environmental Defense fund,2
Environmental Finance Center for Region IX,2
Environmental Health Network (EHN),2
Eugene Burger Management Corporation,2
Environmental Justice Coalition for Water,2
Environmental Media Association (EMA),2
Envision-Transform-Build East Palo Alto,2
Episcopal Communities Services,2
"Episcopal Impact Fund and Christ Church, Alameda",2
"Episcopal Impact Fund, San Francisco",2
Escondido Community Housing Coalition,2
Endangered Habitats Conservancy,2
EmpowerTHEM Collective,2
Employment Law Center (ELC),2
"Emmanuel Episcopal Church, Orange County",2
"Easter Hill UMC, Pasadena",2
East Valley Water District (EVWD),2
Easton Press,2
Edge Coalition,2
Folsom Auburn Trail Riders Action Coalition,2
Edible Schoolyard Project,2
Education Trust,2
East Palo Alto Council of Tenants (EPACT),2
Effort,2
El Dorado Hills Chamber Of Commerce,2
Elections Committee of the County of Orange (ECCO),2
Electronic Frontier Foundation,2
Elephant Managers Association,2
Elk Grove CSD Fire Department,2
Emerald Cup,2
Escrow Agents' Fidelity Corporation (EAFC),2
"Enterprise Community Partners, Inc.",2
"First Baptist Church of Lemon Grove, San Diego",2
Fathers And Families of San Joaquin,2
Fidelity National Financial (FNF),2
Fight for $15 and a Union,2
Filipina Women's Network (FWN),2
Filipino American Coalition for Environmental Solidarity (FACES),2
Filipinos For Affirmative Action,2
"First Church, Berkeley",2
"First Congregational Church, Santa Rosa",2
First Place for Youth,2
First Presbyterian Church of Inglewood,2
First Presbyterian Church of San Mateo,2
First Tee of Silicon Valley,2
"First United Methodist Church, Santa Rosa",2
Executive Committee of the Family Law Section of the State,2
First United Methodist Church of Palo Alto,2
Fixing Angelenos Stuck In Traffic,2
"FeatherVine, Santa Rosa",2
Federation of Hillside and Canyon Association,2
Fathers And Families Of San Joaquin,2
Faith & Vision Realty,2
Executive Committee of the Trusts and Estates Section of the State Bar,2
Executive Council of Home Owners (ECHO),2
Experimental Aircraft Association (EAA),2
Express Scripts Incorporated,2
Facts and Logic About the Middle East,2
Faculty Association of the California Community Colleges (FACCC),2
Fair Housing Council of the San Fernando Valley (FHCSFV),2
Fair Foundation,2
"Faith in the Valley, East Palo Alto",2
Families Advocating for Chemical & Toxins Safety,2
Families to Amend California's Three Strikes (FACTS),2
Fashion Law Group,2
Fathers & Families of San Joaquin (FFSJ),2
"First United Methodist Church, Pasadena",2
The California Conference Board of Amalgamated,1
"The California Congress of Parents, Teachers, and Students, Inc",1
The California Community Land Trust Network,1
The California Environmental Health Initiative,1
The California Community Colleges Chancellors Office,1
The California Contract Cities Association,1
The California Community Colleges,1
The California Community Colleges Chancellor's Office,1
The California Energy Commission,1
The California Commission on Teacher Credentialing,1
The California College and University Police Chief's Association,1
The California Coin and Bullion Merchants Association,1
The California Coalition of United Cerebral Palsy,1
The California Coalition of Nurse Practitioners (CCNP),1
The California Coalition for Youth,1
The California Correctional Supervisors Organization,1
The California Coalition for Women Prisoners,1
The California Coalition for Immigration Reform,1
The California Correctional Peace Officers Association (CCPOA),1
The California District Attorney Association,1
The California Council for,1
The California Department of Aging,1
The California Employment Lawyers Association,1
The California Coalition for Children's Safety and Health,1
The California Employment Lawyers Association,1
The California District Attorneys Association (CDAA),1
The California District Attorneys,1
The California Department of Forestry Employees Association,1
The California Department of Forestry,1
The California Dental Hygienists Association,1
The California Council for Adult Education,1
The California Credit Unions League,1
The California Court Appointed Special Advocate Association,1
The California County Superintendents Educational,1
The California Council of the Blind,1
The California Council of Community Mental Health Agencies,1
The California Council of Community Behavioral Health Agencies,1
The California Council of Community,1
The California Coalition for Equity in Early Care and Education,1
The California Association of Public Authorities for IHSS (CAPA),1
The California Coalition for Children's Safety and Health,1
The California Association of Public Health Laboratory Directors,1
The California Avocado Commission,1
The California Attorney's for Criminal Justice,1
"The California Association of the Deaf, Inc",1
The California Association of School Business Officials,1
The California Association of School,1
The California Association of Resource Conservation Districts,1
The California Association of Realtors (C.A.R.),1
The California Association of RV Parks and Campgrounds,1
The California Association of Public Administrators,1
The California Coalition for Authentic Reform in Education,1
The California Association of Professional Scientists,1
The California Association of Professional Liability Insurers,1
The California Association of Professional Liability,1
The California Association of Private,1
The California Association of Nurse Anesthetists (CANA),1
The California Association of Physician Groups,1
The California Faculty Association,1
The California Association of Obstetricians and Gynecologists (CAOG),1
The California Bankers Association (CBA),1
The California Bat Working Group,1
The California Behavioral Health Directors Association,1
The California Board of Pharmacy,1
The California Coalition Against Gambling Expansion,1
The California Clinical Laboratory Association,1
The California Clinical Laboratory,1
The California Chiropractic Association (CCA),1
The California Chiropractic,1
The California Children's Hospital,1
The California Children and Families Commission,1
The California Chapters of the Institute of Scrap Recycling,1
"The California Chapter, American College of Cardiology",1
"The California Chapter, American College of",1
The California Chapter of the National Organization for the Reform of Marijuana Laws,1
The California Chapter of the National,1
The California Chapter of The National Emergency Number Association (CALNENA),1
The California Central Valley Flood Control Association,1
The California Cellular Phone Owners Association,1
The California Cannabis Industry Association (CCIA),1
The California Broadcasters Association,1
The California Export Finance Office,1
The California Police Activities League,1
The California Fair Services Authority,1
The California Outdoor Heritage Alliance,1
The California Nurses,1
The California Newspaper Publishers Association,1
The California New Care Dealers Association,1
The California Natural Gas Vehicle Coalition,1
The California National Organization for Women (CANOW),1
The California National Guard,1
The California Narcotics Officers Association,1
The California Municipal Utilities Association,1
The California Mobilehome Parkowners Alliance,1
The California Milk Producers,1
The California Military Department,1
The California Mental Health,1
The California Medical Transportation Association,1
The California Manufactures and Technology Association,1
The California Manufactures & Technology Association,1
The California Major Risk Medical Insurance Board,1
The California Low-Income Consumer Coalition,1
The California Ostrich Association,1
The California Partnership to End Domestic Violence,1
The California Long Term-Care Ombudsman Association,1
The California Pawnbrokers Association,1
The California Psychological Association (CPA),1
The California Association of Mortgage Brokers (CAMB),1
The California Public Defenders,1
The California Public Utilities,1
The California Psychiatric Association (CPA),1
The California Promise Neighborhood Network,1
The California Program of All-Inclusive Care for the Elderly,1
The California Professional Firefighters,1
The California Professional,1
"The California Probation, Parole and Correctional",1
The California Preservation Foundation,1
The California Physical Therapy Association,1
The California Physical Therapy,1
The California Pharmacists Association,1
The California Pharmacists,1
The California Peace Officers' Association (CPOA),1
The California Peace Officer' Association,1
The California Long-Term Care Ombudsman,1
The California Legislative Council for Older Americans,1
The California Family Resource Association,1
The California Homeless and Housing Coalition,1
The California Highway Patrol,1
The California Healthcare Interpreting Association,1
The California Healthcare Institute,1
The California Health Information Association,1
The California Health Advocates (CHA),1
The California Guild,1
The California Green Business Network,1
The California Grape and Tree Fruit League,1
The California Foundation for Independent Living,1
The California Forestry Association,1
The California Food Literacy Center,1
The California Fish and Game Warden's Protective Association,1
The California Fire Chiefs Association,1
"The California Federation of Teachers, California Teachers",1
The California Federation of Republican Women,1
The California Federation of Interpreters,1
The California Farm Labor Contractor Association,1
The California Hispanic Chambers,1
The California Horse Council,1
"The California Legislative Conference of the Plumbing, Heating and Piping",1
The California Hospice and Palliative Care,1
The California League of Savings Institutions,1
The California League of Conservation,1
The California League Of Conservation Voters,1
The California Lawyer's Association,1
The California Law Review Commission,1
The California Land Title Association (CLTA),1
The California Land Surveyors Association,1
The California Judgment Preservation Alliance,1
The California Judges Association (CJA),1
The California Innocence Project,1
The California Infill Federation,1
The California Independent Oil Marketers Association (CIOMA),1
The California Immigrant Policy Center (CIPC),1
The California IATSE Council,1
The California Hydrogen Coalition,1
The California Hunger Action Coalition,1
The California Hospital,1
The California Association of Nonprofits,1
The Armenian National Committee of America - Western Region,1
The California Association of Medical Laboratory Technology,1
The Awareness,1
The Author,1
The Audubon California,1
The Audrie Pott Foundation,1
The Attorney Generalos Office,1
The Association of Postconsumer Plastic Recyclers,1
The Association of Northern California,1
The Association of Municipal Court Clerks of California,1
The Association of Marin County Schools,1
The Association of Low Wealth Schools,1
The Association of Global Automakers,1
The Association of General Contractors Of America,1
The Association of Destination Management Executives,1
The Association of Community Human Services Agencies (ACHSA),1
The Association of Colleges for Tutoring and Learning Assistance,1
The Association of Certified Family Law Specialists (ACFLS),1
The Association of Career and College Readiness Organizations,1
The Association of California Water Agencies (ACWA),1
The Automotive Repair Coalition,1
The BIPOC Student Midwives Fund,1
The Association of California School,1
The BOE,1
The Board of Architectural Examiners,1
The Board of Architectural Examiners,1
The Black Property Owners Association,1
The Black Organizing Project,1
The Black Caucus of the California Community Colleges,1
"The Black Butte Saloon (Weed, California)",1
The BizParentz Foundation,1
The Bipoc Student Midwives Fund,1
The Betty Clooney Foundation,1
The Berkeley Baby Book Project,1
The Bell,1
The Bay Planning Coalition,1
The Bay Area Partnership,1
The Bay Area Hindu Democratic Coalition,1
The Bay Area,1
The Bar Association of San Francisco (BASF),1
The Bakersfield ARC,1
The Association of California State Supervisors,1
The Association of California Life Insurance Companies,1
The Board of Governors of the State Bar of California,1
The Asian Pacific American Legal,1
The Arms Control Association,1
The Armed Forces Retirees Association of California,1
The Armed Forces Retirees Association,1
The Aresis Ensemble Inc,1
The Area Agencies on Aging,1
The Area 1 Agency on Aging,1
The Area,1
The Archaeological Conservancy,1
The Arc and United Cerebral California Collaboration,1
The Arc Riverside,1
The Arc Of California,1
The Arc California,1
The Arc & United Cerebral Palsy CA Collaboration,1
The Appraisal Institute,1
The California Railroad,1
The Applied Research Center,1
The Apartment Association of Orange County,1
The Arts and Healing Network,1
The Assembly Insurance Committee,1
The Association of California Life & Health Insurance Companies,1
"The Associated Builders and Contractors, Inc",1
The Association of California Construction Managers,1
"The Association of California Cities, Orange County",1
The Association of American Publishers,1
The Association of African Americans in Fire Service,1
The Association for the Recovery of Children,1
The Association for the Improvement of Secondary Education,1
The Association for Los Angeles Deputy Sheriffs Association,1
The Association for Los Angeles Deputy Sheriffs,1
The Association for Competitive Technology,1
The Association for Children For Enforcement of,1
The Association for California,1
The Association for,1
The Association For Los Angeles Deputy Sheriffs,1
The Associates Group for Affordable Housing,1
The Associated Students Council,1
The Associated General Contractors of America,1
The Associated General,1
The Board of Chiropractic Examiners,1
The Board of Registration for Geologists and Geophysicists,1
The California Association of Marriage and Family Therapists,1
The California Association for Professionals in Infection Control & Epidemiology,1
The California Association for Nurse,1
The California Association for Micro Enterprise Opportunity,1
The California Association for Medical Laboratory Technology,1
The California Association for Medical,1
"The California Association for Health, Physical Education, Recreation and Dance",1
The California Association for Health Services at Home (CAHSAH),1
The California Association for,1
The California Association,1
The California Assisted Living Facilities Association,1
The California Asian Pacific Islander Chamber of Commerce,1
The California Aquaculture Association,1
The California Applicants' Attorneys Association (CAAA),1
The California Animal Welfare Association,1
The California Alternative Payment Program Association,1
The California Alliance for Pride and Equality,1
The California Alliance for,1
The California Alliance Against,1
The California Association for Nurse Practitioners (CANP),1
The California Association for the Education of Young,1
The California Advocates for Nursing,1
The California Association of Air Medical Services,1
The California Association of Local Conservation Corps,1
The California Association of Local Agency Formation,1
The California Association of Life Underwriters,1
The California Association of Licensed Repossessors,1
The California Association of Joint Powers Authorities (CJPA),1
The California Association of Highway Patrolmen (CAHP),1
The California Association of Health Facilities (CAHF),1
The California Association of Federal Firearms Licensees,1
The California Association of Environmental Health Administrators (CAEHA),1
The California Association of Dental Plans (CADP),1
The California Association of Dental Plans,1
The California Association of Collectors,1
The California Association of Clerks and Elections,1
The California Association of Clerks and Election Officials,1
The California Association of Childrenos Homes,1
The California Association of Catholic,1
The California Association of Area Agencies on Aging (C4A),1
The California Agricultural Commissioners and Sealers Association (CACASA),1
The California Adult Business Association,1
"The Board of Supervisors, Alpine County",1
The CA Conference Board of the Amalgamated Transit Union,1
The CA Chapter of the American College of Cardiology,1
The CA,1
The C.O.O.K. Alliance,1
The Business Roundtable for Education Foundation,1
"The Bureau of Missing Heirs, Inc",1
The Bureau for Private Postsecondary and Vocational Education,1
The Building Owners and Managers,1
The Builders Exchanges,1
The Bridge Bible Fellowship,1
The Bresee Foundation,1
The Breast Cancer Fund,1
The Brawley Chamber of Commerce,1
The Boulders at the Ranch II,1
The Boulder at the Ranch I,1
The Boeing,1
"The Board of Supervisors, Placer County",1
"The Board of Supervisors, Madera County",1
The CA Chapters of the Brady Campaign to Prevent Gun Violence,1
The CA Conference of Machinist,1
The California Academy of Ophthalmology (CAO),1
The CA Trade and Commerce Agency,1
The California Academy of Ophthalmology,1
The California Academy of Family Physicians (CAFP),1
The California Academy of Eye Physicians & Surgeons (CAEPS),1
The California Academy of Audiology (CAA),1
The Calguns Foundation,1
The Calasian Chamber of Commerce,1
The CalWORKs Association's Project SPARC,1
The CalPERS Board of Administration,1
The CalEITC Coalition,1
The Cal State Student Association,1
The Cahto Tribe of The Laytonville Rancheria,1
The Cahto Tribe Of The Laytonville Rancheria,1
The Cachil Dehe Band of Wintun Indians,1
The CSU-Emeritus and Retired Faculty Association,1
The CROP Organization,1
The CHA,1
The CDC,1
The California Rail Industry,1
The Ecology Center,1
The California Railroad Authority,1
The Construction Employers' Association (CEA),1
"The Cosmetic, Toiletry & Fragrance Association",1
The Corporation for Supportive Housing,1
The Cooperative of American Physicians,1
The Cooperative Restraining Order Clinic,1
The Contra Costa County Defenders Association,1
"The Consumer's Ombudsman Program, Inc",1
The Consul General of Austria,1
The Construction Materials Association of California,1
The Construction Employers' Association,1
The Climate Reality Project: San Fernando Valley Chapter,1
The Conservation Lands Foundation,1
The Conference of the California Bar Association,1
The Concerned Women for America of California,1
The Community Residential Care,1
The Community Redevelopment Agency,1
The Community Foundation of Mendocino County,1
The Community Financial Services Association (CFSA),1
The Community Associations Institute (CAI),1
The Costa Mesa Police Department,1
The Council for Amusement and Recreational Equipment Safety,1
The Council for Responsible Nutrition,1
The Council of Acupuncture and Oriental Medicine Associations,1
The County of Fresno,1
The County of Benito,1
The County Welfare,1
The County Recorders Association of California,1
The County Recorder's Association of,1
The County Of Santa Clara,1
The County Health Executives Association of California (CHEAC),1
The County Behavioral Health Directors Association of California,1
The County Alcohol and Drug Program Administrators Association of,1
The County Alcohol & Drug Program Administrators Association of California,1
The Counseling,1
The Council on Developmental Disabilities,1
The Council on American-Islamic Relations California,1
The Council of UC Faculty Associations,1
The Council of State Governments,1
The Council of Mexican,1
The Council of Insurance Agents and Brokers,1
The Community Associations Institute,1
The Community Alliance with Family Farmers,1
"The Communications Workers of America, District 9",1
The Coalition to Abolish Slavery and Trafficking,1
"The Coalition of Labor, Agriculture & Business",1
The Coalition of Homeless Services Providers,1
The Coalition of Franchise Associations,1
The Coalition of Foreign Dental Graduates,1
"The Coalition of California Welfare Rights Organizations, Inc",1
The Coalition of California Welfare Rights Organizations,1
The Coalition of California Insurance Professionals (CCIP),1
The Coalition of California Compensation Companies,1
The Coalition for Quality Credit Counseling,1
The Coalition for Compassionate Care of California,1
The Coalition for Adequate Funding for Special Education,1
The Coalition Of Orange County Community Health Centers,1
The Coalition Of Homeless Services Providers,1
The Coalition For Renewable Natural Gas,1
The Coachella Valley Unified School District,1
The Coachella Valley Economic Partnership,1
The Clorox Corporation,1
The Coalition of Orange County Community Clinics,1
The Coalition to Abolish Slavery and Trafficking (CAST),1
The Committee on,1
The Coalition to End Domestic and Sexual Violence,1
The Committee of Bar Examiners,1
The Committee of,1
The Committee Opposed to Militarism and the Draft (COMD),1
The Commission on the Status of Women,1
The Commission on Aging,1
The Commercial Real Estate Development Association,1
The Commerce Hotel and Casino,1
The Collision Repair Association of California,1
The Collins Pine Company,1
The College Preparatory School,1
The College,1
The Collateral Loan and Secondhand Dealers Association,1
The Collateral Loan & Secondhand Dealers,1
The Coca-Cola Company,1
The Coastodian,1
The Coalition to Stop Gun Violence,1
The Coalition to Fight Hardcore Drunk Driving,1
The County of Inyo Board of Supervisors,1
The County of Los Angeles,1
The County of Riverside,1
The Elizabeth Center for Cancer Detection,1
The El Monte Police Department,1
The El Cajon Municipal Court,1
The Educational Small Business Association,1
The Education Trust - West Public Advocates,1
The Education Trust,1
The Edgewood Center for Children and Families,1
The Edge,1
The Economic Development and Justice Giving Circle of The Women's Foundation of CA,1
The East Bay Developmental Disabilities Legislative Coalition,1
"The East Bay Consortium of Educational Institutions, Inc",1
The East Bay Community Law Center,1
The Duncan Group,1
The Domestic Violence Center of Santa Clarita Valley,1
The Domestic Violence Center,1
"The Dixie Group, Inc",1
The Division of Ratepayer Advocates,1
The Diverse Learners Coalition,1
The Elephant Sanctuary in Tennessee,1
The Elizabeth Taylor Aids Foundation,1
The Disease Management Association of America,1
The Elk Grove CSD Fire Department,1
The English Setter Club of New England,1
The Anti-Recidivism Coalition (ARC),1
The English Cocker Spaniel Club of Southern California,1
"The Engineers and Scientists of California, MEBA, AFL-CIO",1
"The Engineers and Scientists of California, Local 20",1
The Engineering & Utility Contractors Association,1
The Endangered Species Coalition,1
The Endangered Habitats League,1
The End Police Violence Collective,1
The Employers Health Coalition of Los Angeles,1
The Employers Health Care Coalition of Los,1
The Employers Health Care Coalition of,1
The Employers,1
The Emergency Medical Services Administrators Association,1
The Emergency Food Bank Stockton/San Joaquin,1
The Emergency,1
The Ella Baker Center,1
The District Attorney of San Diego,1
The Disability Rights California (DRC),1
The County of San Luis Obispo,1
The Delta Protection Commission,1
The Debt Collective,1
The Davis Chamber of Commerce,1
The Davis Administration,1
The David Toro Foundation,1
The Danny Foundation,1
The Daddio Collective,1
The DTSC,1
The Crossroads of the West Gun Shows,1
The Crohn's and Colitis Foundation of America,1
The Crime Victims Alliance,1
The Crash,1
"The Cow Palace, 1-A District Agricultural Association",1
The Court Reporters Board of California,1
The Courage Campaign,1
"The County of Santa Cruz, Board of Supervisors",1
The County of Santa Cruz Human Services Department,1
The County of Santa Clara Board of Supervisors,1
The Delta Kappa Gamma Society,1
The Democratic Party of the San Fernando Valley,1
The Disability Resource Agency for Independent Living,1
The Dentist's Choice,1
The Diabetes Coalition of California,1
The Diabetes Coalition,1
The Department of Real Estate,1
The Department of Real Estate,1
The Department of Pesticide Regulation,1
The Department of Information Technology,1
The Department of Industrial Relations,1
The Department of Housing and Community Development,1
The Department of Housing and Community,1
"The Department of General Services, Office of State Architect",1
The Department of Employment Development,1
The Department of Corrections and Rehabilitation,1
The Department of Corrections,1
The Department of Corporations (DOC),1
The Department of Conservation,1
The Department of California Military Order of the Purple Heart,1
The Department of Boating and Waterways,1
The Clorox Company,1
"The Climate Reality Project, Riverside County",1
The California Rangeland Trust,1
The Campaign for Tobacco-Free Kids,1
The Center for Autism and Related Disorders (CARD),1
"The Center For Oceanic Awareness, Research, and Education (COARE)",1
"The Center For Oceanic Awareness, Research, and Education",1
The Center At Sierra Health Foundation,1
The Caritas Corporation,1
The Card Coalition,1
The Capitol Corridor Joint Powers Authority,1
The Camptonville Academy,1
The Campaign for Quality Education,1
"The Climate Reality Project, Orange County",1
The Campaign for A Safe and Healthy California,1
The Camp,1
The California-Mexico Studies Center,1
The California Youth Connection,1
The California Yacht Brokers Association,1
The California Wind Energy Association (Calwea),1
The California Welfare Directors,1
The California Travel Association,1
The Center for Bioethics and Culture Network,1
The Center for Common Concerns dba Homebase,1
The Center for Community Change,1
The Center for Democracy and Technology,1
The Center for Third World Organizing,1
The Center for Science in the Public Interest (CSPI),1
The Center for Science in the Public Interest,1
The Center for Responsible Lending (CRL),1
The Center for Responsible Lending,1
"The Center for Race, Poverty & the Environment",1
The Center for Public Interest,1
"The Center for Oceanic Awareness, Research, and Education",1
"The Center for Oceanic Awareness, Research, & Education",1
The Center for Marine Conservation,1
The Center for Law and Social Policy/The National Women's Law Center,1
The Center for Law and Social Policy,1
The Center for Land-Based Learning,1
The Center for LGBTQ and Gender Studies in Religion,1
The Center for Independence of Individuals with Disabilities,1
The Center for Humane Technology,1
The Center for Employment Training,1
The California Tenants of the 710 Corridor,1
The California Teachers' Association (CTA),1
The California Teachers Association (CTA),1
The California State Association of,1
The California Sportfishing League,1
The California Solar and Storage Association,1
The California Society of Plastic Surgeons (CSPS),1
The California Society of Certified Public Accountants (CalCPA),1
The California Society of Certified Public Accountants,1
The California Society of CPAs,1
The California Small Business Development Center Leadership Council,1
The California Small Brewers Association,1
The California Self-Insurers Association,1
The California School Nurses Organization,1
The California STEM Network,1
"The California Rural Indian Health Board, Inc",1
The California Right to Life Committee,1
The California Rifle and Pistol Association (CRPA),1
The California Retailers Association (CRA),1
The California Rental Housing Association,1
The California Real Estate Inspection Association,1
The California Sportsman Lobby,1
The California State Association of Electrical,1
The California Taxpayer Association,1
The California State Association of Electrical Workers,1
The California State Superintendent of Public Instruction,1
The California State Sheriff's Association,1
The California State Park Rangers Association,1
The California State Parent Teachers Association,1
"The California State Legislative Board of the Sheet Metal, Air, Rail and Transportation Workers - Transportation Division (SMART-TD)",1
"The California State Legislative Board of the Sheet Metal, Air, Rail and Transportation Workers - Transportation Division (SMART-TD)",1
The California State Horseman's Association,1
The California State Foster Parent Association,1
The California State Firefighters' Association,1
The California State Fire Marshall,1
The California State Council of the Service Employees International Union (SEIU),1
The California State Council of the Service Employees International Union (SEIU),1
The California State Council of the Service Employees International Union (SEIU California),1
The California State Conference of the National Association,1
The California State Board of Guide Dogs for the Blind,1
The California State Bar Association,1
"The California State Association of Public Administrators, Public",1
The Center for Violence Free Relationships,1
The Center for Violence-free Relationships,1
The Center for WorkLife Law,1
The City of Redwood City,1
The City of Pittsburg,1
The City of Pico Rivera,1
The City of Petaluma,1
The City of Paso Robles,1
The City of Norco,1
The City of Modesto,1
The City of Menlo Park,1
The City of Los,1
The City of La Mirada,1
The City of Jackson,1
The City of Indian Wells,1
The City of Hope International,1
The City of Hope,1
The City of Hemet,1
The City of Grass Valley,1
The City of Glendora,1
The City of Garden,1
The City of Pomona,1
The City of Rosemead,1
The City of Folsom,1
The City of Roseville,1
The Climate Reality Project - San Francisco Bay Area,1
The Climate Center,1
The Clean Water Action,1
The Clean Power Campaign (CPC),1
The Claremont Graduate School,1
The Civil Justice Association,1
The City of Wasco,1
The City of Tustin,1
The City of Stockton,1
The City of Stanton,1
The City of Solvang,1
The City of Shafter,1
The City of Selma,1
The City of Santa Rosa,1
The City of Santa Ana,1
The City of San Marcos,1
The City of San Jose,1
The City of Fremont,1
The City of Del Mar,1
The Center for Workers' Rights,1
The Children's Law Center of California,1
The Child Care Resource Center,1
The Child Care Resource & Referral Network,1
The Child Care Law Center,1
The Chicano/Latino Medical Association of California,1
The Chemehuevi Indian Tribe,1
The Chamber of Commerce Alliance of Ventura and Santa Barbara Counties,1
The Certified Access Specialist Institute,1
"The Central Labor Council of Contra Costa County, AFL-CIO",1
The Central Coast Center for Independent Living,1
The Central California Alliance,1
The Center on Reproductive Rights and Justice at UC Berkeley School of Law,1
The Center on Reproductive Rights and Justice at Berkeley Law,1
The Center on Reproductive Rights and Justice,1
"The Center on Race, Poverty & the Environment",1
"The Center on Race, Poverty & The Environment",1
"The Center for the Study of Hate & Extremism at California State University, San Bernardino",1
The Center for Young Women Development,1
"The Children's Collective, INC",1
The Children's Network of San Bernardino County,1
The City of Daly City,1
The Chinese Historical Society of Southern California,1
The City of County of San Francisco,1
The City of Costa Mesa,1
The City of Coalinga,1
The City of Cerritos,1
The City of Ceres,1
The City of Cathedral City,1
The City of Brea,1
The City of Arcadia,1
The City of Angels Pomeranian Club,1
The City of,1
The City and County of San Francisco,1
The City Of Lakewood,1
The Citizens Commission on Human Rights (CCHR),1
The Cities Association of Santa Clara County,1
The Cigar Association of America,1
The Chronic Care Coalition (CCC),1
The Chinese Progressive Association,1
The Apartment Association of Greater Los Angeles,1
Placer County Contractors' Association,1
The Anti,1
SIERRA NEVADA ALLIANCE,1
Sacramento County Sheriff's Department,1
Sacramento County Probation Association (SCPA),1
Sacramento County Alliance of Law Enforcement (SCALE),1
Sacramento Chinese Indochina Friendship Association (SCIFA),1
Sacramento Chinese Indochina Friendship Association,1
Sacramento Area Bicycle Advocates,1
SPECIALTY EQUIPMENT MARKET ASSOCIATION (SEMA),1
SKID ROW HOUSING TRUST,1
SFMade,1
Renewable Energy Development Institute (REDI),1
"SEIU, Local 1021",1
SEIU California,1
SCOPE,1
SANTA CLARA VALLEY WATER DISTRICT,1
SAN GABRIEL VALLEY COUNCIL OF GOVERNMENTS,1
SAN GABRIEL VALLEY COUNCIL OF GOVERNMENTS,1
SAN FRANCISCO DEPARTMENT OF THE ENVIRONMENT,1
SAN DIEGO COUNTY WATER AUTHORITY,1
Sacramento County Sheriff's Department (SCSD),1
Sacramento Food Not Bombs,1
Sacramento Housing Alliance (SHA),1
Sacramento Housing and Redevelopment Agency (SHRA),1
San Diego Association Of Governments,1
San Bernardino Valley Municipal Water District (SBVMWD),1
San Bernardino Public Employees Association,1
San Bernardino Public Employees Association,1
San Bernardino County Sheriff's Department,1
San Bernardino County,1
San Benito County Association of Realtors,1
Salvation Army Red Shield Youth & Community Center,1
Salvador E. Alvarez Institute for Non-Violence,1
Salt and Light Council,1
Salk Institute for Biological Studies,1
Safety Employees' Benefit Association (SEBA),1
Safe Return Project,1
Sacramento Regional County Sanitation District (SRCSD),1
"Sacramento Neighborhood Housing Services, Inc Dba Neighborworks Homeownership Center Sacramento Region",1
Sacramento Mutual Housing Association (SMHA),1
Sacramento Metro Advocates for Rail and Transit (SMART),1
SACReD,1
Ryse Youth Center,1
Rusty Hook Tackle Store,1
Riley Center,1
Rhode Island Coalition for the Homeless,1
Reverence Project,1
Retirement Housing Foundation (RHF),1
Retired Public Employees' Association,1
Retired Public Employees Association,1
Retail Gift Card Association,1
Restaurant Opportunity Center of the Bay,1
Resources for Indian Student Education (RISE),1
Resources Legacy fund,1
Resource Conservation District of the Santa Monica Mountains (RCDSMM),1
Resource Connection,1
Resolve: the National Infertility Association,1
Resistance Indivisible Northridge,1
Resilient Floor Covering Institute,1
Residentes Organizados al Servicio de un Ambiente Sano (ROSAS),1
Residentes Organizados al Servicio de un Ambiente Sano,1
Resident United Network,1
Riaz Capital,1
Rincon San Luiseno Band Of Indians,1
Rural County Representatives of California,1
River Ranch Mobile Home Park,1
Rural County Representatives of CA (RCRC),1
Rural County Representatives of CA,1
Rural Community Assistance Corporation (RCAC),1
Rural Community Assistance Corporation,1
Rural Communities Assistance Corporation (RCAC),1
Rubicon Programs,1
Roy W. Smith Charitable Foundation,1
Rose Foundation,1
Rootz99,1
Roofing Contractors Association of California (RCAC),1
Rohnert Park Vice Mayor Jack Mackenzie,1
Rock Academy,1
Robey Theatre Company,1
RoadRunner Club,1
Riverside Transit Agency (RTA),1
Riverside Sheriffs Association,1
Riverside Police Officers' Association (RPOA),1
San Diego Building Trades Council Family Housing Corporation,1
San Diego Business Roundtable for Education,1
San Diego Community College District,1
Santa Barbara Women's Political Committee (SBWPC),1
Santa Barbara Technology and Industry Association (SBTIA),1
Santa Barbara County Taxpayers Association (SBCTA),1
Santa Barbara County Board Of Supervisors,1
Santa Barbara County Association of Governments (SBCAG),1
Santa Barbara County Action Network,1
Santa Ana Watershed Project Authority,1
Santa Ana Police Officers Association (SAPOA),1
"Sandpiper Golden State Manufactured-Home Owners League, Chapter 776",1
San Ysidro Health Center (SYHC),1
San Vicente,1
San Rosa City Employees Association (SRCEA),1
San Rosa City Employees Association,1
San Roque MHP,1
San Pasqual Valley Preservation Alliance,1
San Pasqual Band Of Mission Indians,1
San Mateo County-City/County Association Of Governments,1
San Mateo County Supervisor David Canepa,1
Santa Barbara Women's Political Committee,1
Santa Clara County,1
San Mateo County,1
Santa Clara County,1
Seachange Agency,1
Scottish Terrier Club of California,1
Science Applications International Corporation (SAIC),1
Science And Environmental Health Network,1
School Project For Utility Rate Reduction (SPURR),1
Scholars Promoting Education Awareness and Knowledge (SPEAK),1
Save our Heritage Association,1
Santa Ynez Band of Chumash Indians,1
Santa Rosa City Employees Association,1
Santa Monicans for Renters' Rights (SMRR),1
Santa Monicans For Renters' Rights,1
Santa Monica Residents Cross-city,1
Santa Monica Coalition for a Livable City (SMCLC),1
Santa Cruz County Chamber Of Commerce,1
Santa Cruz Climate Action Network (SCCAN),1
Santa Clara County Wage Theft Coalition,1
Santa Clara County Association of REALTORS,1
San Mateo County,1
San Mateo City and County/County Association of Governments,1
San Diego County Office of Education (SDCOE),1
San Francisco Child Care Planning And Advisory Council,1
San Francisco African American Chamber of Commerce (SFAACC),1
San Francisco AIDS Foundation,1
San Francisco AIDS Foundation,1
San Diego and Imperial Counties Community Colleges Association (SDICCCA),1
San Diego and Imperial Counties Community Colleges Association,1
San Diego Volunteer Lawyer Program (SDVLP),1
San Diego Unified School District (SDUSD),1
San Diego Second Chance,1
San Diego Regional Center (SDRC),1
San Diego Police Officers Association (SDPOA),1
San Diego Immigrant Rights Consortium (SDIRC),1
San Diego Immigrant Rights Consortium,1
San Diego Humane Society (SDHS),1
San Diego Housing Federation,1
San Diego Housing Federation,1
San Diego Grantmakers,1
San Diego Futures Foundation (SDFF),1
San Francisco Aids Foundation,1
San Francisco Consortium for Elder Abuse Prevention,1
San Mateo City Councilmember Rick Bonilla,1
San Francisco Council Of District Merchants Association,1
San Manuel Band of Mission Indians,1
San Manuel Band Of Mission Indians,1
San Luis Obispo County Employees Association,1
San Luis Obispo Association of Realtors,1
San Luis & Delta-Mendota Water Authority,1
San Jose Evergreen Community College District,1
San Jose Councilmember Sergio Jimenez,1
San Jose Arena Management (SJAM),1
San Jose Arena Management,1
San Joaquin County Supervisor Miguel Villapudua,1
San Gabriel Valley Housing and Homeless Coordinating Council,1
San Francisco Yes-In-My-Back-Yard Party,1
San Francisco Women Against Rape (SFWAR),1
San Francisco Society for The Prevention of Cruelty to Animals,1
San Francisco Police Officers Association (SFPOA),1
San Francisco Local Homeless Coordinating Board,1
San Francisco Counsel for Families & Children (SFCFC),1
Resident Owned Parks (ROP),1
Renewable Energy Development Institute,1
The Animal Shelter Assistance Program,1
Physicians for Social Responsibility,1
Planned Parenthood Affiliates of CA (PPAC),1
Planned Parenthood Affiliates Of California,1
Plan,1
The Environmental Action Committee of West Marin,1
Placer County Contractors Association (PCCA),1
Pillars of the Community,1
Pilipino American Los Angeles Democrats (PALAD),1
Physicians for Social Responsibility - Los Angeles,1
Physicians for Reproductive Choice and Health (PRCH),1
Renewable Energy Concepts (REC),1
Physicians For Social Responsibility-Los Angeles,1
Physician Assistant Examining Committee (PAEC),1
Physical Therapy Examining Committee (PTEC),1
"Peterson, Slater & Osborne Accountancy Corporation, La Quinta",1
PetStaurant,1
Pet Recycling Corp of California (PRCC),1
Pet Recycling Corp of California,1
Pesticide Action Network,1
Planning and Conservation League,1
Planning and Conservation League,1
Plasma Display Coalition (PDC),1
Plug-in America,1
Princess Transitional Living for Women,1
Pride Panthers Coalition Inc,1
Prevention of Gun Violence,1
Preserve Walnut Acres - Woodland Hills,1
Preserve Culture and Arts in SF,1
Praxis Project,1
Post Wildfire Ohv Recovery Alliance (PWORA),1
Post Adoption Center for Education and Research (PACER),1
Post Adoption Center for Education and Research,1
Port Of Oakland,1
Pomona Economic Opportunity Center (PEOC),1
Polyurethane Foam Association (PFA),1
Policy Link,1
Polaris Project,1
Point blue Conservation Science,1
Poder San Francisco,1
"Plumbing, Heating and Piping Industry",1
Pest Control Operators of California,1
Personal Insurance Federation Of California,1
"Personal Assistance Services Council, the Los Angeles County Public Authority",1
Paula Lane Action Network (PLAN),1
Partnership for the Advancement of New Americans,1
Partnership for Quality Medical Donations (PQMD),1
Partnership for Children,1
Partnership For Working Families,1
Partnership For Children,1
Parker and Friends Fund,1
Park Lane Mobile Home Estates,1
Park LA Brea Impacted Residents Group,1
Parents for Addiction Treatment and Healing (PATH),1
Parents Against Social Media Addiction (PASMA),1
Parent Teachers Association (PTA),1
Parent Organizing Network (PON),1
Paralyzed Veterans of California,1
Palos Verdes Peninsula Unified School District (PVPUSD),1
Palo Mobile Estates,1
Palo Alto Mayor Adrian Fine,1
Palms,1
Partnership to Fight Chronic Disease (PFCD),1
Peace Officers Research Association Of California (PORAC),1
Performing Animal Welfare Society,1
Peace Officers Research Association of California,1
Peralta Community College District,1
Peralta Community College District,1
People's Homeless Task Force,1
People's Community Organization for Reform and Empowerment (People's CORE),1
People for the Ethical Treatment of Animals (Peta),1
People for the Ethical Treatment of Animals,1
People for The Ethical Treatment of Animals,1
People Organized for Westside Renewal (POWER),1
People For The Ethical Treatment of Animals (PETA),1
People For Housing - Orange County,1
People Assisting The Homeless,1
Pediatric Dental Initiative Surgery Center,1
Pease Officers Research Association of California (PORAC),1
Peach Mobile Estates,1
"Peace, Earthcare and Social Witness Committee",1
Peace and Justice Commission of St. Mark Presbyterian Church,1
Peace Officers Research Association of California,1
Printed Circuit Alliance,1
Prison Activist Resource Center (PARC),1
"Pro Kids, First Tee San Diego",1
Rancho Santiago Community College District,1
Rancho Santa Paula,1
Rancho San Jose MHC,1
Rancho Riverside MHC,1
Rancho Monserate Country Club Homeowners Association,1
Rancho La Siesta,1
Rancho Del Rio Estates,1
Rancho Bonita Mobile Home Park,1
Raise the Balloon,1
Rainbow Chamber of Commerce Silicon Valley (RCCSV),1
Rainbow Chamber Of Commerce Silicon Valley,1
Rachel Ginis Consulting,1
"Rachel Binah, Chair Emeritus, Environmental Caucus, California Democratic Party",1
RURAL COUNTY REPRESENTATIVES OF CALIFORNIA,1
REGIONAL COUNCIL OF RURAL COUNTIES,1
Pyatok Architects,1
Purple Heart Trail Committee of the Marine Corps League 680,1
Purple Heart Homes (PHH),1
Rancho Santa Ynez Mobile Estates,1
Read to Me Project,1
Punk Rock Therapist,1
Real Estate Development Associates (REDA),1
Renewable Energy Concepts,1
Renewable Energy Accountability Project (REAP),1
Reinsurance Association of America (RAA),1
Regional Council of Rural Counties,1
Regional Asthma Management and Prevention (RAMP),1
Regional Asthma Management & Prevention,1
Region 8 States Council of the United food & Commercial Workers,1
Regency,1
Redwoods,1
Redwood Village Mobile Home Estates,1
Redwood Valley Little River Band Of Pomo Indians,1
Redwood Gospel Mission,1
Redwood Coast Rural Action (RCRA),1
Redwood City Vice Mayor Shelly Masur,1
Recreational Aviation Foundation,1
Recovery Advocacy Project,1
Real Food Challenge,1
Purple Heart Homes,1
Pueblo Unido Cdc,1
Procter and Gamble Company,1
Protect Our Watershed (POW),1
Prosecutors Alliance of California,1
Property Casualty Insurers (PCI),1
Project Homeless Connect (PHC),1
Project AVARY,1
Progress,1
Profile Research & Marketing (PRM),1
Profile Research & Marketing,1
Professional Peace Officers' Association (PPOA),1
Professional Hockey Players Association (PHPA),1
Professional Engineers of California Government (PECG),1
Professional Engineers in California Government,1
Professional Engineers In California Government (PECG),1
Professional Disc Golf Association (PDGA),1
Professional Disc Golf Association,1
Professional Autograph Dealers Association (PADA),1
Producer Accountability for Carbon Emissions (PACE),1
Producer Accountability for Carbon Emissions,1
Protect American River Canyons (PARC),1
Protect Our Winters,1
Public Trust Group,1
Protect Our Winters (POW),1
"Public Sector Marketing Group, Inc",1
Public Sector Marketing Group,1
"Public Risk Innovations, Solutions, and Management (PRISM)",1
"Public Risk Innovations, Solutions, and Management",1
"Public Risk Innovation, Solutions, And Management",1
"Public Risk Innovation, Solutions and Management (PRISM)",1
Public Interest Law Project [Sponsor,1
Public Employees' Retirement System( PERS),1
Public Employees For Environmental Responsibility,1
Public Agency Retirement System (PARS),1
Public Agency Retirement System,1
Prudential Insurance Company of America,1
"Protection and Advocacy, Inc (PAI)",1
Protection & Advocacy Inc. (PAI),1
Protecting our Foothill Community,1
Protecting Earth & Animals With Compassion & Education (PEACE),1
Protect our Watershed,1
Secretary Of State,1
Secretary of State,1
Secretary of State,1
Techequity Collaborative,1
"Terner Center for Housing Innovation at the University Of California, Berkeley",1
"Terner Center For Housing Innovation at the University Of California, Berkeley",1
Tenemos que Reclamar y Unidos Salvar La Tierra (TRUST South LA),1
Tenderloin Housing Clinic,1
Tempest Group,1
Telecommunications Industry Association (TIA),1
Tehachapi Mountain Democratic Club,1
Technet,1
TechNet,1
Securities Industry And Financial Markets Association,1
TechNET,1
Taxpayers for Improving Public Safety (Tips),1
Taxpayers For Improving Public Safety,1
Taxicab Paratransit Association of California (TPAC),1
Tallac Village Neighborhood Association (TVNA),1
Taiwanese American Professionals (TAP),1
TURLOCK IRRIGATION DISTRICT,1
TULARE COUNTY,1
"The 100 Black Men of the Bay Area, Inc",1
The 100% Campaign,1
The 2035 Initiative,1
The 5 Gyres Institute,1
The Advantage Group,1
The Adult Entertainment Industry Education Fund (AEIEF),1
The Adam Walsh Foundation,1
The Acupuncture and Integrated Medicine Specialists,1
The Acton Town Council,1
The Accredited Out-of-State Colleges and Universities in,1
The Academy of California Adoption Professionals,1
The Academy of California Adoption Lawyers,1
"The Academic Senate, California State University",1
The ARC of Ventura County,1
The ARC and United Cerebral Palsy,1
The ARC & United Cerebral Palsy California Collaboration,1
The AMAAD Institute,1
The ALS Association - Golden West Chapter,1
The AIDS Institute,1
"The AFSCME, AFL-CIO",1
The A. L. Costa Community Development Center,1
TRUST FOR PUBLIC LAND,1
TIDES Advocacy,1
THE TRUST FOR PUBLIC LAND,1
Sunset-Parkside Education And Action Committee (Speak),1
Sunnyvale Mobile Home Park Alliance,1
Sunnyvale Democrats,1
Sun,1
Summerset MH Residents Association,1
Suicide Prevention Advocacy Network (SPAN),1
Suicide Awareness Voices of Education (SAVE),1
Suicide Awareness Voices of Education,1
Successful Aging Solutions & Community Consulting (SASCC),1
Styrene Information Research Center (SIRC),1
Sturdevant Law Firm,1
Student Senate for California Community Colleges (SSCCC),1
Structural Pest Control Board,1
Structural Engineers Association of California,1
Stronger California Coalition,1
Streets For People,1
Stratford at Beyer Park,1
Strategic Actions for A Just Economy (SAJE),1
"Sunrise Company, Palm Desert",1
Superintendent of Public Instruction,1
THE DENTAL HEALTH FOUNDATION,1
Superintendent of Public Instruction (SPI),1
THE AUTHOR,1
THE AMERICAN COLLEGE OF OBSTETRICIANS AND GYNECOLOGISTS,1
TESLA,1
T & L Property Management,1
Sycuan Band of The Kumeyaay Nation,1
Sycamores,1
Sutton Law Firm,1
Sutter Yuba Association of Realtors,1
Sutter Yuba Association Of Realtors,1
Sustainable Talamante,1
Sustainable Economies Law Center (SELC),1
Sustainable Economies Law Center,1
Surveillance Technology Oversight Project (STOP),1
Supporting Initiatives to Redistribute Unused Medication (SIRUM),1
Supplier Excellence Alliance (SEA),1
Supplier Excellence Alliance,1
"Supervisor Zach Friend, Santa Cruz County",1
The Advocacy Respect Commitment of California,1
The Affordable Housing Collaborative,1
The African American Network for Violence Free Relationships,1
"The American Federation of State, County, and Municipal Employees",1
"The American Federation of State, County, and Municipal Employees (AFSCME)",1
"The American Federation of State, County and State Employees, AFL-CIO",1
"The American Federation of State, County and Municipal Employees, AFL-CIO",1
"The American Federation of State, County & Municipal Employees",1
"The American Federation of State, County",1
The American Federation of State County and Municipal Employees,1
The American Federation of Labor and Congress of Industrial Organizations,1
"The American Federation Of State, County, Municipal Employees (AFSCME)",1
"The American Federal of State, County and Municipal Employees",1
The American Economic Liberties Project,1
"The American Congress of Obstetricians and Gynecologists, District IX, California",1
The American Congress of,1
"The American College of Obstetrics and Gynecologists, District IX (California)",1
"The American College of Obstetricians and Gynecologists, District IX, California",1
"The American College of Obstetricians and Gynecologists, District IX California",1
"The American College of Obstetricians and Gynecologists, California",1
The American College of Obstetricians and Gynecologists of,1
"The American Federation of State, County, and Municipal Employees (AFSCME) AFL-CIO",1
The American Fox Terrier Club,1
The American College of Obstetricians and Gynecologists,1
The American Heart/American Stroke Association (AHA/ASA),1
The Animal Protection Institute,1
The American Society for the Prevention of Cruelty to Animals (ASPCA),1
The American Society for Dermatologic Surgery Association,1
The American Shooting Sports Council,1
The American Plasma Users Association,1
The American Petroleum and Convenience Store Association,1
"The American Parkinson Disease Association, Inc",1
The American Osteopathic Association,1
The American Occupational Therapy Association,1
The American Nurses Association/California,1
The American Nurses Association,1
The American Lung Association in California,1
"The American Legion, Post 102",1
"The American Legion, Dept. of California",1
The American Legion Department of California Chinatown Post 628,1
"The American Institute of Architects, California Council (AIACC)",1
The American Institute of Architects - California Council,1
The American College of Obstetricians and Gynecologists District,1
The American College of Obstetricians and Gynecologist,1
The Agent and Brokers Legislative Council,1
The Alliance for Retail Energy Markets (AReM),1
The Alliance for Hope,1
The Alliance for Eating Disorders Awareness,1
The Alliance for Democracy,1
The Alliance for Children's,1
The Alliance for Boys and Men of Color,1
The Alliance For Children's Rights,1
The Allergy Station,1
The Alhambra,1
The Alexander Neville Foundation,1
The Alcohol and Drug Abuse Prevention Task Force Coalition,1
The Alcohol Policy Panel of San Diego County,1
The Alameda-Contra Costa Medical Association,1
The Alameda County Foster Youth Alliance,1
The Alameda County Chiefs of Police and Sheriff's Association,1
The Alameda County Breastfeeding Task Force,1
The Alameda County Board of Supervisors,1
The Agents and Brokers Legislative Council,1
The Alliance for Nuclear Responsibility,1
The Alliance for Toxic Free Fire Safety (ATFFS),1
The American College of Obstetricians & Gynecologists,1
The Alliance for a Better Community,1
"The American College of Emergency Physicians, California",1
The American Coatings Association,1
The American Civil Liberties Union of California Center for Advocacy and Policy,1
The American Civil Liberties Union of California,1
The American Civil Liberties Coalition,1
The American Cancer Society/Cancer Action Network,1
The American Athletic Trainers Association and Certification Board,1
The American Association of Retired Persons,1
The American Association of Retired,1
The American Association for Marriage and Family Therapy-California,1
"The American Association for Marriage and Family Therapy, California",1
"The American Academy of Pediatrics, California (AAP-CA)",1
The American Academy of Facial Plastic and Reconstructive Surgery,1
The Amber Foundation,1
The Alliance to Stop Slavery and End Trafficking,1
"The Alliance of Special Effects and Pyrotechnic Operators, Inc",1
The Alliance of Catholic Health Care (ACHC),1
Strategic Actions For A Just Economy,1
Stop Genocide Now (SGN),1
Stop Abusive and Violent Environments (SAVE),1
Solano Advocates Green Environments (SAGE),1
Society of California Accountants,1
Society for Human Resource Management (SHRM),1
Society for Allergy Friendly Environment Gardening,1
Social Justice Learning Institute,1
Social Justice Committee of the First Unitarian Church,1
Social Advocates for Youth (SAY),1
"Snug Harbor Mobile Home Park, LLC",1
Smallworks Studios and Laneway Housing,1
Small School Districts Association (SSDA),1
Small School,1
Small Manufacturers' Institute,1
Small Cities Organized Risk Effort (SCORE),1
Small Business California (SBC),1
Small Business Action Committee (SBAC),1
Siskiyou Association of Realtors,1
Simi Valley Democratic Club (SVDC),1
Silverhart Golf,1
Society of Human Resources Management (SHRM),1
Solano County Supervisor James P. Spering,1
Silicon Valley Leadership Group,1
Solar Connection,1
South Vallejo Neighborhood Association,1
South Tahoe Association of REALTORS,1
South San Joaquin Irrigation District (SSJID),1
South Park Community Benefit District,1
South Delta Water Agency (SDWA),1
South Bay Down Syndrome Association,1
Sonoma Land Trust (SLT),1
Sonoma Intersections Coalition,1
Sonoma Development Center,1
Sonoma County Water Agency (SCWA),1
Sonoma County Transportation Authority (SCTA),1
Sonoma County Law Enforcement Association (SCLEA),1
Sonoma County Board Of Supervisors,1
Solis Group,1
Solid Waste Association of Orange County (SWAOC),1
Solid Waste Association of North America,1
Solid Waste Association Of Orange County,1
Silicon Valley Organization (The SVO),1
Silicon Valley Community Foundation (SVCF),1
South Yuba River Citizens' League (SYRCL),1
"Services Immigrant Rights, and Education Network",1
Service Employees International Union,1
Service Employee International Union,1
Service Contract Industry Council (SCIC),1
Senior Services Coalition (SSC),1
Senior Housing Action Committee (SHAC),1
Senior Care Action Network (SCAN),1
Senior Action Network (SAN),1
Sempra Energy Utilities (SEu),1
Sempra Energy Solutions (SES),1
Sempra Energy Solutions,1
Semiconductor Equipment & Materials International,1
Self-help Enterprises,1
Self-Help Enterprises,1
Seismic Safety Commission,1
Seed Advisory Board,1
Security Industry and Financial Markets Association (SIFMA),1
Security Industry Association (SIA),1
Service State Employees International Union,1
"Services, Immigrant Right, and Education Network (SIREN)",1
Silicon Valley At Home (SV@Home),1
"Services, Immigrant Rights and Education Network (Siren)",1
Silicon Valley @ home,1
Sikh Coalition,1
Signal,1
Sierra Economic Development District (SEDD),1
Sierra Club of California,1
Sierra Club of California,1
Sierra Club Of California,1
Sierra Club California,1
Sierra Club,1
Sierra Business Council (SBC),1
Side By Side,1
Sheriff of Kern County,1
Shelter Transport Animal Rescue Team (START),1
Sheep Heal Project,1
Sharmus Outlaw Advocacy and Rights (SOAR) Institute,1
Sf Council of Community Housing Organizations,1
Sexuality Information And Education Council of the United States (SIECUS),1
South Yuba River Citizens' League,1
Southeast Asian Assistance Center (SAAC),1
Stonegate Estates,1
State Consumer Services Agency (SCSA),1
"State Building and Construction Trades Council, AFL-CIO",1
"State Building and Construction Trades Council of California, AFL-CIO",1
"State Building and Construction Trades Council of California, AFL-CIO",1
State Building and Construction Trades Council of California,1
State Building and Construction Trades Council of CA,1
State Building and Construction Trades Council Of California,1
State Building and Construction Trades Council Of CA,1
State Building and Construction Trades Council (SBCTC),1
State Building And Construction Trades Council Of California,1
State Building And Construction Trades Council Of Ca,1
State Building & Construction Trades Council of California,1
State Board of Equalization,1
State Board Of Equalization,1
"State Bar, Estate Planning, Trust and Probate Law",1
"State Bar of California, Committee on Appellate Courts",1
State Bar (FLEXCOM),1
State Association of County Retirement Systems,1
State Consumer Services Agency,1
State Department of Social Services (SDSS),1
Stanford Health Care (SHC),1
State Teacher Retirement System,1
Stocktonians Taking Action to Neutralize Drugs,1
Stockton Beagle Club,1
Stephanie Starks HOPE Foundation (SSHF),1
Stephanie Starks HOPE Foundation,1
Steinfirst Group,1
Steelbridge Insurance Services,1
Status of Women,1
Statewide California Coalition for Battered Women (SCCBW),1
Statewide California Coalition For Battered Women,1
Statewide CA Coalition for Battered Women,1
State Water Resources Control Board,1
State Treasurer's Office (STO),1
State Treasurer's Office,1
State Treasurer Fiona Ma,1
State Treasurer,1
State Teacher's Retirement System,1
State Teacher Retirement System (STRS),1
"Starting Over, Inc.",1
Standing Against Global Exploitation (SAGE),1
Southeast Community Development Corporation (SCDC),1
Southern California Utility Power Pool (SCUPP),1
Southern California Rehabilitation Services (SCRS),1
Southern California Regional Occupational Center (SCROC),1
Southern California Marine Association (SCMA),1
Southern California Leadership Council,1
Southern California Filipino Dental Society (SCFDS),1
Southern California Edison,1
Southern California Edison,1
Southern California Edison,1
Southern California College Access Network,1
Southern California Chapter of the American Dance Therapy Association (SCCADTA),1
Southern California Chapter of the American Dance Therapy Association,1
Southern California Broadcasters Association (SCBA),1
Southern California Association of Nonprofit Housing,1
Southern California Association of Governments,1
Southern California Association Of Nonprofit Housing,1
Southern California Association Of Governments (SCAG),1
Southern California Association Of Governments,1
Southern California Utility Power Pool,1
Southern California gas Company,1
Standing Against Global Exploitation,1
Southwest Center for Asian Pacific American Law (SCAPAL),1
Standard,1
Stand Up For San Francisco,1
St. James Infirmary,1
"St. Ignatius Parish, San Francisco",1
Spur,1
"Sports, Play & Active Recreation for Kids (SPARK)",1
"Sports, Play & Active Recreation for Kids",1
"Sporting Arms And Ammunition Manufacturers' Institute, Inc",1
Spirit of Venice,1
Special Education Local Plan Area (SELPA),1
Special Education Advocate Leaders,1
Spaulding Square HPOZ Neighborhood Association,1
Sparkjoy Foundation,1
Spanish Ranch 1,1
Southwest Voter Registration Education Project (SVREP),1
Southwest Riverside County Association of REALTORS,1
Southwest Riverside County Association Of Realtors,1
The Enterprise Rancheria,1
The Spectator,1
The Environmental Center of San Diego,1
Voices Organizing Immigrant Communities for Educational Success (VOICES),1
Wakeland Housing And Community Development Corporation,1
Wage Justice Center,1
WIND Youth Services,1
WAGES Cooperatives (Women's Action to Gain Economic Security),1
Voter Registration & Education Project (VREP),1
Voter Registration & Education Project,1
Volunteers of the Burbank Animal Shelter,1
Volunteers of America - Project Choice,1
Voices Organizing Immigrant Communities for Educational Success,1
United Nurses Association of California,1
Vocal Group Hall of Fame Foundation,1
Vista De Santa Barbara,1
"Visiting Nurse Service, Inc",1
Virtual Gaming World (VGW),1
"Village Project, Inc",1
Villa Corona Mobile Home Park,1
Vietnam Veterans of America - California State Council,1
Vietnam Veterans Association of America - California State Council,1
Walk San Francisco,1
Wall Las Memorias Project,1
Walt Disney,1
Walt Disney Company and Its Affiliated Entities,1
Western Center on Law and Poverty,1
Western Center on Law And Poverty,1
Western Center on Law & Poverty,1
Western Center on Law & Policy,1
Western Association of Schools and Colleges (WASC),1
Western Agricultural Chemicals Association (WACA),1
West San Gabriel Valley Realtors,1
West Gun Shows,1
West Contra Costa Unified School District (WCCUSD),1
"Wellhead Electric Company, INC",1
Well in the Desert,1
Watershed Project,1
Watershed Nursery,1
Water Replenishment District of Southern California,1
Warehouse Worker Resource Center,1
Ward Economic Development Corporation (WEDC),1
Walton Construction Services,1
Victim Offender Reconciliation Program (VORP),1
"Veterinary Service, Inc (VSI)",1
Veterans Association of North County (VANC),1
Up for Growth National Coalition,1
Unusual Suspects Theatre Company,1
University of Southern California,1
"University of California, Office of the President (UCOP)",1
University of California Students Association (UCSA),1
University of California,1
University Of Southern California,1
University California Student Association (UCSA),1
United ways of California,1
United food and Commercial Workers,1
United farm Workers of America,1
United Veterans Council of Monterey County,1
United Trustees Association,1
United Transportation Union (UTU),1
United To Save The Mission,1
United Technologies Corporation (UTC),1
United Teachers Los Angeles,1
United States Tour Operators Association,1
Up for Growth California,1
Uplift Inglewood,1
Verified Emissions Reduction Association,1
Upper Salinas - Las Tablas Rcd,1
Ventura Manufactured-home Residents Council,1
Vedic Education and Devotional Academy (VEDA),1
Vecindario Lacy En Accion,1
Vanished Children's,1
Valley Medical Center,1
Valley Ag Water Coalition (VAWC),1
VOICES Youth Centers,1
"VIETNAM VETERANS OF AMERICA, CALIFORNIA STATE COUNCIL",1
VETERANS VILLAGE OF SAN DIEGO,1
"Utility Workers Union of America, Locals 132, 486, and 522",1
Utility Workers Union Of America,1
Utility Workers Union OF America,1
Utilities Consumer Action Network,1
Urie Properties Incorporated,1
Urban Works,1
Urban Counties Caucus,1
Upper Valley Disposal Service (UVDS),1
Western Center on Law and Poverty,1
Western Center on Law and Poverty,1
Western Fairs Association (WFA),1
Zero Air Pollution,1
Yurok Tribe,1
Yucca Corridor Coalition,1
Youth Movement Against Alzheimer's,1
Youth Against Youth Incarceration (YAYI),1
Yolo Housing,1
Yolo County Ag & Food Alliance,1
"YMCA of San Diego County, Youth And Family Services",1
"YMCA Of San Diego County, Youth And Family Services",1
YMCA Of Metropolitan Los Angeles,1
YIMBY Slo,1
YIMBY Law,1
YIMBY Inland Empire,1
YIMBY Democrats Of San Diego County,1
World Society for the Protection of Animals (WSPA),1
World Council for Renewable Energy (WCRE),1
Woodland Park Mobile Estates,1
Woodcrest Homeowners Association (Santa Rosa),1
Zenith,1
act,1
Women's Policy Institute of the Women's Foundation of California,1
city of Huntington Beach,1
the American College of Obstetricians,1
the American Civil Liberty Union,1
the American Civil Liberties Union of California,1
the American Civil Liberties Union,1
the Amalgamated Transit,1
the Alliance of American Insurers,1
the Alameda County Waste Management Authority,1
the African Immigrant and Refugee Resource Center,1
the Advocacy,1
the Act,1
the AMVETS-Department of California,1
the AMVETS- Department of California,1
the ALLY Foundation,1
the AARP,1
one Individual,1
made,1
ear,1
"Women's Zionist Organization of America, Inc",1
Women's International League for Peace & Freedom (WILPF),1
Western Manufactured Housing Communities Association (WMHCA),1
Wildlands Network,1
Wild Cat Education and Conservation Fund,1
Wider Opportunities for Women (WOW),1
White People Against White Supremacy,1
What We All Deserve,1
Westside Impact Coalition,1
Westside Greens,1
Westside Council of Chambers Of Commerce,1
Western Wall And Ceiling Contractors Association (Wwcca),1
Western Wall And Ceiling Contractors Association (WWCCA),1
Western States Trucking Association (WSTA),1
Western States Petroleum Association,1
Western States Council OF Sheet Metal Workers,1
Western Regional Minority Supplier Development Council (WRMSDC),1
Western Regional Advocacy Project,1
Western Regional Advocacy Program (WRAP),1
Western Power Trading Forum (WPTF),1
Western Occupational and Environmental Medicine Association (WOEMA),1
Wildlands,1
Williams Companies,1
Women's International League for Peace & Freedom,1
"Williams Institute, UCLA School of Law",1
Women's Foundation of California Solis Policy Institute,1
Women's Foundation of California - Women's Policy Institute,1
Women's Foundation of California - Sponsor,1
Women's Foundation of California,1
Women's Foundation Of California,1
Women's Employment Rights Clinic of Golden,1
Women's Economic Ventures (WEV),1
Women's Council,1
Women's Christian Temperance Union of Southern California,1
Women for American Values and Ethics (WAVE),1
Women Organizing Resources Knowledge & Services (WORKS),1
Women Lawyers Of Sacramento,1
Women Infants Children (WIC),1
Wireless Association,1
Wireless Advanced Vehicle Electrification (WAVE),1
Wine Growers Alliance,1
Wilson Group,1
United Public Employees (UPE),1
United Nurses Association of California,1
The Environmental Coalition,1
The Volunteers of The Burbank Animal Shelter,1
The Waverly School,1
"The Watts Health Foundation, Inc",1
The Watershed Conservation Authority,1
The Washington Union High School District,1
The Walt Disney,1
The Walnut Creek Chamber of Commerce,1
The Vote Health Coalition,1
The Volvo Group,1
The Voiced Coalition,1
United Neighbors of Assembly District 24,1
The Voice of Citizens Together (VCT),1
The Voice of Affordable Housing,1
The Vocal Group Hall of Fame Foundation,1
The Village Nation,1
"The Villa Center, INC",1
The Vietnam Veterans of America-California State Council,1
The Veterans Caucus of the Democratic Party,1
The Veterans Caucus of the California Democratic Party,1
The Weingart East Los Angeles YMCA,1
The Welk Resort Group,1
The Well In The Desert,1
The Wella Corporation,1
The Willows at Bethel Island,1
"The Willie L. Brown, Jr. Institute",1
"The Williams Institute, UCLA School of Law",1
The William S. Graham Foundation for Melanoma Research,1
The William D. Lynch Foundation for Children,1
The Wholly H2O,1
The Western States Council,1
The Western Mobilehome Parkowners Association (WMA),1
The Western Manufactured Housing Communities Association,1
The Western Manufactured Housing Communities,1
The Western Electrical Contractors Association Inc,1
"The Western Center on Law and Poverty, Inc",1
The Western Center on Law and Poverty (WCLP),1
The Western Center on Law & Poverty,1
The West Pasadena Residents' Association,1
The West Contra Costa Unified School District,1
The West Company,1
The Ventura County Climate Hub,1
The Venice Cookie Co,1
The Variable Annuity Life Insurance Company (VALIC),1
"The United Farmworkers of America, AFL-CIO",1
The Unitarian Universalist Church of the Desert,1
The Unidos Network,1
The US Oncology Network,1
The UCLA Undergraduate Students Association's Office of the External Vice President,1
The UCLA Students Facilities Commission,1
The UCLA Economic and Crisis Response Team,1
The Turlock Mosquito Abatement District,1
The Trusts and Estates Section of the State Bar (TEXCOM),1
The True Friendship Missionary Baptist Church,1
The TriCounty Watchdogs,1
The Trevor Project,1
The Treasurer's Office,1
The Transportation Corridor Agencies of Orange County,1
The Translatin@ Coalition,1
"The Transgender, Gender Variant & Intersex Justice Project",1
The TransLatin@Coalition,1
The Town Kitchen,1
The Unitarian Universalist Church of the Verdugo Hills,1
The United Food & Commercial Workers Union,1
The Vanished Children's Alliance,1
The United Food and Commercial Workers,1
The Vanished Children's,1
The VOICED Coalition,1
The Utility,1
The Urban County of California (UCC),1
The Urban Counties of California,1
The Upstate California Connect Consortium,1
The Up-Valley Senior Collaborative,1
The Unusual Suspects Theatre Company,1
The University of California Student Association,1
The Universal Fellowship,1
The Unity Project,1
The United Way of San Diego County,1
The United Veterans Council of Monterey County,1
"The United Transportation Union, AFL-CIO",1
The United Transportation Union,1
The United Nurses Association of California/Union of Health Care,1
The United Nations Association of the United States,1
The Wilson Group,1
The Wine Growers Alliance,1
The Wireless Association,1
"Unite Here International Union, AFL-CIO",1
Unite For Reproductive and Gender Equity (URGE),1
Unitarian Universalist Church of the Verdugo Hills,1
Unitarian Universalist Church of the Desert,1
Unitarian Society of Santa Barbara,1
"Union of Needletrades, Industrial and Textile Employees (UNITE)",1
"Union of Needletrades, Industrial and Textile Employees",1
Union of Concerned Scientist (UCS),1
Union of American Physicians and Dentists,1
Union Roofing Contractors Association (URCA),1
Union De Vecinos,1
Unified Medical Group Association (UMGA),1
Unified Medical Group Association (UMGA ),1
UnidosUS,1
Unidos Network,1
Udw/Afscme Local 3930,1
USGBC California,1
UNITE Here Local 11,1
Unite HERE Local 11,1
"Unite Here International Union, Afl-Cio",1
UC Santa Cruz Union Assembly,1
"Unite Here International Union, Afl-cio",1
United Nations Association of the United States,1
United Minority Business Entrepreneurs (UMBE),1
United Homeowners' Association II,1
United Food & Commercial Workers (UFCW),1
United Farm Workers of America,1
United Farm Workers (UFW),1
United Domestic Workers of American (UDWA),1
United Domestic Workers of America,1
"United Council of Human Services, Mother Brown's Dining Room",1
United Contractors (UC),1
United Coalition East Prevention Project (UCEPP),1
United Cerebral Palsy California Collaboration,1
United Cerebral Palsy Association (UCPA),1
United Cannabis Business Association (UCBA),1
United Animal Nations (UAN),1
United Advocates for Children and Families (UACF),1
Unite for Reproductive and Gender Equity (URGE),1
UDW/Afscme Local 3930,1
UAW Local 2865,1
The Women's Employment Rights Clinic of Golden,1
Traditional Values Coalition,1
Township 9,1
Town of ColmaTown of Corte Madera,1
Torrance Parents Organization,1
Tlc Child and Family Services,1
Time for Change Foundation,1
Tides Advocacy,1
Thursday Group,1
Theodore Payne Foundation For Wild Flowers & Native Plants,1
"The for Animals, Inc",1
The Z-Best Products,1
The Yucca Corridor Coalition,1
The Youth Law Center,1
The Women's Health Collaborative,1
The Women's Foundation of California Solis Policy Institute,1
The Women's Foundation of California - Sponsor,1
The Women's Foundation of California (WFC),1
The Women's Foundation of California,1
Trade Winds Mobile Estates,1
Training in Early Abortion For Comprehensive Healthcare,1
U.s. Vets,1
Training in Early Abortion for Comprehensive HealthCare (TEACH),1
"U.s. Green Building Council, INC. (USGBC)",1
Twenty-Nine Palms Band Of Mission Indians,1
Turtle Island Restoration Network (TIRN),1
Turlock Irrigation District (TID),1
Turlock Irrigation District,1
Tuolumne County Board Of Supervisors,1
Trusts and Estates Section of the State Bar (TEXCOM),1
Trust for Public Land,1
Trust for Public Land,1
Trout Unlimited,1
Trinity Public Utilities District (TPUD),1
Tree Pledge,1
Trauma Research and Education Foundation (TREF),1
Transportation Corridor Agencies (TCA),1
Transportation Business Advisory Council,1
"Transgender, Gender Variant & Intersex Justice Project",1
TransForm,1
the American College of Obstetricians and Gynecologists,1
the American Council of Engineering Companies,1
the American Legion-Department of California,1
the Motion Picture Association of America,1
the Nature for All,1
the Natural Resources Defense Council (NRDC),1
the National Electrical Contractors Association (NECA),1
the National Electric Contractors Association,1
the National Consumer Law Center,1
the National Association of Minority Contractors,1
the National Association for the Advancement of,1
the Move LA,1
the Moms Advocating Sustainability,1
the American Red Cross,1
the Million Mom March,1
the Mexican American Legal Defense and Education,1
the Medical Board of California,1
the Medical Board of,1
the Medical Board,1
the Media Alliance,1
the Masimo Corporation,1
the Marine Mammal Center,1
the Neighborhood Legal Services of Los Angeles County,1
the Netchoice,1
the NextGen California,1
the Nextgen California,1
the Pacific Merchant Shipping Association,1
the Pacific Coast Federation of Fisherman's Associations,1
the Pacific Association of Domestic Insurers Companies,1
the Pacific,1
the PAW Project,1
the Outward Bound Adventures,1
the Organization of SMUD Employees,1
the Orange County Community Foundation,1
the Oppose Unless Amended,1
the Oceana,1
the Ocean Science Trust,1
the Oakland Privacy,1
the Northern California Water Association,1
the Northern California Recycling Association,1
the Normal Heights Indivisible,1
the Nonprofit Housing Association of Northern California,1
the Nicole Brown Simpson,1
the Marin Clean Energy (MCE),1
the March of Dimes,1
the Madera County,1
the Law Foundation of Silicon Valley,1
the Lake Tahoe Wildlife Care,1
the LGBTQ Center of Long Beach,1
the K.W. Lee Center for Leadership,1
the Johns Hopkins Center for a Livable Future,1
the John Stewart Company,1
the John Burton Advocates for Youth,1
the Jewish Federation,1
the Janeunchained,1
"the JP Squared Consulting, LLC",1
the Institute for Agriculture and Trade Policy,1
the Inland Empire,1
the Idle No More SF Bay,1
the IBEW Local Union 569,1
the Humboldt Redwood Company LLC,1
the Humane Society of the United States,1
the Humane Society of The United States,1
the Hertz Corp,1
the Latino Diabetes Association,1
the Lawyers' Committee for Civil Rights of the San Francisco Bay Area,1
the Macrebur Limited,1
the League of California Cities Latino Caucus,1
the Los Angeles area,1
the Los Angeles Waterkeeper,1
the Los Angeles Unified School,1
the Los Angeles County Professional Peace Officers Association,1
the Los Angeles County Probation Officers Union AFSCME Local 685,1
the Los Angeles County Office of Education,1
"the Los Angeles County Deputy Probation Officers Union, AFSCME, Local 685",1
the Los Angeles County Democratic Party,1
the Los Angeles County Bar Association,1
the Los Angeles Community College District,1
the Los Angeles,1
the Long Beach Community College District,1
the Long Beach Community College Distict,1
the Living Desert Zoo and Garden,1
the Lieutenant Governor of California,1
the League of Women Voters of California,1
the League of Women,1
the Paralyzed Veterans of America,1
the Peace Officers Research Association of California (PORAC),1
the Peninsula,1
the Vegan of La,1
the Vallecito Union School District,1
the Urban Counties Caucus,1
the United Food and Commercial Workers,1
the UC Student Association,1
"the U.S. Green Building Council, INC. (USGBC)",1
the Tule River Tribe,1
the Trusts & Estates Section of the State Bar of California,1
the Trusts & Estates Section of the California Lawyers Association,1
the Trial Courts,1
the Trevor Project,1
the Traditional Values Coalition,1
the Three Trees Delivery,1
the The Pew Charitable Trusts,1
the The Buckeye Conservancy,1
the Sycuan Band of The Kumeyaay Nation,1
the Superior Court of San Bernardino County,1
the Superior Court of,1
the Valley Medical Center,1
the Village Family Services,1
the State Long-Term Care Ombudsman,1
the W. Hayward Burns Institute,1
Palace,1
the ear,1
the Zero Foodprint,1
the Youth Law Center,1
the Young Women's Freedom Center,1
the Yocha Dehe Wintun Nation,1
the Wine Institute,1
the Wine,1
the Western States Council of,1
the Western States Council,1
the Western Center on Law and Poverty,1
the Western Boaters Safety Group,1
the West,1
the Watershed Project,1
the Watershed Conservation Authority,1
the Warner Bros. Entertainment INC,1
the W. Haywood Burns Institute,1
the State of California,1
the State Independent Living Council,1
the Peninsula Open Space Trust,1
the Salvation Army,1
the Sacramento Area Coalition of Mobilehomeowner Associations,1
the Rural County Representatives of California,1
the Riverside Sheriffs' Association,1
the River Project,1
the Respiratory Care Board of California,1
the Regional Council of Rural Counties,1
the Redrover,1
the Public Counsel,1
the Professional Engineers in California Government,1
the Prevention of Gun Violence,1
the Point Blue Conservation Science,1
the Plug in America,1
the Plastics Industry Association,1
the Planning and Conservation League,1
the Place4Grace,1
the Physicians for Social Responsibility - San Francisco Bay Area Chapter,1
the Pesticide Action Network,1
the Sacramento Regional Coalition to End Homelessness,1
the San Francisco Domestic Violence Consortium,1
the State Coalition of Probation Organizations,1
the San Manuel Band of Mission Indians,1
the State Building and Construction Trades Council of CA,1
the State Board of Equalization,1
the Stanford Health Care,1
the Southern California Coalition,1
the South Colton Diversity Committee,1
the Society for Human Resource Management,1
the Small School,1
the Small Business Connection,1
the Service Employees International Union (SEIU),1
the Service Employees International Union,1
the Sentencing Project,1
the Senior,1
the Securities Industry Association (SIA),1
the Santa Ynez Band of Chumash Indians,1
the Santa Cruz Climate Action Network,1
the Santa Clara County Wage Theft Coalition,1
the San Mateo County Transit District,1
the Health Net,1
the Health Care Without Harm,1
the Habitat Recovery Project,1
the California Federation of,1
the California Emerging Technology Fund,1
the California Department of Insurance,1
the California Democratic Party,1
the California Conference Board of Amalgamated,1
the California Conference Board,1
the California Community College Board of Governors,1
the California Coalition on Workers' Compensation,1
the California Children's Hospital Association,1
the California Chapter of the American Fence Contractors' Association,1
the California Catholic Conference,1
the California Building Industry Association,1
the California Bankers Association,1
the California Attorney General,1
the California Association of Physician Groups,1
the California Association of Mental Health Patients' Rights Advocates,1
the California Association of Marriage and Family Therapists,1
the California Association of Health Plans,1
the California Energy Commission,1
the California Grocers Association,1
the California Association of Clerks and Election Officials,1
the California Hospital Association,1
the California School Employees Association,1
the California School Boards Association,1
the California Right to Life Committee,1
the California Public Defenders,1
the California Psychiatric Association (CPA),1
the California Police Chiefs' Association,1
the California Peace Officers' Association,1
the California Partnership to End Domestic Violence,1
the California Pan-Ethnic Health Network,1
the California Nurses Association,1
the California New Car Dealers Association,1
the California Municipal Utilities Association,1
the California Medical Association,1
the California Labor Federation,1
the California Judicial Council,1
the California Immigrant Welfare,1
the California Hotel and Lodging Association,1
the California Association of County Veterans Service Officers,1
the California Alliance of Nurses for Healthy Environments,1
the California State Association of Psychiatrists (CSAP),1
the Bakersfield College,1
the Avalon Medical Development Corporation,1
the Automobile Club of Southern California,1
the Automobile Club of California,1
the Aurora Santa Rosa Hospital,1
the Association of Independent California Colleges and Universities,1
the Association of Diabetes Care and Education Specialists,1
the Association of California Water Agencies,1
the Association of California School Administrators,1
the Association of California Life and Health Insurance Companies (ACLHIC),1
the Association of California Life & Health Insurance Companies,1
the Association of,1
the Association For,1
the Associated Students of UC Davis,1
the Asian Americans Advancing Justice - California,1
the Archaeological Conservancy,1
the Arabic Cultural Center,1
the Amputee Coalition,1
the BRN,1
the Bartz-Altadonna Community Health Centers,1
the California Airports Council,1
the Bay,1
the California African American Chamber of Commerce,1
the California Academy of Family Physicians,1
the Cahdemo Association,1
the CA State Sheriffs Association,1
the CA Rethink Disposables,1
the Building the Base Face to Face,1
the Building Industry Association,1
the Breathe Southern California,1
the Brady Campaign to Prevent Gun Violence,1
the Board of Supervisors County of Madera,1
the Board of Pharmacy,1
the Board of Equalization,1
the Blue Shield of California,1
the Black Women for Wellness,1
the Bizfed - Los Angeles County,1
the Biocom California,1
the Bienestar Human Services,1
the California State Association of Counties (CSAC),1
the California State Sheriffs' Association,1
the Grove Collaborative,1
the Department of Corporations,1
the Debt Collective,1
the Dbsa California,1
the Culturally Responsive Domestic Violence Network,1
the Cs Forward,1
the Courage Campaign,1
the County of Santa Clara,1
the County of Placer,1
the County of Los Angeles Department of Parks and Recreation,1
the County of Fresno,1
the County Welfare Directors,1
the County Superintendents of Schools,1
the Council for A Strong America,1
the Cosmetic,1
the Consumers' Union,1
the Compassion & Choices Action Network,1
the Community Legal Aid Socal,1
the Communitiy Water Center,1
the Debt Free Justice California,1
the Diocese of Oakland,1
the Communication Workers of America (CWA),1
the Division of the State Architect,1
the Governor,1
the Global Cannabinoid Research Center,1
the Fund for Santa Barbara,1
the Flasher/Barricade Association,1
the Flasher Barricade Association,1
the First Amendment,1
the Fervo Energy,1
the Feminist Majority,1
the Family Law Section of the State Bar,1
the Environment,1
the Enviromental Health Coalition,1
the Ella Baker Center for Human Rights,1
the Edge Coalition,1
the Economy,1
the East Bay Developmental Disabilities Legislative Coalition,1
the East Bay,1
the Earthjustice,1
the Communities Actively Living Independent & Free,1
the Collective for Liberatory Lawyering,1
the California State Teachers' Retirement System,1
the Children's Defense Fund-California,1
the Children's Advocacy Institute,1
the Children,1
the Child Parent Institute,1
the Child Abuse Prevention Council of Contra Costa County,1
the Chief of Police,1
the Central California Food Bank,1
"the Center on Race, Poverty, & the Environment",1
"the Center of Race, Poverty, and The Environment",1
"the Center of Race, Poverty and The Environment",1
"the Center for Race, Poverty, and The Environment",1
the Center for Good Food Purchasing,1
the Californiahealth+ Advocates,1
the California-Nevada Conference of Operating Engineers,1
the California Teamsters Public Affairs Council,1
the California Taxpayers Association,1
the California Taxpayer Protection Committee,1
the California Statewide Law,1
the Children's Defense Fund - CA,1
the Children's Partnership,1
the Coastal Corridor Alliance,1
the City Attorney's Office,1
the Coalition to Abolish Slavery and Trafficking,1
the Coalition on Homelessness San Francisco,1
the Coalition of California Welfare Rights Organizations,1
the Coalition for Community Solar Access,1
the Coalition for Clean Air,1
the Climeworks,1
the Climate Reality Project,1
the Climate Health Now,1
the Climate First: Replacing Oil & Gas (CFROG),1
the Clean Earth 4 Kids,1
the Civil Justice Association of California,1
the City of San Jose,1
the City of Hawaiian Gardens,1
the City of Glendale,1
the City of Fresno,1
the City of Azusa,1
the City and County of San Francisco,1
The Torres Martinez Desert Cahuila Indians,1
The Tofurky Company,1
The Thousand Oaks-Westlake Village Regional Chamber of Commerce,1
The League of California Cities (LCC),1
The Legal Aid Society - Employment Law Center (LAS-ELC),1
The Legal,1
The Learning Rights Law Center,1
The Learning Experience Corp,1
The League of Women Voters of Sonoma County,1
The League of Women Voters California,1
The League of Women Prosecutors,1
The League of Women,1
The League of California Cities,1
The National Association,1
The League,1
The Lawyers Committee for Civil Rights of the San Francisco Bay Area,1
"The Lawson Roofing Co., Inc",1
The Law Offices of Lurie and Zepeda,1
The Law,1
The Latino Council,1
The Latino Commission on Alcohol and Drug Abuse Services,1
The Latino Coalition for A Healthy California,1
The Legal Aid Society of Orange County,1
The Legal Aid Society of San Mateo County,1
"The Legal Aid Society, Employment Law Center",1
The Legal Aid Society- Employment Law Center,1
The Los Angeles Beautification Team,1
The Los Angeles Area Chamber of Commerce,1
The Long Beach Immigrant Rights Coalition,1
The London Group,1
The Loftin Firm LLP,1
The Local Health Plans of California (LHPC),1
The Little Tokyo Service Center,1
The Little,1
"The Lighter Association, Inc",1
The Life Raft Group,1
The Liberty Hill Foundation,1
The Liberty Coalition,1
The Libertarian Party of Orange County,1
The Lgbt Asylum Project,1
The Lesbian & Gay Men's Community Center of San Diego,1
The Legal Community Against Violence,1
The Legal Aid Society-Employment Law Center,1
The Large-Scale Solar Association,1
The Land Trust of Santa Cruz,1
The Land Conservancy,1
The Junior League of San Francisco,1
The Junior League of California,1
The Junior League,1
The June Burnett Institute,1
The John Burton Advocates for Youth,1
The Jockey's Guild,1
The Jewish Community Relations Committee,1
The Japanese Chamber of Commerce,1
"The Japanese American Citizens League, Marin County Chapter",1
The Jamul Indian Village of California,1
The Internet Association,1
The Internet Archive,1
The Internet,1
The International Longshore and Warehouse Union,1
"The International Anticounterfeiting Coalition, Inc",1
The Interfaith Environmental Council,1
The Interdisciplinary Council on Development and Learning,1
The Inter-Agency Council on Child Abuse and Neglect,1
"The Junior League of Orange County, California, Inc",1
The Junior State of America,1
The Lamda Letters Project,1
The Justice,1
The Lambda,1
The Laguna Greenbelt Inc,1
The Labor Coalition,1
The LGBT Center Orange County,1
The LAX Coastal Chamber of Commerce,1
The L.A. Gay and Lesbian Center,1
The Kitchen Rainmakers,1
The Kirsch Foundation,1
The Kinship Center,1
The Kevin Collins Foundation for Missing Children,1
The Kevin Collins Foundation,1
The Kern County Board of Supervisors,1
The Kennedy Forum,1
The KHEIR (Korean Health Education Information & Research) Center,1
The K.W. Lee Center for Leadership,1
The Juvenile Justice Program,1
The Justice Fellowship,1
The Los Angeles Breast Cancer Alliance,1
The Los Angeles Coalition of County Unions,1
The Los Angeles Coalition to End Hunger and Homelessness,1
The Mojave Desert Air Quality Management District,1
The Model Alliance,1
The Mission,1
The Mimi and Peter Haas Fund,1
The Military Order of the Purple Heart,1
The Military Officers Association of America-California Council of Chapters,1
"The Military Officers Association of America, California Council",1
The Military Department,1
The Michelson Center for Public Policy,1
The Michelson Center for Public Policy,1
The Mexican-American Political Association,1
The Mexican American Legal Defense and Educational Fund,1
The Mexican,1
The Metropolitan Water District Of Southern California,1
The Metropolitan Area Child Care Committee,1
The Metropolitan,1
The Mercury Insurance Company,1
The Mental Health Services Oversight and Accountability Commission,1
The Modesto Chamber of Commerce,1
The Money Services Roundtable,1
The Mendocino Food and Nutrition Program,1
The Monterey Bay Aquarium,1
The National Animal Interest Alliance,1
"The National Alliance on Mental Illness, California",1
The National Alliance for the Mentally,1
The National Accounting Firms,1
The Natalie Giorgi Sunshine Foundation,1
The Napa Valley Vintners,1
The NRDC,1
The NELA Climate Collective,1
The NASCAR Foundation,1
The Myositis Association,1
The Museum of the San Fernando Valley,1
The Museum of The San Fernando Valley,1
The Museum of African American Art,1
The Municipal Court,1
The Motion Picture Association of,1
The Monterey County Superior Court,1
The Monterey Bay Psychological Association,1
The Mental Health Association in,1
The Men's Warehouse,1
The Los Angeles College Faculty Guild,1
The Los Angeles Unified School,1
The Los Angeles Probation Department Union,1
The Los Angeles Police Protective League,1
The Los Angeles Police Protective,1
The Los Angeles Municipal Court,1
The Los Angeles Metropolitan Churches,1
"The Los Angeles Kings Hockey Club, LP",1
The Los Angeles Institute and Society for Psychoanalytic Studies,1
The Los Angeles Homeless Services Authority,1
The Los Angeles Galaxy,1
The Los Angeles Food Policy Council,1
The Los Angeles Dodgers,1
The Los Angeles County Solid Waste Management Committee/Integrated,1
The Los Angeles County Sheriff's Office,1
"The Los Angeles County Probation Officers Union, AFSCME, Local 685",1
The Los Angeles County Municipal Court Judges' Association,1
The Los Angeles County Employees Retirement Association (LACERA),1
The Los Angeles Conservation Corps,1
The Los Angeles Times,1
The Loyola Law School Center for Conflict Resolution,1
The McConnell Foundation,1
The Lubrizol Corporation,1
The Mary Magdalene Project,1
The Marlin Club,1
The Market Street Association,1
The Marin Food Policy Council,1
The Marin County Board of Supervisors,1
The Marin Cancer Project,1
The Marin Builders' Association,1
The Marin Builders,1
The Marin,1
The Mar Vista Community Council,1
The Lynch Foundation for Children,1
The Lynch Foundation,1
The Lyme Disease Resource Center,1
The Lutheran Office of Public Policy,1
The Lutheran Office of Public,1
The Lumber Association of California & Nevada (LACN),1
The Lucile Packard Foundation For Children's Health,1
The Insurance Commissioner Ricardo Lara,1
The Instituto de Educacion Popular del Sur de California (IDEPSCA),1
The Institute on Aging,1
The Fund For Santa Barbara,1
The Friends of the Desert Mountains,1
The Friends Committee on Legislation of California (FCLCA),1
The Friends Committee on Legislation of CA (FCLCA),1
The Fresno Chamber of Commerce,1
The Fresno Area Hispanic Foundation,1
The Free,1
The Franchise Tax Board,1
The Foundation of Taxpayer and Consumer Rights,1
The Foundation for Taxpayer,1
The Foundation for Grandparenting,1
The Foundation For Taxpayer And Consumer Rights,1
The Foster Parent Association of Santa Cruz County,1
The Forest Resources Council (FRC),1
The Forest Resources Council,1
The Foothill Collaborative for Sustainability,1
The Food Bank of Monterey County,1
The Food Bank of Contra Costa and Solano County,1
The Friends of the Goleta Valley Library,1
The Fund for Animals INC,1
The Flasher Barricade Association,1
The Future of Life Institute,1
The Greater Huntington Park Area Chamber of Commerce,1
The Greater High Desert Chamber of Commerce,1
The Greater Bakersfield Chamber of Commerce,1
The Great Valley Center,1
The Grandkidsandme Foundation,1
The Governor's Secretary for Education,1
The Governor,1
The Golden Retriever Club of America,1
The Global Center for Women & Justice at Vanguard University,1
The Global Action Research Center,1
The Glendale City Employees Association (GCEA),1
The Geothermal Energy Association,1
The Gay and Lesbian Armenian Society,1
"The Gay and Lesbian Adolescent Social Services, Inc",1
The Gay and Lesbian Adolescent Social Services Inc,1
"The Gap, Inc",1
The GFWC California Federation of Women's Clubs,1
The Food Bank for Monterey County,1
The Five Star Education Coalition,1
The Greater San Diego Chamber of Commerce,1
The Family Assistance Program,1
The Fair Political Practices Commission,1
The Faculty Association of California Community Colleges (FACCC),1
The FPPC,1
The FAIR Foundation,1
The Executive Council of Homeowners (ECHO),1
The Executive Committee of the Trusts and Estates Section,1
The Executive Committee of the Trusts & Estates Section of the State Bar,1
The Executive Committee of the Family Law Section of the State Bar (FLEXCOM),1
The Executive Committee of the Family Law Section of the California State Bar,1
The Everychild,1
The Evans HR Group,1
The Evans HR GROUP,1
The Ethnic Health Institute,1
"The Estate Planning, Trust and Probate Law Section of the State",1
The Environmental Finance Center for Region IX,1
The Environmental Defense Fund,1
The Environmental Council of Santa Cruz County,1
The Fair Share Network,1
The Family Business Association,1
The Five Branches University,1
The Family Independence Initiative,1
The Fish Sniffer,1
The First American,1
The First 5 Association of California,1
The First,1
The Fire Districts Association of,1
The Financial Planning Association,1
The Female Composer Safety League,1
The Fellowship of Affirming Ministries,1
"The Federation of Hillside and Canyon Associations, INC",1
"The Federation of California Racing Associations, Inc",1
The Federation of California Racing Associations,1
The Fathers' Rights and Equality Exchange,1
The Fashion Law Group,1
The Farmworker Institute for Education and Leadership,1
The Family Winemakers of California (FWC),1
The Family Resource Center of the Redwoods,1
The Family Law,1
The Greater Livery Association,1
The Greater San Fernando Chamber of Commerce,1
The Institute of Scrap Recycling Industries,1
The Independent Cities Association,1
The In Home Supportive Services Advisory Committee San Bernardino,1
The Imperial Valley Housing Authority,1
The Imperial Irrigation District,1
The Imperial County Schools Advocacy Association,1
The Immunize LA Kids Coalition,1
The Immigrant Youth Coalition,1
The Immigrant Health Equity and Legal Partnership,1
The IT Corporation,1
The Huntington's Disease Society of America,1
The Huntington Group,1
The Hungry Planet,1
The Humboldt and Mendocino Redwood Companies,1
The Humboldt Food Policy Council,1
The Humboldt And Mendocino Redwood Companies,1
The Humane Society of the U.S,1
"The Humane Society of San Bernardino Valley, Inc",1
The Humane Society Veterinary Medical Association,1
The Incredible Edible Community Garden,1
The Independent Energy Producers,1
The Human Services Network of Los Angeles,1
The Indie-Activists,1
The Institute of London Underwriters,1
The Institute for The Building Envelope,1
The Institute for Rural Psychedelic Care,1
The Institute for Justice,1
The Institute for College Access & Success,1
The Institute For College Access & Success,1
The Insight Center For Community Economic Development,1
The Innocence Project,1
The Inland Valley,1
The Inland Urban Forest Council,1
The Inland Regional Center,1
The Inland Gateway Association of RealtoRs,1
The Inland Gateway Association of REALTORS,1
The Inland Empire-Immigrant Youth Collective,1
The Inland Empire Safe Kids Coalition,1
The Inland Coalition for Immigrant Justice,1
The Information Technology Association of America (ITAA),1
The Humane Society Veterinary Medical,1
The Human Response Network,1
The Greater San Fernando Valley Chamber,1
The Heart Project,1
The Hearing Healthcare Providers of California,1
The Health Officers Association of California (HOAC),1
The Health Officers Association of,1
The Health Insurance Association of America,1
The Hayward Chamber of Commerce,1
The Hawk Institute,1
The Having Our Say Coalition,1
The Harker Summer Programs,1
The Hand Up Youth Food Pantry Student Advisory Board,1
The HIT Living Foundation,1
The Guardian Life Insurance Company of America,1
The Guadalupe Art Program,1
"The Greenlining Institute, Berkeley",1
The Greenlining Coalition,1
The Greenhorns,1
The Green Team At Francis Parker School,1
The Green Schools Initiative,1
The Hearing Well Club,1
The Heart and Soul Coalition,1
The Human,1
The Hispanic Chamber of Commerce Silicon Valley,1
The Howard Jarvis Taxpayers,1
The Housing Rights Committee of San Francisco,1
The Housing Authority of the County of Kern,1
The Housing Authority,1
The Housing,1
The Hot Springs Elementary School District,1
The Hospital Corporation of America,1
The Hood Incubator,1
"The Honorable Salud Carabajal, Member of the U.S. Congress",1
"The Honorable John Chiang, California State Controller",1
"The Honorable Jerry Brown, Mayor of Oakland",1
"The Honorable Dean F. Andal, Member, Board of Equalization",1
"The Honorable David Alvarez, Councilmember",1
"The Honorable Bill Lockyer, California State Treasurer",1
The Home Office and Business Opportunities Association of California,1
The Home Office and Business Opportunities Association of California,1
The Holmby-Westwood Property Owners Association,1
The National Asian Pacific American Women's Forum,1
The National Association of Consumer Advocates,1
The Tenderloin Housing Clinic,1
The San Pasqual Band of Mission Indians,1
The Security Industry and Financial Markets Association,1
The Scottish Deerhound Club of America,1
The School for Integrated Academics and Technologies (SIATech),1
The School Transportation Coalition,1
"The Schaber Company, Ltd",1
The Santa Cruz County Breastfeeding Coalition,1
The Santa Clara Valley Transportation Authority,1
The Santa Clara County Office of Education,1
The San Mateo County Democratic Party,1
The National Association of Insurance and Financial Advisors of California (NAIFA-California),1
The San Jose Mercury News,1
The San Joaquin County District Attorney's Office,1
The San Gabriel Valley Education Coalition,1
The San Francisco Wraparound Project,1
The San Francisco Symphony,1
The San Francisco SPCA,1
The San Francisco Living Wage Coalition,1
The San Francisco Human Services Agency,1
The Selma Enterprise,1
The Seniors Coalition,1
The Service Disabled Veteran-Owned Small Business Network,1
"The Service Employees International Union (SEIU), Local 1000",1
The Sierra Club Foundation,1
The Sickle Cell Disease Foundation of California,1
The Sheriff of Shasta County,1
The Sheriff of Santa Cruz County,1
The Sheriff of Placer County,1
The Sheriff of Orange County,1
The Sheriff of Kern County,1
The Sheriff of Amador County,1
The Sheriff of Alameda County,1
The Sheriff of,1
The Shasta County Farm Bureau,1
The Sharmus Outlaw Advocacy and Rights (SOAR) Institute,1
The Sex Workers Project of The Urban Justice Center,1
The Services Employees International Union (SEIU),1
The Service State Employees International Union,1
"The Service Employees International Union, Local 1000",1
The Service Employees International Union - California State Council,1
The San Francisco Department of Emergency Management,1
The San Francisco Childcare Planning and Advisory Council,1
The San Francisco Child Care Planning and Advisory Council,1
The Safe Cities Foundation,1
The Sacramento Hunger Coalition,1
The Sacramento Food Bank and Family Services,1
The Sacramento County Bar Association,1
The Sacramento Central Labor Council,1
The Sacramento Bee,1
The SF-Marin Food Bank,1
The Rural Quality Coalition of Nevada County,1
The Rural County Representatives of California (RCRC),1
The Roy W. Smith Charitable Foundation,1
The Rouse Company,1
The Rose Foundation,1
The Ron Finley Project,1
The Roberts Enterprise Development Fund (REDF),1
The Riverside Sheriffs' Association,1
The Riverside Sheriffs,1
The Riverside County Board of Supervisors,1
The Riverside County Black Chamber of Commerce,1
The Safe Child Coalition,1
The Salvation Army,1
The San Francisco Black & Jewish Unity Coalition,1
The Salvation Army Red Shield Youth & Community Center,1
The San Francisco Bay Area Planning and Urban Research Association,1
The San Francisco Bar Pilots Association,1
The San Francisco AIDS Foundation (SFAF),1
The San Fernando Valley Interfaith Council,1
"The San Diego, Southern California, and Central California Chapters of Associated Builders and Contractors",1
The San Diego Unified Port District,1
The San Diego Hunger Coalition,1
The San Diego Hunger Advocacy Network,1
The San Diego Hospice,1
The San Diego East County Economic Development Council,1
The San Diego County Board of Supervisors,1
The San Diego County Apartment,1
The San Diego Board of Supervisors,1
The San Diego Association of Governments (SANDAG),1
The San Diego,1
The San Bernardino County Sheriff's Department,1
The Samoan Community Development Center,1
The Sierra Club Range of Light Group,1
The Sierra Consortium,1
The Sierra County Democratic Central Committee,1
The Steel Recycling Institute,1
The State Water Resources Control Board,1
The State Superintendent of Public Instruction,1
The State Public Affairs Committee (SPAC) of the Junior Leagues of California,1
The State Privacy and Security Coalition,1
The State Pipe Trades Council,1
The State Department of Mental Health,1
The State Department of Mental Health,1
The State Council on Developmental Disabilities,1
The State Coalition of Probation Organizations,1
The State Center Community College District,1
The State Board of Control,1
"The State Bar, Family Law",1
"The State Bar, Estate Planning, Trust",1
"The State Bar of California, Trusts and Estates Law Section",1
"The State Bar of California, Family Law",1
"The State Bar of California, Conference of Delegates",1
"The State Bar of California, Committee on Appellate Courts",1
The Statewide Taskforce on Accessing Health Services for California Children in Foster Care,1
The Steel Recycling Institute,1
The State Athletic Commission,1
The Steinberg Institute,1
The Tenderloin AIDS Resource Center,1
The Tempest Group,1
The Tehachapi Mountain Democratic Club,1
The Technology Network,1
The TG/ENBY Project,1
The Sycamores,1
The Sutta Company,1
"The Surfrider Foundation, Malibu Chapter",1
The Superior Court of Los Angeles,1
The Superintendent of Public Instruction,1
The Sun,1
The Student Veterans of California,1
The Structural Engineers Association of California,1
The Stratford at Beyer Park,1
The Story of Stuff,1
The Stop ALD Foundation,1
The Stockton Beagle Club,1
The State Bar Business Law Section,1
The State Association of Electrical Workers,1
The Silicon Valley Organization (The SVO),1
The Southern California Alliance of Law Enforcement,1
The South Orange County Democratic Club,1
The South Gate Chamber of Commerce,1
The Sonoma County Vintners,1
The Songwriters Guild of America,1
The Solid Waste Association of North America (SWANA),1
The Solano County Fair,1
The Society of Nuclear Medicine,1
The Society of Hispanic Professional Engineers,1
The Society of Composers and Lyricists,1
The Society for California Archaeology,1
The Social Justice Committee of the First Unitarian Church,1
The Social Justice,1
The Sober Living Network,1
The Snack Food Association,1
The Small School District's Association,1
The Siskiyou Land Trust,1
The Simon,1
The South Vallejo Neighborhood Association,1
The Southern California Association of Governments,1
The State Association of County Retirement Systems,1
The Southern California Coalition for Occupational Safety and Health,1
The State Association of County Auditors,1
The Standard,1
The St. James Infirmary,1
The Sports and Arms Show Producers of America,1
The Sports Management Group,1
The Sports Club Company,1
"The Sporting Arms and Ammunition Manufacturers' Institute, Inc",1
The Sportfishing Financial Group,1
The Sportfishing Conservancy of California,1
The Sperantia Foundation,1
The Speech-Language Pathology and Audiology and Hearing Aid Dispensers Board,1
The Spectrum Institute,1
The Special Education Advocate Leaders,1
The Southwestern California Legislative Council,1
The Southern Low Desert Resource Conservation and Development,1
The Southern California Whippet Association,1
The Southern California University of Health Services,1
The Riverside,1
The Risk Management Society,1
The Rincon Band of Luiseño Indians,1
The Office of Justice and Peace of the Archdiocese of Los,1
The Office of Homeland Security,1
The Office of Criminal Justice Planning,1
The Office of,1
The Off Road Vehicle Legislative Coalition,1
The Oakland Youth Commission,1
The Oakland Better Birth Foundation,1
The Northern California Planned Giving Council,1
The Northern California Guides and Sportsmen's Association,1
The Northern California Association of Counsel for Children,1
The Northern California,1
The North San Diego Business Chamber,1
The Nonprofit Housing Association of Northern California [SPONSOR,1
The Non-Profit Housing Association of California,1
The Non-Bank Funds Transmitters Group,1
The Non Toxic Revolution,1
The Newport Center for Psychoanalytic Studies,1
The Newport Beach Police Department,1
The Office of Insurance Advisor,1
The Office of Ratepayer Advocates,1
"The New Era Group, Inc",1
The Office of Real Estate Appraisers,1
The Outdoor Sportsmen's Coalition of,1
The Osteopathic Physicians and Surgeons of,1
The Orthopaedic Surgery Center of La Jolla,1
The Orfalea Foundation,1
The Oregon State Ambulance Association,1
The Orange County Transportation Authority,1
The Orange County Food Access Coalition,1
The Orange County Civic Engagement Table,1
The Orange County Board of Supervisors,1
The Oley Foundation,1
The Older Women's League of San Francisco,1
The Ojai Valley Land Conservancy,1
The Office of the San Diego District Attorney,1
"The Office of the External Affairs Vice President of the Associated Students of the University of California, Davis",1
The Office of the District Attorney of San Diego County,1
The Office of the City Attorney of Los Angeles,1
The Office of Real Estate Appraisers,1
The New Voice of Business,1
The New Conservatory Theatre Center,1
The Pacific,1
The National Day of the Cowboy Organization,1
The National Consumer Voice for Quality Long-Term Care,1
The National Consumer Voice for Quality Long Term Care,1
The National Collegiate Athletic Association,1
The National Coalition Against Gambling Expansion,1
The National Coalition Against Gambling,1
The National Coalition,1
The National Center on Youth Law (NCYL),1
The National Center for Victims of Crime,1
The National Center for Missing and Exploited Children,1
The National Cartoonists Society,1
The National Business,1
The National Board for Professional Teaching Standards,1
The National Bill of Rights Policy Partnership for Children of the Incarcerated,1
The National Audubon Society - California,1
The National Association of Social,1
The National Association of Securities Dealers,1
The National Association of Mutual Insurance Companies,1
The National Council of Jewish Women,1
The National Economic Development and Law Center,1
The Nevada County Department of Social Services,1
The National Federation of Independent Business (NFIB),1
The Network,1
"The Ness Counseling Center, Inc",1
The Nature Conservancy,1
The Nature,1
The Native American Land Conservancy,1
The Native American Heritage Commission,1
The National Vehicle Protection Association,1
The National Panic/Anxiety Disorder Newsletter,1
The National Native American AIDS Prevention Center,1
The National Multiple Sclerosis Society,1
"The National Lawyers Guild, Labor and Employment Committee",1
"The National Latina/o Lesbian, Gay, Bisexual & Transgender",1
The National Kidney Foundation of Northern,1
The National Insurance Crime Bureau,1
The National Hispanic Media Coalition,1
The National Health Law Program,1
The National Federation of the Blind of California,1
The PUC,1
The Pacific Association of Domestic Insurance Companies (PADIC),1
The RightWay Foundation,1
The Redwood Empire Food Bank,1
The Recycled Materials Association - West Coast Chapter,1
The Recreational Aviation Foundation,1
The Reason Foundation,1
The Reason Foundation,1
The Ranch at Laguna Beach,1
The Racial and Ethnic Mental Health Disparities Coalition,1
The Purple Heart Trail Committee of the Marine Corps League 680,1
The Punk Rock Therapist,1
"The Public Sector Marketing Group, Inc",1
The Public Sector Marketing Group,1
The Public Investors Arbitration Bar Association (PIABA),1
The Public Interest Law Project [SPONSOR,1
The Public Interest Law Project,1
The Public Interest,1
The Public Health Justice Collective,1
The Prudential,1
The Protect Your Record Project,1
The Red and White Fleet,1
The Regency,1
The Professional Insurance Agents of California & Nevada,1
The Region 8 States Council of the United Food & Commercial Workers,1
The Rich Pelletreau Wildlife Gallery and Studio,1
"The Retirement Coach, Palm Desert",1
The Retired Public Employees,1
"The Retired Officers Association, California Council of Chapters",1
The Retail Industry Leaders Association,1
The Retail Gift Card Association,1
The Resources Agency,1
The Resolve LRA Crisis Initiative,1
The Resighini Rancheria,1
The Rescue House,1
The Renfrew Center for Eating Disorders,1
The Remedy Pharm,1
The Reinsurance Association of America,1
The Regional Water Authority,1
The Regional Council of,1
The Regional Center of Orange County,1
The Region 8 States Council of the United Food and Commercial Workers,1
The Program for Torture Victims,1
The Professional Insurance Agents of California,1
The Pacific Club IMPACT Foundation,1
The People's Community Organization for Reform and Empowerment (People's CORE),1
The Peninsula Corridor Joint Powers Board (CalTrain),1
The Pelagic Shark Research Foundation,1
The Peace and Freedom Party of California,1
The Peace Resource Center of San Diego,1
The Peace Officer's Research Association of California (PORAC),1
The Paw Project,1
The Pasadena Humane Society,1
The Pasadena,1
The Partnership for Los Angeles Schools,1
The Paragon Companies,1
The Palms,1
"The Palavra Tree, Inc",1
The Palace,1
The Pajaro Valley Chamber of Commerce,1
The Pacific Lumber Company (PALCO),1
The Pacific Institute for Community Organization California,1
The Pacific Coast Legacy Emissions Action Network,1
The People's Advocate,1
The Performance,1
The Professional Insurance Agents Group (PIA),1
The Personal Assistance Services Council of Los Angeles County,1
The Professional Fiduciary Association of California,1
The Professional Engineers in California Government,1
"The Professional & Technical Engineers, IFPTE Local 21, AFL-CIO",1
The Printed Circuit Alliance (PCA),1
The Prevention Institute,1
The Port of Oakland,1
The Port of Long Beach,1
The Ponderosa Telephone Company,1
The Pomona Police Department,1
The Point,1
The Placita Santa Fe Merchants Association,1
The Philanthropy Roundtable,1
The Pharmaceutical Researchers and Manufacturers Association,1
The Pharmaceutical Research and Manufacturers of America,1
The Pharmaceutical Care Management Association,1
The Personal Insurance,1
"The Personal Assistance Services Council, the Los Angeles County Public Authority",1
"Palavra Tree, Inc",1
Birtcher Anderson Realty Management,1
Pala band of Mission Indians,1
California Forestry Association,1
California Grain & Feed Association,1
California Grain & Feed Association (CGFA),1
California Geriatric Education Center (CGEC),1
California Geotechnical Engineers Association (CGEA),1
California Fraternal Order of Police (CFOP),1
California Foundation for Independent Living Center (CFILC),1
California Foundation For Independent Living Centers,1
California Forward Action Fund (CFAF),1
California Food Polity Advocates (CFPA),1
California Department of Forestry Employees Association (CDFEA),1
California Food Polity Advocates,1
California Food Policy Advocates,1
California Food Literacy Center,1
California Fish and Game Warden's Protective Association,1
California Fish and Game Warden Supervisors and Managers Association (CFGWSMA),1
California Fire Chiefs Association,1
California Fire Chiefs Association,1
California Fence Contractors Association,1
California Grand Jurors Association (CGJA),1
California Grand Jurors' Association (CGJA),1
California Grape and tree Fruit League,1
California Grocers Association,1
California Hospice and Palliative Care Association (CHPCA),1
California Hospice And Palliative Care Association,1
California Horse Racing Board,1
California Hispanic Chambers of Commerce,1
California Hispanic Chambers,1
California Hispanic Chamber of COmmerce,1
California Hispanic Chamber Of Commerce,1
California Healthy nail Salon Collaborative,1
California Healthcare Interpreting Association (CHIA),1
California Healthcare Institute,1
California Healthcare Institute (Chi),1
California Healthcare Association,1
California Health Information Association (CHIA),1
California Health Facilities Financing Authority (CHFFA),1
California Health Executives Association of California (CHEAC),1
California HEALTHCARE Association,1
California Groundwater Coalition,1
"California Federation of Teachers, California Teachers",1
"California Federation of Teachers, Aft, Afl-cio",1
California Federation of Teachers Afl-cio,1
California Elder Justice Coalition,1
California Educational Peace Officers Association (CEPOA),1
California Dump Truck Owners Association,1
California Domestic Workers Coalition (CDWC),1
California District Attorneys Association(CDAA),1
California District Attorneys Association,1
California District Attorneys Association,1
California District Attorney's Association,1
California Displaced Homemakers Network (CDHN),1
California Dietetic Association (CDA),1
California Dialysis Council (CDC),1
California Dermatology Society (CDS),1
California Department of Veterans Affairs (CDVA),1
California Department of Social Services,1
California Department of Social Services (CDSS),1
California Department of Public Health (CDPH),1
California Department of Forestry Firefighters (CDFF),1
California Department of Forestry Employees' Association (CDFEA),1
California Educational Theatre Association (CETA),1
California Electronic Asset Recovery (CEAR),1
California Federation of Teachers Afl-CIO,1
California Employment Lawyer's Association (CELA),1
California Federation of Teachers AFL-CIO,1
California Federation of Teachers,1
California Federation of Teachers,1
California Federation of Association Executives (CFAE),1
California Federation Of Teachers AFL-CIO,1
California Federal of Teachers (CFT),1
California Farmers Union (CFU),1
California Farm Bureau Federation,1
California Farm Bureau Federation,1
California Farm Bureau,1
California Family Health Council,1
California Families Against Solitary Confinement,1
California Export Finance Office,1
California Environmental Health Association (CEHA),1
California Environmental Health & Justice Team,1
California Energy Storage Alliance,1
California Employment Lawyers Association,1
California Hospital Association,1
California Hospital Association,1
California Hospital Medical Center (CHMC),1
California Nevada Cement Association (CNCA),1
California Native Plant Society,1
California National Organization for Women,1
California Narcotic Officers Association,1
California Naacp,1
California NORML,1
California Municipal Utility Association (CMUA),1
California Municipal Utilities Association,1
California Municipal Clerks Association (CMCA),1
California Motorcyclist Association (CMA),1
California Motor Car Dealer Association (CMCDA),1
California Mortgage Bankers Association,1
California Mobilehome Parkowner's Alliance (CMPA),1
California Mobile Home Owners Resources & Action Association,1
California Military Department,1
California Mental Health Directors Coalition,1
California Mental Health Directors Association,1
California Medical Association,1
California Naturopathic Doctors Association (CNDA),1
California Nevada Cement Association,1
California Medical Association,1
California New Car Dealers (CNCD),1
California Parks and Recreation Society (CPRS),1
California Park And Recreation Society,1
California Park & Recreation Society,1
California Paralyzed Veterans Association (CPVA),1
California Pan Ethnic Health Network (CPEHN),1
California Orthopedic Association (COA),1
California Organization of Methadone Providers,1
California Optometric Association,1
California Opportunity Youth Network (COYN),1
California Office to Reform Education (CORE),1
California Occupational Medicine Physicians (COMP),1
California Nurses Association,1
California Nurses Association (CNA),1
California Nurse Midwives Association,1
California Newspaper Publishers' Association (CNPA),1
California News Publishers Association (CNPA),1
California New Care Dealers Association,1
California Medical Association,1
California Medical Association,1
California Hotel & Lodging Association,1
California Land Surveyors Association,1
"California Labor Federation, AFL-CIO",1
California Labor Federation,1
California LGBTQ Health and Human Services Network,1
California Joint Powers Insurance Authority (CJPIA),1
California Institute of Health and Social Services (CIHSS),1
California Institute of Health and Social Services,1
California Infill Federation (CIF),1
California Indian Legal Services,1
California Independent Telecommunications Companies,1
California Independent Telecommunications Companies (CITC),1
California Independent Petroleum Association (Cipa),1
California Independent Mortgage Brokers Association (CIMBA),1
California Hydropower Reform Coalition (CHRC),1
California Hydrogen Business Council (CHBC),1
California Human Development (CHD),1
California Housing Partnership Corporation (CHPC),1
California Housing Finance Agency (CHFA),1
"California Labor Federation, AFL-CIO",1
California Landscape Contractors Association,1
California Manufacturing Association (CMA),1
California Law REvision Commission,1
California Manufactures & Technology Association (CMTA),1
California Manufacturers and Technology Association,1
California Manufacturers and Technology Association,1
California Manufacturers Association,1
California Manufacturers Association,1
California Manufacturers Assocation (CMA),1
California Manufacturers Assocation,1
California Manufacturers Assn.,1
California Long-term Care Ombudsman Association (CLTCOA),1
California Long term Care Ombudsman Association,1
California Life and Health Insurance Guarantee Association (CLHIGA),1
California Life Sciences (CLS),1
California Licensed Foresters Association(CLFA),1
California Licensed Foresters Association,1
California Legislative Coalition for Interior Design (CLCID),1
California Legislative Action Committee (CLAC),1
California League Of Food Processors,1
California Department of Forestry Employees' Association,1
California Department of Forestry (CDF),1
City of Cathedral City,1
California Bicycle Coalition,1
California Building Industry Association,1
California Building Industry Association,1
California Building Industry Association,1
California Builders Alliance (CBA),1
California Broadcasters Association (CBA),1
California Black Health Network,1
California Black Chamber of Commerce,1
California Black Chamber of Commerce,1
California Behavioral Health Association (CBHA),1
California Department of Education,1
California Bankers Association,1
California Bail Agents Association,1
California Automotive Wholesalers' Association,1
California Automotive Wholesalers' Association (CAWA),1
California Automatic Vendors Council (CAVC),1
California Automatic Fire Alarm Association (CAFAA),1
California Authority of Racing Fairs (CARF),1
California Attorneys for Criminal Justice(CACJ),1
California Building Officials,1
California Business Properties Association,1
California Business Roundtable,1
California Business Roundtable,1
California Chamber of Commerce,1
California Chamber of Commerce,1
California Central Valley Economic Development Corporation (CCVEDC),1
California Center for Sustainable Energy (CCSE),1
California Center for Public Health Advocacy,1
California Center For Sustainable Energy,1
California Center For Rural Policy,1
California Cattlemen's Association (CCA),1
California Cattlemen's Association,1
California Cattlemen's Association,1
California Cattlemen'S Association,1
California Catholic Conference,1
California Catholic Conference,1
California Cartage Company (CCC),1
California Cannabis Industry Association (CCIA),1
California Cable Television Association (CCTA),1
California Business Roundtable,1
California Attorney General's Office,1
California Association on Postsecondary Education & Disabilities (CAPED),1
California Association of the Deaf,1
California Association of Realtors,1
California Association of Public Hospitals (CAPH),1
California Association of Public Health Laboratory Directors (CAPHLD),1
California Association of Public Authorities for IHSS,1
"California Association of Public Administrators, Public Guardians and Public Conservators (CAPAPGPC)",1
California Association of Public Administrators,1
California Association of Professional Liability Insurer (CAPLI),1
California Association of Professional Liability Insurer,1
California Association of Professional Firefighters (CAPF),1
California Association of Professional Firefighters,1
California Association of Port Authorities (CAPA),1
California Association of Physician Organizations (CAPO),1
California Association of Physician Assistants (CAPA),1
California Association of Physician Assistants,1
California Association of Photocopiers and Process Servers (CAPPS),1
California Association of Pest Control Advisers (CAPCA),1
California Association of Nurseries and Garden Centers,1
California Association of Nurseries And Garden Centers,1
California Association of Public Hospitals and Health Systems,1
California Association of Realtors,1
California Association of food Banks,1
California Association of Regional Occupational Centers Programs (CAROCP),1
California Association of Zoos and Aquariums (CAZA),1
California Association of Winegrape Growers,1
California Association of Student Councils (CASC),1
California Association of School Social Workers (CASSW),1
California Association of School Psychologists,1
California Association of School Psychologist (CASP),1
California Association of School Counselors,1
California Association of School Business Officials,1
California Association of School Business Officials,1
California Association of School Business Officials (Casbo),1
California Association of School Board Officials (CASBO),1
California Association of School Board Officials,1
California Association of Sanitation Agencies,1
California Association of Sanitation Agencies (CASA),1
California Association of Sanitation Agencies,1
California Association of Resource Conservation Districts,1
California Association of Regional Occupational Centers and Programs (CAROCP),1
California Chamber of Commerce (CCC),1
California Chaparral Institute,1
California Chapter of American Fence Association,1
California Correctional Supervisors' Organization (CCSO),1
California Correctional Peace Officer Association (CCPOA),1
California Contract Cities Association (CCCA),1
California Continuing Care Residents Association (CCCRA),1
California Consortium Of Addiction Programs And Professionals,1
California Conservation Corps (CCC),1
"California Congress of Parents, Teachers, and Students, INC",1
"California Congress of Parents, Teachers, And Students, Inc",1
California Conference of Bar Associations (CCBA),1
California Community Colleges Chancellor's Office,1
California Community College Independents (CCCI),1
California Community College Chancellor's Office,1
California Community College Chancellor's Office (CCCCO),1
California Community College Association for Occupational Education,1
California Community College (CCC),1
California Community Builders and The Two Hundred,1
California Community Builders,1
California Commission on the Status of Women and Girls,1
California Correctional Supervisor's Organization (CCSO),1
California Council For Affordable Housing,1
California Commission on the Status of Women And Girls,1
California Council On Alcohol Problems,1
California Department of Corrections and Rehabilitation (CDCR),1
California Department of Corrections,1
California Department Of Education,1
California Dental Hygienists Association (CDHA),1
California Dental Hygienist Association (CDHA),1
California Defense Counsel,1
California Cut Flower Commission (CCFC),1
California Credit Union League,1
California Credit Union League,1
California Craft Brewers Association (CCBA),1
California Court Clerks,1
California County Superintendents Educational Services Association,1
California County Superintendents Educational Services Association (Ccsesa),1
California County Superintendents Education Services Association (CCSESA),1
California Council on Economic Education (CCEE),1
California Council of land Trusts,1
California Council for Environmental & Economic Balance,1
California Commission on the Status of Women and Girls (CCSWG),1
California Commission on the Status of Women (CCSW),1
California Chapter of The American College of Emergency Physicians,1
California Coalition for Children's Safety and Health (CCCSH),1
California Coalition For Rural Housing,1
California Clinical Laboratory,1
California Clean Money Campaign,1
California Clean DG Coalition (CCDC),1
California Civil Rights Conference (CCRC),1
California City Management Foundation (CCMF),1
California Citizens for Health Freedom (CCHF),1
California Citizens For Health Freedom,1
California Church IMPACT (CCI),1
California Children's Hospital Association,1
California Children'S Hospital Association,1
California Children and Families Commission,1
California Children And Families Commission,1
California Childcare Health Program (CCHP),1
California Charter Schools Association Advocates (Ccsaa),1
California Charter School Association (CCSA),1
California Chapter of the American College of Emergency Physicians,1
California Coalition Of Travel Organizations,1
California Coalition for Compassionate Care (CCCC),1
California Commission on the Status of Women,1
California Coalition for Equity in Early Care and Education,1
California Commission on The Status of Women and Girls,1
California Commission on The Status of Women,1
California Commission On the Status of Women,1
California College and University Police Chiefs Association,1
California College and University Police Chiefs Association,1
California College and University Police Chief's Association,1
California Coastkeeper Alliance,1
California Coastkeeper Alliance,1
California Coalition of law Enforcement Associations,1
California Coalition of Youth (CCY),1
California Coalition of Youth,1
California Coalition of Law Enforcement Associations (CCLEA),1
California Coalition of Domestic Referral Agencies (CCDRA),1
California Coalition of Domestic Referral Agencies,1
California Coalition of Accredited Career Schools (CCACS),1
California Coalition for Rural Housing (CCRH),1
California Coalition for Mental Health (CCMH),1
California Part-time Faculty Association (CPFA),1
California Partnership,1
California Partnership to End Domestic Violence (CPEDV),1
Center on Reproductive Rights And Justice (CRRJ),1
Central Valley Community Resources,1
Central Sierra Continuum of Care,1
Central Coast Alliance United for A Sustainable Economy (CAUSE),1
Central Coast Alliance United For a Sustainable Economy,1
Central California Environmental Justice Network,1
Central California Environmental Justic Network (CCEJN),1
Central Basin Water Association (CBWA),1
"Center, Orange County",1
Center on Juvenile and Criminal Justice,1
California Peace Officers Association,1
Center on Juvenile And Criminal Justice,1
"Center of Race, Poverty, and the Environment",1
"Center of Race, Poverty And The Environment",1
Center for Young Women Development,1
Center for Violence Free Relationships,1
Center for Science in the Public Interest (CSPI),1
Center for Rural Legal Assistance,1
Center for Public Interest Law,1
Central Valley Immigrant Integration Collaborative (CVIIC),1
Central Valley Urban Institute,1
Centro Binacional para el Desarrollo Indigena Oaxaqueno (CBDIO),1
Centro Legal De la Raza,1
Child Care Alliance Of Los Angeles,1
Child Abuse Prevention Council Of Contra Costa County,1
Chief Probations Officers of California (CPOC),1
Chief Probations Officers of California,1
Chief Probation Officers' of California (CPOC),1
Chief Probation Officers' Of California (Cpoc),1
Chief Probation Officers of California,1
Chief Probation Officers of California,1
Chemical Industry Council of California (CICC),1
Chemical Industry Council of California,1
Charles R. Drew University of Medicine and Science,1
"Chamber of Commerce, Santa Barbara Region",1
Chamber Newport Beach,1
Cham Deliverance Ministry,1
Cesar Chavez Environmental Corps (CCEC),1
Certified Automotive Parts Association (CAPA),1
Certified Access Specialist Institute,1
Center for Marine Conservation (CMC),1
Center for Law and Social Policy/The National Women's Law Center,1
"Center for Independent Living, INC",1
Center For Human Services,1
Center For Community Action & Environmental Justice,1
Center Against Sexual Assault (CASA),1
Center,1
Cemetery and Mortuary Association of California (CMAC),1
Cellular Telephone Industries Association (CTIA),1
Cellular Telecommunications & Internet Association (CTIA),1
Cellular Network,1
Cellular Carriers Association of California,1
Catholic Charities of California,1
Catholic Charities of California,1
Catholic Charities Of Santa Clara County,1
Cat and Dog Rescue Association,1
Castle City Mobile Home Park,1
Casa De Santiago,1
"Carpet, Linoleum, and soft Tile Workers Local Union 12",1
"Carpet, Linoleum, and Soft Tile Workers Local Union 12",1
Carpet America Recovery Effort (CARE),1
Center For Employment Opportunities,1
Center For Land-Based Learning,1
Center for Independence of Individuals With Disabilities,1
Center For Responsible Lending (CRL),1
Center for Genetics and Society (CGS),1
Center for Financial Services Innovation (CFSI),1
Center for Farmworker Families,1
Center for Environmental Health,1
Center for Environmental Health (CEH),1
Center for Energy and Economic Development (CEED),1
Center for Employment Training (CET),1
Center for Domestic Peace (CDP),1
Center for Creative Land Recycling,1
Center for Collaborative Solution (CCS),1
Center for Collaborative Solution,1
Center for Cognitive Liberty and Ethics,1
Center for Auto Safety (CAS),1
Center On Reproductive Rights And Justice (CRRJ),1
"Center On Race, Poverty, And The Environment",1
"Center On Race, Poverty & the Environment",1
Center On Policy Initiatives,1
Child Care law Center,1
Child and Adolescent Gender Center,1
Children Now,1
City Of Piedmont,1
City Of Oroville,1
City Of Orland,1
City Of Orange,1
City Of Morgan Hill,1
City Of Moorpark,1
City Of Los Alamitos,1
City Of Lodi,1
City Of Laguna Beach,1
City Of Inglewood,1
City Of Huntington Park,1
City Of Hollister,1
City Of Half Moon Bay,1
City Of Gridley,1
City Of Garden Grove,1
City Of Fullerton,1
City Of Fresno,1
City Of Fort Bragg,1
City Of Pasadena,1
City Of Pismo Beach,1
City Of Cupertino,1
City Of Redwood City,1
City of Burbank,1
City of Brea,1
City of Alameda,1
"City and County of San Francisco, Mayor's Office of Housing",1
City and County of San Francisco,1
City Of Yuba City,1
City Of Willows,1
City Of West Hollywood,1
City Of Stockton,1
City Of Soledad,1
City Of Santa Rosa,1
City Of Santa Monica,1
City Of San Marcos,1
City Of San Dimas,1
City Of San Diego,1
City Of Salinas,1
City Of Riverside,1
City Of Davis,1
City Of Culver City,1
Children Now,1
Chino Basin Coalition (CBC),1
Chinese Progressive Association (CPA),1
Chinese New Year Cultural Association (CNYCA),1
Chinese New Year Cultural Association,1
Chinese American Council of Sacramento (CACS),1
Children's Partnership,1
Children's Network of San Bernardino County,1
Children's Network Of Solano County,1
Children's Movement of California,1
Children's Law Center of Los Angeles (CLCLA),1
Children's Hospital of Orange County (CHOC),1
Children's Defense Fund-California,1
Children's Defense Fund,1
Children's Center of the Antelope Valley,1
Children'S Network Of Solano County,1
Children'S Health Council,1
Children of Jewish Holocaust Survivors Los Angeles (CJHSLA),1
Children now,1
Chinese for Affirmative Action,1
Christian Church Homes(CCH),1
City Of Corning,1
Chula Vista Elementary School District (CVESD),1
City Of Chino Hills,1
City Of Chico,1
City Of Burbank,1
City Of Buena Park,1
City Of Biggs,1
City Of Bell,1
City Of Atascadero,1
City Of Alameda,1
City OF Thousand Oaks,1
City Heights Community Development Corporation (CHCDC),1
City Clerks Association of California,1
City And County Of San Francisco,1
Citizens For Los Angeles Wildlife,1
Citizens Against Regulatory Excesses (CARE),1
Citizens Advocating For Roblar Rural Quality,1
Cities Association Of Santa Clara County,1
Circulate San Diego,1
Carpet America Recovery Effort,1
"Carol Galante, UC Berkeley - Terner Center for Housing Innovation",1
Carmel River Steelhead Association (CRSA),1
California State Building and Construction Trades Council,1
California State Automobile Assn (CSAA),1
California State Association of Counties,1
California State Association of Counties,1
California State Association of Counties,1
California State Association of California (CSAC),1
"California Sportsman'S Lobby, Inc",1
California Sportsman Lobby,1
"California Sportman's Lobby, Inc",1
California Speech-Language Hearing Association (CSHA),1
California Special Districts Association,1
California Special Districts Association,1
California Special District Association (CSDA),1
California Society of Industrial Medicine and Surgery,1
California Society of Addiction Medicine,1
California Society of Addiction Medicine (CSAM),1
California Society for Respiratory Care (CSRC),1
California Society Of Enrolled Agents,1
California State Automobile Association,1
California State Commanders Veterans Council (CSCVC),1
California Society For Respiratory Care,1
California State Commanders Veterans Council,1
California State Sheriffs' Association,1
California State Sheriff's Association,1
California State Parks Foundation,1
California State Parks Foundation (CSPF),1
California State Park Rangers Association,1
California State Outdoor Advertising Association (CSOAA),1
California State Firefighters Association,1
California State Fire Marshall,1
California State Employees' Association,1
California State Employees' Association,1
California State Employees Association,1
California State Council of the Service Employees International Union (seiu California),1
California State Council of the Service Employees International Union (SEIU California),1
California State Council of the Service Employees International Union,1
California State Council of Service Employees International Union (Seiu California),1
California State Conference of The National Association for the Advancement of Colored People,1
California State Conference of The National Association for The Advancement of Colored People,1
California Society Of Anesthesiologists,1
California Small Brewers Association,1
California State Sheriffs' Association,1
California Railroad Association (CRA),1
California Rail Foundation,1
California Public Utilities Commission (CPUC),1
California Public Parking Association (CPPA),1
California Psychiatric Association,1
California Progressive Alliance (CPA),1
California Professional Firefighters,1
California Professional Firefighters,1
California Product Stewardship Council (CPSC),1
California Product Stewardship Council,1
"California Probation, Parole and Correctional Association",1
California Primary Care Association (CPCA),1
California Pool and spa Association,1
California Police Chiefs' Association,1
California Police Chiefs Association,1
California Podiatric Medical Association,1
California Pharmacists Association,1
California Peace Officers' Association,1
California Rail Industry,1
California Railroad Authority,1
California Service Station and Auto Repair Association (CSSARA),1
California Real Estate Inspection Association,1
California Senior Legislature,1
California Seed Association,1
California Seed Association (CSA),1
California School Nutrition Association (CSNA),1
California School Food Service Association (CSFSA),1
"California School Employees Association, Afl-cio",1
"California Rural Legal Assistance Foundation, Inc.",1
"California Rural Legal Assistance Foundation, INC.",1
California Rural Legal Assistance Foundation,1
California Rifle and Pistol Association,1
California Rifle & Pistol Association (CRPA),1
California Retailers Association,1
California Retailers Association,1
California Retailers Association,1
California Reserve PEace Officers Association,1
California Regional Occupational Centers and Programs (CROCP),1
California Redevelopment Association,1
California State Sheriffs' Association,1
California State Student Association,1
Career Education College (CEC),1
Californians for Patient Care (CPC),1
Californians for Enforcement Reform and Transparency (CERT),1
Californians for Disability Rights (CDR),1
Californians for Adequate School Housing (CASH),1
Californians United for A Responsible Budget,1
Californians United for A Responsible Budget (CURB),1
Californians For Safety And Justice,1
California-Mexico Studies Center,1
California law Revision Commission,1
California law Enforcement Association of Records Supervisors,1
California air Pollution Control Officers Association,1
California Youth Connection,1
California Young Democrats Progressive Caucus,1
California Yimby,1
California Workers' Compensation Interpreters Association (CWCIA),1
California Wool Growers Association,1
California Wool Growers Association (CWGA),1
California Women's law Center,1
Californians for Patient Care,1
Californians for Quality Early Learning (CQEL),1
California Welfare Fraud Investigators Association,1
Californians for Safety and Justice (CSJ),1
Career Education College,1
Care Possible,1
Carbon Cycle Institute,1
Capitola Mobile Home Owners Association,1
Capitol Resource Institute (CRI),1
Capitol Resource Institute,1
Capitol Area Indian Resources (CAIR),1
Cannabis Pharmaceutical Coalition,1
Cannabis Community Foundation,1
Canine Condition,1
Campuses Organized and United for Good Health (COUGH),1
Campuses Organized and United for Good Health,1
Camptonville Academy,1
Campaign for Tobacco-free Kids,1
Campaign For Tobacco-Free Kids,1
Camellia Village Mobil Home Estates,1
Calthorpe Associates,1
California Women'S Law Center,1
California Welfare Fraud Investigators Association (CWFIA),1
California State Student Association,1
California Teamsters Public Affairs Council,1
California Taxpayers' Association,1
California Taxpayers' Association (Cal-TAX),1
California Taxpayers' Association (CTA),1
California Taxpayers' Association,1
California Taxpayers Association,1
California Taxpayers Association,1
California Supported Living Network (CSLN),1
California Student Board Member Association,1
California Student Board Member Association (CSBMA),1
California Student Aid Commission (CSAC),1
California Statewide Law Enforcement Association,1
California State and Association of Counties Excess Insurance Authority,1
California State and Association of Counties,1
"California State University, Monterey Bay President Eduardo Ochoa",1
California State University Employees' Union (CSUEU),1
California State University,1
California State Superintendent of Public Instruction,1
California Teacher Association (CTA),1
California Tenants of the 710 Corridor,1
California Welfare Directors Association,1
California Therapeutic Communities (CTC),1
California Water Association,1
California Warehouse Association (CWA),1
California WIC Association,1
California Veterinary Medical Board,1
California Veterinary Medical Board (CVMB),1
California United for a Responsible Budget,1
California United for a Responsible Budget (CURB),1
California United for A Responsible Budget (CURB),1
California Trout,1
California Tribal Business Alliance,1
California Tribal Business Alliance (CTBA),1
California Travel Parks Association (CTPA),1
California Travel Park Association (CTPA),1
California Travel Industry Association (CTIA),1
California Transportation Commission (CTC),1
California Trade and Commerce,1
California Thoroughbred Breeders Association (CTBA),1
California Association of Nurse Practitioners,1
California Association of Nonprofits,1
California Association of Neurological Surgeons (CANS),1
Amputee Coalition,1
Antelope Valley Committee on Aging,1
Antelope Valley Boys & Girls Club,1
Animals Voice,1
Animal Legislative Action Network (ALAN),1
Animal Blood Bank (ABB),1
And Supports,1
Anaheim Workforce Development Board,1
Amy Hiestad Consulting,1
Amigos de los Rio,1
Association of Community Human Services Agencies (ACHSA),1
Amigos Del Aire Libre,1
American's Health Insurance Plans (AHIP),1
American Subcontractors Association of California (ASAC),1
American Staffing Association (ASA),1
American Sports Institute (ASI),1
American Society on Aging (ASA),1
American Society of Sanitary Engineering (ASSE),1
American Society of Hand Therapists (ASHT),1
Antelope Valley Council on Alcoholism and Drug Dependency,1
Anti-Defamation League,1
Apartment Association Of Orange County,1
Apartment Association of Greater Los Angeles,1
"Arc, California",1
Arc of Riverside,1
Arc and United Cerebral Policy in California,1
Arc and United Cerebral California Collaboration,1
Arc and United Cerebal Palsy California Collaboration,1
Arc & United Cerebral Palsy CA Collaboration,1
Arbor Mobile Home Park,1
Ararat Home of Los Angeles,1
Arabic Cultural Center,1
Appraisal Foundation,1
Applied Research Center,1
Applied Building Science (ABS),1
Applied Building Science,1
Appliance Recycling Centers of America (ARCA),1
Apartment Association of Orange County,1
Apartment Association of Orange County (AAOC),1
Apartment Association of Greater Los Angeles,1
American Society of Civil Engineers (ASCE),1
American Society of Appraisers (ASA),1
American Society for Dermatologic Surgery Association (ASDSA),1
"American Legion, Department of California",1
American Institute of Certified Public Accountants (AICPA),1
"American Institute of Architects, California Counsel (AIACC)",1
"American Institute of Architects, California Counsel",1
"American Institute Of Architects, California Council",1
"American Institute Of Architects, Ca Council",1
American Immigration Lawyers' Association (AILA),1
American Imaging Association (AIA),1
American Homeowners Resource Council (AHRC),1
American Home Furnishings Alliance (AHFA),1
American Heart/American Stroke Association (AHA/ASA),1
American Heart Association/American Stroke Association,1
American GI Forum Of California,1
American G.i. Forum of California,1
American Forest and Paper Association (AFPA),1
American Forest and Paper Association,1
American Financial Services Association (AFSA),1
American Federation of Teachers (AFT),1
American Legion Department of California Chinatown Post 628,1
"American Legion, Dept. of California",1
American Society For The Prevention of Cruelty to Animals,1
American Lung Association in California,1
American Society For The Prevention Of Cruelty To Animals,1
"American Shih Tzu Club, Inc",1
American Relief Agency for the Horn of Africa (ARAHA),1
American Registry of Radiologic Technologists (ARRT),1
American Red Cross California Chapter,1
American Public Works Association (APWA),1
American Psychiatric Association (APA),1
American Preventive Medical Association (APMA),1
American Plasma Users Association,1
American Physical Therapy Association (APTA),1
American Optometric Association (AOA),1
American Optometric Association,1
American Nurses Association/California,1
American Numismatic Association (ANA),1
American Medical Women's Association (AMWA),1
American Medical Student Association (AMSA),1
American Medical Response (AMR),1
Archeological Conservancy,1
Aresis Ensemble INC,1
Argyle Civic Association,1
Association for Unmanned Vehicle Systems International (AUVSI),1
Association for Multidisciplinary Education and Research in Substance Use and Addiction,1
Association for Los Angeles Deputy Sheriffs Association,1
Association for Long Term Existence and Resilience,1
Association for Local Telecommunications Services (ALTS),1
Association for Advanced Life Underwriting,1
Association Of Regional Center Agencies,1
Association Of Northern California Oncologists,1
Association Of Independent California Colleges & Universities (AICCU),1
Association Of Home Appliance Manufacturers,1
Association Of California School Administrators,1
Association Of California Construction Managers,1
Association Of California Community College Administrators,1
Association For Los Angeles Deputy Sheriffs,1
Association California Healthcare Districts (ACHD),1
Association,1
Association,1
Associated Students of the University of California (ASUC),1
Association for Private Postsecondary Education in California (APPEC),1
Association of American Retired Persons,1
Associated Students of West Valley College (ASWVC),1
Association of American University Women (AAUW),1
Association of Claims Professionals (ACP),1
Association of California life & Health Insurance Companies,1
Association of California Water Agencies,1
Association of California Water Agencies (ACWA),1
Association of California Water Agencies (ACWA),1
Association of California Symphony Orchestras (ACSO),1
Association of California School Administrators,1
Association of California School Administrators,1
Association of California School Administrator (ACSA),1
Association of California Life and Health Insurance Companies,1
Association of California Commissions for Women (ACCW),1
Association of California Cities of Orange County,1
Association of California Cities - Orange County,1
Association of California Caregiver Resource Centers (ACCRC),1
Association of CA Water Agencies (ACWA),1
Association of CA Cities - Orange County,1
Association of Black Psychologists,1
Associated Students of the University Of California,1
Associated Students of West Valley College,1
Arms Control Association,1
Asian and Pacific Islander Obesity Prevention Alliance (APIOPA),1
Asian Pacific Islanders for Human Rights (APIHR),1
Asian Pacific Islander School Board Members Association (APISBMA),1
Asian Pacific Islander Legal Outreach (APILO),1
Asian Pacific American Legal Center,1
Asian Law Caucus,1
Asian Law Alliance (ALA),1
Asian Immigrant Women Advocates (AIWA),1
Asian Health Services,1
Asian Health Services (AHS),1
Asian Business Institute and Resource Center (ABIRC),1
Asian Americans for Civil Rights and Equality ( AACRE),1
Asian Americans for Civil Rights & Equality (AACRE),1
Asian Americans Advancing Justice,1
Asian American for Civil Rights & Equality (AACRE),1
Asian American Hotel Owners Association (AAHOA),1
Asian & Pacific Islander American Health Forum (APIAHF),1
Ascenda Capital,1
Asian Pacific State Employees Association (APSEA),1
Aspiranet,1
"Associated Students Of University Of California, Irvine",1
Aspiratnet,1
Associated Students Of The University Of California,1
Associated Students Council,1
Associated General Contractors of California,1
Associated General Contractors of California,1
Associated General Contractors,1
Associated Community Action Program (ACAP),1
Associated California Self Insured Businesses (ACSIB),1
Associated Builders and Contractors Of California,1
Associated Builders and Contractors - Northern California,1
Associated Builders and Contractors - Merit Training Trust Fund,1
Associated Builders and Contractors (ABC),1
Associated Builders And Contractors Of California,1
Assoc. for California Tort Reform (ACTR),1
Asset Policy Initiative of CA (APIC),1
Asset Policy Initiative of CA,1
Assembly Insurance Committee,1
Assembly Democratic Economic Prosperity Team (ADEPT),1
"American Federation of State, County and Municipal Employees (AFSCME)",1
"American Federation of State, County and Municipal Employee (AFSCME)",1
"American Federation of State, County Municipal Employees (AFSCME)",1
African Wildlife Services (AWS),1
African Immigrant and Refugee Resource Center,1
African American Tobacco Control Leadership Council (AATCLC),1
African American Health Institute (AAHI),1
"African American Chamber of Commerce, San Joaquin",1
Afghan American Muslim Outreach (AAMO),1
Affordable Housing NOW- Santa Cruz County,1
Affordable Housing Development Corporation (AHDC),1
Affordable Housing Associates (AHA),1
Affordable Homeless Housing Alternatives (AHHA),1
AfSCME,1
Advocacy Coalition for Long Beach,1
Adventist Health,1
Advanced Vapor Devices (AVD),1
Advanced Energy Economy,1
Adult Skills Center,1
Adult Liberties & Erotic Rights are Threatened (ALERT),1
Adult Entertainment Industry,1
African Wildlife Services,1
Afscme,1
Action for The Climate Emergency (ACE),1
Afscme Local 3299,1
Alameda County Waste Management Authority (ACWMA),1
Alameda County Office of Education,1
Alameda County Office of Education (ACOE),1
Alameda County Office Of Education,1
Alameda County Foster Youth Alliance,1
Alameda County Employees' Retirement Association,1
Alameda County Employees' Retirement Association (ACERA),1
Alameda County Developmental Disability Council,1
Alameda County Court Appointed Special Advocates (ACCASA),1
Alameda County Breastfeeding Task Force,1
Alameda County Board of Supervisors,1
Air Resources Board (ARB),1
Aids Project Los Angeles (APLA),1
Aids Institute,1
Agua Caliente Band Of Cahuilla Indians,1
Agents and Brokers Legislative Council,1
"Aft Guild, Local 1931",1
Administration of Justice,1
Action for Animals,1
Albany Councilmember Rochelle Nelson,1
"AMERICAN FEDERATION OF STATE, COUNTY AND MUNICIPAL EMPLOYEES, AFL-CIO",1
ALS Association - Golden West Chapter,1
ALLIANCE OF CALIFORNIANS FOR COMMUNITY EMPOWERMENT (ACCE) ACTION,1
ALL OF US OR NONE,1
ALAMEDA COUNTY BOARD OF SUPERVISORS,1
AIDs Project Los Angeles,1
AIDS Project Los Angeles,1
AIDS Project Los Angeles,1
"AFSCME, AFl-CIO",1
AARP California,1
AARP,1
A V Ranchos Mobile Home Park,1
A New Way of life,1
A New Way of Life,1
7 Individual Letters,1
5 Gyres Institute,1
"350: Bay Area Action, Conejo San Fernando Valley, and SoCal",1
1HWY1,1
ALTA California Regional Center,1
AMERICAN G.I. FORUM OF CALIFORNIA,1
Action Center on Race and the Economy (ACRE),1
"AMVETS, DEPARTMENT OF CALIFORNIA",1
Action Center on Race and The Economy,1
Act-la,1
Acorn Group,1
Access MediQuip (AM),1
Acceptance Premium Finance Company (APFC),1
Acceptance Premium Finance Company,1
Acce,1
Academy of Managed Care Pharmacy (AMCP),1
Abortion Care Training Incubator for Outstanding Nurse Scholars (ACTIONS),1
Abortion Care Training Incubator for Outstanding Nurse Scholars,1
Abode CommunitiesAffirmed,1
AarP,1
AUDUBON CALIFORNIA,1
ASPCA,1
ASIAN HEALTH SERVICES,1
ASIAN AMERICANS ADVANCING JUSTICE - CALIFORNIA,1
ARC and United Cerebral Palsy,1
Alameda County Water District (ACWD),1
Alcohol and Drug Abuse Prevention Task Force Coalition,1
"American Federation of State, County And Municipal Employees",1
American Coalition of Companies Organized to Reduce Debt,1
American Civil Liberties Union of California Center for Advocacy and Policy,1
American Civil Liberties Union of California (ACLU-CA),1
American Civil Liberties Union California Action,1
American Civil Liberties Coalition,1
American Cancer Society,1
American Cancer Society,1
American Board of Genetic Counseling,1
American Board of Cosmetic Surgery (ABCS),1
American Automobile Association (AAA),1
American Association of University Women-California (AAUW),1
American Association of Retired Persons,1
American Association of People with Disabilities (AAPD),1
American Association of Nurse Practitioners (AANP),1
American Association of Franchisees & Dealers,1
American Association of Blood Banks (AABB),1
American Association for Marriage and Family Therapy-California,1
American Association Of Retired Persons,1
American Civil Liberty Union,1
American Coatings Association (ACA),1
American Assn. of Retired Persons,1
American College of Obstetricians and Gynecologists,1
"American Federation of State, County & Municipal Employees",1
American Federation of State County and Municipal Employees,1
"American Federation of State , County and Municipal Employees (AFSCME)",1
"American Federation of State , County and Municipal Employees",1
American Federation of Labor (AFL),1
American Federation of Labor,1
"American Federation State, County and Municipal Employees (AFSCME)",1
"American Federation State, County Municipal Employees (AFSCME)",1
"American Federation State, County Municipal Employees",1
"American Federation Of State, County And Municipal Employees",1
"American Federation Of State, County And Municipal Employees (AFSCME), AFL-CIO",1
American Federation Of State,1
American Farmland Trust,1
American Council of Engineering Companies - California Chapter,1
American Council for Evangelicals,1
"American College of Obstetrics and Gynecologists, District IX (California)",1
American College of Obstetricians and Gynecologists District,1
American Assn. of Retired Persons (AARP),1
American Arbitration Association (AAA),1
Alianza Latinoamericana por los Derechos de los Inmigrantes,1
Alliance for Managed Care (AMC),1
"Alliance for Language Learners' Integration, Education and Success (ALLIES)",1
Alliance for Children's,1
Alliance for California Computing Education for Students and Schools (ACCESS),1
Alliance for California Computing Education for Students And Schools,1
Alliance for Boys and men of Color,1
Alliance Of Californians for Community Empowerment Action,1
Alliance For a Better Community,1
Alliance For Retail Energy Markets,1
Alliance For Nuclear Responsibility,1
Alliance For Community Transit - Los Angeles,1
Alliance For Boys And Men Of Color,1
Alliance FOR Boys and Men of Color,1
Allergy Station,1
Allen Temple Arms Resident Council,1
All of Us or None,1
All Saints Church Foster care Project,1
Alianza Latinoamericana por los Derechos de los Inmigrantes (ALDI),1
Alliance for Managed Care,1
"Alliance for Reparations, Reconciliation, and Truth (ARRT)",1
"American Academy of Pediatrics, California",1
Alliance for School Boundary Change,1
American Academy Of Pediatrics,1
Amalgamated Transit Union (ATU),1
Alum Rock Counseling Center (ARCC),1
AltaMed Health Services,1
Alta California Regional Center (ACRC),1
Als Association,1
Almond Alliance of California,1
Allied Managed care,1
Alliance to Stop Slavery and End Trafficking (ASSET),1
"Alliance of Special Effects and Pyrotechnic Operators, Inc",1
Alliance of South Asian Taking Action (ASATA),1
Alliance of South Asian Taking Action,1
Alliance of Californians for Community Empowerment (ACCE),1
Alliance of California for Community Empowerment,1
Alliance of American Insurers,1
Alliance for Toxic Free Fire Safety,1
Alliance for Survival,1
Association of Colleges for Tutoring and Learning Assistance,1
Association of Compost Producers (ACP),1
California Association of Museums (CAM),1
Calif. Independent Public Employees Legislative Council (CIPELC),1
California Academy Of Child And Adolescent Psychiatry,1
California Abortion Rights Action League (CARAL),1
California ALS Advocacy Committee (CAAC),1
California ACCESS Coalition,1
California,1
California,1
Calif. State Association of Counties (CSAC),1
Calif. State Association of Counties,1
Calif. Assn. of Professional Scientists (CAPS),1
Association of Deputy District Attorneys,1
Calif. Assn. of Professional Scientists,1
Calfiornia Correctional Peace Officers Association (CCPOA),1
Calaveras County of Association of Realtors,1
Calasian Chamber of Commerce,1
Calabasas Mayor Alicia Weintraub,1
CalWORKs Association's Project SPARC,1
CalTAX,1
CalPace,1
California Academy of Audiology (CAA),1
California Academy of Child And Adolescent Psychiatry,1
California Academy of Child and Adolescent Psychiatry,1
California Academy of Eye Physicians & Surgeons (CAEPS),1
California Alliance Against Domestic Violence,1
California Alarm Association,1
California Alarm Association (CAA),1
California Air Pollution Control Officer's Association (CAPCOA),1
California Agricultural Commissioners and Sealers Association,1
California African American Chamber of Commerce,1
California Affordable Housing Development Association,1
California Advocates of Nursing Home Reform (CANHR),1
California Advocates for Nursing home Reform,1
California Advocates For Nursing Home Reform,1
California Adult Webmasters Association,1
California Academy of Preventive Medicine (CAPM),1
California Academy of Physicians Assistants (CAPA),1
California Academy of Physician Assistants,1
California Academy of Nutrition and Dietetics (CAND),1
California Academy of Nutrition And Dietetics,1
California Academy of Family Physicians,1
CalGuns Foundation,1
Cal FIRE Local 2881,1
Cahdemo Association,1
CITY OF BURBANK,1
CIM Enterprises,1
CHILDREN'S ADVOCACY INSTITUTE,1
CHEMICAL INDUSTRY COUNCIL OF CALIFORNIA,1
CHAM Deliverance Ministry,1
CENTRAL CALIFORNIA ENVIRONMENTAL JUSTICE NETWORK,1
CENTER FOR SUSTAINABLE NEIGHBORHOODS,1
CENTER FOR ENVIRONMENTAL HEALTH,1
CCoMpress,1
CASITA COALITION,1
CASA Pacifica,1
CASA Familiar,1
CALIFORNIANS AGAINST WASTE,1
CALIFORNIANS AGAINST WASTE,1
CALIFORNIA-HAWAII STATE CONFERENCE OF THE NAACP,1
CALIFORNIA WATER ASSOCIATION,1
CALIFORNIA STATE COMMANDERS VETERANS COUNCIL,1
CALIFORNIA RESOURCE RECOVERY ASSOCIATION,1
CITY OF,1
CITY OF CAMARILLO,1
Cabrillo Economic Development Corporation (CEDC),1
CITY OF IRWINDALE,1
CSU Project Rebound Consortium,1
CSAC Excess Insurance Authority,1
CSAC Excess Insurance Authority (CEIA),1
CS Forward,1
CROP Organization,1
COURAGE CAMPAIGN,1
COUNTY OF SANTA CRUZ,1
COUNTY OF SAN BERNARDINO,1
COUNTY OF RIVERSIDE,1
COUNTY OF DEL NORTE,1
CONSUMER HEALTHCARE PRODUCTS ASSOCIATION,1
CONSUMER FEDERATION OF CALIFORNIA,1
CONSUMER ATTORNEYS OF CALIFORNIA,1
COMMUNITY WATER CENTER,1
CIVICWELL,1
CITY OF THOUSAND OAKS,1
CITY OF LAKE ELSINORE,1
California Alliance Against Domestic Violence,1
California Alliance For Consumer,1
California Alliance For Consumer Protection (CACP),1
California Association of Health Facilities,1
California Association of Environmental Health Administrators (CAEHA),1
California Association of Environmental Health Administrators (CAEHA),1
California Association of Dispensing Opticians (CADO),1
California Association of Crime Lab Directors (CACLD),1
California Association of County Veterans Service Officers,1
California Association of County Veteran Service Officers,1
California Association of County Drug Program Administrators (CACDPA),1
California Association of Clerks and Elections Officials (CACEO),1
California Association of Clerks & Elections Officials (CACEO),1
California Association of Bed and Breakfast Inns (CABBI),1
California Association of Adult Day Services (CAADS),1
California Association for Nursing Home Reform (CANHR),1
California Association for Micro Enterprise Opportunity (Cameo),1
California Association for Medical,1
California Association for Local Economic Development (Caled),1
"California Association for Health, Physical Education, Recreation and Dance",1
California Association for Health Services at Home,1
California Association of Family Empowerment Centers (CAFEC),1
California Association of Highway Patrolmen,1
California Association Of Resource Conservation Districts,1
California Association of Homes & Services for the Aging (CAHSA),1
California Association of Mental Health Patients' Rights Advocates,1
California Association of Medical Products Suppliers (CAMPS),1
California Association of Medical Laboratory Technology (CAMLT),1
California Association of Long Term Care Medicine (CALTCM),1
California Association of Local Conservation Corps,1
California Association of Local Agency Formation Commissions,1
California Association of Licensed Investigators,1
California Association of Legal Document Assistants (CALDA),1
California Association of Leaders of Career Preparation (CALCP),1
California Association of Joint Powers Authorities (CJPA),1
California Association of Independent Accountants (CAIA),1
California Association of Human Relations Organizations (CAHRO),1
California Association of Housing Authorities (CAHA),1
California Association of Hospitals and Health Systems,1
California Association of Hospitals And Health Systems,1
California Association of Homes for the Aging (CAHA),1
California Association of Homes and Services for the Aging,1
California Association Of School Business Officials (CASBO),1
California Association Of Regional Occupational Centers And Programs,1
California Alliance For Retired Americans (CARA),1
California Assisted Living Association,1
California Asian American Professional Society (CAAPS),1
California Asian American Professional Society,1
California Artisanal Distiller Guild (CADG),1
California Aquaculture Association (CAA),1
California Applicants' Attorneys Association,1
California Applicants Attorneys' Association (CAAA),1
California Applicant's Attorney Association (CAAA),1
California Apartment Association,1
California Animal Control Directors Association (CACDA),1
California Animal Association (CAA),1
California Alliance of Child and Family Services (CACFS),1
California Alliance for the Mentally Ill,1
California Alliance for Youth and Community Justice (CAYCJ),1
California Alliance for Retired Americans,1
California Alliance for Inclusive Communities (CAIC),1
California Alliance Of Caregivers,1
California Alliance For the Mentally Ill,1
California Asian Pacific Chamber Of Commerce,1
California Assoc. of Mental Health Peer Run Organizations,1
"California Association Of Public Administrators, Public Guardians And Public Conservators",1
California Association For Local Economic Development,1
California Association Of Professional Scientists,1
California Association Of Private School Organizations,1
California Association Of Nonprofits,1
California Association Of Micro Enterprise Opportunity,1
California Association Of Marriage And Family Therapists,1
California Association Of Local Conservation Corps,1
California Association Of Local Agency Formation Commissions,1
California Association Of Licensed Investigators,1
California Association Of Housing Authorities,1
California Association Of Hospitals And Health Systems,1
California Association Of Highway Patrolmen,1
California Association Of Health Underwriters,1
California Association Of Health Facilities,1
California Association Of Environmental Health Administrators,1
California Association Of Councils of Government,1
California Association For Nurse Practitioners,1
California Association For Medical Laboratory Technology,1
CALIFORNIA REFUSE RECYCLING COUNCIL,1
CALIFORNIA PRODUCT STEWARDSHIP COUNCIL,1
CALIFORNIA NATIVE PLANT SOCIETY,1
Bedford Center,1
Bayview/Hunters Point Community Legal,1
Bay Area Water Supply and Conservation Agency (BAWSCA),1
Bay Area Regional Health Inequities Initiative (BARHII),1
Bay Area Open Carry Movement,1
Bay Area Council,1
Bay Area Council,1
Bay Area Council,1
Bay Area Clean Water Agencies (BACWA),1
Bay Area Bioscience Education Community (BABEC),1
Bay Area Addiction Research and Treatment (BAART),1
Bay Area Addiction Recovery Treatment (BAART),1
Bay Area Addiction Recovery Treatment,1
Battered Women's Alternatives (BWA),1
Barona Band of Mission Indians,1
Balloon Council,1
Bal Trailer Court,1
Bail Project,1
Beachwood Mobile Home Park,1
Belmont Shores Mobile Estates,1
BLACK WOMEN FOR WELLNESS,1
Belvedere Residents for Intelligent Growth,1
Black Community Clergy & Labor Alliance,1
Black Caucus of California Community Colleges,1
Bizfed,1
Biomass Coordinating Council (BCC),1
Bill Wilson Center,1
Big Sur Land Trust (BSLT),1
Big Sur Community Emergency Response Team (BSCERT),1
Beverly Hills Bar Association,1
Bet Tzedek,1
"Bessire and Casenhiser, INC",1
Berkeley Rent Stabilization Program,1
Berkeley Needle Exchange Emergency Distribution (Berkeley NEED),1
Berkeley Councilmember Rigel Robinson,1
Berkeley Councilmember Lori Droste,1
Berkeley Baby Book Project,1
Bend the Arc: Jewish Action,1
Bend the ARC: Jewish Action,1
BUILD,1
BIPOC Student Midwives Fund,1
Black Veterans Empowerment Council,1
Association of Settlement Companies,1
Association of Regional Centers Agencies (ARCA),1
Association of Pupil Services and Attendance Counselors (APSAC),1
Association of People Supporting EmploymentFirst (APSE),1
Association of Los Angeles Deputy Sheriffs,1
Association of Latin American Gardeners of Los Angeles (ALAGLA),1
Association of Irritated Residents (AIR),1
Association of International Automobile Manufacturers (AIAM),1
Association of Independent California Colleges and Universities,1
Association of Independent California Colleges & Universities,1
Association of General Contractors of America,1
Association of Financial Guaranty Insurers (AFGI),1
Association of Financial Guaranty Insurers,1
Association of Financial Development Corporation,1
Association of Family Conciliation Courts (AFCC),1
Association of Family & Conciliation Courts (AFCC),1
Association of Family & Conciliation Courts,1
Association of Diabetes Care and Education Specialists,1
Association of Rural Northern California Energy Providers,1
Association of Unmanned Vehicle Systems International (AUVSI),1
BET TZEDEK,1
Association of Veterinarians for Animal Rights (AVAR),1
Aypal,1
Awareness,1
Avanti Foundation,1
Automotive Oil Change Association (AOCA),1
Automobile Club of Southern California,1
Automobile Club Of Southern California,1
Autistic Self Advocacy Network (ASAN),1
Autism Society of Los Angeles (ASLA),1
Aura Seating,1
Audubon Center At Debs Park,1
Audubon California,1
Attorney Generalos Office,1
Attorney General's Office,1
Attorney General,1
Atrium,1
Asthma Coalition Of Los Angeles County,1
"Association of the United States Army, Northern California",1
Black Organizing Project,1
Black Women for Wellness,1
CALIFORNIA MANUFACTURES & TECHNOLOGY ASSOCIATION,1
CA State Horsemen's Association,1
CA Senior Legislature (CSL),1
CA School Employees Association (CSEA),1
CA Refuse Recycling Council (CRRC),1
CA Refuse Recycling Council,1
CA Public Defenders Association (CPDA),1
CA League for Environmental Enforcement Now (CLEEN),1
CA League for Environmental Enforcement Now,1
CA Land Title Association (CLTA),1
CA Dispute Resolution Council (CDRC),1
CA Communities Against Toxics,1
CA Association of School Business Officials (CASBO),1
CA Association of Realtors (CAR),1
CA Association of Highway Patrolmen (CAHP),1
CA Assoc. of Realtors (CAR),1
"CA Assoc. for Health, Physical Education, Recreation & Dance (CAHPERD)",1
CA Assn. of Professional Scientists (CAPS),1
CA Assn. of Professional Scientists,1
CA Southwest Legislative Council,1
CA WIC Association (CWA),1
Butte Countywide Homeless Continuum of Care,1
CA Waste & Recycling Association,1
CALIFORNIA MANUFACTURERS AND TECHNOLOGY ASSOCIATION,1
"CALIFORNIA LABOR FEDERATION, AFL-CIO",1
CALIFORNIA INSTITUTE FOR RURAL STUDIES,1
CALIFORNIA INDEPENDENT PETROLEUM ASSOCIATION,1
CALIFORNIA HEALTHY NAIL SALON COLLABORATIVE,1
CALIFORNIA ENVIRONMENTAL JUSTICE ALLIANCE,1
CALIFORNIA COASTKEEPER ALLIANCE,1
CALIFORNIA BUSINESS PROPERTIES ASSOCIATION,1
CALIFORNIA BUSINESS INDUSTRY ASSOCIATION,1
CALIFORNIA AUTOBODY ASSOCIATION,1
CALIFORNIA ASSOCIATION OF SANITATION AGENCIES,1
CALIFORNIA ASSOCIATION OF COUNTY VETERANS SERVICE OFFICERS,1
CALAsian Chamber of Commerce,1
CAL Fire Local 2881,1
CAL Fire Local 2881,1
CAL Asian Chamber of Commerce,1
CA Waste & Recycling Association (CWRA),1
C.o.o.k. Alliance,1
Business Roundtable for Education Foundation,1
Blaydes & Associates,1
Boys & Girls Clubs of Capistrano Valley,1
Border Terrier Club of the Redwoods,1
Bob Wilson Center,1
Bob Bader Company,1
"Board of Supervisors, Placer County",1
"Board of Supervisors, Alpine County",1
Board of Governors of the State Bar of California,1
Board of Funeral Directors and Embalmers (BFDE),1
Board of Behavioral Sciences (BBS),1
Board of Behavioral Science Examiners (BBSE),1
"Board for Professional Engineers, Land Surveyors, and Geologists",1
Board for Professional Engineers and Land Surveyors (BPELS),1
Board Of Equalization,1
Board Of Behavioral Sciences,1
Blue star moms,1
Blue Shield of California (BSC),1
Blue Shield of California,1
Blood Centers of California (BCC),1
Boulders At The Lake MHP,1
Boys & Girls Clubs of Metro Los Angeles,1
Bureau of State Audits,1
Branson School,1
Burbank Water and Power (BWP),1
Building Owners And Managers Association of California,1
Building Owners And Managers Association Of California,1
Building Industry Association Riverside County Chapter,1
"Building Industry Assoc. of Southern CA, Baldy View Chapter",1
Building Industry Assoc. of San Diego,1
Building Industry Assoc. of Orange County,1
Building Industry Assoc. - Los Angeles/Ventura Chapter,1
Building Decarbonization Coalition (BDC),1
Build Futures,1
Broadway League,1
British Government,1
Brilliant Corners,1
Brilliant,1
Brentwood Housing and Environmental Coalition,1
Breast Cancer fund,1
Brawley,1
"City of Carson, Councilman Mike A. Gipson",1
City of Covina,1
Pacoima Community Housing Corporation,1
LeadingAge California (LC),1
League of California Cities Riverside County Division,1
League of California Cities,1
League of California Cities,1
League of California Cities,1
League of California Cities,1
League of California Cities,1
League Of Women Voters Of California,1
League,1
Leadership for Urban Renewal Network (LURN),1
LISC San Diego,1
Leadership Counsel for Justice and Accountability,1
Leadership Counsel For Justice & Accountability,1
Leadership Council for Justice and Accountability,1
Leadership Council for Justice and Accountability,1
"Leaders for Ethics, Animals, and The Planet",1
Lawyers' Committee for Civil Rights of the San Francisco Bay Area,1
Lawyers' Committee For Civil Rights of the San Francisco Bay Area,1
Lawyers Committee for Civil Rights of the San Francisco Bay area,1
League of Cities,1
League of United Latin Americans Citizens,1
League of United Latin Americans Citizens (LULAC),1
League of Women Voters,1
Legal Services for Prisoner With Children,1
Legal Services for Children (LSC),1
Legal Services For Prisoners with Children (LSPC),1
Legal Services For Prisoners with Children,1
Legal Community Against Violence (LCAV),1
Legal Cannabis For Consumer Safety,1
Legal Aid Society - Employment Law Center (LAS-ELC),1
Legal Aid Society - Employment Law Center (LAS-ELC),1
Legal Aid Society - Employment Law Center,1
Legal Aid Foundation of Los Angeles,1
Legal Aid Foundation Of Los Angeles,1
Legal Advocates for Children and Youth (LACY),1
Legal Advocates for Children & Youth (LACY),1
Ledford Enterprises (LE),1
Learning Experience Corp,1
Learning Choice Academy,1
League of Women Voters of Palo Alto,1
Lawyers Committee For Civil Rights of The San Francisco Bay Area,1
Law Offices of Lurie and Zepeda,1
Law Offices of Edward H. Cross & Associates,1
Las Virgenes Municipal Water District (LVMWD),1
Laogai Research Foundation,1
Land Trust of Santa Cruz,1
Lamplighter Mobile Home Park,1
Lakehills Estates,1
Lake Los Serranos Company,1
Laguna Woods Village YIMBY,1
Lactation Advocates of Northern California (LANC),1
"Labor & Community Studies Department, City College of San Francisco",1
Laane (Los Angeles Alliance for A New Economy),1
La Voice,1
La Puente City Councilmember Dan Holloway,1
La Mesa Councilmember Colin Parent,1
La Forward,1
La Conservation Corps,1
La Colectiva de Mujeres,1
LUTHERAN OFFICE OF PUBLIC POLICY - CALIFORNIA,1
"LOS ANGELES COUNTY DIVISION, LEAGUE OF CALIFORNIA CITIES",1
Las Virgenes Municipal Water District,1
Last Chance for Animals (LCA),1
Law Offices of Dale S. Wilson,1
Latina Center,1
Law Foundation of Silicon Valley,1
Law Enforcement Management Association,1
Law Enforcement Chaplaincy-Sacramento,1
Law Enforcement Against Prohibition (Leap),1
Law Enforcement Accountability Network (LEAN),1
Lavender Youth Recreation and Information Center (LYRIC),1
Latinos United for Clean Air (LUCA),1
Latino Social Workers Organization (LSWO),1
Latino Social Workers Organization,1
Latino Education and Advocacy Days,1
Latino Council of Marin (LCM),1
Latino Coalition for a Healthy California (LCHC),1
Latino Coalition for a Healthy California,1
Latino Coalition for a Health California (LCHC),1
Latino Coalition for A Health California,1
Latino Business Chamber of Greater Los Angeles (LBCGLA),1
Latino Arts Network of California,1
Legion of,1
Legislative Action Coalition For Arts Education,1
Legislative Analyst Office,1
Los Angeles School Police Management Association (LASPMA),1
Los Angeles Regional ReEntry Partnership,1
"Los Angeles Probation Officers' Union, AFSCME Local 685",1
Los Angeles Poverty Department (LAPD),1
Los Angeles Police Protective League,1
Los Angeles Painting & Finishing Contractors Association (LAPFCA),1
Los Angeles Neighborhood Initiative (LANI),1
Los Angeles LGBT Center,1
Los Angeles Gay & Lesbian Chamber of Commerce (LAGLCC),1
Los Angeles Foundation for the Circus Arts,1
Los Angeles Division League of Cities,1
Los Angeles District Attorney,1
"Los Angeles Dependency Lawyers, Inc.",1
Los Angeles County Regional Broadband Consortium,1
Los Angeles County Professional Peace Officers Association (LACPPOA),1
Los Angeles County Probation Officers Union AFSCME Local 685,1
Los Angeles County Federation of Labor,1
"Los Angeles County Division, League of California Cities",1
Los Angeles Regional Reentry Partnership,1
Los Angeles Tenant Union,1
Los Angeles County Business Federation (BizFed),1
Los Angeles Tenants Union - Networking Team,1
Maintenance Cooperation Trust Fund,1
Macrebur Limited,1
MHaction,1
MBIA MuniServices Company (MMC),1
Lynch Foundation For Children,1
Lutheran Office of Public Policy,1
Lumber Association of California and Nevada,1
Lumber Association of California Nevada (LACN),1
Lumber Association of California Nevada,1
Low Income Investment Fund (LIIF),1
Los Padres Forestwatch,1
Los Casas Homeowners Association,1
Los Angeles area Chamber of Commerce,1
Los Angeles Worker Advocates Coalition (LAWAC),1
Los Angeles Waterkeeper (LAW),1
Los Angeles Universal Preschool (LAUP),1
Los Angeles Trust For Children's Health,1
Los Angeles County Division of The League of California Cities,1
Los Angeles County Business Federation (BIZ-FED),1
Leisure Lake Mobile Estates,1
Long Beach City College (LBCC),1
LoS Angeles County Office of Education,1
Little Tokyo Service Center (LTSC),1
Little Hoover Commission,1
Little Hoover Commission,1
Lisc San Diego,1
Lighthouse Group,1
"Lighter Association, Inc",1
"Lighter Association, INC",1
LifeSTEPS,1
Life Raft Group,1
Life Insurance Settlement Association (LISA),1
Life After Uncivil Ruthless Acts (LAURA),1
Licensed Adult Residential Care Association (LARCA),1
Licensed Adult Residential Care Association,1
Liberty Mutual Group (LMG),1
LiUNA Locals 777 & 792,1
Lesbian & Gay Men's Community Center of San Diego,1
Lompoc Valley Association of Realtors,1
Long Beach Gay & Lesbian Chamber of Commerce (LBGLCC),1
Los Angeles County Board of Supervisors,1
Long Beach Immigrant Rights Coalition,1
Los Angeles County Asian American Employees Association (LACAAEA),1
Los Angeles County,1
Los Angeles County,1
Los Angeles Conservation Corps (LACC),1
Los Angeles Community College District,1
Los Angeles Community College District,1
Los Angeles Community Action Network (LACAN),1
Los Angeles Commission on Assaults Against Women (LACAAW),1
Los Angeles Center for Community Law and Action,1
Los Angeles Area Chamber of Commerce,1
Los Angeles Annenberg Metropolitan Project (LAAMP),1
Los Angeles Animal Services (LAAS),1
Los Angeles Alliance for a new Economy,1
Los Angeles Alliance for a New Economy,1
Los Angeles Airport Peace Officers Association (LAAPOA),1
Los Amigos Mobile Home Park,1
Longfin Tackle Store,1
LOS ANGELES ALLIANCE FOR A NEW ECONOMY,1
LGBTQ Community Center of the Desert,1
"City of East Palo Alto, Housing Services Department",1
Insurance Services Office (ISO),1
International Association of Color Manufacturers (IACM),1
International Association for Financial Planning (IAFP),1
International Association for Financial Planning,1
International Animal Welfare Alliance (IAWA),1
International Alliance of Theatrical State Employees Local 80,1
International Alliance of Theatrical Stage Employees (IATSE),1
Interior Design Society,1
Interactive Digital Software Association (IDSA),1
Institute for the Building Envelope,1
LGBTQ Community Center of The Desert,1
Institute for Socio-Economic Justice and Progressive Community,1
Institute for Rural Psychedelic Care,1
Institute for Market Transformation (IMT),1
Institute for Justice,1
Institute for Human and Social Development (IHSD),1
Institute for College Access and Success (TICAS),1
Institute for Behavioral Training (IBT),1
Institute For Fisheries Resources,1
International Association of Financial Planning,1
International Association of Financial Planning (IAFP),1
International Association of Plumbing and Mechanical Officials (IAPMO),1
International Brotherhood OF Electrical Workers,1
International Union Of Elevator Constructors,1
International Union OF Elevator Constructors,1
International Physicians for the Prevention of Nuclear War (IPPNW),1
International Physicians for the Prevention of Nuclear War,1
International Myeloma Foundation (IMF),1
International Longshore & Warehouse Union (ILWU),1
International Longshore & Warehouse Union,1
International League of Antiquarian Booksellers (ILAB),1
International Interior Design Association (IIDA),1
"International Health, Racquet and Sportsclub Association (IHRSA)",1
International Health Racquet and Sportsclub Association (IHRSA),1
International Health Racquet and Sportsclub Association,1
International Federation of Professional and Technical Engineers (IFPTE),1
International Federation of Professional & Technical Engineers (IFPTE),1
International Dairy Foods Association (IDFA),1
International Business Lists (IBL),1
International Brotherhood Of Electrical Workers Local Union 569,1
Insolvency Law Committee of the Business Law Section of the State Bar of California,1
Insight Center for Community Economic Development,1
Inland Valleys Association of Relators,1
Inclusion Collaborative,1
Imperial Valley Economic Development Corporation (IVEDC),1
Imperial Mexicali Binational Alliance (IMBA),1
Imperial Manor Mobile Home Community,1
Immunize LA Kids Coalition,1
Immigration Center for Women and Children (ICWC),1
Immigrant Legal Resource Center,1
Ikar,1
Icon,1
Ibew Local Union 569,1
IKAR,1
ICON Community Development Corporation,1
Huntington Harbor Village,1
Hunger Action Los Angeles (HALA),1
Hunger Action Los Angeles,1
Humboldt County Transition age Youth Collaboration,1
Humboldt County Conservation Action,1
Humboldt County Board Of Supervisors,1
Imperial Village MHP,1
Inclusive Action for the City,1
Inland Empire Economic Partnership (Ieep),1
Independent California Colleges Advocate Program (ICCAP),1
Inland Empire Disposal Association (IEDA),1
Inland Empire Concerned African American Churches (IECAAC),1
Inland Empire African American Chamber of Commerce (IEAACC),1
Inland Coalition For Immigrant Justice,1
Inkwell Theater,1
Inglewood Residents Against Takings and Evictions (IRATE),1
Information Technology Alliance for Public Sector (ITAPS),1
Industry Council for Tangible Assets (ICTA),1
Indie-Activists,1
Independent Toxicology Services (ITS),1
Independent Private Schools of California (IPSC),1
Independent Organization of Little Caesar Franchisees (IOLCF),1
Independent Organization of Little Caesar Franchisees,1
Independent Online Booksellers Association (IOBA),1
Independent Living Services of Northern California (ILSNC),1
Independent Living Resource Center San Francisco (ILRCSF),1
Independent Living Center of Southern California (ILCSC),1
International Union of Elevator Constructors (IUEC),1
International Union of Operating Engineers,1
International Union of Operating Engineers (IUOE),1
Korean Immigrant Workers Advocates (KIWA),1
Korean American Coalition (KAC),1
Korean American Bar Association of Northern California (KABANC),1
Klabin Company,1
Kings River Conservation District (KRCD),1
King Energy,1
"Kern, Inyo, and Mono Counties Central Labor Council",1
Kern Economic Development Corporation (KEDC),1
Kern County Water Agency (KCWA),1
Kern County Water Agency,1
Kern County Superintendent of Schools,1
Kern County Homeless Collaborative (KCHC),1
Kern County Board Of Supervisors,1
Kern Community College District (KCCD),1
Kern Citizens for Energy (KCE),1
Kentwood Neighbors,1
Keep A Breast Foundation,1
"Kate Meis, Executive Director, Local Government Commission",1
Korean Churches for Community Development (KCCD),1
Korean Resource Center (KRC),1
"Karen Chapple, Professor, UC Berkeley - City & Regional Planning",1
Koreatown Immigrant Workers,1
LEAGUE OF CITIES,1
LEADERSHIP COUNSEL FOR JUSTICE AND ACCOUNTABILITY,1
LEADERSHIP COUNSEL FOR JUSTICE AND ACCOUNTABILITY,1
LAS VIRGENES MUNICIPAL WATER DISTRICT,1
LAMDA Letters Project,1
LAANE (los Angeles Alliance for A New Economy),1
LAANE (Los Angeles Alliance For A New Economy),1
LA-MAS,1
LA Mirada,1
LA Cooperative Campesina De California,1
LA Cooperativa Campesina De California,1
L.A. for Choice,1
L.A. Human Right to Housing Collective,1
L.A Family Housing,1
Krista,1
Koreatown Youth & Community Center (KYCC),1
Koreatown Immigrant Workers Alliance,1
Karmic Action Redistribution Management Agency (KARMA),1
Kaiser Permanente (KP),1
"International Union of Operating Engineers, CAL-Nevada Conference",1
Jewish American Affairs Committee of Indiana (JAACI),1
Jefferson Economic Development Institute (JEDI),1
"Japanese American Citizens League, Marin County Chapter",1
JaneUnchained,1
"JERICHO, a Voice for Justice",1
"J & C Management, INC",1
Ivy Group,1
Issues and Solutions,1
Israel Peace Initiative (IPI),1
Israel Christian Nexus,1
Irvine Ranch Water District (IRWD),1
Inyo Mono Advocates for Community Action,1
Investment Property Group (IPG),1
Investment Company Institute (ICI),1
Internet Service Providers Consortium (ISPC),1
International Union of Painters & Allied Trades (IUPAT),1
"International Union of Operating Engineers, Cal-Nevada Conference",1
"International Union of Operating Engineers, CAL-Nevada Conference",1
Jericho: A Voice For Justice,1
Jewish Family Service Of Los Angeles,1
Kaiser Permanente,1
Jewish Vocational Service (JVS),1
"KDI Elements, Palm Desert",1
KARUK TRIBE,1
Juvenile Justice Project,1
Juvenile Courts Bar Association (JCBA),1
Juvenile Court Judges of California,1
Justice and Reconciliation Project,1
"Junior League of Orange County, California, INC",1
June Burnett Institute,1
Judicial Council of California,1
Joshua Tree Gateway Association of Realtors,1
Johns Hopkins Center for a Livable Future,1
Johns Hopkins Center For A Livable Future,1
John L. Burton Advocates for Youth,1
John C. Fremont Healthcare District (JCFHD),1
John Burton Foundation For Children Without Homes,1
John Burton Advocates for Youth (JBAY),1
Jobs to Move America,1
Maintenance Cooperation Trust Fund,1
Major League Baseball (MLB),1
Major League Soccer (MLS),1
Nonprofit and Unincorporated Organizations Committee of the Business,1
North Coast Stream Flow Coalition,1
North Coast Opportunities (NCO),1
North Bay Leadership Council,1
North American Council on Adoptable Children,1
Norris George & Ostrow PLLC,1
Norcal Rental Property Association,1
Nor Cal Regional Property Association,1
Nor Cal Carpenters Union,1
Nonprofit Housing Association of Northern California [SPONSOR,1
Major League Soccer Players Union (MLSPU),1
Nonprofit Housing Association of North America,1
Non-Profit Housing Association of Northern California,1
Non-Profit Housing Association Of Northern California (Nph),1
Non Toxic Revolution,1
"Nobell Energy Solutions, LLC",1
No Wall on the Waterfront,1
Nisei Farmers League (NFL),1
Nextgen Marin,1
North County Transit District (NCTD),1
North Leadership Council,1
North Orange County Legislative Alliance (NOCLA),1
North San Luis Obispo County Association of Realtors,1
Oak Tree Ranch,1
ORANGE COUNTY SANITATION DISTRICT,1
ONYX Architects,1
OLDER Women's League of California,1
OLDER WOMEN'S LEAGUE,1
OCEANA,1
OBSERVER Media Group,1
Novato Community of Christ,1
Northwest Coalition for Alternatives to Pesticides (NCAP),1
Northern California Recycling Association,1
Northern California Power Authority (NCPA),1
Northern California Power Association (NCPA),1
Northern California Marine Association (NCMA),1
Northern California Latin Business Association (NCLBA),1
Northern California Cities Self Insurance Fund (NCCSIF),1
NorthCoast Environmental Center,1
North Westdale Neighborhood Association,1
Nextgen California,1
NextGen Marin,1
NewStart Housing Corporation,1
National Ski Areas Association (NSAA),1
National Rifle Association,1
National Rifle Association,1
National Payroll Reporting Consortium (NPRC),1
National Panic/Anxiety Disorder Newsletter,1
National Organization For Women (NOW),1
National Nutritional Foods Association (NNFA),1
National Law Center on Homelessness and Poverty,1
National Kidney Foundation of Northern,1
National Insurance Crime Bureau (NICB),1
National Independent Practice Association Coalition (NIPAC),1
National Humane Education Society,1
National Hot Rod Association (NHRA),1
National Hockey League Players Association (NHLPA),1
National Hockey League (NHL),1
National Health Law Program (NHLP),1
National Guard Association of California,1
National Gay and Lesbian Task Force (NGLTF),1
National Shooting Sports Foundation (NSSF),1
National Small Business Advocacy Council (NSBAC),1
New York Life (NYL),1
National Thoroughbred Racing Association (NTRA),1
New Energy Ventures (NEV),1
New Conservatory Theatre Center,1
New American Theatre,1
Nevada California Indian Housing Association,1
Network of Ethnic Physician Organizations (NEPO),1
Network,1
Nelson\Nygaard Consulting Associates,1
NeighborWorks Orange County,1
Neighbor Market Association,1
Nature Conservancy,1
Natural Resources Defense Counsel (NRDC),1
Natural Resource Defense Council (NRDC),1
Natural Resource Defense Council,1
Native American Environmental Protection Coalition,1
National Youth Law Center,1
National Veteran Business Development Council (NVBDC),1
National Tour Association (NTA),1
Oakland Chamber Of Commerce,1
Oakland Fund for Public Innovation,1
Oakland Fund for Public Innovation (OFPI),1
POLICYLINK,1
PICO California,1
PHYSICIANS FOR SOCIAL RESPONSIBILITY - SAN FRANCISCO BAY AREA CHAPTER,1
"PHTRE, LP",1
PEOPLE ACTING IN COMMUNITY TOGETHER,1
PATH (People Assisting the Homeless),1
PATH (People Assisting The Homeless),1
PAPARAZZI Reform Initiative,1
"PACT: People Acting in Community Together, Santa Clara County",1
Outdoor Sportsmen's Coalition of California (OSCC),1
Outdoor Sportsmen's Coalition Of California,1
Outdoor Sportsmen'S Coalition Of California,1
Outdoor Industry Association (Oia),1
Osteopathic Physicians and Surgeons of California,1
Osteopathic Medical Board of California (OMBC),1
Oroville Association of REALTORS,1
Organization of Smud Employees,1
Organization of SMUD Employees,1
PLAN,1
PROSECUTORS ALLIANCE CALIFORNIA,1
Orange County Transportation Authority,1
PUBLIC HEALTH JUSTICE COLLECTIVE,1
Packet Clearing House (PCH),1
Pacific Unified School District,1
Pacific Meadows,1
Pacific Juvenile Defense Center (PJDC),1
Pacific Isle Environment Reserve (PIER),1
Pacific Islander Health Partnership (PIHP),1
Pacific Institute for Community Organization California,1
Pacific Institute for Community Organization,1
Pacific Housing West LLC - Pachousing.com,1
Pacific Community Ventures (PCV),1
Pacific Coast Quarter Horse Racing Association,1
Pacific Coast Federation Of Fishermen's Associations,1
Pacific Business Group On Health,1
Pacific Association of Domestic Insurers Companies,1
Pacific Association Of Domestic Insurance Companies,1
PURE 1 Organization,1
PUEBLO UNIDO CDC,1
Organic Consumers Association (OCA),1
Orange County Superior Court Reporters Association (OCSCRA),1
Oakland Metropolitan Chamber Of Commerce,1
Office of the State Long-term Care Ombudsman,1
Office of the Attorney General,1
Office of The State Long-Term Care Ombudsman,1
Office of Statewide Health Planning and Development,1
Office of Statewide Health Planning and Development (OSHPD),1
Office of Real Estate Appraisers (OREA),1
Office of Kat Taylor,1
Office of Environmental Health Hazard Assessment (OEHHA),1
Office Of Ratepayer Advocates (ORA),1
Off Road Business Association (ORBA),1
Oceanic Preservation Society (OPS),1
Oceana,1
Ocean Conservancy,1
Occupy Venice,1
Occupy Sacramento,1
Occupy Orange County,1
Oakland/Berkeley Association of Realtors,1
Oakland Unite,1
"Office of the External Affairs Vice President of the Associated Students of the University of California, Davis",1
Office42 Architecture,1
Orange County Poverty Alleviation Coalition,1
Ojai Valley Estates,1
Orange County People for Animals (OCPA),1
Orange County Local Agency Formation Commission,1
Orange County Food Access Coalition (OCFAC),1
Orange County Fire Authority,1
Orange County Employees' Association,1
Orange County Department of Education (OCDE),1
Orange County Congregation Community Organization (OCCCO),1
Orange County Board of Supervisors,1
Orange County Auto Dealers Association (OCADA),1
Orange Coast/Newport Beach Association of Realtors,1
Open Space Authority Santa Clara Valley,1
Open Fist Theatre Company,1
"On-Line Traffic School, Inc",1
On LOK Senior Health Services,1
Olivenhain Municipal Water District (OMWD),1
Olive Lane Mobile Estates,1
Older Women's League of California,1
National Gay & Lesbian Chamber of Commerce (NGLCC),1
National Fuel Cell Research Center (NFCRC),1
National Football League (NFL),1
Mono County Board Of Supervisors,1
Money Services Round Table,1
Modified Motorcycle Association (MMA),1
Modesto Irrigation District,1
Mobilize the Immigrant Vote (MIV),1
Mobilehome Parks Alliance (MPA),1
Mission Mobile Manor,1
MiraMar Mobilehome Community HomeOwners Association (Oceanside),1
Milk Producers Council,1
Midpeninsula Regional Open Space District,1
Midpen Housing Corporation,1
Middle East Political and Information Network (MEPIN),1
Mid-Peninsula Regional Open Space District (MROSD),1
"Michael Rubio, Kern County Board of Supervisors",1
Mexican Cancer Society,1
Mexican American Political Association (MAPA),1
Mexican American Legal Defense and Education fund (MALDEF),1
Mexican American Legal Defense And Educational Fund (MALDEF),1
Money Store,1
Monterey Bay Aquarium,1
Mexican American Legal Defense & Education Fund (MALDEF),1
Monterey County Association of REALTORS,1
Mothers of East Los Angeles (MELA),1
Mothers United Against Gang Violence,1
Mothers Out Front South Bay,1
Mothers Of East Los Angeles,1
Mothers Against Sexual Abuse (MASA),1
Mothers Against Prescription Drug Abuse (MAPDA),1
Mothers Against Drunk Drivers (MADD),1
Mosquito Vector Control Association of California (MVCAC),1
Mortgage Insurance Companies Association (MICA),1
Morrow Institute,1
Morro Palms Mobile Lodge,1
Morongo Band of Mission Indians,1
Morehead Park,1
"Monument Impact, Concord",1
Monterey Regional Waste Management District (MRWMD),1
Monterey County Superior Court,1
Monterey County Board Of Supervisors,1
Mexican American Legal Defense And Educational Fund,1
Mexican American Community Services Agency (MACSA),1
Motion Picture Association Of America,1
"Mayor Edwin Lee, City and County of San Francisco",1
"Mayor Ed Lee, City and County of San Francisco",1
Maven Collaborative,1
Maternal and Child Health Access (MCHA),1
Mary Byron Foundation,1
Marshallese Youth of Orange County (MYOC),1
Marshallese Youth of Orange County,1
Marlin Club,1
Marlene Chriss Gerspach-Warnes Cancer Research Fund,1
Market Connection,1
Marin Energy Authority (MEA),1
Marin Builders Association,1
Marin AIDS Political Action Committee (MAPAC),1
Marin AIDS Political Action Committee,1
"Marian Wolfe, Ph.D., Housing Advisory Commissioner",1
"March of Dimes, California",1
Manuscript Society,1
Malibu Association of Realtors,1
"Mayor Edwin Lee, City & County of San Francisco",1
Mayor Tom Butt - City of Richmond,1
Mexican American Business & Professional Association,1
Mayor of City of Los Angeles Eric Garcetti,1
Metropolitan Water District of Southern California,1
Merritt Community Capital Corporation,1
Merchants Association of Fresno,1
Mentoring Center,1
Mental Health Services Oversight And Accountability Commission,1
Mental Health America Of Los Angeles,1
Mental Health America Of California,1
Menlo Park United Neighbors,1
Medical Oncology Association of Southern CA,1
Medical Oncology Association Of Southern California,1
Medical Imaging and Technology Alliance (MITA),1
Medical Imaging & Technology Alliance (MITA),1
Medical Board of California,1
Medical Board of California,1
Medical Board Of California,1
McConnell Foundation,1
Mayor of san Jose Sam Liccardo,1
Motion Picture & Television Fund (MPTF),1
Motivating Individual Leadership For Public Advancement,1
National Federation of Independent Business's,1
National Coalition for Assistive & Rehab Technology (NCART),1
National Coalition,1
National Center for Youth Law,1
National Center for Lesbian Rights,1
National Center for Appropriate Technology (NCAT),1
National Center For Youth Law,1
National Campaign to Prevent Teen and Unplanned Pregnancy,1
National Bill of Rights Policy Partnership for Children of the Incarcerated,1
National Basketball Players Association (NBPA),1
National Basketball Association (NBA),1
National Association of Workforce Boards (NAWB),1
National Association of Telecommunications Officers and Advisors,1
National Association of State Contractors Licensing Agencies,1
National Association of Social Workers- California Chapter (NASW-CA),1
"National Association of Social Workers, California (NASW-CA)",1
National Association of Social Workers,1
National Association of Securities Dealers,1
National Association of Recording Merchandisers,1
National Coalition Against Prescription Drug Abuse (NCAPDA),1
National Coalition for Graffiti Removal (NCGR),1
National Association of Minority Contractors,1
National Coalition for the Homeless (NCH),1
National Federation of Independent Business,1
National Federation Of Independent Business (NFIB),1
National Employment law Project,1
National Employment Law Project,1
National Employers Law Project (NELP),1
National Electrical Manufacturers Association (Nema),1
National Economic Development & Law Center (NEDLC),1
National Diaper Bank Network (NDBN),1
National Day of the Cowboy Organization,1
National Day Laborer Organizing Network,1
National Court Reporters Association (NCRA),1
National Council on Patient Information and Education (NCPIE),1
National Council Of La Raza,1
National Council Of Jewish Women Los Angeles,1
National Congress of American Indians (NCAI),1
National Conference of Commissioners on Uniform State Laws (NCCUSL),1
National Compadres Network,1
National Association of Professional Surplus Line Offices,1
National Association of Letter Carriers (NALC),1
Motivating Individual Leadership For Public Advancement,1
N & K Commercial Property,1
Muscular Dystrophy Association (MDA),1
Murrieta Temecula Group (MTG),1
Municipal Water District of Orange County (MWDOC),1
Municipal Pooling Authority (MPA),1
Multinational Exchange for Sustainable Agriculture (Mesa),1
Mt. View Sanitary District (MVSD),1
Mt. Shasta Ski Park (MSSP),1
Move LA,1
Mountain View United Neighbors,1
Mountain View Estates,1
Mountain Lion Foundation,1
Mountain Lion Foundation,1
Mountain Housing Council Of Tahoe Truckee,1
Mountain Communities Family Resource Center (MCFRC),1
Motor Vehicle Managers and Supervisors Association (MVMSA),1
Motor Vehicle Managers and Supervisors Association,1
Motivating Individual Leadership for Public Advancement,1
Museum of the San Fernando Valley,1
NAIOP of California - Inland Empire Chapter,1
National Association of Insurance and Financial Advisors-California (NAIFA),1
NATIONAL EMPLOYMENT LAW PROJECT,1
National Association of Insurance and Financial Advisors of California,1
National Association of Independent Review Organizations (NAIRO),1
National Association of Hispanic Real Estate Professionals,1
National Association for the Education of Homeless Children & Youth,1
National Association for The Advancement of Colored People,1
National Association for Missing and Exploited Children (NAMEC),1
National Asian American Coalition (NAAC),1
National Animal Interest Alliance,1
National Academy of Building Inspection Engineers,1
National Academy of Building Inspection Engineers,1
Napa Valley Transportation Authority (NVTA),1
Napa County Democratic Central Committee (NCDCC),1
NOR Cal Rental Property Association,1
NEXTGEN California,1
"NESS Counseling Center, Inc",1
NATIONAL PARKS CONSERVATION ASSOCIATION,1
NATIONAL FEDERATION OF INDEPENDENT BUSINESS,1
Humane Society of The United States,1
Humane Society of,1
Humane Society Of The United States,1
County Of Tuolumne Housing Policy Committee,1
County Welfare Directors Association of California (CWDA),1
County Welfare Directors Association Of California (Cwda),1
County Welfare Directors Association Of California (CWDA),1
County Welfare Directors Association,1
County Welfare Director's Association,1
County Supervisors Association of California (CSAC),1
County Recorder's Association of California (CRAC),1
County Recorder's Association of,1
County Of Sacramento,1
East Bay Family Defenders,1
County Of Riverside Board of Supervisors,1
County Of Riverside,1
County Of Marin,1
County Of Butte,1
County Of Alameda,1
County Health Executives Association of California (Cheac),1
County Health Executives Association of California,1
County Association of County Veterans Service Officers,1
County Welfare Directors Association of California (Cwda),1
County Welfare Directors' Association (CWDA),1
County of Alameda,1
County of Los Angeles,1
DRA Infill Coalition,1
Cystic Fibrosis Research Institute (CFRI),1
Custom Electronic Design & Installation Association (CEDIA),1
Culture of Repair Project,1
Culturally Responsive Domestic Violence Network (CRDVN),1
Crohn's and Colitis Foundation of America,1
Crohn's and Colitis Foundation (CCF),1
Crime Victims Action Alliance (CVAA),1
Crestview,1
Courage Campaign,1
County of Ventura,1
County of Solano,1
County of San Bernardino,1
County of Sacramento,1
County of Riverside Board Of Supervisors,1
County of Riverside,1
County of Orange,1
Council of Mexican,1
Council of Insurance Agents and Brokers,1
Council of Colleges of Acupuncture and Oriental Medicine (CCAOM),1
Consumers Union,1
Consumer's Union (CU),1
Consumer for Auto Reliability and Safety (CARS),1
Consumer Healthcare Products Association (CHPA),1
Consumer Federation of California,1
Consumer Federation of California (CFC),1
Consumer Federation of California,1
Consumer Credit Industry Association (CCIA),1
Consumer Brands Association (CBA),1
Consumer Alliance for a Strong Economy (CASE),1
Consumer Alliance for A Strong Economy,1
Consumer Advocates for RCFE Reform (CARR),1
Consul General of Spain,1
Construction Lead Sheets,1
Construction Industry Force Account Council,1
Construction Employers' Association,1
Construction Employers Association (CEA),1
Conservation Corps of Long Beach (CCLB),1
Consumers For Auto Reliability And Safety,1
Consumers Union,1
Council of Acupuncture and Oriental Medicine Associations (CAOMA),1
Consumers Union,1
Council for Responsible Nutrition (CRN),1
Council for Private Postsecondary and Vocational Education (CPPVE),1
Council for Infill Builders,1
Council for Amusement and Recreational Equipment Safety (CARES),1
Council for Adult and Experiential Learning (CAEL),1
Council Of Infill Builders,1
Council Member Zach Hilton City of Gilroy,1
Council For Responsible Nutrition,1
Corrections Corporation of America (CCA),1
Corporation For Supportive Housing,1
Corporation For Supportive Housing (CSH),1
Corona La Linda Mobilehome Community,1
Cooperation for Supportive Housing (CSH),1
Contra Costa County Schools Insurance Group (CCCSIG),1
Contra Costa County,1
Contra Costa Clean Water Program (CCCWP),1
Consumers for Auto Reliability And Safety,1
DSA-Santa Barbara,1
Daddio Collective,1
Dark Horse Inn,1
Doctors,1
Diving Equipment and Marketing Association,1
District Hospital Leadership Forum (DHLF),1
District Attorney of San Diego,1
Distilled Spirits Council Of The United States,1
Disabled Veteran Business Alliance (DVBA),1
Disability Voices United,1
Disability Rights Legal Center (DRLC),1
Directors Guild of America (DGA),1
Dignity and Power Now,1
Dignity Health,1
Diamond K,1
Design Electric,1
Design Build Institute of America (DBIA),1
Desert Vineyard Church,1
Desert Sands Estates,1
Dept. of Personnel Administration,1
Depression and Bipolar Support Alliance,1
Division of the State Architect,1
Dog Adoption and Welfare Group (DAWG),1
Department of Water Resources (DWR),1
Dog Owners of the Golden State (DOGS),1
Earthquake Engineering Research Institute (EERI),1
Earthquake Country Alliance,1
Early Childhood Alliance,1
Eagle City Mobile Estates,1
Ea Family Services,1
ENVIRONMENTAL WORKING GROUP,1
ELLA BAKER CENTER FOR HUMAN RIGHTS,1
EARTHJUSTICE,1
Drug Policy Alliance Network (DPAN),1
Drug Policy Alliance (DPA),1
Dream Machine Foundation,1
Downtown Women's Center (DWC),1
Downtown Long Beach Associates (DLBA),1
Dow Chemical Company,1
Doris Tate Crime Victims Bureau,1
Doris Tate Crime Victims Bureau,1
Donner Creek Mobile Park,1
Deposition Reporters Association (DRA),1
Department of Veterans Affairs (DVA),1
Daughters of Destiny Youth Mentoring,1
Department of Finance,1
Department of Developmental Services (DDS),1
Department of Consumer Affairs,1
Department of Consumer Affairs,1
Department of Child Support Services (DCSS),1
Department of California Military Order of the Purple Heart,1
Dentist's Choice,1
Dental Hygiene Committee of California (DHCC),1
"Dennehey Group, Inc",1
Democratic Party Of The San Fernando Valley,1
Democratic Club Of North Santa Cruz County,1
Delta Hawaii Mobile Home Park,1
Del Ray Estates,1
Defenders of Wildlife,1
"Deaf Counseling, Advocacy, and Referral Agency (DCARA)",1
Deaf Counseling Advocacy & Referral Agency (DCARA),1
Day Worker Center of Mountain View (DWCMV),1
David & Margaret Youth And Family Services,1
Department of Employment Development,1
Department of Finance,1
Department of Social Services (DSS),1
Department of Finance,1
Department of Social Services,1
Department of Real Estate,1
Department of Pesticide Regulations (DPR),1
Department of Pesticide Regulation (DPR),1
Department of Personnel Administration (DPA),1
Department of Personnel Administration,1
Department of Managed Health Care (DMHC),1
Department of Insurance,1
Department of Insurance,1
Department of Industrial Relations,1
Department of Housing and Community Development,1
Department of Health Services,1
Department of Health Care Services (DHCS),1
Department of Finance,1
Department of Finance,1
Department of Finance,1
Department of Finance,1
Congress for the New Urbanism,1
Congregations Organizing for Renewal (COR),1
Congregations Organized for Prophetic Engagement (COPE),1
Coalition To Abolish Slavery & Trafficking (Cast),1
Coalition To Abolish Slavery & Trafficking,1
Coalition Of Orange County Community Clinics,1
Coalition Of Adequate School Housing,1
Coalition OF California Utility Employees,1
Coalition For Adequate Funding for Special Education,1
Coalition Against Unsolicited Commercial E-Mail (CAUCE),1
Coachella Valley Water District (CVWD),1
Coachella Valley Regional Housing Trust Corporation,1
Coachella Valley Regional Housing Trust,1
Coachella Valley Economic Partnership (CVEP),1
Coachella Valley Association Of Governments,1
Clover Flat Landfill (CFL),1
Clorox Company,1
ClimeWorks,1
Climate Registry,1
Climate Reality Project: Silicon Valley Chapter,1
"Climate Reality Project, San Diego Chapter",1
Coalition To Abolish Slavery & Trafficking (CAST),1
Coalition To Preserve La,1
Climate Reality Project - San Francisco Bay Area,1
Coalition for A Just and Equitable California (CJEC),1
Coalition of Homeless Services Providers,1
Coalition of Foreign Dental Graduates,1
Coalition of California Home Inspectors (CCHI),1
Coalition of Adequate School Housing (CASH),1
Coalition for a Just and Equitable California (CJEC),1
Coalition for Natural Health (CNH),1
Coalition for Immigrant and Refugee Rights and Services (CIRRS),1
Coalition for Humane Immigrants Rights of Los Angeles (CHIRLA),1
Coalition for Humane Immigrant Rights Los Angeles,1
Coalition for Environmental Equity and Economics (CEEE),1
Coalition for Enhanced Marine Resources,1
Coalition for Enhanced Marine Resources (CEMR),1
Coalition for Elder & DisAbility Rights,1
Coalition for Effective Public Safety (CEPS),1
Coalition for Economic Survival,1
Coalition for Clean Air,1
"Coalition for Adoption, Reform and Education",1
Climate Reality Project Los Angeles Chapter,1
Climate Reality Project - San Fernando Valley Chapter,1
Coalition of Organizations for Professional Standards,1
City of Ventura,1
City of Selma,1
City of Santa Monica,1
City of San Jose,1
City of Sacramento Mayor Darrel Steinberg,1
"City of Richmond, California",1
City of Redwood city,1
City of Pasadena,1
City of Norwalk,1
City of National city,1
City of Modesto,1
City of Menlo Park,1
City of Lake ElSinore,1
City of La Verne,1
City of IRvine,1
City of Fullerton,1
City of Fountain Valley,1
City of Foster city,1
City of Union city,1
City of Visalia,1
Climate First: Replacing Oil and Gas (CFROG),1
City of West Hollywood,1
Climate Alliance of Santa Cruz County,1
Clergy and Laity United For Economic Justice,1
Clergy And Laity United For Economic Justice,1
Clean Power Campaign,1
Clean Power Campaign (CPC),1
Clayton Regency Mobile Home Park,1
Clarion Alley Mural Project (CAMP),1
CivicWell (Formerly the Local Government Commission),1
CivicWell,1
Civic Justice Association of California,1
Citylab-ucla,1
Citylab-UCLA,1
Citylab-UCLA,1
CityLAB UCLA,1
CityLAB - UCLA,1
City of long Beach,1
City of Whittier,1
Coalition of Humane Immigrant Rights of Los Angeles (CHIRLA),1
Coalition of Organizations for Professional Standards (COPS),1
Congregational Tower,1
Community Residential Care,1
Community Oncology Alliance (COA),1
Community Legal Services in east Palo Alto,1
Community Legal Aid SOCAL,1
Community Initiatives for Visiting Immigrants in Confinement,1
Community Initiatives for Development in Pakistan,1
Community Housing Works (CHW),1
Community Housing Partnership,1
Community Housing Opportunities Corporation (CHOC),1
Community Housing Improvement Systems And Planning Association,1
Community Housing Development Corporation (CHDC),1
Community Housing Corporation of Santa Monica,1
Community Health Involvement Partners (CHIP),1
Community Health Involvement Partners,1
Community Health Councils (CHC),1
Community Health Council (CHC),1
Community Health Awareness Council (CHAC),1
Community Food and Justice Coalition,1
Community Partners for Educational Excellence (CPEE),1
Community Resource for Independent Living (CRIL),1
Community Environmental Council (CEC),1
Community Resources for Independent Living (CRIL),1
Conference of the California Bar Association,1
Conference of California bar Association,1
Conference of California BAR Associations,1
Conference Of California Bar Associations,1
Conejo Simi Association of Association,1
Concerned Citizens of South Central Los Angeles (CCSCLA),1
Computer & Communications Industry Association (CCIA),1
Compton Unified School District (CUSD),1
Comprehensive Child Development,1
Compassion and Choices Action Network (CCAN),1
Compassion and Choices (CC),1
Companion Animal Protection Society (CAPS),1
Companion Animal Protection Society,1
Community Water Center,1
Community United Against Violence,1
"Community Solutions For Children, Families And Individuals",1
Community Revitalization & Development Corporation (CRDC),1
Community Financial Services Association (CFSA),1
Community Corporation of Santa Monica,1
Coalition of Welfare Rights Organizations,1
Committee Opposed to Militarism and the Draft (COMD),1
Commission on Office Laboratory Accreditation,1
Commission of California Insurance Professionals (CCIP),1
Commission On The Status Of Women,1
Commission On Teacher Credentialing,1
Commerce Casino & Hotel,1
"College of Environmental Design City and Regional Planning, UC Berkeley",1
Collective Healing and Transformation Project,1
Collateral Loan and Secondhand Dealers Association (CLSDA),1
Coastal Alliance for Aquaculture Reform (CAAR),1
Coalition to Fight Hardcore Drunk Driving,1
Coalition to Actively Treat and Educate for Recovery (CATER),1
Coalition to Actively Treat and Educate For Recovery,1
Coalition to Abolish Slavery and Trafficking,1
Coalition to Abolish Slavery and Trafficking (CAST),1
Coalition to Abolish Slavery & Trafficking (CAST),1
Coalition to Abolish Slavery & Trafficking (CASDT),1
Coalition of Women from Asia and the Middle East,1
Commission on Office Laboratory Accreditation (COLA),1
Committee for Law Enforcement Accountability Now (CLEAN),1
Community College League of California,1
Committee for Racial Justice (CRJ),1
Community College League of California,1
Community College League Of California,1
Community Associations Institute - California Legislative Action Committee,1
Community Alliance With Family Farmers,1
Community Alliance With Family Farmers (CAFF),1
"Community Agency for Resources, Advocacy, and Services (CARAS)",1
Community Advocacy Services Association (CASA),1
Community Action To Fight Asthma,1
Communities in Harmony Advocating for Learning and Kids (CHALK),1
Communities for A New California (CNC),1
Communities for A New California,1
Communities United Cd7,1
Communities Actively Living Independent and Free (CALIF),1
Communities Actively Living Independent & Free (CALIF),1
"Communications Workers of America, District 9",1
Commons,1
Committee of,1
East Bay Children's Law Office (EBCLO),1
East Bay For Every One,1
Humane Education Advocates Reaching Teachers (HEART),1
Greater Sacramento Urban League,1
"Greenfire Law, PC",1
Greenbelt Alliance,1
GreenLining Institute,1
Green Team at Francis Parker School,1
Green Party Of Santa Clara County Ca,1
Green Lantern Residents Association,1
Green Cross,1
Grecian Isle,1
Greater Sacramento Smoke and Tobacco Free Coalition,1
East Bay Housing Organization,1
Greater Los Angeles African American Chamber of Commerce (GLAAACC),1
Greater Los Angeles African American Chamber Of Commerce,1
Greater Livery Association,1
Greater Greater Washington,1
Greater Bakersfield Legal Assistance (GBLA),1
Greater Bakersfield Legal Assistance,1
Greater Antelope Valley Assn. of Realtors,1
Great Valley Center (GVC),1
Greenhorns,1
Greenspace- the Cambria Land Trust,1
Grey Panthers of San Francisco,1
Grolier Club of New York,1
Habitat Recovery Project,1
Habitat California,1
HOUSING WORKS,1
HOPICS,1
HEAL Project,1
HAWK Institute,1
Guidance Charter School,1
Gubbio Project,1
Guaranteed Asset Protection Alliance (GAPA),1
Guam Communications Network (GCN),1
Guam Communication Network (GCN),1
Gualco Group,1
Grower-Shipper Association Of Central California,1
Grover Beach Councilmember Mariah Shah,1
Group Repertory Theatre,1
Group B Strep Association,1
Ground game LA,1
Gray Panthers,1
Government of Canada,1
Governing Board of the California Association of Local Behavioral Health Boards & Commissions,1
"Gay, Lesbian and Straight Education Network (GLSEN)",1
Gay Asian Pacific Alliance (Gapa),1
Gay Asian Pacific Alliance (GAPA),1
Garden West Estates,1
Garden Terrace Estates,1
Gamble Institute,1
GROCERY MANUFACTURERS ASSOCIATION,1
GLBTQ+ Asian Pacific Alliance (GAPA),1
GLBTQ+ Asian Pacific Alliance,1
GENup,1
G.R.E.E.N Foundation,1
Fund for,1
Fully Informed Jury Association,1
Fuel Cell Hydrogen and Energy Association (FCHEA),1
Friends of the Hills (Hills 2000),1
Friends of the Goleta Valley Library,1
Friends of the Earth,1
Friends of Tierrasanta Canyons,1
Gay and Lesbian Community Services of Orange County,1
GenUp,1
"Golden State Manufactured-home Owners League, Inc. (GSMOL)",1
General Nutrition Corporation,1
"Golden State Manufactured-Home Owners League, Chapter 49",1
Golden State Builder's Exchanges (GSBE),1
Goat Hill Golf Club,1
Global Communication Education & Art (GCEA),1
Global Center for Women & Justice at Vanguard University,1
Global Alliance For Incinerator Alternatives (GAIA),1
Global Action Research Center,1
Glenwood Park,1
Glendale Police Department,1
Glendale City Employees Association,1
Giving Keys,1
Gilroy San Ysidro Nueva Vida,1
Ghost Road Company,1
Geriatric Circle,1
Geothermal Exchange Organization (GEO),1
Geothermal Energy Association (GEA),1
General Nutrition Corporation (GNC),1
Habitat for Humanity of Tulare/Kings Counties,1
Haight Ashbury Neighbors for Density,1
Harbour Ocean Preservation Enhancement,1
"Hope Center for College, Community and Justice",1
"Honorable Sam Liccardo, Mayor",1
"Honorable David Alvarez, Councilmember",1
"Honorable Bill Lockyer, California State Treasurer",1
"Honorable Betty T. Yee, California State Controller",1
Homies Organizing the Mission to Empower Youth,1
Hometown America Communities,1
Homeowners Organized To Maintain Equity (H.O.M.E.),1
Homeless Health Care Los Angeles (HHCLA),1
"Homeless Emergency Services Providers Association, San Francisco",1
HomeAid America,1
Home Warranty Association of California (HWAC),1
Home Ownership Advancement Foundation (HOAF),1
Home Office and Business Opportunities Association of California,1
Home Economics Teachers Association of California (HETAC),1
Home Builders Association Of The Central Coast,1
Hollywood Women's Political Committee,1
Hollywood Schoolhouse,1
Honoring Emancipated Youth,1
Hospital Corporation Of America,1
Hollywood Community-Police Advisory Board,1
Hot Springs Elementary School District,1
Human Society Veterinary Medical Association,1
Human Services Network of Los Angeles,1
Huichol Center for Cultural Survival and Traditional Arts,1
Howard Jarvis Taxpayers Association,1
Housing is a Human Right,1
Housing Rights Center (HRC),1
Housing Now! CA,1
Housing Now!,1
Housing NOW,1
Housing Leadership Council Of San Mateo County,1
Housing Land Trust Of Sonoma County,1
Housing Consortium of The East Bay,1
Housing Authority of the County of Santa Clara (HACSC),1
Housing Authority of The City of San Buenaventura,1
Housing Authority of County of Butte,1
Housing Authority Of The City Of Alameda,1
Housing Authorities Risk Retention Pool (HARRP),1
Hollywood Heritage,1
Hollister Ranch Owners Association (HROA),1
Harbour Ocean Preservation Enhancement (HOPE),1
Healthcare Distribution Alliance (HDA),1
Health Plan of San Mateo (HPSM),1
Health Officers Association of California,1
Health Officers Association of California,1
Health Net And Its Affiliated Companies,1
Health Net,1
Health Net,1
Health Management Systems (HMS),1
Health Insurance Association of America,1
Health Access California,1
Health Access (HA),1
Haywood Burns Institute,1
Hawkey Consulting,1
Having Our Say (HOS),1
Haven Management Services,1
Harm Reduction Therapy Center (HRTC),1
Harker Summer Programs,1
Harker School,1
Health net,1
Healthy Children Organizing Project (HCOP),1
Holiday Island Mobile Home Park,1
Healthy Places Coalition,1
Hispañas Organized for Political Equality (HOPE),1
Hispañas Organized for Political Equality,1
Hispanic Association of Colleges & Universities (Hacu),1
Hispanic Association of Colleges & Universities (HACU),1
Hispanias Organized for Political Equality (HOPE),1
Hispanas Organized for Political Equality (Hope),1
Hilton Grand Vacations Company (HGVC),1
Hills 2000 -- Friends of The Hills,1
Hidden Hills Councilmember Laura McCorkindale,1
Hertz Corp,1
"Henry Perea, Fresno County Board of Supervisors",1
Hemophilia Council of California (HCC),1
Helpline Youth Counseling (HYC),1
Helping Hand Worldwide Advocates for Seniors,1
Heart Project,1
Hearing Well Club,1
Hearing Healthcare Providers of California,1
Friends Of The River,1
"Friends Of Harbors, Beaches And Parks",1
Friends Committee On Legislation,1
Environmental Working Group,1
Environmental Defense Fund,1
Environmental Defense Center (EDC),1
Environmental Defense Center,1
Environment California,1
Enterprise Community Partners,1
Ensuring Opportunity Campaign to end Poverty in Contra Costa County,1
Engineers and Scientists of California (ESC),1
Engineers And Scientists Of California,1
Engineering Contractors Association (ECA),1
Engineering Contractors Association,1
Energy Independence Now (EIN),1
Energy Coalition,1
Endowment for Middle East Truth (EMET),1
End Hunger Action Coalition,1
Encinitas4Equality,1
Ems Medical Directors Association of California (Emdac),1
Empowering Pacific Islander Communities (Epic),1
Environmental Working Group (EWG),1
Ephemera Society of America,1
Employment Training Panel (ETP),1
Episcopal Chaplaincy at San Jose State University,1
Facts and Logic About the Middle East (FLAME),1
FRIENDS COMMITTEE ON LEGISLATION OF CALIFORNIA,1
Express Scripts Incorporated (ESI),1
Exonerated Nation,1
Executive Committee of the Trusts and Estates Section,1
Executive Committee of the Trusts & Estates Section of the State Bar,1
Executive Committee of the Family Law Section of the State Bar (Flexcom),1
Everychild,1
Evans Management Services (EMS),1
Evans HR Group,1
Ethiopia Professional Hunters' Association (EPHA),1
Ethiopia Professional Hunters' Association,1
Equal Rights Advocates,1
Episcopal Community Services of San Francisco,1
Episcopal Community Services Of San Francisco,1
Episcopal Communities and Services,1
Episcopal Communities Services (ECS),1
Empowering Pacific Islander Communities (EPIC),1
Employers Health Coalition of Los Angeles,1
Faculty Association of California Community Colleges,1
Echo Park Community Coalition (EPCC),1
Eastern Municipal Water District (EMWD),1
Eastern Kern County Resource Conservation District (EKCRCD),1
East bay Housing Organizations,1
East Valleys Organization,1
East Valley Association of Realtors,1
East Palo Alto Community Alliance Neighborhood Development Organization (EPACANDO),1
East Los Angeles Residents Association (ELARA),1
East Los Angeles Community Corporation (ELACC),1
East Cut Community Benefit District,1
East Bay for Everyone,1
East Bay Young Dems,1
East Bay Sanctuary Covenant (EBSC),1
East Bay Regional Park District (EBRPD),1
East Bay Regional Park District,1
East Bay Innovations (EBI),1
East Bay Housing Organizations,1
East Bay Housing Organization (EBHO),1
Eating Disorder Foundation,1
Ecology Center,1
Employers Health Care Coalition of,1
Economic Development and Justice Giving Circle of the Women's Foundation of CA,1
Emphesys/Employers Health Insurance (EHI),1
Emphesys/Employers Health Insurance,1
Emeryville Councilmember John J. Bauters,1
Emergency Medical Services Administrators' Association of California (Emsaac),1
Emergency Medical Services Administrators Association of California (EMSAAC),1
Elizabeth Taylor AIDS Foundation,1
Elizabeth Hospice,1
Electronics Industries Alliance (EIA),1
Electronic Cigarette Industry Group (ECIG),1
Electronic Cigarette Industry Group,1
Elder Financial Protection Network (EFPN),1
El Rancho Verde,1
El Dorado Mobile Home Park,1
El Cerrito Councilmember Gabriel Quinto,1
Education Trust-West,1
Ed Ladder,1
Ecumenical Catholic Church,1
Faculty Association of California Community Colleges,1
Fair Housing Advocates Of Northern California,1
Fresno Deputy Sheriffs Association (FDSA),1
Fort Ord,1
Foreign Language Council of San Diego,1
Foothill House of Hospitality,1
Food bank for Monterey County,1
Food and Beverage Association,1
Food Bank of Contra Costa And Solano,1
Food Bank For Monterey County,1
Food Allergy and Anaphylaxis Connection Team (FAACT),1
Florence Firestone Walnut Park Chamber of Commerce,1
Flea Market Inc,1
Flasher Barricade Association,1
Flannery Group,1
Fisher Realtors,1
First Tee Greater Sacramento,1
First Tee Fresno,1
First Focus Campaign for Children (FFCC),1
First Amendment Coalition (FAC),1
First 5 Association of California,1
Foresthill Telephone Company (FTC),1
Fossil free California,1
Firearms Policy Coalition (FPC),1
Foundation For Taxpayer and Consumer Rights,1
Fresno Deputy Sheriff's Association (FDSA),1
Fresno County Economic Opportunities Commission (FCEOC),1
Fresno Center for New Americans (FCNA),1
Fresno Center,1
Fresh Lifelines for Youth,1
Fresh LifeLines for Youth,1
Frente Indigena de Organizaciones Binacionales (FIOB),1
Frente Indigena De Organizaciones Binacionales,1
Fremont For Everyone,1
Freel Agency,1
Fred Finch Youth Center (FFYC),1
Franchise Tax Board,1
Fountain Theatre,1
Foundation for the Advancement of Innovative Medicine,1
Foundation for Taxpayer,1
Foundation for Grandparenting,1
Foundation for Allied Dental Education (FADE),1
First 5 Association Of California,1
Fire District Association of California (FDAC),1
Fair Housing Law Project (FHLP),1
Farm Animal Reform Movement (FARM),1
Family Winemakers of California (FWC),1
Family Winemakers of California,1
Family Winemakers of California,1
Family Violence Law Center (FVLC),1
Family Resource Center of the Redwoods,1
Family Economic Security Partnership (FESP),1
Families for Russian and Ukrainian Adoption,1
Families for Early Autism Treatment (FEAT),1
Families United to End Lwop,1
Families United to End LWOP (FUEL),1
Families Lobbying Against Refinery Exposures (FLARE),1
Families For Russian and Ukrainian Adoption (FRUA),1
Families For Early Autism Treatment,1
Families Advocating for Chemical & Toxins Safety (FACTS),1
Families Advocating for Campus Equality (FACE),1
Faith and Community Empowerment,1
Faith In Action,1
Far West Equipment Dealers Association,1
Farmers Guild,1
"Fiona Ma, CPA, Vice Chair, State Board of Equalization, District 2",1
Farmworker Institute of Education and Leadership Development (FIELD),1
Filipinos for Affirmative Action (FAA),1
Filipino Bar Association of Northern California (FBANC),1
Filipino American Service Group Inc. (FASGI),1
Filipino Advocates For Justice,1
Fight for $15 and a Union,1
Fernwood Mobile Home Community,1
Female Composer Safety League,1
Feeding Pets of The Homeless,1
Federation of State Medical Boards,1
Federation of Exchange Accommodators (FEA),1
Federated Indians Of Graton Rancheria,1
Fatherso Rights and Equality Exchange,1
Fathers and Families of San Joaquin,1
Father's Rights and Equality,1
Fashion Jewelry & Accessories Trade Association (FJATA),1
Fashion Jewelry & Accessories Trade Association,1
Fashion Institute of Design and Merchandising (FIDM),1
the plan,1
