label,category,org_name
conjoined-01,conjoined,Tort Reform Consumer Attorneys of California
conjoined-01,conjoined,Tort Reform Department of Consumer Affairs
conjoined-01,conjoined,Town of Apple Valley UAW
conjoined-01,conjoined,Town of Mammoth Lakes: Town of Truckee
conjoined-01,conjoined,Towns of Apple Valley and Colma
conjoined-01,conjoined,"Towns of Apple Valley, Colma, Danville, Fairfax, and Loomis"
conjoined-01,conjoined,"Towns of Apple Valley, Colma, Fairfax, Los Altos Hills, Mammoth Lakes, Ross, Truckee, Woodside"
conjoined-01,conjoined,"Towns of Apple Valley, Colma, Fairfax, Mammoth Lakes, and Ross"
conjoined-01,conjoined,"Towns of Apple Valley, Colma, Fairfax, Mammoth Lakes, Ross, and Truckee"
conjoined-01,conjoined,"Towns of Apple Valley, Los Gatos, Mammoth Lakes, and Truckee"
conjoined-01,conjoined,"Towns of Atherton, Colma, Hillsborough and Woodside"
conjoined-01,conjoined,"Towns of Atherton, Colma, Hillsborough Portola Valley, and Woodside"
conjoined-01,conjoined,Towns of Danville and Fairfax
conjoined-01,conjoined,"Towns of Danville, Hillsborough, Mammoth Lakes, and Portola Valley"
conjoined-01,conjoined,Towns of Fairfax and Tiburon
conjoined-01,conjoined,"Towns of Fairfax, Los Altos Hills, Mammoth Lake, Ross, and Truckee"
conjoined-01,conjoined,"Towns of Fairfax, Mammoth Lake, Ross, and Truckee"
conjoined-01,conjoined,"Towns of Fairfax, Mammoth Lake, Ross, Truckee"
conjoined-01,conjoined,"Towns of: Apple Valley, Los Gatos"
conjoined-01,conjoined,"Towns of: Apple Valley, Town of Danville, Hillsborough, Mammoth Lakes, Paradise, Tiburon, Windsor, Yountville"
conjoined-01,conjoined,"Toy Manufacturers of America, The Cosmetic, Toiletry, and Fragrance Association, Association for California Tort Reform (ACTR), Hasbro, Lego, Mattel, S"
conjoined-01,conjoined,Trade & Commerce Agency and the City of Victorville
conjoined-01,conjoined,"Trade Coalition, Cosco Agencies (Los Angeles)"
conjoined-01,conjoined,"Trades Council of California, Sierra Club California and other"
conjoined-01,conjoined,Trails for Richmond Action Committee: Trust for Public Land
conjoined-01,conjoined,"Transfer Facility, Inc., GreenWaste Recovery, Inc., Inland Empire Disposal Association, Los"
conjoined-01,conjoined,Transportation Authority and the City/County Association of Governments
conjoined-01,conjoined,"Transportation Authority, Sunline Transit"
conjoined-01,conjoined,"Transporters, California Trucking Assn"
conjoined-01,conjoined,Transyouth Liberation and Transfamily Support Services
conjoined-01,conjoined,Traveling Times Inc./Travel Center of Santa Clarita
conjoined-01,conjoined,"Treasurers and Tax Collectors, Federated Investors, Fidelity Investments, GE Capital"
conjoined-01,conjoined,"Treaters, American Fence Contractors"
conjoined-01,conjoined,"Treatment Works Synagro Technologies, Inc"
conjoined-01,conjoined,Tri-City Athletic League and Tokay High School
conjoined-01,conjoined,"Tri-Valley Cities of Dublin, Livermore, Pleasanton, San Ramon"
conjoined-01,conjoined,Trial Courts Legislation CommitteeDistrict Attorney of Nevada
conjoined-01,conjoined,Trial Courts Legislation CommitteeDistrict Attorney of Nevada County
conjoined-01,conjoined,"Trinity Cathedral Church Ventura County Parents, Families and Friends of Lesbians and Gays"
conjoined-01,conjoined,Trinity Public Utilities District: Turlock Irrigation District
conjoined-01,conjoined,Trout Unlimited : Clean Water Action
conjoined-01,conjoined,Truckee Donner Public Utility District and Turlock Irrigation District
conjoined-01,conjoined,Truckee Donner Public Utility District and Turlock Irrigation District League of California Cities Southern California Public Power Authority
conjoined-01,conjoined,True BlueUnited Contractors
conjoined-01,conjoined,"Trust for Public Land, The Tuleyome"
conjoined-01,conjoined,"Trust for Public Land, The Tuna Club of Avalon"
conjoined-01,conjoined,"Trust for Public Land, the Union of Concerned Scientists"
conjoined-01,conjoined,"Trust for Public Land, The Upstream"
conjoined-01,conjoined,"Trust For Public Land, The Urban Semillas"
conjoined-01,conjoined,"Trust for Public Land, The VF Outdoor & Action Sports"
conjoined-01,conjoined,"Trust For Public Land, The Watershed Conservation Authority"
conjoined-01,conjoined,"Trust For Public Land, The Watershed Project, The"
conjoined-01,conjoined,"Trust for Public Land, The Wholly H2O"
conjoined-01,conjoined,"Trust For Public Land, The Wild Places"
conjoined-01,conjoined,"Trust for Public Land, The Wilderness Society, The Wildlands Conservancy, The"
conjoined-01,conjoined,"Trust for Public Land, The Wildlands Conservancy, The"
conjoined-01,conjoined,"Trust for Public Land, The Wildlands Conservancy, The Your Children's Trees"
conjoined-01,conjoined,"Trust for Public Land, Watershed Conservation Authority"
conjoined-01,conjoined,"Trust, Natural Resources Defense Council, Physicians for Social Responsibility, Planning and Conservation League, Sierra Club"
conjoined-01,conjoined,"Trust, Natural Resources Defense Council, Public Citizen, Sierra Club, South Bay AFL-CIO"
conjoined-01,conjoined,"TST Inc., United Alloys and Metals"
conjoined-01,conjoined,Tulare and Tulare Redevelopment Agency
conjoined-01,conjoined,Tulare and Tulare Redevelopment Agency (as introduced)
conjoined-01,conjoined,"TULARE VISALIA UNIFIED 24,515"
conjoined-01,conjoined,Tulare-Kings Hispanic Chamber of Turning Point of Central California
conjoined-01,conjoined,Tule River Tribal Council: Agua Caliente Band of Cahuilla Indians
conjoined-01,conjoined,Tuolumne County Contra Costa County Sheriff
conjoined-01,conjoined,Turning Point Counseling and Educational Services California Partnership to End Domestic Violence (neutral position)
conjoined-01,conjoined,Tustin City and County of San Francisco Cities of: Agoura Hills
conjoined-01,conjoined,Uber and Lyft
conjoined-01,conjoined,UC Office of the President and the California State University (CSU) Chancellor's Office
conjoined-01,conjoined,UC San Diego - Center for Public Interest Law CALPIRG
conjoined-01,conjoined,UCLA Labor Occupational Safety and Health Program Unilever
conjoined-01,conjoined,"UDWAFSCME Local 3930, Warehouse Worker Resource Center, Inland Empire"
conjoined-01,conjoined,Underground Service Alert of Southern California Southern California Contractors Association
conjoined-01,conjoined,Underground Service Alert of Southern CaliforniaSouthern California Contractors Association
conjoined-01,conjoined,"Unified APCD, Vector Environmental, Inc., Weatherford U.S., L.P., Wegis Ranch, Western"
conjoined-01,conjoined,"Unified School District, Silicon Valley Leadership Group, Southwest"
conjoined-01,conjoined,"Union 11, 18, 45, 302, 551, 569, 595, 684"
conjoined-01,conjoined,Union of American Physicians and American College of Obstetricians and Gynecologists
conjoined-01,conjoined,Union of American Physicians California Medical Association
conjoined-01,conjoined,Union of Concerned Scientists : American Lung Association
conjoined-01,conjoined,Union of Concerned Scientists: American Lung Association
conjoined-01,conjoined,Union Pacific Railroad Company) Modesto and Empire Traction Company
conjoined-01,conjoined,Union Roofing Contractors Assoc. United Contractors
conjoined-01,conjoined,Unitarian Universalist Legislative Ministry Action Network- California UNITE HERE
conjoined-01,conjoined,"United Assn of Journeymen & Apprentices of the Plumbing & Pipe Fitting Industry, Local Union 38, 114, 460 & 484"
conjoined-01,conjoined,United Cannabis Business Association and six other cannabis business organizations
conjoined-01,conjoined,United Cannabis Business Association and the United Food and Commercial Workers
conjoined-01,conjoined,"United Cannabis Business Association, Long Beach Collective Association, and Coachella Valley Cannabis Alliance collectively"
conjoined-01,conjoined,United Food & Commercial Workers Region 8 States Council United Here
conjoined-01,conjoined,United Food and Commercial Workers Union - Western States Council and California Communities United Institute also
conjoined-01,conjoined,"United Food and Commercial Workers Union, Western States Council : Unite Here"
conjoined-01,conjoined,"United Food and Commercial Workers Union, Western States Council Worksafe"
conjoined-01,conjoined,United Healthcare (UHC) and CAHP
conjoined-01,conjoined,United Hospital Association and Sharp Healthcare
conjoined-01,conjoined,"United Hospital Association, California Firefighters, Orange County Medical Association"
conjoined-01,conjoined,United Nurses Associations of California/Union of Health Care Professionals United Public Employees
conjoined-01,conjoined,United Nurses Associations of California/Union of Health Care Professionals Walgreens
conjoined-01,conjoined,United Nurses of California/Union of Health care Professionals California Teamsters
conjoined-01,conjoined,United Policyholders and Insurance Commissioner Ricardo Lara
conjoined-01,conjoined,United Services Automobile Association Association of California Insurance Companies
conjoined-01,conjoined,United States Navy United States Marines
conjoined-01,conjoined,United Trustees Association and California Mortgage Association
conjoined-01,conjoined,United Trustees Association and the California Mortgage Association
conjoined-01,conjoined,UnitedHealth Group and HealthAllies
conjoined-01,conjoined,University of California Student Association (UCSA) & California State Student Association (CSSA) (co-sponsors)
conjoined-01,conjoined,University of San Diego Consumer Attorneys of California Professor Stephen Barnett
conjoined-01,conjoined,University of San Diego School of Law Honorable Jackie Speier
conjoined-01,conjoined,University of Southern California Association of Independent California Colleges and Universities
conjoined-01,conjoined,"University, San Marcos Lambda Letters Project"
conjoined-01,conjoined,Unknown San Diego County Bar Association (sponsor) State Bar's Conference of Delegates State Bar
conjoined-01,conjoined,Unknown San Diego County Bar Association State Bar's Conference of Delegates State Bar
conjoined-01,conjoined,Upper Salinas - Las Tablas Resource Conservation District Veggielution
conjoined-01,conjoined,Urban Counties Caucus : Yolo County
conjoined-01,conjoined,Urban Counties Caucus Western Center on Law and Poverty California State Association of Counties Dayle McIntosh Center County of Orange
conjoined-01,conjoined,Urban Counties Caucus. Cities of: American Canyon
conjoined-01,conjoined,"US-Japan-China Comparative Policy Research Institute-Visual: Artists Guild, Los Angeles"
conjoined-01,conjoined,"USA, Gray Panthers California, Huntington Park"
conjoined-01,conjoined,USC Family Caregiver Support Center/LA Caregiver Resource Center
conjoined-01,conjoined,"Utilities Association, California Nurses"
conjoined-01,conjoined,"Utilities Commission, Union Pacific Railroad"
conjoined-01,conjoined,"Utility District, Gilroy Independence, League"
conjoined-01,conjoined,"Utility District, Heal the Bay, International"
conjoined-01,conjoined,"Utility District, League of California Cities, Natural Resources Defense Council, Physicians"
conjoined-01,conjoined,"Utility District, Sierra Club, Coalition of organizations (See attached list), 160"
conjoined-01,conjoined,Utility Reform Network (TURN) and the Allensworth Progressive Association
conjoined-01,conjoined,Utility Reform Network (TURN) and the California Large Energy Consumers Association are both
conjoined-01,conjoined,Utility Reform Network (TURN) and the Natural Resources Defense Council (NRDC) report they would
conjoined-01,conjoined,"Utility Workers Union of America, Local 132 Walgreens"
conjoined-01,conjoined,UWD and AFSCME Local 3930
conjoined-01,conjoined,Vacaville-Elmira Downey Historical Society Northern CA Association of Public Cemeteries Individual letters (12)
conjoined-01,conjoined,"Vallejo Neighborhood Housing Services, Inc., Valley Housing Foundation, Venice Community Housing Corp., West Hollywood Community Housing Corporation"
conjoined-01,conjoined,"Vallejo, National Association for the Advancement of Colored People, Peace Officers Research Association of California, Rental Housing Association, St. Vincent's Hill"
conjoined-01,conjoined,"Valley Air Pollution Control District, Imperial and Mexicali Clean Air Stakeholders, Latino"
conjoined-01,conjoined,Valley Unity Peace Treaty Pacoima Elementary School
conjoined-02,conjoined,"Valley Wastewater Reclamation Authority, WateReuse Association, West Basin Municipal"
conjoined-02,conjoined,"Valley Water District, Central Basin Municipal"
conjoined-02,conjoined,"Valley Water District, East Bay Municipal"
conjoined-02,conjoined,"Valley Water District, Save San Francisco Bay"
conjoined-02,conjoined,"Valley Water District, Sierra Club California, Solid Waste Association of North America, 1"
conjoined-02,conjoined,"Valley Water District, South Bayside System"
conjoined-02,conjoined,"Valley Water District, Southern California MG"
conjoined-02,conjoined,"Valley, La Habra, Hayward, Hemet, Huron, Irvine, Laguna"
conjoined-02,conjoined,"Valley, Long Beach Area, Los Angeles Latino, Moorpark, Murrieta/Wildomar, Port Hueneme, Santa Monica, Santa Paula, Ventura, and Vietnamese American"
conjoined-02,conjoined,"Valley, Newport Beach, Oakdale, Orange, Pasadena, Roseville, San Gabriel, Salinas, San Luis Obispo, Sonoma, Sonora, Stockton, Twin Cities (Police Authority), and Torrance"
conjoined-02,conjoined,"Valleys Coalition, Siskiyou County, Siskiyou County Farm Bureau, Siskiyou"
conjoined-02,conjoined,Ventura County Contractors Assn Bay Area Builders Exchange
conjoined-02,conjoined,"Verdes/South Bay Audubon Society, Planning and Conservation League, Save the Bay, Sierra Club (Santa Lucia Chapter), 1 individual"
conjoined-02,conjoined,Veterans Caucus of the California Democratic Party Worksafe
conjoined-02,conjoined,Veterans of Foreign Wars and the Ladies
conjoined-02,conjoined,Vice Chair California Cannabis Industry Association California Credit Union League
conjoined-02,conjoined,"Victims, Inc. (sponsor) California Newspaper Publishers Association"
conjoined-02,conjoined,Victor Community Support Services and Victor Treatment Centers
conjoined-02,conjoined,Victor Treatment Centers & Victor Community Support Services - Chico
conjoined-02,conjoined,"Victor Treatment Centers & Victor Community Support Services, Chico"
conjoined-02,conjoined,Victor Valley Association of Realtors Pasadena-Foothills Association of Realtors
conjoined-02,conjoined,"Vietnam Veterans of America, Armed Forces Retirees Association of California, Air Force Sergeants Association, Military Order of the Purple"
conjoined-02,conjoined,Vietnam Veterans of San Diego California Association of County Veterans Service Officers
conjoined-02,conjoined,Village Green Mobilehome Lapham Company
conjoined-02,conjoined,"Village, Western Boaters Safety Group, Dr"
conjoined-02,conjoined,Violence Prevention Coalitions of Orange County and Greater Los Angeles
conjoined-02,conjoined,"Violence, California Department of Justice, Doris Tate Crime Victims Bureau, Contra"
conjoined-02,conjoined,Virgin Galactic & Virgin Orbit
conjoined-02,conjoined,"Vista Independent Cities Association Orange County Division, League of California Cities California Police Chiefs Association"
conjoined-02,conjoined,Viterbi School of Engineering California State University Northridge
conjoined-02,conjoined,"Voice, Grandparents As Parents, Inc., Grandparents As Momentary Parents Again, and 55 individuals"
conjoined-02,conjoined,Volvo) General Motors Honda North America
conjoined-02,conjoined,"Voters, Californians Against Waste, Center for"
conjoined-02,conjoined,"Voters, City of Los Angeles & San Jose"
conjoined-02,conjoined,"Voters, CLCV Education Fund, California Natural"
conjoined-02,conjoined,"Voters, Clean Power Campaign, Natural Resources"
conjoined-02,conjoined,"Voters, Coalition for Clean Air, Communities"
conjoined-02,conjoined,"Voters, Concord, Central Contra Costa Solid"
conjoined-02,conjoined,"Voters, Pacer Distribution Services, Inc., Planning and Conservation League, Sierra Club"
conjoined-02,conjoined,"Voters, Planning and Conservation League (PCL)"
conjoined-02,conjoined,"Waste Association of North America, Waste"
conjoined-02,conjoined,"Waste Authority, Clean Water Action, Environment California, Maywood, Pico Rivera, Planning and Conservation League, San Fernando, San Francisco, San Pablo, Santa Cruz County"
conjoined-02,conjoined,"Waste Management Task Force, Sierra Club California"
conjoined-02,conjoined,"Waste Management, Safety-Kleen, Evergreen"
conjoined-02,conjoined,"Waste Systems, Sanitation Districts of Los"
conjoined-02,conjoined,"Waste, California Communities Against Toxics, California Environmental Rights Alliance, California Safe Schools, Center for"
conjoined-02,conjoined,"Waste, California State Association of Counties, Environmental Entrepreneurs (E2), City and County of San Francisco"
conjoined-02,conjoined,"Waste, Center for Environmental Health, Planning and Conservation League, Santa Clara"
conjoined-02,conjoined,"Waste, Center for Safe Energy, Grandmothers for"
conjoined-02,conjoined,"Waste, Community Recycling and Resource"
conjoined-02,conjoined,"Waste, Inc., As You Sow, Californians Against"
conjoined-02,conjoined,"Wastewater District Board of Directors, East"
conjoined-02,conjoined,"Water (5 letters), Rayne Water Conditioning (46 letters), Richetti Water Conditioning Systems (4 letters), Smart Systems, Special T Water"
conjoined-02,conjoined,"Water Action, Community Environmental Council, Defenders of Wildlife, Environmental"
conjoined-02,conjoined,"Water Agencies Group, Rowland Water District, Walnut Valley"
conjoined-02,conjoined,"Water Agency, Western States Petroleum"
conjoined-02,conjoined,"Water Centers, Purified Water Systems (3 letters), Quality Home Products (3 letters), Quality Water Engineering, Inc., Rain Soft, Randazzo's Water Conditioning, Rayne Quality"
conjoined-02,conjoined,"Water Department, Los Angeles, Roseville, Metropolitan Water District of Southern"
conjoined-02,conjoined,"Water District of Southern California, Pomona-Walnut-Rowland Joint Water Line Commission, Public"
conjoined-02,conjoined,"Water District, El Dorado Irrigation District, Monte Vista Water District, Placer County Water"
conjoined-02,conjoined,"Water District, Industry Manufacturers Council"
conjoined-02,conjoined,"Water District, Inland Empire Utilities Agency, Metropolitan Water District of Southern California, Palmdale Water District, San Gabriel Valley Water"
conjoined-02,conjoined,"Water District, San Dieguito Water District, San Gabriel County Water District, Scotts"
conjoined-02,conjoined,"Water District, Sierra Club California"
conjoined-02,conjoined,"Water District, Sierra Club-California"
conjoined-02,conjoined,"Water District, Solid Waste Association of North America"
conjoined-02,conjoined,"Water Districts of: Biggs-West Gridley, Borrego, Calleguas"
conjoined-02,conjoined,"Water Products, Inc., AQUA 2000, Aquion Limited"
conjoined-02,conjoined,"Water, Environmental Working Group, Greenaction"
conjoined-02,conjoined,"Watereuse, Planning and Conservation League"
conjoined-02,conjoined,"WateReuse, Sierra Club, League of California Cities"
conjoined-02,conjoined,WaterKeepers: Contra Costa Resource Conservation District
conjoined-02,conjoined,"Waters of North America, Glacier Water, Greater"
conjoined-02,conjoined,"Waters, Center for Marine Conservation, E"
conjoined-02,conjoined,"Wax & Sons, Shaklee Corp., Simi Valley Chamber"
conjoined-02,conjoined,WebTrafficSchool.com InstantTrafficSchool.com
conjoined-02,conjoined,"WeDrop, Irvine City Council Member Melissa Fox"
conjoined-02,conjoined,"West Coast Protective League, Glass Molders, Pottery, Plastic International Union"
conjoined-02,conjoined,West Hollywood Community Housing Corporation Westside Regional Center
conjoined-02,conjoined,Western Center on Law & poverty AARP California
conjoined-02,conjoined,Western Center on Law & Poverty Department of Consumer Affairs (sponsor)
conjoined-02,conjoined,"Western Center on Law & Poverty, Inc./ Children's Defense Fund"
conjoined-02,conjoined,Western Center on Law & Poverty: Young Survival Coalition
conjoined-02,conjoined,Western Center on Law and Poverty : Asian Law Alliance
conjoined-02,conjoined,Western Center on Law and Poverty and California Pan-Ethnic Health Network write
conjoined-02,conjoined,Western Center on Law and Poverty and Health Access California write
conjoined-02,conjoined,Western Center on Law and Poverty Young Minds Advocacy
conjoined-02,conjoined,Western Center on Law and Poverty/MAZON/CSSA/Student Senate for California Community Colleges/Young Invincibles /University of California Student Association CCWRO (Co-Sponsors)
conjoined-02,conjoined,Western Center on Law and Poverty: Asian Law Alliance
conjoined-02,conjoined,Western Center on Law and PovertyBay Area Legal Aid
conjoined-02,conjoined,Western Diocese/Armenian General Benevolent Union
conjoined-02,conjoined,"Western Electrical Contractors Association, Independent Electrical Contractors"
conjoined-02,conjoined,Western Electrical Contractors Association: Western Wall & Ceiling Contractors Association
conjoined-02,conjoined,Western Fairs Association NEUTRAL: San Mateo Couunty Expo
conjoined-02,conjoined,"Western Painting & Coating Contractors Association, Western Wall & Ceiling Contractors Association"
conjoined-02,conjoined,Western Riverside Council of Governments Cities of : Aliso Viejo
conjoined-02,conjoined,Western States Council of Sheet Metal Workers State Controller's Office
conjoined-02,conjoined,Western States Council of Sheet Metal Workers Worksafe
conjoined-02,conjoined,"Western States Council of Sheet Metal Workers, International Union of Elevator Constructors"
conjoined-02,conjoined,"Western States Petroleum Assn., California Chamber of Commerce, California Manufacturers' Assn., Metropolitan Water District, Solar Turbines, Lam Research Corp"
conjoined-02,conjoined,Western States Petroleum Association Hughes Electronics Northrop Grumman: Intel Corporation
conjoined-02,conjoined,Western United Dairymen and California Grain and
conjoined-02,conjoined,"Westlake Village Homeowners Assoc., WRAP Family Services"
conjoined-02,conjoined,Westside Cities Council of Governments. Cities of Arcardia
conjoined-02,conjoined,White People 4 Black Lives. Women's Foundation of California
conjoined-02,conjoined,Whitman Breed Abbott and Morgan Haight Ashbury Free Clinics
conjoined-02,conjoined,WHO and UNICEF
conjoined-02,conjoined,"Wilderness Society, The Wishtoyo Chumash Foundation"
conjoined-02,conjoined,"Williams Company, Silicon Valley Manufacturing"
conjoined-02,conjoined,"Willis Casey, Chief of Police"
conjoined-02,conjoined,Willows County of Sacramento Independent Cities Association Councilmember Laura Chick
conjoined-02,conjoined,"Wilson Group, The, Yolo Audubon Society"
conjoined-02,conjoined,"WINGS For Battered Women and their Children, Monterey Peninsula YWCA, Women Shelter, Center for Domestic Violence Prevention, South Lake Tahoe Womenos Center, San Diego"
conjoined-02,conjoined,"Wiyot Tribe, The Presbytery of San Diego, Twenty-nine Palms Band of Mission Indians, United Auburn Indian Community, Union of American Hebrew Congregations, 8 individuals"
conjoined-02,conjoined,"WMX Technologies, Laidlaw Environmental"
conjoined-02,conjoined,"Women Advancing the Valley Through Education, Attorney General Bill Lockyer"
conjoined-02,conjoined,Women Against Gun Violence' Women for American Values and Ethics
conjoined-02,conjoined,"Women Escaping a Child, Youth and Family Board of Supervisors"
conjoined-02,conjoined,Women on Bikes California & the Pedal Love Project
conjoined-02,conjoined,"Women, California Public Interest Research"
conjoined-02,conjoined,"Women, Los Angeles, Natural Resources Defense"
conjoined-02,conjoined,"Womenos Alternatives, Haven Womenos Center, wisconsin Coalition Against Domestic"
conjoined-02,conjoined,"Workers Local 5, USA Cab Ltd. (San Diego), Yellow Checker Cab Company, Inc. (San Jose), Yellow Cab Cooperative (San Francisco)"
conjoined-02,conjoined,YMCA of Greater Long Beach Berkeley-Albany YMCA
conjoined-02,conjoined,Yolo County Office of Education/Davis Unified School District
conjoined-02,conjoined,Young's Market Company and by Southern Wine and Spirits of California
conjoined-02,conjoined,Youth and Family Coalition California State Association of Counties County of Santa Clara
conjoined-02,conjoined,Yuba City Cities of: Arroyo Grande
conjoined-02,conjoined,Yucaipa County of Orange League of CA Cities League of CA Cities
conjoined-02,conjoined,Yucaipa. Counties of: Monterey
conjoined-02,conjoined,"Yurok Tribe, Klamath Water Users Association"
conjoined-02,conjoined,"Yurok Tribe, Pechanga Band of Mission Indians, and Bear River of the Rohnerville Rancheria"
conjoined-02,conjoined,YWCA (Glendale) YWCA - Wings (West Covina)
conjoined-02,conjoined,"Zone 7 Water Agency, Dublin San Ramon Services District, Roz"
conjoined-02,conjoined,"Zone, San Joaquin Partnership,Tehama Local Development"
conjoined-02,conjoined,"ZUMAR Industries, Inc. Roderick A. Campbell"
consolidate-01,consolidate,American Subcontractors Association-California
consolidate-01,consolidate,Bon Appétit Management Company
consolidate-01,consolidate,"California Federation of Teachers, AFT, AFL-CIO"
consolidate-01,consolidate,Triple-A Council of California
consolidate-01,consolidate,"Trustees Association (UTA), Five individuals"
consolidate-01,consolidate,Trusts and Estates Section of the State Bar of California AB 1363 (Jones)
consolidate-01,consolidate,Trusts and Estates Section of the State Bar of California: County of San Diego
consolidate-01,consolidate,Tulare District Attorney's Office
consolidate-01,consolidate,Twenty-Nine Palms
consolidate-01,consolidate,Twenty-Nine Palms Water District
consolidate-01,consolidate,U.A. Local 78 (prior version)
consolidate-01,consolidate,uAaspire
consolidate-01,consolidate,UAW 2865 Joint Council/Executive Board
consolidate-01,consolidate,UAW Locals 2865 (Berkeley) and 4123 (Sacramento)
consolidate-01,consolidate,UC Student Workers Union - UAW Local 2865
consolidate-01,consolidate,UC-AFT Local 1474
consolidate-01,consolidate,UCAN - United Chamber Advocacy Network
consolidate-01,consolidate,UDAW/AFSCME Local 3930
consolidate-01,consolidate,UDI/AFSCME Local 3930
consolidate-01,consolidate,UDW / AFSCME Local 3930
consolidate-01,consolidate,UDW America - AFSCME Local 3930
consolidate-01,consolidate,UDW Homecare Providers Unions
consolidate-01,consolidate,"UDW, AFSCME Local 3930"
consolidate-01,consolidate,UDW-AFSCME Local 3930
consolidate-01,consolidate,UDW/ AFSCME Local 3930
consolidate-01,consolidate,UDW/AFSCEM Local 3930
consolidate-01,consolidate,UDW/AFSCME
consolidate-01,consolidate,UDW/AFSCME Local 390
consolidate-01,consolidate,UDW/AFSCME Local 3903
consolidate-01,consolidate,UDW/AFSCME Local 3930 (Co - Sponsor)
consolidate-01,consolidate,UDW/AFSCME Local 3930 (Co-Sponsors)
consolidate-01,consolidate,UDW/AFSCME Local 3930 (sponsors)
consolidate-01,consolidate,UFCW Local 1179 (prior version)
consolidate-01,consolidate,UFCW Local 839 (prior version)
consolidate-01,consolidate,"UFCW, AFL-CIO & CLC, Local 839: Union 155"
consolidate-01,consolidate,UFCW- Local 5
consolidate-01,consolidate,"UKIAH UNIFIED 6,777"
consolidate-01,consolidate,UNAC
consolidate-01,consolidate,Union City Firefighters Local 1946
consolidate-01,consolidate,"UNION ELEMENTARY 5,063"
consolidate-01,consolidate,Union of American Physicians & Ca State Employees Association
consolidate-01,consolidate,Union of American Physicians and SB 2156 (Lewis) Page b Dentists
consolidate-01,consolidate,Union of Concerned Scientists: GOVERNOR'S VETO MESSAGE
consolidate-01,consolidate,Unitarian Universalist Project Freedom of Religion. SB 38 -- 4/5/99 Page
consolidate-01,consolidate,United Association of California Careproviders 635 individuals
consolidate-01,consolidate,United Chamber Advocacy Network (prior version)
consolidate-01,consolidate,United Chambers of Commerce - San Fernando Valley
consolidate-01,consolidate,United Chambers of Commerce - San Fernando Valley & Region
consolidate-01,consolidate,United Chambers of Commerce of the
consolidate-01,consolidate,"United Chambers of Commerce of the San Fernando Valley (July 9, 2007)"
consolidate-01,consolidate,United Chambers of Commerce: San Fernando Valley & Region
consolidate-01,consolidate,United Chambers of Commerce: San Fernando Valley and Region
consolidate-01,consolidate,United Child Care Campaign: GOVERNOR'S VETO MESSAGE
consolidate-01,consolidate,United Domestic Workers (sponsors)
consolidate-01,consolidate,United Domestic Workers (UDW/AFSCME)
consolidate-01,consolidate,United Domestic Workers - AFSCME Local 3930
consolidate-01,consolidate,United Domestic Workers AFSCME Local 3930
consolidate-01,consolidate,United Domestic Workers and the American Federation of State
consolidate-01,consolidate,United Domestic Workers of AB 81 (Napolitano) America
consolidate-01,consolidate,United Domestic Workers of America (co-sponsors)
consolidate-01,consolidate,United Domestic Workers of America (UDW) AFSCME Local 3930
consolidate-01,consolidate,United Domestic Workers of America (UDW/AFSCME)
consolidate-01,consolidate,United Domestic Workers of America - AFSCME Local 3930 / AFL-CIO
consolidate-01,consolidate,"United Domestic Workers of America - AFSCME Local 3930, AFL-CIO"
consolidate-01,consolidate,"United Domestic Workers of America - AFSME Local 3930, AFL-CIO"
consolidate-01,consolidate,United Domestic Workers of America / AFSCME Local 3930 / AFL-CIO (prior version)
consolidate-01,consolidate,United Domestic Workers of America /AFSCME
consolidate-01,consolidate,United Domestic Workers of America /AFSCME Local 3930
consolidate-01,consolidate,United Domestic Workers of America AFSCME Local 3930
consolidate-01,consolidate,United Domestic Workers of America Co-Sponsor
consolidate-01,consolidate,United Domestic Workers of America UDW/AFSCME Local 3930
consolidate-01,consolidate,"United Domestic Workers of America, UDW/AFSCME Local 3930"
consolidate-01,consolidate,"United Domestic Workers of America- AFSME Local 3930, AFL-CIO (Co-Sponsors)"
consolidate-01,consolidate,United Domestic Workers of America/ AFSCME Local 3930/ AFL-CIO
consolidate-01,consolidate,"United Domestic Workers of America/AFSCME Local 3930, AFL-CIO"
consolidate-01,consolidate,United Domestic Workers of America/AFSCME Local 3930/AFL-CIO
consolidate-01,consolidate,United Domestic Workers of America/AFSME Local 3930 AFL-CIO
consolidate-01,consolidate,United Domestic Workers of American/AFSCME (prior version)
consolidate-01,consolidate,"United Domestic Workers, AFSCME, Local 3930"
consolidate-01,consolidate,United Domestic Workers- AFSCME Local 3930
consolidate-01,consolidate,United Domestic Workers-UDW/AFSCME Local 3930
consolidate-01,consolidate,United EMS Workers AFSCME Local 4911
consolidate-01,consolidate,"United EMS Workers Local 4911, AFSCME, AFL-CIO"
consolidate-01,consolidate,"United EMS Workers, AFSCME Local 4911 -- END"
consolidate-01,consolidate,United Firefighters of Los Angeles City (UFLAC) Local 112
consolidate-01,consolidate,"United Firefighters of Los Angeles City, IAFF Local 112"
consolidate-01,consolidate,"United Firefighters of Los Angeles City, Local 112 (UFLAC)"
consolidate-01,consolidate,United Healthcare (previous version)
consolidate-01,consolidate,United Here Local 11
consolidate-01,consolidate,United HERE Local 11
consolidate-01,consolidate,United Long Term Care Workers (SEIU Local 6434)
consolidate-01,consolidate,United Long Term Care Workers Union (SEIU) Local 6434
consolidate-01,consolidate,United Nurses Association of Ca/Union of Health Care Professionals
consolidate-01,consolidate,United Nurses Association of California (committee
consolidate-01,consolidate,United Nurses Association of California / Union of Health Care Professionals
consolidate-01,consolidate,"United Nurses Association of California, AFSCME"
consolidate-01,consolidate,United Nurses Association of California/ Union of Health
consolidate-01,consolidate,United Nurses Association of California/Union of Health Care Professional
consolidate-01,consolidate,"United Nurses Association of California/Union of Health Care Professionals, AFSCME"
consolidate-01,consolidate,United Nurses Association of California/Union of Healthcare
consolidate-01,consolidate,United Nurses Association of California/Union of Heath Care Professionals
consolidate-01,consolidate,"United Nurses Association/Union of Health Care Professionals, AFSCME"
consolidate-01,consolidate,United Nurses Associations of CA-Union of Health Care Professionals
consolidate-01,consolidate,United Nurses Associations of California (UNAC-AFSCME)/Union of Health Care
consolidate-01,consolidate,United Nurses Associations of California-AFSCME
consolidate-01,consolidate,United Nurses Associations of California/ Union of Health
consolidate-01,consolidate,United Nurses Associations of California/ Union of Health Care
consolidate-01,consolidate,United Nurses Associations of California/ Union of Health Care Professions
consolidate-01,consolidate,United Nurses Associations of California/Union of Health Care Professionals (UNAC)
consolidate-01,consolidate,United Nurses Associations of California/Union of Health Care Professionals (UNAC/UHAP)
consolidate-01,consolidate,United Nurses Associations of California/Union of Health Care Professionals (UNAC/UHCP/AFSCME)
consolidate-01,consolidate,United Nurses Associations/ Union of Health Care Professionals
consolidate-01,consolidate,United Nurses of California/Union of Health Care Professionals (UNAC/UHCP)
consolidate-01,consolidate,United Professional Fire Fighters Local 1230
consolidate-01,consolidate,"United Professional Firefighters Contra Costa County, I.A.F.F., Local 1230"
consolidate-02,consolidate,"United Professional Firefighters of Contra Costa County, I.A.F.F., Local 1230"
consolidate-02,consolidate,"United Professional Firefighters, IAFF Local 1230"
consolidate-02,consolidate,United States Marine Corps bases and stations in California
consolidate-02,consolidate,United Teachers of Los Angeles (sections 1 and
consolidate-02,consolidate,"United Teachers of Los Angeles, AFT, Local 1021"
consolidate-02,consolidate,"United Teachers of Los Angeles, Aft, Local 1021"
consolidate-02,consolidate,"United Teachers of Los Angeles, the sponsor of this"
consolidate-02,consolidate,UNITEHERE Local 2850
consolidate-02,consolidate,UniteHere! Local 30
consolidate-02,consolidate,"University Council - American Federation of Teachers, AFL-CIO"
consolidate-02,consolidate,University Council American Federation of Teachers Local 1474
consolidate-02,consolidate,"University Council, CA Federation of Teachers, UCSB. (Senate Floor"
consolidate-02,consolidate,University Council- American Federation of Teachers
consolidate-02,consolidate,University Council-American Federation of Teachers (UC-AFT)
consolidate-02,consolidate,University of California (UC) writes
consolidate-02,consolidate,University Office of the President
consolidate-02,consolidate,University Professional and Technical Employees - Communication Workers of America Local 9119
consolidate-02,consolidate,University Professional and Technical Employees - Communication Workers of American Local 9119
consolidate-02,consolidate,"University Professional and Technical Employees - CWA, Local 9119"
consolidate-02,consolidate,"University Professional and Technical Employees, UPTE-CWA Local 919"
consolidate-02,consolidate,"University Professional and Technical Employees/Communications Workers of America, Local 9119"
consolidate-02,consolidate,Unlimited Energy Inc. Solar Solutions
consolidate-02,consolidate,"Unlimited, California Park and Recreation"
consolidate-02,consolidate,Upper Valley Disposal & Recycling (committee analysis)
consolidate-02,consolidate,"UPTE-CWA, Local 9119"
consolidate-02,consolidate,Urban SB 65 (Johannessen) Strategies Council
consolidate-02,consolidate,US Green Building Council-California
consolidate-02,consolidate,USCF Fresno facility
consolidate-02,consolidate,Utopia Management on behalf of
consolidate-02,consolidate,Vallejo City Unified School District Native American Studies Program
consolidate-02,consolidate,Valley/Northeast Los Angeles Chapter
consolidate-02,consolidate,Vanessa Czopek
consolidate-02,consolidate,Vanessa Quiroz-carter - Mayor Pro Tempore of Watsonville
consolidate-02,consolidate,Ventura City Firefighters Association Local 3431
consolidate-02,consolidate,Ventura County Arts Council Ab 1283-Kehoe
consolidate-02,consolidate,"VENTURA OXNARD ELEMENTARY 14,228"
consolidate-02,consolidate,"VENTURA VENTURA UNIFIED 16,859"
consolidate-02,consolidate,Veterans Caucus California Democratic Party
consolidate-02,consolidate,Veterans Caucus for the California Democratic Party
consolidate-02,consolidate,Veterans of Foreign Wars of the United States (Department of California)
consolidate-02,consolidate,"Veterans of Foreign Wars of the United States, Department of California (Sponsors)"
consolidate-02,consolidate,"Veterans of Foreign Wars of the United States, Department: of California"
consolidate-02,consolidate,"Veterans of Foreign Wars, Department of California (VFW)"
consolidate-02,consolidate,"Veterans of Foreign Wars, Department of California Various letters from private citizens"
consolidate-02,consolidate,Veterans of Foreign Wars- Department of CA
consolidate-02,consolidate,VFW - Department of California (co -source)
consolidate-02,consolidate,"VFW, Past Commander, Robert Marr"
consolidate-02,consolidate,"VFW, Vice Commander, Robert S. Hockenhull"
consolidate-02,consolidate,Vietnam Veterans of America (CA State Council)
consolidate-02,consolidate,Vietnam Veterans of America - California State Council (co -source)
consolidate-02,consolidate,Vietnam Veterans of America -California State Council
consolidate-02,consolidate,Vietnam Veterans of America-California state council
consolidate-02,consolidate,Vietnam Veterans of America-California State Council[1
consolidate-02,consolidate,Vietnam Veterans of California - California State Council
consolidate-02,consolidate,Vietnam Veterans of California: Bay Area Organizations
consolidate-02,consolidate,Violence SB 1340 (Solis and Alpert) Prevention Coalition of Greater Los Angeles
consolidate-02,consolidate,"Virtual Radiologic, the sponsor of the bill"
consolidate-02,consolidate,"Vision Service Plan and others state the bill is aimed at correcting a ""chaptering"" problem that"
consolidate-02,consolidate,"Vista Firefighters Association, Local 4107"
consolidate-02,consolidate,"Vito Chiesa, Stanislaus County Supervisor, District 2"
consolidate-02,consolidate,Vote the Coast AB 2514 (JACKSON)
consolidate-02,consolidate,"VTA, sponsor of the bill"
consolidate-02,consolidate,"W. Douglas Franks, Chief of Police"
consolidate-02,consolidate,W.S. Dodge Oil Company
consolidate-02,consolidate,"WASHINGTON UNIFIED 5,698"
consolidate-02,consolidate,WCLP also
consolidate-02,consolidate,"Western Center on Law and Poverty, Inc.: GOVERNOR'S VETO MESSAGE"
consolidate-02,consolidate,Western Center on Law and Poverty: GOVERNOR'S VETO MESSAGE
consolidate-02,consolidate,Western Housing Manufactured Communities
consolidate-02,consolidate,Western League of Savings and Loan Institutions. SB 2066 (Haynes)
consolidate-02,consolidate,Western League of Savings and Loan Institutions. SB 994 (Haynes)
consolidate-02,consolidate,"Western States Council Sheet Metal, Air, Rail and Transportation Workers"
consolidate-02,consolidate,"Westside Regional Center NOTE: Opposition may not reflect bill as amended April 24, 2000"
consolidate-02,consolidate,Weyerhaeuser SB 557-Kuehl
consolidate-02,consolidate,Whispering Palms CSD: Associations
consolidate-02,consolidate,"White Memorial Medical Center, Adventist Health"
consolidate-02,consolidate,White People 4 Black Lives (prior version)
consolidate-02,consolidate,Whittier Audubon Society
consolidate-02,consolidate,"WHITTIER CITY ELEMENTARY 6,765"
consolidate-02,consolidate,Whittier Parents for Choice (prior version)
consolidate-02,consolidate,Whittier School District (Previous version)
consolidate-02,consolidate,"WHITTIER UNION HIGH 10,126"
consolidate-02,consolidate,WIC of Planned Parenthood of Orange and San Bernardino Counties
consolidate-02,consolidate,"William Barnaby, Inc. SB 1847 (Russell)"
consolidate-02,consolidate,"Willis Casey, Chief of Police, Pittsburg Police Department"
consolidate-02,consolidate,"Winemakers of California, Western States"
consolidate-02,consolidate,"WinWinWeb, LLC (dba Everything Grows Interior Landscaping)"
consolidate-02,consolidate,"WinWinWeb, LLC dba Everything Grows Interior Landscaping 1 Individual"
consolidate-02,consolidate,Wireless Radiation Education & Defense Www.gmoscience.org
consolidate-02,consolidate,Wolcott Architecture - Interiors
consolidate-02,consolidate,Women at Risk - Culver City
consolidate-02,consolidate,Women Fight Back
consolidate-02,consolidate,Women Volunteers in Politics: GOVERNOR'S VETO MESSAGE
consolidate-02,consolidate,Women's International League for Peace and Freedom - Peninsula Branch
consolidate-02,consolidate,Women's International League for Peace and Freedom -Santa
consolidate-02,consolidate,"Working for Quality Child Care: Clergy Members:, Rabbi Dana Magat, San Jose"
consolidate-02,consolidate,Worksafe also
consolidate-02,consolidate,Worksafe. AB 1249 (House)
consolidate-02,consolidate,WSPA also
consolidate-02,consolidate,"Yolo County Assessor, Alan B. Flory"
consolidate-02,consolidate,Yolo Move-on
consolidate-02,consolidate,Young Families in Our Libraries Teen Parent Project: GOVERNOR'S VETO MESSAGE
consolidate-02,consolidate,YWCA (Glendale)
consolidate-02,consolidate,YWCA - Glendale
consolidate-02,consolidate,YWCA - San Francisco & Marin
consolidate-02,consolidate,YWCA of Glendale (Two individuals)
consolidate-02,consolidate,YWCA of Silicon Valley Rape Crisis Center employees
consolidate-02,consolidate,YWCA Santa Monica /Westside
consolidate-02,consolidate,YWCA- WINGS
consolidate-02,consolidate,Zero Air Pollution (committee analysis)
consolidate-02,consolidate,ZG International Health Care Division Individuals
consolidate-02,consolidate,Zone 7 of Alameda Co. Flood Control and Water Conservation District
consolidate-02,consolidate,Zone 7 of Alameda County Flood Control
consolidate-02,consolidate,Zone 7 of Alameda County Flood Control and Water Conservation
consolidate-02,consolidate,Zone 7 Water Agency of Alameda County (Zone 7)
individuals-01,individuals,a number of individuals
individuals-01,individuals,"Alan Slater, Chief Executive Officer, Superior Court"
individuals-01,individuals,and Upper San Gabriel Valley Municipal Water District Board President Leon M. N. Garcia
individuals-01,individuals,"Anthony F. Cardenas, Chief of Police"
individuals-01,individuals,"Assistant Sheriff, City and County of San Francisco"
individuals-01,individuals,"Bert Johansson, Chief of Police"
individuals-01,individuals,"Bob McDonell, Chief of Police"
individuals-01,individuals,"Bob Pfohl, Fire Chief"
individuals-01,individuals,"Brown D. Taylor, Chief of Police"
individuals-01,individuals,"Bruce Alberts, Chancellor's Leadership Chair in Biochemistry and Biophysics for Science and Education, University of California, San Francisco"
individuals-01,individuals,"Charles Brobeck, Chief of Police"
individuals-01,individuals,"Charles H. Boxenbaum, Chairman of the Board, National"
individuals-01,individuals,"Charles H. Boxenbaum, Chairman of the Board, National Partnership"
individuals-01,individuals,"Charles McGlashan, President, Marin County Board of Supervisors Environment"
individuals-01,individuals,"Charles S. Brobeck, Chief of Police"
individuals-01,individuals,Chief of Police Alan Lanning
individuals-01,individuals,Chief of Police Anthony Batts
individuals-01,individuals,Chief of Police Blair Urling
individuals-01,individuals,"Chris Durkin, Chief of Police"
individuals-01,individuals,Council President Anthony Young
individuals-01,individuals,Council President Georgette Gómez
individuals-01,individuals,Council President Joe Lacava's Office
individuals-01,individuals,Council President Scott Peters
individuals-01,individuals,"Councilmember Nelson Esparza, Fresno City Council President"
individuals-01,individuals,"Daniel D. Farell, Fire Chief"
individuals-01,individuals,"Daniel Givens, Chief of Police"
individuals-01,individuals,"Daniel R. Monez, Chief of Police"
individuals-01,individuals,"Daryl M. Wicker, Chief of Police"
individuals-01,individuals,"David Chiu, President, San Francisco Board of Supervisors"
individuals-01,individuals,"David S. Barr, Chief of Police"
individuals-01,individuals,"David Solaro, Chief of Police"
individuals-01,individuals,"Douglas Krathwohl, Chief of Police"
individuals-01,individuals,"Dr. Donald Kennedy, Bing Professor of Environmental Science and Stanford President Emeritus, Stanford University"
individuals-01,individuals,"Eighth District of San Diego (Benjamin Hueso, Council President)"
individuals-01,individuals,"Elvin G. Miali, Chief of Police"
individuals-01,individuals,"Gary A. Prince, Chief of Police"
individuals-01,individuals,"Gene H. Kulander, Chief of Police"
individuals-01,individuals,"Gordon E. Pitter, Chief of Police"
individuals-01,individuals,"Harold Barker, Chief of Police"
individuals-01,individuals,"Heather Costello, Marin County Sheriff's Office Communications Center"
individuals-01,individuals,"Honorable Louis Scanlon, Chief of Police"
individuals-01,individuals,Hundreds of individuals
individuals-01,individuals,Individual letter
individuals-01,individuals,Individual letter (1)
individuals-01,individuals,Individual letters (2)
individuals-01,individuals,"James E. Oman, Chief of Police"
individuals-01,individuals,"Jan Scully, Sacramento County District Attorney Sheriff Glen Craig, Sacramento County Chief Arturo Venegas"
individuals-01,individuals,"Jeff Bowman, Fire Chief"
individuals-01,individuals,Jill Ravitch Sonoma County Sheriff
individuals-01,individuals,"Jim Anderson, Sheriff, Santa Barbara County"
individuals-01,individuals,"Jim Dabrinski, Fire Chief"
individuals-01,individuals,"Jim Horne, Fire Chief"
individuals-01,individuals,"John Broderick, Chief of Police"
individuals-01,individuals,"John H. Cleghorn, Chief of Police"
individuals-01,individuals,"John M. Simpson, Chief of Police"
individuals-01,individuals,"John R. Robertson, Chief of Police"
individuals-01,individuals,"Judge Ralph Nunez, Fresno County Superior Court and President of the Board of Directors of the Central"
individuals-01,individuals,Judges
individuals-01,individuals,"Keith Carson, Board President, Alameda County"
individuals-01,individuals,"Keith Carson, President, Alameda County Board of Supervisors"
individuals-01,individuals,"Ken Fortier, Chief of Police"
individuals-01,individuals,LA Metro Board Member Mayor Ara Najarian
individuals-01,individuals,LA Metro Board Member Mayor James Butts
individuals-01,individuals,LA Metro Board Member Mayor Tim Sandoval
individuals-01,individuals,"Larry J. Shaw, Chief of Police"
individuals-01,individuals,"Larry Profitt, Chief of Police"
individuals-01,individuals,"Lawrence D. Sukay, Assistant Fire Chief"
individuals-01,individuals,"Lee Dean, Chief of Police"
individuals-01,individuals,"Leon Burrus, Chief of Police"
individuals-01,individuals,"Lieutenant Chris Pappas, Santa Barbara County Sheriff's"
individuals-01,individuals,"Los Angeles City Council President Herb J. Wesson, Jr"
individuals-01,individuals,Los Angeles City Council President Nury Martinez
individuals-01,individuals,"Michael L. Threlkeld, Fire Chief"
individuals-01,individuals,"Michael L. Warren, Fire Chief"
individuals-01,individuals,"Michael R. Efford, Chief of Police"
individuals-01,individuals,"Mike Skogh, Chief of Police"
individuals-01,individuals,"Mr. David M. Singer, Chief of Police"
individuals-01,individuals,"Mr. John R. Liebman, Member, President's Export Council Subcommittee on"
individuals-01,individuals,"Norm Venturino, Chief of Police"
individuals-01,individuals,numerous county Sheriff's offices
individuals-01,individuals,Numerous individual letters
individuals-01,individuals,"Patrick A. Smith, Chief of Police"
individuals-01,individuals,"President of County of Santa Clara Supervisor Dave Cortese, Third District"
individuals-01,individuals,"Richard A. Breza, Chief of Police"
individuals-01,individuals,"Richard F. Thomas, Chief of Police"
individuals-01,individuals,"Richard M. Tefank, Chief of Police"
individuals-01,individuals,"Richard Sill, Chief of Police"
individuals-01,individuals,"Robert Blankenship, Chief of Police"
individuals-01,individuals,"Robert Chalk, Chief of Police"
individuals-01,individuals,"Roger W. Johnson, Chief of Police"
individuals-01,individuals,"Russ Smith, Chief of Police"
individuals-01,individuals,"Samuel C. Scott, Chief of Police"
individuals-01,individuals,Several individual letters
individuals-01,individuals,Sheriff - Contra Costa County
individuals-01,individuals,Sheriff - Del Norte County
individuals-01,individuals,Sheriff - El Dorado County
individuals-01,individuals,Sheriff - Sacramento County
individuals-01,individuals,Sheriff - Stanislaus County
individuals-01,individuals,Sheriff - Ventura County
individuals-01,individuals,Sheriff - Yolo County
individuals-01,individuals,"Sheriff of Shasta County, California"
individuals-01,individuals,"Sheriff, Merced County"
individuals-01,individuals,"Sheriff, Plumas County"
individuals-01,individuals,"Sheriff, Sacramento County (letter dated 4/28/95) NOTE: THE OPPOSITION RECEIVED WAS SENT PRIOR TO THE LATEST"
individuals-01,individuals,Sheriff- Coroner of San Bernardino County
individuals-01,individuals,"Solano County Supervisor Barbara Kondylis, South San Francisco Mayor Richard Garbarino"
individuals-01,individuals,"Steve Staveley, Chief of Police"
individuals-01,individuals,"Tedd Laycock, Fire Chief"
individuals-01,individuals,"The Honorable Nathan Magsig, Board Chair and Supervisor"
individuals-01,individuals,"Thomas H. Simms, Chief of Police"
individuals-01,individuals,Todd Gloria- Mayor
individuals-01,individuals,"Tom Carroll, Mayor"
individuals-01,individuals,"Tom Daly, Mayor"
individuals-01,individuals,"Trustee Linda Handy, Peralta Community College District"
individuals-01,individuals,"Trustee Rick Winet, La Mesa-Spring Valley School District"
individuals-01,individuals,Tulare County Juvenile Court Judge Elisabeth B. Grant
individuals-01,individuals,"Tulare County Superior Court Judges Joseph Kalashian and William Silveira, Jr"
individuals-01,individuals,Tulare County Supervisor Amy Shuklian
individuals-01,individuals,Tulare County Supervisor Dennis Townsend
individuals-01,individuals,Tulare County Supervisor Ennis
individuals-01,individuals,Tulare County Supervisor Larry Micari
individuals-01,individuals,"Tulare County, Supervisor Vander Poel"
individuals-01,individuals,"Tulare County, Supervisor Worthley"
individuals-01,individuals,Tuolumne County Steve Vaczovsky
individuals-01,individuals,Tuolumne County Supervisor Randy Hanvelt
individuals-01,individuals,twenty four signatures on a petition
individuals-01,individuals,Twenty three private individual
individuals-01,individuals,Twenty-eight postcards from patrons of the South Bay Library of the San Luis Obispo County Library
individuals-01,individuals,Twenty-five
individuals-01,individuals,Twenty-four individuals
individuals-01,individuals,Twenty-seven private citizens
individuals-01,individuals,Twenty-Six individuals
individuals-01,individuals,Twenty-Three Individuals
individuals-01,individuals,Twenty-three private individuals
individuals-01,individuals,two attorneys
individuals-01,individuals,Two attorneys (Glendale and West Hills)
individuals-01,individuals,two concerned individuals
individuals-01,individuals,Two Families
individuals-01,individuals,Two family law attorneys
individuals-01,individuals,Two French Valley community residents
individuals-02,individuals,Two Individual Attorneys
individuals-02,individuals,Two individual engineers
individuals-02,individuals,Two individual farmers
individuals-02,individuals,two individual letters
individuals-02,individuals,two individual mobilehome owner
individuals-02,individuals,Two individual physicians
individuals-02,individuals,Two individual practitioners
individuals-02,individuals,two individuals (all opposed to aspects of bill relating to criminal prosecution)
individuals-02,individuals,Two individuals (including former Los Angeles County District Attorney Steve Cooley)
individuals-02,individuals,Two individuals (prior version)
individuals-02,individuals,Two individuals (Rancho Santa Fe)
individuals-02,individuals,Two Individuals -- END
individuals-02,individuals,Two individuals AB 1866 (Leno)
individuals-02,individuals,Two law professors
individuals-02,individuals,Two letter from individuals
individuals-02,individuals,Two letters from the general public
individuals-02,individuals,Two licensed physicians (surgeons)
individuals-02,individuals,"Two mobilehome owners, Aptos and Santa Cruz"
individuals-02,individuals,"Two mobilehome park residents, San Jose"
individuals-02,individuals,Two otolaryngologists
individuals-02,individuals,Two private individuals (female executives)
individuals-02,individuals,Two private individuals (prior to June
individuals-02,individuals,Two private law firms
individuals-02,individuals,two professors
individuals-02,individuals,Two professors
individuals-02,individuals,Two victims of adoption fraud
individuals-02,individuals,"Tyler Maxwell, Vice President, Fresno City Council"
individuals-02,individuals,Tyron Hampton - Pasadena City Councilmember
individuals-02,individuals,"Tyron Hampton, Councilmember"
individuals-02,individuals,U.S. Congressman Brad Sherman
individuals-02,individuals,U.S. Congressman Henry A. Waxman
individuals-02,individuals,U.S. Congressman Howard Berman
individuals-02,individuals,U.S. Congressman Howard L. Berman
individuals-02,individuals,U.S. Congressman Jim Costa
individuals-02,individuals,U.S. Congressman Juan Vargas
individuals-02,individuals,U.S. Congressman Ro Khanna
individuals-02,individuals,U.S. Congressmember Gary G. Miller
individuals-02,individuals,U.S. Congressmember Tony Cárdenas
individuals-02,individuals,U.S. Congresswoman Ellen Tauscher
individuals-02,individuals,"U.S. House of Representatives, Member of Congress, Alan Lowenthal"
individuals-02,individuals,"U.S. House of Representatives, Member of Congress, Jared Huffman"
individuals-02,individuals,"U.S. House of Representatives, Member of Congress, John Garamendi"
individuals-02,individuals,"U.S. House of Representatives, Member of Congress, Mark DeSaulnier"
individuals-02,individuals,"U.S. House of Representatives, Member of Congress, Michael Honda"
individuals-02,individuals,"U.S. House of Representatives, Member of Congress, Susan A. Davis"
individuals-02,individuals,"U.S. House of Representatives, Member of Congress, Ted Lieu"
individuals-02,individuals,U.S. Rep. Nanette Diaz Barragán
individuals-02,individuals,U.S. Representative Alan Lowenthal
individuals-02,individuals,U.S. Representative Grace Napolitano
individuals-02,individuals,U.S. Representative Henry A. Waxman
individuals-02,individuals,U.S. Representative Jackie Speier
individuals-02,individuals,U.S. Representative Jared Huffman
individuals-02,individuals,U.S. Representative Juan Vargas
individuals-02,individuals,U.S. Representative Maxine Waters
individuals-02,individuals,U.S. Representative Ted Lieu
individuals-02,individuals,U.S. Representative Young Kim (CA-39)
individuals-02,individuals,"U.S. Representative Zoe Lofgren, 19th District, California"
individuals-02,individuals,"U.S. Senate, Senator, Dianne Feinstein"
individuals-02,individuals,U.S. Senator Barbara Boxer
individuals-02,individuals,U.S. Senator Diane Feinstein
individuals-02,individuals,U.S. Senator Jackie Speier
individuals-02,individuals,"U.S. Senator, the Honorable Diane Feinstein"
individuals-02,individuals,United State Senator Barbara Boxer
individuals-02,individuals,"United State Senator, Dianne Feinstein"
individuals-02,individuals,United States Congressman Ted W. Lieu
individuals-02,individuals,"United States Congressman, Brad Sherman"
individuals-02,individuals,United States Congressmember Mark Takano
individuals-02,individuals,United States Representative Duncan Hunter
individuals-02,individuals,"United States Representative Nancy Pelosi, Democratic"
individuals-02,individuals,"United States Representative, Adam Schiff"
individuals-02,individuals,"United States Representative, Honorable Charles Boustany"
individuals-02,individuals,United States Senator Barbara Boxer
individuals-02,individuals,United States Senator Boxer
individuals-02,individuals,United States Senator Feinstein
individuals-02,individuals,"United States Senator, Barbara Boxer"
individuals-02,individuals,"United States Senator, Dianne Feinstein"
individuals-02,individuals,"United States Senator, Honorable Mary Landrieu"
individuals-02,individuals,United States Senators Mary Landrieu and David Vitter
individuals-02,individuals,"University of California, Los Angeles professor Donald Shoup"
individuals-02,individuals,"University of California, Los Angeles, Professor of Medicine"
individuals-02,individuals,University Surgery Center: Five individual doctors
individuals-02,individuals,Ursula Davidson
individuals-02,individuals,"US Congressman, 5th District, John Garamendi"
individuals-02,individuals,US Congressmember Anna Eshoo
individuals-02,individuals,US Congressmember Barbara Lee
individuals-02,individuals,US Congressmember George Miller
individuals-02,individuals,US Congressmember Grace Napolitano
individuals-02,individuals,US Congressmember Henry Waxman
individuals-02,individuals,US Congressmember Lois Capps
individuals-02,individuals,US Congressmember Lynn Woolsey
individuals-02,individuals,US Congressmember Michael Honda
individuals-02,individuals,US Congressmember Mike Thompson
individuals-02,individuals,US Congressmember Sam Farr
individuals-02,individuals,US Senator Dianne Feinstein
individuals-02,individuals,"V. Manuel Perez, Supervisor"
individuals-02,individuals,"Val Lerch, former Vice Mayor of Long Beach"
individuals-02,individuals,Valerie Hanson [concerned citizen
individuals-02,individuals,Valerie Lambertson
individuals-02,individuals,"Valerie Lambertson, Member"
individuals-02,individuals,Valerie Pham
individuals-02,individuals,Valerie Roach
individuals-02,individuals,"Valerie Stallings, San Diego City Council"
individuals-02,individuals,"Valerie Stallings, San Diego City Council Member"
individuals-02,individuals,"Valerie Stallings, San Diego City Councilmember"
individuals-02,individuals,"Vallerie Chiappone, Individual"
individuals-02,individuals,Valley of the Moon Water District Board Member Jon L. Foreman
individuals-02,individuals,Various abalone divers
individuals-02,individuals,Various attorneys and individuals
individuals-02,individuals,Various citizens via letters and phone calls
individuals-02,individuals,Various constituents and interested parties
individuals-02,individuals,various CPA's
individuals-02,individuals,Various elected and business individuals
individuals-02,individuals,Various elected officials
individuals-02,individuals,VARIOUS ELECTED OFFICIALS FROM
individuals-02,individuals,Various homeowners
individuals-02,individuals,Various indidividuals
individuals-02,individuals,various individual attorneys
individuals-02,individuals,Various Individual Court Reporters
individuals-02,individuals,Various Individual Letters
individuals-02,individuals,Various individual radiologic technologists
individuals-02,individuals,Various individual store owners
individuals-02,individuals,Various individual veterinarians
individuals-02,individuals,Various individuals also write
individuals-02,individuals,Various individuals and attorneys
individuals-02,individuals,various individuals and doctors
individuals-02,individuals,Various individuals as victims of identity theft
individuals-02,individuals,Various individuals serving as McKinney-Vento liaisons
individuals-02,individuals,"Various individuals, including physicians"
individuals-02,individuals,"Various private citizens, including real estate"
individuals-02,individuals,Various private patrol operator employees
individuals-02,individuals,Various veterinarians
individuals-02,individuals,Ventura County Supervisor Carmen Ramirez
individuals-02,individuals,Ventura County Supervisor John K. Flynn
individuals-02,individuals,Ventura County Supervisor Judy Mikels
individuals-02,individuals,Ventura County Supervisor Mikels
individuals-02,individuals,"Ventura County Supervisor, John K. Flynn"
individuals-02,individuals,Ventura County Supervisors Peter Foy
individuals-02,individuals,"Ventura County, Supervisor Foy"
individuals-02,individuals,Veronica Hamel
individuals-03,individuals,Veronica Porter
individuals-03,individuals,"Vice Chair Soli Alpert, Berkeley"
individuals-03,individuals,Vice Chairman of the San Diego County Veterans Advisory
individuals-03,individuals,"Vice Mayor Adrian Fine, City Of Palo Alto"
individuals-03,individuals,"Vice Mayor Barbara Coler, Town of Fairfax"
individuals-03,individuals,Vice Mayor Francisco Ramirez
individuals-03,individuals,"Vice Mayor Frank Parra, National City"
individuals-03,individuals,Vice Mayor Giselle Hale
individuals-03,individuals,Vice Mayor Gloria C. Normura
individuals-03,individuals,Vice Mayor Henry Chang
individuals-03,individuals,Vice Mayor Jack Shu
individuals-03,individuals,Vice Mayor Jen Wolosin
individuals-03,individuals,Vice Mayor Jovanka Beckles
individuals-03,individuals,"Vice Mayor Karina Talamantes, Sacramento City Council, District 3"
individuals-03,individuals,"Vice Mayor Katherine Lee, Alhambra"
individuals-03,individuals,Vice Mayor Ken Weir
individuals-03,individuals,Vice Mayor Linda Maio
individuals-03,individuals,Vice Mayor Lucas Ramirez
individuals-03,individuals,Vice Mayor of City of Santa Cruz
individuals-03,individuals,Vice-Chair
individuals-03,individuals,Vicki Carlson
individuals-03,individuals,"Vickie L. Wells, CIH, CSP"
individuals-03,individuals,Victoia Hoekstra
individuals-03,individuals,"Victoria Szatalowicz, MD, Culver City"
individuals-03,individuals,Victorville City Councilmember Angela Villes
individuals-03,individuals,"Vince Doyle, FV Verna Jean"
individuals-03,individuals,"Vincent Casalaina, Willard"
individuals-03,individuals,Vincent Mudd (individual)
individuals-03,individuals,"Vinton J. Koklich, Hearing Aid Dispenser"
individuals-03,individuals,Violet Parker
individuals-03,individuals,Virginia Arnold
individuals-03,individuals,Virginia Farver
individuals-03,individuals,"Vista Shakiba, Medical Doctor"
individuals-03,individuals,Vivian Marquez
individuals-03,individuals,"W.D. ""Bill"" Stearns, Chief of Police"
individuals-03,individuals,"W.H. Wells, Jr., Ph.D., CIH, CSP"
individuals-03,individuals,"W.P. Carey, Distinguished Professor, Arizona State University"
individuals-03,individuals,Walt Brewer
individuals-03,individuals,Walt Lewis from the Pasadena District Attorneys Office
individuals-03,individuals,"Walt Shultz, El Dorado County Supervisor"
individuals-03,individuals,"Walter H. Gmelch, Dean of the School of Education, University of San"
individuals-03,individuals,Walter Mix
individuals-03,individuals,Walter Sterling
individuals-03,individuals,Walton Emmick
individuals-03,individuals,"Ward, Michael, Dean College of Engineering, Computer Science, and Construction Management, California State University, Chico"
individuals-03,individuals,Warren Ristow
individuals-03,individuals,"Warren Slocum, Chief Elections Officer & Assessor-County Clerk-Recorder, San Mateo County (February 23, 2007 version)"
individuals-03,individuals,"Warren Slocum, Supervisor, District 4"
individuals-03,individuals,Wasco City Councilmember Cherylee Wegman
individuals-03,individuals,Wayne Gretter
individuals-03,individuals,"Wayne Lesser, private attorney"
individuals-03,individuals,"Weldon Jackson, Individual"
individuals-03,individuals,Wendy Conner
individuals-03,individuals,"Wendy Gruel, Member, Los Angeles City Council"
individuals-03,individuals,"Wendy Larner, Member Ventura County Board of Education"
individuals-03,individuals,"Wendy Lindley, Presiding Judge, South Orange County Municipal"
individuals-03,individuals,Wendy Rianldi
individuals-03,individuals,"Wendy Rianldi, Board of Friends of the San Francisco Public Library"
individuals-03,individuals,Wendy W. Smith
individuals-03,individuals,Werner
individuals-03,individuals,"Wes Omoto, friend of Stephen Allen"
individuals-03,individuals,"Wesley Schultz, Ph.D., Professor of Psychology, California State"
individuals-03,individuals,Wesley Westmoreland
individuals-03,individuals,West Hollywood City Councilmember Lindsey Horvath
individuals-03,individuals,"West Virginia University, Associate Vice President for Research"
individuals-03,individuals,Westminster Vice-Mayor Kimberly Ho
individuals-03,individuals,"Whitney R. Sponsler, Oceanside"
individuals-03,individuals,Wiener
individuals-03,individuals,Wildomar City Councilmember Joseph Morabito
individuals-03,individuals,"Will Rogers, Columnist -- Leader Newspapers"
individuals-03,individuals,"Willaim S. Choate, Senior Assemlby Member, Madera"
individuals-03,individuals,"William A MacLaughlin, Presiding Judge, Superior Court of Los"
individuals-03,individuals,William Appleby
individuals-03,individuals,"William B. Grant, Ph.D"
individuals-03,individuals,William Bailey
individuals-03,individuals,"William Barnes, former Corporations Commissioner"
individuals-03,individuals,William Chapin
individuals-03,individuals,William Dale Boggs
individuals-03,individuals,"William F. Taylor, Esq. (Berkeley)"
individuals-03,individuals,"William G. Glynn, Ed.D., Vice Mayor"
individuals-03,individuals,"William Holt, attorney"
individuals-03,individuals,"William Holt, Attorney"
individuals-03,individuals,"William J. Howatt, Jr., Presiding Judge Superior Court, San"
individuals-03,individuals,"William J. Howatt, Jr., Presiding Judge, Superior Court, San Diego County"
individuals-03,individuals,William Kennedy
individuals-03,individuals,William Kissinger
individuals-03,individuals,"William L. Lee, MS, CIH, CSP"
individuals-03,individuals,"William M. Lansdowne, Chief of Police"
individuals-03,individuals,"William Mintline, Chief of Police"
individuals-03,individuals,"William O'Brien, Stanislaus County Supervisor, District One"
individuals-03,individuals,"William S. Choate, Senior Assembly Member"
individuals-03,individuals,William Schulte
individuals-03,individuals,"William Stiener, Supervisor IV, Orange"
individuals-03,individuals,"William Teague, MD, Fair Oaks"
individuals-03,individuals,William Wesley Patton (Whittier Law School)
individuals-03,individuals,"WilliamS. Comanor, Professor of Economics, UCSB"
individuals-03,individuals,"Willie L. Brown, Jr., Esq"
individuals-03,individuals,"Wilma Chan, District 3 Supervisor, Alameda County Board of Supervisors"
individuals-03,individuals,"Wilma Chan, Supervisor, Alameda County"
individuals-03,individuals,Women veterans representatives (2)
individuals-03,individuals,"Xavier Hermosillo, KMPC Radio"
individuals-03,individuals,Xochitl Rico
individuals-03,individuals,"Yee, in support of the bill"
individuals-03,individuals,"Yee, who"
individuals-03,individuals,Yolanda Hernandez
individuals-03,individuals,Yolo County Supervisor Duane Chamberlain
individuals-03,individuals,Yolo County Supervisor Helen M. Thomson
individuals-03,individuals,"Yolo County Supervisor, District 2, Don Saylor"
individuals-03,individuals,"Yolo County Supervisor, District 4, Mariko Yamada"
individuals-03,individuals,"Yoram Tal, Santa Monica, CA"
individuals-03,individuals,Yosemite Community College District Trustee
individuals-03,individuals,Yota Batsaras
individuals-03,individuals,"Young Kim, U.S Representative, CA-40"
individuals-03,individuals,"Ysabel Jurado, Los Angeles City Council, 14th District"
individuals-03,individuals,"Yuba Co. Supervisor, Gary Bradford, 4th District"
individuals-03,individuals,Yuba County - District 2 Supervisor
individuals-03,individuals,Yuba County Supervisor Andy Vasquez
individuals-03,individuals,"Yuba County Supervisor, Gary Bradford, 4th District"
individuals-03,individuals,"Yuba County, Supervisor - District Two"
individuals-03,individuals,Yvette McDowell
individuals-03,individuals,"Yvette Vartanian Davis, Board Trustee of the Glendale Community College"
individuals-03,individuals,"Yvonne Brathwaite Burke Supervisor, 2nd District Board of Supervisors"
individuals-03,individuals,"Yvonne Brathwaite Burke, Board of Supervisors"
individuals-03,individuals,"Yvonne Everett, Assist. Professor of Natural Resources"
individuals-03,individuals,"Yvonne McMurray, Constituent"
individuals-03,individuals,"Yvonne McMurray, constituent"
individuals-03,individuals,"Yvonne McMurray, resident of Los Banos"
individuals-03,individuals,Yvonne Quitana
individuals-03,individuals,"Zach Hilton, Councilmember"
individuals-03,individuals,"Zella Knight, Housing Commissioner"
individuals-03,individuals,Zeta Tau Chapter 192 individuals
individuals-03,individuals,Zeta Tau Chapter 192 private citizens
individuals-03,individuals,"Zev Yaroslavsky, Los Angeles County Board of Supervisors"
individuals-03,individuals,"Zev Yaroslavsky, Supervisor III, Los Angeles County Board of Supervisors"
individuals-03,individuals,"Zev Yaroslavsky, Supervisor Third District, Los Angeles County Board of Supervisors"
individuals-03,individuals,"Zev Yaroslavsky, Supervisor, Third District, Los Angeles"
individuals-03,individuals,"Zev Yarosolsky, Member, Los Angeles County Board of Supervisors"
individuals-03,individuals,"Zoe Lofgren, Member of the United States Congress"
individuals-03,individuals,"Zoe-Anne Fitzhugh, RN"
invalid-01,invalid,(Unable to re-verify at time of writing)
invalid-01,invalid,amended
invalid-01,invalid,Assembly votes
invalid-01,invalid,No known
invalid-01,invalid,Program
invalid-01,invalid,Torah
invalid-01,invalid,Trial Date
invalid-01,invalid,TSM/AGB:do 8/28/06 Senate Floor Analyses
invalid-01,invalid,TSM/DLW:ctl 4/29/98 Senate Floor Analyses
invalid-01,invalid,TSM/DLW:ctl 5/19/98 Senate Floor Analyses
invalid-01,invalid,TSM/DLW:ctl 8/28/98 Senate Floor Analyses
invalid-01,invalid,TSM:AB:do 9/9/07 Senate Floor Analyses
invalid-01,invalid,TSM:cm/ctl 5/18/98 Senate Floor Analyses
invalid-01,invalid,TSM:cm/ctl 7/10/98 Senate Floor Analyses
invalid-01,invalid,TSM:cm/ctl 8/31/98 Senate Floor Analyses
invalid-01,invalid,TSM:cm/jk 8/28/98 Senate Floor Analyses
invalid-01,invalid,TSM:cm/jk 8/31/98 Senate Floor Analyses
invalid-01,invalid,TSM:cm: 1/14/98 Senate Floor Analyses
invalid-01,invalid,TSM:ctl/cm 5/19/98 Senate Floor Analyses
invalid-01,invalid,TSM:DLW:do 8/27/10 Senate Floor Analyses
invalid-01,invalid,TSM:do:kc 8/30/10 Senate Floor Analyses
invalid-01,invalid,TSM:jk/cm 8/27/98 Senate Floor Analyses
invalid-01,invalid,TSM:jk/ctl 5/26/98 Senate Floor Analyses
invalid-01,invalid,TSM:meln 4/5/06 Senate Floor Analyses
invalid-01,invalid,TSM:sl/cm 5/12/98 Senate Floor Analyses
invalid-01,invalid,TSM:sl/cm 5/20/98 Senate Floor Analyses
invalid-01,invalid,TSM:sl/cm 7/21/98 Senate Floor Analyses
invalid-01,invalid,Turkey
invalid-01,invalid,U.S. 345
invalid-01,invalid,United Fuel Gas Co. v. Kentucky R. Commission (1929)
invalid-01,invalid,"Unknown (as amended April 27, 2000)"
invalid-01,invalid,Unknown (as amended)
invalid-01,invalid,Unknown (as proposed to be amended)
invalid-01,invalid,Unknown (co-sponsor)
invalid-01,invalid,Unknown (for bill as amended)
invalid-01,invalid,Unknown (SEE COMMENT 3 FOR RECOMMENDATIONS OF THE SUBCOMMITTEE ON PRISON CONSTRUCTION AND OPERATIONS)
invalid-01,invalid,Unknown (sponsor - Section 1 and 2)
invalid-01,invalid,Unknown (the alleged sponsor stated in the
invalid-01,invalid,Unknown (THIS ANALYSIS REFLECTS AUTHOR'S AMENDMENTS TO BE OFFERED IN COMMITTEE.)
invalid-01,invalid,Unknown and Economic Balance
invalid-01,invalid,Unknown as currently amended
invalid-01,invalid,Unknown as of 3/7/96
invalid-01,invalid,Unknown as of 6/23/00
invalid-01,invalid,Unknown as proposed to be amended
invalid-01,invalid,unknown as to present version)
invalid-01,invalid,Unknown Librarians (sponsor)
invalid-01,invalid,Unknown Office (sponsor)
invalid-01,invalid,Unknown Public Administrators
invalid-01,invalid,Unknown-- END
invalid-01,invalid,until 1982
invalid-01,invalid,until 2008
invalid-01,invalid,Urgency clause needed
invalid-01,invalid,USA.pdf
invalid-01,invalid,"VALLEJO |1 |AAA, SM |Final |YES |UNKNOWN|UNKNOW|UNKNOW|NO |Discip"
invalid-01,invalid,Valley |City of San Leandro |Monterey County
invalid-01,invalid,Valley |City of San Marcos |Mayors' Assn
invalid-01,invalid,"Various associations of retailers, manufacturers, and hospitals"
invalid-01,invalid,Various associations representing college and professional athletes
invalid-01,invalid,Various businesses
invalid-01,invalid,Various charter schools
invalid-01,invalid,various child care providers and stakeholders
invalid-01,invalid,various churches
invalid-01,invalid,"Various cities, local chambers of commerce and local"
invalid-01,invalid,various civil rights and workers' rights groups
invalid-01,invalid,various community organizations
invalid-01,invalid,various community-based organizations and consumer advocate entities
invalid-01,invalid,Various convalescent hospitals
invalid-01,invalid,various DCA boards and programs
invalid-01,invalid,Various departments and commissions within Contra Costa
invalid-01,invalid,Various employers and associations at the state and local
invalid-01,invalid,Various energy utilities
invalid-01,invalid,"Various groups, as noted in Comments"
invalid-01,invalid,Various gun-related groups
invalid-01,invalid,various health care provider associations
invalid-01,invalid,Various HMO enrollees and medical clinics
invalid-01,invalid,Various hotels and restaurants
invalid-01,invalid,Verified (5/27/15)
invalid-01,invalid,Verified 8/18/06
invalid-01,invalid,veto message
invalid-01,invalid,Viatical Settlements Broker
invalid-01,invalid,Victims AB 411 (Bordonaro) Action League
invalid-01,invalid,"Violence and Victims, Volume 24, Number 2, 2009, p"
invalid-01,invalid,Violence[1
invalid-01,invalid,"Vista (as amended April 20, 2006)"
invalid-01,invalid,"Vista (as amended March 28, 2006)"
invalid-01,invalid,Vol 29
invalid-01,invalid,Walter H. Liemert Co. v. California Coastal Com. (1983) 149 Cal.App.3d 222
invalid-01,invalid,WATSONVILL|3 |SM & CS |Final |NO |within |within|after |NO |NONE
invalid-01,invalid,"WEGGELAND, CALDERA, KILLEA - AB 1482"
invalid-01,invalid,Welfare and Institution Code section 827(g)
invalid-01,invalid,"Westminster, CA property owners"
invalid-01,invalid,with AB 2339
invalid-01,invalid,with AB 81
invalid-01,invalid,"with children who, because of age or special needs, are not able to be"
invalid-01,invalid,with companies who help
invalid-01,invalid,with consequences for all workers who depend on and
invalid-01,invalid,"with county clerks provides no enforcement mechanism to remedy the misconduct of LDAs, and as such provides little, if any, consumer"
invalid-01,invalid,with course material selection responsibilities to place their orders with
invalid-01,invalid,with current law (15 judicial days) and would result in even greater time
invalid-01,invalid,"with different language, thereby posing a possible"
invalid-01,invalid,with Disabilities
invalid-01,invalid,"with each of these requirements, will subject the employer to penalties and litigation as AB 51 characterizes any violation as ""unpaid wages"
invalid-01,invalid,with entities knowledgeable in leveraging investments
invalid-01,invalid,with evidence from a medical practitioner. The scope of who may perform
invalid-01,invalid,with exhaust systems has serious air quality and public health
invalid-01,invalid,with existing law conferring ultimate responsibility for
invalid-01,invalid,with extensive R&D activities
invalid-01,invalid,with growers may additionally constitute an unconstitutional
invalid-01,invalid,with guidelines
invalid-01,invalid,With high-income earners and businesses already fleeing California for
invalid-01,invalid,"with innovation, encourages investment in research conducted at the state's public universities, and positions the state to better convert"
invalid-01,invalid,"with last year's benefit increase, leaving a surplus"
invalid-01,invalid,"with members of the California delegation to exempt California from the federal requirements and allow us to return to the pre-October 1, 2008"
invalid-01,invalid,"With names like Spice, K2, No More Mr. Nice Guy, and hundreds of others, the drugs often called 'synthetic marijuana' are - in reality"
invalid-01,invalid,with no evidence whatsoever
invalid-01,invalid,With no family members
invalid-01,invalid,with no means to protect themselves against arbitrary and excessive fees imposed by public utilities
invalid-01,invalid,with open enrollment opportunities
invalid-01,invalid,"with other medical experts, would make his or her decision based on medical"
invalid-01,invalid,with other states
invalid-01,invalid,"with over 80,000 songs from the 1960s to the present, for just $300. The unauthorized sale of such items displaces multiple legitimate retail"
invalid-01,invalid,"with professional, technical and support staffing. AB 2300 (Dymally) of 2004, was similar to AB 1927. AB 1927 failed on"
invalid-01,invalid,with R.A. would be denied treatment for pneumonia and other
invalid-01,invalid,"with re-entry back into society. As a result, there will be a better"
invalid-01,invalid,with regard to mandating standards and technologies in
invalid-01,invalid,"with regard to, or inability to, handle personal financial commitments"
invalid-01,invalid,with remaining ongoing costs for additional information technology staff and operations
invalid-01,invalid,with repayment satisfied by extra minutes of instruction
invalid-01,invalid,with respect to amendments D
invalid-01,invalid,with respect to geographic terms
invalid-01,invalid,"With respect to potential funding shortfalls, opponents"
invalid-01,invalid,with respect to the amended version of the bill. (See Comment 4 for update on opposition positions.)
invalid-01,invalid,"With respect to the attorney's fees provision, they"
invalid-01,invalid,"With respect to this proposed presumption, they correctly"
invalid-01,invalid,"With respect to unintended consequences, the opponents"
invalid-01,invalid,with RN 120885
invalid-01,invalid,with same-day registration
invalid-01,invalid,with some modification
invalid-01,invalid,"with state laws that require hunters, and others, to"
invalid-01,invalid,with strong
invalid-01,invalid,with subject to a fine not to exceed three times the amount the provider
invalid-01,invalid,"With such few dollars spent on the safest way to transport students to school, California has ranked at the bottom of all 50"
invalid-01,invalid,with sufficient funds
invalid-01,invalid,with sufficient tools to deter these offenses. We are strongly opposed to
invalid-01,invalid,with switching to reusable bags
invalid-01,invalid,"with the 2012 federal program year, and 25% of their funds, beginning in"
invalid-01,invalid,with the additional 90 days of state funded case management
invalid-01,invalid,Withdrawn 4/23/96
invalid-01,invalid,Women (Scott) Violence
invalid-01,invalid,Workers #XXX
invalid-01,invalid,"Writing, grades 4 | | |individualized education| |and 7 | | |program indicates | |ν | | |assessment with CMA. | |Mathematics, grades 3-7"
invalid-01,invalid,"Writing, grades 4 | | |their individualized | |and 7 | | |education program | |ν | | |indicates assessment | |Mathematics, grades 2-7"
invalid-01,invalid,"writing: ""We"
invalid-01,invalid,WRITTEN COMMUNICATIONS: Both of the above
invalid-01,invalid,WRITTEN COMMUNICATIONS: On file with the Committee
invalid-01,invalid,"written in Title 22, California Code of Regulations, subsections 51485.1(f)"
invalid-01,invalid,written support received by committee
invalid-01,invalid,wrote the following
invalid-01,invalid,www.equalccw.com
invalid-01,invalid,www.mydiscountbroker.com
invalid-01,invalid,www.pornNewsToday.com
invalid-01,invalid,www.rangerover.net
invalid-01,invalid,www.rangerovers.net
invalid-01,invalid,X
invalid-01,invalid,X X
invalid-01,invalid,X1 None received
invalid-01,invalid,X2 10 - KILLEA
invalid-01,invalid,X2 14 - KOPP
invalid-01,invalid,XI
invalid-01,invalid,xOverTime
invalid-01,invalid,year delay
invalid-01,invalid,Yuba AB 2461 (Emmerson) County Sheriff
invalid-01,invalid,z?‚?zrzrz
misc-01,misc,Agencies
misc-01,misc,"Chief Joseph Aita, San Pablo Police Department"
misc-01,misc,"Chief Louis Trovato, Nevada City Police Department"
misc-01,misc,"Chief of Police Douglas Krathwohl, San Pablo"
misc-01,misc,"Chief of Police Louis Trovato, Nevada City"
misc-01,misc,"Chief of Police Thomas Bullard, Rohnert Park"
misc-01,misc,"Henry Brodersen, Palo Alto Elks Lodge"
misc-01,misc,Section
misc-01,misc,"version - January 5, 2012"
misc-01,misc,victims of domestic violence
misc-01,misc,Victor Valley College Financial Aid Office
misc-01,misc,"Victorville Chapter, Southern Christian Leadership: Conference"
misc-01,misc,volunteer firefighter
misc-01,misc,voucher regional centers
misc-01,misc,Wage
misc-01,misc,warrant
misc-01,misc,web designs
misc-01,misc,West Contra Costa Unified School District Office of Facilities Planning and Construction
misc-01,misc,wholehearted
misc-01,misc,womens' health
misc-01,misc,wood pole organizations
misc-01,misc,Year 2010-2011
misc-01,misc,youth advocacy organizations
misc-01,misc,yüda
narrative-01,narrative,Arguments
narrative-01,narrative,Neutral
narrative-01,narrative,Opposition (unless amended)
narrative-01,narrative,unknown whether the opposition has been entirely removed with
narrative-01,narrative,Unknown with current amendments
narrative-01,narrative,"Unknown, but likely branches of the U.S. military. No"
narrative-01,narrative,"Unknown, but likely payday lenders. No written opposition"
narrative-01,narrative,"Unknown, since substantial April 19 amendments"
narrative-01,narrative,Unknown. However it should be noted that previous
narrative-01,narrative,"unknown. Similarly, how much ammunition is sold and of what type, and even whether those engaged in the business are criminals, is also"
narrative-01,narrative,"unlawfully imprisoned or retrained of his liberty, under any pretense"
narrative-01,narrative,"unless amended"" position"
narrative-01,narrative,"unless amended"" positions on AB 21 and"
narrative-01,narrative,"unless American Federation of State, County, & Municipal Employees"
narrative-01,narrative,unless it is amended to replace the provisions relating to the purchasing
narrative-01,narrative,unless otherwise specified by the order
narrative-01,narrative,unless the ban on body armor for violent felons is reinstated
narrative-01,narrative,unless the core plan meets at least 60% minimum value requirements
narrative-01,narrative,unless the practitioner reasonably suspects the conduct resulted from
narrative-01,narrative,Unless the State
narrative-01,narrative,unless there is specific language exempting both public and private marinas from liability we will continue
narrative-01,narrative,"Unlike most other developed nations, the United"
narrative-01,narrative,"Unlike the federal R&D tax credit, however, the benefits of enhanced"
narrative-01,narrative,unlike the private sector
narrative-01,narrative,"unlike the requirements for all other media, disclosures in radio"
narrative-01,narrative,unlikely to change a recipient's behavior
narrative-01,narrative,unlimited number of unnamed and unknown commercial social networking
narrative-01,narrative,unnecessarily add to this delay for an indefinite period of time causing further suffering to the families of victims
narrative-01,narrative,unnecessarily and unfairly burden well-qualified mental health
narrative-01,narrative,unnecessarily creates additional burdens for people who have served time
narrative-01,narrative,unnecessarily delaying the start-up of a new business venture. Opponents
narrative-01,narrative,"unnecessarily increasing in the California marketplace, thus"
narrative-01,narrative,unnecessarily open up long-settled scope of practice battles
narrative-01,narrative,unnecessarily specifies the exact amount of break time an employee must
narrative-01,narrative,unnecessary
narrative-01,narrative,unnecessary additional costs to licensees
narrative-01,narrative,unnecessary and administratively cumbersome process that would increase implementation costs
narrative-01,narrative,unnecessary and costly litigation. The California State University raises
narrative-01,narrative,unnecessary and designed to shut down bottom trawling entirely
narrative-01,narrative,"unnecessary and redundant as vended water, by definition, starts with safe municipal water regulated by local, state and federal agencies. GWI"
narrative-01,narrative,unnecessary as California already has a robust and highly competitive
narrative-01,narrative,unnecessary as they will be complying with new international
narrative-01,narrative,unnecessary because BBC is already authorized to seek an 'interim
narrative-01,narrative,unnecessary because existing law provides a sufficient 30-day initial
narrative-01,narrative,unnecessary because it overlaps the recently-enacted federal
narrative-01,narrative,unnecessary because it takes the place of federal funds
narrative-01,narrative,unnecessary because there is a declining trend in student credit card
narrative-01,narrative,"unnecessary citizen complaints to 911 on cool mornings, at"
narrative-01,narrative,unnecessary cost pressures for the Secretary of State and local elections officials
narrative-01,narrative,unnecessary diminution of judicial discretion in the absence of empirical
narrative-01,narrative,unnecessary expansion of PC 519. If this section is further amended to
narrative-01,narrative,"unnecessary future disputes, confusion and litigation"
narrative-01,narrative,unnecessary in any Penal Code section. Ample case law exists that states
narrative-01,narrative,unnecessary litigation in this area. Countless contested competency cases
narrative-01,narrative,unnecessary regulations applying to non-residential CIDs
narrative-01,narrative,unnecessary regulatory burdens on their drivers
narrative-01,narrative,unnecessary tax on industry and would result in higher
narrative-01,narrative,"unnecessary, administratively burdensome, and ultimately costly to"
narrative-01,narrative,"unnecessary, as well as costly. Current law already"
narrative-01,narrative,"unnecessary, not helpful to customers, and may actually be harmful to"
narrative-01,narrative,"unnecessary, unfair to women, and will stall stem cell"
narrative-01,narrative,"unnecessary. Further, the provision of law that SB 327 amends was"
narrative-01,narrative,"unnecessary. The ACLU states: ""Unlike school employees or teachers, any"
narrative-01,narrative,unnecessary. The proposed subdivision (b) should be deleted
narrative-01,narrative,"unnecessary. Under current law, the Superintendent of Public Instruction (SPI) can and should be posting"
narrative-01,narrative,"unpackaged. To date, Congress has not taken any action to expressly"
narrative-01,narrative,"unpaid bereavement leave should be left to the employer. Further, this"
narrative-01,narrative,unpaid bill for services rendered to the patient to a third-party
narrative-01,narrative,"unpaid, uncontested compensation in 597 cases in 1996. In"
narrative-01,narrative,"unpopular speech but a restriction on combining nude dancing, which"
narrative-01,narrative,unprecedented occurrence as in the last decade at least 9 accusations did
narrative-01,narrative,"unqualified applicants would gain licensure, putting terminally"
narrative-01,narrative,"unquestionably has secondary effects, with the aggravating influence of alcohol consumption. Litigation on other issues continues in Texas"
narrative-01,narrative,unrealistic and unachievable. Opponents
narrative-01,narrative,unrealistic burdens on providers
narrative-01,narrative,unrealistic time frames
narrative-01,narrative,unreasonable costs and requirements on already financially strapped shelters and pounds
narrative-01,narrative,"unreasonable deadline for public agencies to respond to claims, and will"
narrative-01,narrative,"unreasonable delay in defining ""excessive amounts"" of administrative costs? Should the operative date of the statute be delayed until the definition is"
narrative-01,narrative,unreasonable precedent and effectively elevates probation's identified
narrative-01,narrative,unreasonable risk of harm while receiving medical treatment
narrative-01,narrative,unreasonable to expect a motorcycle owner to partially dismantle their
narrative-01,narrative,unreasonably imposes requirements for maintaining paperwork and increases
narrative-01,narrative,"unreasonably late, or never submitted at all, unless"
narrative-01,narrative,unreimbursed costs of providing services to Medi-Cal
narrative-01,narrative,"unrelated crime will result in ""an unwarranted 'diminished"
narrative-01,narrative,unrelated policy issue which would cause significant conflicts with land
narrative-01,narrative,unsanitary crowded cages and without food and/or water. They
narrative-01,narrative,"unscrupulous contractor. According to CAAA, its members have encountered"
narrative-01,narrative,unscrupulous or negligent professional licensees to repeatedly
narrative-01,narrative,"unsecured and nondetentional,"" the proposed program"
narrative-01,narrative,unspecified criteria. The bill would also expand the types of district personnel who would be permitted to
narrative-01,narrative,unsuccessful when EDD is currently struggling to deliver UI benefits on a
narrative-01,narrative,unsuccessful writ of habeas corpus based on human trafficking the ability
narrative-01,narrative,unsuitable for parole. We have seen a number of cases where due to a
narrative-01,narrative,"unsustainable individual market, to the extent regulators do not accurately"
narrative-01,narrative,"untested procurement methodology,"" should be limited to a trial of no"
narrative-01,narrative,until capital accumulated to the predicted level
narrative-01,narrative,until either the patient or the third-party collection agency debt
narrative-01,narrative,until they have been in school in the United States
narrative-01,narrative,unwilling to add new burdens on them and subject them to new grounds for lawsuits
narrative-01,narrative,unwilling to have the fiscal penalties waived altogether
narrative-01,narrative,unworkable for system planning for uncertain future load
narrative-01,narrative,"unworkable. For example, Grossmont Healthcare District in La Mesa"
narrative-01,narrative,up a drop off location for vote by mail ballots on select college
narrative-01,narrative,up a process for individual representation by a certificated
narrative-01,narrative,up a whole new area for private attorneys to sue and/or
narrative-01,narrative,up efforts would not guarantee the removal of the building
narrative-01,narrative,"up with the demands placed on charities, new technology has evolved to"
narrative-01,narrative,up' downtown by a variety of elected officials and business
narrative-01,narrative,"UPA. Thus, the law will have greater predictability and parties will be able to engage in business transactions in"
narrative-01,narrative,update and
narrative-01,narrative,"update our state's plan, to be submitted by March 1, 2016, after"
narrative-01,narrative,update the inventory of greenhouse gas emissions
narrative-01,narrative,"Updated and corrected on July 26, 2019"
narrative-01,narrative,updated to reflect new science or new vaccines. As a result of the numerous legislative changes to the statute it has become antiquated and confusing. CMA
narrative-01,narrative,updated to reflect the new regulations that have been adopted over the past
narrative-01,narrative,"updated, pharmacies lose money by dispensing medications to patients"
narrative-01,narrative,updates on the opposition groups who were all opposed to
narrative-01,narrative,updates to ensure they reflect the current market prices that pharmacies
narrative-01,narrative,updating the content of Urban Water Management Plans
narrative-01,narrative,upon an appropriation for this purpose in the 2004-05 budget
narrative-01,narrative,"Upon concurrence, there is a jury trial to determine whether beyond a"
narrative-01,narrative,upon current local control and accountability
narrative-01,narrative,"Upon further analysis by staff, and with the amendment"
narrative-01,narrative,upon presentation of a
narrative-01,narrative,upon receiving a license. While recent amendments do include provisions meant to limit use of such assets
narrative-01,narrative,"upon release of their eligibility to vote, and to specifically provide"
narrative-01,narrative,upon someone's reasonable expectations of privacy in an offensive manner
narrative-01,narrative,upon termination of the Section 8 contract if he or she is not
narrative-01,narrative,upon the approval of often a single individual
narrative-01,narrative,upon this unpublished decision and does not require
narrative-01,narrative,uptick in fraudulent
narrative-01,narrative,urban and rural school districts with large numbers of students from low-income families are disadvantaged by this
narrative-01,narrative,"urban settings, such as shopping malls and restaurants, is particularly"
narrative-01,narrative,urgent need facing the State by making Californians
narrative-01,narrative,urgently needed to assure that sexually violent predators (SVPs) are not
narrative-01,narrative,use a tanning facility. The association also indicates that
narrative-01,narrative,use and disposal of radioactive devices
narrative-01,narrative,use economic subsidy decisions have the information they need to make an
narrative-01,narrative,"use efficiency practices, which may help reduce the amount of nitrate run"
narrative-01,narrative,use helpful computer programs to assist them in calculating
narrative-01,narrative,use of CCUS to reduce emissions from electricity generation and
narrative-01,narrative,"use of each student in that class or group. (4) ""New edition of textbook"" means a subsequent version of an earlier"
narrative-01,narrative,use of facts. Under existing case law an element of the offense cannot also be used as an aggravating factor
narrative-01,narrative,use of hearing aids will prevent life-long harm to children
narrative-01,narrative,use of law enforcement resources
narrative-01,narrative,Use of Objective Standards In Other
narrative-02,narrative,use of recycled water
narrative-02,narrative,use of these digital tools have proven to offer tremendous value and we fully
narrative-02,narrative,use patterns and transportation infrastructure are the essential triggers
narrative-02,narrative,use planning goals already adopted by the Legislature
narrative-02,narrative,"use such information to obtain, or attempt to obtain, credit, goods, or services in the name of the other person"
narrative-02,narrative,"use tax to DMV upon registration of the vehicles, but report a much lower"
narrative-02,narrative,use the information for fundraising and other purposes
narrative-02,narrative,use to give credentialing credit to veterans for their military
narrative-02,narrative,"use, and severity-adjusted clinical outcomes"
narrative-02,narrative,used as an excuse to delay enacting a solution
narrative-02,narrative,"used at schools, not at some indefinite time in the future"
narrative-02,narrative,"used by the state to determine funding levels per student."" FACCC"
narrative-02,narrative,used for the same purposes. These factors would limit the ability to use
narrative-02,narrative,used in manufacturing and qualified research and development
narrative-02,narrative,used in the bill
narrative-02,narrative,"used or will be available for this purpose, and"
narrative-02,narrative,used tires
narrative-02,narrative,used to collect signatures to qualify measures for the ballot. The SOS is
narrative-02,narrative,used to establish an identity must include a way to
narrative-02,narrative,"used to help local governments fund police, fire, schools, and other core"
narrative-02,narrative,useful in explaining how K-12 education funds are spent
narrative-02,narrative,useful law enforcement tool: parole revocation
narrative-02,narrative,uses a wheelchair or walks with the aid of a cane does not
narrative-02,narrative,Uses private sector donations
narrative-02,narrative,using a pay or play approach. SB 2 was repealed by referendum (Proposition 72) in November 2004
narrative-02,narrative,using attorney's fees as a penalty discriminates against the middle class person or small business that is up against a
narrative-02,narrative,Using census estimates
narrative-02,narrative,Using current prevailing wage rates
narrative-02,narrative,using data for unauthorized purposes and the State should
narrative-02,narrative,using data from the CURES database
narrative-02,narrative,using it for energy production
narrative-02,narrative,using it to purchase prohibited products. The Legislature should consider
narrative-02,narrative,using the standard audit process to propose audit adjustments that incorporate these incentive payments
narrative-02,narrative,usual 50% cost sharing for Medi-Cal drugs that are illegally
narrative-02,narrative,"usually provided them by contracting with a private provider. Thus, under"
narrative-02,narrative,usually receive worse outcomes in court than others
narrative-02,narrative,utilities (IOU and Muni)
narrative-02,narrative,"Utilities District estimates a cost of $50,000 to meet a net zero energy"
narrative-02,narrative,utilities under such circumstances
narrative-02,narrative,utility. The requirement for a vote on the sale of an
narrative-02,narrative,utilization of public health programs by immigrants in Los
narrative-02,narrative,"utilize foreign labor in a legal and humane way. Specifically, they state"
narrative-02,narrative,utilizing drug purchasing agreements which are available to California
narrative-02,narrative,"utilizing tax increment or ERAF funds, local governments should utilize"
narrative-02,narrative,vaccine it would need to order to meet the needs of small
narrative-02,narrative,"vaccine will be difficult to predict, resulting in either"
narrative-02,narrative,"vaccines were recommended for children by ACIP, new immunization mandates"
narrative-02,narrative,vaccines will be licensed and recommended for children in
narrative-02,narrative,vaginal deliveries and 72 hours for caesarian deliveries
narrative-02,narrative,vague that it is essentially meaningless. They
narrative-02,narrative,"valid under the Constitution, the Legislature infringes upon the fundamental right to vote"
narrative-02,narrative,Valley Industry and Commerce Association is in opposition and
narrative-02,narrative,"Valley Japanese American Citizens League, who writes to say, ""...over"
narrative-02,narrative,"Valley Water, sponsor of this measure"
narrative-02,narrative,valuable taxpayer dollars
narrative-02,narrative,"valuable. Additionally, existing housing trust funds provided examples"
narrative-02,narrative,valuation of the car is not indicative of the actual value of any
narrative-02,narrative,"valuation, the number of votes, and the current number of board"
narrative-02,narrative,value the additional risk a given condition may reflect. KP recommends
narrative-02,narrative,"Van de Kamp that the legislative intent of CANRA was ""to allow the trained professional to determine an abusive from a nonabusive situation"
narrative-02,narrative,"vapor recovery equipment, and changes to recognize"
narrative-02,narrative,variance applications for conveyances
narrative-02,narrative,"variety of different real estate documents in order to do so, it is very"
narrative-02,narrative,"variety of local government organizations, water agencies and agricultural groups who expressed concern about application of the ""beneficiary pays principle,"" under which, ideally, those who benefit"
narrative-02,narrative,"variety of reasons, and county auditors have implemented those provisions"
narrative-02,narrative,Various affordable housing organizations are
narrative-02,narrative,Various beer producers and distributors oppose
narrative-02,narrative,Various counties write
narrative-02,narrative,"various diseases and health care access, oncologists, biotechnology"
narrative-02,narrative,"Various employer groups object to industry carve-outs, and"
narrative-02,narrative,Various internet service providers have written
narrative-02,narrative,various labor groups
narrative-02,narrative,Various labor unions were previously
narrative-02,narrative,Various letters from independent physicians (based on previous version of the bill)
narrative-02,narrative,various major league sports teams and affiliated entities
narrative-02,narrative,Various members of Haven Human Society and the Inland Valley Humane Society
narrative-02,narrative,various mental health client groups
narrative-02,narrative,Various mining companies
narrative-02,narrative,Various Native American tribes strongly
narrative-02,narrative,Various non-profit housing agencies
narrative-02,narrative,various nonprofit organizations and organizations representing nonprofits
narrative-02,narrative,Various off-road vehicle organizations
narrative-02,narrative,various organizations advocating for increased public transparency and government oversight
narrative-02,narrative,various organizations representing police officers
narrative-02,narrative,Various other energy groups
narrative-02,narrative,Various other local Police Activities Leagues and police departments
narrative-02,narrative,Various other newspapers
narrative-02,narrative,Various patients and civil rights groups
narrative-02,narrative,various private and public entities based in Kern County
narrative-02,narrative,Various private investigator associations
narrative-02,narrative,Various professional appraiser associations
narrative-02,narrative,Various professional engineers-safety
narrative-02,narrative,Various property tax consulting firms re the prior version of the bill
narrative-02,narrative,various provisions of the bill are sponsored
narrative-02,narrative,Various school districts
narrative-02,narrative,"Various sources, as noted in Comments"
narrative-02,narrative,"Various state agencies are opposed to the bill, citing cost and lack of administrative discretion as to what"
narrative-02,narrative,"Various students from Samuel Merritt College, Occupational Therapy Department"
narrative-02,narrative,Various supporters express
narrative-02,narrative,Various tax practitioners and groups have
narrative-02,narrative,Various veterans groups
narrative-02,narrative,various Westwood community merchants
narrative-02,narrative,vary in value because of differences in their individual history and condition. These opponents find problematic the bill's requirement that
narrative-02,narrative,vast majority of voters in the referendum on Proposition 31
narrative-02,narrative,VBG explains that while they share 's concerns regarding predatory companies that fail to provide meaningful
narrative-02,narrative,VCTC as the compromise between the Ventura County Board of Supervisors
narrative-02,narrative,vehicle and registering with the Selective Service System
narrative-02,narrative,Vehicle Code merely
narrative-02,narrative,vehicle dealers
narrative-02,narrative,Vehicle Institute also objected to the new identification
narrative-02,narrative,"vehicle on the other side of the intersection stopped unexpectedly, perhaps to back into a parking space or because a person opened their"
narrative-02,narrative,"vehicle sales, already hit hard by the economic recession and will"
narrative-02,narrative,"vehicle, notwithstanding the existence of a state statute or a local"
narrative-02,narrative,Vehicles can verify the validation of a non-immigrant
narrative-02,narrative,Vehicles contracted
narrative-02,narrative,vehicles currently exempted from the biennial smog inspections will be
narrative-02,narrative,Vehicles to adopt regulations to issue drivers
narrative-02,narrative,"vehicles, buy vehicles without paying sales tax to the sellers or use tax"
narrative-02,narrative,"vehicles, including public and private buses and trucks. Beginning in"
narrative-02,narrative,vehicles. That opposition does not appear
narrative-02,narrative,vendor violation notifications is inconsistent with federal law. CGA
narrative-02,narrative,"vendors would be unable, and legally not allowed access to"
narrative-02,narrative,verification of every applicant's legal presence
narrative-02,narrative,"verifies the beneficiary's identity with a signed Medi-Cal card and one of the documents described above, the state will deem this to be a good faith"
narrative-02,narrative,version and most likely all the groups listed above
narrative-02,narrative,version of AB 85 cited an unpublished decision of the Third District
narrative-02,narrative,version of Alaska's 'Road to Nowhere.' This taxpayer boondoggle is a prime
narrative-02,narrative,version of bill
narrative-02,narrative,version of SB 1434
narrative-02,narrative,version of the bill - these groups are in the process of evaluating the recent amendments
narrative-02,narrative,version of the bill is that the DMV will notify the owner and require proof within 45 days. The author
narrative-02,narrative,version of the bill is unclear. They argued that the sunset in current
narrative-02,narrative,"version of the bill, and the points of opposition have been"
narrative-02,narrative,"version of the bill, which no longer references specific work"
narrative-02,narrative,version of the bill. There is no registered opposition
narrative-02,narrative,version of the bill: ″We
narrative-02,narrative,"version retains, albeit to a lesser extent"
narrative-02,narrative,version which provides legislative intent and requires
narrative-02,narrative,versions of electronic filing legislation before
narrative-02,narrative,very different from marijuana. They contain powerful chemicals
narrative-02,narrative,very few are able to contest the matter in court. Their names remain on
narrative-02,narrative,"very little."" They"
narrative-02,narrative,"very narrow circumstances, generally limited to seizing assets which were"
narrative-02,narrative,veteran benefits to be approved by the Board and subject to the Act
narrative-02,narrative,veteran organizations
narrative-02,narrative,"veterans agencies and organizations when there are no other specific local, state or national agencies or organizations listed for other members of the target population"
narrative-02,narrative,veterans and their families to the appropriate state Veterans Services agencies may increase their access to federal funding and
narrative-02,narrative,veterans assistance funds from county VSOs to non-profits
narrative-03,narrative,"veterans groups, including Latino veterans in 1984 and African-American"
narrative-03,narrative,Veterans Guardian aims to prevent veterans from becoming entangled in a convoluted appeals process that serves only a select few attorneys by ensuring
narrative-03,narrative,veterinarian. CVMA feels that any diagnostic laboratories need
narrative-03,narrative,veterinarians should fill these positions and conduct these activities
narrative-03,narrative,Veterinary Medical Association (CVMA) expresses concern that
narrative-03,narrative,Veterinary Medical Board (Board) writes the following
narrative-03,narrative,Veterinary Medical Board also
narrative-03,narrative,Veterinary Medical Board writes as
narrative-03,narrative,"vetoed this appropriation, stating that he did not agree with"
narrative-03,narrative,viable way to establish program funding. Funding for local traffic
narrative-03,narrative,viatical broker or provider does not trigger licensure. Such a
narrative-03,narrative,Victim compensation is an important pathway for survivors to access
narrative-03,narrative,victims and perpetrators of both genders. NFVLRC also proposes the bill
narrative-03,narrative,"Victims deserve mitigation immediately, not after paid legal fees and"
narrative-03,narrative,"victims of LGBT domestic violence, purports to be about"
narrative-03,narrative,"victims of pesticide drift, arguing that existing DPR funds"
narrative-03,narrative,victims on the advisory council to the Maternal and Child Branch relating
narrative-03,narrative,"victims were under the age of 16, it may be appropriate to"
narrative-03,narrative,"victims, this legislation will accomplish neither of these goals"
narrative-03,narrative,"victims, would register the e-mail address used for this purpose"
narrative-03,narrative,"view, these assessments have reached the saturation point"
narrative-03,narrative,"view, using police actions. These bills alone, as well as"
narrative-03,narrative,viewing of objectionable printed materials and any subsequent
narrative-03,narrative,views on such topics represent an integral part of the political process and critical information for the voting
narrative-03,narrative,"Villaraigosa convened a ""Blue Ribbon"" Panel of aviation, homeland"
narrative-03,narrative,Villaraigosa has commissioned a Blue Ribbon Panel that is in currently
narrative-03,narrative,violate federal law and provide misleading information to patients. Pfizer
narrative-03,narrative,"violated the law otherwise, since some persons do not want to"
narrative-03,narrative,violates California's anti-kickback law
narrative-03,narrative,"violates case law - Chamber of Commerce of U.S. vs. Bragdon, 64 F.3d 497 (1995): ""In this case the Court of Appeals found that a County ordinance"
narrative-03,narrative,violates existing public policy regarding non-tribal gambling
narrative-03,narrative,"violates this chapter."" Yahoo"
narrative-03,narrative,violates well-established free speech principles by burdening
narrative-03,narrative,violation in 1996 was only $129. Of the cases audited that
narrative-03,narrative,violation of the personal liberty of another' if the victim happens to be
narrative-03,narrative,violation. This goes too far
narrative-03,narrative,"violations affect commercial drivers and their employers, and the Teamsters have become increasingly concerned over the high"
narrative-03,narrative,violations by methadone clinics licensed in the state have
narrative-03,narrative,violations in this area of law is the preferable approach over
narrative-03,narrative,violations of health and safety but would rather conduct
narrative-03,narrative,"violations, California regulations provide direction to the contrary"
narrative-03,narrative,violative of the Constitution's Fourth Amendment protection
narrative-03,narrative,Violence (co-sponsor) Judicial Council
narrative-03,narrative,"violence and criminal activity. In addition, the Board"
narrative-03,narrative,violence may show increased levels of emotional arousal and a tendency
narrative-03,narrative,"violence movement, who first demonstrated the effectiveness of non-clinic"
narrative-03,narrative,violence peer counselor qualifications while the bill is on the Suspense File
narrative-03,narrative,"Violence Project, California Medical"
narrative-03,narrative,"Violence Project, The League of Women Voters"
narrative-03,narrative,"Violence state, ""Current law provides that people who are prohibited from"
narrative-03,narrative,"Violence, ""Many survivors of domestic violence have experienced this"
narrative-03,narrative,"Violence, ""The California Brady Campaign Chapters oppose the open carry"
narrative-03,narrative,"violence, and at least one representative from a multi-ethnic and cross"
narrative-03,narrative,"violence, but further endangers the victim of the violence as well as the safety and quiet enjoyment of other tenants."" Opponents"
narrative-03,narrative,"Violence, Los Angeles District Attorneyos"
narrative-03,narrative,"Violence, San Francisco District Attorneyos"
narrative-03,narrative,"violence-related injuries to nurses are from hospitals and psychiatric facilities, not home care. Moreover, the requirements of the bill are duplicative of the requirements"
narrative-03,narrative,violence. They
narrative-03,narrative,"violent criminal activity-invasions, robberies, beatings-have become"
narrative-03,narrative,"Violent felonies, defined in Penal Code Section 667.5, include"
narrative-03,narrative,violent offenders or those who have been granted
narrative-03,narrative,violent offense against two or more victims and who has a
narrative-03,narrative,violent offense and who has a diagnosed mental disorder that makes the person a danger to the health or safety of others. When CDCR determines
narrative-03,narrative,violent offense. The committed person has the right to a
narrative-03,narrative,"violent predatory criminal behavior upon release. If so determined, there"
narrative-03,narrative,virtually every piece of lab glass or apparatus imposes a
narrative-03,narrative,visa issued abroad by a Department of State consular official
narrative-03,narrative,vision device. CAO
narrative-03,narrative,"vision for DFG but also express concern that, because the bill does not"
narrative-03,narrative,"vision problems, as well as to identify early, and to treat"
narrative-03,narrative,visitation than any other region in California
narrative-03,narrative,"visiting and on community opposition. For example, according to the ACLU, ""We are opposed to moving death row inmates from San Quentin. Death row"
narrative-03,narrative,"visiting programs, both in terms of duration and the types of professionals providing the service. While I"
narrative-03,narrative,"visits and hospital admissions. Finally, CPhA"
narrative-03,narrative,visits to OB-GYNs would erode the primary care physician's role
narrative-03,narrative,visually impaired and unable to verify their vote
narrative-03,narrative,"visually impaired, visual aid devices serve as prosthetic"
narrative-03,narrative,vital programs and services
narrative-03,narrative,vital to its success. Rank-and-file probation officers and deputy
narrative-03,narrative,Vocational Aptitude Battery grant military recruiters access to
narrative-03,narrative,voided a contract between Chatham County Board of Tax Assessors and Atlantic Resources because the contract allowed for a 35% contingency fee
narrative-03,narrative,Voiding contracts Opposition
narrative-03,narrative,volume traffickers when it involves the incarceration of Black men
narrative-03,narrative,voluntarily improve their property while furthering the publicly
narrative-03,narrative,volunteer fails to report known or suspected child abuse. AB 1564 is
narrative-03,narrative,volunteer with any person or organization where the registrant would work directly and in an unaccompanied
narrative-03,narrative,vote of the people. On numerous bills attempting to raise fees for
narrative-03,narrative,vote of the people. This measure does not include such a provision
narrative-03,narrative,voters in 2014
narrative-03,narrative,Voters that do not understand the history and government of the United
narrative-03,narrative,"Voters, California National Organization for"
narrative-03,narrative,votes for it is about the same as the number of those in
narrative-03,narrative,Voting is at the heart of our democracy. Efforts to register voters
narrative-03,narrative,vulnerability to acts of aggression or violence. CENA requests amendments
narrative-03,narrative,vulnerable to employer abuse
narrative-03,narrative,w)e strongly
narrative-03,narrative,w)hile our City Council strongly
narrative-03,narrative,Wade which left
narrative-03,narrative,"Wade, leaving the right to abortion up to individual"
narrative-03,narrative,"wage or salary to register voters with a certain political party, but"
narrative-03,narrative,wage statute is violated. They also
narrative-03,narrative,wage underpayment
narrative-03,narrative,"wagered in California would stay in the state for commissions, purses, breeder's awards, and state license fees"
narrative-03,narrative,wagering opportunities will be facilitated by an increase in clerk
narrative-03,narrative,wages and court costs from employers. The labor commissioner
narrative-03,narrative,"wages currently exist in California law, as do mechanisms for enforcement"
narrative-03,narrative,wages due could be criminally prosecuted and charged with a felony under
narrative-03,narrative,wages instead of increased productivity and technology
narrative-03,narrative,waiting for these approvals might result in their campuses
narrative-03,narrative,waiting period
narrative-03,narrative,Waiting time penalties and defined timeframes for the payment of final
narrative-03,narrative,waiver and that codifying piecemeal exemptions will lead to costly and disjointed policies
narrative-03,narrative,"waiver for both school districts that dropped below the ""super-minimum"" as well as school districts that dropped"
narrative-03,narrative,waiver to allow the current facilities involved in the pilot to continue operation while the permanent waiver
narrative-03,narrative,"waivers, which would apply to any school district within"
narrative-03,narrative,want to be listed until they have a chance to review)
narrative-03,narrative,want to encourage patrons to withdraw cash to facilitate their gambling
narrative-03,narrative,wants the protections of the prior
narrative-03,narrative,"wants to bid for a contract. Under this circumstance, will the HSRA merely"
narrative-03,narrative,"wards safe and, when necessary, place a ward in a treatment program"
narrative-03,narrative,"warm line requirement did not address cost recovery, and that its line"
narrative-03,narrative,warm lines yet
narrative-03,narrative,warrants an appropriation is needed to reissue the payment
narrative-03,narrative,"warranty, for up to three years from the date the car was"
narrative-03,narrative,wars with or retaliatory actions by other states or nations
narrative-03,narrative,was a conviction that has been dismissed pursuant to Section
narrative-03,narrative,was also not part of the agreement that was made back in 2004 in which
narrative-03,narrative,was caught driving with a 0.21 BAC. There is little justification to
narrative-03,narrative,was clearly made on a limited-term basis
narrative-03,narrative,was designed to protect consumers from unwanted marketing
narrative-03,narrative,was directly related or a result of the battering experience. AB 1593
narrative-03,narrative,"was filed prior to the access study qualification, and it is unclear"
narrative-03,narrative,was forced to decline federal funding for Americorps because
narrative-03,narrative,"was heard by this committee, it would have diverted approximately $2"
narrative-03,narrative,"was held in committee. However, prior votes and analyses are not"
narrative-03,narrative,was held on this committee's Suspense File
narrative-03,narrative,was held on this committee's suspense file
narrative-03,narrative,was in opposition because the bill lacked a process for an
narrative-03,narrative,"was in use and there was bodily injury to the occupant of the seat, or 3) the seat was in use and there was physical damage to"
narrative-03,narrative,was much discussion at the time the law was enacted as to
narrative-03,narrative,was not taken up on the Senate Floor
narrative-03,narrative,was opposed by a number of ethanol producers and related industrial groups
narrative-03,narrative,was passed by voters in November 2004
narrative-03,narrative,was passed with the understanding that Santa Barbara residents
narrative-03,narrative,was received by this committee expressing concerns about the study this
narrative-03,narrative,was submitted to the Department of Finance (DOF) and to the Joint Legislative Budget Committee. Since the use of HAVA
narrative-03,narrative,was unable to offer an opinion about whether the federal government would agree to expand the 30 day
narrative-03,narrative,was vetoed by Governor Schwarzenegger in September 2010 with the following message
narrative-04,narrative,"was written, it was uncertain to what extent the significant"
narrative-04,narrative,Washington DC decision by SCOTUS made several things abundantly clear: the 2nd Amendment is an individual right (as
narrative-04,narrative,Waste Board to address what is perceived as an artificial and unnecessary barrier to cleaning up abandoned and illegal disposal sites
narrative-04,narrative,waste disposal amnesty days
narrative-04,narrative,wastes money and endangers the public. Evidence based research recognized
narrative-04,narrative,watchdog functions
narrative-04,narrative,water agencies and agricultural organizations in the San Joaquin Valley
narrative-04,narrative,Water agencies are concerned that moving the entire drinking water
narrative-04,narrative,Water Agencies have taken a neutral position with the
narrative-04,narrative,"Water Agency, 600 individuals"
narrative-04,narrative,water and therefore should not be subject to water supply assessment
narrative-04,narrative,"Water Association, Calleguas Municipal Water"
narrative-04,narrative,"Water Committee, Western Municipal Water"
narrative-04,narrative,"Water Company, San Gabriel Valley Water"
narrative-04,narrative,"Water District, Cucamonga Valley Water"
narrative-04,narrative,"Water District, San Francisco Public Utilities"
narrative-04,narrative,"Water District, Whispering Palms, 3 letters"
narrative-04,narrative,"water from the Delta, as well as the Chamber of Commerce and a few other"
narrative-04,narrative,"water log data. In addition, supporters refute opponent's security"
narrative-04,narrative,Water Reuse Association of California to require DWR to adopt graywater standards for commercial buildings and to approve the use of graywater for subsurface irrigation
narrative-04,narrative,Water Service Company have taken a neutral position with
narrative-04,narrative,"Water Solutions Now!, a coalition of the following entities"
narrative-04,narrative,"Water Solutions Now, a coalition of the following entities"
narrative-04,narrative,water system notices to the requirements of AB 938 of this Legislative
narrative-04,narrative,water system to obtain the public water system will provide either a
narrative-04,narrative,water users via higher fees
narrative-04,narrative,"water, DHS does not"
narrative-04,narrative,WateReuse Association of California (source Association of California Water Agencies California Association of Sanitation Agencies East Bay Municipal Utilities District
narrative-04,narrative,WateReuse Association of California to clarify the types of nonresidential structures
narrative-04,narrative,"watershed program, in order to ensure that watershed planning is science"
narrative-04,narrative,WAVE would like to express our strong
narrative-04,narrative,way to handle human remains. Some supporters also
narrative-04,narrative,"way when the violent incident occurred. Unfortunately, this leaves out"
narrative-04,narrative,ways they help their children succeed in school
narrative-04,narrative,WCLP is a proud member of the Health Consumer Alliance (HCA) and provides technical assistance and
narrative-04,narrative,we agree that 'it is a matter of equity and economic justice that we
narrative-04,narrative,We agree that those in need of a protective order should have as many
narrative-04,narrative,we agree with you that there is no rational basis for having different
narrative-04,narrative,"We also accept that students have the right to be given an alternative assignment, when the teacher"
narrative-04,narrative,We also generally
narrative-04,narrative,"We also have misgivings about referring these cases to the Board of Parole Hearings (BPH), which has a dismal record for granting parole. In"
narrative-04,narrative,"We also hope that this position can be instilled with the proper authority, purview, and staff to make choices that"
narrative-04,narrative,We also remain
narrative-04,narrative,We also strongly
narrative-04,narrative,We also underscore the importance of implementation
narrative-04,narrative,We also want to
narrative-04,narrative,We also would like to remind everybody that Buried Under the Blue
narrative-04,narrative,We applaud this effort and recognizes its potential to significantly impact lives by providing better
narrative-04,narrative,We appreciate the State's ongoing
narrative-04,narrative,We are also
narrative-04,narrative,We are also always
narrative-04,narrative,We are also troubled with AB 2784's failure to provide financial
narrative-04,narrative,we are aware of the serious disparity that exists in the way African
narrative-04,narrative,we are collectively pleased
narrative-04,narrative,we are concerned that AB 39
narrative-04,narrative,We are concerned that posting the accusations will have
narrative-04,narrative,We are concerned that the bill is unnecessary given the way in which
narrative-04,narrative,We are concerned that the bill regulates AI technology as
narrative-04,narrative,we are concerned with giving generalized regulatory authority to CalRecycle on food product labeling
narrative-04,narrative,we are deeply concerned with the spiritual
narrative-04,narrative,We are especially concerned about consideration of the Pacheco absent a
narrative-04,narrative,We are excited
narrative-04,narrative,We are forced to remove our
narrative-04,narrative,We are forced to remove our support for this measure as these changes mean that SB243 will not adequately provide additional protections to Californians and will set a dangerous precedent other
narrative-04,narrative,We are further concerned that the draft EIR identified the Pacheco route as
narrative-04,narrative,We are not
narrative-04,narrative,we are pleased to communicate our
narrative-04,narrative,we are pleased to express our strong
narrative-04,narrative,We are pleased to inform you of our
narrative-04,narrative,we are seeing the vulnerabilities in this system as producers
narrative-04,narrative,we are still
narrative-04,narrative,We are therefore pleased
narrative-04,narrative,we are vehemently
narrative-04,narrative,we are worried SB 379 in its current form puts too heavy a mandate on local cities without offering adequate resources - such
narrative-04,narrative,We are writing on behalf of our national accounting firm clients
narrative-04,narrative,We are writing to strongly
narrative-04,narrative,We are writing to you today to express our
narrative-04,narrative,We are] please
narrative-04,narrative,We are] pleased
narrative-04,narrative,We ask that you
narrative-04,narrative,we believe
narrative-04,narrative,We believe AB 301 will help our State counter hate crimes by facilitating more accurate hate crime data collection and the reporting of such crimes by victims
narrative-04,narrative,We believe educational employees in California have ample access to retirement vehicles and must respectfully
narrative-04,narrative,We believe in strong environmental regulations and
narrative-04,narrative,"We believe now, as we did then, that expanding the DFPI's authority to enforce UDAAP"
narrative-04,narrative,We believe that providing state
narrative-04,narrative,We believe that SB1091 aligns with our collective vision that every student in California attends a zero emission and climate-resilient school that
narrative-04,narrative,We believe that the education system should not use their resources to indoctrinate students or push them
narrative-04,narrative,we believe the simple act of providing proof of eligibility is well within the purview of any community or municipality and is the single greatest tool to enhancing confidence in our elections and
narrative-04,narrative,We believe the structure of this extended producer responsibility program needs further vetting and we urge you
narrative-04,narrative,we can create a strong network of comprehensive
narrative-04,narrative,We can look to other
narrative-04,narrative,We can no longer afford to waste any more of the
narrative-04,narrative,We Care
narrative-04,narrative,we completely
narrative-04,narrative,We concur in this holding and therefore must
narrative-04,narrative,we contend that the ability to suspend or expel a student does not mutually exclude the provision
narrative-04,narrative,we continue
narrative-04,narrative,We encourage the Legislature to send a strong message to the OMB that California's leaders
narrative-04,narrative,we ensure that organizations calling themselves 'Children's Advocacy Centers' are providing quality services
narrative-04,narrative,We enthusiastically
narrative-04,narrative,we find it troubling that SB 259 seeks to enact the broadest prohibitions possible with the narrowest expectations necessary - as
narrative-04,narrative,We founded the Drop the 'A' Word coalition whose goal is to eliminate the word accident when talking about crashes and crimes that involve impairment or distraction
narrative-04,narrative,We further
narrative-04,narrative,We greatly appreciate the commitment of the Legislature and the Governor to provide state
narrative-04,narrative,We have been working on this issue for the past two years beginning with our
narrative-04,narrative,we have carefully considered the privacy and data protection issues incumbent with direct-to-consumer genetic testing services and we
narrative-04,narrative,We have collaborated with drivers and bipartisan legislators around the country
narrative-04,narrative,We have consistently
narrative-04,narrative,We have found that peer
narrative-04,narrative,We have many of the pieces of a nascent CDR eco-system that could
narrative-04,narrative,we have yet to see evidence
narrative-04,narrative,We hope that the mandatory reporting requirement reminds attorneys they can always contribute financially
narrative-04,narrative,We hope this agreement comes shortly and will enthusiastically
narrative-04,narrative,we know that for our formerly incarcerated clients appropriate training and
narrative-04,narrative,We know that without
narrative-04,narrative,We look forward to working together to implement the proposed improvements and
narrative-04,narrative,we may all more rapidly purge our sites of offenders registered in California
narrative-04,narrative,We must continue
narrative-04,narrative,we must not lose sight of the state's immediate needs as we continue our collective efforts to transition to clean gaseous fuels and clean electricity. While well-intended
narrative-04,narrative,we must now
narrative-04,narrative,we must plan for them. A key component of this planning consists of developing clear standards to guide water use during protracted dry periods
narrative-04,narrative,We must reiterate CTA
narrative-04,narrative,we must strongly
narrative-04,narrative,We must therefore respectfully
narrative-04,narrative,We must work to improve the way we deliver behavioral health
narrative-04,narrative,We need to empower California educators and school staff by ensuring they have the tools and training
narrative-04,narrative,we offered to take an approach based on common sense and flexibility
narrative-04,narrative,We oppose LWOP for youth in California because they are
narrative-04,narrative,we proudly
narrative-04,narrative,We recognize and share your intent to ensure that rape kits are analyzed and processed in order to identify and convict offenders of these heinous
narrative-04,narrative,We recognize that many parties
narrative-04,narrative,We recognize the value that this SOMB offers to both local and state governments and we
narrative-04,narrative,we recommend and
narrative-04,narrative,we request your
narrative-04,narrative,We require a fee for service
narrative-04,narrative,we resoundingly sponsor and
narrative-04,narrative,We respectfully
narrative-04,narrative,We respectfully request Assemblymember Zbur amends AB 39 to incorporate a funding stream that can
narrative-04,narrative,we respectfully request that AB 1248 be amended to ensure counties are fully reimbursed for costs and incorporate more robust statutory and technical assistance
narrative-04,narrative,we respectfully request your
narrative-04,narrative,we respectfully urge you
narrative-04,narrative,We respectfully urge your
narrative-04,narrative,we respectfully urge your colleagues in the Legislature
narrative-04,narrative,We seek
narrative-04,narrative,we should be investing in community-based solutions that address the underlying systemic issues driving exploitation and
narrative-04,narrative,we should pause and reflect on the fact that our bulging criminal code
narrative-04,narrative,We stand in strong
narrative-05,narrative,we still
narrative-05,narrative,We strongly encourage policymakers
narrative-05,narrative,We strongly support the intent of the bill to protect children and youth from harm but
narrative-05,narrative,we strongly urge you
narrative-05,narrative,We support AB 1466 for the reasons below and ask this committee
narrative-05,narrative,We support any opportunity to strike from California code arcane felonies and misdemeanors that serve no purpose. California's 'posse comitatus' law - enacted in 1872 - is a vestige of a bygone era
narrative-05,narrative,We support meaningful reforms to PAGA to ensure workers get their
narrative-05,narrative,We take consumer education very seriously and wholeheartedly
narrative-05,narrative,We therefore ask for
narrative-05,narrative,We therefore respectfully recommend that AB 1096 be amended to
narrative-05,narrative,We therefore urge your
narrative-05,narrative,we think having a designated slot for a neurologist is appropriate and
narrative-05,narrative,We think it is important to
narrative-05,narrative,we urge
narrative-05,narrative,we urge the committee
narrative-05,narrative,We urge you to not
narrative-05,narrative,We urge you to redirect your energies and pursue further studies of the effectiveness of interlock devices in California before making such a
narrative-05,narrative,We urge your leadership and
narrative-05,narrative,We view this
narrative-05,narrative,We will continue to
narrative-05,narrative,We will continue to actively
narrative-05,narrative,we will have policies in place
narrative-05,narrative,we would
narrative-05,narrative,We would like to share the experience of child welfare advocates in other
narrative-05,narrative,we would not be
narrative-05,narrative,we write as sponsors in support of AB 1168 (Gipson) that continues the existing moratorium on card club expansion to the year 2030
narrative-05,narrative,We write to express WAVE Action Fund's
narrative-05,narrative,We write to register our strong
narrative-05,narrative,We write to] express our strong
narrative-05,narrative,We're writing to request that you
narrative-05,narrative,we've heard from scores of wineries regarding the importance of this law in helping
narrative-05,narrative,We've long advocated for thoughtful AI regulation and our
narrative-05,narrative,weaken existing incentives for fraud and deceit
narrative-05,narrative,weakening licensing standards for health care professionals is
narrative-05,narrative,"wealthier areas of the state, which tend to have higher"
narrative-05,narrative,weapon owners who pose a threat to public safety. APPS
narrative-05,narrative,weapons to the party were convicted of murder and attempted murder and are still in prison. Nine witnesses
narrative-05,narrative,"web site providers, and an unknown number of ""third parties"" to access"
narrative-05,narrative,"Weber, sponsor of this measure"
narrative-05,narrative,"website reminds us, 90% of those who commit sexual offenses against"
narrative-05,narrative,websites and provides email or other individual communication
narrative-05,narrative,"websites. Given the ease of creating internet addresses, there is"
narrative-05,narrative,websites. The Superintendent of Public Instruction has
narrative-05,narrative,WECA does not
narrative-05,narrative,WECA firmly
narrative-05,narrative,week cap was one of the major reforms that have helped control workers
narrative-05,narrative,"week, and Uber"
narrative-05,narrative,"weeks of benefits by seeking unnecessary treatment. Finally, public sector"
narrative-05,narrative,"weight"" to evidence of IPBE"
narrative-05,narrative,Welfare Action (committee analysis)
narrative-05,narrative,welfare department and local providers of services to
narrative-05,narrative,welfare for work and
narrative-05,narrative,welfare fraud
narrative-05,narrative,Welfare Fund. This would essentially privatize rehabilitative and re
narrative-05,narrative,welfare reform and the continuing entrance of women into
narrative-05,narrative,"welfare reform indicates evidence of a ""chilling effect"" on"
narrative-05,narrative,"welfare-to-work counseling and other services, and expressed"
narrative-05,narrative,well as considering impacts to transmission and distribution system
narrative-05,narrative,well as inspector's observations during the course of other
narrative-05,narrative,well as more sophisticated and high-risk offenders for probation
narrative-05,narrative,"well as practicing specialists has been declining, and that adding"
narrative-05,narrative,well as subjecting them to new threats of litigation over California
narrative-05,narrative,well as the American Society of Civil Engineers and environmental and community groups. Supporters
narrative-05,narrative,well as the California Chamber of Commerce
narrative-05,narrative,"well as the proposed discovery provisions, may present"
narrative-05,narrative,"well as younger, lower paid workers and their families, who"
narrative-05,narrative,well below the national average for generating
narrative-05,narrative,"well, and the delays that result"
narrative-05,narrative,well-being of the animal. Elevating this to a more detailed
narrative-05,narrative,well-crafted and should be considered a model for other similar local
narrative-05,narrative,"well-woman"" visit each year, which allows women to go directly"
narrative-05,narrative,"went on to bred, and so on. Ask the breeders if they pay income taxes on"
narrative-05,narrative,"were able to contribute something other than fiscal resources, such as"
narrative-05,narrative,were actually received on the provisions of the bill as
narrative-05,narrative,were amended to remove residential ratepayers from the SGIP subsidy. TURN
narrative-05,narrative,"were approved by this committee on April 19, 1995 and are"
narrative-05,narrative,Were California to draw down Medi-Cal reimbursement rates more aligned with other large
narrative-05,narrative,were convicted of murder and attempted murder and are still in prison
narrative-05,narrative,were engaging in the sale of unsafe handguns to persons who were not
narrative-05,narrative,were expressed by the California Chamber of Commerce and the Western States Petroleum Association
narrative-05,narrative,were instituted after a lengthy working group process involving a diverse
narrative-05,narrative,were limited to these provisions
narrative-05,narrative,"were located in Southern California, while 66 were within the nine-county"
narrative-05,narrative,were never intended
narrative-05,narrative,were not experiencing the same problems as smaller employers
narrative-05,narrative,were opposed to the requirement that all criminal actions
narrative-05,narrative,were required to
narrative-05,narrative,were to arrive on my desk next year in an amended form
narrative-05,narrative,"were to occur, such as the unincorporated area of East Los Angeles, this"
narrative-05,narrative,"were tried together and on December 4, 1997, a jury found all three"
narrative-05,narrative,were used in a constitutionally acceptable manner. Giving
narrative-05,narrative,"Western Center on Law & Poverty and Justice in Aging, who note Medi-Cal plays a crucial role in providing mental health services in California"
narrative-05,narrative,"Western Center on Law & Poverty, commenting on the previous version of the bill"
narrative-05,narrative,Western Center on Law and Poverty (WCLP) and a coalition of equity-focused groups
narrative-05,narrative,Western Center on Law and Poverty to improve alignment between Medi-Cal and CalFresh reporting periods
narrative-05,narrative,"Western Center on Law and Poverty, Justice in Aging, and Disability Rights California to raise the income level of the A&D FPL Program to 138% FPL, creating a ""bright line"" of income eligibility"
narrative-05,narrative,Western Growers and a number of agricultural trade associations
narrative-05,narrative,Western Growers Association and numerous private growers
narrative-05,narrative,Western United Dairymen to significantly restrict the sale of PIA dairy products produced at CSP Corcoran
narrative-05,narrative,We] are pleased
narrative-05,narrative,We] would like to inform this committee of our
narrative-05,narrative,"what appears to be an issue in the Assemblymember's district, rather than"
narrative-05,narrative,"what constitutes an ""excessive amount"" of administrative costs. Are regulations necessary? As"
narrative-05,narrative,what decisions they can
narrative-05,narrative,"what food is potentially hazardous or not, and that allowing"
narrative-05,narrative,What gives this Legislature the right to override other
narrative-05,narrative,what may amount to an inadvertent failure to register
narrative-05,narrative,what new and different information would be revealed
narrative-05,narrative,what Sprint Nextel
narrative-05,narrative,"what those rules will be, creating a level playing field for everyone"
narrative-05,narrative,What will be the economic and human impact on the disabled or elderly
narrative-05,narrative,What will be the impact of the looming federal policies in this area? How
narrative-05,narrative,"what would be the actions of a clerk. ""A major issue is the absence of a"
narrative-05,narrative,When a person is traveling with their dog on vacation this is not a
narrative-05,narrative,"When a prior version of the bill was heard in the Health Committee, a number of health plans expressed"
narrative-05,narrative,When asked if they 'favor or
narrative-05,narrative,when deciding to change the rules shaping their relationship
narrative-05,narrative,when doing so was assumed to be unlawful - could still get a service provider's license under the current version of the bill. They
narrative-05,narrative,when faced with renewing their coverage. They
narrative-05,narrative,when interested parties attempt to exercise due diligence by verifying the legitimacy of an LLC via the Secretary of State's online database
narrative-05,narrative,when it fails to meet academic targets for two consecutive years. NCLB
narrative-05,narrative,"when it is a matter of public health, it is important that the community's or workplace's right to know is protected as much as"
narrative-05,narrative,"when looking at an individual's criminal history information (rap sheet), we have not been able to answer that seemingly simple question. This has"
narrative-05,narrative,"When looking at the totality of the evidence, the forensic evidence"
narrative-05,narrative,when low precipitation coupled with longer
narrative-05,narrative,when purchasing death certificates to bury their loved ones and handle the decedent's estate and does not benefit the individual purchasing a certified copy of a death certificate
narrative-05,narrative,When students turn to peers
narrative-05,narrative,"When the California growing season ends, produce suppliers get products from other countries or"
narrative-05,narrative,"when the complete risk assessment is performed, they should"
narrative-05,narrative,"when the construction of high-speed rail gets underway, the project is not"
narrative-05,narrative,When the Director of the Department of Corrections determines
narrative-05,narrative,"when the employee adds value beyond their cost, and the $3000 credit will"
narrative-05,narrative,when the magazine is removed the gun will not fire
narrative-05,narrative,when their contract is substantially changed. The sponsors
narrative-05,narrative,when there are good faith disagreements about medical care. They further
narrative-05,narrative,when there are many competing needs and limited funds available
narrative-05,narrative,when they do not need care
narrative-05,narrative,when they want it
narrative-05,narrative,where employees directly benefit from their skill and productivity and share in the profits with the establishment owner. As this incentive pay structure has been outlawed
narrative-05,narrative,"Where financial need exists, an individual may petition for a fee waiver"
narrative-05,narrative,Where is the evidence that California better serves vulnerable youth than the
narrative-05,narrative,"where no probation is sentenced, does not contain a parallel 'interests"
narrative-05,narrative,where NPs are more likely to practice. The shortage is reflected in Latino
narrative-05,narrative,where psychiatric patients are removed from the general ED population
narrative-05,narrative,where the injury occurred or where the injured worker lives. Opponents
narrative-05,narrative,"where the mortgage guaranty insurers are domiciled. In this regard, it"
narrative-05,narrative,where the veteran's only means of paying
narrative-05,narrative,"where there is no injury or weapon, but takes $150,000, could"
narrative-06,narrative,where they live
narrative-06,narrative,where they may realize the treatment is unaffordable and may abandon the medication altogether. According to CCC
narrative-06,narrative,where they present a threat to public and environmental health
narrative-06,narrative,"where trapping is not allowed, and"
narrative-06,narrative,whereby plans and insurers would be obligated to pay any claim upfront
narrative-06,narrative,whether a particular immunization recommended for children by the ACIP
narrative-06,narrative,"whether a person is an SVP does not concur, the Director of DMH appoints"
narrative-06,narrative,whether a public safety message delivered by mail during the waiting
narrative-06,narrative,whether an original seller
narrative-06,narrative,whether at religious or non-religious schools
narrative-06,narrative,whether California's death penalty law can be amended in
narrative-06,narrative,whether care recommended by a physician is provided to an
narrative-06,narrative,whether direct
narrative-06,narrative,whether employees have actually gained the expected benefits
narrative-06,narrative,whether HMOs were in compliance with statutory health care
narrative-06,narrative,whether mediation was a precondition to an employee organization's
narrative-06,narrative,whether new municipal utility load in general-whether through
narrative-06,narrative,"whether or not a licensee with several houses in the same community, that"
narrative-06,narrative,whether or not it is prudent for the state to invest millions of dollars
narrative-06,narrative,"whether original sale or resaleincluding a site operated by an original seller that allows consumers to resell tickets. (k) A ""ticket reseller"
narrative-06,narrative,whether selling this asset to the Desert Water Agency
narrative-06,narrative,whether the employee was eligible for health care coverage
narrative-06,narrative,whether the maps will ultimately be useful
narrative-06,narrative,"whether they are mechanical or inverter based systems, how they"
narrative-06,narrative,whether this narrowing of the scope of the bill affects this objection
narrative-06,narrative,whether to adopt the model ordinance that is published by HCD
narrative-06,narrative,whether to grant an individual the opportunity to return to
narrative-06,narrative,"which ""assures all consumers"
narrative-06,narrative,which a charter school serves a student population that is similar to the local school district population
narrative-06,narrative,"which a person may change an e-mail address, and considering that many"
narrative-06,narrative,which a prior drug conviction that would otherwise disqualify
narrative-06,narrative,which accredits schools of naturopathic medicine
narrative-06,narrative,"which activities are prohibited and the law is applied correctly, arguing that ""many motorists are receiving citations for other"
narrative-06,narrative,which advocates and promotes abortions and related services
narrative-06,narrative,which all write
narrative-06,narrative,which allows small producers that may not have the means to purchase new equipment to replace their more-polluting equipment with cleaner equipment. As of September 2022
narrative-06,narrative,which are exempted under Civil Code Section 3344 (d). The bill does not alter that exemption
narrative-06,narrative,which are key to digital navigation technical
narrative-06,narrative,which are reflected in this analysis
narrative-06,narrative,which assists counties
narrative-06,narrative,which assists counties with support and training. The Center facilitates stakeholder groups
narrative-06,narrative,which avoid the introduction of toxic materials
narrative-06,narrative,which CalRecycle notes cannot
narrative-06,narrative,which can trigger civil and criminal liability. Section 2087 provides them assurances that pure accidental take will not be the impetus for liability. As a result
narrative-06,narrative,which coerces a waiver of federal constitutional and statutory rights
narrative-06,narrative,which convened a task force pursuant to the original legislation establishing this mandate to examine provider qualification standards
narrative-06,narrative,which costs about $1
narrative-06,narrative,which could
narrative-06,narrative,which could have substantial economic
narrative-06,narrative,which counterproductively prolongs and deepens the youth's system involvement
narrative-06,narrative,which creates risk
narrative-06,narrative,which diminishes the tax revenue the state collects
narrative-06,narrative,which disadvantages organizations that are working
narrative-06,narrative,which ensure effective interregional planning that
narrative-06,narrative,which entails the right to make and effectuate decisions about all matters relating to pregnancy
narrative-06,narrative,"which envisioned a comprehensive and well-informed groundwater regulatory framework."" They further"
narrative-06,narrative,which existing law states they are eligible
narrative-06,narrative,which had to be conducted at least once every five years
narrative-06,narrative,which has a
narrative-06,narrative,which has taken an
narrative-06,narrative,which have sparked thousands of calls to poison centers across the U.S. These drugs contain synthetic chemicals that are similar to
narrative-06,narrative,which help ensure that they have knowledge of healthcare and end-of-life
narrative-06,narrative,which impede the Medical Board's investigators from their
narrative-06,narrative,which in turn would slow progress. Further
narrative-06,narrative,which include reportable compensation and other compensation for various employees. These industry-standard details provide accountability and transparency
narrative-06,narrative,which include the Traditional Values Coalition
narrative-06,narrative,which include The Utility Reform Network (TURN)
narrative-06,narrative,which includes the following member organizations: Air Force Sergeants Association
narrative-06,narrative,"which includes, California Network of Mental Health Clients"
narrative-06,narrative,which indicates that it supported last year's reforms
narrative-06,narrative,which is currently under consideration by the Senate Budget
narrative-06,narrative,which is not currently accounted for in the state's fiscal plan. With our state facing lower-than-expected revenues over the first few months of this fiscal year
narrative-06,narrative,which is typically a city council
narrative-06,narrative,which is very similar to the process already used by the CTC
narrative-06,narrative,which is why I cannot
narrative-06,narrative,which is why we
narrative-06,narrative,which just took effect on January 1
narrative-06,narrative,which law to enforce when dealing with medical marijuana: federal or
narrative-06,narrative,which makes it even more difficult to obtain financing for those projects
narrative-06,narrative,which makes it imperative that they allocate funds and time to provide adequate
narrative-06,narrative,which may include psychotherapy notes
narrative-06,narrative,which parents can safely surrender their newborns may not significantly
narrative-06,narrative,which PCMA
narrative-06,narrative,which PCMA states typically include quality standards as well as reimbursement rates
narrative-06,narrative,which prohibits pre-judgment injunctions in defamation cases
narrative-06,narrative,which provides a framework to regulate labor relations. Salary terms are a negotiated item in collective bargaining agreements and subject to CSU Board of Trustees approval
narrative-06,narrative,which provides beneficiaries non-medical
narrative-06,narrative,which provides emergency room patients with access to medically assisted treatment and
narrative-06,narrative,which provides public health and safety protections. Evidence shows that
narrative-06,narrative,which regulates home care organizations and registers home care aides
narrative-06,narrative,which represents cannabis businesses in rural legacy producing counties
narrative-06,narrative,which represents industry
narrative-06,narrative,which represents over $110 million in product and
narrative-06,narrative,which represents the air pollution control officers from all 35 local air quality districts throughout California
narrative-06,narrative,which require
narrative-06,narrative,which the company describes as desirable
narrative-06,narrative,which the Court found does not shield disability payments from seizure under an otherwise valid child
narrative-06,narrative,which the Judicial Council categorically
narrative-06,narrative,which the Judicial Council has
narrative-06,narrative,which the sidewalk is located - usually a local public entity
narrative-06,narrative,which the UC can act on now. Other actions to improve UC's policies can be considered when the UC's total budget is considered by the state
narrative-06,narrative,which there has been no showing of any harm to residents from conversions
narrative-06,narrative,which they
narrative-06,narrative,which they are in dire need
narrative-06,narrative,"which this country began and has flourished, [and] AB 1001"
narrative-06,narrative,which those costs are allocated bear a fair or reasonable relationship to
narrative-06,narrative,which tightens up the process for certifying emotional
narrative-06,narrative,which to deter larger and more diverse firms with the financial resources
narrative-06,narrative,which to receive their wages
narrative-06,narrative,which translates into the loss of thousands of childcare slots for low-income children
narrative-06,narrative,which undermines the prosecution's entire case and points unerringly to
narrative-06,narrative,which unfairly delays plans to make investments in infrastructure and capital improvements
narrative-06,narrative,which view nonprofit conservation organizations as DFG's partners
narrative-06,narrative,which was similar
narrative-06,narrative,which was vetoed by the Governor along with a number of other tax expenditure bills
narrative-06,narrative,which we know the authors firmly
narrative-06,narrative,which will enhance the educational experience of SDSU student-athletes and
narrative-06,narrative,which will established the minimum wage for contract workers at $13 per hour starting October 2015
narrative-06,narrative,which will have bi-partisan
narrative-06,narrative,which will help
narrative-06,narrative,which would
narrative-06,narrative,which would eliminate most anesthesia providers from being able to provide care and dramatically contribute to the issue of patient access. They also
narrative-06,narrative,which would have ended CEPIP prior to the statutory inoperative date of July 1
narrative-06,narrative,which would largely duplicate existing programs for
narrative-06,narrative,which would result in less child
narrative-06,narrative,which write
narrative-06,narrative,While
narrative-06,narrative,While a minor or nonminor is eligible for certain services and
narrative-06,narrative,"While AB 2445 is limited to mechanic's liens, we"
narrative-06,narrative,While ACWA strongly
narrative-06,narrative,"while air medical transportation is a laudable program, increasing"
narrative-06,narrative,while allowing these areas to be used for hunting
narrative-06,narrative,while also providing the CDE with valuable perspectives to ensure that resources are efficiently allocated to implement existing laws and better
narrative-06,narrative,while also providing the state with a well-funded regulatory system that addresses off-reservation impacts of tribal gaming and provides economic
narrative-06,narrative,While approved emergency flexibilities approved during the pandemic have been a lifeline for participants in providing necessary alternative services along with needed
narrative-06,narrative,"while avoiding constitutional approval requirements for tax increases. The strategy is to disguise taxes as mere regulatory ""fees"" in order to avoid"
narrative-06,narrative,While both the United
narrative-06,narrative,While CAFF
narrative-06,narrative,While Cal-ICH
narrative-06,narrative,While California has implemented various programs and grants
narrative-06,narrative,While California represents 12% of the [United
narrative-06,narrative,While CHAPCA
narrative-06,narrative,while clearly representing a danger on California waterways
narrative-06,narrative,while continuing to advance the production and use of clean fuels and the clean electrification of many end-uses in the state. For these reasons
narrative-06,narrative,While CPhA
narrative-06,narrative,"while denying or circumventing the most basic rights of minors, including but not limited to"
narrative-06,narrative,"While I am sensitive to the protection of religious freedoms, I cannot support legislation that would have the unintended public safety consequences associated with this proposal"
narrative-07,narrative,While I am supportive of efforts to promote emerging
narrative-07,narrative,While I am supportive of establishing and maintaining appropriate oversight with respect to
narrative-07,narrative,"While I am supportive of mentoring programs, this"
narrative-07,narrative,While I am supportive of opportunities to providing
narrative-07,narrative,While I am supportive of providing students with
narrative-07,narrative,While I appreciate the author's continued efforts to provide pupils with
narrative-07,narrative,"While I appreciate the author's intent to prevent disruptions in local waste hauling services, I do not"
narrative-07,narrative,While I concur that counties must ensure that adequate fire protection
narrative-07,narrative,While I share the author's goal of increasing transparency in our elections
narrative-07,narrative,While I share the view of that a
narrative-07,narrative,While I strongly support efforts to provide a reliable high-speed rail
narrative-07,narrative,While I strongly support expanded access to health coverage for low-income
narrative-07,narrative,While I support efforts to encourage college students to participate
narrative-07,narrative,While I support efforts to encourage college students to participate in
narrative-07,narrative,While I support efforts to promote skin cancer
narrative-07,narrative,While I wholly
narrative-07,narrative,While I'm sympathetic and utterly committed to ensuring maximum safety
narrative-07,narrative,"While in most cases it is reasonable to require such consent, CCY"
narrative-07,narrative,while it
narrative-07,narrative,While it
narrative-07,narrative,"While it does not require licensed attorneys to complete pro bono hours, it has had the effect in other"
narrative-07,narrative,While it is clear that CalWORKs recipients should not be using their cash
narrative-07,narrative,While it is sensible to ensure staff
narrative-07,narrative,While it is the Administration's intent that
narrative-07,narrative,"While it is unknown at what level the program would be funded at, GO-Biz"
narrative-07,narrative,while maintaining flexibility
narrative-07,narrative,While medical mandated reporting to law enforcement for firearm wounds or other very serious injuries is common in many
narrative-07,narrative,While member of the open carry movement
narrative-07,narrative,While most major airlines and the California Assessors
narrative-07,narrative,while most participants in the CalFed program will
narrative-07,narrative,"While navigators tend to focus on enrollment and assisting with Medi-Cal applications, CPEHN"
narrative-07,narrative,While no data exists
narrative-07,narrative,While not formally
narrative-07,narrative,"While not in opposition, the California Hospital Associations (CHA)"
narrative-07,narrative,"While not opposed to having a non-faculty staff member as a Trustee, CSU"
narrative-07,narrative,while not outright
narrative-07,narrative,while operational considerations are important
narrative-07,narrative,While opponents
narrative-07,narrative,while opposed
narrative-07,narrative,while other states are also pursuing measures of this type
narrative-07,narrative,While PJI-CCP
narrative-07,narrative,While PORAC
narrative-07,narrative,While PPAC also
narrative-07,narrative,"While provided as an option to dealers, manufacturer incentive programs"
narrative-07,narrative,While providing direct
narrative-07,narrative,"While public backlash ultimately led Disney to reverse course, the attempt to exploit such a clause"
narrative-07,narrative,While recent amendments have removed the opposition of UC and USC
narrative-07,narrative,while rent control cities have generally allowed rent
narrative-07,narrative,while saving their families and the state money on special
narrative-07,narrative,While SB 642 is only concerned with the look-back period of recovery (as
narrative-07,narrative,while securing appropriate services and
narrative-07,narrative,while SEIU
narrative-07,narrative,While sensational
narrative-07,narrative,"while some of these activities may be desired and beneficial, why should only new homeowners and not the entire community"
narrative-07,narrative,While some provisions may provide marginal improvements to consumer
narrative-07,narrative,"While sometimes individuals are intentionally purchasing fentanyl, more often than not the buyer"
narrative-07,narrative,while state
narrative-07,narrative,While such a change would reduce the discretion of county elections officials
narrative-07,narrative,"While such an exemption may be appropriate for the islands, any new"
narrative-07,narrative,While the ACT
narrative-07,narrative,While the amendment on the 5 percent administrative maximum
narrative-07,narrative,"While the average stay is currently less, the bill does not"
narrative-07,narrative,"While the bill authorizes, and does not require, CalRecycle to conduct these audits, CalRecycle"
narrative-07,narrative,While the bill intends
narrative-07,narrative,While the California Hospital Association (CHA) supports the portion of the bill that requires children to use helmets
narrative-07,narrative,While the California Trucking Association does not
narrative-07,narrative,While the California Welfare Directors' Association (CWDA) does agree that
narrative-07,narrative,While the City of La Verne
narrative-07,narrative,While the CSRLF Program has capacity
narrative-07,narrative,While the purported purpose of the legislation of providing safe working standards is something we all
narrative-07,narrative,While the SCRHA fully
narrative-07,narrative,"While the state has set up temporary programs for the uninsured to access COVID-related care, CIPC"
narrative-07,narrative,While the Teachers' Retirement Fund currently has a
narrative-07,narrative,While the use of design-build is becoming increasingly popular among
narrative-07,narrative,While the use of magnets and animal and mineral
narrative-07,narrative,While the [United
narrative-07,narrative,"While there are many factors that impact affordability, CMUA strongly"
narrative-07,narrative,"While there have been efforts over the last few years to address access issues, CPEHN"
narrative-07,narrative,While there have been recent efforts by both the United
narrative-07,narrative,While there is a great deal that is laudable in this
narrative-07,narrative,While there is no cure for Alzheimer's disease
narrative-07,narrative,"While these are practical approaches, it"
narrative-07,narrative,"While these associations may lose the tool of the transfer fee, one option for these associations to continue those activities"
narrative-07,narrative,"While these organizations are generally supportive of protections for the western Joshua tree and preserving the ability to list under CESA if needed, their letter"
narrative-07,narrative,While they
narrative-07,narrative,"While they support efforts to develop a diverse workforce and filling the need for critical wildfire mitigation work, opposition"
narrative-07,narrative,"While this change [i.e., repealing the prohibition against using matters"
narrative-07,narrative,"While this legislation is drafted to appear as simply an advisory of an employee's existing rights under CalOSHA, it is in fact a new requirement that is predicated on false"
narrative-07,narrative,"While this might seem sensible at first glance, the practical reality would be to compel complainants to mediate all of their"
narrative-07,narrative,"while under suspension, with or without adopting a"
narrative-07,narrative,While universal broadband is a goal that CWA
narrative-07,narrative,While VICA
narrative-07,narrative,"While we agree that this nascent industry and commodity requires further study, Farm Bureau"
narrative-07,narrative,While we appreciate the bill's intent to provide
narrative-07,narrative,While we appreciate the hard work that went into removing some of the problems that led our organization
narrative-07,narrative,while we are not
narrative-07,narrative,While we are not necessarily
narrative-07,narrative,"While we are not necessarily opposed to the new training requirements in SB 827, Cal Cities"
narrative-07,narrative,While we are proud of collective efforts
narrative-07,narrative,While we certainly do not
narrative-07,narrative,while we do not
narrative-07,narrative,While we fully
narrative-07,narrative,While we generally
narrative-07,narrative,"While well intentioned, SCRHA"
narrative-07,narrative,"while wine and distilled spirits, which are more like the products currently subject to the CRV and are typically paid for from"
narrative-07,narrative,Whittier City Council unanimously
narrative-07,narrative,who all
narrative-07,narrative,who already pay local governments for fire protection and may make voters
narrative-07,narrative,who are concerned about the potential environmental and public health
narrative-07,narrative,who are culturally and linguistically sensitive to the needs of the immigrant community. They
narrative-07,narrative,"who are lesbian, gay, bisexual, or transgender"
narrative-07,narrative,who are looking for employment
narrative-07,narrative,who are marching
narrative-07,narrative,who are then burdened with added administrative responsibilities
narrative-07,narrative,who are trained in pre-hospital emergency care and have a limited scope of practice
narrative-07,narrative,who come into regular contact with children in the course of their
narrative-07,narrative,"who do not have access to other sources of funds, this program"
narrative-07,narrative,who first became members or participants in a qualified retirement system
narrative-07,narrative,who has served 10 years in prison for a crime committed as a juvenile to
narrative-07,narrative,who have an
narrative-07,narrative,who have been granted limited immigration status do
narrative-07,narrative,who have taken an
narrative-07,narrative,who held a similar position with an organization that knowingly and willfully accepted a bet or helped facilitate a bet after December 31
narrative-07,narrative,who is appointed and that campaign contributions would shift
narrative-07,narrative,who is eligible for the loan programs. Extending
narrative-07,narrative,who is substantially more qualified and experienced to oversee patient
narrative-07,narrative,who may be the victim of a data breach. They
narrative-07,narrative,who must provide multiple types
narrative-07,narrative,"who need reliable vehicles to get to their jobs, schools, and doctor's"
narrative-07,narrative,who need them
narrative-07,narrative,who paid the excess tax. They
narrative-07,narrative,who perform the bulk of Realignment duties
narrative-07,narrative,"who recanted were credible, and that the remaining witness who"
narrative-07,narrative,who receive the payments
narrative-07,narrative,"who regularly engages in debt collection as defined by Civil Code § 1788.2, except for the original Medi-Cal provider"
narrative-07,narrative,who represents securities firms
narrative-07,narrative,who take an
narrative-07,narrative,who were
narrative-07,narrative,who will be able to determine exactly what conditions would
narrative-07,narrative,who would benefit from faster
narrative-07,narrative,who write
narrative-07,narrative,who write in an
narrative-07,narrative,who write with an
narrative-07,narrative,who writes
narrative-07,narrative,"who: (1) prior to the crime, had insufficient adult support or"
narrative-07,narrative,Whole Person Learning. (Some of the opposition listed above may be in regards to previous versions of the bill
narrative-07,narrative,wholly unnecessary as CALPIA is able to issue waivers - and has done
narrative-08,narrative,whose current offenses are neither serious nor violent felonies
narrative-08,narrative,whose efforts the
narrative-08,narrative,whose lives have been destabilized by eviction or loss of a home. AB 264
narrative-08,narrative,"why CDAA would prefer a more costly, troubled, ineffective"
narrative-08,narrative,why have CDCR administer a youth parole program? Under
narrative-08,narrative,Why should any one be singled out for a different notice requirement? A
narrative-08,narrative,why there are so many Labrador Retrievers and lab mixes being killed in
narrative-08,narrative,WIC retail food vendors the opportunity to remedy violations and help
narrative-08,narrative,"wide range of additional medications, including oral steroids and injectable drugs for the treatment of eye conditions"
narrative-08,narrative,widely among county agencies as today - all of the taxing
narrative-08,narrative,widely used for miscellaneous purposes
narrative-08,narrative,widespread acceptance of lane splitting in California and that they
narrative-08,narrative,widowed and hold the proceeds of their spouses' life insurance policies
narrative-08,narrative,wildlife and its habitat
narrative-08,narrative,will
narrative-08,narrative,will accomplish this by reducing excessively high-cost
narrative-08,narrative,"will add time to disclosure requirements, thus discouraging consultants"
narrative-08,narrative,will add to the anguish and fear they experience when they
narrative-08,narrative,will aggravate shortfalls the currently exist in many special funds
narrative-08,narrative,"will allow ""the child"
narrative-08,narrative,"will allow for more thorough investigations, enhance public service and alleviate the burden of grand jury service"
narrative-08,narrative,will always set the best policies for their ratepayers and do
narrative-08,narrative,"will be ""conspicuously labeled to identify the fish or fish product as a"
narrative-08,narrative,will be appointed to
narrative-08,narrative,will be appropriately reviewed and mitigated. This could lead to some
narrative-08,narrative,will be insufficient
narrative-08,narrative,"will be penalized for the poor decisions of a small number of young people, and the prohibition of sales to minors will open"
narrative-08,narrative,"will be preponderance of the evidence, a significantly lower standard. In"
narrative-08,narrative,will be revenue and cost neutral for hospitals and local law enforcement
narrative-08,narrative,will be used to fund an actuarial error associated
narrative-08,narrative,"will be, PG&E customers, and thus should bear no"
narrative-08,narrative,will become homeless and more difficult to track
narrative-08,narrative,will compromise patient care as physicians and employees start
narrative-08,narrative,will continue to enjoy the level of services called
narrative-08,narrative,will control emissions from approximately 60% of diesel engines in
narrative-08,narrative,will create a differential fee for community college students opening a
narrative-08,narrative,will cut off those streams of revenue and place all programs dependent on
narrative-08,narrative,will damage the quality of data in the voter rolls by creating a
narrative-08,narrative,will directly translate into PEL for a workplace environment
narrative-08,narrative,will ensure that
narrative-08,narrative,will ensure that the Board of Parole Hearings gives appropriate
narrative-08,narrative,will essentially encompass almost all employees in the workforce with
narrative-08,narrative,will establish the minimum wage for contract workers at $13 per hour
narrative-08,narrative,"will ever be allowed, to be added to DOJ approved handgun roster. These"
narrative-08,narrative,will extend compensation restrictions to all other local agency
narrative-08,narrative,will face an annual payroll increase of $10
narrative-08,narrative,will fundamentally change the rules for foreclosed rental properties
narrative-08,narrative,will grow even wider. The enactment of SB 300 will fix this unfortunate
narrative-08,narrative,will have administrative authority for more economic development related
narrative-08,narrative,will have significant state-mandate costs as notification will result in
narrative-08,narrative,will have the effect of unnecessarily impeding the research
narrative-08,narrative,will help
narrative-08,narrative,will help initiate and promote safe and sound
narrative-08,narrative,will hurt the business climate
narrative-08,narrative,will improve communication between patients and providers
narrative-08,narrative,will improve understanding by consumers of their rights and options related to filing complaints with the DOC concerning
narrative-08,narrative,will increase premiums across most small group plans and eliminate product and premium flexibility. Concerns
narrative-08,narrative,"will increase premiums paid by employers and their employees, leaving more Californians uninsured. The association notes a"
narrative-08,narrative,will jeopardize their ability to attract and retain the best available
narrative-08,narrative,"will lead districts to offer the same courses through extension, but at a"
narrative-08,narrative,will lead many middle income employers to hire domestic work employees
narrative-08,narrative,will lead them to develop energy efficiency programs on their own
narrative-08,narrative,will lead to a diminution of 911 service. The Utility Reform Network (TURN)
narrative-08,narrative,will lead to increased economic activity in California
narrative-08,narrative,will make it difficult to impose legitimate punitive actions
narrative-08,narrative,will not achieve its desired effect. Opponents
narrative-08,narrative,"will not achieve true universal coverage, which should be the goal of health care reform. Blue Cross"
narrative-08,narrative,"will not alter their practice, except that now a party will have to"
narrative-08,narrative,will not be sufficient to provide the necessary funding for a
narrative-08,narrative,"will not have time or resources to enforce, is a better"
narrative-08,narrative,will not solve the systemic problems for individuals living in rural and inner-city areas throughout the
narrative-08,narrative,will only increase the likelihood that payday borrowers will not be able
narrative-08,narrative,will open the door to furthering the legalization of marijuana. CCF
narrative-08,narrative,will pay higher cost-sharing as a result. To impose additional
narrative-08,narrative,will pay less
narrative-08,narrative,will place a burden on the Bureau to significantly increase licensure and examination fees charged to these professionals as the current
narrative-08,narrative,will practice in an underserved community
narrative-08,narrative,will present obstacles to the effective and limited use of separation and programming restrictions. These restrictions will potentially
narrative-08,narrative,will provide critical
narrative-08,narrative,will provide they time need to find stable employment sufficient
narrative-08,narrative,"will reduce counties' ability to approve relatives as caregivers for abused and neglected children, delaying placements and requiring more of them to"
narrative-08,narrative,will reduce the chance that a family will be
narrative-08,narrative,will require expensive and time consuming inspections even in
narrative-08,narrative,will result in less consumer protection. TURN states
narrative-08,narrative,will result in losing it
narrative-08,narrative,"will result in present value costs of $1.1 billion, reducing the surplus to $3.4 billion. In addition, STRS wants to implement a statewide health program"
narrative-08,narrative,will significantly change UC's existing admissions practices
narrative-08,narrative,will streamline the request process by allowing people the option to
narrative-08,narrative,"will suffer, programs will suffer and local governments will experience"
narrative-08,narrative,Will there be fewer jobs for domestic workers? Will the available jobs
narrative-08,narrative,"will therefore ""likely be biased"
narrative-08,narrative,Will transient registered sex offenders understand or use
narrative-08,narrative,"will with age inherit fully, are chipped away in the name of their"
narrative-08,narrative,will work with the Senator to make that happen
narrative-08,narrative,"will, even if they have failed to discharge their legal"
narrative-08,narrative,willful is defined as a 'willingness to commit the act' but does not
narrative-08,narrative,"Williamson Act lands, when designated as marginally productive or"
narrative-08,narrative,"willing to hire individuals who meet the alternative education, training, and experience requirements to succeed in the job"
narrative-08,narrative,"willingness to discuss this latter issue, although there is"
narrative-08,narrative,willingness to work with the authors and the sponsor to create
narrative-08,narrative,"wind, fuel cells and waste gas. Legislation was adopted in 2009 (SB 412, Kehoe) to authorize an expansion of eligible technologies top include those"
narrative-08,narrative,window in recognition that some providers may be
narrative-08,narrative,"wiretap law to conform with federal law"" as it existed at the time"
narrative-08,narrative,Wiretap orders are obtained for the purpose of intercepting
narrative-08,narrative,Wise (Brewer) continued
narrative-08,narrative,wish to renew contracts or accept new patients
narrative-08,narrative,"wish to set a precedent for statutory deferral of lease payments on portable classrooms, when a"
narrative-08,narrative,wishing to impose a moratorium on its enforcement should
narrative-08,narrative,with 'on or about the person
narrative-08,narrative,with 97% of California dental offices closing completely or seeing patients only for emergencies in the initial months of the 2020 shutdown. Now that most dental offices are back to practicing
narrative-08,narrative,with a
narrative-08,narrative,with a crime without any reasonable suspicion or probable
narrative-08,narrative,with a date of injury during the period of membership in
narrative-08,narrative,with a minimum of five-years experience
narrative-08,narrative,with additional protections
narrative-08,narrative,with additional resources to help accommodate the expanded Medi-Cal
narrative-08,narrative,"With adequate resources from the state through the Medi-Cal program, CPEHN"
narrative-08,narrative,With all of these
narrative-08,narrative,with all requirements of the UPL
narrative-08,narrative,with all types of Internet companies and application developers so that
narrative-08,narrative,with almost 30
narrative-08,narrative,with amendments
narrative-08,narrative,with an advisory committee of not more than seven members
narrative-08,narrative,with an annual safety inspection. I already signed SB 109 this year that
narrative-08,narrative,with an interest in a real estate transaction from inappropriately
narrative-08,narrative,"with any defined benefit plan, the employer/plan sponsor bears"
narrative-08,narrative,with appropriate amplification as soon as possible to
narrative-08,narrative,with breast cancer eligible for an independent review for
narrative-08,narrative,"with Canadian and Mexican ports, as well as American ports. Supporters"
narrative-08,narrative,"with CAPA or CMA. | |End-of-course mathematics CSTs: | | | | |Algebra I, grades 7-11"
narrative-08,narrative,with children while improving program administration
narrative-08,narrative,"with DMHC before adjusting MCMC plan rates. However, the language may be requiring DMHC to provide information that"
narrative-08,narrative,with double voting. The SOS suggests requiring same-day
narrative-08,narrative,with local laws. San Mateo County found that punitive intact animal
narrative-08,narrative,with other health factors. The governor directed the secretaries of Health and Human Services and CalEPA to work
narrative-08,narrative,"with overseeing San Bernardino county, the largest geographical county, with 18,000 employees and two million residents, is difficult under"
narrative-08,narrative,"With respect to the four-year probationary period, CTA notes"
narrative-08,narrative,with the affinity provisions of California's Financial
narrative-08,narrative,with the APA when this requirement is not imposed on public
narrative-08,narrative,with the best information upon which to make its acquisition decisions
narrative-08,narrative,with the Business and Professions Committee regarding these
narrative-08,narrative,with the California Workforce Investment Board to ensure that
narrative-08,narrative,"with the Committee on City Accounting Procedures, to prescribe for"
narrative-08,narrative,with the consent of the district attorney. (d) In an action alleging a violation of this chapter
narrative-08,narrative,"With the current federal Administration directly undermining our state and local air and climate pollution reduction strategies, it is imperative that we"
narrative-08,narrative,with the data for shall not be allowed as substitutes for
narrative-08,narrative,"with the distinguished and arduous role of 'watchdog' of public office, with the potential to uncover substantive opportunities for improvements"
narrative-09,narrative,"with the DMV. To be re-registered, the law requires that the vehicle pass"
narrative-09,narrative,"With the economic downturn, that percentage has increased. Accordingly, there are fines owed throughout the"
narrative-09,narrative,with the following message
narrative-09,narrative,"with the following veto message: ""Each of these bills creates a new tax credit or expands an existing tax credit. Despite strong revenue performance over the past few years"
narrative-09,narrative,with the goal of reducing the overall prescription
narrative-09,narrative,with the homosexual lifestyle do so peacefully. These persons
narrative-09,narrative,"with the how collections were apportioned in the base CSI program, however"
narrative-09,narrative,with the intent to mislead and without the written consent of the event presenter
narrative-09,narrative,with the L.A. Superior Court on the basis that five of the six
narrative-09,narrative,with the latest set of amendments. No opposition is verified at this
narrative-09,narrative,with the law if the penalties for violations are lower than the cost of compliance. Supporters further
narrative-09,narrative,with the likely result of no additional
narrative-09,narrative,with the local distribution systems do not effect the statewide
narrative-09,narrative,with the Los Angeles Superior Court on the basis that five of the six
narrative-09,narrative,with the measure
narrative-09,narrative,with the Million Mom March
narrative-09,narrative,with the most recent set of amendments. The California Association of Health Plans (CAHP) writes in opposition to the prior version that they
narrative-09,narrative,with the opposition regarding the detailed concerns
narrative-09,narrative,"with the practical, tailored approach that I"
narrative-09,narrative,"with the proposed amendments. Specifically, the California"
narrative-09,narrative,with the providers and the DMHC in drafting this version of the bill
narrative-09,narrative,with the purpose and objectives of the Juvenile Court law. AB 2408 would
narrative-09,narrative,"With the rapback process, a federal level criminal offender record"
narrative-09,narrative,with the realignment appropriation to counties funding that was promised
narrative-09,narrative,With the recent inclusion of subacute care services into MCMC
narrative-09,narrative,"with the recovery bond mechanism, but maintained that the bill's exemptions from responsibility for paying the dedicated"
narrative-09,narrative,"with the safest feasible alternatives is ""fundamentally flawed"
narrative-09,narrative,"with the safety of a product, but may be due just to a"
narrative-09,narrative,"with the state and federal constitution and court rulings. Last year, California's Fourth Circuit Court of Appeals-arguably the state's most"
narrative-09,narrative,with the state and local agencies to develop the parameters of effective community based programs
narrative-09,narrative,with the state. PPAC also notes the existing transfer agreement
narrative-09,narrative,With the support of the National Association for Rare Disorders (NARD)
narrative-09,narrative,"with the unspecified percentage in the bill, which is discussed above"
narrative-09,narrative,"with the use of diacetyl, and"
narrative-09,narrative,"with the will of the California electorate, which overwhelmingly supports"
narrative-09,narrative,"with their own money and registers that weapon in their own name, they"
narrative-09,narrative,"with their rights and obligations, which leaves them"
narrative-09,narrative,with these offenses are small-time street hustlers who are represented by
narrative-09,narrative,"With this knowledge, they are able to craft a"
narrative-09,narrative,with university and academic institutions to develop a
narrative-09,narrative,With your
narrative-09,narrative,withdraw that opposition if the bill were amended to narrow the list of DRGs for which increased compensation would be paid. ACIC
narrative-09,narrative,"withdrawing funds from gambling establishments and adult venues ""amounts"
narrative-09,narrative,withdrawn they now have a neutral position on the bill. Their
narrative-09,narrative,within 30 calendar days of the cancellation. (b) The ticket price of an event that is postponed
narrative-09,narrative,within 30 days of a well-child assessment. MRMIB staff
narrative-09,narrative,"within 30 to 45 business days, depending on the plan's"
narrative-09,narrative,"within 90 days when having the ability to pay, as specified. The bill"
narrative-09,narrative,"within a few years, all medical records will be electronic and it is important that all health care providers who"
narrative-09,narrative,"within a shorter timeframe, there is no guarantee that enough information"
narrative-09,narrative,"within prison walls. Additionally, cell phones allow inmates to"
narrative-09,narrative,within seven years of two separate specified DUI convictions
narrative-09,narrative,"within the current structure of the courts. ""Many juvenile court"
narrative-09,narrative,within this MOE
narrative-09,narrative,"within this resource level, rather than being required to"
narrative-09,narrative,"within, the textbook, both of the following items of information: (1) For any new editions of textbooks, a complete list of all differences"
narrative-09,narrative,"within, the textbook, both of the following items of information: (1) For any new editions of textbooks, a summary of the substantive"
narrative-09,narrative,"Without a broader conscience clause, the Catholic"
narrative-09,narrative,without addressing the fact that the increasing popularity of high deductible products is attributable to double-digit
narrative-09,narrative,without any corresponding requirement for providers to utilize or share the material. CAHP
narrative-09,narrative,without any notice at all. The sponsors
narrative-09,narrative,"Without confidentiality, opponents"
narrative-09,narrative,without consent
narrative-09,narrative,without coverage by the time they have left the hospital and are in need of a device to replace a limb
narrative-09,narrative,without diminishing the quality of program
narrative-09,narrative,"without facts to support the policy. In addition, excluding people with"
narrative-09,narrative,without first affording him or her due process. AB 409 is
narrative-09,narrative,without guaranteed funding from the state
narrative-09,narrative,without legislative regulatory intervention. The office would like to explore and facilitate meetings
narrative-09,narrative,without moderate increases in both state funding and tuition and fees
narrative-09,narrative,Without necessary
narrative-09,narrative,without prior authorization would potentially subject women to
narrative-09,narrative,without producing any evidence of wrongdoing is unconstitutional
narrative-09,narrative,without providing a commensurate increase in public service
narrative-09,narrative,without psychological
narrative-09,narrative,without public input from the local community. Charter schools do not
narrative-09,narrative,Without reauthorizing the fees established
narrative-09,narrative,without regard for the specific facts. This one-size-fits-all approach is
narrative-09,narrative,without regard to reasonable state and federal time
narrative-09,narrative,without solving any existing problems. The California Municipal
narrative-09,narrative,without the aid of the State Controller or other audit experts to examine
narrative-09,narrative,"without the appropriate education, training, or oversight. The organization"
narrative-09,narrative,"without the credit, disproportionately benefits large"
narrative-09,narrative,without the extension of the managed care organization tax that I called for in special session
narrative-09,narrative,Without the protections currently provided to search and rescue (SAR) dogs
narrative-09,narrative,without this exemption AHI must be
narrative-09,narrative,"Without this guardrail, the Chamber"
narrative-09,narrative,without this same level of study and public input in the form
narrative-09,narrative,witness who is related to the victim or the offender or who fears for his
narrative-09,narrative,witnessed the driving
narrative-09,narrative,witnesses testified to hearing four to six gunshots and none testified to
narrative-09,narrative,"women are wearing a dress with a plunging neckline, such as worn at the Oscars ceremony"
narrative-09,narrative,women considering ovarian stimulation and oocyte retrieval are capable of informed decision making as to the risks of compensated participation in research
narrative-09,narrative,women convicted before 1992
narrative-09,narrative,Women's Facility near Stockton. All executions occur at San Quentin
narrative-09,narrative,Women's Foundation of California is proud to sponsor and
narrative-09,narrative,work and appropriate local decisions have been made
narrative-09,narrative,work as a paid retiree. The Judicial Council of California
narrative-09,narrative,work in a state hospital where 50% or more of the clients are sent by
narrative-09,narrative,work off leash in the course of their duties and their handlers cannot be
narrative-09,narrative,work together to identify legal work for which an outside firm is
narrative-09,narrative,"work well, and existing law provides peace offices with the right to"
narrative-09,narrative,work while their applications are being processed. SEIU
narrative-09,narrative,work with the Labor Commissioner to adopt regulations that help ensure
narrative-09,narrative,"work, go to school, see the doctor, and visit with family and friends"
narrative-09,narrative,worked on language that would resolve the concerns expressed about the prior version of the bill. The prior opposition has been removed
narrative-09,narrative,worker protections regulations
narrative-09,narrative,"workers as independent contractors, and suggests that the exemption should"
narrative-09,narrative,workers can choose to be certified
narrative-09,narrative,workers due to the high-risk environment in which they work
narrative-09,narrative,"Workers of America AFSCME Local 3930/AFL-CIO ""Studies have shown"
narrative-09,narrative,workers relate to those workers in hospitals and psychiatric facilities. There is no direct evidence
narrative-09,narrative,"workers subject to this measure - - resulting in costs to the state of over $200 million per year. This could require cuts in wages, reduced"
narrative-09,narrative,workers' health and productivity
narrative-09,narrative,"workers, and not only those below 300 percent of the FPL. CLF"
narrative-09,narrative,"workers, and provides that workers may form and join a labor"
narrative-09,narrative,"workers, firefighters, physicians, coroners, and clergy. Mandated"
narrative-09,narrative,"workers. The Association would support, however, a limited"
narrative-09,narrative,workforce concerns articulated above requires an
narrative-09,narrative,workforce data and development priorities
narrative-09,narrative,"workforce investment areas and boards, by this legislation, are already"
narrative-09,narrative,Workforce Investment Board has just been appointed
narrative-09,narrative,workforce needs
narrative-09,narrative,workforce services to the people of California
narrative-09,narrative,"workforce. To that end, I am instructing all professional and occupational licensing boards to review their requirements for"
narrative-09,narrative,workgroup to review parental
narrative-09,narrative,working adult
narrative-09,narrative,"working families to go through ""welfare-style"" eligibility screening for"
narrative-09,narrative,working for more than one employer. CAHSAH expresses concerns that the employer mandate may drive employers into misclassifying home health care
narrative-09,narrative,working in those casinos and withdrawing their cash benefits from
narrative-09,narrative,working or whether other
narrative-09,narrative,"working police dogs are not themselves police dogs, but are bred and used"
narrative-09,narrative,working with the author and sponsors to address these concerns
narrative-09,narrative,working with to
narrative-09,narrative,"working. This statute, passed by overwhelming majorities in the Legislature in 1994 and approved by a wide margin by the electorate later"
narrative-09,narrative,workload increase for technical assistance staff due to the impact on smaller candidates and committees
narrative-09,narrative,workload increase-from increasing the frequency of estate
narrative-09,narrative,works projects
narrative-09,narrative,"works to improve the coordination of enforcement activities, and to"
narrative-09,narrative,works. And it is worth
narrative-09,narrative,works. They
narrative-09,narrative,world-renowned environment and the public who benefits from it
narrative-09,narrative,worth of housing
narrative-09,narrative,would
narrative-09,narrative,wrap manufacturers sell these products in flavored varieties including
narrative-09,narrative,WRD's replenishment assessments are illegal as a result of WRD's failure
narrative-09,narrative,writ of habeas corpus based on ineffective counsel. Rocha was released on
narrative-10,narrative,"write ""CalETC fully"
narrative-10,narrative,"write ""WECA and PHCC are not"
narrative-10,narrative,write that they are
narrative-10,narrative,write that vended water is an inexpensive alternative to
narrative-10,narrative,write the following to explain the need for and their
narrative-10,narrative,write to express our strong
narrative-10,narrative,writes as
narrative-10,narrative,writes Assembly Bill 897 seeks to encourage and
narrative-10,narrative,writes in a
narrative-10,narrative,writes in an
narrative-10,narrative,writes in opposition that creating two additional positions to be filled
narrative-10,narrative,writes in opposition that the hepatitis A rates in
narrative-10,narrative,"writes in support that as a former employee of the Santa Cruz SPCA, he"
narrative-10,narrative,writes that although current law
narrative-10,narrative,writes that by creating more restrictions for property owners who desire
narrative-10,narrative,writes that some health plans and insurers
narrative-10,narrative,writes that there is no objective or scientific test for any
narrative-10,narrative,"writes that they ""strongly"
narrative-10,narrative,writes the following to explain their
narrative-10,narrative,"writes, ""The ordinance allowed us to 'get tough' with backyard breeders and force them to alter their animals and thereby reduce the numbers"
narrative-10,narrative,Writing as
narrative-10,narrative,writing as
narrative-10,narrative,"Writing as a sponsor of the measure, the American Heart Association"
narrative-10,narrative,"Writing as the sponsor of the bill, CSAC"
narrative-10,narrative,"Writing in ""strong support"" of the bill, the Silicon Valley Leadership Group"
narrative-10,narrative,writing in a
narrative-10,narrative,writing in a joint letter about their strong
narrative-10,narrative,Writing in a position
narrative-10,narrative,"Writing in as ""opposed,"" the Craft Wine Association"
narrative-10,narrative,Writing in Opposition the Western Manufactured Housing Communities Association (WMA)
narrative-10,narrative,"Writing in opposition to an earlier version of the bill, the California Center for Homeowner Association Law"
narrative-10,narrative,"Writing in opposition to the bill, the California Apartment Association (CAA)"
narrative-10,narrative,"Writing in opposition to the bill, the City of Torrance"
narrative-10,narrative,"Writing in opposition to the bill, the Sierra Club California"
narrative-10,narrative,"Writing in opposition to the bill, the Western Manufactured Housing Communities Association"
narrative-10,narrative,"Writing in opposition to the bill,, Consumers for auto Reliability and Safety"
narrative-10,narrative,"Writing in opposition to the May 23rd version of the bill, Chamber of Progress"
narrative-10,narrative,"Writing in opposition to the previous version of the bill, the California Grocers Association"
narrative-10,narrative,"Writing in opposition, ""San Diego Gas and Electric (SDG&E)"
narrative-10,narrative,"Writing in opposition, a coalition"
narrative-10,narrative,"Writing in opposition, a coalition of agricultural groups states, among other concerns"
narrative-10,narrative,"Writing in opposition, a coalition of environmental organizations"
narrative-10,narrative,"Writing in opposition, a coalition of organizations"
narrative-10,narrative,"Writing in opposition, as amended on June 30, 2025, not based on the version in print which has been significantly amended"
narrative-10,narrative,"Writing in opposition, Republic Services"
narrative-10,narrative,"Writing in opposition, RXN Group"
narrative-10,narrative,"Writing in opposition, the California Association of Sanitation Agencies"
narrative-10,narrative,"Writing in opposition, the California Grocers Association"
narrative-10,narrative,"Writing in opposition, the California Solar and Storage Association (CALSSA)"
narrative-10,narrative,"Writing in opposition, the Center for Biological Diversity"
narrative-10,narrative,"Writing in opposition, the Home Care Association of America"
narrative-10,narrative,"Writing in opposition, the Stop Hidden Taxes Coalition"
narrative-10,narrative,"Writing in opposition,, the California Manufacturers and Technology Association (CMTA)"
narrative-10,narrative,"Writing in opposition,, the Western"
narrative-10,narrative,Writing in support of the bill
narrative-10,narrative,"Writing in support of the bill, the Sierra Club California and others"
narrative-10,narrative,"Writing in support, a coalition of organizations states"
narrative-10,narrative,"Writing in support, Alameda County Transportation Commission"
narrative-10,narrative,"Writing in support, California Housing Partnership"
narrative-10,narrative,"Writing in support, California State Association of Counties"
narrative-10,narrative,"Writing in support, Children Now"
narrative-10,narrative,"Writing in support, CTC"
narrative-10,narrative,"Writing in support, Oberon Fuels"
narrative-10,narrative,"Writing in support, Reviver Auto"
narrative-10,narrative,"Writing in support, San Diego County"
narrative-10,narrative,"Writing in support, the American Lung Association"
narrative-10,narrative,"Writing in support, the Association of Regional Center Agencies"
narrative-10,narrative,"Writing in support, the California Association of Nonprofits"
narrative-10,narrative,"Writing in support, the California Council of Community Behavioral Health Agencies"
narrative-10,narrative,"Writing in support, the California Defense Counsel"
narrative-10,narrative,"Writing in support, the California Labor Federation"
narrative-10,narrative,"Writing in support, the California Outdoor Recreation Partnership state, ""California is one of just six"
narrative-10,narrative,"Writing in support, the City of El Segundo"
narrative-10,narrative,"Writing in support, the City of Pismo Beach"
narrative-10,narrative,"Writing in support, the City of San Diego"
narrative-10,narrative,"Writing in support, the Costa Mesa Fire Fighters Association"
narrative-10,narrative,"Writing in support, the County of Napa"
narrative-10,narrative,"Writing in support, the Davis Police Department acknowledges the tremendous impact Officer Corona had to the department and"
narrative-10,narrative,"Writing in support, the Los Angeles County Office of Education"
narrative-10,narrative,"Writing in support, the National Association of Social Workers, California Chapter"
narrative-10,narrative,"Writing in support, the PAO"
narrative-10,narrative,"Writing in support, the San Diego Humane Society"
narrative-10,narrative,"Writing in support, the University of California (UC)"
narrative-10,narrative,"Writing in support, the Ventura County Board of Supervisors"
narrative-10,narrative,"Writing in support, UDW/AFSCME Local 3930"
narrative-10,narrative,"Writing in support, Yuba County"
narrative-10,narrative,Writing is
narrative-10,narrative,"Writing numerous letters in opposition, individuals are"
narrative-10,narrative,writing on behalf of itself and other associations representing the hotel and related hospitality industries
narrative-10,narrative,"writing that ""CDA"
narrative-10,narrative,"Writing with an ""oppose"" position to a previous version of the bill, Free Speech Coalition"
narrative-10,narrative,"written and as proposed to be amended, essentially toothless. We fear"
narrative-10,narrative,"written statement of charges, or whenever an interrogation focuses on"
narrative-10,narrative,"written, the committee did not have information on the specifics of agency's opposition"
narrative-10,narrative,wrongfully denied disability retirement. CSU
narrative-10,narrative,XIIIC to broaden the definition of what constitutes a tax to include many
narrative-10,narrative,Yahoo! Inc. is opposed to the bill's liability
narrative-10,narrative,Yahoo! is opposed. One of the requirements for a software provider to be exempt from
narrative-10,narrative,year don't have business licenses of this sort
narrative-10,narrative,"year flood levees are now deemed inadequate, and are scheduled for"
narrative-10,narrative,year funding for TSCN for its local traffic safety programs and is a
narrative-10,narrative,year history using state contracting
narrative-10,narrative,"year in county jail and/or a fine of $390 to $1,000. A DUI"
narrative-10,narrative,"year in county jail and/or a fine of up to $1,000, or by 16"
narrative-10,narrative,"year investments, and that the only relevant rate-of-return measure is"
narrative-10,narrative,"year is $245,000. The compensation limit is only applicable to persons"
narrative-10,narrative,year on contract public defense attorneys for involuntary medication hearings
narrative-10,narrative,"year period, regardless of whether any person or entity actually obtains"
narrative-10,narrative,year to bring consistent and effective oversight to this growing
narrative-10,narrative,year's bill was focused on those school districts which
narrative-10,narrative,"year, about $250,000 in penalties are assessed on local agencies for"
narrative-10,narrative,"year, and executions on hold to court order, overcrowding will continue"
narrative-10,narrative,"year, directs the director to investigate and take enforcement"
narrative-10,narrative,year-old boy was non-forcible or consensual
narrative-10,narrative,year-round school eligibility requirements for state incentive
narrative-10,narrative,"year. In Los Angeles County, the Sheriff's Department alone, took over"
narrative-10,narrative,year. It also displays programs that aid charter schools in accessing
narrative-10,narrative,year. The lower estimate for FPBR takes into account two key factors: (1)
narrative-10,narrative,"year."" The 2015-16 Budget Act did not address estate recovery"
narrative-10,narrative,years 1990-91 through 1995-96 that may be discovered in
narrative-10,narrative,"years ago, Congress enacted a mandatory country of origin"
narrative-10,narrative,years along with the possibility of being paroled after serving 25 years
narrative-10,narrative,years and New York City for seven years
narrative-10,narrative,"years in prison, to 16 months, 2 or 3 years"
narrative-10,narrative,"years in state prison and/or a fine of up to $250,000"
narrative-10,narrative,years in state prison. Second-degree robbery is punishable by
narrative-10,narrative,years of age or older
narrative-10,narrative,"years of cuts to state government, supervisors, managers and confidential"
narrative-10,narrative,years of underinvestment has meant that SNPAOs barely had the resources
narrative-10,narrative,years since federal government closed the line in November 1998. Prior to
narrative-10,narrative,years the amount of time an employee would have to be employed by
narrative-10,narrative,years where a Cost-of-Living adjustment is not budgeted
narrative-10,narrative,"years, it will be difficult to retroactively apply these new requirements"
narrative-10,narrative,"years. Between April of 2006 and December of 2012 there have been 46,283"
narrative-10,narrative,"years. Prior to the 2010 Budget Act, the state deferred mandate payments"
narrative-10,narrative,yet essential
narrative-10,narrative,yet their movements would not be tracked or recorded
narrative-10,narrative,"Yet, as Hagar"
narrative-10,narrative,YIMBY Action regrets to inform you of our decision
narrative-10,narrative,Yocha Dehe Fire Department is the only fire department in Yolo County staffed primarily with paramedics and capable of providing Advanced Life
narrative-10,narrative,youth groups and many private schools are based on religious values or
narrative-10,narrative,youth may not be denied membership in the BSA based on sexual
narrative-10,narrative,"youth organization to the list of mandated reporters, and requires"
narrative-10,narrative,youth who may need such services
narrative-10,narrative,Youth who miss class time
narrative-10,narrative,youth workforce development and job opportunities but also decrease the number of available corpsmembers who can readily assist communities in need
narrative-10,narrative,"zero lift"" in the description of the safe patient handling policy. CHA"
new_canonical-01,new_canonical,Venice Action Alliance
new_canonical-01,new_canonical,Ventura County APS
new_canonical-01,new_canonical,Ventura County Board of Supervisors (Sponsors)
new_canonical-01,new_canonical,Ventura County Commission on Human Concerns & Community
new_canonical-01,new_canonical,Ventura County Fairgrounds (31st DAA)
new_canonical-01,new_canonical,Ventura County PTA (12th District)
new_canonical-01,new_canonical,Venture Property Management
new_canonical-01,new_canonical,"Verdes Sand & Gravel Co., one individual"
new_canonical-01,new_canonical,Verisk/AIR Worldwide
new_canonical-01,new_canonical,Veritext Corporation
new_canonical-01,new_canonical,"ViatiCare, Minneapolis, MN"
new_canonical-01,new_canonical,Victorville Municipal Court
new_canonical-01,new_canonical,Vigen Associates
new_canonical-01,new_canonical,"Vincent Brady, Cathedral of the Blessed Sacrament"
new_canonical-01,new_canonical,"VISA, U.S.A. (7/30/98)"
new_canonical-01,new_canonical,Vista Firefighters
new_canonical-01,new_canonical,Vista LifeHOUSE
new_canonical-01,new_canonical,VOICES LLP
new_canonical-01,new_canonical,VOR
new_canonical-01,new_canonical,W. Berry Hurley Corp
new_canonical-01,new_canonical,W.R. Grace & Co/Cryovac Division
new_canonical-01,new_canonical,Weld 2020 Presidential Exploratory Committee Inc
new_canonical-01,new_canonical,Wendling Enterprises
new_canonical-01,new_canonical,Wesley House
new_canonical-01,new_canonical,Wessel Fragrances Inc
new_canonical-01,new_canonical,"West Coast Plastics Equipment, Inc"
new_canonical-01,new_canonical,West Valley Counseling Center
new_canonical-01,new_canonical,"WESTCO Products, Inc"
new_canonical-01,new_canonical,Westcoast Grounds
new_canonical-01,new_canonical,Western Boaters Association
new_canonical-01,new_canonical,Western Rottweiler English Springer Spaniels
new_canonical-01,new_canonical,"Western Time Equipment Co., Inc"
new_canonical-01,new_canonical,"Whittaker Controls, Inc"
new_canonical-01,new_canonical,Whittier/Rio Hondo AIDS Project
new_canonical-01,new_canonical,"Wholesale Supply Co., Hollywood"
new_canonical-01,new_canonical,WIC Breastfeeding Peer Counselor Program
new_canonical-01,new_canonical,Wild Planet
new_canonical-01,new_canonical,Wildlife Conservation and Management Association - Uganda
new_canonical-01,new_canonical,Wilsey Foods Inc
new_canonical-01,new_canonical,WireTech
new_canonical-01,new_canonical,Woman For: Orange County
new_canonical-01,new_canonical,Women Hollywood
new_canonical-01,new_canonical,Women LEAD for Health
new_canonical-01,new_canonical,Women's March
new_canonical-01,new_canonical,Womens Coalition for Pacific Fisheries
new_canonical-01,new_canonical,Woodland Public Library
new_canonical-01,new_canonical,"Work-Wise, Inc"
new_canonical-01,new_canonical,"Working Alternatives, Inc. SB 1973 (Wesson)"
new_canonical-01,new_canonical,"World League of Protection of Animals, Inc. (Australia)"
new_canonical-01,new_canonical,"WS Badcock Corp, DBA Badcock Home"
new_canonical-01,new_canonical,WSP
new_canonical-01,new_canonical,WTS
new_canonical-01,new_canonical,XOMA
new_canonical-01,new_canonical,Yolo County Agricultural Commissioner
new_canonical-01,new_canonical,Yolo County Library Advisory Board
new_canonical-01,new_canonical,"York, Group of thirty, International"
new_canonical-01,new_canonical,Youth Build
new_canonical-01,new_canonical,Yuba City Deputy Sheriffs K9
new_canonical-01,new_canonical,Zambia Lion Project
new_canonical-01,new_canonical,ZGF
new_canonical-01,new_canonical,Ziegler
new_canonical-01,new_canonical,ZIFFCO Manufacturing Co
new_canonical-01,new_canonical,Zimbabwe Parks and Wildlife Management Authority
new_canonical-01,new_canonical,Zimbabwe Professional Hunters and Guides Association
partial-01,partial,Concern
partial-01,partial,Health plans and insurers
partial-01,partial,METRO
partial-01,partial,Office
partial-01,partial,PODER
partial-01,partial,sponsor
partial-01,partial,TOC
partial-01,partial,Together
partial-01,partial,Tolles
partial-01,partial,Tort Reform (unless amended)
partial-01,partial,Total Companies
partial-01,partial,Toxics Coalition
partial-01,partial,Trades
partial-01,partial,Traditional (Corbett)
partial-01,partial,Traffic Safety Taught With
partial-01,partial,training
partial-01,partial,Transition
partial-01,partial,Transitional
partial-01,partial,Transmitted
partial-01,partial,Transplantation
partial-01,partial,Transportation Agency for
partial-01,partial,transportation funds
partial-01,partial,Transporters
partial-01,partial,TRAP
partial-01,partial,Tree House
partial-01,partial,Tri-County CEA
partial-01,partial,Triarchy
partial-01,partial,Tribe
partial-01,partial,TRNTV
partial-01,partial,Tropical Island
partial-01,partial,Truck Association
partial-01,partial,Trust (CAP/MPT)
partial-01,partial,"Trust Company, Federal Reserve Bank of New"
partial-01,partial,"Trust, Inc"
partial-01,partial,Trustees Association
partial-01,partial,TTCA
partial-01,partial,Tulare County Board of
partial-01,partial,"Tustin (as amended March 21, 2006)"
partial-01,partial,Twining
partial-01,partial,Tyler
partial-01,partial,U.S
partial-01,partial,U.S. Association of Importers of
partial-01,partial,UC Commercial Service
partial-01,partial,UCLP
partial-01,partial,UHF
partial-01,partial,Unified Air Pollution Control District (as of 4/3/95)
partial-01,partial,Unified School District - Project Even
partial-01,partial,"Unified School District, Riverside County"
partial-01,partial,"Union 11, 18, 100, 302, 551, 569, 1245"
partial-01,partial,Union Local 11
partial-01,partial,Union Local 2350
partial-01,partial,Union Local 26
partial-01,partial,"Union, AFL-CIO, CLC"
partial-01,partial,"Union, Local 11"
partial-01,partial,"Union, Local 4873"
partial-01,partial,"Union, Local 5"
partial-01,partial,"Union, Local 68L"
partial-01,partial,United States Council for
partial-01,partial,United States Senator
partial-01,partial,United Teachers
partial-01,partial,Universities
partial-01,partial,University Law School
partial-01,partial,"University of California Employees, American Federation of"
partial-01,partial,University School of Medicine
partial-01,partial,University State University
partial-01,partial,"University, School of Law"
partial-01,partial,Unnknown
partial-01,partial,Unsafe
partial-01,partial,untreated
partial-01,partial,urges
partial-01,partial,Valley and Ventura County Cities of
partial-01,partial,Valley Chapters
partial-01,partial,Valley chapters
partial-01,partial,Valley Community Hospital
partial-01,partial,"Valley Community Services District, California"
partial-01,partial,Valley Realty
partial-01,partial,"Valley, and Tustin"
partial-01,partial,"Valley, League of California Cities"
partial-01,partial,various environmental
partial-01,partial,VBG
partial-01,partial,Ventura Council of
partial-01,partial,Ventura County Certified Farmers
partial-01,partial,version)
partial-01,partial,VIC
partial-01,partial,Village
partial-01,partial,Volunteer
partial-01,partial,W
partial-01,partial,Wakefield
partial-01,partial,Walnut Avenue Caf
partial-01,partial,Walnut City
partial-01,partial,Walnut House
partial-01,partial,War II
partial-01,partial,Warehouse
partial-01,partial,Wars
partial-01,partial,Washington
partial-01,partial,Waste
partial-01,partial,waste
partial-01,partial,Watch
partial-01,partial,Water (sponsor) Agencies
partial-01,partial,Water Department
partial-01,partial,Water Districts of
partial-01,partial,"Water, Inc"
partial-01,partial,Watsonville/Santa Cruz
partial-01,partial,WCB
partial-01,partial,Weed
partial-01,partial,Welfare
partial-01,partial,WESCO
partial-01,partial,West Contra Costa
partial-01,partial,West Fresno
partial-01,partial,West Hills
partial-01,partial,West Los Angeles
partial-01,partial,"West Neighborhood Council, North Valley"
partial-01,partial,West Valley Mayors/Managers
partial-01,partial,Western Air
partial-01,partial,Western Freedom
partial-01,partial,Western Justice
partial-01,partial,Western League
partial-01,partial,Western Nevada
partial-01,partial,Western Regional
partial-01,partial,Western States Region
partial-01,partial,Western Water
partial-01,partial,William S
partial-01,partial,"Williams, Jr"
partial-01,partial,Willow
partial-01,partial,Wilson
partial-01,partial,WINGS
partial-01,partial,Winters
partial-01,partial,Wireless providers
partial-01,partial,Within the United
partial-01,partial,WMA -- END
partial-01,partial,Wolf
partial-01,partial,WOMAN
partial-01,partial,Women For: California
partial-01,partial,Women's
partial-01,partial,Women's Crisis
partial-01,partial,"Womenos Center, Shasta County Womenos"
partial-01,partial,Woodside Terrace
partial-01,partial,Work
partial-01,partial,"Workers, District Lodge 1125, San Diego"
partial-01,partial,Workforce Investment
partial-01,partial,WRT
partial-01,partial,YA
partial-01,partial,Yolo and Yuba
partial-01,partial,youth
partial-01,partial,Youth Justice
partial-01,partial,Youth Mentoring
partial-01,partial,YWCA - MC
partial-01,partial,Zero Waste
triage-01,triage,(Unable to re-verify at time of this writing)
triage-01,triage,(unable to re-verify at time of this writing)
triage-01,triage,117˚ West Spirits
triage-01,triage,350 Conejo / San Fernando Valley
triage-01,triage,350 Humboldt: Grass Roots Climate Action
triage-01,triage,A New Way of Life Reentry Project
triage-01,triage,"AB 1528, Page Chamber of Commerce-Thousand Oaks-Westlake Village"
triage-01,triage,"AB 2185, Page California Chamber of Commerce"
triage-01,triage,ACLU
triage-01,triage,Acterra: Action for A Healthy Planet
triage-01,triage,Action Now
triage-01,triage,"Airport, California Chamber of Commerce"
triage-01,triage,Alliance California Chamber of Commerce
triage-01,triage,"American Council of Engineering Companies, California"
triage-01,triage,American Federation of
triage-01,triage,American Home Inspectors Association: California Chamber of Commerce
triage-01,triage,American Legion- Department of California
triage-01,triage,American Legion-Department of California
triage-01,triage,American Nurses Association\California
triage-01,triage,American Subcontractors Association of California
triage-01,triage,"Angeles Area Chamber of Commerce, Long Beach"
triage-01,triage,"Apple Valley, Town of Bakersfield Chamber of Commerce"
triage-01,triage,Artesia Chamber of Commerce ACR 67 (BERMUDEZ)
triage-01,triage,Asian Americans Advancing Justice - Los Angeles
triage-01,triage,Asian Americans Advancing Justice-California
triage-01,triage,Asian Americans Advancing Justice-southern California
triage-01,triage,Asian Americans Advancing Justice-Southern California
triage-01,triage,Asian Pacific Environmental Network (APEN)
triage-01,triage,Assoc
triage-01,triage,Associated Builders and Contractors - San Diego Chapter
triage-01,triage,Association and California Chamber of Commerce
triage-01,triage,Association for Los Angeles County Deputy Sheriffs
triage-01,triage,Association of California Insurance Companies (ACIC)
triage-01,triage,"Association, California Chamber of Commerce, California Forestry"
triage-01,triage,Attorney General of California
triage-01,triage,Boston Scientific Corp.: California Chamber of Commerce
triage-01,triage,Brawley Chamber of Commerce AJR 10 (GARCIA)
triage-01,triage,Brawley Chamber of Commerce Brea Chamber of Commerce
triage-01,triage,CA Chamber of Commerce: CA Department of Finance
triage-01,triage,CA Farm Bureau Federation [CO-SPONSOR] CA Chamber of Commerce
triage-01,triage,CA Grape & Tree Fruit League CA Chamber of Commerce
triage-01,triage,CA State Chamber of Commerce
triage-01,triage,California African American Chamber of Commerce - co-sponsor
triage-01,triage,"California Asian Chamber of Commerce, California Bankers"
triage-01,triage,California Asian Pacific Chamber of Commerce - co-sponsor
triage-01,triage,California Association
triage-01,triage,California Association of Clerks and Election Officials (CACEO)
triage-01,triage,California Association of Realtors. California Chamber of Commerce
triage-01,triage,California Attorneys for
triage-01,triage,California Attorneys for Criminal Justice (CACJ)
triage-01,triage,California Bankers Association (CBA)
triage-01,triage,California Black Chamber of Commerce |Commerce
triage-01,triage,California Cattlemen's Association |Hawaii Korean Chamber of Commerce
triage-01,triage,California Chamber of Commerce (Chamber)
triage-01,triage,California Chamber of Commerce (Chamber) writes that it
triage-01,triage,"California Chamber of Commerce (July 10, 2007)"
triage-01,triage,California Chamber of Commerce and 12 local chambers of commerce
triage-01,triage,California Chamber of Commerce and Civil Justice Association of
triage-01,triage,California Chamber of Commerce and Health Access California
triage-01,triage,California Chamber of Commerce and health insurers
triage-01,triage,California Chamber of Commerce and health plans and insurers
triage-01,triage,California Chamber of Commerce and other business groups
triage-01,triage,California Chamber of Commerce and other industry groups who
triage-01,triage,California Chamber of Commerce and others write that they
triage-01,triage,California Chamber of Commerce and several employers
triage-01,triage,California Chamber of Commerce and TechNet are
triage-01,triage,California Chamber of Commerce California Self-Insurers Association
triage-01,triage,California Chamber of Commerce Encino Chamber of Commerce
triage-01,triage,California Chamber of Commerce International Union
triage-01,triage,California Chamber of Commerce is pleased
triage-01,triage,California Chamber of Commerce Printed Circuits Alliance
triage-01,triage,California Chamber of Commerce writes
triage-01,triage,California Chamber of Commerce wrote
triage-01,triage,California Chamber of Commerce [oppose
triage-01,triage,California Chamber of Commerce' California Taxpayers Association
triage-01,triage,"California Chamber of Commerce, Attorney General of California"
triage-01,triage,"California Chamber of Commerce, California Bankers"
triage-01,triage,"California Chamber of Commerce, California Farm"
triage-01,triage,"California Chamber of Commerce, California Film"
triage-01,triage,"California Chamber of Commerce, Howard Jarvis Taxpayers Association"
triage-01,triage,"California Chamber of Commerce, in a letter of concern"
triage-01,triage,"California Chamber of Commerce, Irvine Chamber"
triage-01,triage,"California Chamber of Commerce, is opposed, and"
triage-01,triage,"California Chamber of Commerce, National Federation of Independent"
triage-01,triage,"California Chamber of Commerce, taking an ""oppose"" position"
triage-01,triage,"California Chamber of Commerce, Western States Petroleum Association"
triage-01,triage,California Chamber of Commerce: California Grocers Association
triage-01,triage,California Chamber of Commerce: Farmers Insurance Group
triage-01,triage,California Dental Association and the California Chamber of Commerce
triage-01,triage,"California Edison Company, California Chamber of Commerce"
triage-01,triage,California Federation of Teachers (CFT)
triage-01,triage,"California Immigrant Policy Center, San Ysidro Chamber of Commerce"
triage-01,triage,California Labor Federation (AFL-CIO)
triage-01,triage,California Labor Federation (CLF)
triage-01,triage,California Medical Assoc. (CMA) California Chamber of Commerce
triage-01,triage,California Restaurant Association and California Chamber of Commerce
triage-01,triage,California Retailers Associaiton
triage-01,triage,California State University Employees Union (CSUEU)
triage-01,triage,California Taxpayers Association Camarillo Chamber of Commerce
triage-01,triage,CaliforniaHealth+ Advocates
triage-01,triage,Californiahealth+ Advocates
triage-01,triage,Catalyst California
triage-01,triage,Chamber of Commerce is also opposed for similar reasons
triage-01,triage,"Chamber of Commerce, California Council for"
triage-01,triage,"Chamber of Commerce, California Farm Bureau"
triage-01,triage,"Chamber of Commerce, California Grocers"
triage-01,triage,"Chamber of Commerce, California Groundwater"
triage-01,triage,"Chamber of Commerce, Chemical Industry Council"
triage-01,triage,"Chamber of Commerce, Culligan Water, Danone"
triage-01,triage,"Chamber of Commerce, Independent Oil Producers"
triage-01,triage,"Chamber of Commerce, Modoc County Farm Bureau, Intermountain Hay"
triage-01,triage,Chamber of Commerce: FedEx
triage-01,triage,Chambers of Commerce: California Chamber of Commerce
triage-01,triage,Chinese American Chamber of Commerce of Orange County
triage-01,triage,"Cities, San Marcos Chamber of Commerce, Star"
triage-01,triage,City of Citrus Heights Chamber of Commerce
triage-01,triage,"City of Lancaster, Lancaster Chamber of Commerce, Lancaster"
triage-01,triage,City of Murrieta Wildomar Chamber of Commerce
triage-01,triage,City of Palos Verdes Peninsula Chamber of Commerce
triage-01,triage,City of San Bernardino Area Chamber of Commerce
triage-02,triage,Clean Water Action California
triage-02,triage,Concord
triage-02,triage,Contra Costa
triage-02,triage,Corporation
triage-02,triage,Counties of
triage-02,triage,County of Long Beach Area Chamber of Commerce
triage-02,triage,County of Vacaville Chamber of Commerce
triage-02,triage,County of Victor Valley Chamber of Commerce
triage-02,triage,County of Vista Chamber of Commerce
triage-02,triage,County of Wilmington Chamber of Commerce
triage-02,triage,CRA and the California Chamber of Commerce
triage-02,triage,Cupertino
triage-02,triage,David Felderstein
triage-02,triage,Department of California
triage-02,triage,"Development Corporation, Tulare Chamber of Commerce"
triage-02,triage,Diego: California Chamber of Commerce
triage-02,triage,Disabilities
triage-02,triage,East Bay YIMBY
triage-02,triage,East Bay Yimby
triage-02,triage,El Monte/South El Monte Chamber of Commerce: Kaiser Permanente
triage-02,triage,"Election Integrity Project California, Inc"
triage-02,triage,Employees (AFSCME)
triage-02,triage,"Family Law Section, State Bar of California"
triage-02,triage,Flasher/Barricade Association
triage-02,triage,for the Aging
triage-02,triage,"Fresno Area Chamber of Commerce, International"
triage-02,triage,GOVERNOR'S VETO MESSAGE
triage-02,triage,Health plans and insurers and the California Chamber of Commerce
triage-02,triage,Health plans and the State Chamber of Commerce
triage-02,triage,HHSA
triage-02,triage,Housing Now! CA
triage-02,triage,IX California
triage-02,triage,"IX, CA"
triage-02,triage,"IX, California"
triage-02,triage,Judicial Council of CA
triage-02,triage,Lake Arrowhead Communities Chamber of Commerce Board of Directors
triage-02,triage,Latino Times/former Chair California Hispanic Chamber of commerce
triage-02,triage,Lawrence Lingbloom
triage-02,triage,League
triage-02,triage,"League of California Cities, Los Angeles County Division"
triage-02,triage,Long Beach
triage-02,triage,Los Angeles Chamber of Commerce (with strong concerns)
triage-02,triage,Marin
triage-02,triage,MidAmerican Energy Holdings Company : Brawley Chamber of Commerce
triage-02,triage,MidAmerican Energy Holdings Company: Brawley Chamber of Commerce
triage-02,triage,Military Officers Association of America - California Council of Chapters
triage-02,triage,Milpitas Chamber of Commerce: Southern California Edison
triage-02,triage,Modesto
triage-02,triage,Moreno Valley
triage-02,triage,Napa
triage-02,triage,North San Diego Business Chamber
triage-02,triage,Oakland
triage-02,triage,"Orange Chamber of Commerce & Visitor Bureau (June 1, 2007)"
triage-02,triage,Orange County Business Council Oxnard Chamber of Commerce
triage-02,triage,"Orange County Professional Firefighters Association, Local 3631"
triage-02,triage,Orange County Transportation Authority: Roseville Chamber of Commerce
triage-02,triage,Pacific Grove Chamber of Commerce: State Building Trades Council
triage-02,triage,Page California Chamber of Commerce (late)
triage-02,triage,Page K California Chamber of Commerce
triage-02,triage,PATH
triage-02,triage,Path
triage-02,triage,"Physicians for Social Responsibility, San Francisco Bay Area Chapter"
triage-02,triage,Pomona Police Officer Association
triage-02,triage,Poway
triage-02,triage,Progressive Democrats of Santa Monica Mountains
triage-02,triage,Progressive Zionists of California
triage-02,triage,"Properties Association, California Chamber of Commerce, California"
triage-02,triage,"Public Risk Innovation, Solutions, and Management (PRISM)"
triage-02,triage,Randy Chinn
triage-02,triage,Sacramento County District Attorney
triage-02,triage,Salinas Valley Chamber of Commerce writes
triage-02,triage,San AB 593 (Strom-Martin) Luis Obispo Chamber of Commerce
triage-02,triage,"San Diego Regional Chamber of Commerce (SD Chamber), in oppose"
triage-02,triage,San Diego Regional Chamber of Commerce (the Chamber)
triage-02,triage,San Francisco
triage-02,triage,San Francisco Hispanic Chamber of Commerce
triage-02,triage,San Jose-evergreen Community College District
triage-02,triage,Santa Clara Chamber of Commerce and Simi Valley Chamber of Commerce
triage-02,triage,Santa Clara District Attorney
triage-02,triage,Santa clarity Valley Chamber of Commerce
triage-02,triage,Santa Rosa YIMBY
triage-02,triage,Santa Rosa Yimby
triage-02,triage,SB 1XX California Chamber of Commerce
triage-02,triage,"SB 2, Page Chamber of Commerce, Napa"
triage-02,triage,SB Foothill Chamber of Commerce
triage-02,triage,Section California Chamber of Commerce
triage-02,triage,Service Employees International Union California
triage-02,triage,"Service Employees International Union, California"
triage-02,triage,Shingle Springs/Cameron Park Chamber of Commerce TechNet
triage-02,triage,SJI
triage-02,triage,Sonoma County District Attorney
triage-02,triage,"Spidell Publishing, Inc. , Cal Chamber of Commerce"
triage-02,triage,"Spidell Publishing, Inc., Cal Chamber of Commerce"
triage-02,triage,Sponsor) Calchamber California Hispanic Chamber of Commerce
triage-02,triage,Stockton
triage-02,triage,The California Chamber of Commerce (Chamber)
triage-02,triage,The California Chamber of Commerce acknowledges that PD
triage-02,triage,The California Chamber of Commerce and other opponents
triage-02,triage,The California Chamber of Commerce and others
triage-02,triage,The California Chamber of Commerce expresses
triage-02,triage,The California Chamber of Commerce sent a letter indicating
triage-02,triage,The Education Trust - West
triage-02,triage,Thousand Oaks-Westlake Village Regional Chamber of Commerce Tomatina
triage-02,triage,Trusts and Estates Section of the State Bar of California
triage-02,triage,Tulare
triage-02,triage,Tustin
triage-02,triage,Tustin Chamber of Commerce: GOVERNOR'S VETO MESSAGE
triage-02,triage,Vacaville Chamber of Commerce: Neutral
triage-02,triage,Valley
triage-02,triage,Valley Chamber of Commerce
triage-02,triage,Valley Chamber Of Commerce
triage-02,triage,Various business interests led by the Chamber of Commerce
triage-02,triage,"Various cities, local chamber of commerces' and local"
triage-02,triage,Veterans Caucus of the California Democratic Party
triage-02,triage,Vietnam Veterans of America- California State Council
triage-02,triage,Westchester/LAX AB 1882 (Frommer) Marina del Rey Chamber of Commerce
triage-02,triage,which
triage-02,triage,write
triage-02,triage,Yreka Chamber of Commerce: Received 5/24/04
