norm,action,winner,winner_cluster,winner_size,loser,loser_cluster,loser_is_canonical,metadata_dropped
2nd daa san joaquin county fair,remove-descendant,"2nd DAA, San Joaquin County Fair",17,3,"2nd DAA, San Joaquin County Fair",17,False,False
7th daa monterey county fair,remove-descendant,"7th DAA, Monterey County Fair",17,6,"7th DAA, Monterey County Fair",17,False,False
10th daa siskiyou golden fair,remove-descendant,"10th DAA, Siskiyou Golden Fair",17,2,"10th DAA, Siskiyou Golden Fair",17,False,False
12th daa redwood empire fair,remove-descendant,"12th DAA, Redwood Empire Fair",17,2,"12th DAA, Redwood Empire Fair",17,False,False
17th daa nevada county fair,remove-descendant,"17th DAA, Nevada County Fair",17,3,"17th DAA, Nevada County Fair",17,False,False
22nd daa del mar fairgrounds,remove-descendant,"22nd DAA, Del Mar Fairgrounds",17,5,"22nd DAA, Del Mar Fairgrounds",17,False,False
26th daa amador county fair,remove-descendant,"26th DAA, Amador County Fair",17,4,"26th DAA, Amador County Fair",17,False,False
28th daa san bernardino county fair,remove-descendant,"28th DAA, San Bernardino County Fair",17,5,"28th DAA, San Bernardino County Fair",17,False,False
32nd daa orange county fair exposition center,remove-descendant,"32nd DAA, Orange County Fair & Exposition Center",17,2,"32nd DAA, Orange County Fair & Exposition Center",17,False,False
35th daa merced county fair,remove-descendant,"35th DAA, Merced County Fair",17,2,"35th DAA, Merced County Fair",17,False,False
40th daa yolo county fair,remove-descendant,"40th DAA, Yolo County Fair",17,5,"40th DAA, Yolo County Fair",17,False,False
41st daa del norte county fair,remove-descendant,"41st DAA, Del Norte County Fair",17,2,"41st DAA, Del Norte County Fair",17,False,False
52nd daa sacramento county fair,remove-descendant,"52nd DAA, Sacramento County Fair",17,3,"52nd DAA, Sacramento County Fair",17,False,False
100 black men of the bay area inc,remove-descendant,"100 Black Men of the Bay Area, Inc",24,4,"100 BLACK MEN OF THE BAY AREA, INC",24,False,False
american institute of architects california council,remove-descendant,"American Institute of Architects, California Council",77,11,"AMERICAN INSTITUTE OF ARCHITECTS, CALIFORNIA COUNCIL",77,False,False
associated builders and contractors of california,remove-descendant,Associated Builders and Contractors of California,79,74,Associated Builders and Contractors of California,79,False,False
unite here local 30,remove-descendant,UNITE HERE Local 30,118,4,UNITE HERE! Local 30,118,False,False
unite here local 11,remove-descendant,"UNITE HERE, Local 11",118,5,UNITE HERE! Local 11,118,False,False
united here local 11,remove-descendant,United HERE! Local 11,129964,2,United Here Local 11,129964,False,False
unite here local 2850,remove-descendant,"Unite Here, Local 2850",118,4,UNITE HERE! Local 2850,118,False,False
unite here local 19,remove-descendant,"Unite Here, Local 19",118,3,UNITE HERE! Local 19,118,False,False
unite here local 49,remove-descendant,Unite Here Local 49,118,2,UNITE HERE! Local 49,118,False,False
350 bay area action,remove-descendant,350 BAY AREA ACTION,191,3,350 Bay Area Action,191,False,False
socal 350 climate action,remove-descendant,SOCAL 350 CLIMATE ACTION,191,7,SoCal 350 Climate Action,191,False,False
350 conejo san fernando valley,remove-descendant,350 CONEJO SAN FERNANDO VALLEY,191,9,350 CONEJO / SAN FERNANDO VALLEY,191,False,False
350 sacramento legislative team,remove-descendant,350 SACRAMENTO LEGISLATIVE TEAM,191,3,350 Sacramento Legislative Team,191,False,False
aarp california,remove-descendant,AARP CALIFORNIA,657,20,AARP California,657,False,False
access womens health justice,remove-descendant,Access Women's Health Justice,944,3,ACCESS - Women's Health Justice,944,False,False
aea advancing the business of technology,remove-descendant,AeA Advancing the Business of Technology,1771,2,AeA - Advancing the Business of Technology,1771,False,False
american planning association california chapter,remove-descendant,"American Planning Association, California Chapter",6085,16,American Planning Association- California Chapter,6085,False,False
alliance of catholic health care inc,remove-descendant,"Alliance of Catholic Health Care, Inc",3839,2,"Alliance Of Catholic Health Care, Inc.",3839,False,False
alzheimers association,remove-descendant,Alzheimer's Association,4478,3,Alzheimer's Association,4478,False,False
alzheimers association northern california chapter,remove-descendant,"Alzheimer's Association, Northern California Chapter",4493,2,"Alzheimer's Association, Northern California Chapter",4493,False,False
california academy of family physicians,remove-descendant,CALIFORNIA ACADEMY OF FAMILY PHYSICIANS,4832,10,California Academy of Family Physicians,4832,False,False
california optometric association,remove-descendant,California Optometric Association,6027,11,California Optometric Association,6027,False,False
american academy of pediatrics california district ix,remove-descendant,American Academy of Pediatrics California District IX,4848,2,American Academy of Pediatrics - California District IX,4848,False,False
american academy of pediatrics orange county chapter,remove-descendant,American Academy of Pediatrics - Orange County Chapter,4848,2,"American Academy of Pediatrics, Orange County Chapter",4848,False,False
california association of naturopathic physicians,remove-descendant,CALIFORNIA ASSOCIATION OF NATUROPATHIC PHYSICIANS,4985,4,California Association of Naturopathic Physicians,4985,False,False
california association of nurse anesthetists,remove-descendant,CALIFORNIA ASSOCIATION OF NURSE ANESTHETISTS,4987,6,California Association of Nurse Anesthetists,4987,False,False
american association of university women ca,remove-descendant,American Association of University Women - CA,5018,2,American Association of University Women CA,5018,False,False
american association of university women san jose branch,remove-descendant,American Association of University Women San Jose Branch,5018,2,American Association of University Women - San Jose Branch,5018,False,False
abate local 1,remove-descendant,ABATE Local 1,5105,2,ABATE- Local 1,5105,False,False
american civil liberties union of california,remove-descendant,AMERICAN CIVIL LIBERTIES UNION OF CALIFORNIA,5215,41,American Civil Liberties Union of California,5215,False,False
aclu of california center for advocacy and policy,remove-descendant,"ACLU of California, Center for Advocacy and Policy",5215,15,ACLU of California/ Center for Advocacy and Policy,5215,False,False
aclu california action,remove-descendant,ACLU California Action,5215,11,ACLU - California Action,5215,False,False
american college of obstetricians and gynecologists district ix california,remove-descendant,American College of Obstetricians and Gynecologists - District IX California,5276,10,"American College of Obstetricians and Gynecologists, District IX (California)",5276,False,False
american congress of obstetricians and gynecologists district ix california,remove-descendant,American Congress of Obstetricians and Gynecologists - District IX California,5276,17,"American Congress of Obstetricians and Gynecologists, District IX (California)",5276,False,False
california council of the blind,remove-descendant,California Council of the Blind,5356,10,CALIFORNIA COUNCIL OF THE BLIND,5356,False,False
california dental association,remove-descendant,California Dental Association,5375,15,California Dental Association,5375,False,False
afge local 2003,remove-descendant,AFGE Local 2003,5452,2,"AFGE, Local 2003",5452,False,False
aflcio,remove-descendant,AFL-CIO,5455,4,AFL-CIO,5455,False,False
afscme aflcio,remove-descendant,"AFSCME, AFL-CIO",5465,2,"AFSCME, (AFL-CIO)",5465,False,False
labor council for latin american advancement,remove-descendant,Labor Council for Latin American Advancement,5455,7,LABOR COUNCIL FOR LATIN AMERICAN ADVANCEMENT,5455,False,False
american federation of labor,remove-descendant,American Federation of Labor,5455,4,AMERICAN FEDERATION OF LABOR,5455,False,False
california labor federation,remove-descendant,California Labor Federation,5455,111,CALIFORNIA LABOR FEDERATION,5455,False,False
afscme,remove-descendant,AFSCME,5465,7,AFSCME,5465,False,False
afscme afl cio,remove-descendant,AFSCME - AFL - CIO,5465,2,"AFSCME, AFL- CIO",5465,False,False
afscme retirees chapter 36,remove-descendant,AFSCME Retirees Chapter 36,5465,2,"AFSCME Retirees, Chapter 36",5465,False,False
american federation of state county and municipal employees local 3299,remove-descendant,"American Federation of State, County and Municipal Employees, Local 3299",5465,3,"American Federation of State, County, and Municipal Employees, Local 3299",5465,False,False
united domestic workers of america afscme,remove-descendant,United Domestic Workers of America - AFSCME,5465,124,"United Domestic Workers of America, AFSCME",5465,False,False
los angeles county probation officers union afscme,remove-descendant,"Los Angeles County Probation Officers' Union, AFSCME",5465,155,Los Angeles County Probation Officers Union (AFSCME),5465,False,False
university council american federation of teachers,remove-descendant,University Council American Federation of Teachers,5466,12,University Council - American Federation of Teachers,5466,False,False
california land title association,remove-descendant,CALIFORNIA LAND TITLE ASSOCIATION,5753,19,California Land Title Association,5753,False,False
american lung association california,remove-descendant,"American Lung Association, California",5889,15,American Lung Association - California,5889,False,False
american nurses association of california,remove-descendant,American Nurses Association of California,6016,15,AMERICAN NURSES ASSOCIATION OF CALIFORNIA,6016,False,False
california physical therapy association,remove-descendant,CALIFORNIA PHYSICAL THERAPY ASSOCIATION,6070,9,California Physical Therapy Association,6070,False,False
california psychiatric association,remove-descendant,CALIFORNIA PSYCHIATRIC ASSOCIATION,6122,15,California Psychiatric Association,6122,False,False
california psychological association,remove-descendant,CALIFORNIA PSYCHOLOGICAL ASSOCIATION,6126,16,California Psychological Association,6126,False,False
california society of addiction medicine,remove-descendant,CALIFORNIA SOCIETY OF ADDICTION MEDICINE,6288,6,California Society of Addiction Medicine,6288,False,False
california society of plastic surgeons,remove-descendant,CALIFORNIA SOCIETY OF PLASTIC SURGEONS,6339,10,California Society of Plastic Surgeons,6339,False,False
california veterinary medical association,remove-descendant,CALIFORNIA VETERINARY MEDICAL ASSOCIATION,6453,16,California Veterinary Medical Association,6453,False,False
antiquarian booksellers association of america inc,remove-descendant,"Antiquarian Booksellers' Association of America, Inc",7646,2,"Antiquarian Booksellers' Association of America, Inc.",7646,False,False
california apartment association,remove-descendant,California Apartment Association,7719,3,California Apartment Association,7719,False,False
aplus personalized learning network association,remove-descendant,APLUS Personalized Learning Network Association,7799,2,APLUS+ Personalized Learning Network Association,7799,False,False
asian americans advancing justice southern california,remove-descendant,Asian Americans Advancing Justice Southern California,8932,6,Asian Americans Advancing Justice - Southern California,8932,False,False
asian americans advancing justice los angeles,remove-descendant,Asian Americans Advancing Justice Los Angeles,8932,15,Asian Americans Advancing Justice - Los Angeles,8932,False,False
asian americans advancing justice sacramento,remove-descendant,Asian Americans Advancing Justice Sacramento,8932,5,Asian Americans Advancing Justice - Sacramento,8932,False,False
asian pacific health care venture inc,remove-descendant,"Asian Pacific Health Care Venture, Inc",9086,2,"Asian Pacific Health Care Venture, Inc.",9086,False,False
orange county deputy sheriffs association,remove-descendant,ORANGE COUNTY DEPUTY SHERIFFS ASSOCIATION,45245,7,Orange County Deputy Sheriffs Association,45245,False,False
associated general contractors of california,remove-descendant,ASSOCIATED GENERAL CONTRACTORS OF CALIFORNIA,9509,4,Associated General Contractors of California,9509,False,False
association for los angeles deputy sheriffs,remove-descendant,ASSOCIATION FOR LOS ANGELES DEPUTY SHERIFFS,45245,20,Association for Los Angeles Deputy Sheriffs,45245,False,False
health administrators caeha,remove-descendant,Health Administrators (CAEHA),61147,2,Health Administrators (CAEHA) -,61147,False,False
california association of health underwriters,remove-descendant,CALIFORNIA ASSOCIATION OF HEALTH UNDERWRITERS,85072,11,California Association of Health Underwriters,85072,False,False
association of state and provincial psychology boards,remove-descendant,Association of State and Provincial Psychology Boards,10441,2,Association of State and Provincial Psychology: Boards,10441,False,False
biblio inc,remove-descendant,"Biblio, Inc",14131,2,"Biblio, Inc.",14131,False,False
southern california broadcasters association,remove-descendant,Southern California Broadcasters Association,16585,3,SOUTHERN CALIFORNIA BROADCASTERS ASSOCIATION,16585,False,False
san mateo county building construction trades council,remove-descendant,San Mateo County Building & Construction Trades Council,17075,2,San Mateo County Building & Construction Trades Council,17075,False,False
building owners and managers association of greater los angeles,remove-descendant,Building Owners and Managers Association of Greater Los Angeles,17187,2,BUILDING OWNERS AND MANAGERS ASSOCIATION OF GREATER LOS ANGELES,17187,False,False
county of butte,remove-descendant,County of Butte,17561,4,COUNTY OF BUTTE,17561,False,False
marin county board of supervisors,remove-descendant,Marin County Board of Supervisors,17896,2,Marin County Board of Supervisors,17896,False,False
california rice commission,remove-descendant,California Rice Commission,18040,2,CALIFORNIA RICE COMMISSION,18040,False,False
cal fire local 2881,remove-descendant,CAL FIRE Local 2881,18383,4,CAL FIRE LOCAL 2881,18383,False,False
california academy of child and adolescent psychiatry,remove-descendant,California Academy of Child and Adolescent Psychiatry,19021,3,California Academy of Child and Adolescent Psychiatry,19021,False,False
california association of alcohol and drug program executive inc,remove-descendant,"California Association of Alcohol and Drug Program Executive, Inc",19532,2,"California Association of Alcohol and Drug Program Executive, Inc.",19532,False,False
california state association of electrical workers,remove-descendant,California State Association of Electrical Workers,19676,2,California State Association of Electrical Workers,19676,False,False
california assn of environmental health officers,remove-descendant,California Assn. of Environmental Health Officers,19686,2,California Assn. of Environmental Health Officers,19686,False,False
california association of health facilities,remove-descendant,California Association of Health Facilities,19688,5,California Association of Health Facilities,19688,False,False
california association of harbor master and port captains,remove-descendant,California Association of Harbor Master and Port Captains,19713,2,California Association of Harbor Master and Port Captains,19713,False,False
california association for school business officials,remove-descendant,California Association for School Business Officials,20001,2,California Association for School Business Officials,20001,False,False
california cable telecommunication association,remove-descendant,California Cable & Telecommunication Association,20376,2,California Cable & Telecommunication Association,20376,False,False
california charter school association advocates,remove-descendant,California Charter School Association Advocates,20673,2,California Charter School Association Advocates,20673,False,False
california childrens health coverage coalition,remove-descendant,California Children's Health Coverage Coalition,20686,2,California Children's Health Coverage Coalition,20686,False,False
california coalition of agencies serving the deaf and hard of hearing,remove-descendant,California Coalition of Agencies serving the Deaf and Hard of Hearing,20935,2,California Coalition of Agencies serving the Deaf and Hard of Hearing,20935,False,False
california community colleges chancellors office,remove-descendant,"California Community Colleges, Chancellor's Office",21150,2,California Community Colleges Chancellor's Office,21150,False,False
california council of community mental health agencies,remove-descendant,California Council of Community Mental Health Agencies,21354,3,California Council of Community Mental Health Agencies,21354,False,False
california democratic party environmental caucus,remove-descendant,California Democratic Party Environmental Caucus,21541,9,California Democratic Party - Environmental Caucus,21541,False,False
chicano latino caucus of the california democratic party,remove-descendant,Chicano Latino Caucus of the California Democratic Party,21541,2,Chicano Latino Caucus of the California Democratic Party,21541,False,False
san diego county democratic party,remove-descendant,San Diego County Democratic Party,21541,2,San Diego County Democratic Party,21541,False,False
california state department of education,remove-descendant,California State Department of Education,119655,2,California State Department of Education,119655,False,False
department of finance,remove-descendant,Department of Finance,21579,3,Department of Finance,21579,False,False
department of finance,remove-descendant,DEPARTMENT OF FINANCE,45043,3,Department of Finance,45043,False,False
california federation of republican women,remove-descendant,California Federation of Republican Women,22022,2,California Federation of Republican Women,22022,False,False
california independent public employees legislative council,remove-descendant,California Independent Public Employees Legislative Council,22590,3,California Independent Public Employees Legislative Council,22590,False,False
california investors mutual,remove-descendant,California Investors Mutual,22754,2,California Investors Mutual,22754,False,False
california landscape irrigation council,remove-descendant,California Landscape & Irrigation Council,22829,2,California Landscape & Irrigation Council,22829,False,False
ca law revision comm,remove-descendant,Ca. Law Revision Comm.,22876,2,Ca. Law Revision Comm.,22876,False,False
family law section of the state bar of ca,remove-descendant,Family Law Section of the State Bar of CA,22878,5,"Family Law Section, of the State Bar of CA",22878,False,False
league of women voters of california,remove-descendant,League of Women Voters of California,22885,2,League of Women Voters of California,22885,False,False
california league of conservation voters,remove-descendant,California League of Conservation Voters,22885,3,California League of Conservation Voters,22885,False,False
california state oriental medical association,remove-descendant,California State Oriental Medical Association,23099,2,California State Oriental Medical Association,23099,False,False
california onecare,remove-descendant,California Onecare,23496,2,California OneCare,23496,False,False
coin,remove-descendant,COIN,23535,2,COIN,23535,False,False
california orthotics prosthetics association,remove-descendant,California Orthotics & Prosthetics Association,23541,2,California Orthotics & Prosthetics Association,23541,False,False
california plumbing and mechanical contractors association,remove-descendant,California Plumbing and Mechanical Contractors Association,23753,2,California Plumbing and Mechanical Contractors Association,23753,False,False
chief probation officers of california,remove-descendant,Chief Probation Officers of California,23862,3,Chief Probation Officers of California,23862,False,False
oakland privacy,remove-descendant,Oakland Privacy,23958,2,Oakland Privacy,23958,False,False
calrha,remove-descendant,CALRHA,24126,2,Cal-RHA,24126,False,False
california southeast asia business council,remove-descendant,California Southeast Asia Business Council,24606,2,California Southeast Asia Business Council,24606,False,False
rural county representatives of california,remove-descendant,Rural County Representatives of California,24705,6,Rural County Representatives of California,24705,False,False
laborers local 792,remove-descendant,Laborers' Local 792,24802,2,Laborers' Local 792,24802,False,False
california state parent teacher association,remove-descendant,California State Parent Teacher Association,24938,2,California State Parent Teacher Association,24938,False,False
student senate for the california community colleges,remove-descendant,Student Senate for the California Community Colleges,120831,3,Student Senate for the California Community Colleges,120831,False,False
southwest california legislative council,remove-descendant,SOUTHWEST CALIFORNIA LEGISLATIVE COUNCIL,26066,4,Southwest California Legislative Council,26066,False,False
california pers,remove-descendant,California PERS,26168,2,California PERS,26168,False,False
calpers board of administration,remove-descendant,CalPERS Board of Administration,26168,17,CalPERS Board of Administration,26168,False,False
orange capistrano unified,remove-descendant,ORANGE CAPISTRANO UNIFIED,26916,2,ORANGE CAPISTRANO UNIFIED,26916,False,False
central american resource center carecen of california,remove-descendant,Central American Resource Center (CARECEN) of California,29163,2,Central American Resource Center - Carecen - of California,29163,False,False
california union of safety employees cause,remove-descendant,California Union of Safety Employees (CAUSE),29292,7,California Union of Safety Employees [CAUSE],29292,False,False
centro del inmigrante inc,remove-descendant,"Centro Del Inmigrante, Inc",29679,2,"Centro Del Inmigrante, Inc.",29679,False,False
the century council,remove-descendant,THE CENTURY COUNCIL,29712,2,The Century Council,29712,False,False
chevron corporation,remove-descendant,Chevron Corporation,30585,2,Chevron Corporation,30585,False,False
childrens choice for hearing and talking center,remove-descendant,Children's Choice for Hearing and Talking Center,31090,2,Children's Choice for Hearing and Talking Center,31090,False,False
childrens health defense california chapter,remove-descendant,Children's Health Defense California Chapter,31132,2,Children's Health Defense - California Chapter,31132,False,False
childrens hospital central california,remove-descendant,Children's Hospital Central California,31167,2,Children's Hospital Central California,31167,False,False
chinese for affirmative action,remove-descendant,Chinese for Affirmative Action,31388,2,Chinese for Affirmative Action,31388,False,False
citizens commission on human rights,remove-descendant,Citizens Commission on Human Rights,32094,2,Citizens Commission on Human Rights,32094,False,False
city and county of san francisco human services agency,remove-descendant,City and County of San Francisco Human Services Agency,32332,2,City and County of San Francisco Human Services Agency,32332,False,False
berkeley city council,remove-descendant,Berkeley City Council,32773,2,Berkeley City Council,32773,False,False
city of culver city,remove-descendant,CITY OF CULVER CITY,33063,3,City of Culver City,33063,False,False
el dorado irrigation district,remove-descendant,El Dorado Irrigation District,33174,3,El Dorado Irrigation District (*),33174,False,False
pasadena fire fighters,remove-descendant,Pasadena Fire Fighters,66740,8,Pasadena Fire Fighters,66740,False,False
city of santa monica,remove-descendant,City of Santa Monica,34430,3,City of Santa Monica,34430,False,False
the city project,remove-descendant,THE CITY PROJECT,34844,3,The City Project,34844,False,False
clergy and laity united for economic justice los angeles,remove-descendant,"Clergy and Laity United for Economic Justice, Los Angeles",35356,8,Clergy and Laity United for Economic Justice - Los Angeles,35356,False,False
national coalition of free men,remove-descendant,National Coalition of Free Men,36257,3,National Coalition of Free Men,36257,False,False
the collective healing and transformation project,remove-descendant,THE COLLECTIVE HEALING AND TRANSFORMATION PROJECT,36859,2,The Collective Healing and Transformation Project,36859,False,False
communications workers of america local 9423,remove-descendant,Communications Workers of America Local 9423,37684,2,Communications Workers of America Local 9423,37684,False,False
communications workers of america local 9575,remove-descendant,Communications Workers of America Local 9575,37684,2,Communications Workers of America Local 9575,37684,False,False
santa barbara county community action commission,remove-descendant,Santa Barbara County Community Action Commission,37788,2,Santa Barbara County Community Action Commission,37788,False,False
community clinic association of los angeles,remove-descendant,Community Clinic Association of Los Angeles,37976,3,Community Clinic Association of Los Angeles,37976,False,False
california state association of counties,remove-descendant,California State Association of Counties,38967,10,California State Association of Counties,38967,False,False
health access of california,remove-descendant,Health Access of California,38975,6,Health Access of California,38975,False,False
conference of delegates of california bar associations,remove-descendant,Conference of Delegates of California Bar Associations,39103,3,Conference of Delegates of California Bar Associations,39103,False,False
consulting engineers and land surveyors of california celsoc,remove-descendant,Consulting Engineers and Land Surveyors of California (CELSOC),39601,5,Consulting Engineers and Land Surveyors of California (CELSOC),39601,False,False
consumer federation of california,remove-descendant,CONSUMER FEDERATION OF CALIFORNIA,39673,4,Consumer Federation of California,39673,False,False
contra costa county deputy sheriffs association,remove-descendant,CONTRA COSTA COUNTY DEPUTY SHERIFFS ASSOCIATION,45245,2,Contra Costa County Deputy Sheriffs Association,45245,False,False
orange county clerkrecorder,remove-descendant,Orange County Clerk-Recorder,41792,2,Orange County Clerk/Recorder,41792,False,False
sacramento county board of supervisors,remove-descendant,Sacramento County Board of Supervisors,41910,3,Sacramento County Board of Supervisors,41910,False,False
yuba county board of supervisors,remove-descendant,YUBA COUNTY BOARD OF SUPERVISORS,42231,2,Yuba County Board of Supervisors,42231,False,False
glenn county rangeland association,remove-descendant,Glenn County Rangeland Association,42264,2,Glenn County Rangeland Association,42264,False,False
cricket communications,remove-descendant,Cricket Communications,42834,2,Cricket Communications,42834,False,False
delta airlines,remove-descendant,Delta Airlines,44688,2,Delta Airlines,44688,False,False
democrats for israel los angeles,remove-descendant,Democrats for Israel Los Angeles,44892,3,Democrats for Israel - Los Angeles,44892,False,False
california department of insurance,remove-descendant,California Department of Insurance,45088,11,California Department Of Insurance,45088,False,False
fresno deputy sheriffs association,remove-descendant,Fresno Deputy Sheriffs' Association,45245,2,Fresno Deputy Sheriffs Association,45245,False,False
sacramento county deputy sheriffs association,remove-descendant,SACRAMENTO COUNTY DEPUTY SHERIFFS' ASSOCIATION,45245,4,Sacramento County Deputy Sheriffs Association,45245,False,False
placer county deputy sheriffs association,remove-descendant,PLACER COUNTY DEPUTY SHERIFFS ASSOCIATION,45245,4,Placer County Deputy Sheriffs Association,45245,False,False
deputy sheriffs association of monterey county,remove-descendant,DEPUTY SHERIFFS ASSOCIATION OF MONTEREY COUNTY,45245,2,Deputy Sheriffs Association of Monterey County,45245,False,False
deputy sheriffs association of san diego county,remove-descendant,DEPUTY SHERIFFS ASSOCIATION OF SAN DIEGO COUNTY,45245,3,Deputy Sheriffs Association of San Diego County,45245,False,False
ventura county deputy sheriffs association,remove-descendant,VENTURA COUNTY DEPUTY SHERIFFS ASSOCIATION,45245,2,Ventura County Deputy Sheriffs Association,45245,False,False
los angeles county deputy sheriffs association,remove-descendant,LOS ANGELES COUNTY DEPUTY SHERIFFS ASSOCIATION,45245,6,Los Angeles County Deputy Sheriffs Association,45245,False,False
san joaquin county deputy sheriffs association,remove-descendant,SAN JOAQUIN COUNTY DEPUTY SHERIFFS ASSOCIATION,45245,2,San Joaquin County Deputy Sheriffs Association,45245,False,False
solano county deputy sheriff association,remove-descendant,SOLANO COUNTY DEPUTY SHERIFF ASSOCIATION,45245,2,Solano County Deputy Sheriff Association,45245,False,False
alameda county deputy sheriffs association,remove-descendant,ALAMEDA COUNTY DEPUTY SHERIFFS' ASSOCIATION,45245,4,Alameda County Deputy Sheriffs' Association,45245,False,False
madera county deputy sheriffs association,remove-descendant,MADERA COUNTY DEPUTY SHERIFF'S ASSOCIATION,45245,2,Madera County Deputy Sheriff's Association,45245,False,False
marin county deputy sheriffs association,remove-descendant,MARIN COUNTY DEPUTY SHERIFFS ASSOCIATION,45245,2,Marin County Deputy Sheriffs Association,45245,False,False
santa barbara county deputy sheriffs association,remove-descendant,SANTA BARBARA COUNTY DEPUTY SHERIFFS' ASSOCIATION,45245,2,Santa Barbara County Deputy Sheriffs' Association,45245,False,False
san mateo county deputy sheriffs association,remove-descendant,SAN MATEO COUNTY DEPUTY SHERIFF'S ASSOCIATION,45245,2,San Mateo County Deputy Sheriff's Association,45245,False,False
napa county deputy sheriffs association,remove-descendant,NAPA COUNTY DEPUTY SHERIFFS' ASSOCIATION,45245,2,Napa County Deputy Sheriffs' Association,45245,False,False
deputy sheriffs association of santa clara county,remove-descendant,DEPUTY SHERIFFS ASSOCIATION OF SANTA CLARA COUNTY,45245,3,Deputy Sheriffs Association of Santa Clara County,45245,False,False
sacramento deputy sheriffs association,remove-descendant,SACRAMENTO DEPUTY SHERIFFS ASSOCIATION,45245,5,Sacramento Deputy Sheriffs Association,45245,False,False
county of humboldt district attorney,remove-descendant,County of Humboldt District Attorney,46205,2,"County of Humboldt, District Attorney",46205,False,False
los angeles county district attorney,remove-descendant,Los Angeles County District Attorney,46205,4,: Los Angeles County District Attorney,46205,False,False
santa clara county district attorneys office,remove-descendant,Santa Clara County District Attorney's Office,46205,35,Santa Clara County District Attorney's Office,46205,False,False
ventura county district attorney,remove-descendant,Ventura County District Attorney,46205,17,Ventura County District Attorney,46205,False,False
the doctors company,remove-descendant,THE DOCTOR'S COMPANY,46455,3,The Doctors Company,46455,False,False
the dream corps cut50,remove-descendant,"The Dream Corps, #cut50",47061,2,"The Dream Corps, #cut50",47061,False,False
drug policy alliance network,remove-descendant,Drug Policy Alliance Network,47193,2,Drug Policy Alliance Network,47193,False,False
ebay inc,remove-descendant,"e-Bay, Inc",47504,2,"Ebay, Inc",47504,False,False
the easton press,remove-descendant,THE EASTON PRESS,48199,2,The Easton Press,48199,False,False
economic development corporation,remove-descendant,Economic Development Corporation,48435,3,Economic Development Corporation,48435,False,False
san francisco chronicle,remove-descendant,San Francisco Chronicle,48673,2,San Francisco Chronicle,48673,False,False
santa rosa press democrat,remove-descendant,Santa Rosa Press Democrat,48674,2,Santa Rosa Press Democrat,48674,False,False
edtrust west,remove-descendant,EdTrust West,48790,2,EdTrust - West,48790,False,False
naleo educational fund,remove-descendant,Naleo Educational Fund,48809,2,NALEO Educational Fund,48809,False,False
eisner pediatric family medical center,remove-descendant,Eisner Pediatric & Family Medical Center,48936,2,Eisner Pediatric & Family Medical: Center,48936,False,False
elders climate action norcal chapter,remove-descendant,Elders Climate Action Norcal Chapter,49389,2,Elders Climate Action - NorCal Chapter,49389,False,False
election integrity project california,remove-descendant,Election Integrity Project California,49410,3,Election Integrity Project California,49410,False,False
emergency medical services administrators association of california,remove-descendant,Emergency Medical Services Administrator's Association of California,49877,10,Emergency Medical Services Administrators' Association of California,49877,False,False
legal aid society of san francisco employment law center,remove-descendant,Legal Aid Society of San Francisco Employment Law Center,74289,4,Legal Aid Society of San Francisco - Employment Law Center,74289,False,False
empowerment dess perkins foundation,remove-descendant,Empowerment Dess Perkins Foundation,50138,2,Empowerment (dess Perkins Foundation),50138,False,False
the ephemera society of america,remove-descendant,THE EPHEMERA SOCIETY OF AMERICA,50872,2,The Ephemera Society of America,50872,False,False
executives inc,remove-descendant,"Executives, Inc",51763,2,"Executives, Inc.",51763,False,False
fairvote california,remove-descendant,FairVote California,52190,2,FairVote California,52190,False,False
faith in action bay area,remove-descendant,FAITH IN ACTION BAY AREA,52226,2,Faith in Action Bay Area,52226,False,False
fuel families united to end lwop,remove-descendant,FUEL - Families United to End LWOP,56188,2,F.u.e.l.- Families United to End LWOP,56188,False,False
fight crime invest in kids california,remove-descendant,Fight Crime: Invest in Kids California,53290,2,"Fight Crime: Invest in Kids, California",53290,False,False
filam star,remove-descendant,FilAm Star,53321,2,Fil-Am Star,53321,False,False
finishing contractors association of southern california,remove-descendant,Finishing Contractors Association of Southern California,53476,2,Finishing Contractors Association of Southern California,53476,False,False
alameda county fire chiefs association,remove-descendant,Alameda County Fire Chiefs Association,53498,2,Alameda County Fire Chief's Association,53498,False,False
food chain workers alliance,remove-descendant,Food Chain Workers Alliance,54338,2,Food Chain Workers Alliance,54338,False,False
ford motor company,remove-descendant,Ford Motor Company,54540,2,Ford Motor Company,54540,False,False
friends of harbors beaches and parks,remove-descendant,"FRIENDS OF HARBORS, BEACHES AND PARKS",55974,2,"Friends of Harbors, Beaches, and Parks",55974,False,False
fultonel camino recreation park district,remove-descendant,Fulton-El Camino Recreation & Park District,56293,2,Fulton-El Camino Recreation & Park District,56293,False,False
gte,remove-descendant,GTE,56683,3,GTE,56683,False,False
gateway cities council of governments,remove-descendant,GATEWAY CITIES COUNCIL OF GOVERNMENTS,56824,2,Gateway Cities Council of Governments,56824,False,False
general motors corp,remove-descendant,General Motors Corp,57102,2,General Motors Corp.,57102,False,False
golden state manufacturedhome owners league inc,remove-descendant,Golden State Manufactured-Home Owners League Inc,58337,2,"Golden State Manufactured-Home Owners League, Inc.",58337,False,False
gray panthers of sacramento,remove-descendant,Gray Panthers of Sacramento,59002,2,Gray Panthers of Sacramento,59002,False,False
greenpeace usa,remove-descendant,Greenpeace Usa,59565,2,Greenpeace USA,59565,False,False
the grolier club of new york,remove-descendant,THE GROLIER CLUB OF NEW YORK,59751,2,The Grolier Club of New York,59751,False,False
hawthorne elementary,remove-descendant,HAWTHORNE ELEMENTARY,60951,2,HAWTHORNE ELEMENTARY,60951,False,False
health care for all california,remove-descendant,Health Care for All - California,61198,2,Health Care for All - California,61198,False,False
the help group,remove-descendant,THE HELP GROUP,61820,2,The Help Group,61820,False,False
hotel employees restaurant employees local 49,remove-descendant,Hotel Employees & Restaurant Employees Local 49,63663,2,"Hotel Employees, Restaurant Employees, Local 49",63663,False,False
house of ruth claremont,remove-descendant,"House of Ruth, Claremont",63719,2,House of Ruth (Claremont),63719,False,False
housing action coalition,remove-descendant,HOUSING ACTION COALITION,63749,2,Housing Action Coalition,63749,False,False
housing now ca,remove-descendant,Housing Now CA,63869,3,Housing Now! CA,63869,False,False
hoysun ning yung benevolent association in america,remove-descendant,Hoy-Sun Ning Yung Benevolent Association in America,63971,2,Hoy-Sun Ning Yung Benevolent Association in |America,63971,False,False
st joseph health system humboldt county,remove-descendant,St Joseph Health System - Humboldt County,64412,2,"St. Joseph Health System, Humboldt County",64412,False,False
indivisible ca statestrong,remove-descendant,INDIVISIBLE CA STATESTRONG,65521,369,Indivisible CA Statestrong,65521,False,False
indivisible project,remove-descendant,Indivisible Project,65521,2,Indivisible Project,65521,False,False
initiate justice action,remove-descendant,Initiate Justice Action,65768,2,Initiate Justice Action,65768,False,False
inland empire labor council,remove-descendant,Inland Empire Labor Council,65877,2,Inland Empire Labor Council,65877,False,False
inland empire waterkeeper,remove-descendant,Inland Empire Waterkeeper,65907,2,Inland Empire Waterkeeper,65907,False,False
california professional firefighters,remove-descendant,California Professional Firefighters,66740,559,California Professional Firefighters,66740,False,False
international association of fire fighters local 55,remove-descendant,International Association of Fire Fighters Local 55,66740,3,"International Association of Fire Fighters, Local 55",66740,False,False
international association of fire fighters union local 1067,remove-descendant,"International Association of Fire Fighters Union, Local 1067",66740,2,International Association of Fire Fighters Union Local 1067,66740,False,False
burbank airport professional firefighters local i61,remove-descendant,"Burbank Airport Professional Firefighters, Local i-61",66740,2,"Burbank Airport Professional Firefighters, Local #i-61",66740,False,False
ibew local 47,remove-descendant,IBEW Local 47,66814,4,"IBEW, Local 47",66814,False,False
ibew local 340,remove-descendant,IBEW Local 340,66814,7,"IBEW, Local 340",66814,False,False
ibew local 465,remove-descendant,IBEW Local 465,66814,5,"IBEW, Local 465",66814,False,False
ibew local 551,remove-descendant,IBEW Local 551,66814,7,"IBEW, Local 551",66814,False,False
teamsters local 439,remove-descendant,Teamsters Local 439,66855,2,"Teamsters, Local 439",66855,False,False
teamsters local 396,remove-descendant,Teamsters Local 396,66855,3,Teamster's Local 396,66855,False,False
teamsters local 490,remove-descendant,Teamsters Local 490,66855,2,"Teamsters, Local 490",66855,False,False
teamsters local 578,remove-descendant,Teamsters Local 578,66855,2,"Teamsters, Local 578",66855,False,False
teamsters local 601,remove-descendant,Teamsters Local 601,66855,6,"Teamsters, Local 601",66855,False,False
fresno irrigation district,remove-descendant,Fresno Irrigation District,67577,2,Fresno Irrigation District,67577,False,False
japanese american citizens league pacific southwest district,remove-descendant,"Japanese American Citizens League, Pacific Southwest District",68301,8,Japanese American Citizens League Pacific Southwest District,68301,False,False
japanese american citizens league florin chapter,remove-descendant,"Japanese American Citizens League, Florin Chapter",68301,6,Japanese American Citizens League - Florin Chapter,68301,False,False
japanese american citizens league watsonvillesanta cruz chapter,remove-descendant,"Japanese American Citizens League, Watsonville-Santa Cruz Chapter",68301,9,Japanese American Citizens League Watsonville-Santa Cruz Chapter,68301,False,False
jewish voice for peace los angeles,remove-descendant,Jewish Voice for Peace Los Angeles,68779,3,Jewish Voice for Peace - Los Angeles,68779,False,False
jewish war veterans department of california,remove-descendant,Jewish War Veterans Department of California,68780,2,Jewish War Veterans Department of California,68780,False,False
john burton foundation,remove-descendant,JOHN BURTON FOUNDATION,69048,4,John Burton Foundation,69048,False,False
santa clara county office of education,remove-descendant,Santa Clara County Office of Education,69052,3,Santa Clara County Office of Education,69052,False,False
judicial council of california,remove-descendant,JUDICIAL COUNCIL OF CALIFORNIA,69555,6,Judicial Council of California,69555,False,False
kaiser permanente medical care program,remove-descendant,Kaiser Permanente Medical Care Program,70061,2,Kaiser Permanente Medical Care Program,70061,False,False
kings canyon joint unified,remove-descendant,KINGS CANYON JOINT UNIFIED,71085,2,KINGS CANYON JOINT UNIFIED,71085,False,False
laborers international union of north america local 777 792,remove-descendant,Laborers' International Union of North America Local 777 & 792,72284,2,"Laborers' International Union of North America, Local 777, 792",72284,False,False
lawyers committee for civil rights of the san francisco bay area,remove-descendant,LAWYERS' COMMITTEE FOR CIVIL RIGHTS OF THE SAN FRANCISCO BAY AREA,73830,8,Lawyers' Committee for Civil Rights of the San Francisco Bay Area,73830,False,False
leadership counsel for justice and accountability,remove-descendant,LEADERSHIP COUNSEL FOR JUSTICE AND ACCOUNTABILITY,73915,2,Leadership Counsel for Justice and Accountability,73915,False,False
leadingage california,remove-descendant,LEADINGAGE CALIFORNIA,73936,4,LeadingAge California -,73936,False,False
league of california cities orange county division,remove-descendant,League of California Cities Orange County Division,73967,4,League of California Cities (Orange County Division),73967,False,False
league of california cities asian pacific islander caucus,remove-descendant,League of California Cities Asian Pacific Islander Caucus,73967,3,League of California Cities Asian & Pacific Islander Caucus,73967,False,False
animal legal defense fund,remove-descendant,Animal Legal Defense Fund,74323,2,Animal Legal Defense Fund,74323,False,False
lgbtq inclusivity visibility and empowerment live,remove-descendant,"LGBTQ + Inclusivity, Visibility, and Empowerment (LIVE)",74726,2,"Lgbtq+ Inclusivity, Visibility, and Empowerment (LIVE)",74726,False,False
libertarian party of california,remove-descendant,Libertarian Party of California,74759,2,Libertarian Party of California,74759,False,False
los angeles community college district,remove-descendant,LOS ANGELES COMMUNITY COLLEGE DISTRICT,76579,2,Los Angeles Community College District,76579,False,False
metropolitan transportation authority,remove-descendant,METROPOLITAN TRANSPORTATION AUTHORITY,76786,2,Metropolitan Transportation Authority,76786,False,False
lutheran office of public policy california,remove-descendant,"Lutheran Office Of Public Policy, California",77787,6,Lutheran Office of Public Policy- California,77787,False,False
march for our lives california,remove-descendant,March For Our Lives California,78746,4,March for Our Lives - California,78746,False,False
the marshals association of california,remove-descendant,THE MARSHAL'S ASSOCIATION OF CALIFORNIA,79424,2,The Marshal's Association of California,79424,False,False
mental health america of california,remove-descendant,MENTAL HEALTH AMERICA OF CALIFORNIA,80782,3,Mental Health America of California,80782,False,False
mental health association in california,remove-descendant,Mental Health Association in California,80791,2,Mental Health Association in California,80791,False,False
merced college,remove-descendant,Merced College,80861,2,Merced College,80861,False,False
military officers association california council of chapters,remove-descendant,Military Officers Association - California Council of Chapters,81826,3,Military Officers Association- California Council of Chapters,81826,False,False
military officers association of america ca council of chapters,remove-descendant,"Military Officers Association of America, CA Council of Chapters",81826,2,Military Officers Association of America - CA Council of Chapters,81826,False,False
military officers association of american california council of chapters,remove-descendant,Military Officers Association of American - California Council of Chapters,81826,3,"Military Officers Association of American, California Council of Chapters",81826,False,False
military officers association of america california council of chapters,remove-descendant,"Military Officers Association of America, California Council of Chapter's",81826,2,Military Officers Association of America- California Council of Chapters,81826,False,False
milk producers council,remove-descendant,MILK PRODUCERS COUNCIL,81848,2,Milk Producers Council,81848,False,False
napa county board of supervisors,remove-descendant,NAPA COUNTY BOARD OF SUPERVISORS,84534,7,Napa County Board of Supervisors,84534,False,False
naral prochoice california,remove-descendant,NARAL Pro-Choice California,84818,7,NARAL ProChoice California,84818,False,False
california association of dental plans,remove-descendant,CALIFORNIA ASSOCIATION OF DENTAL PLANS,85051,7,California Association of Dental Plans,85051,False,False
audubon california,remove-descendant,Audubon California,85272,136,Audubon California,85272,False,False
national council of la raza,remove-descendant,National Council of La Raza,85586,3,National Council of La Raza,85586,False,False
california court reporters association,remove-descendant,CALIFORNIA COURT REPORTERS ASSOCIATION,85619,9,California Court Reporters Association,85619,False,False
california credit union league,remove-descendant,CALIFORNIA CREDIT UNION LEAGUE,85623,13,California Credit Union League,85623,False,False
national farm to school network,remove-descendant,National Farm to School Network,85720,2,National Farm to School Network,85720,False,False
national federation of filipino american associations region 10,remove-descendant,National Federation of Filipino American Associations Region 10,85737,3,National Federation of Filipino American Associations Region 10,85737,False,False
national federation of independent business ca,remove-descendant,National Federation of Independent Business- CA,85743,2,National Federation of Independent Business - CA,85743,False,False
national parks conservation association,remove-descendant,NATIONAL PARKS CONSERVATION ASSOCIATION,86157,2,National Parks Conservation Association,86157,False,False
california retailers association,remove-descendant,CALIFORNIA RETAILERS ASSOCIATION,86246,14,California Retailers Association,86246,False,False
california rifle and pistol association,remove-descendant,CALIFORNIA RIFLE AND PISTOL ASSOCIATION,86250,20,California Rifle and Pistol Association,86250,False,False
the national tax limitation committee,remove-descendant,THE NATIONAL TAX LIMITATION COMMITTEE,86365,2,The National Tax Limitation Committee,86365,False,False
unitarian universalist service committee at neighborhood church pasadena,remove-descendant,"Unitarian Universalist Service Committee at Neighborhood Church, Pasadena",86833,3,"Unitarian Universalist Service Committee at Neighborhood: Church, Pasadena",86833,False,False
north sacramento elementary,remove-descendant,NORTH SACRAMENTO ELEMENTARY,88721,2,NORTH SACRAMENTO ELEMENTARY,88721,False,False
north valley property owners association chico,remove-descendant,"North Valley Property Owners Association, Chico",88822,2,North Valley Property Owners Association (Chico),88822,False,False
oakland rising action,remove-descendant,Oakland Rising Action,89920,2,Oakland Rising Action,89920,False,False
osteopathic physicians and surgeons of california,remove-descendant,OSTEOPATHIC PHYSICIANS AND SURGEONS OF CALIFORNIA,92214,3,Osteopathic Physicians and Surgeons of California,92214,False,False
pacific gas and electric company,remove-descendant,Pacific Gas and Electric Company,92913,4,Pacific Gas and Electric Company,92913,False,False
pacific media workers guild the newsguildcommunications workers of america local 39521,remove-descendant,"Pacific Media Workers Guild, the Newsguild-Communications Workers of America Local 39521",93019,2,Pacific Media Workers Guild (the Newsguild-communications Workers of America Local 39521),93019,False,False
pacificare of california,remove-descendant,Pacificare of California,93258,4,PacifiCare of California,93258,False,False
pane pane associates inc,remove-descendant,"Pane & Pane Associates, Inc",93721,2,"Pane & Pane Associates, Inc.",93721,False,False
parent voices,remove-descendant,PARENT VOICES,93913,3,Parent Voices,93913,False,False
parents families and friends of lesbians and gays central,remove-descendant,"Parents, Families and Friends of Lesbians and Gays - Central",94013,2,"Parents, Families and Friends of Lesbians and Gays, Central",94013,False,False
paul wermer sustainability consulting,remove-descendant,Paul Wermer Sustainability Consulting,94633,2,Paul Wermer Sustainability Consulting,94633,False,False
pax world funds,remove-descendant,Pax World Funds,94693,2,Pax World Funds,94693,False,False
personal insurance federation of california,remove-descendant,PERSONAL INSURANCE FEDERATION OF CALIFORNIA,95391,6,Personal Insurance Federation of California,95391,False,False
pest control operators of california,remove-descendant,PEST CONTROL OPERATORS OF CALIFORNIA,95432,2,Pest Control Operators of California,95432,False,False
phibrotech inc,remove-descendant,"Phibro-Tech, Inc",95796,2,"PhibroTech, Inc.",95796,False,False
pioneers memorial,remove-descendant,Pioneers Memorial,96284,2,Pioneers Memorial,96284,False,False
piping industry,remove-descendant,Piping Industry,96303,2,Piping: Industry,96303,False,False
planned parenthood affiliates of california,remove-descendant,Planned Parenthood Affiliates of California,96570,175,Planned Parenthood Affiliates of California,96570,False,False
california police chiefs association,remove-descendant,California Police Chief's Association,97053,16,CALIFORNIA POLICE CHIEFS' ASSOCIATION,97053,False,False
newport beach police department,remove-descendant,NEWPORT BEACH POLICE DEPARTMENT,97070,3,"Newport Beach, Police Department",97070,False,False
sacramento police department,remove-descendant,SACRAMENTO POLICE DEPARTMENT,97070,3,Sacramento Police Department,97070,False,False
fresno police department,remove-descendant,FRESNO POLICE DEPARTMENT,97070,4,Fresno Police Department,97070,False,False
santa ana police department,remove-descendant,SANTA ANA POLICE DEPARTMENT,97070,3,Santa Ana Police Department,97070,False,False
san diego police department,remove-descendant,SAN DIEGO POLICE DEPARTMENT,97070,8,San Diego Police Department,97070,False,False
oxnard police department,remove-descendant,OXNARD POLICE DEPARTMENT,97070,3,Oxnard Police Department,97070,False,False
alameda police department,remove-descendant,ALAMEDA POLICE DEPARTMENT,97070,3,Alameda Police Department,97070,False,False
fullerton police department,remove-descendant,FULLERTON POLICE DEPARTMENT,97070,4,Fullerton Police Department,97070,False,False
san francisco police department,remove-descendant,SAN FRANCISCO POLICE DEPARTMENT,97070,9,San Francisco Police Department,97070,False,False
oakland police department,remove-descendant,OAKLAND POLICE DEPARTMENT,97070,2,Oakland Police Department,97070,False,False
inglewood police department,remove-descendant,INGLEWOOD POLICE DEPARTMENT,97070,2,Inglewood Police Department,97070,False,False
stockton police department,remove-descendant,STOCKTON POLICE DEPARTMENT,97070,3,Stockton Police Department,97070,False,False
scotts valley police department,remove-descendant,SCOTTS VALLEY POLICE DEPARTMENT,97070,2,Scotts Valley Police Department,97070,False,False
monrovia police department,remove-descendant,MONROVIA POLICE DEPARTMENT,97070,4,Monrovia Police Department,97070,False,False
los gatos police department,remove-descendant,LOS GATOS POLICE DEPARTMENT,97070,2,Los Gatos Police Department,97070,False,False
signal hill police department,remove-descendant,SIGNAL HILL POLICE DEPARTMENT,97070,3,Signal Hill Police Department,97070,False,False
ontario police department,remove-descendant,ONTARIO POLICE DEPARTMENT,97070,4,Ontario Police Department,97070,False,False
santa barbara police department,remove-descendant,SANTA BARBARA POLICE DEPARTMENT,97070,4,Santa Barbara Police Department,97070,False,False
bakersfield police department,remove-descendant,BAKERSFIELD POLICE DEPARTMENT,97070,2,Bakersfield Police Department,97070,False,False
bell gardens police department,remove-descendant,BELL GARDENS POLICE DEPARTMENT,97070,2,Bell Gardens Police Department,97070,False,False
burbank police department,remove-descendant,BURBANK POLICE DEPARTMENT,97070,5,Burbank Police Department,97070,False,False
anaheim police department,remove-descendant,ANAHEIM POLICE DEPARTMENT,97070,4,Anaheim Police Department,97070,False,False
whittier police department,remove-descendant,WHITTIER POLICE DEPARTMENT,97070,2,Whittier Police Department,97070,False,False
san jose police department,remove-descendant,SAN JOSE POLICE DEPARTMENT,97070,2,San Jose Police Department,97070,False,False
visalia police department,remove-descendant,VISALIA POLICE DEPARTMENT,97070,2,Visalia Police Department,97070,False,False
san mateo police department,remove-descendant,SAN MATEO POLICE DEPARTMENT,97070,2,San Mateo Police Department,97070,False,False
concord police department,remove-descendant,CONCORD POLICE DEPARTMENT,97070,2,Concord Police Department,97070,False,False
sonora police department,remove-descendant,SONORA POLICE DEPARTMENT,97070,3,Sonora Police Department,97070,False,False
rialto police department,remove-descendant,RIALTO POLICE DEPARTMENT,97070,5,Rialto Police Department,97070,False,False
pasadena police department,remove-descendant,PASADENA POLICE DEPARTMENT,97070,2,Pasadena Police Department,97070,False,False
modesto police department,remove-descendant,MODESTO POLICE DEPARTMENT,97070,2,Modesto Police Department,97070,False,False
emeryville police department,remove-descendant,EMERYVILLE POLICE DEPARTMENT,97070,2,Emeryville Police Department,97070,False,False
chino police department,remove-descendant,CHINO POLICE DEPARTMENT,97070,2,Chino Police Department,97070,False,False
redding police department,remove-descendant,REDDING POLICE DEPARTMENT,97070,3,Redding Police Department,97070,False,False
lodi police department,remove-descendant,LODI POLICE DEPARTMENT,97070,2,Lodi Police Department,97070,False,False
west covina police department,remove-descendant,WEST COVINA POLICE DEPARTMENT,97070,3,West Covina Police Department,97070,False,False
san jacinto police department,remove-descendant,SAN JACINTO POLICE DEPARTMENT,97070,2,San Jacinto Police Department,97070,False,False
huntington beach police department,remove-descendant,HUNTINGTON BEACH POLICE DEPARTMENT,97070,2,Huntington Beach Police Department,97070,False,False
roseville police department,remove-descendant,ROSEVILLE POLICE DEPARTMENT,97070,3,Roseville Police Department,97070,False,False
maywood police department,remove-descendant,MAYWOOD POLICE DEPARTMENT,97070,2,Maywood Police Department,97070,False,False
watsonville police department,remove-descendant,WATSONVILLE POLICE DEPARTMENT,97070,2,Watsonville Police Department,97070,False,False
clovis police department,remove-descendant,CLOVIS POLICE DEPARTMENT,97070,2,Clovis Police Department,97070,False,False
chico police department,remove-descendant,CHICO POLICE DEPARTMENT,97070,2,Chico Police Department,97070,False,False
chula vista police department,remove-descendant,CHULA VISTA POLICE DEPARTMENT,97070,2,Chula Vista Police Department,97070,False,False
livermore police department,remove-descendant,LIVERMORE POLICE DEPARTMENT,97070,2,Livermore Police Department,97070,False,False
montclair police department,remove-descendant,MONTCLAIR POLICE DEPARTMENT,97070,2,Montclair Police Department,97070,False,False
san bernardino police department,remove-descendant,SAN BERNARDINO POLICE DEPARTMENT,97070,2,San Bernardino Police Department,97070,False,False
beverly hills police department,remove-descendant,BEVERLY HILLS POLICE DEPARTMENT,97070,3,Beverly Hills Police Department,97070,False,False
barstow police department,remove-descendant,BARSTOW POLICE DEPARTMENT,97070,2,Barstow Police Department,97070,False,False
gilroy police department,remove-descendant,GILROY POLICE DEPARTMENT,97070,2,Gilroy Police Department,97070,False,False
fontana police department,remove-descendant,FONTANA POLICE DEPARTMENT,97070,4,Fontana Police Department,97070,False,False
clearlake police department,remove-descendant,CLEARLAKE POLICE DEPARTMENT,97070,2,Clearlake Police Department,97070,False,False
corona police department,remove-descendant,CORONA POLICE DEPARTMENT,97070,2,Corona Police Department,97070,False,False
davis police department,remove-descendant,DAVIS POLICE DEPARTMENT,97070,2,Davis Police Department,97070,False,False
san leandro police department,remove-descendant,SAN LEANDRO POLICE DEPARTMENT,97070,3,San Leandro Police Department,97070,False,False
san rafael police department,remove-descendant,SAN RAFAEL POLICE DEPARTMENT,97070,2,San Rafael Police Department,97070,False,False
santa maria police department,remove-descendant,SANTA MARIA POLICE DEPARTMENT,97070,2,Santa Maria Police Department,97070,False,False
san ramon police department,remove-descendant,SAN RAMON POLICE DEPARTMENT,97070,2,San Ramon Police Department,97070,False,False
san bruno police department,remove-descendant,SAN BRUNO POLICE DEPARTMENT,97070,2,San Bruno Police Department,97070,False,False
el cajon police department,remove-descendant,EL CAJON POLICE DEPARTMENT,97070,2,El Cajon Police Department,97070,False,False
city of palm springs police department,remove-descendant,City of Palm Springs Police Department,97070,2,"City of Palm Springs, Police Department",97070,False,False
fountain valley police department,remove-descendant,FOUNTAIN VALLEY POLICE DEPARTMENT,97070,3,Fountain Valley Police Department,97070,False,False
indio police department,remove-descendant,INDIO POLICE DEPARTMENT,97070,2,Indio Police Department,97070,False,False
selma police department,remove-descendant,SELMA POLICE DEPARTMENT,97070,2,Selma Police Department,97070,False,False
belmont police department,remove-descendant,BELMONT POLICE DEPARTMENT,97070,2,Belmont Police Department,97070,False,False
bear valley police department,remove-descendant,BEAR VALLEY POLICE DEPARTMENT,97070,2,Bear Valley Police Department,97070,False,False
blythe police department,remove-descendant,BLYTHE POLICE DEPARTMENT,97070,2,Blythe Police Department,97070,False,False
corcoran police department,remove-descendant,CORCORAN POLICE DEPARTMENT,97070,2,Corcoran Police Department,97070,False,False
lincoln police department,remove-descendant,LINCOLN POLICE DEPARTMENT,97070,2,Lincoln Police Department,97070,False,False
pittsburg police department,remove-descendant,PITTSBURG POLICE DEPARTMENT,97070,4,Pittsburg Police Department,97070,False,False
newark police department,remove-descendant,NEWARK POLICE DEPARTMENT,97070,2,Newark Police Department,97070,False,False
bishop police department,remove-descendant,BISHOP POLICE DEPARTMENT,97070,2,Bishop Police Department,97070,False,False
burbank police officers association,remove-descendant,Burbank Police Officers' Association,97088,4,Burbank Police Officers Association,97088,False,False
claremont police officers association,remove-descendant,CLAREMONT POLICE OFFICERS ASSOCIATION,97088,5,Claremont Police Officers' Association,97088,False,False
fresno police officers association,remove-descendant,FRESNO POLICE OFFICERS ASSOCIATION,97088,5,Fresno Police Officers' Association,97088,False,False
long beach police officers association,remove-descendant,LONG BEACH POLICE OFFICERS ASSOCIATION,97088,6,Long Beach Police Officers' Association,97088,False,False
riverside police officers association,remove-descendant,RIVERSIDE POLICE OFFICERS' ASSOCIATION,97088,5,Riverside Police Officers Association,97088,False,False
san francisco police officers association,remove-descendant,SAN FRANCISCO POLICE OFFICERS ASSOCIATION,97088,5,San Francisco Police Officers' Association,97088,False,False
santa ana police officers association,remove-descendant,SANTA ANA POLICE OFFICERS ASSOCIATION,97088,11,Santa Ana Police Officers' Association,97088,False,False
palos verdes police officers association,remove-descendant,PALOS VERDES POLICE OFFICERS ASSOCIATION,97088,6,Palos Verdes Police Officers Association,97088,False,False
newport beach police association,remove-descendant,NEWPORT BEACH POLICE ASSOCIATION,97088,5,Newport Beach Police Association,97088,False,False
culver city police officers association,remove-descendant,CULVER CITY POLICE OFFICERS ASSOCIATION,97088,5,Culver City Police Officers Association,97088,False,False
fullerton police officers association,remove-descendant,FULLERTON POLICE OFFICERS ASSOCIATION,97088,3,Fullerton Police Officers Association,97088,False,False
arcadia police officers association,remove-descendant,ARCADIA POLICE OFFICERS ASSOCIATION,97088,5,Arcadia Police Officers Association,97088,False,False
corona police officers association,remove-descendant,CORONA POLICE OFFICERS ASSOCIATION,97088,4,Corona Police Officers Association,97088,False,False
los angeles school police officers association,remove-descendant,LOS ANGELES SCHOOL POLICE OFFICERS ASSOCIATION,97088,11,Los Angeles School Police Officers Association,97088,False,False
pomona police officers association,remove-descendant,POMONA POLICE OFFICERS ASSOCIATION,97088,5,Pomona Police Officers Association,97088,False,False
murrieta police officers association,remove-descendant,MURRIETA POLICE OFFICERS ASSOCIATION,97088,4,Murrieta Police Officers Association,97088,False,False
upland police officers association,remove-descendant,UPLAND POLICE OFFICERS ASSOCIATION,97088,5,Upland Police Officers Association,97088,False,False
novato police officers association,remove-descendant,NOVATO POLICE OFFICERS ASSOCIATION,97088,4,Novato Police Officers Association,97088,False,False
brea police association,remove-descendant,BREA POLICE ASSOCIATION,97088,2,Brea Police Association,97088,False,False
inglewood police officers association,remove-descendant,INGLEWOOD POLICE OFFICERS ASSOCIATION,97088,4,Inglewood Police Officers Association,97088,False,False
anaheim police association,remove-descendant,ANAHEIM POLICE ASSOCIATION,97088,3,Anaheim Police Association,97088,False,False
san jose police officers association,remove-descendant,SAN JOSE POLICE OFFICERS ASSOCIATION,97088,3,San Jose Police Officers Association,97088,False,False
torrance police officers association,remove-descendant,TORRANCE POLICE OFFICERS ASSOCIATION,97088,3,Torrance Police Officers Association,97088,False,False
san diego schools police officers association,remove-descendant,SAN DIEGO SCHOOLS POLICE OFFICERS ASSOCIATION,97088,9,San Diego Schools Police Officers Association,97088,False,False
sacramento police officers association,remove-descendant,SACRAMENTO POLICE OFFICERS ASSOCIATION,97088,2,Sacramento Police Officers Association,97088,False,False
santa monica police officers association,remove-descendant,SANTA MONICA POLICE OFFICERS ASSOCIATION,97088,3,Santa Monica Police Officers Association,97088,False,False
los angeles county police officers association,remove-descendant,LOS ANGELES COUNTY POLICE OFFICERS ASSOCIATION,97088,2,Los Angeles County Police Officers Association,97088,False,False
oakland police officers association,remove-descendant,OAKLAND POLICE OFFICERS ASSOCIATION,97088,2,Oakland Police Officers Association,97088,False,False
statewide university police association,remove-descendant,STATEWIDE UNIVERSITY POLICE ASSOCIATION,97088,2,Statewide University Police Association,97088,False,False
fontana police officers association,remove-descendant,FONTANA POLICE OFFICERS ASSOCIATION,97088,2,Fontana Police Officers Association,97088,False,False
hawthorne police officers association,remove-descendant,HAWTHORNE POLICE OFFICERS ASSOCIATION,97088,3,Hawthorne Police Officers Association,97088,False,False
chula vista police officers association,remove-descendant,CHULA VISTA POLICE OFFICERS ASSOCIATION,97088,2,Chula Vista Police Officers Association,97088,False,False
glendale police officers association,remove-descendant,GLENDALE POLICE OFFICERS ASSOCIATION,97088,2,Glendale Police Officers Association,97088,False,False
san bernardino police officers association,remove-descendant,SAN BERNARDINO POLICE OFFICERS ASSOCIATION,97088,2,San Bernardino Police Officers Association,97088,False,False
baldwin park police association,remove-descendant,BALDWIN PARK POLICE ASSOCIATION,97088,2,Baldwin Park Police Association,97088,False,False
huntington beach police officers association,remove-descendant,HUNTINGTON BEACH POLICE OFFICERS ASSOCIATION,97088,3,Huntington Beach Police Officers Association,97088,False,False
irvine police association,remove-descendant,IRVINE POLICE ASSOCIATION,97088,2,Irvine Police Association,97088,False,False
hemet police officers association,remove-descendant,HEMET POLICE OFFICERS ASSOCIATION,97088,2,Hemet Police Officers Association,97088,False,False
livermore police officers association,remove-descendant,LIVERMORE POLICE OFFICERS ASSOCIATION,97088,2,Livermore Police Officers Association,97088,False,False
chino police association,remove-descendant,CHINO POLICE ASSOCIATION,97088,3,Chino Police Association,97088,False,False
stockton police officers association,remove-descendant,STOCKTON POLICE OFFICERS ASSOCIATION,97088,2,Stockton Police Officers Association,97088,False,False
national city police officers association,remove-descendant,NATIONAL CITY POLICE OFFICERS ASSOCIATION,97088,2,National City Police Officers Association,97088,False,False
power california,remove-descendant,POWER CALIFORNIA,97569,2,Power California,97569,False,False
orinda progressive action alliance,remove-descendant,Orinda Progressive Action Alliance,98655,2,Orinda Progressive Action Alliance,98655,False,False
public counsel,remove-descendant,PUBLIC COUNSEL,99291,5,Public Counsel,99291,False,False
california public interest research group calpirg,remove-descendant,California Public Interest Research Group (CALPIRG),99402,51,California Public Interest Research Group (Cal-PIRG),99402,False,False
ramona city unified,remove-descendant,RAMONA CITY UNIFIED,100338,2,RAMONA CITY UNIFIED,100338,False,False
rancho santiago community college district,remove-descendant,RANCHO SANTIAGO COMMUNITY COLLEGE DISTRICT,100499,2,Rancho Santiago Community College District,100499,False,False
redwood empire business association,remove-descendant,Redwood Empire Business Association,101333,2,Redwood Empire Business Association,101333,False,False
representus,remove-descendant,Representus,102096,2,RepresentUs,102096,False,False
rite aid corporation inc,remove-descendant,"Rite Aid Corporation, Inc",103250,2,"Rite Aid Corporation, Inc.",103250,False,False
rite aid,remove-descendant,Rite Aid,103250,2,Rite Aid,103250,False,False
riverside sheriffs association,remove-descendant,RIVERSIDE SHERIFF'S ASSOCIATION,113751,16,Riverside Sheriff's' Association,113751,False,False
rooted in resistance,remove-descendant,ROOTED IN RESISTANCE,104248,2,Rooted in Resistance,104248,False,False
ryse center,remove-descendant,Ryse Center,104897,2,RYSE Center,104897,False,False
sacramento regional transit,remove-descendant,Sacramento Regional Transit,105491,2,Sacramento Regional Transit,105491,False,False
sacramentosierra building construction trades council,remove-descendant,Sacramento-Sierra Building & Construction Trades Council,105652,2,Sacramento-Sierra Building & Construction Trades Council,105652,False,False
safe return project,remove-descendant,Safe Return Project,105831,2,Safe Return Project,105831,False,False
san diego county coalition for education,remove-descendant,San Diego County Coalition for Education,107028,2,San Diego County Coalition for Education,107028,False,False
san diego county water authority,remove-descendant,San Diego County Water Authority,107142,4,San Diego County Water Authority,107142,False,False
san francisco bar pilots,remove-descendant,SAN FRANCISCO BAR PILOTS,107768,2,San Francisco Bar Pilots,107768,False,False
san francisco bay area planning and urban research association spur,remove-descendant,San Francisco Bay Area Planning and Urban Research Association (SPUR),107801,2,San Francisco Bay Area Planning and Urban Research Association SPUR,107801,False,False
spur,remove-descendant,SPUR,107801,2,SPUR,107801,False,False
san francisco rising,remove-descendant,San Francisco Rising,108287,2,San Francisco Rising,108287,False,False
san joaquin county commission on aging,remove-descendant,San Joaquin County Commission on Aging,108627,2,San Joaquin County Commission on Aging,108627,False,False
san mateo county child care partnership council,remove-descendant,San Mateo County Child Care Partnership Council,109307,2,San Mateo County Child Care Partnership Council,109307,False,False
san mateo county sheriff,remove-descendant,SAN MATEO COUNTY SHERIFF,113746,4,San Mateo County Sheriff,113746,False,False
california secretary of state,remove-descendant,California Secretary of State,112067,10,California Secretary of State,112067,False,False
services immigrant rights and education network,remove-descendant,SERVICES IMMIGRANT RIGHTS AND EDUCATION NETWORK,112996,2,"Services, Immigrant Rights, and Education Network",112996,False,False
riverside county sheriff,remove-descendant,RIVERSIDE COUNTY SHERIFF,113746,5,Riverside County Sheriff,113746,False,False
sacramento county sheriff,remove-descendant,SACRAMENTO COUNTY SHERIFF,113746,9,Sacramento County Sheriff,113746,False,False
fresno county sheriff,remove-descendant,FRESNO COUNTY SHERIFF,113746,5,Fresno County Sheriff,113746,False,False
yolo county sheriff,remove-descendant,YOLO COUNTY SHERIFF,113746,5,Yolo County Sheriff,113746,False,False
butte county sheriff,remove-descendant,BUTTE COUNTY SHERIFF,113746,5,Butte County Sheriff,113746,False,False
contra costa county sheriff,remove-descendant,CONTRA COSTA COUNTY SHERIFF,113746,6,Contra Costa County Sheriff,113746,False,False
stanislaus county sheriff,remove-descendant,STANISLAUS COUNTY SHERIFF,113746,5,Stanislaus County Sheriff,113746,False,False
marin county sheriff,remove-descendant,MARIN COUNTY SHERIFF,113746,3,Marin County Sheriff,113746,False,False
el dorado county sheriff,remove-descendant,EL DORADO COUNTY SHERIFF,113746,6,El Dorado County Sheriff,113746,False,False
kings county sheriff,remove-descendant,KINGS COUNTY SHERIFF,113746,3,Kings County Sheriff,113746,False,False
santa barbara county sheriff,remove-descendant,SANTA BARBARA COUNTY SHERIFF,113746,6,Santa Barbara County Sheriff,113746,False,False
mariposa county sheriff,remove-descendant,MARIPOSA COUNTY SHERIFF,113746,4,Mariposa County Sheriff,113746,False,False
san joaquin county sheriff,remove-descendant,SAN JOAQUIN COUNTY SHERIFF,113746,3,San Joaquin County Sheriff,113746,False,False
tuolumne county sheriff,remove-descendant,TUOLUMNE COUNTY SHERIFF,113746,5,Tuolumne County Sheriff,113746,False,False
mono county sheriff,remove-descendant,MONO COUNTY SHERIFF,113746,3,Mono County Sheriff,113746,False,False
sonoma county sheriff,remove-descendant,SONOMA COUNTY SHERIFF,113746,6,Sonoma County Sheriff,113746,False,False
monterey county sheriff,remove-descendant,MONTEREY COUNTY SHERIFF,113746,4,Monterey County Sheriff,113746,False,False
del norte county sheriff,remove-descendant,DEL NORTE COUNTY SHERIFF,113746,3,Del Norte County Sheriff,113746,False,False
nevada county sheriff,remove-descendant,NEVADA COUNTY SHERIFF,113746,3,Nevada County Sheriff,113746,False,False
sutter county sheriff,remove-descendant,SUTTER COUNTY SHERIFF,113746,2,Sutter County Sheriff,113746,False,False
san benito county sheriff,remove-descendant,SAN BENITO COUNTY SHERIFF,113746,4,San Benito County Sheriff,113746,False,False
imperial county sheriff,remove-descendant,IMPERIAL COUNTY SHERIFF,113746,2,Imperial County Sheriff,113746,False,False
humboldt county sheriff,remove-descendant,HUMBOLDT COUNTY SHERIFF,113746,4,Humboldt County Sheriff,113746,False,False
lake county sheriff,remove-descendant,LAKE COUNTY SHERIFF,113746,5,Lake County Sheriff,113746,False,False
calaveras county sheriff,remove-descendant,CALAVERAS COUNTY SHERIFF,113746,3,Calaveras County Sheriff,113746,False,False
lassen county sheriff,remove-descendant,LASSEN COUNTY SHERIFF,113746,3,Lassen County Sheriff,113746,False,False
plumas county sheriff,remove-descendant,PLUMAS COUNTY SHERIFF,113746,3,Plumas County Sheriff,113746,False,False
tulare county sheriff,remove-descendant,TULARE COUNTY SHERIFF,113746,4,Tulare County Sheriff,113746,False,False
tehama county sheriff,remove-descendant,TEHAMA COUNTY SHERIFF,113746,3,Tehama County Sheriff,113746,False,False
merced county sheriff,remove-descendant,MERCED COUNTY SHERIFF,113746,5,Merced County Sheriff,113746,False,False
santa clara county sheriff,remove-descendant,SANTA CLARA COUNTY SHERIFF,113746,4,Santa Clara County Sheriff,113746,False,False
glenn county sheriff,remove-descendant,GLENN COUNTY SHERIFF,113746,3,Glenn County Sheriff,113746,False,False
colusa county sheriff,remove-descendant,COLUSA COUNTY SHERIFF,113746,3,Colusa County Sheriff,113746,False,False
siskiyou county sheriff,remove-descendant,SISKIYOU COUNTY SHERIFF,113746,3,Siskiyou County Sheriff,113746,False,False
los angeles county sheriff,remove-descendant,LOS ANGELES COUNTY SHERIFF,113746,24,Los Angeles County Sheriff,113746,False,False
ca state sheriffs association,remove-descendant,CA STATE SHERIFFS ASSOCIATION,113751,28,CA State Sheriffs' Association,113751,False,False
alameda county chiefs of police and sheriffs association,remove-descendant,ALAMEDA COUNTY CHIEFS OF POLICE AND SHERIFF'S ASSOCIATION,113751,8,Alameda County Chiefs of Police and Sheriff's Association,113751,False,False
sierra club santa lucia chapter,remove-descendant,"Sierra Club, Santa Lucia Chapter",114111,9,Sierra Club - Santa Lucia Chapter,114111,False,False
sierra club california,remove-descendant,"Sierra Club, California",114111,24,Sierra Club - California,114111,False,False
sonoma county climate activist network sococan,remove-descendant,Sonoma County Climate Activist Network (SoCoCAN),116431,2,Sonoma County Climate Activist Network (SOCOCAN!),116431,False,False
southern california contractors association,remove-descendant,SOUTHERN CALIFORNIA CONTRACTORS ASSOCIATION,117311,3,Southern California Contractors Association,117311,False,False
southern california edison company,remove-descendant,Southern California Edison Company,117479,3,Southern California Edison Company,117479,False,False
california sportsmans lobby,remove-descendant,California Sportsman's Lobby,118439,4,California Sportsman's Lobby,118439,False,False
san joaquin stockton city unified,remove-descendant,SAN JOAQUIN STOCKTON CITY UNIFIED,120394,2,SAN JOAQUIN STOCKTON CITY UNIFIED,120394,False,False
strategic committee of public employees laborers,remove-descendant,Strategic Committee of Public Employees Laborers,120613,2,"Strategic Committee of Public Employees, Laborers",120613,False,False
technet,remove-descendant,TECHNET,123345,8,TechNet,123345,False,False
assembly committee on jobs economic development and the economy,remove-descendant,"Assembly Committee on Jobs, Economic Development, and the Economy",124100,2,"Assembly Committee on Jobs, Economic Development and the Economy",124100,False,False
san luis obispo county board of supervisors,remove-descendant,San Luis Obispo County Board of Supervisors,124202,2,San Luis Obispo County Board of Supervisors,124202,False,False
california alternative payment program association,remove-descendant,California Alternative Payment Program Association,126463,3,California Alternative Payment Program Association,126463,False,False
uc student workers union uaw local 2865,remove-descendant,"UC Student Workers' Union, UAW Local 2865",129037,2,UC Student Workers Union - UAW Local 2865,129037,False,False
united anglers of california,remove-descendant,United Anglers of California,129713,2,United Anglers of California,129713,False,False
united food and commercial workers local 5,remove-descendant,United Food and Commercial Workers Local 5,129932,2,United Food and Commercial Workers - Local 5,129932,False,False
united long term care workers seiu local 6434,remove-descendant,"United Long Term Care Workers, SEIU Local 6434",130017,2,United Long Term Care Workers (SEIU Local 6434),130017,False,False
california chamber of commerce,remove-descendant,CALIFORNIA CHAMBER OF COMMERCE,130173,1377,California Chamber of Commerce,130173,False,False
california black chamber of commerce,remove-descendant,CALIFORNIA BLACK CHAMBER OF COMMERCE,130173,57,California Black Chamber of Commerce,130173,False,False
california asian pacific chamber of commerce,remove-descendant,CALIFORNIA ASIAN PACIFIC CHAMBER OF COMMERCE,130173,28,California Asian Pacific Chamber of Commerce,130173,False,False
california hispanic chamber of commerce,remove-descendant,CALIFORNIA HISPANIC CHAMBER OF COMMERCE,130173,72,California Hispanic Chamber of Commerce,130173,False,False
california hmong chamber of commerce,remove-descendant,CALIFORNIA HMONG CHAMBER OF COMMERCE,130173,3,California Hmong Chamber of Commerce,130173,False,False
california israel chamber of commerce,remove-descendant,CALIFORNIA ISRAEL CHAMBER OF COMMERCE,130173,2,California Israel Chamber of Commerce,130173,False,False
california jewish chamber of commerce,remove-descendant,CALIFORNIA JEWISH CHAMBER OF COMMERCE,130173,2,California Jewish Chamber of Commerce,130173,False,False
california mexican american chamber of commerce,remove-descendant,CALIFORNIA MEXICAN AMERICAN CHAMBER OF COMMERCE,130173,5,California Mexican American Chamber of Commerce,130173,False,False
cambodian american chamber of commerce,remove-descendant,CAMBODIAN AMERICAN CHAMBER OF COMMERCE,130173,4,Cambodian American Chamber of Commerce,130173,False,False
chinese chamber of commerce,remove-descendant,CHINESE CHAMBER OF COMMERCE,130173,5,Chinese Chamber of Commerce,130173,False,False
european american chamber of commerce,remove-descendant,EUROPEAN AMERICAN CHAMBER OF COMMERCE,130173,3,European American Chamber of Commerce,130173,False,False
filipino american chamber of commerce,remove-descendant,FILIPINO AMERICAN CHAMBER OF COMMERCE,130173,22,Filipino American Chamber of Commerce,130173,False,False
guatemalan american chamber of commerce,remove-descendant,GUATEMALAN AMERICAN CHAMBER OF COMMERCE,130173,5,Guatemalan American Chamber of Commerce,130173,False,False
iranian american chamber of commerce,remove-descendant,IRANIAN AMERICAN CHAMBER OF COMMERCE,130173,2,Iranian American Chamber of Commerce,130173,False,False
korean american chamber of commerce,remove-descendant,KOREAN AMERICAN CHAMBER OF COMMERCE,130173,8,Korean American Chamber of Commerce,130173,False,False
slavic american chamber of commerce,remove-descendant,SLAVIC AMERICAN CHAMBER OF COMMERCE,130173,6,Slavic American Chamber of Commerce,130173,False,False
vietnamese american chamber of commerce,remove-descendant,VIETNAMESE AMERICAN CHAMBER OF COMMERCE,130173,8,Vietnamese American Chamber of Commerce,130173,False,False
us womens chamber of commerce,remove-descendant,US Women's Chamber of Commerce,130173,2,U.S. Women's Chamber of Commerce,130173,False,False
armenian american chamber of commerce,remove-descendant,ARMENIAN AMERICAN CHAMBER OF COMMERCE,130173,2,Armenian American Chamber of Commerce,130173,False,False
bay area central american chamber of commerce,remove-descendant,BAY AREA CENTRAL AMERICAN CHAMBER OF COMMERCE,130173,2,Bay Area Central American Chamber of Commerce,130173,False,False
american veterans chamber of commerce,remove-descendant,AMERICAN VETERANS CHAMBER OF COMMERCE,130173,2,American Veterans Chamber of Commerce,130173,False,False
green chamber of commerce,remove-descendant,GREEN CHAMBER OF COMMERCE,130173,3,Green Chamber of Commerce,130173,False,False
university professional and technical employees cwa local 9119,remove-descendant,"University Professional and Technical Employees, CWA Local 9119",130878,3,"University Professional and Technical Employees - CWA, Local 9119",130878,False,False
valley clean air now,remove-descendant,Valley Clean Air Now,131697,3,"Valley ""Clean Air Now",131697,False,False
veterans of foreign wars of the united states department of california,remove-descendant,Veterans of Foreign Wars of the United States Department of California,132744,34,Veterans of Foreign Wars of the United States- Department of California,132744,False,False
veterans of foreign wars wasco post no 6742,remove-descendant,Veterans of Foreign Wars - Wasco Post No. 6742,132744,2,"Veterans of Foreign Wars, Wasco Post No. 6742",132744,False,False
vision y compromiso,remove-descendant,Vision y Compromiso,133530,2,Vision Y Compromiso,133530,False,False
voters right to know,remove-descendant,Voters Right to Know,133878,2,Voters Right to Know,133878,False,False
water 4 fish,remove-descendant,Water 4 Fish,134347,2,Water 4 Fish,134347,False,False
west coast lumber building material association,remove-descendant,WEST COAST LUMBER & BUILDING MATERIAL ASSOCIATION,134867,2,West Coast Lumber & Building Material Association,134867,False,False
west coast recycling llc,remove-descendant,"West Coast Recycling, LLC",134879,2,"West Coast Recycling, LLC.",134879,False,False
west kern community college,remove-descendant,West Kern Community College,135003,3,West Kern Community College,135003,False,False
western center on law and poverty,remove-descendant,Western Center on Law and Poverty,135247,4,Western Center on Law and Poverty,135247,False,False
white people 4 black lives,remove-descendant,White People 4 Black Lives,135878,2,White People 4 Black Lives,135878,False,False
workmens circlearbeter ring southern california district,remove-descendant,"Workmen's Circle/Arbeter Ring, Southern California District",137125,2,Workmen's Circle/Arbeter Ring (Southern California District),137125,False,False
worksafe,remove-descendant,Worksafe,137140,4,Worksafe,137140,False,False
ventura county yimby,remove-descendant,VENTURA COUNTY YIMBY,137492,2,Ventura County Yimby,137492,False,False
adam walsh foundation,remove-descendant,Adam Walsh Foundation,138470,3,ADAM WALSH FOUNDATION,138470,False,False
unitehere local 11,within-tree,UNITE-HERE Local 11,118,1,UniteHere! Local 11,118,False,False
2850 aflcio,within-tree,"2850, AFL-CIO",118,1,"2850, AFL-CIO",118,False,False
unitehere local 19,within-tree,"UNITE-HERE, Local 19",118,1,UNITE-HERE! Local 19,118,False,False
unite here international union aflcio,within-tree,"Unite Here International Union, Afl-cio",118,1,"UNITE HERE INTERNATIONAL UNION, AFL-CIO",118,False,False
iatse local 871,within-tree,IATSE Local 871,66700,1,Iatse Local 871,66700,False,False
national alliance on mental illness california,within-tree,National Alliance on Mental Illness - California,84885,1,National Alliance on Mental Illness California,84885,False,False
alzheimers association aa,within-tree,Alzheimer′s Association (AA),4478,1,Alzheimer's Association (AA),4478,False,False
california academy of family physicians cafp,within-tree,CALIFORNIA ACADEMY OF FAMILY PHYSICIANS (CAFP),4832,1,California Academy of Family Physicians (CAFP),4832,False,False
american association of university women california san jose branch,within-tree,American Association of University Women California - San Jose Branch,5018,1,American Association of University Women - California San Jose Branch,5018,False,False
afscme aflcio,within-tree,AFSCME / AFL-CIO,5465,1,"AFSCME, AFL-CIO",5465,False,False
california federation of labor aflcio,within-tree,California Federation of Labor (AFL-CIO),5455,1,California Federation of Labor AFL-CIO,5455,False,False
california federation of labor afl cio,within-tree,California Federation of Labor AFL/ (CIO),5455,1,California Federation of Labor AFL/ (CIO),5455,False,False
california federation of labor unions aflcio,within-tree,"California Federation of Labor Unions, AFL-CIO",5455,1,"California Federation of Labor Unions, AFL-CIO",5455,False,False
afscmeunacuhcp united nurses associations of california union of health care professionals,within-tree,AFSCME/UNAC-UHCP United Nurses Associations of California- Union of Health Care Professionals,5465,1,AFSCME/UNAC-UHCP United Nurses Associations of California - Union of Health Care Professionals,5465,False,False
professionals unacuhcp,within-tree,Professionals (UNAC/UHCP),5465,2,Professionals (UNAC/UHCP),5465,False,False
the united nurses association of california,within-tree,THE UNITED NURSES ASSOCIATION OF CALIFORNIA,5465,1,The United Nurses Association of California,5465,False,False
unacuhcp,within-tree,UNAC/UHCP,5465,1,UNAC/UHCP,5465,False,False
united nurses association of california unac,within-tree,UNITED NURSES ASSOCIATION OF CALIFORNIA (UNAC),5465,1,United Nurses Association of California (UNAC),5465,False,False
united nurses association of californiaunion of health care,within-tree,UNITED NURSES ASSOCIATION OF CALIFORNIA/UNION OF HEALTH CARE,5465,1,United Nurses Association of California/Union of Health Care,5465,False,False
united nurses association of californiaunion of health care professionals unacuhcp,within-tree,United Nurses Association of California/Union of Health Care Professionals (UNAC/UHCP),5465,1,United Nurses Association of California/Union of Health Care Professionals (UNAC/UHCP),5465,False,False
united nurses associations of california union of health care professionals,within-tree,United Nurses Associations of California/ Union of Health Care Professionals,5465,1,United Nurses Associations of California/ Union of Health Care Professionals,5465,False,False
united nurses associations of californiaunion of health care professional,within-tree,United Nurses Associations of California/Union of Health Care Professional,5465,1,United Nurses Associations of California/Union of Health Care Professional,5465,False,False
united nurses associations of californiaunion of health care professionals unacuhcp,within-tree,United Nurses Associations of California/Union of Health Care Professionals (UNAC/UHCP),5465,1,United Nurses Associations of California/Union of Health Care Professionals (UNAC/UHCP),5465,False,False
united nurses associations of californiaunion of healthcare professionals,within-tree,United Nurses Associations of California/Union of Healthcare Professionals,5465,1,United Nurses Associations of California/Union of Healthcare Professionals,5465,False,False
united nurses associations of californiaunion of health care professionals,within-tree,United Nurses Associations of California/union of Health Care Professionals,5465,1,United Nurses Associations of California/Union of Health: Care Professionals,5465,False,False
afscme california,within-tree,AFSCME California,5465,1,AFSCME - California,5465,False,False
afcsme california,within-tree,AFCSME California,5465,1,AFCSME California,5465,False,False
afscme ca,within-tree,AFSCME CA,5465,1,AFSCME CA,5465,False,False
afsme california,within-tree,AFSME California,5465,1,AFSME California,5465,False,False
american federation of state county and municipal employees afscme california,within-tree,"American Federation of State, County and Municipal Employees (AFSCME) California",5465,1,"American Federation of State, County and Municipal Employees (AFSCME) California",5465,False,False
american federation of state county and municipal employees afscme aflcio california,within-tree,"American Federation of State, County and Municipal Employees (AFSCME), Afl-cio California",5465,1,"American Federation of State, County and Municipal Employees (AFSCME), AFL-CIO California",5465,False,False
american federation of state county and municipal employees aflcio california,within-tree,"American Federation of State, County and Municipal Employees AFL-CIO California",5465,1,"American Federation of State, County and Municipal Employees, AFL-CIO California",5465,False,False
american federation of state county and municipal employees california,within-tree,"American Federation of State, County and Municipal Employees California",5465,1,"American Federation of State, County and Municipal Employees California",5465,False,False
american federation of state county municipal employees california,within-tree,"American Federation of State, County, & Municipal Employees California",5465,1,"American Federation of State, County, & Municipal Employees, California",5465,False,False
california american federation of state,within-tree,California American Federation of State,5465,1,California American Federation of State,5465,False,False
american federation of state county and municipal employees afscme ca,within-tree,"American Federation of State, County and Municipal Employees (AFSCME), CA",5465,1,"American Federation of State, County and Municipal Employees (AFSCME CA)",5465,False,False
afscme american federation of state county and municipal,within-tree,"AFSCME - American Federation of State, County and Municipal",5465,1,"AFSCME (American Federation of State, County and Municipal)",5465,False,False
afscme local 2620,within-tree,AFSCME Local 2620,5465,2,AFSCME Local 2620,5465,False,False
afsme retirees chapter 36,within-tree,AFSME Retirees Chapter 36,5465,1,"AFSME Retirees, Chapter 36",5465,False,False
afscme council 36,within-tree,AFSCME Council 36,5465,1,AFSCME Council 36,5465,False,False
afscme district council 36 and 57,within-tree,AFSCME District Council 36 and 57,5465,1,"AFSCME, District Council 36 and 57",5465,False,False
american federation of state county and municipal employees district council 36,within-tree,American Federation of State County and Municipal Employees District Council 36,5465,1,"American Federation of State, County and Municipal Employees, District Council 36",5465,False,False
american federation of state county and municipal employees council 36,within-tree,"American Federation of State, County, and Municipal Employees Council 36",5465,1,"American Federation of State, County and Municipal Employees, Council 36",5465,False,False
afscme council 57,within-tree,AFSCME Council 57,5465,2,AFSCME Council 57,5465,False,False
american federation of state county and municipal employees council 57,within-tree,"American Federation of State, County and Municipal Employees, Council 57",5465,1,"American Federation Of State, County And Municipal Employees, Council 57",5465,False,False
american federation of state county and municipal employees local 2620 aflcio,within-tree,"American Federation of State, County, and Municipal Employees Local 2620, AFL-CIO",5465,1,"American Federation of State, County and Municipal Employees, Local 2620, AFL-CIO",5465,False,False
american federation of state county and municipal employees afscme local 57,within-tree,"American Federation of State, County and Municipal Employees (AFSCME) Local 57",5465,1,"American Federation of State, County and Municipal Employees (AFSCME) Local 57",5465,False,False
american federation of state county and municipal employees local 57,within-tree,"American Federation of State, County and Municipal Employees Local 57",5465,1,"American Federation of State, County and Municipal Employees Local 57",5465,False,False
american federation of state county and municipal employees local 685,within-tree,"American Federation of State, County and Municipal Employees Local 685",5465,1,"American Federation of State, County and Municipal Employees, Local 685",5465,False,False
afscme local 1001 metropolitan water district,within-tree,AFSCME Local 1001 Metropolitan Water District,5465,1,"AFSCME, Local 1001 Metropolitan Water District",5465,False,False
american federation of state county and municipal employees afscme local 1902,within-tree,"American Federation of State, County and Municipal Employees (AFSCME), Local 1902",5465,1,"American Federation of State, County and Municipal Employees (AFSCME), Local 1902",5465,False,False
american federation of state county and municipal employees local 1902,within-tree,"American Federation of State, County and Municipal Employees, Local 1902",5465,1,"American Federation of State, County and Municipal Employees, Local 1902",5465,False,False
afscme local 2703,within-tree,AFSCME Local 2703,5465,1,AFSCME Local 2703,5465,False,False
all city employees association local 3090 afscme,within-tree,"All City Employees Association, Local 3090 AFSCME",5465,1,"All City Employees Association, Local 3090, AFSCME",5465,False,False
afscme aflcio local 3299,within-tree,"AFSCME, AFL-CIO Local 3299",5465,1,"AFSCME, AFL-CIO, Local 3299",5465,False,False
american federation of state county and municipal employees afscme local 3299,within-tree,"American Federation of State, County and Municipal Employees (AFSCME), Local 3299",5465,1,"American Federation of State, County and Municipal Employees (AFSCME), Local 3299",5465,False,False
american federation of state county and municipal employees local 3299,within-tree,"American Federation of State, County and Municipal Employees Local 3299",5465,1,"American Federation of State, County and Municipal Employees, Local 3299",5465,False,False
american federation of state county and municipal employees local 3299 aflcio,within-tree,"American Federation of State, County and Municipal Employees Local 3299, AFL-CIO",5465,1,"American Federation of State, County and Municipal Employees Local 3299, AFL-CIO",5465,False,False
american federation of state county and municipal employees aflcio local 3299,within-tree,"American Federation of State, County and Municipal Employees, AFL-CIO Local 3299",5465,1,"American Federation of State, County and Municipal Employees, AFL-CIO, Local 3299",5465,False,False
uwdafscme local 3930,within-tree,UWD/AFSCME Local 3930,5465,1,UWD/AFSCME Local 3930,5465,False,False
udw,within-tree,UDW,5465,1,UDW,5465,False,False
udw homecare providers union,within-tree,UDW Homecare Providers Union,5465,1,UDW Homecare Providers Union,5465,False,False
udwafscme local,within-tree,UDW/AFSCME Local,5465,1,UDW/AFSCME Local,5465,False,False
united domestic workers,within-tree,United Domestic Workers,5465,1,UNITED DOMESTIC WORKERS,5465,False,False
united domestic workers udw,within-tree,UNITED DOMESTIC WORKERS (UDW),5465,1,United Domestic Workers (UDW),5465,False,False
united domestic workers of america,within-tree,UNITED DOMESTIC WORKERS OF AMERICA,5465,6,United Domestic Workers of America,5465,False,False
united domestic providers of america,within-tree,United Domestic Providers of America,5465,1,United Domestic Providers of America,5465,False,False
united domestic providers of americaafscme,within-tree,United Domestic Providers of America/AFSCME,5465,1,United Domestic Providers of America/AFSCME,5465,False,False
united domestic workers of america udw,within-tree,United Domestic Workers of America (UDW),5465,1,United Domestic Workers of America (UDW),5465,False,False
united domestic workers of america afscme aflcio,within-tree,"United Domestic Workers of America / Afscme, Afl-cio",5465,1,"United Domestic Workers of America / Afscme, Afl-cio",5465,False,False
united domestic workers of america american federation of state county,within-tree,"United Domestic Workers of America, American Federation of State, County",5465,1,"United Domestic Workers of America - American Federation of State, County",5465,False,False
united domestic workers of americaafscme,within-tree,United Domestic Workers of America/AFSCME,5465,1,United Domestic Workers of America/AFSCME,5465,False,False
united domestic workers of american udw,within-tree,United Domestic Workers of American (UDW),5465,1,United Domestic Workers of American (UDW),5465,False,False
united domestic workers american federation of state county and municipal employees,within-tree,"United Domestic Workers, American Federation of State, County and Municipal Employees",5465,1,"United Domestic Workers/ American Federation of State, County, and Municipal Employees",5465,False,False
united domestic workersafscme,within-tree,United Domestic Workers/AFSCME,5465,1,United Domestic Workers/AFSCME,5465,False,False
united domestic workersamerican federation of state county and municipal,within-tree,"United Domestic Workers/American Federation of State, County and Municipal",5465,1,"United Domestic Workers/American Federation of State, County and Municipal",5465,False,False
united domestic workersamerican federation of state county and municipal employees,within-tree,"United Domestic Workers/American Federation of State, County and Municipal Employees",5465,1,"United Domestic Workers/American Federation of State, County and Municipal Employees",5465,False,False
udw afscme local 3930,within-tree,UDW AFSCME Local 3930,5465,1,UDW / AFSCME Local 3930,5465,False,False
udwafscme local 3930,within-tree,"UDW/AFSCME, Local 3930",5465,1,UDW-AFSCME Local 3930,5465,False,False
united domestic workers local 3930,within-tree,United Domestic Workers Local 3930,5465,1,United Domestic Workers Local 3930,5465,False,False
united domestic workers of americaafscme local 3930aflcio,within-tree,United Domestic Workers Of America-AFSCME Local 3930/AFL-CIO,5465,1,United Domestic Workers of America-AFSCME Local 3930/AFL-CIO,5465,False,False
united domestic workers of america udw afscme local 3930,within-tree,"United Domestic Workers of America (UDW), AFSCME Local 3930",5465,1,United Domestic Workers of America (UDW) AFSCME Local 3930,5465,False,False
united domestic workers of america udwafscme local 3930,within-tree,United Domestic Workers of America (UDW)/AFSCME Local 3930,5465,1,United Domestic Workers of America UDW/AFSCME Local 3930,5465,False,False
united domestic workers of america afscme local 3930aflcio,within-tree,United Domestic Workers of America AFSCME Local 3930/AFL-CIO,5465,1,United Domestic Workers of America - AFSCME Local 3930/AFL-CIO,5465,False,False
united domestic workers of america afscme local 3930,within-tree,"United Domestic Workers of America, AFSCME Local 3930",5465,1,"United Domestic Workers of America, AFSCME Local 3930",5465,False,False
united domestic workers of america afscme local 3930 aflcio,within-tree,"United Domestic Workers of America, AFSCME Local 3930, AFL-CIO",5465,1,United Domestic Workers of America - AFSCME Local 3930 / AFL-CIO,5465,False,False
united domestic workers of america afsme local 3930 aflcio,within-tree,"United Domestic Workers of America, AFSME Local 3930, AFL-CIO",5465,1,"United Domestic Workers of America - AFSME Local 3930, AFL-CIO",5465,False,False
united domestic workers of america american federation of state county and municipal employees local 3930,within-tree,"United Domestic Workers of America, American Federation of State, County and Municipal Employees, Local 3930",5465,1,"United Domestic Workers of America - American Federation of State, County, and Municipal Employees Local 3930",5465,False,False
united domestic workers of america local 3930,within-tree,"United Domestic Workers of America, Local 3930",5465,1,"United Domestic Workers of America, Local 3930",5465,False,False
united domestic workers of americaafscme local 3930,within-tree,United Domestic Workers of America-AFSCME Local 3930,5465,1,United Domestic Workers of America/AFSCME Local 3930,5465,False,False
united domestic workers of americaafscme local 3930 aflcio,within-tree,"United Domestic Workers of America-AFSCME Local 3930, AFL-CIO",5465,1,"United Domestic Workers of America/AFSCME Local 3930, AFL-CIO",5465,False,False
united domestic workers of americaafsme local 3930 aflcio,within-tree,"United Domestic Workers of America-AFSME Local 3930, AFL-CIO",5465,1,United Domestic Workers of America/AFSME Local 3930 AFL-CIO,5465,False,False
united domestic workers of americaudwafscme local 3930,within-tree,United Domestic Workers of America-UDW/AFSCME Local 3930,5465,1,United Domestic Workers of America-UDW/AFSCME Local 3930,5465,False,False
united domestic workers afscme local 3930,within-tree,"United Domestic Workers, AFSCME Local 3930",5465,1,United Domestic Workers - AFSCME Local 3930,5465,False,False
united domestic workers american federation of state county and municipal employees local 3930,within-tree,"United Domestic Workers, American Federation of State, County, and Municipal Employees, Local 3930",5465,1,"United Domestic Workers, American Federation of State, County and Municipal Employees, Local 3930",5465,False,False
united domestic workersafscme local 3930,within-tree,United Domestic Workers/AFSCME Local 3930,5465,1,United Domestic Workers/AFSCME Local 3930,5465,False,False
united domestic workersamerican federation of state county and municipal employees local 3930,within-tree,"United Domestic Workers/American Federation of State, County and Municipal Employees Local 3930",5465,1,"United Domestic Workers/American Federation of State, County and Municipal Employees Local 3930",5465,False,False
union of american physicians and dentists uapdafscme,within-tree,Union of American Physicians and Dentists (UAPD)/AFSCME,5465,1,Union of American Physicians and Dentists (UAPD/AFSCME),5465,False,False
union of american physicians and dentistsafscme,within-tree,Union of American Physicians and Dentists/AFSCME,5465,1,Union of American Physicians and Dentists/AFSCME,5465,False,False
union of american physicians and dentists local 206,within-tree,"Union of American Physicians and Dentists, Local 206",5465,13,"Union of American Physicians and Dentists, Local 206",5465,False,False
afscme local 4911 united ems workers,within-tree,AFSCME Local 4911 United EMS Workers,5465,4,"AFSCME, Local 4911 United EMS Workers",5465,False,False
los angeles county probation officers union,within-tree,Los Angeles County Probation Officers' Union,5465,1,Los Angeles County Probation Officers Union,5465,False,False
los angeles county probation officers union local 685,within-tree,"Los Angeles County Probation Officers' Union, Local 685",5465,1,"Los Angeles County Probation Officers Union, Local 685",5465,False,False
los angeles probation department union,within-tree,LOS ANGELES PROBATION DEPARTMENT UNION,5465,1,Los Angeles Probation Department Union,5465,False,False
los angeles probation department union afscme,within-tree,Los Angeles Probation Department Union AFSCME,5465,1,"Los Angeles Probation Department Union, AFSCME",5465,False,False
los angeles probation department union afscme local 685,within-tree,"Los Angeles Probation Department Union, AFSCME, Local 685",5465,1,"Los Angeles Probation Department Union, AFSCME, Local 685",5465,False,False
los angeles probation officers union afscme local 685,within-tree,"Los Angeles Probation Officers' Union, AFSCME, Local 685",5465,1,"Los Angeles Probation Officers Union, AFSCME, Local 685",5465,False,False
los angeles county probation officers union afscme local 685,within-tree,"Los Angeles County Probation Officers' Union, AFSCME, Local 685",5465,1,"Los Angeles County Probation Officers' Union, AFSCME, Local 685",5465,False,False
los angeles county probation department union,within-tree,Los Angeles County Probation Department Union,5465,1,Los Angeles County Probation Department Union,5465,False,False
los angeles county probation department union local 685,within-tree,Los Angeles County Probation Department Union Local 685,5465,1,"Los Angeles County Probation Department Union, Local 685",5465,False,False
los angeles county probation union afscme local 685,within-tree,"Los Angeles County Probation Union, AFSCME, Local 685",5465,1,"Los Angeles County Probation Union, AFSCME, Local 685",5465,False,False
los angeles county probation department union afscme local 685,within-tree,"Los Angeles County Probation Department Union, AFSCME, Local 685",5465,1,"Los Angeles County Probation Department Union, AFSCME, Local 685",5465,False,False
los angeles county deputy probation officers union afscme local 685,within-tree,"Los Angeles County Deputy Probation Officers' Union, AFSCME, Local 685",5465,1,"Los Angeles County Deputy Probation Officers' Union, AFSCME, Local 685",5465,False,False
los angeles probation officers union,within-tree,Los Angeles Probation Officers' Union,5465,1,Los Angeles Probation Officers Union,5465,False,False
los angeles probation officers union local 685,within-tree,"Los Angeles Probation Officers' Union, Local 685",5465,1,"Los Angeles Probation Officers Union, Local 685",5465,False,False
la county probation officers union afscme local 685,within-tree,"L.A. County Probation Officers Union, AFSCME, Local 685",5465,1,"LA County Probation Officers Union, AFSCME, Local 685",5465,False,False
los angeles probation union afscme local 685,within-tree,"Los Angeles Probation Union, AFSCME, Local 685",5465,1,"Los Angeles Probation Union AFSCME, Local 685",5465,False,False
los angeles county probation officers union afsme local 685,within-tree,Los Angeles County Probation Officers Union AFSME Local 685,5465,1,"Los Angeles County Probation Officers Union, AFSME, Local 685",5465,False,False
los angeles county probation union,within-tree,Los Angeles County Probation Union,5465,1,Los Angeles County Probation Union,5465,False,False
los angeles deputy probation officers afscme local 685,within-tree,"Los Angeles Deputy Probation Officers, AFSCME Local 685",5465,1,"Los Angeles Deputy Probation Officers, AFSCME, Local 685",5465,False,False
la county probation officers union,within-tree,L.A. County Probation Officers Union,5465,1,L.A. County Probation Officers Union,5465,False,False
los angeles county probation officers union afscme local,within-tree,"Los Angeles County Probation Officers Union, AFSCME Local",5465,1,"Los Angeles County Probation Officers Union, AFSCME, Local",5465,False,False
los angeles county deputy probation officers union,within-tree,Los Angeles County Deputy Probation Officers Union,5465,1,Los Angeles County Deputy Probation Officers' Union,5465,False,False
los angeles county probation managers association afscme local 1967,within-tree,Los Angeles County Probation Managers Association AFSCME Local 1967,5465,1,"Los Angeles County Probation Managers Association, AFSCME, Local 1967",5465,False,False
santa clara county probation peace officers union afscme local 1587,within-tree,"Santa Clara County Probation Peace Officers' Union, AFSCME Local 1587",5465,1,"Santa Clara County Probation Peace Officer's Union, Afscme Local 1587",5465,False,False
afscme local 1587 santa clara county probation peace officers union,within-tree,AFSCME Local 1587 Santa Clara County Probation Peace Officers Union,5465,1,AFSCME Local 1587 Santa Clara County Probation Peace Officers Union,5465,False,False
santa clara county probation peace officers union,within-tree,Santa Clara County Probation Peace Officers' Union,5465,1,Santa Clara County Probation Peace Officers' Union,5465,False,False
california federation of teachers cft,within-tree,California Federation of Teachers (CFT),5466,2,California Federation of Teachers (CFT),5466,False,False
california federation of teachers aft aflcio,within-tree,"California Federation of Teachers, AFT, AFL-CIO",5466,1,"California Federation of Teachers - AFT, AFL-CIO",5466,False,False
california fence contractors assoc,within-tree,California fence Contractors' Assoc,5470,1,California Fence Contractors Assoc,5470,False,False
california fence contractors association california chapter,within-tree,California Fence Contractors' Association (California Chapter),5470,1,"California Fence Contractors' Association, California Chapter",5470,False,False
iatse local 839,within-tree,IATSE Local 839,66700,1,Iatse Local 839,66700,False,False
physicians for social responsibility san francisco bay area chapter,within-tree,Physicians for Social Responsibility (San Francisco Bay Area Chapter),95996,1,Physicians for Social Responsibility - San: Francisco Bay Area Chapter,95996,False,False
iatse local 800,within-tree,IATSE Local 800,66700,1,Iatse Local 800,66700,False,False
asian americans advancing justicesouthern california,within-tree,Asian Americans Advancing Justice-southern California,8932,1,Asian Americans Advancing Justice-southern California,8932,False,False
associated general contractors california,within-tree,"Associated General Contractors, California",9509,1,Associated General Contractors - California,9509,False,False
los angeles deputy sheriffs association,within-tree,Los Angeles Deputy Sheriffs' Association,45245,1,Los Angeles Deputy Sheriffs Association,45245,False,False
the california attorney general,within-tree,THE CALIFORNIA ATTORNEY GENERAL,10817,1,The California Attorney General,10817,False,False
billy defrank lesbian gay bisexual transgender community center of silicon valley,within-tree,Billy DeFrank Lesbian Gay Bisexual Transgender Community: Center of Silicon Valley,14438,1,Billy DeFrank Lesbian Gay Bisexual Transgender Community Center of Silicon Valley,14438,False,False
county alcohol and drug program administrators association of california,within-tree,County Alcohol and Drug Program Administrators' Association of California,41165,1,County Alcohol and Drug Program Administrators Association: of California,41165,False,False
california association of alcohol drug program executives inc,within-tree,"California Association of Alcohol Drug Program Executives, Inc.",19532,1,"California Association of Alcohol Drug Program Executives, Inc",19532,False,False
california association of clerks election officials,within-tree,California Association of Clerks & Election Officials,19585,1,California Association of Clerks & Election Officials,19585,False,False
california state association of electrical workers,within-tree,California State Association of Electrical Workers,24715,1,CALIFORNIA STATE ASSOCIATION OF ELECTRICAL WORKERS,24715,False,False
california association of health facilities cahf,within-tree,California Association of Health Facilities (CAHF) -,19688,1,California Association of Health Facilities (CAHF),19688,False,False
cahf,within-tree,CAHF,19688,1,CAHF,19688,False,False
california association of health facilities is,within-tree,California Association of Health Facilities is,19688,1,California Association of Health Facilities is,19688,False,False
4cs alameda,within-tree,4c's Alameda,20798,1,4c's Alameda,20798,False,False
4cs alameda county,within-tree,4Cs Alameda County,20798,1,4C's Alameda County,20798,False,False
4cs of alameda county,within-tree,4cs of Alameda County,20798,1,4C's of Alameda County,20798,False,False
community child care council 4cs of alameda county,within-tree,Community Child Care Council (4Cs) of Alameda County,20798,1,Community Child Care Council 4C's of Alameda County,20798,False,False
4cs sonoma,within-tree,4c's Sonoma,20798,1,4c's Sonoma,20798,False,False
4cs sonoma county,within-tree,4Cs Sonoma County,20798,1,4Cs Sonoma County,20798,False,False
community child care council 4cs of sonoma county,within-tree,Community Child Care Council (4Cs) of Sonoma County,20798,1,Community Child Care Council (4C's) of Sonoma County,20798,False,False
4cs of san mateo county,within-tree,4C's of San Mateo County,20798,1,4C's of San Mateo County,20798,False,False
4cs of san mateo,within-tree,4Cs of San Mateo,20798,1,4Cs of San Mateo,20798,False,False
california council of community mental health agencies before recent,within-tree,California Council of Community Mental Health Agencies (before recent),21354,1,California Council of Community Mental Health Agencies (before recent),21354,False,False
california state council of service employees seiu,within-tree,California State Council of Service Employees (SEIU),140789,1,"California State Council of Service Employees, SEIU",140789,False,False
chicano latino caucus of the california democratic party,within-tree,Chicano Latino Caucus of the California Democratic Party,21541,1,Chicano Latino Caucus of the California Democratic Party,21541,False,False
california democratic party lgbt caucus,within-tree,California Democratic Party LGBT Caucus,21541,1,"California Democratic Party, LGBT Caucus",21541,False,False
california democratic party senior caucus,within-tree,California Democratic Party Senior Caucus,21541,1,California Democratic Party Senior Caucus,21541,False,False
california democratic party womens caucus,within-tree,California Democratic Party Women's Caucus,21541,1,"California Democratic Party, Women's Caucus",21541,False,False
16th ad democrats,within-tree,16th AD Democrats,21541,1,16th AD Democrats,21541,False,False
49th assembly district committee democratic party,within-tree,49th Assembly District Committee Democratic Party,21541,1,49th Assembly District Committee Democratic Party,21541,False,False
thirtythird assembly district california democratic party,within-tree,"Thirty-Third Assembly District, California Democratic Party",21541,1,"Thirty-Third Assembly District, California Democratic Party",21541,False,False
california democratic party veterans caucus,within-tree,"California Democratic Party, Veterans Caucus",21541,1,"California Democratic Party, Veterans Caucus",21541,False,False
ab 1 x4 california grocers assn,within-tree,AB 1 X4 California Grocers Assn,22302,1,AB 1 X4 California Grocers Assn,22302,False,False
california hawaii state conference naacp,within-tree,California Hawaii State Conference NAACP,84982,1,California Hawaii State Conference NAACP,84982,False,False
california independent public employees legislative council cipelc,within-tree,California Independent Public Employees Legislative: Council (CIPELC),22590,1,CALIFORNIA INDEPENDENT PUBLIC EMPLOYEES LEGISLATIVE COUNCIL (CIPELC),22590,False,False
ab 1 x4 california landscape contractors assn clca,within-tree,AB 1 X4 California Landscape Contractors Assn. (CLCA),22830,1,AB 1 X4 California Landscape Contractors Assn. (CLCA),22830,False,False
california lawyers association business law section,within-tree,"California Lawyers Association, Business Law Section",22878,1,California Lawyers Association - Business Law Section,22878,False,False
business law section,within-tree,Business Law Section,22878,2,Business Law Section,22878,False,False
business law section california state bar,within-tree,"Business Law Section, California State Bar",22878,1,"Business Law Section , California State Bar",22878,False,False
business law section of the state bar department of corporations,within-tree,Business Law Section of the State Bar Department of Corporations,22878,1,Business Law Section of the State Bar Department of Corporations,22878,False,False
business law section of the state bar of california,within-tree,Business Law Section of the State Bar of California,22878,1,Business Law Section of The State Bar of California,22878,False,False
family law section of the state bar,within-tree,Family Law Section of the State Bar,22878,1,FAMILY LAW SECTION OF THE STATE BAR,22878,False,False
family law section california state bar,within-tree,Family Law Section - California State Bar,22878,1,"Family Law Section, California State Bar",22878,False,False
california lawyers association family law section,within-tree,"California Lawyers Association, Family Law Section",22878,1,California Lawyers Association - Family Law Section,22878,False,False
executive committee of the family law section of the state bar of california,within-tree,EXECUTIVE COMMITTEE OF THE FAMILY LAW SECTION OF THE STATE BAR OF CALIFORNIA,22878,1,Executive Committee of the Family Law Section of the State: Bar of California,22878,False,False
executive committee of the family law section of the state bar,within-tree,EXECUTIVE COMMITTEE OF THE FAMILY LAW SECTION OF THE STATE BAR,22878,1,Executive Committee of the Family Law Section of the State Bar,22878,False,False
trust and estates section of the california state bar,within-tree,Trust and Estates Section of the California State Bar,22878,1,Trust and Estates Section of the California State Bar,22878,False,False
trusts estates section of the california state bar,within-tree,Trusts & Estates Section of the California State Bar,22878,1,Trusts & Estates Section of the California State Bar,22878,False,False
trusts estates section of the state bar of california,within-tree,TRUSTS & ESTATES SECTION OF THE STATE BAR OF CALIFORNIA,22878,1,Trusts & Estates Section of the State Bar of California,22878,False,False
the trusts and estates section of the state bar of california,within-tree,THE TRUSTS AND ESTATES SECTION OF THE STATE BAR OF CALIFORNIA,22878,1,The Trusts and Estates Section of the State Bar of California,22878,False,False
california lawyers association trust and estates section,within-tree,"California Lawyers Association, Trust and Estates Section",22878,1,California Lawyers Association - Trust and Estates Section,22878,False,False
california lawyers association trusts estates section,within-tree,"California Lawyers Association, Trusts & Estates Section",22878,1,"California Lawyers Association, Trusts & Estates Section",22878,False,False
california lawyers association trusts and estates section,within-tree,"California Lawyers Association, Trusts and Estates Section",22878,1,"California Lawyers Association, Trusts and Estates Section",22878,False,False
california lawyers association taxation section,within-tree,"California Lawyers Association, Taxation Section",22878,1,California Lawyers Association - Taxation Section,22878,False,False
criminal law section of the california state bar,within-tree,Criminal Law Section of the California State Bar,22878,1,Criminal Law Section of the California State Bar,22878,False,False
bay area lisc,within-tree,Bay Area Lisc,75317,1,Bay Area LISC,75317,False,False
california nurses association and other labor groups,within-tree,California Nurses Association and other labor groups,23437,1,California Nurses Association and other labor groups,23437,False,False
california police chiefs association inc,within-tree,"California Police Chiefs' Association, Inc",23775,1,"California Police Chiefs Association, Inc",23775,False,False
chief probation officers association of california cpoc,within-tree,Chief Probation Officers Association of California (CPOC),23862,1,Chief Probation Officers Association of California (CPOC),23862,False,False
california state council of service employees,within-tree,California State Council Of Service Employees,140789,1,CALIFORNIA STATE COUNCIL OF SERVICE EMPLOYEES,140789,False,False
california society of association executives calsae,within-tree,California Society of Association Executives (CalSAE),24534,1,California Society of Association Executives -CalSAE,24534,False,False
rural county representatives of california rcrc,within-tree,Rural County Representatives of California (RCRC),24705,1,Rural County Representatives of California (RCRC),24705,False,False
california state conference of the national association for the advancement of colored people,within-tree,California State Conference of the national Association for the Advancement of Colored People,24784,1,California State Conference of the National Association for the Advancement of Colored People,24784,False,False
california state conference of the national association for the advancement of colored people,within-tree,CALIFORNIA STATE CONFERENCE OF THE NATIONAL ASSOCIATION FOR THE ADVANCEMENT OF COLORED PEOPLE,84982,1,California State Conference of the National Association for the Advancement of Colored People,84982,False,False
california state conference of the naacp,within-tree,California State Conference of the NAACP,84982,1,California State Conference of the NAACP,84982,False,False
california state conference naacp,within-tree,California State Conference NAACP,84982,1,California State Conference NAACP,84982,False,False
laborers local 185,within-tree,Laborers Local 185,24802,1,Laborers Local 185,24802,False,False
laborers local 792,within-tree,Laborers' Local 792,24802,1,Laborers' Local 792,24802,False,False
california state council of service employees international union seiu california,within-tree,California State Council of Service Employees International Union (Seiu California),24813,1,California State Council of Service Employees International Union (SEIU California),24813,False,False
california state council of service employees international union seiu california,within-tree,California State Council of Service Employees International Union - SEIU California,140789,1,CALIFORNIA STATE COUNCIL OF SERVICE EMPLOYEES INTERNATIONAL UNION (SEIU CALIFORNIA),140789,False,False
california state legislative board of sheet metal air rail and transportation workers transportation division,within-tree,"California State Legislative Board of Sheet Metal, Air, Rail and Transportation Workers - Transportation Division",66773,1,"California State Legislative Board of Sheet Metal, Air, Rail and Transportation Workers- Transportation Division",66773,False,False
fraternal order of police california state lodge,within-tree,"Fraternal Order of Police, California State Lodge",24916,1,Fraternal Order of Police California State Lodge,24916,False,False
2nd district,within-tree,2nd District,24962,1,2nd District,24962,False,False
ninth district pta,within-tree,Ninth District PTA,24962,1,Ninth District PTA,24962,False,False
fifteenth district pta,within-tree,Fifteenth District PTA,24962,1,Fifteenth District PTA,24962,False,False
indivisible california statestrong,within-tree,Indivisible California Statestrong,65521,1,Indivisible California Statestrong,65521,False,False
california teachers association community college association,within-tree,California Teachers Association Community College Association,25268,1,"California Teachers Association, Community College Association",25268,False,False
california union of safety employees section,within-tree,California Union of Safety Employees (Section),29292,1,California Union of Safety Employees (Section),29292,False,False
greater bakersfield chamber of commerce,within-tree,GREATER BAKERSFIELD CHAMBER OF COMMERCE,130173,1,Greater Bakersfield Chamber of Commerce,130173,False,False
greater fresno area chamber of commerce,within-tree,GREATER FRESNO AREA CHAMBER OF COMMERCE,130173,1,Greater Fresno Area Chamber of Commerce,130173,False,False
change begins with me indivisible group,within-tree,Change Begins with Me Indivisible Group,65521,6,Change Begins With Me Indivisible Group,65521,False,False
chicken ranch rancheria of me wuk indians of california,within-tree,Chicken Ranch Rancheria of Me Wuk Indians of California,30664,1,Chicken Ranch Rancheria of Me Wuk Indians of California,30664,False,False
childrens defense fund ca,within-tree,Children's Defense Fund CA,31110,1,Children's Defense Fund CA,31110,False,False
childrens defense fund california,within-tree,Children's Defense Fund -- California,31110,1,Children's Defense Fund- California,31110,False,False
childrens defense fundcalifornia,within-tree,Children's Defense Fund--California,31110,1,Children's Defense Fund-California,31110,False,False
public council childrens rights project,within-tree,Public Council - Children's Right's Project,31244,1,"Public Council, Children's Rights Project",31244,False,False
san diego county citizens against lawsuit abuse,within-tree,San Diego County Citizens Against Lawsuit Abuse,32062,1,San Diego County Citizens Against Lawsuit Abuse,32062,False,False
san diego citizens against lawsuit abuse,within-tree,San Diego Citizens Against Lawsuit Abuse,32062,1,San Diego Citizens Against Lawsuit Abuse,32062,False,False
orange county citizens against lawsuit abuse,within-tree,Orange County Citizens Against Lawsuit Abuse,32062,1,Orange County Citizens Against Lawsuit Abuse,32062,False,False
los angeles citizens against lawsuit abuse,within-tree,Los Angeles Citizens Against Lawsuit Abuse,32062,1,Los Angeles Citizens Against Lawsuit Abuse,32062,False,False
central california citizens against lawsuit abuse,within-tree,Central California Citizens Against Lawsuit Abuse,32062,1,Central California Citizens Against Lawsuit Abuse,32062,False,False
citizens against lawsuit abuse san diego county,within-tree,Citizens Against Lawsuit Abuse - San Diego County,32062,1,"Citizens Against Lawsuit Abuse, San Diego County",32062,False,False
citizens against lawsuit abuse los angeles,within-tree,Citizens Against Lawsuit Abuse - Los Angeles,32062,1,"Citizens Against Lawsuit Abuse, Los Angeles",32062,False,False
citizens commission on human rights los angeleshollywood chapter,within-tree,Citizens Commission on Human Rights Los Angeles/Hollywood Chapter,32094,1,"Citizens Commission on Human Rights, Los Angeles/Hollywood Chapter",32094,False,False
city and county of san francisco mayor edwin lee,within-tree,"City and County of San Francisco, Mayor Edwin Lee",32332,1,City and County of San Francisco Mayor Edwin Lee,32332,False,False
city of brea police department,within-tree,City of Brea Police Department,97070,1,City of Brea Police Department,97070,False,False
el dorado irrigation district eid,within-tree,El Dorado Irrigation District (EID),33174,1,El Dorado Irrigation District (EID),33174,False,False
city of emeryville mayor john j bauters,within-tree,"City of Emeryville, Mayor John J. Bauters",33194,1,City of Emeryville Mayor John J Bauters,33194,False,False
city of fullerton police department,within-tree,City of Fullerton Police Department,97070,1,City of Fullerton Police Department,97070,False,False
long beach fire fighters local 372,within-tree,"Long Beach Fire Fighters, Local 372",66740,1,"Long Beach Fire Fighters, Local 372",66740,False,False
city of los angeles mayor eric garcetti,within-tree,"City of Los Angeles, Mayor, Eric Garcetti",33668,1,"City of Los Angeles, Mayor Eric Garcetti",33668,False,False
lacba,within-tree,LACBA,33686,1,LACBA,33686,False,False
palm springs police chief,within-tree,Palm Springs Police Chief,34018,1,Palm Springs Police Chief,34018,False,False
san jacinto police chief,within-tree,San Jacinto Police Chief,34372,1,San Jacinto Police Chief,34372,False,False
clean water action ca,within-tree,Clean Water Action CA,35212,1,Clean Water Action CA,35212,False,False
clean water action california,within-tree,Clean Water Action - California,35212,1,"Clean Water Action, California",35212,False,False
clean water actioncalifornia,within-tree,Clean Water Action-California,35212,1,Clean Water Action-California,35212,False,False
clue california,within-tree,Clue California,35356,1,CLUE California,35356,False,False
clue ca,within-tree,CLUE CA,35356,1,CLUE CA,35356,False,False
clergy and laity united for economic justicelos angeles,within-tree,Clergy and Laity United for Economic Justice-Los Angeles,35356,1,Clergy and Laity United for Economic Justice-Los Angeles,35356,False,False
clergy and laity united for economic justice canoga park,within-tree,"CLERGY AND LAITY UNITED FOR ECONOMIC JUSTICE, CANOGA PARK",35356,1,"Clergy and Laity United for Economic Justice, Canoga Park",35356,False,False
cluela,within-tree,CLUE-LA,35356,1,CLUE-LA,35356,False,False
ventura county clergy and laity united for economic justice,within-tree,VENTURA COUNTY CLERGY AND LAITY UNITED FOR ECONOMIC JUSTICE,35356,1,Ventura County Clergy and Laity United for Economic Justice,35356,False,False
coalition for humane immigrant rights chirla,within-tree,Coalition for Humane Immigrant Rights (CHIRLA),36054,1,Coalition for Humane Immigrant Rights (CHIRLA),36054,False,False
the coalition for humane immigrant rights of los angeles,within-tree,The Coalition for Humane Immigrant Rights of Los Angeles,36054,1,THE COALITION FOR HUMANE IMMIGRANT RIGHTS OF LOS ANGELES,36054,False,False
california common cause,within-tree,California Common Cause,37608,1,California Common Cause,37608,False,False
common cause california,within-tree,Common Cause - California,37608,1,Common CAUSE - California,37608,False,False
communications workers of america district 9,within-tree,"Communications Workers of America, District 9",37684,1,"COMMUNICATIONS WORKERS OF AMERICA, DISTRICT 9",37684,False,False
community associations institute california legislative action committee,within-tree,Community Associations Institute California Legislative Action Committee,37705,1,"Community Associations Institute, California Legislative Action Committee",37705,False,False
community associations institutecalifornia legislative action committee,within-tree,Community Associations Institute-California Legislative Action Committee,37705,1,Community Associations Institute-California Legislative Action Committee,37705,False,False
ca state association of counties,within-tree,CA State Association of Counties,38967,1,CA STATE ASSOCIATION OF COUNTIES,38967,False,False
california state association of counties csac,within-tree,California State Association of Counties (CSAC),38967,1,California State Association of Counties (CSAC),38967,False,False
california state association of counties support,within-tree,California State Association of Counties [support],38967,1,California State Association of Counties [support],38967,False,False
health access california,within-tree,"Health Access, California",38975,1,Health Access California,38975,False,False
health access california hac,within-tree,HEALTH ACCESS CALIFORNIA (HAC),38975,1,Health Access California (HAC),38975,False,False
consulting engineers and land surveyors of california,within-tree,Consulting Engineers and Land Surveyors of California,39601,1,Consulting Engineers and Land Surveyors Of California,39601,False,False
consulting engineers and land surveyors of ca,within-tree,Consulting Engineers and Land: Surveyors of CA,39601,1,Consulting Engineers and Land Surveyors of CA,39601,False,False
celsoc consulting engineers and land surveyors of,within-tree,CELSOC (Consulting Engineers and Land Surveyors of),39601,1,CELSOC (Consulting Engineers and Land Surveyors of),39601,False,False
ca council of police and sheriffs,within-tree,CA Council of Police and Sheriffs,40934,1,CA Council of Police and Sheriffs,40934,False,False
council on americanislamic relations california,within-tree,"Council On American-Islamic Relations, California",40979,1,"Council on American-Islamic Relations, California",40979,False,False
council of americanislamic relations california,within-tree,"Council of American-Islamic Relations, California",40979,1,"Council of American-Islamic Relations, California",40979,False,False
cair california,within-tree,Cair California,40979,1,CAIR California,40979,False,False
council on americanislamic relations california cairca,within-tree,"Council on American-Islamic Relations, California (CAIR-CA)",40979,1,"Council on American-Islamic Relations, California (CAIR-CA)",40979,False,False
council on americanislamic relations california chapter,within-tree,"Council on American-islamic Relations, California Chapter",40979,1,"Council on American-Islamic Relations, California Chapter",40979,False,False
california chapter of the council on americanislamic relations california,within-tree,California Chapter of the Council on American-Islamic Relations California,40979,1,California Chapter of the Council on American-Islamic Relations California,40979,False,False
california council on americanislamic relations,within-tree,California Council on American-Islamic Relations,40979,1,California Council on American-Islamic Relations,40979,False,False
coalition on americanislamic relations california chapter,within-tree,"Coalition on American-Islamic Relations, California Chapter",40979,1,"Coalition on American-Islamic Relations, California Chapter",40979,False,False
council on americaislamic relations california cairca,within-tree,"Council on America-Islamic Relations, California (CAIR-CA)",40979,1,"Council on America-Islamic Relations, California (CAIR-CA)",40979,False,False
council on american islamic relations ca,within-tree,Council on American Islamic Relations - CA,40979,1,Council on American Islamic Relations - CA,40979,False,False
council of american islamic relations california chapter,within-tree,Council of American Islamic Relations - California Chapter,40979,1,Council of American Islamic Relations - California Chapter,40979,False,False
cair los angeles,within-tree,CAIR Los Angeles,40979,1,CAIR Los Angeles,40979,False,False
council on american islamic relations los angeles,within-tree,Council on American Islamic Relations Los Angeles,40979,1,Council on American Islamic Relations - Los Angeles,40979,False,False
council on american islamic relations los angeles area office,within-tree,Council on American Islamic Relations Los Angeles Area Office,40979,1,Council on American Islamic Relations Los Angeles Area Office,40979,False,False
council on americanislamic relations sacramento valley chapter,within-tree,"Council on American-Islamic Relations, Sacramento Valley Chapter",40979,1,"Council on American-Islamic Relations, Sacramento Valley Chapter",40979,False,False
council on americanislamic relations s f bay area chapter,within-tree,Council on American-Islamic Relations - S. F. Bay Area Chapter,40979,1,Council on American-Islamic Relations - S. F. Bay Area Chapter,40979,False,False
county alcohol and drug program administrators association of,within-tree,County Alcohol and Drug Program Administrators Association of,41165,1,COUNTY ALCOHOL AND DRUG PROGRAM ADMINISTRATORS ASSOCIATION OF,41165,False,False
county alcohol and drug program administrators association,within-tree,County Alcohol and Drug Program Administrators' Association,41165,1,County Alcohol and Drug Program Administrators Association,41165,False,False
county clerks association of california,within-tree,County Clerks Association of California,41216,1,County Clerk's Association of California,41216,False,False
monterey county board of supervisors,within-tree,Monterey County Board of Supervisors,41746,1,"Monterey County, Board of Supervisors",41746,False,False
board of supervisors county of sacramento,within-tree,Board of Supervisors - County of Sacramento,41910,1,Board of Supervisors County of Sacramento,41910,False,False
county superintendents of schools for california,within-tree,County Superintendents of Schools for California,42300,1,County Superintendents of Schools for California,42300,False,False
california welfare directors association,within-tree,California Welfare Directors Association,134685,1,California Welfare Director's Association,134685,False,False
court appointed special advocates of contra costa county,within-tree,Court Appointed Special Advocates of Contra Costa County,42356,1,Court Appointed Special Advocates of Contra Costa County,42356,False,False
court appointed special advocates for children of santa cruz county,within-tree,Court Appointed Special Advocates for Children of Santa Cruz County,42356,1,Court Appointed Special Advocates for Children of Santa Cruz County,42356,False,False
2 covenant house of california,within-tree,2- Covenant House of California,42424,1,2- Covenant House of California,42424,False,False
crime victims united california,within-tree,Crime Victims United California,42851,1,Crime Victims United California,42851,False,False
crime victims united of california cvuc,within-tree,CRIME VICTIMS UNITED OF CALIFORNIA (CVUC),42851,1,Crime Victims United of California (CVUC),42851,False,False
democrats for israel ca,within-tree,Democrats for Israel - CA,44892,1,Democrats for Israel - CA,44892,False,False
sb department of finance,within-tree,SB Department of Finance,45043,1,SB Department of Finance,45043,False,False
department of insurance,within-tree,Department of Insurance,45088,1,DEPARTMENT OF INSURANCE,45088,False,False
doi,within-tree,DOI,45088,1,DOI,45088,False,False
california department of insurance cdi,within-tree,California Department of Insurance (CDI),45088,1,CALIFORNIA DEPARTMENT OF INSURANCE (CDI),45088,False,False
california department of insurance sponsor,within-tree,California Department of Insurance / Sponsor,45088,1,California Department of Insurance - Sponsor,45088,False,False
ricardo lara insurance commissioner,within-tree,Ricardo Lara - Insurance Commissioner,45088,1,"Ricardo Lara, Insurance Commissioner",45088,False,False
insurance commissioner john garamendi,within-tree,Insurance Commissioner John Garamendi,45088,1,Insurance Commissioner John Garamendi,45088,False,False
insurance commissioner ricardo lara,within-tree,Insurance Commissioner Ricardo Lara,45088,1,INSURANCE COMMISSIONER RICARDO LARA,45088,False,False
insurance commissioner ricardo lara california department of insurance,within-tree,"Insurance Commissioner Ricardo Lara, California Department of Insurance",45088,1,Insurance Commissioner Ricardo Lara / California Department of Insurance,45088,False,False
california department of motor vehicles,within-tree,California Department of Motor Vehicles,45102,1,California Department of Motor Vehicles,45102,False,False
san joaquin county deputy sheriffs association,within-tree,SAN JOAQUIN COUNTY DEPUTY SHERIFFS ASSOCIATION,45245,1,San Joaquin County Deputy Sheriffs Association,45245,False,False
deputy sheriffs association of alameda county,within-tree,Deputy Sheriffs' Association of Alameda County,45245,1,Deputy Sheriff's Association of Alameda County,45245,False,False
santa barbara county deputy sheriffs association,within-tree,SANTA BARBARA COUNTY DEPUTY SHERIFFS' ASSOCIATION,45245,1,Santa Barbara County Deputy Sheriffs' Association,45245,False,False
desert aids project dba dap health,within-tree,Desert AIDS Project D/b/a Dap Health,45284,1,Desert Aids Project dba. DAP Health,45284,False,False
developmental disabilities board area xiii,within-tree,Developmental Disabilities Board - Area XIII,45517,1,Developmental Disabilities Board Area XIII,45517,False,False
dirfloortime coalition of california,within-tree,Dir/floortime Coalition of California,45919,1,DIR/Floortime Coalition of California,45919,False,False
the dirfloortime coalition of california,within-tree,The DIR/Floortime Coalition of California,45919,1,The DIR/Floortime Coalition of California,45919,False,False
office of the district attorney contra costa county,within-tree,"Office of the District Attorney, Contra Costa County",46205,1,Office of the District Attorney Contra Costa County,46205,False,False
alameda county district attorney,within-tree,Alameda County District Attorney,46205,3,Alameda County District Attorney,46205,False,False
alameda county district attorney nancy omalley,within-tree,Alameda County District Attorney Nancy O'Malley,46205,1,Alameda County District Attorney Nancy O'Malley,46205,False,False
alameda county office of the district attorney,within-tree,Alameda County Office of the District Attorney,46205,1,Alameda County Office of the District Attorney,46205,False,False
district attorney of alameda county,within-tree,District Attorney of Alameda County,46205,1,District Attorney of Alameda County,46205,False,False
contra costa county district attorney,within-tree,Contra Costa County District Attorney,46205,1,Contra Costa County District Attorney,46205,False,False
del norte county district attorney,within-tree,Del Norte County District Attorney,46205,1,Del Norte County District Attorney,46205,False,False
fresno county district attorneys office,within-tree,Fresno County District Attorneys Office,46205,1,Fresno County District Attorney's Office,46205,False,False
humboldt county district attorney,within-tree,Humboldt County District Attorney,46205,1,Humboldt County District Attorney,46205,False,False
kern county district attorney,within-tree,Kern County District Attorney,46205,1,Kern County District Attorney,46205,False,False
kern county district attorney lisa green,within-tree,"Kern County District Attorney, Lisa Green",46205,1,"Kern County District Attorney, Lisa Green",46205,False,False
district attorney kings county,within-tree,District Attorney - Kings County,46205,1,"District Attorney, Kings County",46205,False,False
los angeles district attorneys none to date office,within-tree,Los Angeles District Attorney's None to date Office,46205,1,Los Angeles District Attorney's None to date Office,46205,False,False
los angeles district attorneys office,within-tree,Los Angeles District Attorney's Office,46205,1,LOS ANGELES DISTRICT ATTORNEY'S OFFICE,46205,False,False
hon gil garcetti los angeles county district attorney,within-tree,"Hon. Gil Garcetti, Los Angeles County District Attorney",46205,1,"Hon. Gil Garcetti, Los Angeles County District Attorney",46205,False,False
merced county district attorney,within-tree,Merced County District Attorney,46205,1,Merced County District Attorney,46205,False,False
monterey county district attorney,within-tree,Monterey County District Attorney,46205,1,Monterey County District Attorney,46205,False,False
monterey county office of the district attorney,within-tree,Monterey County Office of the District Attorney,46205,1,Monterey County Office of the District Attorney,46205,False,False
napa county district attorney,within-tree,Napa County District Attorney,46205,1,Napa County District Attorney,46205,False,False
district attorney orange county,within-tree,"District Attorney, Orange County",46205,1,"District Attorney, Orange County",46205,False,False
orange county district attorney todd spitzer,within-tree,Orange County District Attorney Todd Spitzer,46205,1,Orange County District Attorney Todd Spitzer,46205,False,False
orange county district attorney tony rackauckas,within-tree,"Orange County District Attorney, Tony Rackauckas",46205,1,Orange County District Attorney Tony Rackauckas,46205,False,False
orange county district attorneys office,within-tree,ORANGE COUNTY DISTRICT ATTORNEY'S OFFICE,46205,3,Orange County District Attorney's Office,46205,False,False
county of riverside district attorneys office,within-tree,County of Riverside District Attorneys Office,46205,1,"County of Riverside, District Attorney's Office",46205,False,False
riverside county district attorney,within-tree,Riverside County District Attorney,46205,1,Riverside County District Attorney,46205,False,False
riverside county district attorney rod pacheco,within-tree,Riverside County District Attorney Rod Pacheco,46205,1,"Riverside County District Attorney, Rod Pacheco",46205,False,False
riverside district attorney,within-tree,Riverside District Attorney,46205,1,Riverside District Attorney,46205,False,False
riverside district attorneys office,within-tree,Riverside District Attorney's Office,46205,1,Riverside District Attorney's Office,46205,False,False
district attorney sacramento county,within-tree,"District Attorney, Sacramento County",46205,1,"District Attorney, Sacramento County",46205,False,False
district attorneys office of sacramento,within-tree,District Attorneys Office of Sacramento,46205,1,District Attorney's Office of Sacramento,46205,False,False
hon jan scully sacramento county district attorney,within-tree,"Hon. Jan Scully, Sacramento County District Attorney",46205,1,"Hon. Jan Scully, Sacramento County District Attorney",46205,False,False
office of the district attorney sacramento county,within-tree,"Office of the District Attorney, Sacramento County",46205,1,"Office of the District Attorney, Sacramento County",46205,False,False
sacramento county district attorney anne marie schubert,within-tree,"Sacramento County District Attorney, Anne Marie Schubert",46205,1,Sacramento County District Attorney Anne Marie Schubert,46205,False,False
sacramento county district attorney jan scully,within-tree,Sacramento County District Attorney Jan Scully,46205,1,Sacramento County District Attorney Jan Scully,46205,False,False
sacramento district attorney,within-tree,Sacramento District Attorney,46205,1,Sacramento District Attorney,46205,False,False
san bernardino county district attorney,within-tree,San Bernardino County District Attorney,46205,1,San Bernardino County District Attorney,46205,False,False
san bernardino county district attorney michael ramos,within-tree,San Bernardino County District Attorney Michael Ramos,46205,1,"San Bernardino County District Attorney, Michael Ramos",46205,False,False
san bernardino district attorney,within-tree,San Bernardino District Attorney,46205,1,San Bernardino District Attorney,46205,False,False
san bernardino district attorneys office,within-tree,San Bernardino District Attorney's Office,46205,1,San Bernardino District Attorney's Office,46205,False,False
bonnie m dumanis district attorney of san diego county,within-tree,"Bonnie M. Dumanis, District Attorney of San Diego County",46205,1,"Bonnie M. Dumanis, District Attorney of San Diego County",46205,False,False
office of the san diego county district attorney,within-tree,OFFICE OF THE SAN DIEGO COUNTY DISTRICT ATTORNEY,46205,1,Office of the San Diego County District Attorney,46205,False,False
san diego county district attorney bonnie m dumanis,within-tree,San Diego County District Attorney Bonnie M. Dumanis,46205,1,"San Diego County District Attorney, Bonnie M. Dumanis",46205,False,False
san diego county district attorneys office,within-tree,San Diego County District Attorneys Office,46205,1,San Diego County District Attorney's Office,46205,False,False
san diego district attorney,within-tree,San Diego District Attorney,46205,2,San Diego District Attorney,46205,False,False
brooke jenkins san francisco district attorney,within-tree,"Brooke Jenkins, San Francisco District Attorney",46205,1,"Brooke Jenkins, San Francisco District Attorney",46205,False,False
city and county of san francisco district attorney,within-tree,City and County of San Francisco District Attorney,46205,1,City and County of San Francisco District Attorney,46205,False,False
city and county of san francisco district attorney george gascon,within-tree,City and County of San Francisco District Attorney George Gascon,46205,1,"City and County of San Francisco District Attorney, George Gascon",46205,False,False
city and county of san francisco district attorneys office,within-tree,City and County of San Francisco District Attorney's Office,46205,1,"City and County of San Francisco, District Attorney's Office",46205,False,False
district attorney city and county of san francisco,within-tree,District Attorney City and County of San Francisco,46205,1,"District Attorney, City and County of San Francisco",46205,False,False
san francisco district attorney,within-tree,SAN FRANCISCO DISTRICT ATTORNEY,46205,1,San Francisco District Attorney,46205,False,False
san francisco district attorneys office,within-tree,SAN FRANCISCO DISTRICT ATTORNEY'S OFFICE,46205,1,San Francisco District Attorney's Office,46205,False,False
san francisco office of the district attorney,within-tree,San Francisco Office of the District Attorney,46205,1,San Francisco Office of the District Attorney,46205,False,False
san joaquin county district attorneys office,within-tree,SAN JOAQUIN COUNTY DISTRICT ATTORNEY'S OFFICE,46205,1,San Joaquin County District Attorney's Office,46205,False,False
san luis obispo district attorney,within-tree,San Luis Obispo District Attorney,46205,1,San Luis Obispo District Attorney,46205,False,False
san mateo county district attorney,within-tree,San Mateo County District Attorney,46205,1,San Mateo County District Attorney,46205,False,False
san mateo district attorney,within-tree,San Mateo District Attorney,46205,1,San Mateo District Attorney,46205,False,False
county of santa barbara district attorney,within-tree,County of Santa Barbara District Attorney,46205,1,"County of Santa Barbara, District Attorney",46205,False,False
santa barbara county district attorney,within-tree,Santa Barbara County District Attorney,46205,1,Santa Barbara County District Attorney,46205,False,False
santa barbara district attorney,within-tree,Santa Barbara District Attorney,46205,1,Santa Barbara District Attorney,46205,False,False
santa clara county district attorneyos office,within-tree,Santa Clara County District Attorneyos Office,46205,1,Santa Clara County District Attorneyos Office,46205,False,False
santa clara county district attorney,within-tree,Santa Clara County District Attorney,46205,1,Santa Clara County District Attorney,46205,False,False
santa clara district attorneys office,within-tree,Santa Clara District Attorneys Office,46205,1,Santa Clara District Attorney's Office,46205,False,False
santa cruz county district attorney,within-tree,Santa Cruz County District Attorney,46205,1,Santa Cruz County District Attorney,46205,False,False
shasta county district attorney,within-tree,Shasta County District Attorney,46205,1,Shasta County District Attorney,46205,False,False
stanislaus county district attorney,within-tree,Stanislaus County District Attorney,46205,2,Stanislaus County District Attorney,46205,False,False
district attorney trinity county,within-tree,District Attorney - Trinity County,46205,1,"District Attorney, Trinity County",46205,False,False
tulare county district attorney,within-tree,Tulare County District Attorney,46205,1,Tulare County District Attorney,46205,False,False
ventura county district attorneys office,within-tree,Ventura County District Attorneys Office,46205,1,Ventura County District Attorney's Office,46205,False,False
ventura district attorney,within-tree,Ventura District Attorney,46205,1,Ventura District Attorney,46205,False,False
earthjustice formerly the sierra club legal,within-tree,Earthjustice (formerly the Sierra Club Legal),47733,1,Earthjustice (formerly the Sierra Club Legal),47733,False,False
elders climate action northern california chapter,within-tree,Elders Climate Action Northern California Chapter,49389,1,Elders Climate Action Northern California Chapter,49389,False,False
elders climate action southern california chapter,within-tree,Elders Climate Action Southern California Chapter,49389,1,"Elders Climate Action, Southern California Chapter",49389,False,False
elders climate action eca northern california norcal and southern california socal chapters,within-tree,Elders Climate Action (ECA) Northern California (NORCAL) and Southern California (SOCAL) Chapters,49389,1,Elders Climate Action (ECA) Northern California (NORCAL) and Southern California (SOCAL) Chapters,49389,False,False
elders climate action eca northern california norcal and southerncalifornia socal chapters,within-tree,Elders Climate Action (ECA) Northern California (NORCAL) and Southerncalifornia (SOCAL) Chapters,49389,1,Elders Climate Action (ECA) Northern California (NORCAL) and Southerncalifornia (SOCAL) Chapters,49389,False,False
elders climate action nor cal and socal chapters,within-tree,Elders Climate Action Nor Cal and Socal Chapters,49389,1,Elders Climate Action Nor Cal and Socal Chapters,49389,False,False
elders climate action norcal and socal chapters,within-tree,Elders Climate Action Norcal and Socal Chapters,49389,1,"Elders Climate Action, NorCal and SoCal Chapters",49389,False,False
elders climate action nor cal chapter,within-tree,Elders Climate Action Nor Cal Chapter,49389,1,Elders Climate Action Nor Cal Chapter,49389,False,False
elders climate action norcal chapters,within-tree,Elders Climate Action NorCal Chapters,49389,1,"Elders Climate Action, NorCal Chapters",49389,False,False
elder climate action norcal,within-tree,"Elder Climate Action, NorCal",49389,1,"Elder Climate Action, NorCal",49389,False,False
elder climate action norcal chapter,within-tree,"Elder Climate Action, NorCal Chapter",49389,1,Elder Climate Action - NorCal Chapter,49389,False,False
elders climate action socal,within-tree,Elders Climate Action SoCal,49389,1,"Elders Climate Action, SoCal",49389,False,False
elders climate action socal chapter,within-tree,Elders Climate Action Socal Chapter,49389,1,Elders Climate Action - SoCal Chapter,49389,False,False
elders climate action socal chapters,within-tree,Elders Climate Action SoCal Chapters,49389,1,"Elders Climate Action, SoCal Chapters",49389,False,False
elder climate action socal chapter,within-tree,"Elder Climate Action, SoCal Chapter",49389,1,Elder Climate Action - SoCal Chapter,49389,False,False
election integrity project california inc,within-tree,"Election Integrity Project California, Inc.",49410,1,"Election Integrity Project California, Inc",49410,False,False
election integrity project of california,within-tree,Election Integrity Project of California,49410,1,Election Integrity Project of California,49410,False,False
emergency medical services administrators association of california emsaac,within-tree,Emergency Medical Services Administrators Association of California (EMSAAC),49877,1,Emergency Medical Services Administrators' Association of California (EMSAAC),49877,False,False
legal aid society employment law center,within-tree,Legal Aid Society- Employment Law Center,50091,1,Legal Aid Society Employment Law Center,50091,False,False
california escrow institute,within-tree,California Escrow Institute,51201,1,California Escrow Institute,51201,False,False
contra costas family economic security partnership,within-tree,Contra Costa's Family Economic Security Partnership,52453,1,Contra Costa's Family Economic Security Partnership,52453,False,False
fight crime invest in kids ca,within-tree,Fight Crime: Invest in Kids CA,53290,1,"FIGHT CRIME: Invest in Kids, CA",53290,False,False
kern county firefighters union inc,within-tree,Kern County Firefighters Union Inc,66740,1,"Kern County Firefighters Union, Inc",66740,False,False
first 5 ca,within-tree,First 5 CA,53587,1,First 5 CA,53587,False,False
physicians for social responsibility san francisco bay area,within-tree,Physicians for Social Responsibility- San Francisco Bay Area,95996,1,"Physicians for Social Responsibility, San Francisco - Bay Area",95996,False,False
fraternal order of police california,within-tree,Fraternal Order of Police California,55163,1,"Fraternal Order of Police, California",55163,False,False
girls incorporated of orange county,within-tree,Girls Incorporated of Orange County,57610,1,Girls Incorporated of Orange County,57610,False,False
gray panthers of california,within-tree,Gray Panthers of California,58978,1,Gray Panthers of California,58978,False,False
habitat for humanity california,within-tree,"Habitat for Humanity, California",60224,1,Habitat For Humanity California,60224,False,False
habitat for humanity of greater los angeles,within-tree,HABITAT FOR HUMANITY OF GREATER LOS ANGELES,60224,1,Habitat for Humanity of Greater Los Angeles,60224,False,False
habitat for humanity mercedstanislaus county,within-tree,"Habitat for Humanity, Merced/Stanislaus County",60224,1,"Habitat for Humanity, Merced/Stanislaus County",60224,False,False
habitat for humanity santa cruz county,within-tree,Habitat for Humanity Santa Cruz County,60224,1,Habitat for Humanity Santa Cruz County,60224,False,False
habitat for humanity riverside,within-tree,Habitat for Humanity Riverside,60224,2,Habitat for Humanity Riverside,60224,False,False
habitat for humanity of tulare county,within-tree,Habitat for Humanity of Tulare County,60224,2,Habitat for Humanity of Tulare County,60224,False,False
habitat for humanity greater fresno area,within-tree,Habitat for Humanity Greater Fresno Area,60224,2,"Habitat for Humanity, Greater Fresno Area",60224,False,False
east bay habitat for humanity,within-tree,East Bay Habitat for Humanity,60224,5,East Bay Habitat for Humanity,60224,False,False
habitat for humanity of visalia,within-tree,Habitat for Humanity of Visalia,60224,1,Habitat for Humanity of Visalia,60224,False,False
peninsula habitat for humanity,within-tree,Peninsula Habitat for Humanity,60224,1,Peninsula Habitat for Humanity,60224,False,False
habitat for humanity greater san francisco,within-tree,HABITAT FOR HUMANITY GREATER SAN FRANCISCO,60224,2,Habitat for Humanity Greater San Francisco,60224,False,False
habitat for humanity inland valley,within-tree,HABITAT FOR HUMANITY INLAND VALLEY,60224,1,Habitat for Humanity Inland Valley,60224,False,False
harvest power california llc,within-tree,"Harvest Power California, LLC",60835,1,"Harvest Power California, LLC",60835,False,False
health officers association of california hoac,within-tree,HEALTH OFFICERS ASSOCIATION OF CALIFORNIA (HOAC),61351,1,Health Officers Association of California (HOAC),61351,False,False
health officers association of ca,within-tree,Health Officers Association of CA,61351,1,Health Officers Association of CA,61351,False,False
health officers of california,within-tree,Health Officers of California,61351,1,Health Officers of California,61351,False,False
the health officers association of california,within-tree,THE HEALTH OFFICERS ASSOCIATION OF CALIFORNIA,61351,1,The Health Officers Association of California,61351,False,False
hearing healthcare providerscalifornia,within-tree,Hearing Healthcare Providers/California,61576,1,Hearing HealthCare Providers/California,61576,False,False
the hertz corp,within-tree,THE HERTZ CORP,62111,1,The Hertz Corp,62111,False,False
hoag hospital irvine,within-tree,Hoag Hospital Irvine,62748,1,Hoag Hospital Irvine,62748,False,False
humboldt unitarian universalist fellowships climate action campaign,within-tree,Humboldt Unitarian Universalist Fellowship's Climate Action Campaign,64390,1,Humboldt Unitarian Universalist Fellowship's Climate Action Campaign,64390,False,False
international brotherhood of electrical workers local 1245,within-tree,International Brotherhood of Electrical Workers Local 1245,66814,1,International Brotherhood of Electrical Workers - Local 1245,66814,False,False
indivisible castatestrong,within-tree,Indivisible CA-StateStrong,65521,1,Indivisible CA:Statestrong,65521,False,False
indivisible ca state strong,within-tree,Indivisible CA State Strong,65521,1,Indivisible CA: State Strong,65521,False,False
indivisible california state strong,within-tree,Indivisible California State Strong,65521,1,Indivisible California State Strong,65521,False,False
county of indivisible ca statestrong,within-tree,County of Indivisible CA Statestrong,65521,1,County of Indivisible CA Statestrong,65521,False,False
indivisible auburn ca,within-tree,Indivisible Auburn CA,65521,1,Indivisible Auburn CA,65521,False,False
indivisible ca37,within-tree,INDIVISIBLE CA-37,65521,4,Indivisible CA-37,65521,False,False
indivisible sacramento,within-tree,Indivisible - Sacramento,65521,1,Indivisible Sacramento,65521,False,False
indivisible san francisco,within-tree,Indivisible San Francisco,65521,1,Indivisible San Francisco,65521,False,False
indivisible sf,within-tree,Indivisible Sf,65521,1,Indivisible Sf,65521,False,False
indivisiblesf,within-tree,IndivisibleSF,65521,1,IndivisibleSF,65521,False,False
indivisible san jose,within-tree,Indivisible San Jose,65521,1,Indivisible San Jose,65521,False,False
indivisible south bay la,within-tree,Indivisible South Bay- LA,65521,1,Indivisible South Bay LA,65521,False,False
indivisible south bay,within-tree,Indivisible South Bay,65521,1,Indivisible South Bay,65521,False,False
indivisible yolo,within-tree,INDIVISIBLE YOLO,65521,2,Indivisible Yolo,65521,False,False
indivisibles of sherman oaks,within-tree,INDIVISIBLES OF SHERMAN OAKS,65521,7,Indivisibles of Sherman Oaks,65521,False,False
normal heights indivisible,within-tree,NORMAL HEIGHTS INDIVISIBLE,65521,4,Normal Heights Indivisible,65521,False,False
santa cruz indivisible,within-tree,SANTA CRUZ INDIVISIBLE,65521,2,Santa Cruz Indivisible,65521,False,False
the resistance northridgeindivisible,within-tree,THE RESISTANCE NORTHRIDGE-INDIVISIBLE,65521,1,The Resistance Northridge-Indivisible,65521,False,False
the resistance northridge indivisible,within-tree,The Resistance - Northridge Indivisible,65521,1,"The Resistance - Northridge, Indivisible",65521,False,False
northridge indivisible,within-tree,Northridge Indivisible,65521,1,Northridge Indivisible,65521,False,False
indivisible northridge,within-tree,Indivisible Northridge,65521,1,Indivisible Northridge,65521,False,False
indivisible 30keep sherman accountable,within-tree,Indivisible 30/Keep Sherman Accountable,65521,1,Indivisible 30/Keep Sherman Accountable,65521,False,False
indivisible 36,within-tree,Indivisible 36,65521,1,Indivisible 36,65521,False,False
indivisible 41,within-tree,Indivisible 41,65521,1,Indivisible 41,65521,False,False
indivisible 43,within-tree,Indivisible 43,65521,2,Indivisible 43,65521,False,False
indivisible 45,within-tree,Indivisible 45,65521,1,Indivisible 45,65521,False,False
indivisible 49,within-tree,Indivisible 49,65521,1,Indivisible 49,65521,False,False
indivisible alta pasadena,within-tree,Indivisible Alta Pasadena,65521,1,Indivisible Alta Pasadena,65521,False,False
indivisible beach cities,within-tree,Indivisible Beach Cities,65521,1,Indivisible Beach Cities,65521,False,False
indivisible california green team,within-tree,Indivisible California Green Team,65521,1,Indivisible California Green Team,65521,False,False
indivisible ca green team,within-tree,Indivisible CA Green Team,65521,1,Indivisible CA Green Team,65521,False,False
indivisible green team,within-tree,Indivisible Green Team,65521,1,Indivisible Green Team,65521,False,False
indivisible ca14,within-tree,Indivisible Ca-14,65521,2,Indivisible CA-14,65521,False,False
indivisible ca25 simi valley porter ranch,within-tree,Indivisible CA-25 Simi Valley Porter Ranch,65521,1,Indivisible CA-25 Simi Valley Porter Ranch,65521,False,False
indivisible ca25 simi valleyporter ranch,within-tree,Indivisible Ca-25 Simi Valley-porter Ranch,65521,1,Indivisible CA-25 Simi Valley-Porter Ranch,65521,False,False
indivisible ca25 simi valleyporter,within-tree,Indivisible CA-25 Simi Valley-Porter,65521,1,Indivisible CA-25 Simi Valley-Porter,65521,False,False
county of indivisible ca25 simi valleyporter ranch,within-tree,County of Indivisible CA-25 Simi Valley-Porter Ranch,65521,1,County of Indivisible CA-25 Simi Valley-Porter Ranch,65521,False,False
county of indivisible ca25 simi valley porter ranch,within-tree,County of Indivisible Ca-25 Simi Valley Porter Ranch,65521,1,County of Indivisible Ca-25 Simi Valley Porter Ranch,65521,False,False
indivisible ca29,within-tree,Indivisible CA-29,65521,1,Indivisible CA-29,65521,False,False
indivisible ca3,within-tree,Indivisible Ca-3,65521,3,Indivisible CA-3,65521,False,False
indivisible ca33,within-tree,Indivisible CA33,65521,5,Indivisible CA-33,65521,False,False
indivisible ca39,within-tree,Indivisible Ca-39,65521,5,Indivisible CA-39,65521,False,False
indivisible ca43,within-tree,Indivisible CA43,65521,5,Indivisible CA-43,65521,False,False
indivisible ca 45,within-tree,Indivisible CA 45,65521,1,Indivisible CA 45,65521,False,False
indivisible ca7,within-tree,Indivisible Ca-7,65521,3,Indivisible CA-7,65521,False,False
indivisible claremontinland valley,within-tree,Indivisible Claremont/Inland Valley,65521,1,Indivisible Claremont/Inland Valley,65521,False,False
indivisible claremont inland valley,within-tree,Indivisible Claremont / Inland Valley,65521,1,Indivisible Claremont / Inland Valley,65521,False,False
county of indivisible claremontinland valley,within-tree,County of Indivisible Claremont/Inland Valley,65521,1,County of Indivisible Claremont/Inland Valley,65521,False,False
cloverdale indivisible,within-tree,Cloverdale Indivisible,65521,1,Cloverdale Indivisible,65521,False,False
county of cloverdale indivisible,within-tree,County of Cloverdale Indivisible,65521,1,County of Cloverdale Indivisible,65521,False,False
indivisible colusa county,within-tree,Indivisible - Colusa County,65521,1,Indivisible Colusa County,65521,False,False
defending our future indivisible in ca,within-tree,Defending Our Future: Indivisible in CA,65521,1,Defending Our Future: Indivisible in CA,65521,False,False
defending our future indivisible ca 52,within-tree,Defending Our Future: Indivisible CA 52,65521,1,Defending Our Future: Indivisible CA 52,65521,False,False
defending our future indivisible in california,within-tree,Defending Our Future: Indivisible in California,65521,1,Defending Our Future: Indivisible in California,65521,False,False
indivisible eagle rock,within-tree,Indivisible Eagle Rock,65521,1,Indivisible Eagle Rock,65521,False,False
indivisible east bay,within-tree,Indivisible - East Bay,65521,1,Indivisible East Bay,65521,False,False
east valley indivisibles,within-tree,East Valley Indivisibles,65521,2,East Valley Indivisibles,65521,False,False
indivisible el dorado hills,within-tree,Indivisible El Dorado Hills,65521,2,Indivisible El Dorado Hills,65521,False,False
indivisible elmwood,within-tree,Indivisible Elmwood,65521,2,Indivisible Elmwood,65521,False,False
indivisible euclid,within-tree,Indivisible Euclid,65521,2,Indivisible Euclid,65521,False,False
indivisible ca 34 women,within-tree,Indivisible CA 34 Women,65521,1,Indivisible CA 34 Women,65521,False,False
hillcrest indivisible,within-tree,Hillcrest Indivisible,65521,1,Hillcrest Indivisible,65521,False,False
independent indivisible,within-tree,Independent Indivisible,65521,2,Independent Indivisible,65521,False,False
indian valley indivisibles,within-tree,Indian Valley Indivisibles,65521,3,Indian Valley Indivisibles,65521,False,False
livermore indivisible,within-tree,Livermore Indivisible,65521,1,Livermore Indivisible,65521,False,False
indivisible lorin,within-tree,Indivisible Lorin,65521,2,Indivisible Lorin,65521,False,False
indivisible los angeles,within-tree,Indivisible Los Angeles,65521,3,Indivisible Los Angeles,65521,False,False
indivisible manteca,within-tree,Indivisible Manteca,65521,2,Indivisible Manteca,65521,False,False
indivisible marin,within-tree,Indivisible Marin,65521,3,Indivisible Marin,65521,False,False
indivisible media city burbank,within-tree,Indivisible Media City Burbank,65521,4,Indivisible Media City Burbank,65521,False,False
indivisible mendocino,within-tree,"Indivisible, Mendocino",65521,1,Indivisible Mendocino,65521,False,False
indivisible napa,within-tree,Indivisible Napa,65521,1,Indivisible Napa,65521,False,False
indivisible north oakland resistance,within-tree,Indivisible North Oakland Resistance,65521,2,Indivisible North Oakland Resistance,65521,False,False
indivisible north san diego county,within-tree,Indivisible North San Diego County,65521,1,Indivisible North San Diego County,65521,False,False
indivisible oc 46,within-tree,Indivisible OC 46,65521,1,Indivisible OC 46,65521,False,False
indivisible oc 48,within-tree,Indivisible OC 48,65521,1,Indivisible OC 48,65521,False,False
orchard city indivisible,within-tree,Orchard City Indivisible,65521,2,Orchard City Indivisible,65521,False,False
indivisible petaluma,within-tree,Indivisible Petaluma,65521,1,Indivisible Petaluma,65521,False,False
indivisible resistance san diego,within-tree,Indivisible Resistance San Diego,65521,1,Indivisible Resistance San Diego,65521,False,False
indivisible resisters walnut creek,within-tree,Indivisible Resisters Walnut Creek,65521,1,Indivisible Resisters Walnut Creek,65521,False,False
indivisible riverside,within-tree,Indivisible Riverside,65521,1,Indivisible Riverside,65521,False,False
rooted in resistance indivisible,within-tree,Rooted in Resistance (Indivisible),65521,2,Rooted in Resistance (Indivisible),65521,False,False
indivisible ross valley,within-tree,Indivisible Ross Valley,65521,1,Indivisible Ross Valley,65521,False,False
ross valley indivisible,within-tree,Ross Valley Indivisible,65521,1,Ross Valley Indivisible,65521,False,False
indivisible san bernardino,within-tree,Indivisible San Bernardino,65521,1,Indivisible San Bernardino,65521,False,False
indivisible san diego,within-tree,Indivisible - San Diego,65521,1,Indivisible San Diego,65521,False,False
indivisible san diego central,within-tree,Indivisible - San Diego Central,65521,1,Indivisible: San Diego Central,65521,False,False
indivisible san diego centra,within-tree,Indivisible San Diego Centra,65521,1,Indivisible San Diego Centra,65521,False,False
indivisible san diego districts 5253,within-tree,Indivisible San Diego Districts 52/53,65521,1,Indivisible San Diego Districts 52/53,65521,False,False
san diego indivisible downtown,within-tree,San Diego Indivisible Downtown,65521,1,San Diego Indivisible Downtown,65521,False,False
sfv indivisible,within-tree,Sfv Indivisible,65521,3,SFV Indivisible,65521,False,False
indivisible san pedro,within-tree,Indivisible San Pedro,65521,1,Indivisible San Pedro,65521,False,False
indivisible santa barbara,within-tree,Indivisible Santa Barbara,65521,1,Indivisible Santa Barbara,65521,False,False
indivisible santa cruz county,within-tree,Indivisible Santa Cruz County,65521,1,Indivisible Santa Cruz County,65521,False,False
indivisible sausalito,within-tree,Indivisible Sausalito,65521,1,Indivisible Sausalito,65521,False,False
indivisible sebastopol,within-tree,Indivisible Sebastopol,65521,1,Indivisible Sebastopol,65521,False,False
indivisible sf peninsula and ca14,within-tree,Indivisible SF Peninsula and CA-14,65521,1,Indivisible SF Peninsula and CA-14,65521,False,False
indivisible peninsula and ca14,within-tree,Indivisible Peninsula and Ca-14,65521,1,Indivisible Peninsula and CA-14,65521,False,False
indivisible peninsulaca14,within-tree,Indivisible Peninsula/CA-14,65521,1,Indivisible Peninsula/CA-14,65521,False,False
indivisible sonoma county,within-tree,"Indivisible, Sonoma County",65521,1,Indivisible Sonoma County,65521,False,False
stand strong la indivisible,within-tree,Stand Strong LA Indivisible,65521,1,Stand Strong LA Indivisible,65521,False,False
indivisible stand strong la,within-tree,Indivisible Stand Strong LA,65521,1,Indivisible Stand Strong LA,65521,False,False
indivisible stanislaus,within-tree,Indivisible Stanislaus,65521,1,Indivisible Stanislaus,65521,False,False
indivisible suffragists,within-tree,Indivisible Suffragists,65521,1,Indivisible Suffragists,65521,False,False
tehama indivisible,within-tree,Tehama Indivisible,65521,1,Tehama Indivisible,65521,False,False
twwindivisible los gatos,within-tree,TWW/Indivisible Los Gatos,65521,1,TWW/Indivisible - Los Gatos,65521,False,False
indivisible los gatos,within-tree,Indivisible Los Gatos,65521,1,Indivisible Los Gatos,65521,False,False
vallejobenicia indivisible,within-tree,Vallejo-Benicia Indivisible,65521,1,Vallejo-benicia Indivisible,65521,False,False
indivisible ventura,within-tree,Indivisible - Ventura,65521,1,Indivisible Ventura,65521,False,False
indivisible watu,within-tree,Indivisible - Watu,65521,1,Indivisible Watu,65521,False,False
indivisible west marin,within-tree,Indivisible West Marin,65521,1,Indivisible West Marin,65521,False,False
indivisible westside la,within-tree,Indivisible Westside LA,65521,3,Indivisible Westside L.a,65521,False,False
indivisible windsor,within-tree,Indivisible Windsor,65521,1,Indivisible Windsor,65521,False,False
yalla indivisible,within-tree,Yalla Indivisible,65521,1,Yalla Indivisible,65521,False,False
indivisible california,within-tree,Indivisible California,65521,1,Indivisible California,65521,False,False
county of los angeles interagency council on child abuse and neglect,within-tree,County of Los Angeles Inter-Agency Council on Child Abuse and Neglect,66504,1,County of Los Angeles Inter-Agency Council on Child Abuse and Neglect,66504,False,False
los angeles county interagency council on child abuse and neglect,within-tree,Los Angeles County Inter-agency Council on Child Abuse and Neglect,66504,1,Los Angeles County Inter-agency Council on Child Abuse and Neglect,66504,False,False
california international alliance of theatrical stage employees council,within-tree,California International Alliance of Theatrical Stage Employees Council,66700,1,California International Alliance of Theatrical Stage Employees Council,66700,False,False
iatse local 119,within-tree,IATSE Local 119,66700,1,IATSE Local 119,66700,False,False
iatse local 122,within-tree,Iatse Local 122,66700,1,Iatse Local 122,66700,False,False
iatse local 16,within-tree,Iatse Local 16,66700,1,IATSE Local 16,66700,False,False
iatse local 16 san francisco,within-tree,"IATSE Local 16, San Francisco",66700,1,IATSE Local 16: San Francisco,66700,False,False
iatse local 16 san francisco bay area,within-tree,IATSE Local 16 -San Francisco Bay Area,66700,1,IATSE Local 16 -San Francisco Bay Area,66700,False,False
iatse local 44,within-tree,IATSE Local 44,66700,1,IATSE Local 44,66700,False,False
iatse local 44 affiliated property craftspersons,within-tree,"IATSE Local 44, Affiliated Property Craftspersons",66700,1,IATSE Local 44 Affiliated Property Craftspersons,66700,False,False
iatse local 504 orange county,within-tree,IATSE Local 504 - Orange County,66700,1,IATSE Local 504: Orange County,66700,False,False
iatse local 504 stagehands,within-tree,IATSE Local 504 - Stagehands,66700,1,IATSE Local 504 - Stagehands,66700,False,False
iatse local 600 international cinematographers guild,within-tree,IATSE Local 600 - International Cinematographers Guild,66700,1,"IATSE Local 600, International Cinematographers Guild",66700,False,False
iatse local 600 international cimematographers guild,within-tree,IATSE Local 600 - International Cimematographers Guild,66700,1,IATSE Local 600 - International Cimematographers Guild,66700,False,False
iatse local 695 sound technicians television engineers video assist,within-tree,"IATSE Local 695 - Sound Technicians, Television Engineers, Video Assist",66700,1,"IATSE Local 695 - Sound Technicians, Television Engineers, Video Assist",66700,False,False
iatse local 695,within-tree,Iatse Local 695,66700,1,IATSE Local 695,66700,False,False
iatse local 700,within-tree,IATSE Local 700,66700,1,IATSE Local 700,66700,False,False
iatse local 705 motion picture costumers,within-tree,IATSE Local 705 - Motion Picture Costumers,66700,1,"IATSE Local 705, Motion Picture Costumers",66700,False,False
iatse local 705,within-tree,"IATSE, Local 705",66700,1,IATSE Local 705,66700,False,False
iatse local 706,within-tree,IATSE Local 706,66700,1,I.A.T.S.E. Local 706,66700,False,False
iatse local 706 make up artists hair stylists guild,within-tree,IATSE Local 706 - Make Up Artists & Hair Stylists Guild,66700,1,IATSE Local 706 - Make Up Artists & Hair Stylists Guild,66700,False,False
iatse local 706 makeup artists and hair stylists guild,within-tree,IATSE Local 706 - Make-up Artists and Hair Stylists Guild,66700,1,IATSE Local 706 - Make-up Artists and Hair Stylists Guild,66700,False,False
iatse local 728,within-tree,"IATSE, Local 728",66700,1,IATSE Local 728,66700,False,False
iatse local 728 studio electrical lighting technicians,within-tree,"IATSE Local 728, Studio Electrical Lighting Technicians",66700,1,IATSE Local 728 - Studio Electrical Lighting Technicians,66700,False,False
iatse local 729,within-tree,Iatse Local 729,66700,1,IATSE Local 729,66700,False,False
iatse local 729 motion picture set painters and signwriters,within-tree,IATSE Local 729 - Motion Picture Set Painters and Sign-Writers,66700,1,IATSE Local 729 - Motion Picture Set Painters and Sign-Writers,66700,False,False
iatse local 729 motion picture set painters signwriters,within-tree,IATSE Local 729 Motion Picture Set Painters & Sign-Writers,66700,1,I.A.T.S.E. Local 729 Motion Picture Set Painters & Sign-Writers,66700,False,False
international alliance of theatrical stage employees local 80,within-tree,International Alliance of Theatrical Stage Employees Local 80,66700,1,International Alliance of Theatrical Stage Employees Local 80,66700,False,False
iatse local 80 motion picture studio gripscrafts service,within-tree,IATSE Local 80 - Motion Picture Studio Grips/Crafts Service,66700,1,IATSE Local 80 - Motion Picture Studio Grips/Crafts Service,66700,False,False
iatse local 80,within-tree,Iatse Local 80,66700,1,IATSE Local 80,66700,False,False
iatse local 80 film and television technicians,within-tree,IATSE Local 80 - Film and Television Technicians,66700,1,IATSE Local 80 - Film and Television Technicians,66700,False,False
international alliance of theatrical state employees local 80,within-tree,"International Alliance of Theatrical State Employees, Local 80",66700,1,International Alliance of Theatrical State Employees Local 80,66700,False,False
iatse local 800 art directors guild,within-tree,IATSE Local 800 - Art Directors Guild,66700,1,IATSE Local 800 - Art Directors Guild,66700,False,False
iatse local 839 the animation guild,within-tree,IATSE Local 839 - The Animation Guild,66700,1,IATSE Local 839 - The Animation Guild,66700,False,False
iatse local 839 animation guild,within-tree,IATSE Local 839 - Animation Guild,66700,1,"IATSE Local 839, Animation Guild",66700,False,False
iatse local 857 treasurers ticket sellers,within-tree,IATSE Local 857 - Treasurers & Ticket Sellers,66700,1,IATSE Local 857 Treasurers & Ticket Sellers,66700,False,False
iatse local 884,within-tree,Iatse Local 884,66700,1,IATSE Local 884,66700,False,False
iatse local 892,within-tree,IATSE Local 892,66700,1,Iatse Local 892,66700,False,False
iatse local 892 costume designers guild,within-tree,IATSE Local 892 - Costume Designers Guild,66700,1,IATSE Local 892 - Costume Designers Guild,66700,False,False
kern county fire fighters,within-tree,Kern County Fire Fighters,66740,26,Kern County Fire Fighters,66740,False,False
orange county professional firefighters association iaff local 3631,within-tree,"Orange County Professional Firefighters Association, IAFF Local 3631",66740,1,Orange County Professional Firefighters Association IAFF Local 3631,66740,False,False
orange county professional firefighters association iaff,within-tree,Orange County Professional Firefighters Association IAFF,66740,1,"Orange County Professional Firefighters Association, IAFF",66740,False,False
orange county professional firefighters local 3631,within-tree,"Orange County Professional Firefighters, Local 3631",66740,1,Orange County Professional Firefighters Local 3631,66740,False,False
iaff local 3631,within-tree,IAFF Local 3631,66740,1,IAFF Local 3631,66740,False,False
los angeles county fire fighters local 1014,within-tree,Los Angeles County Fire Fighters Local 1014,66740,1,"Los Angeles County Fire Fighters, Local 1014",66740,False,False
los angeles county firefighters,within-tree,Los Angeles County Firefighters,66740,1,Los Angeles County Firefighters,66740,False,False
san francisco fire fighters local 798,within-tree,San Francisco Fire Fighters Local 798,66740,1,"San Francisco Fire Fighters, Local 798",66740,False,False
san francisco firefighters,within-tree,San Francisco Firefighters,66740,1,San Francisco Firefighters,66740,False,False
san francisco firefighters local 798,within-tree,"San Francisco Firefighters, Local 798",66740,1,"San Francisco Firefighters, Local 798",66740,False,False
marin professional firefighters,within-tree,Marin Professional Firefighters,66740,1,Marin Professional Firefighters,66740,False,False
long beach fire fighters,within-tree,Long Beach Fire Fighters,66740,8,Long Beach Fire Fighters,66740,False,False
sacramento area firefighters local 522,within-tree,Sacramento Area Firefighters Local 522,66740,1,"Sacramento Area Firefighters, Local 522",66740,False,False
ventura county professional firefighters association local 1364,within-tree,Ventura County Professional Firefighters Association Local 1364,66740,1,Ventura County Professional Firefighters Association Local 1364,66740,False,False
contra costa county professional firefighters local 1230,within-tree,Contra Costa County Professional Firefighters Local 1230,66740,1,"Contra Costa County Professional Firefighters, Local 1230",66740,False,False
torrance firefighters local 1138,within-tree,"Torrance Firefighters, Local 1138",66740,1,Torrance Firefighters Local 1138,66740,False,False
pasadena fire fighters local 809,within-tree,Pasadena Fire Fighters Local 809,66740,1,"Pasadena Fire Fighters, Local 809",66740,False,False
stockton professional firefighters,within-tree,Stockton Professional Firefighters,66740,1,Stockton Professional Firefighters,66740,False,False
stockton professional firefighters local 456,within-tree,"Stockton Professional Firefighters, Local 456",66740,1,Stockton Professional Firefighters Local 456,66740,False,False
san bernardino county firefighters local 935,within-tree,San Bernardino County Firefighters Local 935,66740,1,San Bernardino County Firefighters Local 935,66740,False,False
san bernardino county professional firefighters,within-tree,San Bernardino County Professional Firefighters,66740,1,San Bernardino County Professional Firefighters,66740,False,False
san bernardino county professional firefighters local 935,within-tree,"San Bernardino County Professional Firefighters, Local 935",66740,1,"San Bernardino County Professional Firefighters, Local 935",66740,False,False
san jose fire fighters,within-tree,San Jose Fire Fighters,66740,1,San Jose Fire Fighters,66740,False,False
san jose fire fighters local 230,within-tree,San Jose Fire Fighters Local 230,66740,1,San Jose Fire Fighters Local 230,66740,False,False
national city firefighters,within-tree,National City Firefighters,66740,1,National City Firefighters,66740,False,False
national city firefighters local 2744,within-tree,"National City Firefighters, Local 2744",66740,1,"National City Firefighters, Local 2744",66740,False,False
national city fire fighters local 2744,within-tree,"National City Fire Fighters, Local 2744",66740,1,"National City Fire Fighters, Local 2744",66740,False,False
national city firefighters association local 2744,within-tree,"National City Firefighters Association, Local 2744",66740,1,"National City Firefighters Association, Local 2744",66740,False,False
santa clara county fire fighters,within-tree,Santa Clara County Fire Fighters,66740,9,Santa Clara County Fire Fighters,66740,False,False
redlands professional firefighters association local 1354,within-tree,Redlands Professional Firefighters Association Local 1354,66740,1,Redlands Professional Firefighters Association Local 1354,66740,False,False
modesto city firefighters local 1289,within-tree,"Modesto City Firefighters, Local 1289",66740,1,Modesto City Firefighters Local 1289,66740,False,False
modesto city fire fighters association,within-tree,Modesto City Fire Fighters Association,66740,1,Modesto City Fire Fighters Association,66740,False,False
modesto city fire fighters association local 1289,within-tree,"Modesto City Fire Fighters Association, Local 1289",66740,1,Modesto City Fire Fighters Association (Local 1289),66740,False,False
monrovia firefighters local 2415,within-tree,Monrovia Firefighters Local 2415,66740,1,Monrovia Firefighters Local 2415,66740,False,False
monterey firefighters association local 3707,within-tree,Monterey Firefighters Association Local 3707,66740,1,Monterey Firefighters Association Local 3707,66740,False,False
vista firefighters association local 4107,within-tree,"Vista Firefighters Association, Local 4107",66740,1,Vista Firefighters Association Local 4107,66740,False,False
salinas fire fighters local 1270,within-tree,Salinas Fire Fighters Local 1270,66740,1,Salinas Fire Fighters Local 1270,66740,False,False
santa fe springs firefighters local 3507,within-tree,Santa Fe Springs Firefighters Local 3507,66740,1,Santa Fe Springs Firefighters Local 3507,66740,False,False
hayward firefighters local 1909,within-tree,Hayward Firefighters Local 1909,66740,1,"Hayward Firefighters, Local 1909",66740,False,False
oakland firefighters local 55,within-tree,Oakland Firefighters Local 55,66740,1,Oakland Firefighters Local 55,66740,False,False
alameda city firefighters local 689,within-tree,"Alameda City Firefighters, Local 689",66740,1,Alameda City Firefighters Local 689,66740,False,False
costa mesa firefighters local 1465,within-tree,Costa Mesa Firefighters Local 1465,66740,1,Costa Mesa Firefighters Local 1465,66740,False,False
corona firefighters association local 3757,within-tree,Corona Firefighters Association Local 3757,66740,1,Corona Firefighters Association Local 3757,66740,False,False
ontario professional firefighters,within-tree,Ontario Professional Firefighters,66740,1,Ontario Professional Firefighters,66740,False,False
ontario professional firefighters local 1430,within-tree,Ontario Professional Firefighters Local 1430,66740,1,"Ontario Professional Firefighters, Local 1430",66740,False,False
san miguel firefighters local 1434,within-tree,"San Miguel Firefighters, Local 1434",66740,1,"San Miguel Firefighters, Local 1434",66740,False,False
chula vista firefighters local 2180,within-tree,Chula Vista Firefighters Local 2180,66740,2,Chula Vista Firefighters Local 2180,66740,False,False
lathropmanteca firefighters local 4317,within-tree,Lathrop-Manteca Firefighters Local 4317,66740,1,Lathrop-Manteca Firefighters Local 4317,66740,False,False
glendale professional firefighters local 776,within-tree,"Glendale Professional Firefighters, Local 776",66740,1,Glendale Professional Firefighters Local 776,66740,False,False
nevada county professional firefighters local 3800,within-tree,Nevada County Professional Firefighters Local 3800,66740,1,Nevada County Professional Firefighters Local 3800,66740,False,False
valley center firefighters local 5187,within-tree,Valley Center Firefighters Local 5187,66740,1,Valley Center Firefighters Local 5187,66740,False,False
san mateo county firefighters iaff local 2400,within-tree,"San Mateo County Firefighters, IAFF Local 2400",66740,1,"San Mateo County Firefighters, IAFF Local 2400",66740,False,False
san mateo county firefighters,within-tree,San Mateo County Firefighters,66740,1,San Mateo County Firefighters,66740,False,False
alameda county firefighters local 55,within-tree,"Alameda County Firefighters, Local 55",66740,1,Alameda County Firefighters Local 55,66740,False,False
international association of fire fighters local 55,within-tree,International Association of Fire Fighters - Local 55,66740,1,International Association of Fire Fighters Local 55,66740,False,False
international association of firefighters local 55,within-tree,International Association of Firefighters - Local 55,66740,1,"International Association of Firefighters, Local 55",66740,False,False
davis professional firefighters association local 3494,within-tree,Davis Professional Firefighters Association Local 3494,66740,1,Davis Professional Firefighters Association Local 3494,66740,False,False
san diego city fire fighters local 145,within-tree,"San Diego City Fire Fighters, Local 145",66740,2,"San Diego City Fire Fighters, Local 145",66740,False,False
san luis obispo city firefighters local 3523,within-tree,"San Luis Obispo City Firefighters, Local 3523",66740,1,"San Luis Obispo City Firefighters, Local 3523",66740,False,False
santa barbara city firefighters association local 525,within-tree,Santa Barbara City Firefighters Association Local 525,66740,1,"Santa Barbara City Firefighters Association, Local 525",66740,False,False
palo alto professional firefighters local 1319,within-tree,"Palo Alto Professional Firefighters, Local 1319",66740,1,"Palo Alto Professional Firefighters, Local 1319",66740,False,False
union city firefighters local 1946,within-tree,Union City Firefighters Local 1946,66740,1,"Union City Firefighters, Local 1946",66740,False,False
united fire fighters,within-tree,United Fire Fighters,66740,17,UNITED Fire Fighters,66740,False,False
san marcos firefighters association local 4184,within-tree,"San Marcos Firefighters Association, Local 4184",66740,1,San Marcos Firefighters Association Local 4184,66740,False,False
santa rosa firefighters local 1401,within-tree,"Santa Rosa Firefighters, Local 1401",66740,1,"Santa Rosa Firefighters, Local 1401",66740,False,False
santa clara city fire fighters,within-tree,Santa Clara City Fire Fighters,66740,5,Santa Clara City Fire Fighters,66740,False,False
escondido firefighters local 3842,within-tree,Escondido Firefighters Local 3842,66740,1,"Escondido Firefighters, Local 3842",66740,False,False
santa barbara county firefighters local 2046,within-tree,"Santa Barbara County Firefighters, Local 2046",66740,1,"Santa Barbara County Firefighters, Local 2046",66740,False,False
newport beach firefighters association local 3734,within-tree,"Newport Beach Firefighters Association, Local 3734",66740,1,"Newport Beach Firefighters Association, Local 3734",66740,False,False
san luis obispo firefighters association,within-tree,San Luis Obispo Firefighters Association,66740,1,San Luis Obispo Firefighters Association,66740,False,False
norco firefighters,within-tree,Norco Firefighters,66740,1,Norco Firefighters,66740,False,False
watsonville professional firefighters local 1272,within-tree,"Watsonville Professional Firefighters, Local 1272",66740,1,"Watsonville Professional Firefighters, Local 1272",66740,False,False
culver city fire fighters local 1927,within-tree,Culver City Fire Fighters Local 1927,66740,1,Culver City Fire Fighters Local 1927,66740,False,False
california professional firefighers,within-tree,California Professional Firefighers,66740,1,California Professional Firefighers,66740,False,False
california professional firefights,within-tree,California Professional Firefights,66740,1,California Professional Firefights,66740,False,False
cdf firefighters local 2881,within-tree,CDF Firefighters Local 2881,66740,1,CDF Firefighters Local 2881,66740,False,False
smart transportation division california state legislative board,within-tree,SMART - Transportation Division California State Legislative Board,66773,1,"SMART - Transportation Division, California State Legislative Board",66773,False,False
california state legislative board sheet metal air rail and transportation workers transportation diivsion smarttd,within-tree,"California State Legislative Board, Sheet Metal, Air, Rail and Transportation Workers - Transportation Diivsion (SMART-TD)",66773,1,"California State Legislative Board, Sheet Metal, Air, Rail and Transportation Workers - Transportation Diivsion (SMART-TD)",66773,False,False
california state legislative board of the sheet metal air rail and transportation workers,within-tree,"California State Legislative Board of the Sheet Metal, Air, Rail and Transportation Workers",66773,1,"California State Legislative Board of The Sheet Metal, Air, Rail and Transportation Workers",66773,False,False
california state legislative board of the sheet metal air rail and transportation workers transportation division,within-tree,"CALIFORNIA STATE LEGISLATIVE BOARD OF THE SHEET METAL, AIR, RAIL AND TRANSPORTATION WORKERS - TRANSPORTATION DIVISION",66773,1,"California State Legislative Board of the Sheet Metal, Air, Rail and Transportation Workers - Transportation Division",66773,False,False
california state legislative board sheet metal air rail and transportation workers transportation division,within-tree,"California State Legislative Board, Sheet Metal Air Rail and Transportation Workers - Transportation Division",66773,1,"California State Legislative Board, Sheet Metal, Air, Rail and Transportation Workers, Transportation Division",66773,False,False
california state legislative board sheet metal air rail and transportation workers td,within-tree,"California State Legislative Board, Sheet Metal, Air, Rail and Transportation Workers - TD",66773,1,"California State Legislative Board, Sheet Metal, Air, Rail and Transportation Workers - TD",66773,False,False
california state legislative board of the sheet metal air rail and transportation workers transportation division smarttd,within-tree,"CALIFORNIA STATE LEGISLATIVE BOARD OF THE SHEET METAL, AIR, RAIL AND TRANSPORTATION WORKERS - TRANSPORTATION DIVISION (SMART-TD)",66773,1,"California State Legislative Board of the Sheet Metal, Air, Rail and Transportation Workers - Transportation Division (SMART-TD)",66773,False,False
ibew local 6,within-tree,IBEW Local 6,66814,3,IBEW Local 6,66814,False,False
ibew local 11,within-tree,IBEW Local 11,66814,7,IBEW Local 11,66814,False,False
international brotherhood of electrical workers local 18,within-tree,International Brotherhood of Electrical Workers Local 18,66814,1,"International Brotherhood of Electrical Workers, Local 18",66814,False,False
international brotherhood of electrical workers local 40,within-tree,International Brotherhood of Electrical Workers Local 40,66814,1,International Brotherhood of Electrical Workers Local 40,66814,False,False
ibew local 45,within-tree,IBEW Local 45,66814,6,"IBEW, Local 45",66814,False,False
ibew local 47,within-tree,IBEW Local 47,66814,3,IBEW - Local 47,66814,False,False
international brotherhood of electrical workers local 100,within-tree,International Brotherhood of Electrical Workers Local 100,66814,1,International Brotherhood of Electrical Workers Local 100,66814,False,False
international brotherhood of electrical workers local 180 napasolano,within-tree,International Brotherhood of Electrical Workers Local 180 (Napa/Solano),66814,1,"International Brotherhood of Electrical Workers, Local 180 (Napa/Solano)",66814,False,False
international brotherhood of electrical workers local 180,within-tree,International Brotherhood of Electrical Workers Local 180,66814,1,International Brotherhood of Electrical Workers Local 180,66814,False,False
international brotherhood of electrical workers local 234,within-tree,International Brotherhood of Electrical Workers Local 234,66814,1,International Brotherhood of Electrical Workers Local 234,66814,False,False
ibew local 302,within-tree,IBEW Local 302,66814,4,IBEW Local 302,66814,False,False
ibew local 332,within-tree,IBEW Local 332,66814,3,IBEW Local 332,66814,False,False
ibew local 340,within-tree,IBEW Local 340,66814,6,IBEW Local 340,66814,False,False
international brotherhood of electrical workers local 413,within-tree,International Brotherhood of Electrical Workers Local 413,66814,1,International Brotherhood of Electrical Workers Local 413,66814,False,False
international brotherhood of electrical workers local 428,within-tree,International Brotherhood of Electrical Workers Local 428,66814,1,"International Brotherhood of Electrical Workers, Local 428",66814,False,False
international brotherhood of electrical workers local 440,within-tree,International Brotherhood of Electrical Workers Local 440,66814,1,International Brotherhood of Electrical Workers Local 440,66814,False,False
ibew local 441,within-tree,IBEW Local 441,66814,6,IBEW - Local 441,66814,False,False
international brotherhood of electrical workers local 465,within-tree,International Brotherhood of Electrical Workers Local 465,66814,1,International Brotherhood of Electrical Workers Local 465,66814,False,False
ibew local 551,within-tree,IBEW Local 551,66814,6,IBEW Local 551,66814,False,False
ibew local 569,within-tree,IBEW Local 569,66814,10,IBEW Local 569,66814,False,False
international brotherhood of electrical workers local 595,within-tree,International Brotherhood of Electrical Workers Local 595,66814,1,"International Brotherhood of Electrical Workers, Local 595",66814,False,False
international brotherhood of electrical workers local 595 dublin,within-tree,"International Brotherhood of Electrical Workers, Local 595 (Dublin)",66814,1,"International Brotherhood of Electrical Workers Local 595, Dublin",66814,False,False
international brotherhood of electrical workers local 617 san mateo,within-tree,International Brotherhood of Electrical Workers Local 617 (San Mateo),66814,1,"International Brotherhood of Electrical Workers, Local 617 (San Mateo)",66814,False,False
international brotherhood of electrical workers local 617,within-tree,International Brotherhood of Electrical Workers Local 617,66814,1,"International Brotherhood of Electrical Workers, Local 617",66814,False,False
international brotherhood of electrical workers local 639,within-tree,International Brotherhood of Electrical Workers Local 639,66814,1,International Brotherhood of Electrical Workers - Local 639,66814,False,False
international brotherhood of electrical workers local 659,within-tree,"International Brotherhood of Electrical Workers, Local 659",66814,1,"International Brotherhood of Electrical Workers, Local 659",66814,False,False
ibew local 684,within-tree,IBEW Local 684,66814,3,IBEW Local 684,66814,False,False
international brotherhood of electrical workers local 952,within-tree,International Brotherhood of Electrical Workers Local 952,66814,1,International Brotherhood of Electrical Workers Local 952,66814,False,False
ibew local 1245,within-tree,IBEW Local 1245,66814,2,IBEW - Local 1245,66814,False,False
ibew local 2295,within-tree,IBEW Local 2295,66814,2,IBEW Local 2295,66814,False,False
teamsters local 70,within-tree,Teamsters Local 70,66855,2,Teamsters Local 70,66855,False,False
teamsters local 137,within-tree,Teamsters Local 137,66855,3,Teamsters Local 137,66855,False,False
teamsters local 350,within-tree,Teamsters Local 350,66855,2,Teamsters Local 350,66855,False,False
teamsters local 386,within-tree,Teamsters Local 386,66855,3,Teamsters Local 386,66855,False,False
teamsters local 517,within-tree,Teamsters Local 517,66855,1,Teamsters Local 517,66855,False,False
teamsters local 665,within-tree,Teamsters Local 665,66855,1,Teamsters Local 665,66855,False,False
teamsters local 853,within-tree,Teamsters Local 853,66855,2,Teamsters Local 853,66855,False,False
teamsters local 856,within-tree,Teamsters Local 856,66855,2,Teamsters Local 856,66855,False,False
teamsters local 890,within-tree,Teamsters Local 890,66855,5,Teamsters Local 890,66855,False,False
teamsters local 166,within-tree,Teamsters Local 166,66855,1,Teamsters Local 166,66855,False,False
teamsters local 396,within-tree,Teamsters Local 396,66855,2,Teamsters Local 396,66855,False,False
studio transportation drivers teamsters local 399,within-tree,Studio Transportation Drivers Teamsters Local 399,66855,1,Studio Transportation Drivers Teamsters Local 399,66855,False,False
international brotherhood of teamsters local 399,within-tree,"International Brotherhood of Teamsters, Local 399",66855,1,"International Brotherhood of Teamsters, Local 399",66855,False,False
teamsters local 481,within-tree,Teamsters Local 481,66855,1,Teamsters Local 481,66855,False,False
teamsters local 572,within-tree,Teamsters Local 572,66855,1,Teamsters Local 572,66855,False,False
teamsters local 630,within-tree,Teamsters Local 630,66855,2,Teamsters Local 630,66855,False,False
teamsters local 986,within-tree,Teamsters Local 986,66855,2,Teamsters Local 986,66855,False,False
teamsters local 1932,within-tree,Teamsters Local 1932,66855,1,Teamsters Local 1932,66855,False,False
teamsters local 2010,within-tree,Teamsters Local 2010,66855,1,Teamsters Local 2010,66855,False,False
teamsters joint council 42 teamsters,within-tree,Teamsters Joint Council 42 Teamsters,66855,1,Teamsters Joint Council 42 Teamsters,66855,False,False
teamsters union local 601,within-tree,Teamsters Union Local 601,66855,1,Teamsters Union Local 601,66855,False,False
ship clerks association ilwu local 34,within-tree,Ship Clerks Association ILWU Local 34,67048,1,Ship Clerks' Association -ILWU Local 34,67048,False,False
international longshore and warehouse union northern california district,within-tree,"International Longshore and Warehouse Union, Northern California District",67048,1,"International Longshore and Warehouse Union, Northern California District",67048,False,False
international longshore and warehouse union northern california district council,within-tree,"International Longshore and Warehouse Union, Northern California District Council",67048,1,"International Longshore and Warehouse Union, Northern California District Council",67048,False,False
northern california district council international longshore and warehouse union,within-tree,Northern California District Council - International Longshore and Warehouse Union,67048,1,"Northern California. District Council, International Longshore and Warehouse Union",67048,False,False
northern california district council of the international longshore and warehouse union ilwu,within-tree,Northern California District Council of the International Longshore and Warehouse Union (ILWU),67048,1,Northern California District Council of The International Longshore and Warehouse Union (ILWU),67048,False,False
ilwu northern california district council,within-tree,ILWU Northern California District Council,67048,1,"ILWU, Northern California District Council",67048,False,False
northern california district council ilwu,within-tree,Northern California District Council ILWU,67048,1,Northern California District Council -ILWU,67048,False,False
japanese american citizens league northern californiawestern nevadapacific,within-tree,Japanese American Citizens League (Northern California-Western Nevada-Pacific),68301,1,"Japanese American Citizens League, Northern California-Western Nevada-Pacific",68301,False,False
japanese american citizens league northern californiawestern,within-tree,Japanese American Citizens League (Northern California-Western),68301,1,"Japanese American Citizens League, Northern California-Western",68301,False,False
japanese american citizens league northern,within-tree,Japanese American Citizens League (Northern),68301,1,"Japanese American Citizens League, Northern",68301,False,False
japanese american citizens league northern californiaw nevadapacific district,within-tree,"Japanese American Citizens League, Northern California-w. Nevada-pacific District",68301,1,"Japanese American Citizens League, Northern California-W. Nevada-Pacific District",68301,False,False
japanese american citizens league northern californiawestern nevada,within-tree,"Japanese American Citizens League, Northern California-Western Nevada",68301,1,Japanese American Citizens League - Northern California-Western Nevada,68301,False,False
san francisco chapter of the japanese american citizens league,within-tree,San Francisco Chapter of the Japanese American Citizens League,68301,1,San Francisco Chapter of the Japanese American Citizens League,68301,False,False
san francisco japanese american citizens league,within-tree,San Francisco Japanese American Citizens League,68301,1,San Francisco Japanese American Citizens League,68301,False,False
jewish voice for peace san diego chapter,within-tree,"Jewish Voice for Peace, San Diego Chapter",68779,1,"Jewish Voice for Peace, San Diego Chapter",68779,False,False
jewish voice for peace sacramento chapter,within-tree,"Jewish Voice for Peace, Sacramento Chapter",68779,1,"Jewish Voice for Peace, Sacramento Chapter",68779,False,False
jewish voice for peace bay area chapter,within-tree,"Jewish Voice for Peace, Bay Area Chapter",68779,1,"Jewish Voice for Peace, Bay Area Chapter",68779,False,False
jewish war veterans department of california,within-tree,Jewish War Veterans Department of California,68780,1,Jewish War Veterans - Department of California,68780,False,False
judicial council of california,within-tree,JUDICIAL COUNCIL OF CALIFORNIA,69555,5,Judicial Council of California,69555,False,False
judicial counsel of california,within-tree,Judicial Counsel of California,69555,1,Judicial Counsel of California,69555,False,False
the judicial council of ca,within-tree,THE JUDICIAL COUNCIL OF CA,69555,1,The Judicial Council of CA,69555,False,False
kings community action organizations rape crisis program,within-tree,Kings Community Action Organization's Rape Crisis Program,71091,1,Kings Community Action Organization's Rape Crisis Program,71091,False,False
la cooperative campesina de california,within-tree,La Cooperative - Campesina de California,71891,1,LA COOPERATIVE CAMPESINA DE CALIFORNIA,71891,False,False
laborers international union of north america liuna,within-tree,Laborers' International Union of North America (LIUNA),72284,2,LABORERS INTERNATIONAL UNION OF NORTH AMERICA (LIUNA),72284,False,False
santa clara county lafco,within-tree,Santa Clara County LAFCO,72369,1,Santa Clara County LAFCO,72369,False,False
riverside lake elsinore unified,within-tree,RIVERSIDE LAKE ELSINORE UNIFIED,72571,1,RIVERSIDE LAKE ELSINORE UNIFIED,72571,False,False
lpoc,within-tree,LPOC,73330,1,LPOC,73330,False,False
lawyers committee for civil rights,within-tree,Lawyer's Committee for Civil Rights,73830,1,Lawyers Committee for Civil Rights,73830,False,False
lawyers committee for civil rights of the san francisco bay area lccr,within-tree,Lawyer's Committee for Civil Rights of the San Francisco Bay Area (LCCR),73830,1,Lawyer's Committee for Civil Rights of the San Francisco Bay Area (LCCR),73830,False,False
lawyers committee for civil rights san francisco bay area,within-tree,"Lawyers' Committee for Civil Rights, San Francisco Bay Area",73830,1,"Lawyers Committee for Civil Rights, San Francisco Bay Area",73830,False,False
lawyers committee for civil rights of san francisco,within-tree,Lawyer's Committee for Civil Rights of San Francisco,73830,1,Lawyers' Committee for Civil Rights of San Francisco,73830,False,False
lawyers committee for civil rights of san francisco bay area,within-tree,Lawyers' Committee for Civil Rights of San Francisco Bay Area,73830,1,Lawyers Committee for Civil Rights of San Francisco Bay Area,73830,False,False
leadership public schoolshayward,within-tree,Leadership Public Schools-Hayward,73934,1,Leadership Public Schools-Hayward,73934,False,False
leadingage,within-tree,LeadingAge -,73936,1,LeadingAge,73936,False,False
leading age the bills sponsor,within-tree,"Leading Age, the bill's sponsor",73936,1,"Leading Age, the bill′s sponsor",73936,False,False
league of california cities los angeles county division,within-tree,"League of California Cities, Los Angeles County Division",73963,1,League of California Cities Los Angeles County Division,73963,False,False
league of california cities los angeles county division,within-tree,"LEAGUE OF CALIFORNIA CITIES, LOS ANGELES COUNTY DIVISION",73967,1,League of California Cities - Los Angeles County Division,73967,False,False
league of california cities riverside county division,within-tree,LEAGUE OF CALIFORNIA CITIES RIVERSIDE COUNTY DIVISION,73967,1,"League of California Cities, Riverside County Division",73967,False,False
league of california cities riverside division,within-tree,"League of California Cities, Riverside Division",73967,1,"League of California Cities, Riverside Division",73967,False,False
league of california citieslatino caucus,within-tree,League of California Cities-Latino Caucus,73967,1,League of California Cities-Latino Caucus,73967,False,False
the league of humane voters california chapter,within-tree,"THE LEAGUE OF HUMANE VOTERS, CALIFORNIA CHAPTER",73996,1,"The League of Humane Voters, California Chapter",73996,False,False
league of humane voters ca chapter,within-tree,"League of Humane Voters, CA Chapter",73996,1,League of Humane Voters -- CA Chapter,73996,False,False
legal aid society of san franciscoemployment law center,within-tree,Legal Aid Society of San Francisco-Employment Law Center,74289,1,Legal Aid Society of San Francisco/Employment Law Center,74289,False,False
employment law center legal aid society of san francisco,within-tree,Employment Law Center - Legal Aid Society of San Francisco,74289,1,"Employment Law Center, Legal Aid Society of San Francisco",74289,False,False
the leukemia lymphoma society,within-tree,The Leukemia & Lymphoma Society,74631,1,THE LEUKEMIA & LYMPHOMA SOCIETY,74631,False,False
the social justice ministry of the live oak unitarian universalist congregation of goleta ca,within-tree,"The Social Justice Ministry of the Live Oak Unitarian Universalist Congregation of Goleta, CA",75479,1,"The Social Justice Ministry of the Live Oak Unitarian Universalist Congregation of Goleta, CA",75479,False,False
lutheran office of public policycalifornia,within-tree,Lutheran Office of Public Policy--California,77787,1,Lutheran Office of Public Policy-California,77787,False,False
department of california marine corps league,within-tree,Department of California Marine Corps League,79148,1,Department of California Marine Corps League,79148,False,False
media guild of the west newsguildcwa local 39213,within-tree,"Media Guild of The West, Newsguild-cwa Local 39213",80321,1,"Media Guild of The West, Newsguild-cwa Local 39213",80321,False,False
merced city elementary,within-tree,MERCED CITY ELEMENTARY,80854,1,MERCED CITY ELEMENTARY,80854,False,False
military officers associationcalifornia council of chapters,within-tree,Military Officers Association-California Council of Chapters,81826,1,Military Officers Association-California Council of Chapters,81826,False,False
military officers association of america california council of chapters,within-tree,Military Officers Association of America - California Council of Chapters,81826,1,"Military Officers Association of America, California Council of Chapter's",81826,False,False
military officers association of americacalifornia council,within-tree,Military Officers Association of America-California Council,81826,1,Military Officers Association of America-California Council,81826,False,False
mothers for east los angeles,within-tree,Mothers for East Los Angeles,83472,1,Mothers for East Los Angeles,83472,False,False
national alliance for the mentally ill california,within-tree,National Alliance for the Mentally Ill - California,84885,1,"National Alliance for the Mentally Ill, California",84885,False,False
california abortion and reproductive rights action league caral,within-tree,California Abortion and Reproductive Rights Action League (CARAL),84818,1,California Abortion and Reproductive Rights Action League (CARAL),84818,False,False
naral prochoice california,within-tree,NARAL Pro-Choice California,84818,6,NARAL Pro-Choice California,84818,False,False
california abortion and reproductive rights action,within-tree,CALIFORNIA ABORTION AND REPRODUCTIVE RIGHTS ACTION,84818,2,California Abortion and Reproductive Rights Action,84818,False,False
reproductive freedom for all ca,within-tree,Reproductive Freedom for All CA,84818,1,Reproductive Freedom for All CA,84818,False,False
reproductive freedom for all california formerly naral prochoice california,within-tree,Reproductive Freedom for All California (formerly NARAL Pro-Choice California),84818,1,Reproductive Freedom for All California (formerly NARAL Pro-Choice California),84818,False,False
california abortion and reproductive rights action leaguenorth,within-tree,California Abortion and Reproductive Rights Action League-North,84818,1,California Abortion and Reproductive Rights Action League-North,84818,False,False
namicalifornia,within-tree,Nami-california,84885,1,NAMI-California,84885,False,False
national alliance for the mentally ill nami california,within-tree,National Alliance for the Mentally Ill (NAMI) - California,84885,1,National Alliance for the Mentally Ill (NAMI) California,84885,False,False
national alliance on mental illness namica,within-tree,National Alliance on Mental Illness (NAMI-Ca),84885,1,National Alliance on Mental Illness (NAMI-CA),84885,False,False
national alliance on mental illness mendocino county coast,within-tree,"National Alliance on Mental Illness, Mendocino County - Coast",84885,1,"National Alliance on Mental Illness, Mendocino County -- Coast",84885,False,False
national alliance for the mentally ill nami southern santa barbara county,within-tree,National Alliance for the Mentally Ill (NAMI) Southern Santa Barbara County,84885,1,National Alliance for the Mentally Ill (NAMI) Southern Santa Barbara County,84885,False,False
national association for the advancement of colored people sacramento branch,within-tree,"National Association for the Advancement of Colored People, Sacramento Branch",84982,1,"National Association for the Advancement of Colored People, Sacramento Branch",84982,False,False
national association for the advancement of colored people pomona valley branch,within-tree,National Association for the Advancement of Colored People Pomona Valley Branch,84982,1,"National Association for the Advancement of Colored People, Pomona Valley Branch",84982,False,False
national association for the advancement of colored people riverside,within-tree,National Association for the Advancement of Colored People -Riverside,84982,1,National Association for the Advancement of Colored People - Riverside,84982,False,False
national association for the advancement of colored people san francisco,within-tree,"National Association for the Advancement of Colored People, San Francisco",84982,1,National Association for the Advancement of Colored People (San Francisco),84982,False,False
national association for the advancement of colored people los angeles,within-tree,National Association for the Advancement of Colored People - Los Angeles,84982,1,National Association for The Advancement of Colored People - Los Angeles,84982,False,False
naacp legal defense educational fund inc,within-tree,"NAACP Legal Defense & Educational Fund, Inc",84982,1,"NAACP Legal Defense & Educational Fund, Inc",84982,False,False
naacp legal defense fund,within-tree,NAACP Legal Defense Fund,84982,1,NAACP Legal Defense Fund,84982,False,False
naacp legal defense and education fund,within-tree,NAACP Legal Defense and Education Fund,84982,1,NAACP Legal Defense and Education Fund,84982,False,False
ca naacp state conference office,within-tree,CA NAACP State Conference Office,84982,1,CA NAACP State Conference Office,84982,False,False
ca state conference of the naacp,within-tree,CA State Conference of the NAACP,84982,1,CA State Conference of the NAACP,84982,False,False
california hawaii state conference of naacp,within-tree,CALIFORNIA HAWAII STATE CONFERENCE OF NAACP,84982,1,California Hawaii State Conference of NAACP,84982,False,False
california conference of the naacp,within-tree,California Conference of the NAACP,84982,1,California Conference of the NAACP,84982,False,False
california state naacp,within-tree,California State NAACP,84982,1,California State NAACP,84982,False,False
californiahawaii state conference of the national association for the advancement of colored people,within-tree,California-Hawaii State Conference of the National Association for the Advancement of Colored People,84982,1,California-Hawaii State Conference of the National Association for the Advancement of Colored People,84982,False,False
naacp california,within-tree,NAACP California,84982,1,NAACP California,84982,False,False
naacp californiahawaii conference,within-tree,NAACP California-Hawai'i Conference,84982,1,NAACP California-Hawai'i Conference,84982,False,False
naacp californiahawaii state conference,within-tree,NAACP California-Hawaii State Conference,84982,1,NAACP California-Hawai'i State Conference,84982,False,False
naacp california chapter,within-tree,"NAACP, California Chapter",84982,1,"NAACP, California Chapter",84982,False,False
national association for the advancement of colored people california,within-tree,National Association for the Advancement of Colored People - California,84982,1,National Association for the Advancement of Colored People - California,84982,False,False
national association for the advancement of colored people california state conference,within-tree,"National Association for the Advancement of Colored People, California State Conference",84982,1,"National Association for the Advancement of Colored People, California State Conference",84982,False,False
naacp altadena branch,within-tree,NAACP Altadena Branch,84982,3,NAACP - Altadena Branch,84982,False,False
naacp bakersfield branch,within-tree,NAACP Bakersfield Branch,84982,1,NAACP Bakersfield Branch,84982,False,False
compton branch of the naacp,within-tree,Compton Branch of the NAACP,84982,1,Compton Branch of the NAACP,84982,False,False
naacp fresno branch,within-tree,NAACP Fresno Branch,84982,5,NAACP - Fresno Branch,84982,False,False
naacp hayward south alameda county branch,within-tree,NAACP Hayward South Alameda County Branch,84982,2,NAACP Hayward South Alameda County Branch,84982,False,False
naacp lake elsinore branch,within-tree,NAACP Lake Elsinore Branch,84982,1,NAACP - Lake Elsinore Branch,84982,False,False
naacp los angeles,within-tree,NAACP Los Angeles,84982,1,NAACP Los Angeles,84982,False,False
national association of advancement of colored people los angeles,within-tree,National Association of Advancement of Colored People - Los Angeles,84982,1,National Association of Advancement of Colored People - Los Angeles,84982,False,False
naacp monterey peninsula branch,within-tree,NAACP Monterey Peninsula Branch,84982,2,NAACP - Monterey Peninsula Branch,84982,False,False
naacp oakland branch,within-tree,NAACP Oakland Branch,84982,5,"NAACP, Oakland Branch",84982,False,False
naacp pasadena branch,within-tree,NAACP Pasadena Branch,84982,8,NAACP - Pasadena Branch,84982,False,False
naacp riverside,within-tree,NAACP Riverside,84982,1,NAACP Riverside,84982,False,False
naacp sacramento branch,within-tree,NAACP Sacramento Branch,84982,8,"NAACP, Sacramento Branch",84982,False,False
naacp san diego branch,within-tree,NAACP San Diego Branch,84982,5,NAACP San Diego Branch,84982,False,False
san francisco branch of the naacp,within-tree,San Francisco Branch of the NAACP,84982,1,San Francisco Branch of the NAACP,84982,False,False
naacp san gabriel valley branch,within-tree,NAACP San Gabriel Valley Branch,84982,3,NAACP - San Gabriel Valley Branch,84982,False,False
naacp san josesilicon valley branch,within-tree,NAACP San Jose/Silicon Valley Branch,84982,16,NAACP - San Jose/Silicon Valley Branch,84982,False,False
naacp san pedrowilmington branch 1069,within-tree,NAACP San Pedro-Wilmington Branch 1069,84982,9,NAACP San Pedro-Wilmington Branch 1069,84982,False,False
national association for the advancement of colored people santa marialompoc branch,within-tree,National Association for the Advancement of Colored People- Santa Maria-Lompoc Branch,84982,1,"National Association for the Advancement of Colored People, Santa Maria-Lompoc Branch",84982,False,False
naacp santa monicavenice,within-tree,NAACP Santa Monica/Venice,84982,1,NAACP Santa Monica/Venice,84982,False,False
naacp santa rosa sonoma,within-tree,NAACP SANTA ROSA - SONOMA,84982,1,NAACP Santa Rosa - Sonoma,84982,False,False
naacp vallejo branch,within-tree,NAACP Vallejo Branch,84982,1,NAACP - Vallejo Branch,84982,False,False
naacp venture county,within-tree,NAACP - Venture County,84982,1,NAACP - Venture County,84982,False,False
california association of health underwriters cahu,within-tree,CALIFORNIA ASSOCIATION OF HEALTH UNDERWRITERS (CAHU),85072,1,California Association of Health Underwriters (CAHU),85072,False,False
national association of insurance and financial advisors of california,within-tree,National Association of Insurance and Financial Advisors of California,85107,1,NATIONAL ASSOCIATION OF INSURANCE AND FINANCIAL ADVISORS OF CALIFORNIA,85107,False,False
national association of women business owners california,within-tree,National Association of Women Business Owners - California,85240,1,National Association of Women Business Owners - California,85240,False,False
audubon ca,within-tree,Audubon CA,85272,1,Audubon CA,85272,False,False
audubon calif,within-tree,Audubon Calif,85272,1,Audubon Calif,85272,False,False
audubon society california,within-tree,Audubon Society - California,85272,1,Audubon Society - California,85272,False,False
audubon society of california,within-tree,Audubon Society of California,85272,1,Audubon Society of California,85272,False,False
audubon of california,within-tree,Audubon of California,85272,1,Audubon of California,85272,False,False
california audubon,within-tree,California Audubon,85272,1,California Audubon,85272,False,False
california audubon society,within-tree,California Audubon Society,85272,1,California Audubon Society,85272,False,False
national audubon society california,within-tree,National Audubon Society -- California,85272,1,National Audubon Society - California,85272,False,False
national audubon society of california,within-tree,National Audubon Society of California,85272,1,National Audubon Society of California,85272,False,False
national audubon societycalifornia,within-tree,National Audubon Society-California,85272,1,National Audubon Society-California,85272,False,False
audubon center at debs park,within-tree,Audubon Center at Debs Park,85272,2,Audubon Center At Debs Park,85272,False,False
conejo valley audubon society,within-tree,Conejo Valley Audubon Society,85272,1,Conejo Valley Audubon Society,85272,False,False
golden gate audubon society,within-tree,Golden Gate Audubon Society,85272,7,Golden Gate Audubon Society,85272,False,False
la purisima audubon society,within-tree,La Purisima Audubon Society,85272,1,La Purisima Audubon Society,85272,False,False
laguna hills audubon society,within-tree,Laguna Hills Audubon Society,85272,4,Laguna Hills Audubon Society,85272,False,False
los angeles audubon society,within-tree,Los Angeles Audubon Society,85272,3,Los Angeles Audubon Society,85272,False,False
madrone audubon society,within-tree,Madrone Audubon Society,85272,4,Madrone Audubon Society,85272,False,False
marin audubon society,within-tree,Marin Audubon Society,85272,3,Marin Audubon Society,85272,False,False
morro coast audubon society,within-tree,Morro Coast Audubon Society,85272,2,Morro Coast Audubon Society,85272,False,False
mount diablo audubon society,within-tree,Mount Diablo Audubon Society,85272,6,Mount Diablo Audubon Society,85272,False,False
ohlone audubon society,within-tree,Ohlone Audubon Society,85272,2,Ohlone Audubon Society,85272,False,False
palos verdessouth bay audubon society,within-tree,Palos Verdes/South Bay Audubon Society,85272,4,Palos Verdes/South Bay Audubon Society,85272,False,False
peregrine audubon society,within-tree,Peregrine Audubon Society,85272,1,Peregrine Audubon Society,85272,False,False
redbud audubon society,within-tree,Redbud Audubon Society,85272,4,Redbud Audubon Society,85272,False,False
sacramento audubon society,within-tree,Sacramento Audubon Society,85272,1,Sacramento Audubon Society,85272,False,False
san bernardino valley audubon society,within-tree,San Bernardino Valley Audubon Society,85272,3,San Bernardino Valley Audubon Society,85272,False,False
san diego audubon society,within-tree,San Diego Audubon Society,85272,1,San Diego Audubon Society,85272,False,False
san fernando valley audubon society,within-tree,San Fernando Valley Audubon Society,85272,1,San Fernando Valley Audubon Society,85272,False,False
san joaquin audubon society,within-tree,San Joaquin Audubon Society,85272,5,San Joaquin Audubon Society,85272,False,False
santa barbara audubon society,within-tree,Santa Barbara Audubon Society,85272,1,Santa Barbara Audubon Society,85272,False,False
santa clara valley audubon society,within-tree,Santa Clara Valley Audubon Society,85272,3,Santa Clara Valley Audubon Society,85272,False,False
santa monica bay audubon society,within-tree,Santa Monica Bay Audubon Society,85272,1,Santa Monica Bay Audubon Society,85272,False,False
sea and sage audubon society,within-tree,Sea and Sage Audubon Society,85272,9,Sea and Sage Audubon Society,85272,False,False
sequoia audubon society,within-tree,Sequoia Audubon Society,85272,1,Sequoia Audubon Society,85272,False,False
sierra foothills audubon society,within-tree,Sierra Foothills Audubon Society,85272,2,Sierra Foothills Audubon Society,85272,False,False
yolo audubon society,within-tree,Yolo Audubon Society,85272,2,Yolo Audubon Society,85272,False,False
audobon california,within-tree,Audobon California,85272,1,Audobon California,85272,False,False
national council of jewish women california,within-tree,National Council of Jewish Women - California,85556,1,National Council of Jewish Women California,85556,False,False
national council of jewish womenca,within-tree,National Council of Jewish Women-CA,85556,1,National Council of Jewish Women-CA,85556,False,False
national council of jewish womencalifornia,within-tree,National Council of Jewish Women-california,85556,1,National Council of Jewish Women-California,85556,False,False
california court reporters association ccra,within-tree,CALIFORNIA COURT REPORTERS ASSOCIATION (CCRA),85619,1,California Court Reporters Association (CCRA),85619,False,False
ccra,within-tree,CCRA,85619,1,CCRA,85619,False,False
california credit union league ccul,within-tree,CALIFORNIA CREDIT UNION LEAGUE (CCUL),85623,1,California Credit Union League (CCUL),85623,False,False
california educational theater association,within-tree,California Educational Theater Association,85667,1,California Educational Theater Association,85667,False,False
california national electrical contractors association neca,within-tree,California National Electrical Contractors Association (NECA),85673,1,California National Electrical Contractors Association (NECA),85673,False,False
national federation of filipino american associations region x,within-tree,"National Federation of Filipino American Associations, Region X",85737,1,"National Federation of Filipino American Associations , Region X",85737,False,False
national organization for the reform of marijuana laws california,within-tree,National Organization for the Reform of Marijuana Laws - California,86096,1,"National Organization for the Reform of Marijuana Laws, California",86096,False,False
national organization for women of california,within-tree,National Organization for Women of California,86100,1,National Organization for Women of California,86100,False,False
the california restaurant association,within-tree,THE CALIFORNIA RESTAURANT ASSOCIATION,86242,1,The California Restaurant Association,86242,False,False
ca restaurant association,within-tree,CA Restaurant Association,86242,1,CA Restaurant Association,86242,False,False
california association of retailers,within-tree,California Association of Retailers,86246,1,California Association of Retailers,86246,False,False
the california rifle and pistol association,within-tree,THE CALIFORNIA RIFLE AND PISTOL ASSOCIATION,86250,1,The California Rifle and Pistol Association,86250,False,False
ca wic association,within-tree,CA WIC ASSOCIATION,86425,1,CA WIC Association,86425,False,False
north san diego county transit district,within-tree,North San Diego County Transit District,88586,1,North San Diego County Transit District,88586,False,False
organization of chinese americans sacramento,within-tree,"Organization of Chinese Americans, Sacramento",92012,1,"Organization of Chinese Americans, Sacramento",92012,False,False
san diego oceanside city unified,within-tree,SAN DIEGO OCEANSIDE CITY UNIFIED,90261,1,SAN DIEGO OCEANSIDE CITY UNIFIED,90261,False,False
state controllers office,within-tree,State Controller's Office,90415,1,STATE CONTROLLER'S OFFICE,90415,False,False
state controller john chiang,within-tree,State Controller John Chiang,90415,1,State Controller John Chiang,90415,False,False
los angeles county office of the assessor,within-tree,Los Angeles County Office of the Assessor,90420,1,Los Angeles County Office of the Assessor,90420,False,False
orange county asian and pacific islander community alliance ocapica,within-tree,Orange County Asian and Pacific Islander Community: Alliance (OCAPICA),91427,1,ORANGE COUNTY ASIAN AND PACIFIC ISLANDER COMMUNITY ALLIANCE (OCAPICA),91427,False,False
organization of chinese americans greater los angeles chapter,within-tree,"Organization of Chinese Americans, Greater Los Angeles Chapter",92012,1,"Organization of Chinese Americans, Greater Los Angeles Chapter",92012,False,False
organization of chinese americans greater sacramento,within-tree,"Organization of Chinese Americans, Greater Sacramento",92012,1,"Organization of Chinese Americans, Greater Sacramento",92012,False,False
organization of chinese americans greater sacramento chapter,within-tree,"Organization of Chinese Americans, Greater Sacramento Chapter",92012,1,"Organization of Chinese Americans, Greater Sacramento Chapter",92012,False,False
organization of chinese americans inc silicon valley chapter,within-tree,"Organization of Chinese Americans, Inc., Silicon Valley Chapter",92012,1,"Organization of Chinese Americans, Inc., Silicon Valley Chapter",92012,False,False
organization of chinese americans east bay,within-tree,"Organization of Chinese Americans, East Bay",92012,1,Organization of Chinese Americans - East Bay,92012,False,False
california organization of police and sheriffs cops,within-tree,CALIFORNIA ORGANIZATION OF POLICE AND SHERIFFS (COPS),92019,1,California Organization of Police and Sheriffs (COPS),92019,False,False
ca organization of police and sheriffs,within-tree,CA Organization of Police and Sheriffs,92019,1,CA Organization of Police and Sheriffs,92019,False,False
city of california organization of police,within-tree,City of California Organization of Police,92019,1,City of California Organization of Police,92019,False,False
orrick herringtron sutcliffe,within-tree,"Orrick, Herringtron & Sutcliffe",92131,1,"Orrick, Herringtron & Sutcliffe",92131,False,False
outdoor sportsmen coalition of california,within-tree,Outdoor Sportsmen' Coalition of California,92403,1,Outdoor Sportsmen Coalition of California,92403,False,False
pacific gas and electric co,within-tree,Pacific Gas and Electric Co,92913,1,Pacific Gas and Electric Co,92913,False,False
pacificare,within-tree,PacifiCare,93258,1,PacifiCare,93258,False,False
palo alto unified,within-tree,PALO ALTO UNIFIED,93580,1,PALO ALTO UNIFIED,93580,False,False
palos verdes peninsula unified,within-tree,PALOS VERDES PENINSULA UNIFIED,93653,1,PALOS VERDES PENINSULA UNIFIED,93653,False,False
parent voices,within-tree,Parent Voices,93913,1,PARENT VOICES,93913,False,False
pflag santa barbara,within-tree,PFLAG | Santa Barbara,94011,1,PFLAG Santa Barbara,94011,False,False
pflag ridgecrest,within-tree,PFLAG Ridgecrest,94011,1,PFLAG | Ridgecrest,94011,False,False
patagonia inc,within-tree,Patagonia Inc,94427,1,Patagonia Inc,94427,False,False
pauma band of luiseño indians,within-tree,Pauma Band of Luiseño Indians,94649,1,Pauma Band of Luiseño Indians,94649,False,False
the paw project,within-tree,THE PAW PROJECT,94666,1,The PAW Project,94666,False,False
support the paw project,within-tree,Support The Paw Project,94666,1,Support The Paw Project,94666,False,False
peace and freedom party california,within-tree,"Peace and Freedom Party, California",94770,1,"Peace and Freedom Party, California",94770,False,False
the peace earthcare and social witness committee,within-tree,"THE PEACE, EARTHCARE AND SOCIAL WITNESS COMMITTEE",94821,1,"The Peace, Earthcare and Social Witness Committee",94821,False,False
pearl harbor survivors association inc,within-tree,"Pearl Harbor Survivors Association, Inc",94850,1,"Pearl Harbor Survivors Association, Inc",94850,False,False
pearl harbor survivors,within-tree,Pearl Harbor Survivors,94850,1,Pearl Harbor Survivors,94850,False,False
peninsula corridor joint powers authority caltrain,within-tree,Peninsula Corridor Joint Powers Authority (Caltrain),95016,1,Peninsula Corridor Joint Powers Authority (Caltrain),95016,False,False
peninsula sanitary service inc,within-tree,Peninsula Sanitary Service Inc,95058,1,"Peninsula Sanitary Service, Inc",95058,False,False
people improving communities through organizing california,within-tree,"People Improving Communities through Organizing, California",95169,1,People Improving Communities through Organizing California,95169,False,False
the peoples parity project,within-tree,THE PEOPLE'S PARITY PROJECT,95221,1,The People's Parity Project,95221,False,False
peoples self help housing,within-tree,Peoples Self Help Housing,95229,1,People's Self Help Housing,95229,False,False
peoples self help housing corporation,within-tree,Peoples' Self Help Housing Corporation,95229,1,Peoples' Self Help Housing Corporation,95229,False,False
peoples selfhelp housing,within-tree,PEOPLES' SELF-HELP HOUSING,95229,3,People's Self-Help Housing,95229,False,False
peralta community college district,within-tree,PERALTA COMMUNITY COLLEGE DISTRICT,95276,2,Peralta Community College District,95276,False,False
the personal insurance federation,within-tree,THE PERSONAL INSURANCE FEDERATION,95390,1,The Personal Insurance Federation,95390,False,False
personal insurance federation pif,within-tree,PERSONAL INSURANCE FEDERATION (PIF),95390,1,Personal Insurance Federation (PIF),95390,False,False
personal insurance federation of ca,within-tree,Personal Insurance Federation of CA,95390,1,Personal Insurance Federation of CA,95390,False,False
pesticide action network pan north america,within-tree,Pesticide Action Network (PAN) North America,95433,1,"Pesticide Action Network (PAN), North America",95433,False,False
the pet care foundation,within-tree,THE PET CARE FOUNDATION,95456,1,The Pet Care Foundation,95456,False,False
the peter zippi fund for animals,within-tree,THE PETER ZIPPI FUND FOR ANIMALS,95569,1,The Peter Zippi Fund for Animals,95569,False,False
pfizer inc,within-tree,Pfizer Inc,95645,1,"Pfizer, Inc",95645,False,False
physicians for social responsibility los angeles,within-tree,Physicians for Social Responsibility Los Angeles,95996,1,Physicians for Social Responsibility (Los Angeles),95996,False,False
physicians for social responsibilitylos angeles,within-tree,Physicians for Social Responsibility--Los Angeles,95996,1,Physicians for Social Responsibility-Los Angeles,95996,False,False
physicians for social responsibility los angeles chapter,within-tree,"Physicians for Social Responsibility, Los Angeles Chapter",95996,1,Physicians for Social Responsibility (Los Angeles Chapter),95996,False,False
picayune rancheria of the chukchansi indians,within-tree,Picayune Rancheria of the Chukchansi Indians,96049,1,Picayune Rancheria of the Chukchansi Indians,96049,False,False
planned parenthood affiliates of california ppac,within-tree,PLANNED PARENTHOOD AFFILIATES OF CALIFORNIA (PPAC),96570,1,Planned Parenthood Affiliates of California (PPAC),96570,False,False
planned parenthood of california,within-tree,Planned Parenthood of California,96570,1,Planned Parenthood of California,96570,False,False
planned parenthood of santa barbara ventura san luis obispo counties,within-tree,"Planned Parenthood of Santa Barbara, Ventura, & San Luis Obispo Counties",96570,1,"Planned Parenthood of Santa Barbara, Ventura & San Luis Obispo Counties",96570,False,False
planned parenthood of santa barbara ventura and san luis obispo counties,within-tree,"Planned Parenthood of Santa Barbara, Ventura and San Luis Obispo Counties",96570,2,"Planned Parenthood of Santa Barbara, Ventura, and San Luis Obispo Counties",96570,False,False
planned parenthood of santa barbara ventura san luis obispo counties inc,within-tree,"Planned Parenthood of Santa Barbara, Ventura & San Luis Obispo Counties, Inc",96570,1,"Planned Parenthood of Santa Barbara, Ventura & San Luis Obispo Counties, Inc",96570,False,False
planned parenthood of santa barbara ventura and san luis obispo,within-tree,"Planned Parenthood of Santa Barbara, Ventura and San Luis Obispo",96570,1,"Planned Parenthood of Santa Barbara, Ventura and San Luis Obispo",96570,False,False
planned parenthood of santa barbara ventura and san luis obispo counties inc,within-tree,"Planned Parenthood of Santa Barbara, Ventura and San Luis Obispo Counties, Inc",96570,1,"Planned Parenthood of Santa Barbara, Ventura and San Luis Obispo Counties, Inc",96570,False,False
planned parenthood central coast action fund,within-tree,Planned Parenthood Central Coast Action Fund,96570,2,Planned Parenthood Central Coast Action Fund,96570,False,False
planned parenthood action fund of santa barbara ventura san luis obispo counties,within-tree,"Planned Parenthood Action Fund of Santa Barbara, Ventura & San Luis Obispo Counties",96570,9,"Planned Parenthood Action Fund of Santa Barbara, Ventura, & San Luis Obispo Counties",96570,False,False
planned parenthood golden gate,within-tree,Planned Parenthood Golden Gate,96570,1,Planned Parenthood Golden Gate,96570,False,False
planned parenthood los angeles,within-tree,Planned Parenthood Los Angeles,96570,28,Planned Parenthood Los Angeles,96570,False,False
planned parenthood shastadiablo,within-tree,Planned Parenthood Shasta-Diablo,96570,1,"Planned Parenthood, Shasta-Diablo",96570,False,False
planned parenthood shasta diablo,within-tree,"Planned Parenthood, Shasta Diablo",96570,1,Planned Parenthood Shasta Diablo,96570,False,False
planned parenthood northern california action fund,within-tree,Planned Parenthood Northern California Action Fund,96570,2,Planned Parenthood Northern California Action Fund,96570,False,False
planned parenthood of orange and san bernardino counties,within-tree,Planned Parenthood of Orange and San Bernardino Counties,96570,1,Planned Parenthood of Orange and San Bernardino Counties,96570,False,False
planned parenthood orange and san bernardino counties,within-tree,Planned Parenthood Orange and San Bernardino Counties,96570,1,Planned Parenthood Orange and San Bernardino Counties,96570,False,False
community action fund of planned parenthood of orange and san bernardino counties,within-tree,COMMUNITY ACTION FUND OF PLANNED PARENTHOOD OF ORANGE AND SAN BERNARDINO COUNTIES,96570,1,Community Action Fund of Planned Parenthood of Orange and San Bernardino Counties,96570,False,False
planned parenthood of the pacific southwest,within-tree,Planned Parenthood of the Pacific Southwest,96570,10,Planned Parenthood of the Pacific Southwest,96570,False,False
planned parenthood pasadena and san gabriel valley,within-tree,Planned Parenthood Pasadena and San Gabriel Valley,96570,11,Planned Parenthood Pasadena and San Gabriel Valley,96570,False,False
six rivers planned parenthood,within-tree,Six Rivers Planned Parenthood,96570,2,Six Rivers Planned Parenthood,96570,False,False
planned parenthood affiliates of california and seeks,within-tree,Planned Parenthood Affiliates of California (and seeks),96570,1,Planned Parenthood Affiliates of California (and seeks),96570,False,False
plumbing heating cooling contractors association of california,within-tree,Plumbing - Heating - Cooling Contractors Association of California,96912,1,Plumbing- Heating- Cooling Contractors Association of California,96912,False,False
city of stockton police department,within-tree,City of Stockton Police Department,97070,1,City of Stockton Police Department,97070,False,False
city of montebello police department,within-tree,City of Montebello Police Department,97070,1,City of Montebello Police Department,97070,False,False
city of richmond police department,within-tree,City of Richmond Police Department,97070,1,City of Richmond Police Department,97070,False,False
city of el segundo police department,within-tree,City of El Segundo Police Department,97070,1,City of El Segundo Police Department,97070,False,False
city of santa monica police department,within-tree,City of Santa Monica Police Department,97070,1,City of Santa Monica Police Department,97070,False,False
fresno police officers association fpoa,within-tree,FRESNO POLICE OFFICERS ASSOCIATION (FPOA),97088,1,Fresno Police Officers Association (FPOA),97088,False,False
san diego police officers association inc,within-tree,San Diego Police Officers Association Inc,97088,1,"San Diego Police Officers Association, Inc",97088,False,False
los angeles schools police association,within-tree,Los Angeles Schools Police Association,97088,1,Los Angeles Schools Police Association,97088,False,False
inglewood police association,within-tree,Inglewood Police Association,97088,1,Inglewood Police Association,97088,False,False
san diego city schools police officers association,within-tree,San Diego City Schools Police Officers Association,97088,1,San Diego City Schools Police Officers Association,97088,False,False
san diego school police officers association,within-tree,San Diego School Police Officers Association,97088,1,San Diego School Police Officers Association,97088,False,False
pride at work aflcio southern california,within-tree,"Pride at Work AFL-CIO, Southern California",98045,1,"Pride at Work AFL-CIO, Southern California",98045,False,False
pride at work southern california,within-tree,Pride at Work Southern California,98045,1,"Pride at Work, Southern California",98045,False,False
progress house inc,within-tree,Progress House Inc,98599,1,"Progress House, Inc",98599,False,False
project rebound california state university fullerton,within-tree,"Project Rebound, California State University Fullerton",98782,1,"Project Rebound, California State University Fullerton",98782,False,False
project rebound sacramento state university,within-tree,"Project Rebound, Sacramento State University",98782,1,"Project Rebound, Sacramento State University",98782,False,False
the public counsel,within-tree,THE PUBLIC COUNSEL,99291,1,The Public Counsel,99291,False,False
calpirg,within-tree,CALPIRG,99402,1,Calpirg,99402,False,False
california public interest research group action now,within-tree,California Public Interest Research Group: Action Now,99402,1,California Public Interest Research Group : Action Now,99402,False,False
calpirg california public interest research group,within-tree,CALPIRG - California Public Interest Research Group,99402,1,CalPirg California Public Interest Research Group,99402,False,False
calperg,within-tree,CalPERG,99402,1,CalPERG,99402,False,False
california student public interest research group,within-tree,California Student Public Interest Research Group,99402,1,California Student Public Interest Research Group,99402,False,False
california student public interest research group calpirg,within-tree,California Student Public Interest Research Group (CALPIRG),99402,1,California Student Public Interest Research Group (CALPIRG),99402,False,False
calpirg and calpirg education fund,within-tree,CALPIRG and CALPIRG Education Fund,99402,1,CALPIRG and CALPIRG Education Fund,99402,False,False
rainbowpush,within-tree,RainbowPUSH,100248,1,Rainbow/PUSH,100248,False,False
representus los angelessan gabriel valley chapter,within-tree,"Represent.us, Los Angeles-San Gabriel Valley Chapter",102088,1,"Represent.us, Los Angeles-San Gabriel Valley Chapter",102088,False,False
retired public employees of san joaquin county rpesjc,within-tree,RETIRED PUBLIC EMPLOYEES OF SAN JOAQUIN COUNTY (RPESJC),102606,1,Retired Public Employees of San Joaquin County (RPESJC),102606,False,False
san diego county water authority opposition,within-tree,San Diego County Water Authority: Opposition,107142,1,San Diego County Water Authority: Opposition,107142,False,False
san diego san diego city unified,within-tree,SAN DIEGO SAN DIEGO CITY UNIFIED,107554,1,SAN DIEGO SAN DIEGO CITY UNIFIED,107554,False,False
san francisco advisory council to aging and adult services,within-tree,San Francisco Advisory Council to Aging and Adult Services,107732,2,San Francisco Advisory Council to Aging and Adult Services,107732,False,False
san joaquin river parkway trust,within-tree,San Joaquin River Parkway & Trust,108758,1,San Joaquin River Parkway Trust,108758,False,False
sacramento san juan unified,within-tree,SACRAMENTO SAN JUAN UNIFIED,109011,1,SACRAMENTO SAN JUAN UNIFIED,109011,False,False
san lorenzo valley unified school district superintendent,within-tree,San Lorenzo Valley Unified School District - Superintendent,109055,1,San Lorenzo Valley Unified School District - Superintendent,109055,False,False
sanofi aventis,within-tree,Sanofi- Aventis,109715,1,Sanofi Aventis,109715,False,False
school employees association of california,within-tree,School Employees Association of California,111458,1,School Employees Association of California,111458,False,False
screen actors guildamerican federation of television and radio artist,within-tree,Screen Actors Guild-American Federation of Television and Radio Artist,111728,1,Screen Actors Guild-American Federation of Television and Radio Artist,111728,False,False
screen actors guildamerican federation of television and radio artists,within-tree,Screen Actors Guild-American Federation of Television and Radio Artists,111728,1,Screen Actors Guild‐American Federation of Television and Radio Artists,111728,False,False
the screen actors guildamerican federation of television and radio artists aflcio,within-tree,"THE SCREEN ACTORS GUILD-AMERICAN FEDERATION OF TELEVISION AND RADIO ARTISTS, AFL-CIO",111728,1,"The Screen Actors Guild-American Federation of Television and Radio Artists, AFL-CIO",111728,False,False
screen actors guild sag,within-tree,SCREEN ACTORS GUILD (SAG),111728,1,Screen Actors Guild (SAG),111728,False,False
shirley n weber phd california secretary of state,within-tree,"Shirley N. Weber, Ph.D, California Secretary of State",112067,1,"Shirley N. Weber, Ph.D., California Secretary of State",112067,False,False
california secretary of state alex padilla,within-tree,California Secretary of State Alex Padilla,112067,1,California Secretary of State Alex Padilla,112067,False,False
california secretary of state shirley n weber phd,within-tree,"California Secretary of State Shirley N. Weber, Ph.D.",112067,1,"California Secretary of State Shirley N. Weber, Ph.D",112067,False,False
seiu local 1000,within-tree,"SEIU, Local 1000",140789,1,SEIU- Local 1000,140789,False,False
seventhday adventist churchstate council,within-tree,Seventh-day Adventist Church-State Council,113082,1,"Seventh-day Adventist, Church-State Council",113082,False,False
7th day adventist church state council,within-tree,7th Day Adventist Church State Council,113082,1,7th Day Adventist Church State Council,113082,False,False
seventh day adventist church state council,within-tree,Seventh Day Adventist Church State Council,113082,1,Seventh Day Adventist Church State Council,113082,False,False
bernardino county sheriff,within-tree,Bernardino County Sheriff,113746,1,Bernardino County Sheriff,113746,False,False
san bernardino county sheriffs department,within-tree,SAN BERNARDINO COUNTY SHERIFF'S DEPARTMENT,113746,2,San Bernardino County Sheriff's Department,113746,False,False
riverside county sheriff,within-tree,Riverside County Sheriff,113746,1,RIVERSIDE COUNTY SHERIFF,113746,False,False
fresno county sheriffs department,within-tree,Fresno County Sheriff's Department,113746,1,Fresno County Sheriffs Department,113746,False,False
sheriff yolo county,within-tree,Sheriff - Yolo County,113746,1,"Sheriff, Yolo County",113746,False,False
sheriff contra costa county,within-tree,Sheriff - Contra Costa County,113746,1,"Sheriff, Contra Costa County",113746,False,False
sheriff el dorado county,within-tree,Sheriff - El Dorado County,113746,1,"Sheriff, El Dorado County",113746,False,False
tuolumne county sheriffs department,within-tree,Tuolumne County Sheriff's Department,113746,1,Tuolumne County Sheriff's Department,113746,False,False
sonoma county sheriffs department,within-tree,Sonoma County Sheriff's Department,113746,1,Sonoma County Sheriff's Department,113746,False,False
sonoma county sheriffs office,within-tree,Sonoma County Sheriff's Office,113746,1,Sonoma County Sheriff's Office,113746,False,False
san mateo county sheriffs department,within-tree,San Mateo County Sheriff's Department,113746,1,San Mateo County Sheriff's Department,113746,False,False
nevada county sheriffs office,within-tree,Nevada County Sheriffs Office,113746,1,Nevada County Sheriff's Office,113746,False,False
san benito county sheriffs office,within-tree,San Benito County Sheriff's Office,113746,1,San Benito County Sheriff's Office,113746,False,False
tulare county sheriffs department,within-tree,Tulare County Sheriffs Department,113746,1,Tulare County Sheriff's Department,113746,False,False
sheriff merced county,within-tree,"Sheriff, Merced County",113746,1,Sheriff - Merced County,113746,False,False
santa clara county sheriffs office,within-tree,Santa Clara County Sheriff's Office,113746,1,Santa Clara County Sheriff's Office,113746,False,False
county of santa clara office of the sheriff,within-tree,County of Santa Clara Office of the Sheriff,113746,1,"County of Santa Clara, Office of the Sheriff",113746,False,False
county of mendocino office of the sheriffcoroner,within-tree,County of Mendocino Office of the Sheriff-Coroner,113746,1,County of Mendocino Office of the Sheriff/Coroner,113746,False,False
los angeles county sheriffs,within-tree,Los Angeles County Sheriff's,113746,1,Los Angeles County Sheriffs,113746,False,False
los angeles county sheriff leroy baca,within-tree,"Los Angeles County Sheriff, Leroy Baca",113746,1,Los Angeles County Sheriff Leroy Baca,113746,False,False
los angeles county sheriff sherman block,within-tree,"Los Angeles County Sheriff, Sherman Block",113746,1,Los Angeles County Sheriff Sherman Block,113746,False,False
los angeles county sheriff leroy d baca,within-tree,"Los Angeles County Sheriff, Leroy D. Baca",113746,1,Los Angeles County Sheriff Leroy D. Baca,113746,False,False
sheriff ventura county,within-tree,Sheriff - Ventura County,113746,1,"Sheriff, Ventura County",113746,False,False
riverside county sherriffs office,within-tree,Riverside County Sherriff′s Office,113746,1,Riverside County Sherriff's Office,113746,False,False
1 san bernardino county sheriffs department,within-tree,1 San Bernardino County Sheriff's Department,113746,1,1 San Bernardino County Sheriff's Department,113746,False,False
california state sheriffs association,within-tree,CALIFORNIA STATE SHERIFF'S ASSOCIATION,113751,1,California State Sheriff's Association,113751,False,False
the california state sheriffs association,within-tree,THE CALIFORNIA STATE SHERIFF'S ASSOCIATION,113751,1,The California State Sheriffs' Association,113751,False,False
the sierra club angeles chapter,within-tree,THE SIERRA CLUB - ANGELES CHAPTER,114111,1,The Sierra Club - Angeles Chapter,114111,False,False
sierra club angeles chapter river touring section,within-tree,Sierra Club Angeles Chapter River Touring Section,114111,1,"Sierra Club Angeles Chapter, River Touring Section",114111,False,False
ventana chapter of the sierra club,within-tree,Ventana Chapter of the Sierra Club,114111,1,Ventana Chapter of the Sierra Club,114111,False,False
sierra club los padres chapter,within-tree,Sierra Club - Los Padres Chapter,114111,1,Sierra Club - Los Padres Chapter,114111,False,False
sierra clubsanta lucia chapter,within-tree,Sierra Club-Santa Lucia Chapter,114111,1,Sierra Club-Santa Lucia Chapter,114111,False,False
santa lucia chapter of the sierra club,within-tree,Santa Lucia Chapter of the Sierra Club,114111,1,Santa Lucia Chapter of the Sierra Club,114111,False,False
sierra club san francisco group,within-tree,Sierra Club San Francisco Group,114111,1,"Sierra Club, San Francisco Group",114111,False,False
sierra club yolano group,within-tree,Sierra Club Yolano Group,114111,1,Sierra Club Yolano Group,114111,False,False
sierra club ca,within-tree,Sierra Club CA,114111,1,Sierra Club CA,114111,False,False
sierra club of ca,within-tree,Sierra Club of CA,114111,1,Sierra Club of CA,114111,False,False
california sierra club,within-tree,California Sierra Club,114111,1,California Sierra Club,114111,False,False
sierra clubcalifornia,within-tree,Sierra Club-California,114111,1,Sierra Club-California,114111,False,False
sierra club of california,within-tree,Sierra Club of California,114111,1,Sierra Club of California,114111,False,False
sierra club of california ab 687 nunez,within-tree,Sierra Club of California AB 687 (Nunez),114111,1,Sierra Club of California AB 687 (Nunez),114111,False,False
the sierra club of california,within-tree,THE SIERRA CLUB OF CALIFORNIA,114111,1,The Sierra Club of California,114111,False,False
sierra club california opposition,within-tree,Sierra Club - California: Opposition,114111,1,Sierra Club - California: Opposition,114111,False,False
california sportsmans lobby inc,within-tree,"California Sportsman's Lobby, Inc.",118439,1,California Sportsman's Lobby Inc,118439,False,False
california sportsmens lobby,within-tree,California Sportsmen's Lobby,118439,1,CALIFORNIA SPORTSMEN'S LOBBY,118439,False,False
california state bar,within-tree,California State Bar,119486,1,CALIFORNIA STATE BAR,119486,False,False
committee on administration of justice of the state bar,within-tree,Committee on Administration of Justice of the State Bar,119486,1,Committee on Administration of Justice of the State Bar,119486,False,False
state bar committee on the administration of justice,within-tree,State Bar Committee on the Administration of Justice,119486,1,State Bar Committee on the Administration of Justice,119486,False,False
5california state board of equalization,within-tree,5California State Board of Equalization,119514,1,5California State Board of Equalization,119514,False,False
state building and construction trades council of ca,within-tree,STATE BUILDING AND CONSTRUCTION TRADES COUNCIL OF CA,119573,1,State Building and Construction Trades Council of CA,119573,False,False
state building construction trades council of california,within-tree,State Building Construction & Trades Council of California,119573,1,State Building & Construction Trades Council of California,119573,False,False
state privacy security coalition,within-tree,State Privacy & Security Coalition,119850,1,State Privacy & Security Coalition,119850,False,False
seiu california,within-tree,SEIU - California,140789,1,SEIU- California,140789,False,False
technettechnology network,within-tree,Technet-technology Network,123345,1,Technet-technology Network,123345,False,False
technet california,within-tree,Technet California,123345,1,Technet California,123345,False,False
california alternative payment program association cappa,within-tree,California Alternative Payment Program Association (CAPPA),126463,1,CALIFORNIA ALTERNATIVE PAYMENT PROGRAM ASSOCIATION (CAPPA),126463,False,False
the tmj society of california,within-tree,THE TMJ SOCIETY OF CALIFORNIA,126703,1,The TMJ Society of California,126703,False,False
transamerica corporation,within-tree,Transamerica Corporation,127439,1,Transamerica Corporation,127439,False,False
the transformative inprison workgroup,within-tree,THE TRANSFORMATIVE IN-PRISON WORKGROUP,127465,1,The Transformative In-Prison Workgroup,127465,False,False
transport workers union of america air transport local 502,within-tree,Transport Workers Union of America - Air Transport Local 502,127567,1,"Transport Workers Union of America, Air Transport Local 502",127567,False,False
turkish peace and justice committee california,within-tree,Turkish Peace and Justice Committee - California,128513,1,"Turkish Peace and Justice Committee, California",128513,False,False
us green building councilcalifornia,within-tree,U.S. Green Building Council-California,131195,1,U.S. Green Building Council-California,131195,False,False
united states green building council california,within-tree,United States Green Building Council -- California,130204,1,"United States Green Building Council, California",130204,False,False
union of concerned scientists ucs,within-tree,Union of Concerned Scientists (UCS),129551,2,Union of Concerned Scientists (UCS),129551,False,False
union of concerned scientist ucs,within-tree,Union of Concerned Scientist (UCS),129551,1,Union of Concerned Scientist (UCS),129551,False,False
unitarian universalist legislative ministry california,within-tree,Unitarian Universalist Legislative Ministry - California,129649,1,Unitarian Universalist Legislative Ministry California,129649,False,False
unitarian universalist legislative ministry action network california,within-tree,Unitarian Universalist Legislative Ministry Action Network California,129649,2,"Unitarian Universalist Legislative Ministry Action Network, California",129649,False,False
unitarian universalist legislative ministry action,within-tree,Unitarian Universalist Legislative Ministry Action,129649,1,Unitarian Universalist Legislative Ministry Action,129649,False,False
unitarian universalist legislative ministry action networkca,within-tree,Unitarian Universalist Legislative Ministry Action Network-CA,129649,1,Unitarian Universalist Legislative Ministry Action Network-CA,129649,False,False
unitarian universalist legislative ministry action network ca,within-tree,"Unitarian Universalist Legislative Ministry Action Network, CA",129649,1,"Unitarian Universalist Legislative Ministry Action Network, CA",129649,False,False
plumbers steamfitters local 484,within-tree,Plumbers & Steamfitters Local 484,129722,1,Plumbers & Steamfitters Local 484,129722,False,False
sprinkler fitters ua local 709,within-tree,Sprinkler Fitters U.A. Local 709,129722,1,Sprinkler Fitters U.A. Local 709,129722,False,False
united cerebral palsy california,within-tree,United Cerebral Palsy - California,129809,1,"United Cerebral Palsy, California",129809,False,False
calchamber,within-tree,CALCHAMBER,130173,1,CalChamber,130173,False,False
the chamber newport beach,within-tree,THE CHAMBER NEWPORT BEACH,130173,1,The Chamber Newport Beach,130173,False,False
city of indio chamber of commerce,within-tree,City of Indio Chamber of Commerce,130173,1,City of Indio Chamber of Commerce,130173,False,False
city of ridgecrest chamber of commerce,within-tree,City of Ridgecrest Chamber of Commerce,130173,1,City of Ridgecrest Chamber of Commerce,130173,False,False
san gabriel valley regional chamber,within-tree,San Gabriel Valley Regional Chamber,130173,1,San Gabriel Valley Regional Chamber,130173,False,False
los angeles latino chamber of commerce,within-tree,Los Angeles Latino Chamber of Commerce,130173,2,Los Angeles Latino Chamber of Commerce,130173,False,False
california black chamber of commerce,within-tree,California Black Chamber of Commerce,130173,2,CALIFORNIA BLACK CHAMBER OF COMMERCE,130173,False,False
city of san diego east county chamber of commerce,within-tree,City of San Diego East County Chamber of Commerce,130173,1,City of San Diego East County Chamber of Commerce,130173,False,False
tri county chamber alliance,within-tree,Tri County Chamber Alliance,130173,1,Tri County Chamber Alliance,130173,False,False
united chamber advocacy network ucan,within-tree,United Chamber Advocacy Network - UCAN,130173,1,United Chamber Advocacy Network Ucan,130173,False,False
united chambers advocacy network,within-tree,United Chambers Advocacy Network,130173,1,United Chambers Advocacy Network,130173,False,False
joint chambers commission of el dorado county,within-tree,Joint Chambers Commission of El Dorado County,130173,1,Joint Chambers Commission of El Dorado County,130173,False,False
hispanic chamber of commerce alameda county,within-tree,Hispanic Chamber of Commerce Alameda County,130173,1,"Hispanic Chamber of Commerce, Alameda County",130173,False,False
la metro hispanic chamber of commerce,within-tree,La Metro Hispanic Chamber of Commerce,130173,1,LA Metro Hispanic Chamber of Commerce,130173,False,False
united teachers of los angeles utla,within-tree,United Teachers of Los Angeles (UTLA),130291,1,"United Teachers of Los Angeles, UTLA",130291,False,False
social environmental justice committee of the universalist unitarian church of riverside,within-tree,Social & Environmental Justice Committee of the Universalist Unitarian Church of Riverside,130470,1,Social & Environmental Justice Committee of the Universalist Unitarian Church of Riverside,130470,False,False
university professional and technical employees cwa local 9119,within-tree,University Professional and Technical Employees (CWA Local 9119),130878,1,"University Professional and Technical Employees, CWA Local 9119",130878,False,False
university professional technical employees cwa local 9119,within-tree,University Professional & Technical Employees - CWA Local 9119,130878,1,University Professional & Technical Employees - CWA Local 9119,130878,False,False
university professional technical employeescwa local 9119,within-tree,University Professional & Technical Employees-CWA Local 9119,130878,1,University Professional & Technical Employees-CWA Local 9119,130878,False,False
university professional and technical employees communications workers of america local 9119,within-tree,University Professional and Technical Employees - Communications Workers of America Local 9119,130878,1,"University Professional and Technical Employees, Communications Workers of America, Local 9119",130878,False,False
university professional and technical employees communication workers of america,within-tree,University Professional and Technical Employees- Communication Workers of America,130878,1,University Professional and Technical Employees - Communication Workers of America,130878,False,False
the urban wildlands group inc,within-tree,"THE URBAN WILDLANDS GROUP, INC",131136,1,"The Urban Wildlands Group, Inc",131136,False,False
valley oak childrens services inc,within-tree,"Valley Oak Children's Services, INC",131817,1,"Valley Oak Children's Services, INC",131817,False,False
veterans of foreign wars department of california vfw,within-tree,Veterans of Foreign Wars - Department of California (VFW),132744,1,Veterans of Foreign Wars - Department of California (VFW),132744,False,False
california veterans of foreign wars of the united states,within-tree,California Veterans of Foreign Wars of the United States,132744,1,California Veterans of Foreign Wars of the United States,132744,False,False
veterans of foreign wars of the united states dept of california,within-tree,"Veterans of Foreign Wars of the United States, Dept. of California",132744,1,"Veterans of Foreign Wars of the United States, Dept. of California",132744,False,False
veterans of foreign wars vfw department of california,within-tree,"Veterans of Foreign Wars (VFW), Department of California",132744,1,Veterans of Foreign Wars (VFW) - Department of California,132744,False,False
veterans of foreign wars california department,within-tree,"Veterans of Foreign Wars, California Department",132744,1,"Veterans of Foreign Wars, California Department",132744,False,False
veterans of foreign wars dept of california,within-tree,"Veterans of Foreign Wars, Dept. of California",132744,1,"Veterans of Foreign Wars, Dept. of California",132744,False,False
the vons companies inc,within-tree,"THE VONS COMPANIES, INC",133830,1,"The Vons Companies, Inc",133830,False,False
the walt disney company,within-tree,THE WALT DISNEY COMPANY,134111,1,The Walt Disney Company,134111,False,False
water replenishment district of southern ca,within-tree,Water Replenishment District of Southern CA,134364,1,Water Replenishment District of Southern CA,134364,False,False
watereuse california,within-tree,Watereuse California,134385,1,WateReuse California,134385,False,False
water reuse california,within-tree,Water ReUse California,134385,1,Water Reuse California,134385,False,False
waterreuse california,within-tree,WaterReuse California,134385,1,WaterReuse California,134385,False,False
water reuse association ca section,within-tree,"Water Reuse Association, CA Section",134385,1,"Water Reuse Association, CA Section",134385,False,False
water reuse association california section,within-tree,"Water Reuse Association, California Section",134385,1,"Water Reuse Association, California Section",134385,False,False
watereuse association of california,within-tree,Watereuse Association of California,134385,1,WateReuse Association of California,134385,False,False
west kern community college district,within-tree,West Kern Community College District,135003,1,West Kern Community College District,135003,False,False
cal wclp,within-tree,Cal. WCLP,135247,1,Cal. WCLP,135247,False,False
the western insurance agents association wiaa,within-tree,THE WESTERN INSURANCE AGENTS ASSOCIATION (WIAA),135367,1,The Western Insurance Agents Association (WIAA),135367,False,False
the wilson group llc,within-tree,"THE WILSON GROUP, LLC",136323,1,"The Wilson Group, LLC",136323,False,False
womens building of san francisco,within-tree,WOMEN'S BUILDING OF SAN FRANCISCO,136699,1,Women's Building of San Francisco,136699,False,False
santa cruz county womens commission,within-tree,Santa Cruz County Women's Commission,136730,1,Santa Cruz County Women's Commission,136730,False,False
golden gate university law womens employment rights clinic,within-tree,Golden Gate University Law Women's Employment Right's Clinic,136749,1,Golden Gate University Law Women's Employment Rights Clinic,136749,False,False
woodland community college foster and kinship care education program,within-tree,Woodland Community College Foster and Kinship Care Education Program,136929,1,Woodland Community College Foster and Kinship Care Education Program,136929,False,False
the workmens circle,within-tree,THE WORKMEN'S CIRCLE,137125,1,The Workmen's Circle,137125,False,False
ca yimby,within-tree,CA YIMBY,137492,1,CA YIMBY,137492,False,False
east bay yimby,within-tree,EAST BAY YIMBY,137492,1,East Bay Yimby,137492,False,False
glendale yimby,within-tree,GLENDALE YIMBY,137492,1,Glendale Yimby,137492,False,False
hollywood yimby,within-tree,HOLLYWOOD YIMBY,137492,1,Hollywood YIMBY,137492,False,False
mountain view yimby,within-tree,MOUNTAIN VIEW YIMBY,137492,1,Mountain View YIMBY,137492,False,False
san fernando valley yimby,within-tree,SAN FERNANDO VALLEY YIMBY,137492,1,San Fernando Valley Yimby,137492,False,False
san francisco yimby,within-tree,SAN FRANCISCO YIMBY,137492,4,San Francisco YIMBY,137492,False,False
san luis obispo yimby,within-tree,SAN LUIS OBISPO YIMBY,137492,8,San Luis Obispo YIMBY,137492,False,False
santa cruz yimby,within-tree,SANTA CRUZ YIMBY,137492,1,Santa Cruz YIMBY,137492,False,False
santa rosa yimby,within-tree,SANTA ROSA YIMBY,137492,1,Santa Rosa Yimby,137492,False,False
ventura county yimby,within-tree,VENTURA COUNTY YIMBY,137492,1,Ventura County YIMBY,137492,False,False
yimby los angeles,within-tree,YIMBY LOS ANGELES,137492,3,Yimby Los Angeles,137492,False,False
yimby democrats of san diego county,within-tree,YIMBY DEMOCRATS OF SAN DIEGO COUNTY,137492,1,YIMBY Democrats of San Diego County,137492,False,False
los angeles youth justice coalition,within-tree,Los Angeles Youth Justice Coalition,137821,1,Los Angeles Youth Justice Coalition,137821,False,False
youth justice coalition la,within-tree,Youth Justice Coalition LA,137821,1,Youth Justice Coalition LA,137821,False,False
the zenith,within-tree,THE ZENITH,138118,1,The Zenith,138118,False,False
zone 7 water agency of alameda county,within-tree,Zone 7 Water Agency of Alameda County,138212,1,Zone 7 Water Agency of Alameda County,138212,False,False
alameda county zone 7 water agency,within-tree,Alameda County Zone 7 Water Agency,138212,1,Alameda County Zone 7 Water Agency,138212,False,False
million women mentors california,within-tree,Million Women Mentors - California,138464,1,"Million Women Mentors, California",138464,False,False
mono county of,within-tree,MONO; COUNTY OF,139499,1,"Mono, County Of",139499,False,False
county of imperial probation department,within-tree,County of Imperial Probation Department,139518,1,County of Imperial - Probation Department,139518,False,False
seiu local 2015,within-tree,SEIU Local 2015,140789,1,SEIU Local 2015,140789,False,False
seiu local 817,within-tree,SEIU Local 817,140789,1,SEIU Local 817,140789,False,False
seiu local 415,within-tree,SEIU Local 415,140789,1,SEIU Local 415,140789,False,False
seiu local 6434 united long term care workers,within-tree,SEIU Local 6434 - United Long Term Care Workers,140789,1,SEIU Local 6434 - United Long Term Care Workers,140789,False,False
seiu local 434b,within-tree,SEIU Local 434B,140789,1,SEIU Local 434B,140789,False,False
seiu local 1280,within-tree,SEIU Local 1280,140789,1,"SEIU, Local 1280",140789,False,False
seiu of california,within-tree,SEIU of California,140789,1,SEIU of California,140789,False,False
california service employees international union,within-tree,California Service Employees International Union,140789,1,California Service Employees International Union,140789,False,False
seiu local 221,within-tree,SEIU LOCAL 221,140789,1,SEIU Local 221,140789,False,False
15th daa the great kern county fair,cross-tree,"15th DAA, The Great Kern County Fair",17,1,"15th DAA, The Great Kern County Fair",59051,False,False
big fresno fair 21st district agricultural association,cross-tree,"Big Fresno Fair, 21st District Agricultural Association",17,1,"Big Fresno Fair, 21st District Agricultural Association",2219,False,False
39th daa the calaveras county fair jumping frog jubilee,cross-tree,"39th DAA, The Calaveras County Fair & Jumping Frog Jubilee",17,1,"39th DAA, The Calaveras County Fair & Jumping Frog Jubilee",18602,False,False
consumer union,cross-tree-fold,Consumer Union,18,1,Consumer Union,39711,True,False
city of santa barbara police department,cross-tree,City of Santa Barbara Police Department,97070,1,"City of Santa Barbara, Police Department",72,False,False
outdoor sportsmans coalition of california,cross-tree-fold,Outdoor Sportsman's Coalition of California,75,1,OUTDOOR SPORTSMAN'S COALITION OF CALIFORNIA,92401,True,False
american institute of architects california council,cross-tree,"American Institute of Architects, California Council",77,10,American Institute of Architects - California Council,5679,False,False
associated builders and contractors association inc central california chapter,cross-tree,"Associated Builders and Contractors Association, Inc. - Central California Chapter",79,1,"Associated Builders and Contractors Association, Inc. - Central California Chapter",29194,False,False
associated builders and contractors southern california chapter,cross-tree,Associated Builders and Contractors Southern California Chapter,79,1,ASSOCIATED BUILDERS AND CONTRACTORS - SOUTHERN CALIFORNIA CHAPTER,117410,False,False
associated builders and contractors association inc southern california,cross-tree,"Associated Builders and Contractors Association, Inc. - Southern California",79,1,"Associated Builders and Contractors Association, Inc. - Southern California",9759,False,False
association of california hospital districts,cross-tree,Association of California Hospital Districts,110,1,Association of California Hospital Districts,19740,False,False
california teamsters local 911,cross-tree,California Teamsters Local 911,66855,1,California Teamsters Local 911,112,False,False
california congress of seniors,cross-tree,California Congress of Seniors,115,1,California Congress of Seniors,39276,False,False
united here local 11,cross-tree,United HERE Local 11,118,1,United HERE! Local 11,129964,False,False
union of needletrades textiles and industrial employees hotel employees,cross-tree,"Union of Needletrades, Textiles and Industrial Employees, Hotel Employees",118,1,"Union of Needletrades, Textiles and Industrial Employees, Hotel Employees",129559,False,False
state firefighters association,cross-tree,State Firefighters' Association,66740,1,STATE FIREFIGHTERS ASSOCIATION,121,False,False
50 bay area action,cross-tree,50 Bay Area Action,191,1,50 Bay Area Action,12416,False,False
cft a union of educators classified professionals aft aflcio,cross-tree,"CFT a Union of Educators & Classified Professionals, AFT, AFL-CIO",5466,1,"CFT- a Union of Educators & Classified Professionals, AFT, AFL-CIO",478,False,False
the a21 campaign,cross-tree-fold,THE A21 CAMPAIGN,604,1,The A-21 Campaign,139020,True,False
aarp ca,cross-tree,"AARP, CA",657,1,"AARP, CA",5006,False,False
aarp of california,cross-tree,AARP of California,657,1,AARP of California,5006,False,False
american association of retired persons california chapter,cross-tree,"American Association of Retired Persons, California Chapter",657,1,American Association of Retired Persons (California Chapter),5006,False,False
american association of retired persons aarp california,cross-tree,American Association of Retired Persons (AARP) California,657,1,American Association of Retired Persons (AARP) - California,5006,False,False
american association of retired persons california,cross-tree,American Association of Retired Persons California,657,1,American Association of Retired Persons - California,5006,False,False
aarp california chapter,cross-tree,"AARP, California Chapter",657,1,"AARP, California Chapter",20549,False,False
advocacy inc,cross-tree,"Advocacy, Inc",657,1,Advocacy Inc,1701,False,False
aarp state legislative council,cross-tree,AARP State Legislative Council,657,1,AARP State Legislative Council,5006,False,False
aarp,cross-tree,AARP,657,1,AARP,5006,False,False
american association of university women san jose,cross-tree,American Association of University Women San Jose,5018,1,American Association of University Women - San Jose,658,False,False
los angeles community college district academic senate,cross-tree,Los Angeles Community College District Academic Senate,852,1,Los Angeles Community College District Academic Senate,76579,False,False
laney college,cross-tree-fold,Laney College,852,1,Laney College,139584,True,False
academy of adoption lawyers,cross-tree,Academy of Adoption Lawyers,872,1,Academy of Adoption Lawyers,866,False,False
california academy of pas,cross-tree,California Academy of PAs,892,1,California Academy of Pas,19036,False,False
alliance of californians for community empowerment acce action,cross-tree,ALLIANCE OF CALIFORNIANS FOR COMMUNITY EMPOWERMENT (ACCE) ACTION,904,1,Alliance of Californians for Community Empowerment (acce Action),3639,False,False
iatse local 871,cross-tree,IATSE Local 871,66700,1,IATSE Local 871,979,False,False
acog district ix,cross-tree,ACOG - District IX,5271,1,"ACOG, District IX",1084,False,False
alliance for community transit los angeles,cross-tree,Alliance for Community Transit Los Angeles,1122,1,Alliance for Community Transit - Los Angeles,3661,False,False
act la,cross-tree,ACT -la,1122,1,ACT LA,3661,False,False
advisory commission on special education,cross-tree,Advisory Commission on Special Education,1668,2,Advisory Commission on Special Education,19095,False,False
advisory committee on special education california department of education,cross-tree,"Advisory Committee on Special Education, California: Department of Education",1672,1,"Advisory Committee on Special Education, California Department of Education",19095,False,False
childrens advocacy institute university of san diego school of law,cross-tree,Children's Advocacy Institute - University of San Diego School of Law,1703,1,"Children's Advocacy Institute, University of San Diego School of Law",130788,False,False
childrens advocacy institute center for public interest,cross-tree-fold,Children's Advocacy Institute/ Center for Public Interest,1703,1,Children's Advocacy Institute Center for Public Interest,31068,True,False
childrens advocacy institute university of san diego,cross-tree,Children's Advocacy Institute: University of San Diego,1703,1,"Children's Advocacy Institute, University of San Diego",31069,False,False
california advocates for nursing home reform,cross-tree,California Advocates for Nursing Home Reform,19119,13,California Advocates for Nursing Home Reform,1741,False,False
american electronics association aea,cross-tree,American Electronics Association (AeA),1771,2,AMERICAN ELECTRONICS ASSOCIATION (AEA),5414,False,False
the american electronics association,cross-tree,The American Electronics Association,1771,1,THE AMERICAN ELECTRONICS ASSOCIATION,5414,False,False
american electronics association,cross-tree,American Electronics Association,1771,1,AMERICAN ELECTRONICS ASSOCIATION,5414,False,False
aetna us healthcare,cross-tree,Aetna U.S. Healthcare,1852,1,Aetna U.S Healthcare,1856,False,False
clf,cross-tree,CLF,5455,1,CLF,1954,False,False
africanamerican farmers of california,cross-tree-fold,African-American Farmers of California,1989,1,AFRICAN-AMERICAN FARMERS OF CALIFORNIA,2037,True,False
brady united against gun violence oaklandalameda county,cross-tree,Brady United Against Gun Violence- Oakland/alameda County,16122,1,Brady United Against Gun Violence- Oakland/alameda County,2085,False,False
orange county local agency formation commission,cross-tree,ORANGE COUNTY LOCAL AGENCY FORMATION COMMISSION,91632,1,Orange County Local Agency Formation Commission,2133,False,False
aging services of california,cross-tree-fold,Aging Services of California,73936,1,AGING SERVICES OF CALIFORNIA,2186,True,False
aids healthcare foundation ahf,cross-tree,AIDS HEALTHCARE FOUNDATION (AHF),2355,1,AIDS Healthcare Foundation (AHF),121812,False,False
airconditioning refrigeration contractors association,cross-tree-fold,Air-conditioning & Refrigeration Contractors Association,2505,1,Airconditioning & Refrigeration Contractors Association,2522,True,False
ajc san diego,cross-tree-fold,AJC - San Diego,5731,1,AJC San Diego,2594,True,False
the alameda county chiefs of police and sheriffs association,cross-tree,THE ALAMEDA COUNTY CHIEFS OF POLICE AND SHERIFF'S ASSOCIATION,113751,1,The Alameda County Chiefs of Police and Sheriff's Association,2724,False,False
alameda county flood control and water conservation district zone 7,cross-tree,Alameda County Flood Control and Water Conservation District Zone 7,138212,1,"Alameda County Flood Control and Water Conservation District, Zone 7",2771,False,False
county alcohol drug program administrators of california,cross-tree,County Alcohol & Drug Program Administrators of California,41165,1,County Alcohol & Drug Program Administrators of California,3099,False,False
american planning association california chapter,cross-tree,"American Planning Association, California Chapter",6085,15,American Planning Association- California Chapter,3392,False,False
all of us or none,cross-tree,ALL OF US OR NONE,3406,1,All Of Us Or None,3415,False,False
all of us or none riverside,cross-tree,All of Us or None Riverside,103383,1,All of Us or None - Riverside,3407,False,False
all saints church foster care project,cross-tree,All Saints Church Foster Care Project,3449,1,ALL SAINTS CHURCH FOSTER CARE PROJECT,106113,False,False
alliance for community media western region,cross-tree,Alliance for Community Media - Western Region,3656,1,"Alliance for Community Media, Western Region",3657,False,False
alliance of american insurers,cross-tree,ALLIANCE OF AMERICAN INSURERS,3813,1,Alliance of American Insurers,3810,False,False
national alliance on mental illness california,cross-tree,National Alliance on Mental Illness - California,84885,1,"National Alliance on Mental Illness, California",3897,False,False
national alliance on mental illnesscalifornia,cross-tree,National Alliance on Mental Illness-California,84885,1,National Alliance on Mental Illness-California,3897,False,False
allied waste services,cross-tree-fold,Allied Waste Services,4001,1,Allied Waste Services,4003,True,False
alpine county office of the sheriff and coroner,cross-tree,"Alpine County, Office of the Sheriff and Coroner",4178,1,"Alpine County, Office of the Sheriff and Coroner",90499,False,False
alpine county sheriff and coroners office,cross-tree,Alpine County Sheriff and Coroner's Office,4178,1,Alpine County Sheriff and Coroner's Office,90499,False,False
altamed los angeles,cross-tree,AltaMed (Los Angeles),4289,1,"AltaMed, Los Angeles",4294,False,False
altamed health services corporation,cross-tree,Altamed Health Services Corporation,4290,1,Alta-Med Health Services Corporation,4291,False,False
alzheimers association california,cross-tree,Alzheimer's Association California,4478,1,Alzheimer's Association- California,4485,False,False
american,cross-tree,AMERICAN,4811,6,Amer-I-Can,4740,False,False
the american association for marriage and family therapy california,cross-tree,"The American Association for Marriage and Family Therapy, California",4756,1,"THE AMERICAN ASSOCIATION FOR MARRIAGE AND FAMILY THERAPY, CALIFORNIA",4922,False,False
california optometric association,cross-tree-fold,California Optometric Association,6027,10,California Optometric Association,4841,True,False
american academy of pediatrics california,cross-tree,American Academy of Pediatrics (California),4848,1,American Academy of Pediatrics -- California,4849,False,False
american academy of pediatrics califonria district,cross-tree,American Academy of Pediatrics - Califonria District,4848,1,American Academy of Pediatrics - Califonria District,4849,False,False
aclu northern and southern california and san diego and imperial counties,cross-tree,"ACLU, Northern and Southern California, and San Diego and Imperial Counties",5215,1,"ACLU, Northern and Southern California, and San Diego and Imperial Counties",117735,False,False
aclunorthernsouthern californiasan diego and imperial counties,cross-tree,ACLU-Northern/Southern California/San Diego and Imperial Counties,5215,1,ACLU-Northern/Southern California/San Diego and Imperial Counties,117735,False,False
aclu center for advocacy and policy,cross-tree,ACLU Center for Advocacy and Policy,5215,1,"ACLU, Center for Advocacy and Policy",28595,False,False
aclu southern california,cross-tree,ACLU Southern California,5215,1,ACLU Southern California,117300,False,False
aclu of san diego imperial counties,cross-tree,ACLU of San Diego & Imperial Counties,5215,1,ACLU of San Diego & Imperial Counties,45721,False,False
aclu san diego and imperial counties,cross-tree,ACLU San Diego and Imperial Counties,5215,1,ACLU San Diego and Imperial Counties,45723,False,False
aclu sdimperial,cross-tree,ACLU SD/Imperial,5215,1,ACLU SD/Imperial,65006,False,False
california chapter of the american college of cardiology,cross-tree,California Chapter of the American College of Cardiology,20619,1,California Chapter of the American College of Cardiology,5242,False,False
california chapter of the american college of cardiology caacc,cross-tree,California Chapter of the American College of Cardiology (CA-ACC),5242,1,California Chapter of the American College of Cardiology CA-ACC,20577,False,False
american college of cardiology california chapter,cross-tree,"American College of Cardiology, California Chapter",20619,1,American College of Cardiology - California Chapter,5242,False,False
california acep american college of emergency physicians,cross-tree,California ACEP | American College of Emergency Physicians,5247,1,California ACEP (American College of Emergency Physicians),19047,False,False
california chapter american college of emergency physicians,cross-tree,"California Chapter, American College of Emergency Physicians",5247,1,California Chapter American College of Emergency Physicians,20579,False,False
american college of emergency physicians california chapter,cross-tree,"American College of Emergency Physicians, California Chapter",5247,1,American College of Emergency Physicians (California Chapter),5254,False,False
american college of emergency physicianscalifornia chapter,cross-tree,American College of Emergency Physicians/California Chapter,5247,1,American College of Emergency Physicians-California Chapter,20579,False,False
california chapter of the american college of emergency physicians calacep,cross-tree,California Chapter of the American College of Emergency Physicians (Cal-ACEP),5247,1,California Chapter of the American College of Emergency Physicians (CAL/ACEP),20579,False,False
california chapter of the american college of emergency physicians,cross-tree,California Chapter of the American College of Emergency Physicians,5247,1,California Chapter of the American College of Emergency: Physicians,5249,False,False
calacep,cross-tree-fold,Cal-ACEP,5247,1,CALACEP,18569,True,False
california chapter american college of emergency room physicians,cross-tree,"California Chapter, American College of Emergency Room: Physicians",5247,1,"California Chapter, American College of Emergency Room Physicians",20579,False,False
american college of emergency physicians state,cross-tree,American College of Emergency Physicians - State,5252,1,"American College of Emergency Physicians, State",5255,False,False
american college of obstetricians and gynecologists district,cross-tree,AMERICAN COLLEGE OF OBSTETRICIANS AND GYNECOLOGISTS DISTRICT,5276,1,American College of Obstetricians and Gynecologists - District,5271,False,False
american college of obstetricians and gynecologists california,cross-tree,"AMERICAN COLLEGE OF OBSTETRICIANS AND GYNECOLOGISTS, CALIFORNIA",5275,3,American College of Obstetricians and Gynecologists - California,5271,False,False
american college of obstetricians and gynecologists district ix california,cross-tree,American College of Obstetricians and Gynecologists - District IX California,5276,9,"American College of Obstetricians and Gynecologists, District IX California",5281,False,False
american congress of obstetricians and gynecologists district ix california,cross-tree,American Congress of Obstetricians and Gynecologists - District IX California,5276,16,American Congress of Obstetricians and Gynecologists District IX California,5325,False,False
american college of obstetricians and gynecology acog district ix,cross-tree,American College of Obstetricians and Gynecology (ACOG) District IX,5276,1,American College of Obstetricians and Gynecology (ACOG) District IX,121816,False,False
american college of physicians california chapter,cross-tree,American College of Physicians - California Chapter,5295,1,American College of Physicians California Chapter,20581,False,False
american college of surgeons southern california chapter,cross-tree,American College of Surgeons - Southern California Chapter,5302,2,"American College of Surgeons, Southern California Chapter",117421,False,False
american college of surgeons northern california chapter,cross-tree,"American College of Surgeons, Northern California Chapter",88969,1,American College of Surgeons - Northern California Chapter,5304,False,False
american college of surgeons san diegoimperial chapter,cross-tree,American College of Surgeons- San Diego-Imperial Chapter,106736,1,"American College of Surgeons, San Diego-Imperial Chapter",5306,False,False
american council of engineering companies of ca,cross-tree,American Council of Engineering Companies of CA,5346,1,American Council of Engineering Companies of CA,5348,False,False
american counsel of engineering companies california acecca,cross-tree,"American Counsel of Engineering Companies, California (ACEC-CA)",5346,1,"American Counsel of Engineering Companies, California (ACEC-CA)",5348,False,False
american council of engineering companies california,cross-tree,AMERICAN COUNCIL OF ENGINEERING COMPANIES - CALIFORNIA,5346,1,American Council of Engineering Companies California,5348,False,False
california council of engineering companies of california,cross-tree,California Council of Engineering Companies of California,5348,1,California Council of Engineering Companies of California,40896,False,False
california council of the blind ccb,cross-tree,CALIFORNIA COUNCIL OF THE BLIND (CCB),5356,1,California Council of the Blind (CCB),40959,False,False
ca council of the blind,cross-tree,CA Council of the Blind,5356,1,CA Council of the Blind,40959,False,False
afscme aflcio,cross-tree,AFSCME / AFL-CIO,5465,1,"AFSCME, AFL-CIO",5455,False,False
central labor council of contra costa county aflcio,cross-tree,"CENTRAL LABOR COUNCIL OF CONTRA COSTA COUNTY, AFL-CIO",5455,3,"Central Labor Council of Contra Costa County, AFL-CIO",29436,False,False
san diegoimperial counties labor council,cross-tree,SAN DIEGO-IMPERIAL COUNTIES LABOR COUNCIL,5455,1,San Diego-Imperial Counties Labor Council,29447,False,False
san francisco labor council,cross-tree,SAN FRANCISCO LABOR COUNCIL,5455,1,San Francisco Labor Council,29448,False,False
orange county labor federation,cross-tree,ORANGE COUNTY LABOR FEDERATION,5455,2,Orange County Labor Federation,91624,False,False
united nurses association of california,cross-tree,UNITED NURSES ASSOCIATION OF CALIFORNIA,5465,1,United Nurses Association of California,130086,False,False
united nurses association,cross-tree,United Nurses Association,5465,1,United Nurses Association,130084,False,False
united nurses association of caunion of health care professionals,cross-tree,United Nurses Association of Ca/Union of Health Care Professionals,5465,1,United Nurses Association of CA-Union of Health Care Professionals,130086,False,False
united nurses association of california union of health care,cross-tree,United Nurses Association of California - Union of Health Care,5465,1,United Nurses Association of California / Union of Health Care,130086,False,False
united nurses association of california union of health care professionals,cross-tree,United Nurses Association of California / Union of Health Care Professionals,5465,1,United Nurses Association of California - Union of Health Care Professionals,130086,False,False
united nurses association of californiaunion of health,cross-tree,United Nurses Association of California/Union of Health,5465,1,United Nurses Association of California/Union of Health,130086,False,False
united nurses association of californiaunion of health care professionals,cross-tree,United Nurses Association of California/Union of Health Care Professionals,5465,1,United Nurses Association of California/Union of Health Care Professionals,130086,False,False
united nurses association of californiaunion of health care professionals afscme,cross-tree,"United Nurses Association of California/Union of Health Care Professionals, AFSCME",5465,1,United Nurses Association of California/Union of Health Care Professionals (AFSCME),130086,False,False
united nurses association of californiaunion of healthcare professionals,cross-tree,United Nurses Association of California/Union of Healthcare Professionals,5465,1,United Nurses Association of California/Union of Healthcare Professionals,130086,False,False
united nurses associations of caunion of health care professionals,cross-tree,United Nurses Associations of CA-Union of Health Care Professionals,5465,1,United Nurses Associations of CA/Union of Health Care Professionals,130086,False,False
united nurses associations of california,cross-tree,United Nurses Associations of California,5465,1,United Nurses Associations of California,130086,False,False
united nurses associations of california union of health care,cross-tree,United Nurses Associations of California/ Union of Health Care,5465,1,United Nurses Associations of California / Union of Health Care,130086,False,False
united nurses associations of california union of health care professionals,cross-tree,United Nurses Associations of California/ Union of Health Care Professionals,5465,1,United Nurses Associations of California / Union of Health Care Professionals,130086,False,False
united nurses associations of californiaunion of health,cross-tree,United Nurses Associations of California/Union of Health,5465,1,United Nurses Associations of California/Union of Health,130086,False,False
united nurses associations of californiaunion of health care,cross-tree,United Nurses Associations of California/Union of Health Care,5465,1,United Nurses Associations of California/Union of Health Care,130086,False,False
united nurses associations of californiaunion of health care professionals,cross-tree,United Nurses Associations of California/union of Health Care Professionals,5465,1,United Nurses Associations of California/union of Health Care Professionals,130086,False,False
afscme local 2620 aflcio,cross-tree,"AFSCME Local 2620, AFL-CIO",5465,1,"AFSCME, Local 2620, AFL-CIO",75686,False,False
municipal employees local 2620,cross-tree,Municipal Employees Local 2620,5465,1,Municipal Employees Local 2620,84053,False,False
2620 aflcio,cross-tree,"2620, AFL-CIO",5465,1,"2620, AFL-CIO",75686,False,False
los angeles county deputy probation officers union afscme local 685,cross-tree,"Los Angeles County Deputy Probation Officers Union, AFSCME Local 685",5465,1,"Los Angeles County Deputy Probation Officers Union, AFSCME, Local 685",45238,False,False
los angeles probation officers union,cross-tree,Los Angeles Probation Officers' Union,5465,1,Los Angeles Probation Officers' Union,7056,False,False
la county probation department union local 685,cross-tree,L.A. County Probation Department Union Local 685,5465,1,LA County Probation Department Union Local 685,75725,False,False
los angeles county probation department,cross-tree,Los Angeles County Probation Department,5465,1,Los Angeles County Probation Department,139518,False,False
los angeles county probation managers association afscme local 1967,cross-tree,Los Angeles County Probation Managers Association AFSCME Local 1967,5465,1,Los Angeles County Probation Managers Association AFSCME Local 1967,98311,False,False
afscme local 1587 santa clara county probation peace officers union,cross-tree,AFSCME Local 1587 Santa Clara County Probation Peace Officers Union,5465,1,AFSCME Local 1587 Santa Clara County Probation Peace Officers Union,110246,False,False
afscme health and social service professionals,cross-tree,AFSCME - Health and Social Service Professionals,5465,1,AFSCME - Health and Social Service Professionals,61175,False,False
municipal employees,cross-tree,Municipal Employees,5465,1,Municipal Employees,84053,False,False
care professionals,cross-tree-fold,Care Professionals,5465,1,Care Professionals,27326,True,False
california federation of teachers aft aflcio,cross-tree,"California Federation of Teachers, AFT, AFL-CIO",5466,1,"California Federation of Teachers AFT, AFL-CIO",18320,False,False
aft gild san diego community colleges,cross-tree,"AFT Gild, San Diego Community Colleges",5466,1,"AFT Gild, San Diego Community Colleges",37999,False,False
aft guild san diego community colleges,cross-tree,"AFT Guild, San Diego Community Colleges",5466,1,AFT Guild - San Diego Community Colleges,37999,False,False
california federation of teachers aflcio,cross-tree,"CALIFORNIA FEDERATION OF TEACHERS, AFL-CIO",5466,57,California Federation of Teachers AFL-CIO,18320,False,False
university councilaft,cross-tree,University Council-AFT,5466,1,University Council-AFT,130491,False,False
university council california federation of teachers university of california santa cruz,cross-tree,"University Council, California Federation of Teachers, University of California, Santa Cruz",5466,1,"University Council, California Federation of Teachers, University of California, Santa Cruz",130491,False,False
ucaft,cross-tree,UC-AFT,5466,1,UC/AFT,130491,False,False
aft coast federation of teachers local 1911,cross-tree,"AFT Coast Federation of Teachers, Local 1911",5466,1,"AFT Coast Federation of Teachers, Local 1911",123202,False,False
united teachers of los angeles sections 1 and,cross-tree,United Teachers of Los Angeles (sections 1 and),5466,1,United Teachers of Los Angeles (sections 1 and),130291,False,False
california chamber of american fence association,cross-tree,California Chamber of American Fence Association,130173,1,California Chamber of American Fence Association,5468,False,False
california chapter of the american fence association,cross-tree,CALIFORNIA CHAPTER OF THE AMERICAN FENCE ASSOCIATION,5469,1,California - Chapter of the American Fence Association,5468,False,False
california chapter american fence contractors association,cross-tree,"California Chapter, American Fence Contractors Association",5470,1,"California Chapter, American Fence Contractors' Association",5469,False,False
american heart association american stroke association,cross-tree,American Heart Association /American Stroke Association,5572,3,American Heart Association / American Stroke Association,5581,False,False
american stroke association cosponsor,cross-tree,American Stroke Association Co-sponsor,5581,1,American Stroke Association Co-sponsor,6383,False,False
california hotel and lodging association,cross-tree,CALIFORNIA HOTEL AND LODGING ASSOCIATION,5614,6,California Hotel and Lodging Association,22516,False,False
american jewish committee los angeles,cross-tree,American Jewish committee - Los Angeles,5733,1,American Jewish Committee Los Angeles,5735,False,False
clta,cross-tree,CLTA,5753,1,CLTA,22833,False,False
american lung association of ca,cross-tree,American Lung Association of CA,5889,1,American Lung Association of CA,5893,False,False
american lung association in california,cross-tree,American Lung Association In California,5894,1,American Lung Association In California,5893,False,False
american massage therapy association california chapter,cross-tree,American Massage Therapy Association - California Chapter,5924,1,"American Massage Therapy Association, California Chapter",20585,False,False
american nurses association california anac,cross-tree,"American Nurses Association, California (ANA/C)",6016,1,American Nurses Association California (ANA\C),6017,False,False
american nurses associationcalifornia chapter,cross-tree,American Nurses Association/California Chapter,6016,1,American Nurses Association\California chapter,20586,False,False
american nurses associationcalifornia anac,cross-tree,American Nurses Association\California (ANA\C),6016,1,American Nurses Association/California (ANA/C),6017,False,False
american nurses association california chapter,cross-tree,American Nurses Association - California Chapter,6016,1,"American Nurses Association, California Chapter",20586,False,False
cpta,cross-tree-fold,CPTA,6070,1,CPTA,139626,True,False
american property casualty insurance association apcia,cross-tree,"American Property Casualty Insurance Association (""APCIA"")",6121,1,American Property Casualty Insurance Association (APCIA),6119,False,False
california psychiatric association,cross-tree,CALIFORNIA PSYCHIATRIC ASSOCIATION,6122,14,California Psychiatric Association,19919,False,False
ca psychological association,cross-tree,Ca Psychological Association,6126,1,Ca Psychological Association,99199,False,False
american psychological association division of clinical neuropsychology,cross-tree,American Psychological Association - Division of Clinical Neuropsychology,6126,1,"American Psychological Association, Division of Clinical Neuropsychology",6128,False,False
american red cross california chapter,cross-tree,"American Red Cross, California Chapter",6148,1,American Red Cross California Chapter,20642,False,False
american society of civil engineers region 9,cross-tree,"AMERICAN SOCIETY OF CIVIL ENGINEERS, REGION 9",6300,5,American Society of Civil Engineers (Region 9),6295,False,False
california society of health system pharmacists,cross-tree,California Society of Health System Pharmacists,6314,1,California Society of Health System Pharmacists,24552,False,False
california society of health system pharmacists cshp,cross-tree,California Society of Health System Pharmacists (CSHP),6314,1,California Society of Health System Pharmacists (CSHP),19726,False,False
california society for healthsystem pharmacists,cross-tree,California Society for Health-System Pharmacists,6314,1,California Society for Health-System Pharmacists,24559,False,False
california society of healthsystem,cross-tree,CALIFORNIA SOCIETY OF HEALTH-SYSTEM,6314,1,California Society of Health-System,24559,False,False
california speechlanguage hearing association,cross-tree,CALIFORNIA SPEECH-LANGUAGE HEARING ASSOCIATION,6360,9,California Speech/Language Hearing Association,24639,False,False
american subcontractors association california,cross-tree,American Subcontractors Association - California,6388,1,American Subcontractors Association - California,6390,False,False
amvets american veterans department of california,cross-tree,"AMVETS (American Veterans), Department of California",6697,1,"AMVETS (American Veterans), Department of California",6439,False,False
amvets,cross-tree-fold,AM-VETS,6439,1,Amvets,6695,True,False
amvets department of ca,cross-tree,AMVETS - Department of CA,6697,2,"AMVETS, Department of CA",6440,False,False
cvma,cross-tree,CVMA,6453,1,CVMA,132776,False,False
amvetsdepartment of california,cross-tree-fold,AMVETS--Department of California,6697,1,AMVETS-Department of California,6692,True,False
anaheim firefighters association local 2899,cross-tree,Anaheim Firefighters Association Local 2899,66740,1,"Anaheim Firefighters Association, Local 2899",6771,False,False
los angeles county municipal court judgeso association,cross-tree,Los Angeles County Municipal Court Judgeso Association,76789,1,Los Angeles County Municipal Court Judgeso Association,7022,False,False
anheuserbusch inbev,cross-tree,Anheuser-Busch In-Bev,7147,1,Anheuser-Busch InBev,7149,False,False
iatse local 839,cross-tree,IATSE Local 839,66700,1,IATSE Local 839,7367,False,False
anthem blue cross,cross-tree,Anthem Blue Cross,7554,1,Anthem Blue Cross,7555,False,False
blue cross,cross-tree-fold,Blue Cross,7555,1,Blue Cross,15037,True,False
api equality la,cross-tree-fold,API Equality- LA,7775,1,API Equality LA,7776,True,False
los angeles county bar association appellate courts section,cross-tree,"Los Angeles County Bar Association, Appellate Courts Section",33686,1,Los Angeles County Bar Association -- Appellate Courts Section,7831,False,False
court appointed special advocates solano county,cross-tree,"Court Appointed Special Advocates, Solano County",42356,1,"Court Appointed Special Advocates, Solano County",7931,False,False
the arc and united cerebral palsy california collaboration,cross-tree,The Arc and United Cerebral Palsy California Collaboration,8069,18,THE ARC AND UNITED CEREBRAL PALSY CALIFORNIA COLLABORATION,8074,False,False
arc riverside,cross-tree-fold,ARC Riverside,8084,1,ARC RIVERSIDE,8091,True,False
community services agency area agency on aging,cross-tree,Community Services Agency Area Agency on Aging,8249,1,Community Services Agency - Area Agency on Aging,38493,False,False
area agency on aging council san luis obispo and santa barbara counties,cross-tree,"Area Agency on Aging Council, San Luis Obispo and Santa Barbara Counties",8274,1,"Area Agency on Aging Council, San Luis Obispo and Santa: Barbara Counties",8272,False,False
developmental disabilities area board xi,cross-tree,Developmental Disabilities Area Board XI,8286,1,Developmental Disabilities Area Board XI,45515,False,False
physicians for social responsibility san francisco bay area chapter,cross-tree,Physicians for Social Responsibility (San Francisco Bay Area Chapter),95996,1,Physicians for Social Responsibility-- San Francisco Bay Area Chapter,8314,False,False
physicians for social responsibility san franciscobay area chapter,cross-tree,"Physicians for Social Responsibility, San Francisco-Bay Area Chapter",95996,1,"Physicians for Social Responsibility, San Francisco-Bay: Area Chapter",8314,False,False
iatse local 800,cross-tree,IATSE Local 800,66700,1,IATSE Local 800,8630,False,False
asian law caucus,cross-tree-fold,ASIAN LAW CAUCUS,8932,1,Asian Law Caucus,138490,True,False
asian pacific islander caucus seiu local 721,cross-tree,"Asian Pacific Islander Caucus SEIU, Local 721",140789,1,"Asian Pacific Islander Caucus SEIU, Local 721",9111,False,False
association of california life and health insurance companies,cross-tree,ASSOCIATION OF CALIFORNIA LIFE AND HEALTH INSURANCE COMPANIES,10012,1,Association of California Life and Health Insurance Companies,9291,False,False
association of orange county deputy sheriffs,cross-tree,ASSOCIATION OF ORANGE COUNTY DEPUTY SHERIFFS,45245,1,Association of Orange County Deputy Sheriffs,9421,False,False
association of orange county deputy sheriffs aocds,cross-tree,ASSOCIATION OF ORANGE COUNTY DEPUTY SHERIFFS (AOCDS),45245,1,Association of Orange County Deputy Sheriffs (AOCDS),9421,False,False
orange county deputy sheriffs,cross-tree,Orange County Deputy Sheriffs,45245,1,Orange County Deputy Sheriffs,9421,False,False
orange county deputy sheriffs association,cross-tree,ORANGE COUNTY DEPUTY SHERIFFS ASSOCIATION,45245,6,Orange County Deputy Sheriffs Association,9421,False,False
associated general contractors of ca,cross-tree,Associated General Contractors of CA,9509,1,Associated General Contractors of CA,9517,False,False
agc california,cross-tree,AGC California,9509,1,AGC California,9517,False,False
agc of california,cross-tree,AGC of California,9509,1,AGC of California,9517,False,False
associated general contractors california chapters,cross-tree,Associated General Contractors - California Chapters,9509,1,"Associated General Contractors, California Chapters",9517,False,False
agc san diego chapter,cross-tree,AGC San Diego Chapter,9509,1,AGC- San Diego Chapter,9517,False,False
associated general contractors san diego,cross-tree,Associated General Contractors San Diego,9522,1,Associated General Contractors - San Diego,9514,False,False
associated general contractors of california and of san diego,cross-tree,Associated General Contractors of California and of San Diego,9521,1,Associated General Contractors of California (and of San Diego),9516,False,False
associated general contractors of california san diego chapter,cross-tree,"Associated General Contractors of California, San Diego Chapter",9522,1,Associated General Contractors of California - San Diego Chapter,9521,False,False
angeles deputy sheriffs inc,cross-tree,"Angeles Deputy Sheriffs, Inc",45245,1,"Angeles Deputy Sheriffs, Inc",9823,False,False
association for los angeles deputy sheriffs,cross-tree,ASSOCIATION FOR LOS ANGELES DEPUTY SHERIFFS,45245,19,Association for Los Angeles Deputy Sheriffs,9823,False,False
association of los angeles county deputy sheriffs,cross-tree,Association of Los Angeles County Deputy Sheriffs,45245,1,Association of Los Angeles County Deputy Sheriffs,9823,False,False
association for los angeles deputy sheriff,cross-tree,Association for Los Angeles Deputy Sheriff,45245,1,Association for Los Angeles Deputy Sheriff,9823,False,False
association for los angles deputy sheriffs,cross-tree,Association for Los Angles Deputy Sheriffs,45245,1,Association for Los Angles Deputy Sheriffs,9823,False,False
association for los angeles county deputy sheriffs,cross-tree,Association for Los Angeles County Deputy Sheriffs,45245,1,Association for Los Angeles County Deputy Sheriff's,9823,False,False
association of california cities orange county,cross-tree,ASSOCIATION OF CALIFORNIA CITIES - ORANGE COUNTY,9970,7,Association of California Cities- Orange County,9971,False,False
association of california state employees with disabilities support,cross-tree,Association of California State Employees with Disabilities (Support),9991,1,Association of California State Employees with Disabilities (Support),10030,False,False
california water agency association,cross-tree,California Water Agency Association,10039,1,California Water Agency Association,25562,False,False
california acorn,cross-tree-fold,California ACORN,10101,1,California ACORN,138492,True,False
california acorn association of community organizations for reform now,cross-tree,California ACORN [Association of Community Organizations for Reform Now],10101,1,California ACORN [Association of Community Organizations for Reform Now],19616,False,False
association of community and continuing education,cross-tree-fold,Association of Community and Continuing Education,10110,1,Association of Community and Continuing Education,139963,True,False
children lanacc,cross-tree-fold,Children (LA-NACC),10116,1,Children (LANACC),31000,True,False
state association of counties,cross-tree,State Association of Counties,38967,1,State Association of Counties,10117,False,False
california association of county veterans service officers inc cacvso,cross-tree,"California Association of County Veterans Service Officers, Inc. (CACVSO)",10120,1,"California Association of County Veterans Service Officers, Inc. (CACVSO)",85046,False,False
california association of county veterans service officers cacvso,cross-tree,California Association of County Veterans Service Officers (CACVSO),10120,1,CALIFORNIA ASSOCIATION OF COUNTY VETERANS SERVICE OFFICERS (CACVSO),85046,False,False
california association of county veterans service officers,cross-tree,California Association of County Veterans Service Officers,10120,1,California Association of County Veterans Service Officers,19647,False,False
california association of county service veterans officers,cross-tree,California Association of County Service Veterans Officers,10120,1,California Association of County Service Veterans Officers,85046,False,False
california association of county veterans service officer,cross-tree,California Association of County Veterans Service Officer,10120,1,CALIFORNIA ASSOCIATION OF COUNTY VETERANS SERVICE OFFICER,85046,False,False
the california association of county veterans service officers,cross-tree,The California Association of County Veterans Service Officers,10120,1,THE CALIFORNIA ASSOCIATION OF COUNTY VETERANS SERVICE OFFICERS,85046,False,False
cacvso,cross-tree,CACVSO,10120,1,CACVSO,85046,False,False
ca association of county veterans service officers,cross-tree,CA Association of County Veterans Service Officers,10120,1,CA Association of County Veterans Service Officers,19647,False,False
california association county veterans service officers,cross-tree,"California Association, County Veterans Service Officers",10120,1,California Association County Veterans Service Officers,85046,False,False
health administrators caeha,cross-tree,Health Administrators (CAEHA) -,10157,1,Health Administrators (CAEHA),61147,False,False
the california association of environmental health administrators,cross-tree,THE CALIFORNIA ASSOCIATION OF ENVIRONMENTAL HEALTH ADMINISTRATORS,10157,1,The California Association of Environmental Health Administrators,50715,False,False
association of family conciliation courts afcc,cross-tree,ASSOCIATION OF FAMILY & CONCILIATION COURTS (AFCC),10163,1,Association of Family Conciliation Courts (AFCC),52399,False,False
california association of health facilities with the deletion of the continuous appropriation,cross-tree,California Association of Health Facilities (with the deletion of the continuous appropriation),19688,1,California Association of Health Facilities (with the deletion of the continuous appropriation),10203,False,False
california association of health facilities unless staff analysis of sb 732 mello amended,cross-tree,California Association of Health Facilities (Unless STAFF ANALYSIS OF SB 732 (MELLO) amended),19688,1,California Association of Health Facilities (Unless STAFF ANALYSIS OF SB 732 (MELLO) amended),10203,False,False
california association of health underwriters,cross-tree,CALIFORNIA ASSOCIATION OF HEALTH UNDERWRITERS,85072,10,California Association of Health Underwriters,10206,False,False
california hospital associationcalifornia association of hospitals and health systems,cross-tree,California Hospital Association/California Association Of Hospitals And Health Systems,22506,1,California Hospital Association/California Association Of Hospitals And Health Systems,10221,False,False
california organization of police chiefs and sheriffs,cross-tree,California Organization of Police Chiefs and Sheriffs,92019,1,California Organization of Police CHiefs and Sheriffs,10341,False,False
california association of professional liability insurers capli,cross-tree,CALIFORNIA ASSOCIATION OF PROFESSIONAL LIABILITY INSURERS (CAPLI),19911,1,California Association of Professional Liability: Insurers (CAPLI),10357,False,False
california association of public authorities for ihss,cross-tree,California Association of Public Authorities for Ihss,19928,1,California Association of Public Authorities For IHSS,10368,False,False
the california association of public authorities for ihss,cross-tree,The California Association of Public Authorities for IHSS,19928,1,The California Association of Public Authorities for IHSS,10368,False,False
nasw california chapter,cross-tree,NASW - California Chapter,85195,1,NASW California Chapter,10431,False,False
national association of social workers california chapter cosponsor,cross-tree,National Association of Social Workers - California Chapter - Co-Sponsor,85195,1,National Association of Social Workers California Chapter - Co-Sponsor,10433,False,False
national association of social workers california chapter,cross-tree,National Association of Social Workers - California Chapter,85195,44,National Association of Social Workers California Chapter,10433,False,False
association of southern california energy programs asceep,cross-tree-fold,Association of Southern California Energy Programs (ASCEEP),10435,1,Association of Southern California Energy Programs (ASCEEP),139964,True,False
association of the united states army central california,cross-tree,"Association of the United States Army, Central California",10473,1,Association of the United States Army (Central California),10477,False,False
association of the united states army central california chapter 6105,cross-tree,Association of the United States Army (Central California Chapter 6105),10473,1,"Association of the United States Army, Central California Chapter 6105",10478,False,False
atascadero city firefighters local 3600,cross-tree,Atascadero City Firefighters Local 3600,66740,1,"Atascadero City Firefighters, Local 3600",10673,False,False
attorney general of california,cross-tree,Attorney General of California,10817,1,Attorney General of California,10820,False,False
california attorney general,cross-tree,CALIFORNIA ATTORNEY GENERAL,10817,1,California Attorney General,119783,False,False
attorney general of the state of california,cross-tree,Attorney General of the State of California,10817,1,Attorney General of the State of California,21597,False,False
attorney general department of justice state of california,cross-tree,"Attorney General, Department of Justice, State of California",10817,1,"Attorney General, Department of Justice, State of California",21597,False,False
office of attorney general,cross-tree,Office of Attorney General,10817,1,Office of Attorney General,10820,False,False
department of justice office of the attorney general,cross-tree,"Department of Justice, Office of the Attorney General",10817,1,Department of Justice (Office of the Attorney General),21598,False,False
the california attorney generals office,cross-tree,The California Attorney General's Office,10817,1,THE CALIFORNIA ATTORNEY GENERAL'S OFFICE,10820,False,False
attorney general dan lungren,cross-tree,Attorney General Dan Lungren,10817,1,Attorney General Dan Lungren,57073,False,False
office of the attorney general,cross-tree,Office of the Attorney General,10817,1,OFFICE OF THE ATTORNEY GENERAL,10820,False,False
california attorney generals office,cross-tree,CALIFORNIA ATTORNEY GENERAL'S OFFICE,10820,1,California Attorney General's Office,25741,False,False
california attorney generalos office,cross-tree,CALIFORNIA ATTORNEY GENERALOS OFFICE,10820,1,California Attorney Generalos Office,20113,False,False
attorney generals office california district,cross-tree,"Attorney General's Office, California District",10820,1,"Attorney General's Office, California District",90427,False,False
attorney generalos office california district,cross-tree,"Attorney Generalos Office, California District",10820,1,"Attorney Generalos Office, California District",90427,False,False
auditor controller,cross-tree-fold,Auditor -Controller,10910,1,Auditor Controller,10908,True,False
automotive service councils of ca,cross-tree,Automotive Service Councils of CA,11214,1,Automotive Service Councils of CA,11215,False,False
automotive service council of california,cross-tree,Automotive Service Council of California,11214,1,Automotive Service Council of California,11215,False,False
the automotive service councils of california,cross-tree,The Automotive Service Councils of California,11214,1,The Automotive Service Councils of California,11215,False,False
automotive services councils of california,cross-tree,Automotive Services Councils of California,11214,1,Automotive Services Councils of California,11215,False,False
los angeles county sheriff lee baca,cross-tree,Los Angeles County Sheriff Lee Baca,113746,1,Los Angeles County Sheriff Lee Baca,11628,False,False
ca bankers association,cross-tree,CA Bankers Association,139665,1,CA Bankers Association,11985,False,False
barnes noble booksellers,cross-tree-fold,Barnes & Noble Booksellers,12168,1,Barnes & Noble Booksellers,139975,True,False
bay 101 club ab 1416 wesson,cross-tree,Bay 101 Club AB 1416 (Wesson),12399,1,Bay 101 Club AB 1416 (Wesson),12402,False,False
san francisco bay conservation and development commission,cross-tree,San Francisco Bay Conservation and Development Commission,107819,5,San Francisco Bay Conservation and Development Commission,12722,False,False
san francisco baykeeper,cross-tree,San Francisco Baykeeper,12824,1,SAN FRANCISCO BAYKEEPER,107843,False,False
being alive people with hivaids action coalition,cross-tree,Being Alive People with HIV/AIDS Action Coalition,13241,1,Being Alive: People with HIV/AIDS Action Coalition,13235,False,False
bend the arc jewish partnership for justice,cross-tree,Bend the Arc: Jewish Partnership for Justice,13430,1,"Bend the Arc, Jewish Partnership for Justice",13438,False,False
berkeley firefighters association local 1227,cross-tree,"Berkeley Firefighters Association, Local 1227",66740,1,"Berkeley Firefighters Association, Local 1227",13584,False,False
berkeley fire fighters association iaff local 1227,cross-tree,"Berkeley Fire Fighters Association, IAFF Local 1227",66740,1,"Berkeley Fire Fighters Association, IAFF Local 1227",13584,False,False
uc berkeley underground scholars initiative,cross-tree,"UC Berkeley, Underground Scholars Initiative",129379,1,UC Berkeley - Underground Scholars Initiative,13700,False,False
gray panthers,cross-tree,GRAY PANTHERS,58978,12,Gray Panthers,13714,False,False
beverly hills hollywood naacp,cross-tree,Beverly Hills / Hollywood NAACP,84982,1,Beverly Hills / Hollywood NAACP,14012,False,False
bizfed los angeles county business federation,cross-tree,BizFed (Los Angeles County Business Federation),17486,1,BizFed - Los Angeles County Business Federation,14691,False,False
los angeles county business federation bizfed,cross-tree,Los Angeles County Business Federation (BIZFED),17486,1,Los Angeles County Business Federation (BIZFED),14695,False,False
prcblack leadership council,cross-tree,PRC|Black Leadership Council,14789,1,Prc/black Leadership Council,97687,False,False
burlington northern santa fe railway co,cross-tree,Burlington Northern Santa Fe Railway Co,17361,1,Burlington Northern & Santa Fe Railway Co,15190,False,False
burlington northern santa fe railroad,cross-tree,Burlington Northern Santa Fe Railroad,17361,1,Burlington Northern Santa Fe [railroad],15190,False,False
state board of accountancy,cross-tree,State Board of Accountancy,15206,1,State Board of Accountancy,119503,False,False
state board of control,cross-tree-fold,State Board of Control,15228,1,STATE BOARD OF CONTROL,119508,True,False
state board of pharmacy,cross-tree-fold,State Board of Pharmacy,15321,1,State Board of Pharmacy,119551,True,False
contra costa county board of supervisors chair federal glover,cross-tree,"Contra Costa County Board of Supervisors, Chair Federal Glover",15354,1,Contra Costa County Board of Supervisors Chair Federal Glover,15343,False,False
santa clara county board of supervisors,cross-tree,Santa Clara County Board of Supervisors,138296,26,Santa Clara County Board of Supervisors,15382,False,False
board of equalization member george runner,cross-tree,Board of Equalization Member George Runner,57281,1,Board of Equalization Member George Runner,15418,False,False
bond driving school sacramento folsom vacaville elk grove,cross-tree,"Bond Driving School - Sacramento, Folsom, Vacaville, Elk Grove",15649,1,"Bond Driving School, Sacramento, Folsom, Vacaville, Elk Grove",15651,False,False
ventura county council boy scouts of america,cross-tree-fold,Ventura County Council - Boy Scouts of America,15958,1,"Ventura County Council, Boy Scouts of America",132365,True,False
brady california,cross-tree,BRADY California,16122,1,Brady California,139577,False,False
brady campaign california,cross-tree,Brady Campaign California,16122,1,Brady Campaign California,139577,False,False
brady california united against gun violence,cross-tree,Brady California United Against Gun Violence,16122,1,Brady California United Against Gun Violence,139577,False,False
brady united against gun violence ventura county chapter,cross-tree,"Brady United Against Gun Violence, Ventura County Chapter",16122,1,"Brady United Against Gun Violence, Ventura County Chapter",139577,False,False
brady campaign to prevent gun violence sonoma county chapter,cross-tree,"Brady Campaign to Prevent Gun Violence, Sonoma County Chapter",16122,4,"Brady Campaign to Prevent Gun Violence, Sonoma County Chapter",116424,False,False
brady united against gun violence san francisco chapter,cross-tree,BRADY UNITED AGAINST GUN VIOLENCE - SAN FRANCISCO CHAPTER,16122,1,Brady United Against Gun Violence - San Francisco Chapter,107883,False,False
brady campaign to prevent gun violence sacramento valley chapter,cross-tree,"Brady Campaign to Prevent Gun Violence, Sacramento Valley Chapter",16122,3,"Brady Campaign to Prevent Gun Violence, Sacramento Valley Chapter",105587,False,False
brady campaign to prevent gun violence orange county,cross-tree,"Brady Campaign to Prevent Gun Violence, Orange County",16122,1,"Brady Campaign to Prevent Gun Violence, Orange County",91474,False,False
brady orange county,cross-tree,Brady Orange County,16122,1,Brady Orange County,91474,False,False
brady campaign to prevent gun violence nevada county chapter,cross-tree,"Brady Campaign to Prevent Gun Violence, Nevada County Chapter",16122,3,"Brady Campaign to Prevent Gun Violence, Nevada County Chapter",87155,False,False
brady campaign to prevent gun violence san fernando valley chapter,cross-tree,"Brady Campaign to Prevent Gun Violence, San Fernando Valley Chapter",16122,3,"Brady Campaign to Prevent Gun Violence, San Fernando Valley Chapter",107677,False,False
brady campaign,cross-tree-fold,BRADY CAMPAIGN,16122,1,Brady Campaign,139577,True,False
california chapters of the brady campaign to prevent gun violence,cross-tree,California Chapters of the Brady Campaign to Prevent Gun Violence,16122,1,California Chapters of the Brady Campaign to Prevent Gun Violence,17880,False,False
brotherhood of teamsters auto truck drivers local 70 of,cross-tree,"Brotherhood of Teamsters, Auto Truck Drivers, Local 70 of",66855,1,"Brotherhood of Teamsters, Auto Truck Drivers, Local 70 of",16713,False,False
browning ferris industries,cross-tree,Browning & Ferris Industries,16788,1,Browning Ferris Industries,16785,False,False
bruce bayaert,cross-tree,Bruce Bayaert,16800,1,Bruce Bayaert,127371,False,False
buena vista audubon society,cross-tree-fold,Buena Vista Audubon Society,85272,3,Buena Vista Audubon Society,16992,True,False
buena vista rancheria mewuk indians,cross-tree,Buena Vista Rancheria - Me-Wuk Indians,16999,1,Buena Vista Rancheria Me-wuk Indians,17000,False,False
building material construction industrial profession and technical teamster union local 36,cross-tree,"Building Material, Construction, Industrial, Profession and Technical Teamster Union Local 36",66855,1,"Building Material, Construction, Industrial, Profession and Technical Teamster Union Local 36",17167,False,False
burbank police chief,cross-tree,Burbank Police Chief,97070,1,Burbank Police Chief,17287,False,False
city of burbank police department,cross-tree,City of Burbank Police Department,97070,1,City of Burbank Police Department,17287,False,False
burbank chief of police,cross-tree,Burbank Chief of Police,97070,2,Burbank Chief of Police,17287,False,False
burns mcdonnell,cross-tree-fold,Burns & McDonnell,17394,1,Burns McDonnell,17403,True,False
ca business properties assoc,cross-tree,Ca Business Properties Assoc,17512,1,Ca Business Properties Assoc,73961,False,False
ca association of county veterans service officers cacvso,cross-tree,CA ASSOCIATION OF COUNTY VETERANS SERVICE OFFICERS (CACVSO),85046,1,CA Association of County Veterans Service Officers (CACVSO),17852,False,False
california attorneys for criminal justice,cross-tree,CALIFORNIA ATTORNEY'S FOR CRIMINAL JUSTICE,20115,12,California Attorneys for Criminal Justice,17866,False,False
california child care resource and referral network,cross-tree,California Child Care Resource and Referral Network,30874,1,California Child Care Resource and Referral Network,17882,False,False
marin county board of supervisors,cross-tree,Marin County Board of Supervisors,17896,1,"Marin County, Board of Supervisors",41705,False,False
california coast keeper alliance,cross-tree,California Coast Keeper Alliance,17899,1,California Coast Keeper Alliance,20999,False,False
california grain feed association,cross-tree,CALIFORNIA GRAIN & FEED ASSOCIATION,17964,1,California Grain Feed Association,22268,False,False
league of united latin american citizens lulac,cross-tree,LEAGUE OF UNITED LATIN AMERICAN CITIZENS (LULAC),74005,1,League of United Latin American Citizens (LULAC),17992,False,False
plumbing heating cooling contractors of california,cross-tree,Plumbing Heating Cooling Contractors of California,96912,1,"Plumbing, Heating, Cooling Contractors of California",17993,False,False
ca legislative conference of the plumbing heating and piping industry,cross-tree,"CA Legislative Conference of the Plumbing, Heating and Piping Industry",22926,1,"CA Legislative Conference of the Plumbing, Heating and Piping Industry",17993,False,False
california longterm care ombudsman association the sponsor,cross-tree,"California Long-term Care Ombudsman Association, the sponsor",18000,1,"California Long-term Care Ombudsman Association, the sponsor",23008,False,False
california longterm care ombudsman association,cross-tree,California Long-Term Care Ombudsman Association,18000,1,California Long-Term Care Ombudsman Association,23008,False,False
california longterm care ombudsman association sponsor,cross-tree,California Long-Term Care Ombudsman Association - Sponsor,18000,1,California Long-Term Care Ombudsman Association - Sponsor,23008,False,False
california public health association north,cross-tree,California Public Health Association - North,23973,1,"California Public Health Association, North",18022,False,False
california public securities association,cross-tree,California Public Securities Association,18025,1,California Public Securities Association,23994,False,False
ca retired county employees assn,cross-tree,CA Retired County Employees Assn,24198,1,CA Retired County Employees Assn.,18039,False,False
california solar energy industries association calseia,cross-tree,California Solar Energy Industries Association/ CalSEIA,116099,1,California Solar Energy Industries Association (CalSEIA),18062,False,False
vietnam veterans of america ca state council,cross-tree,"Vietnam Veterans of America, CA State Council",18116,1,Vietnam Veterans of America - CA State Council,133049,False,False
vietnam veterans of california california state council,cross-tree,Vietnam Veterans of California - California State Council,18116,1,"Vietnam Veterans of California, California State Council",133050,False,False
california wildlife foundation,cross-tree,California Wildlife Foundation,25628,1,CALIFORNIA WILDLIFE FOUNDATION,18124,False,False
ca unemployment insurance appeals board,cross-tree,Ca. Unemployment Insurance Appeals Board,18157,1,Ca. Unemployment Insurance Appeals Board,25459,False,False
caiclac,cross-tree-fold,CAI-CLAC,37886,1,CAI/CLAC,18313,True,False
san diego cajon valley union elementary,cross-tree-fold,SAN DIEGO CAJON VALLEY UNION ELEMENTARY,18338,1,SAN DIEGO CAJON VALLEY UNION ELEMENTARY,106847,True,False
calepa,cross-tree,CalEPA,18718,4,Cal-EPA,18380,False,False
california environmental protection agency calepa,cross-tree,California Environmental Protection Agency (CalEPA),21872,1,California Environmental Protection Agency (Cal-EPA),18380,False,False
calexpo,cross-tree-fold,CalExpo,18382,1,Cal-Expo,18500,True,False
cal fire local 2881,cross-tree,CAL FIRE Local 2881,18383,3,CAL FIRE Local 2881,18740,False,False
caltash,cross-tree-fold,Cal-Tash,18468,1,Caltash,26219,True,False
caltax,cross-tree,CALTAX,25246,1,Cal-Tax,18469,False,False
caltrout,cross-tree-fold,Cal-Trout,18472,1,Caltrout,26244,True,False
calaveras county sheriffs department,cross-tree,Calaveras County Sheriff's Department,113746,1,Calaveras County Sheriffs' Department,18576,False,False
calexico chamber of commerce board of directors,cross-tree,Calexico Chamber of Commerce Board of Directors,130173,1,Calexico Chamber of Commerce Board of Directors,18721,False,False
california county superintendents educational services association,cross-tree-fold,California County Superintendents Educational Services Association,18853,1,California County Superintendents Educational Services Association,140650,True,False
california rifle pistol association inc,cross-tree,"California Rifle & Pistol Association, Inc",86250,1,"California Rifle & Pistol Association, Inc",18918,False,False
california rifle and pistol association inc,cross-tree,California Rifle and Pistol Association Inc,86250,1,"California Rifle And Pistol Association, Inc",18918,False,False
ca rifle and pistol assoc inc,cross-tree,"CA Rifle and Pistol Assoc., Inc",86250,1,"Ca. Rifle and Pistol Assoc., Inc",18918,False,False
ca special districts association,cross-tree,CA Special Districts Association,24624,1,CA Special Districts Association,18928,False,False
national organization for women california,cross-tree,National Organization for Women - California,86100,1,"National Organization for Women, California",18976,False,False
ca abortion and reproductive rights caral,cross-tree,CA Abortion and Reproductive Rights (CARAL),84818,1,CA Abortion and Reproductive Rights (CARAL),19015,False,False
ca abortion and reproductive rights,cross-tree,CA Abortion and Reproductive Rights,84818,1,CA Abortion and Reproductive Rights,19015,False,False
county alcohol and drug program administrations association of california,cross-tree,County Alcohol and Drug Program Administrations Association of California,19204,1,County Alcohol and Drug Program Administrations Association of California,19203,False,False
county alcohol and drug program administrators of california,cross-tree,County Alcohol and Drug Program Administrators of California,41165,1,County Alcohol and Drug Program Administrators of California,19204,False,False
county alcohol and drug program administrators association of california,cross-tree,County Alcohol and Drug Program Administrators' Association of California,41165,1,County Alcohol and Drug Program Administrators: Association of California,19204,False,False
california cable telecommunications association,cross-tree,CALIFORNIA CABLE & TELECOMMUNICATIONS ASSOCIATION,20376,1,California Cable Telecommunications Association,19322,False,False
california asian pacific chamber,cross-tree,California Asian Pacific Chamber,130173,1,California Asian Pacific Chamber,19385,False,False
california association of medical laboratory technology camlt,cross-tree,CALIFORNIA ASSOCIATION OF MEDICAL LABORATORY TECHNOLOGY (CAMLT),19468,1,California Association of Medical Laboratory: Technology (CAMLT),19829,False,False
california association of microenterprise opportunity,cross-tree,California Association of Micro-Enterprise Opportunity,19473,1,California Association of Microenterprise Opportunity,19844,False,False
california association of alcoholism and drug abuse counselors,cross-tree,California Association of Alcoholism and Drug Abuse Counselors,19535,8,California Association of Alcoholism and Drug Abuse Counselors,41187,False,False
california association of hospitals and,cross-tree,California Association of Hospitals and,19742,1,California Association of Hospitals and,19568,False,False
california charter schools association advocates,cross-tree,CALIFORNIA CHARTER SCHOOLS ASSOCIATION ADVOCATES,19575,1,California Charter Schools Association Advocates,30389,False,False
california association of county veterans service officers inc,cross-tree,"California Association of County Veterans Service Officers, Inc",85046,1,"California Association of County Veterans Service Officers, Inc",19647,False,False
california association of county veterans service,cross-tree,California Association of County Veterans Service,85046,1,California Association of County Veterans Service,19652,False,False
california assn of county veterans service,cross-tree,California Assn. of County Veterans Service,85046,1,California Assn. of County Veterans Service,19652,False,False
california state association of electrical workers,cross-tree,California State Association of Electrical Workers,24715,1,California State Association of Electrical Workers,19676,False,False
california association of hmos,cross-tree,California Association of HMO's,19722,2,California Association of HMOs,19735,False,False
california association of hmos inc,cross-tree,"California Association of HMO's, Inc",19722,1,"California Association of HMOs, Inc.",19735,False,False
systems,cross-tree-fold,Systems,19742,1,Systems,122616,True,False
calafco,cross-tree,CALAFCO,19803,1,CALAFCO,19776,False,False
california mental health association,cross-tree,California Mental Health Association,80791,1,California Mental Health Association,19832,False,False
california organization of police and sheriffs association,cross-tree,California Organization of Police and Sheriffs Association,92019,1,California Organization of Police and Sheriffs Association,19890,False,False
the california organization of police and sheriffs,cross-tree,THE CALIFORNIA ORGANIZATION OF POLICE AND SHERIFFS,92019,1,The California Organization of Police and Sheriffs,19890,False,False
liability insurers,cross-tree-fold,Liability Insurers,19911,1,Liability Insurers,74742,True,False
california public administratorpublic guardianpublic conservator association,cross-tree,California Public Administrator/Public Guardian/Public Conservator Association,19926,1,California Public Administrator/Public Guardian/Public: Conservator Association,23948,False,False
california state association of public administrators public guardians and public conservators,cross-tree,"California State Association of Public Administrators, Public Guardians and Public Conservators",24731,1,"California State Association of Public Administrators, Public Guardians, and- Public Conservators",19926,False,False
california association of public authorities for in home supportive services,cross-tree,California Association of Public Authorities for In- Home Supportive Services,19928,1,California Association of Public Authorities for In- Home Supportive Services,19929,False,False
california association of public authorities for inhome supportive services,cross-tree-fold,California Association of Public Authorities for In-Home: Supportive Services,19928,1,California Association of Public Authorities for In-Home Supportive Services,19932,True,False
california public hospitals and health systems,cross-tree,California Public Hospitals and Health Systems,19941,1,California Public Hospitals and Health Systems,23978,False,False
california state assembly association of surgical technologists,cross-tree,California State Assembly Association of Surgical Technologists,20048,1,California State Assembly - Association of Surgical Technologists,24675,False,False
athletic commission,cross-tree,Athletic Commission,24736,1,Athletic Commission,20109,False,False
county behavioral health directors assn of california,cross-tree,County Behavioral Health Directors Assn. of California,41347,1,County Behavioral Health Directors Assn. of California,20223,False,False
california catholic conference of bishops,cross-tree,CALIFORNIA CATHOLIC CONFERENCE OF BISHOPS,20452,1,California Catholic Conference of Bishops,20456,False,False
california chamber,cross-tree,California Chamber,130173,1,California Chamber,20544,False,False
california national electrical contractors association,cross-tree,California National Electrical Contractors Association,85673,1,California National Electrical Contractors Association,20608,False,False
national electrical contractors association california chapter,cross-tree,"National Electrical Contractors Association, California Chapter",20657,1,National Electrical Contractors Association - California Chapter,20608,False,False
california national organization for the reform of marijuana laws,cross-tree,California National Organization for the Reform of Marijuana Laws,20610,1,California National Organization for the Reform of Marijuana Laws,86096,False,False
california national organization for women san gabriel valley chapter,cross-tree,"California National Organization for Women, San Gabriel Valley Chapter",23285,1,"California National Organization for Women, San Gabriel: Valley Chapter",20611,False,False
solid waste association of north america california chapters,cross-tree,"Solid Waste Association of North America, California Chapters",116226,1,Solid Waste Association of North America - California Chapters,20612,False,False
solid waste association of north america california chapters swana,cross-tree,"Solid Waste Association of North America, California Chapters (SWANA)",116226,20,Solid Waste Association of North America - California Chapters (SWANA),20612,False,False
california chapter wild sheep foundation,cross-tree,California Chapter Wild Sheep Foundation,20614,1,California Chapter - Wild Sheep Foundation,20631,False,False
california chapters of the national association of pediatric,cross-tree,California Chapters of the National Association: of Pediatric,20651,1,California Chapters of the National Association of Pediatric,20653,False,False
national electrical contractors association california chapters,cross-tree,"NATIONAL ELECTRICAL CONTRACTORS ASSOCIATION, CALIFORNIA CHAPTERS",20657,1,National Electrical Contractors Association -- California Chapters,85673,False,False
safari club international california coalition,cross-tree-fold,Safari Club International - California Coalition,20661,1,Safari Club International California Coalition,105738,True,False
california charter school association advocates,cross-tree,California Charter School Association Advocates,20673,1,California Charter School Association Advocates,30389,False,False
first 5 california,cross-tree,First 5 California,20719,1,FIRST 5 California,53587,False,False
league of california cities latino caucus,cross-tree,LEAGUE OF CALIFORNIA CITIES - LATINO CAUCUS,73967,4,League of California Cities Latino Caucus,20774,False,False
united cerebral palsy association california coalition,cross-tree,United Cerebral Palsy Association (California Coalition),20978,1,"United Cerebral Palsy Association, California Coalition",20974,False,False
california college and university police chiefs association,cross-tree,CALIFORNIA COLLEGE AND UNIVERSITY POLICE CHIEF'S ASSOCIATION,97053,1,California College and University Police Chiefs Association,21036,False,False
the california college and university police chiefs association,cross-tree,THE CALIFORNIA COLLEGE AND UNIVERSITY POLICE CHIEF'S ASSOCIATION,97053,1,The California College and University Police Chiefs Association,21036,False,False
california commission on the status of women,cross-tree,CALIFORNIA COMMISSION ON THE STATUS OF WOMEN,21083,12,California Commission on the Status of Women,21064,False,False
california commission on aging ccoa sponsor,cross-tree,California Commission on Aging (CCoA) - sponsor,21069,1,California Commission on Aging (CCoA) - sponsor,37404,False,False
commission on aging,cross-tree-fold,Commission on Aging,21069,1,COMMISSION ON AGING,37404,True,False
california community colleges chancellors office,cross-tree,California Community Colleges (Chancellor's Office),21133,1,"California Community Colleges, Chancellor's Office",21150,False,False
california conference of machinists,cross-tree,California Conference of Machinists,21245,1,California Conference of Machinists,39116,False,False
californianevada conference of operating engineers,cross-tree,CALIFORNIA-NEVADA CONFERENCE OF OPERATING ENGINEERS,25796,9,California-Nevada Conference of Operating Engineers,21248,False,False
prevent child abuse california,cross-tree,"Prevent Child Abuse, California",21284,1,Prevent Child Abuse - California,97980,False,False
controller,cross-tree,Controller,21317,1,Controller,119618,False,False
california council for environmental and economic balance,cross-tree,CALIFORNIA COUNCIL FOR ENVIRONMENTAL AND ECONOMIC BALANCE,21358,1,California Council for Environmental and Economic Balance,40818,False,False
california council for environmental economic balance,cross-tree,CALIFORNIA COUNCIL FOR ENVIRONMENTAL & ECONOMIC BALANCE,21358,1,California Council for Environmental Economic Balance,40818,False,False
california state council of service employees seiu,cross-tree,California State Council of Service Employees (SEIU),140789,1,"California State Council of Service Employees, SEIU",21407,False,False
california state council of service employees seiu ca,cross-tree,California State Council of Service Employees (SEIU CA),140789,1,California State Council of Service Employees (SEIU CA),21407,False,False
california state council of the service employees international union seiu california,cross-tree,CALIFORNIA STATE COUNCIL OF THE SERVICE EMPLOYEES INTERNATIONAL UNION (SEIU CALIFORNIA),140789,2,California State Council of the Service Employees International Union (seiu California),21408,False,False
state employees international union,cross-tree-fold,State Employees International Union,21408,1,State Employees International Union,119697,True,False
environmental caucus of the california democratic party,cross-tree,Environmental Caucus of the California Democratic Party,21541,1,Environmental Caucus of the California Democratic Party,21542,False,False
10th ad democrats,cross-tree-fold,10th AD Democrats,21541,1,10th AD Democrats,139598,True,False
veterans caucus of the california democratic party,cross-tree,VETERANS CAUCUS OF THE CALIFORNIA DEMOCRATIC PARTY,21541,1,Veterans Caucus of the California Democratic Party,132680,False,False
veterans caucus california democratic party,cross-tree,Veterans Caucus California Democratic Party,21541,1,"Veterans Caucus, California Democratic Party",132680,False,False
san francisco democratic party,cross-tree,San Francisco Democratic Party,21541,1,San Francisco Democratic Party,107975,False,False
department of aging,cross-tree-fold,Department of Aging,21561,1,Department of Aging,44965,True,False
california state department of education,cross-tree,California State Department of Education,21572,1,California State Department of Education,119655,False,False
tony thurmond state superintendent of public instruction,cross-tree-fold,Tony Thurmond - State Superintendent of Public Instruction,21572,1,"Tony Thurmond, State Superintendent of Public Instruction",126928,True,False
department of finance,cross-tree,Department of Finance,21579,2,DEPARTMENT OF FINANCE,45043,False,False
the department of finance,cross-tree,The Department of Finance,21579,1,THE DEPARTMENT OF FINANCE,45043,False,False
california department of forestry firefighters cdf,cross-tree,California Department of Forestry Firefighters (CDF),21585,1,California Department of Forestry Firefighters (CDF),21590,False,False
california department of forestry firefighters,cross-tree,CALIFORNIA DEPARTMENT OF FORESTRY FIREFIGHTERS,66740,1,California Department of Forestry Firefighters,21589,False,False
state department of forestry firefighters,cross-tree,State Department of Forestry Firefighters,66740,1,State Department of Forestry Firefighters,21590,False,False
california department of forestry firefighters cdf firefighters,cross-tree,California Department of Forestry Firefighters (CDF Firefighters),66740,1,California Department of Forestry Firefighters (CDF Firefighters),21590,False,False
california pta 15th district,cross-tree,California PTA 15th District,24962,1,California PTA 15th District,21675,False,False
california pta 12th district,cross-tree,California PTA 12th District,24962,1,California PTA 12th District,21675,False,False
california district council of iron workers,cross-tree,California District Council of Iron Workers,46213,1,California District Council of Iron Workers,21680,False,False
california employment lawyers association cela,cross-tree,"California Employment Lawyers Association ""CELA",21820,1,California Employment Lawyers Association (CELA),50095,False,False
fair employment and housing commission,cross-tree,Fair Employment and Housing Commission,52078,1,Fair Employment and Housing Commission,21913,False,False
california firefighters association,cross-tree,California Firefighters Association,66740,1,California Firefighters Association,22065,False,False
california fire fighters,cross-tree,California Fire Fighters,66740,1,California Fire Fighters,22065,False,False
disability rights california is,cross-tree,Disability Rights California is,46012,1,Disability Rights California is,22136,False,False
disability rights california,cross-tree,Disability Rights California,46012,13,Disability Rights California,22136,False,False
disability rights of california,cross-tree,Disability Rights of California,22136,1,Disability Rights of California,46014,False,False
california fraternal order of police,cross-tree,CALIFORNIA FRATERNAL ORDER OF POLICE,55163,3,California Fraternal Order of Police,22185,False,False
naacp california hawaii state conference,cross-tree,NAACP California Hawaii State Conference,84982,1,NAACP California Hawai'i State Conference,22333,False,False
naacp california state conference,cross-tree,NAACP California State Conference,84982,1,N.A.A.C.P. - California State Conference,24784,False,False
california hawaii state conference naacp,cross-tree,California Hawaii State Conference NAACP,84982,1,California - Hawaii State Conference NAACP,22333,False,False
california hiv advocacy coalition southern california region,cross-tree,"California HIV Advocacy Coalition, Southern California Region",22467,1,California HIV Advocacy Coalition - Southern California Region,22466,False,False
california hiv advocacy coalition southern california,cross-tree,California HIV Advocacy Coalition (Southern California),22467,1,California HIV Advocacy Coalition / Southern California,22466,False,False
cha,cross-tree,CHA,22506,1,CH+A,25836,False,False
ca housing partnership,cross-tree,CA Housing Partnership,22539,1,CA Housing Partnership,22543,False,False
ca independent public employees legislative council inc,cross-tree,"CA Independent Public Employees Legislative Council, Inc",22590,1,"CA Independent Public Employees: Legislative Council, Inc",22611,False,False
independent energy producers association,cross-tree,Independent Energy Producers Association,65334,1,Independent Energy Producers Association,22591,False,False
ciga,cross-tree,CIGA,22595,1,CIGA,22708,False,False
california interscholastic federation southern section,cross-tree,California Interscholastic Federation - Southern Section,22735,1,"California Interscholastic Federation, Southern Section",22744,False,False
cif southern section,cross-tree,CIF - Southern Section,22735,1,CIF Southern Section,117819,False,False
california judicial counsel,cross-tree,California Judicial Counsel,69555,1,California Judicial Counsel,22784,False,False
calif law revision commission,cross-tree,Calif. Law Revision Commission,22876,1,Calif. Law Revision Commission,73759,False,False
state bar business law section,cross-tree,STATE BAR BUSINESS LAW SECTION,22878,1,"State Bar, Business Law Section",119486,False,False
state bar family law section,cross-tree,STATE BAR FAMILY LAW SECTION,22878,1,"State Bar, Family Law Section",119486,False,False
state bar of california family law section,cross-tree,State Bar of California Family Law Section,22878,1,"State Bar of California, Family Law Section",119486,False,False
state bar of california environmental law section,cross-tree,"State Bar of California, Environmental Law Section",22878,1,State Bar of California Environmental Law Section,119486,False,False
the league of women voters of ca,cross-tree,The League of Women Voters of CA,22885,1,THE LEAGUE OF WOMEN VOTERS OF CA,74038,False,False
league of women voters of california,cross-tree-fold,League of Women Voters of California,22885,1,League of Women Voters of California,74038,True,False
california league of conservation voters education fund,cross-tree,California League of Conservation Voters Education Fund,22885,1,California League of Conservation Voters - Education Fund,73989,False,False
engineers,cross-tree,Engineers,50441,8,Engineers,22935,False,False
california latino legislative caucus,cross-tree,California Latino Legislative Caucus,22940,1,California Latino Legislative Caucus,22944,False,False
bay area lisc,cross-tree,Bay Area Lisc,75317,1,Bay Area Lisc,22982,False,False
california manufacturers technology association cmta,cross-tree,California Manufacturers & Technology Association (CMTA),23055,1,California Manufacturers Technology Association (CMTA),78649,False,False
california manufacturers association,cross-tree,CALIFORNIA MANUFACTURERS ASSOCIATION,23055,1,California Manufacturers Association,78650,False,False
ca medical association,cross-tree,CA Medical Association,139578,1,Ca. Medical Association,23100,False,False
california now national organization for women,cross-tree,California Now - National Organization for Women,86100,1,California NOW (National Organization for Women),23281,False,False
california now,cross-tree,California NOW,23285,2,California NOW,23281,False,False
california organization for women now,cross-tree,California Organization for Women (NOW),23285,1,California Organization for Women (NOW),86100,False,False
california national organization for women ca now,cross-tree,California National Organization for Women (CA NOW),23285,1,California National Organization for Women (CA NOW),86100,False,False
california national organization for women now,cross-tree,California National Organization for Women (NOW),23285,1,California National Organization for Women (NOW),86100,False,False
california native plant society san diego chapter,cross-tree,California Native Plant Society - San Diego Chapter,23304,1,CALIFORNIA NATIVE PLANT SOCIETY - SAN DIEGO CHAPTER,106893,False,False
california nurses associationnational nurses organizing committee national nurses united,cross-tree,"California Nurses Association/National Nurses Organizing Committee, National Nurses United",23437,1,"California Nurses Association/National Nurses Organizing Committee, National Nurses United",23425,False,False
california nurses association national nurses organizing committee,cross-tree,California Nurses Association / National Nurses Organizing Committee,23437,1,California Nurses Association/ National Nurses Organizing Committee,23425,False,False
california nurses association national nurses united,cross-tree,California Nurses Association / National Nurses United,23437,1,California Nurses Association/ National Nurses United,23439,False,False
california nurses associationnational nurses united,cross-tree,California Nurses Association-National Nurses United,23437,1,California Nurses Association/National Nurses United,23439,False,False
nurses association california,cross-tree,"Nurses Association, California",23437,1,Nurses Association California,89583,False,False
office of emergency services,cross-tree,Office of Emergency Services,90366,4,Office of Emergency Services,23474,False,False
ca court reporters assoc,cross-tree,CA Court Reporters Assoc,85619,1,CA Court Reporters Assoc,23483,False,False
ca organization of police sheriffs,cross-tree,CA Organization of Police & Sheriffs,92019,1,CA Organization of Police & Sheriff's,23524,False,False
the therapeutic recreation section of the california park and recreation society,cross-tree,The Therapeutic Recreation Section of the California Park and Recreation Society,23621,1,The Therapeutic Recreation Section of the California Park and Recreation Society,126206,False,False
california plumbing and mechanical contractors association,cross-tree,California Plumbing and Mechanical Contractors Association,23752,1,California Plumbing and Mechanical Contractors Association,23753,False,False
california police chiefso association inc,cross-tree,"California Police Chiefso Association, Inc",97053,1,"California Police Chiefso Association, Inc",23775,False,False
california police chiefs association inc,cross-tree,"California Police Chief's Association, Inc",97053,1,"California Police Chiefs' Association, Inc",23775,False,False
california police chiefs associations inc,cross-tree,"California Police Chiefs Associations, Inc",97053,1,"California Police Chiefs Associations, Inc",23775,False,False
polytechnic state university san luis obispo,cross-tree,"Polytechnic State: University, San Luis Obispo",23787,1,"Polytechnic State University, San Luis Obispo",23786,False,False
california professional firefighters inc,cross-tree,"California Professional Firefighters, Inc",66740,1,"California Professional Firefighters, Inc",23884,False,False
united professional fire fighters of contra costa county,cross-tree,United Professional Fire Fighters of Contra Costa County,66740,1,United Professional Fire Fighters of Contra Costa County,23891,False,False
california professional firefighters california,cross-tree,"California Professional Firefighters, California",66740,1,"California Professional Firefighters, California",23893,False,False
california professional firefighters orange county local 3631,cross-tree,"California Professional Firefighters, Orange County Local 3631",66740,1,"California Professional Firefighters, Orange County Local 3631",23895,False,False
oakland privacy,cross-tree,OAKLAND PRIVACY,89907,5,Oakland Privacy,23958,False,False
california public interest research group calprig,cross-tree,California Public Interest Research Group (CALPRIG),99402,1,California Public Interest Research Group (CALPRIG),23981,False,False
california refuse recycling council northern district,cross-tree,"California Refuse Recycling Council, Northern District",24074,1,California Refuse Recycling Council - Northern District,24072,False,False
california religious action center of reform judaism,cross-tree,California Religious Action Center Of Reform Judaism,24118,1,California Religious Action Center of Reform Judaism,101901,False,False
california resources corporation,cross-tree,California Resources Corporation,102397,1,California Resources Corporation,24169,False,False
ca retailers association,cross-tree,CA Retailers Association,86246,1,CA Retailers Association,24192,False,False
california right to life political action committee,cross-tree,California Right to Life Political Action! Committee,24228,1,California Right to Life Political Action Committee,24233,False,False
california rural legal assistance foundation crla,cross-tree,California Rural Legal Assistance Foundation (CRLA),24273,1,"California Rural Legal Assistance Foundation, CRLA",24267,False,False
crlaf,cross-tree,CRLAF,24273,1,CRLAF,74304,False,False
policylink,cross-tree,POLICYLINK,97136,1,PolicyLink,24286,False,False
california school employees association aflcio,cross-tree,"California School Employees Association, AFL-CIO",24348,1,"California School Employees' Association, AFL-CIO",111458,False,False
california school employees association aflcio csea,cross-tree,"California School Employees Association, AFL-CIO (CSEA)",24348,1,"California School Employees Association, AFL-CIO (CSEA)",111458,False,False
california state council of service employees,cross-tree,California State Council Of Service Employees,140789,3,California State Council of Service Employees,24440,False,False
california state council service employees international union seiu,cross-tree,"California State Council, Service Employees International Union (SEIU)",140789,1,"California State Council, Service Employees International Union (SEIU)",24440,False,False
california state council of service employees international union cosponsor,cross-tree,California State Council of Service Employees International Union co-sponsor,140789,1,California State Council of Service Employees International Union co-sponsor,24440,False,False
california state council of service employees international union seiu ca,cross-tree,California State Council of Service Employees International Union (SEIU CA),140789,1,California State Council of Service Employees International Union (SEIU Ca),24440,False,False
california society of clinical social work,cross-tree,California Society of Clinical Social Work,24516,1,CALIFORNIA SOCIETY OF CLINICAL SOCIAL WORK,24540,False,False
california society of oriental medicine,cross-tree,California Society of Oriental Medicine,24521,1,California Society of Oriental Medicine,24568,False,False
solana beach firefighters local 3779,cross-tree,"Solana Beach Firefighters, Local 3779",66740,1,"Solana Beach Firefighters, Local 3779",24586,False,False
california solar storage association,cross-tree,California Solar + Storage Association,24589,1,CALIFORNIA SOLAR & STORAGE ASSOCIATION,24587,False,False
california state association of counties excess insurance authority,cross-tree-fold,California State Association of Counties - Excess Insurance Authority,38967,1,California State Association of Counties Excess Insurance Authority,24692,True,False
the california board of guide dogs for the blind,cross-tree-fold,The California Board of Guide Dogs for the Blind,24763,1,The California Board of Guide Dogs for the Blind,124273,True,False
state building and construction trades of california,cross-tree,State Building and Construction Trades of California,119573,1,STATE BUILDING AND CONSTRUCTION TRADES OF CALIFORNIA,24767,False,False
california state conference of naacp,cross-tree,California State Conference of NAACP,84982,1,California State Conference of NAACP,24782,False,False
california hawaii state conference of the naacp,cross-tree,CALIFORNIA HAWAII STATE CONFERENCE OF THE NAACP,84982,1,California Hawaii State Conference of The NAACP,24782,False,False
california state conference of the national association for the advancement of colored people,cross-tree,CALIFORNIA STATE CONFERENCE OF THE NATIONAL ASSOCIATION FOR THE ADVANCEMENT OF COLORED PEOPLE,84982,1,California State Conference of the national Association for the Advancement of Colored People,24784,False,False
california state conference of the national association for the advancement of the colored people,cross-tree,California State Conference of the National Association for the Advancement of the Colored People,84982,1,California State Conference of the National Association for the Advancement of the Colored People,24784,False,False
california state conference of the naacp national association for the advancement of colored people,cross-tree,California State Conference of the NAACP (National Association for the Advancement of Colored People),84982,1,California State Conference of the NAACP (National Association for the Advancement of Colored People),24784,False,False
california state conference of the national association for the advancement of colored people naacp,cross-tree,California State Conference Of The National Association For The Advancement Of Colored People (NAACP),84982,1,California State Conference Of The National Association For The Advancement Of Colored People (NAACP),24784,False,False
california state conference of the naacp,cross-tree,California State Conference of the NAACP,84982,1,California State Conference of the NAACP,24784,False,False
california naacp,cross-tree,CALIFORNIA NAACP,84982,1,California NAACP,24784,False,False
ca state naacp,cross-tree,CA State NAACP,84982,1,CA State NAACP,24784,False,False
california state conference of the national association for the advancement of colored,cross-tree,California State Conference of the National Association for the Advancement of Colored,84982,1,California State Conference of the National Association for the Advancement of Colored,24784,False,False
california conference of the national association for the advancement of colored people,cross-tree,California Conference of the National Association for the Advancement of Colored People,84982,1,California Conference of the National Association for the Advancement of Colored People,24784,False,False
california state conference naacp,cross-tree,California State Conference NAACP,84982,1,"California State Conference, NAACP",24784,False,False
california naacp state conference office,cross-tree,California NAACP State Conference Office,84982,1,California NAACP State Conference Office,24784,False,False
california state conference of the national association for the advancement of colored people california naacp,cross-tree,California State Conference of the National Association for the Advancement of Colored People (California NAACP),84982,1,California State Conference of the National Association for the Advancement of Colored People (California NAACP),24784,False,False
california state national association for the advancement of colored people,cross-tree,California State National Association for the Advancement of Colored People,84982,1,California State National Association for the Advancement of Colored People,24784,False,False
malia m cohen california state controller,cross-tree,"Malia M. Cohen, California State Controller",24786,1,Malia M. Cohen - California State Controller,90435,False,False
betty t yee california state controller,cross-tree,"Betty T. Yee, California State Controller",90415,1,Betty T. Yee - California State Controller,24786,False,False
laborers local 185,cross-tree,Laborers Local 185,24802,1,Laborers' Local 185,39506,False,False
laborers local 792,cross-tree,Laborers' Local 792,24802,1,Laborers' Local 792,72284,False,False
laborers local 724 studio utility employees,cross-tree,Laborers Local 724 - Studio Utility Employees,24802,1,Laborers Local 724 Studio Utility Employees,75726,False,False
california state council of seiu,cross-tree,California State Council of SEIU,140789,1,California State Council of SEIU,24808,False,False
california state council seiu,cross-tree,"CALIFORNIA STATE COUNCIL, SEIU",140789,101,California State Council SEIU,24811,False,False
seiu ca state council,cross-tree,SEIU - CA State Council,112846,1,SEIU CA State Council,24811,False,False
seiu california state council,cross-tree,SEIU - California State Council,140789,1,Seiu California State Council,24811,False,False
united food and commercial workers western states conference,cross-tree,"United Food and Commercial Workers, Western States Conference",129932,1,United Food and Commercial Workers (Western States Conference),24824,False,False
vfw department of california,cross-tree,"VFW, Department of California",132744,1,VFW - Department of California,24825,False,False
state department of health services,cross-tree-fold,State Department of Health Services,24834,1,State Department of Health Services,119664,True,False
california department of parks and recreation,cross-tree,California Department of Parks and Recreation,45107,1,California Department of Parks and Recreation,24836,False,False
california state employeeso association,cross-tree-fold,California State Employeeso Association,24850,1,California State Employeeso Association,24857,True,False
california state lodge fraternal order of police,cross-tree,California State Lodge Fraternal Order of Police,24916,2,California State Lodge - Fraternal Order of Police,24877,False,False
california state legislative board of smarttd,cross-tree,California State Legislative Board of SMART-TD,66773,1,California State Legislative Board of SMART-TD,24905,False,False
california state legislative board of smart,cross-tree,California State Legislative Board of SMART,66773,1,California State Legislative Board of SMART,24905,False,False
california state legislative board smarttd,cross-tree,California State Legislative Board SMART-TD,66773,1,California State Legislative Board SMART-TD,24905,False,False
california state legislative board of sheet metal air rail and transportation workers transportation division,cross-tree,"California State Legislative Board of Sheet Metal, Air, Rail and Transportation Workers - Transportation Division",66773,1,"California State Legislative Board of Sheet Metal, Air, Rail and Transportation Workers - Transportation Division",24905,False,False
california state legislative board of smart transportation division,cross-tree,California State Legislative Board of SMART - Transportation Division,66773,1,California State Legislative Board of SMART - Transportation Division,24905,False,False
california state legislative board of the sheet metal air rail and transportation,cross-tree,"California State Legislative Board of the Sheet Metal, Air, Rail and Transportation",66773,1,"California State Legislative Board of the Sheet Metal, Air, Rail and Transportation",24905,False,False
california state legislative board smarttransportation division,cross-tree,California State Legislative Board SMART-Transportation Division,66773,1,California State Legislative Board SMART-Transportation Division,24905,False,False
california state legislative board smart transportation division,cross-tree,California State Legislative Board SMART - Transportation Division,66773,1,"California State Legislative Board, SMART Transportation Division",24906,False,False
smart transportation division,cross-tree,Smart Transportation Division,66773,1,Smart - Transportation Division,24906,False,False
california state parent teacher association,cross-tree,California State Parent Teacher Association,24962,1,California State Parent Teacher Association,24938,False,False
california state parentteacher association,cross-tree,California State Parent/Teacher Association,24962,1,California State Parent-Teacher Association,24938,False,False
31st district ptsa,cross-tree,31st District PTSA,24962,1,31st District PTSA,126291,False,False
superintendent of public instruction,cross-tree,SUPERINTENDENT OF PUBLIC INSTRUCTION,121655,7,Superintendent of Public Instruction,24996,False,False
california state teachers retirement system,cross-tree,California State Teacher's Retirement System,119893,1,California State Teachers' Retirement System,25006,False,False
california state teachers retirement system strs,cross-tree,California State Teachers Retirement System (STRS),119893,1,California State Teachers Retirement System (STRS),25006,False,False
state treasurer philip angelides,cross-tree,State Treasurer Philip Angelides,25009,1,State Treasurer Philip Angelides,119904,False,False
california state university office of the chancellor,cross-tree,"California State University, Office of the Chancellor",25014,1,California State University Office of the Chancellor,25048,False,False
california state university fresno department of communicative disorders and deaf studies,cross-tree,"California State University, Fresno (Department of Communicative Disorders and Deaf Studies)",25014,1,"California State University, Fresno, Department of Communicative: Disorders and Deaf Studies",25078,False,False
indivisible california statestrong,cross-tree,Indivisible California Statestrong,65521,1,Indivisible California: StateStrong,25141,False,False
student aid commission,cross-tree-fold,Student Aid Commission,25180,1,Student Aid Commission,120793,True,False
student senate for california community colleges,cross-tree,STUDENT SENATE FOR CALIFORNIA COMMUNITY COLLEGES,120831,13,Student Senate for California Community Colleges,25190,False,False
california teachers associationcommunity college association,cross-tree,California Teachers Association/Community College Association,25268,1,California Teachers Association/Community College Association,38000,False,False
california teachers association community college association,cross-tree,California Teachers Association Community College Association,25268,1,California Teachers Association Community College Association,38000,False,False
california teachers of english to speakers of other languages,cross-tree,California Teachers of English to: Speakers of Other Languages,25272,1,California Teachers of English to Speakers of Other Languages,25271,False,False
trade and commerce agency,cross-tree,Trade and Commerce Agency,25354,1,Trade and Commerce Agency,127288,False,False
caltrade,cross-tree-fold,CAL-Trade,25358,1,CalTrade,26230,True,False
victim compensation and government claims board,cross-tree,Victim Compensation and Government Claims Board,25528,1,Victim Compensation and Government Claims Board,132862,False,False
american water works association californianevada section,cross-tree,American Water Works Association California-Nevada Section,25804,1,"American Water Works Association, California/Nevada section",25788,False,False
california nevada soft drink association,cross-tree,California Nevada Soft Drink Association,124321,1,California Nevada Soft Drink Association,25825,False,False
californians for a healthy and green economy,cross-tree,Californians for a Healthy and Green Economy,25901,1,Californians for a Healthy and Green Economy,25902,False,False
sergio lopez mayor campbell,cross-tree,"Sergio Lopez, Mayor, Campbell",32712,1,"Sergio Lopez - Mayor, Campbell",26578,False,False
caoc,cross-tree-fold,CAOC,39633,1,CAOC,26878,True,False
capitol one,cross-tree-fold,Capitol One,26992,1,Capitol One,27080,True,False
central american resource center carecen of california,cross-tree,Central American Resource Center - Carecen - of California,27347,1,Central American Resource Center (CARECEN) of California,29163,False,False
yolo county,cross-tree,Yolo County,139516,5,Yolo County,27797,False,False
sierra cascade land trust council,cross-tree,Sierra Cascade Land Trust Council,114357,1,Sierra- Cascade Land Trust Council,27839,False,False
cathedral city mayor kathleen j derosa,cross-tree,Cathedral City (Mayor Kathleen J. Derosa),28098,1,"Cathedral City Mayor, Kathleen J. DeRosa",28099,False,False
cawa representing the automotive parts industry,cross-tree,CAWA- Representing the Automotive Parts Industry,28280,1,Cawa - Representing the Automotive Parts Industry,28278,False,False
cendent car rental group avis and budget,cross-tree,Cendent Car Rental Group (Avis and Budget),28546,1,Cendent Car Rental Group (Avis and Budget),28547,False,False
loyola marymount university center for equity for english learners,cross-tree,Loyola Marymount University Center for Equity for English Learners,77579,1,Loyola Marymount University - Center for Equity for English Learners,28745,False,False
center for juvenile law and policy loyola law school,cross-tree,Center for Juvenile Law and Policy - Loyola Law School,28838,1,"Center for Juvenile Law and Policy, Loyola Law School",28839,False,False
center for policy initiatives,cross-tree,Center for Policy Initiatives,29085,1,Center for Policy Initiatives,28912,False,False
western center on law poverty,cross-tree,Western Center on Law & Poverty,135247,56,Western Center on Law & Poverty,29083,False,False
center on reproductive rights and justice uc berkeley school of law,cross-tree,"Center on Reproductive Rights and Justice, UC Berkeley School of Law",29098,1,"Center on Reproductive Rights and Justice (UC Berkeley, School of Law)",29096,False,False
the center orange county,cross-tree,The Center Orange County,74707,1,The Center - Orange County,29119,False,False
kern inyo mono counties central labor council,cross-tree,"Kern, Inyo, Mono Counties Central Labor Council",29453,1,"Kern, Inyo & Mono Counties, Central Labor Council",70756,False,False
century housing culver city,cross-tree,"Century Housing, Culver City",29723,1,Century Housing (Culver City),29724,False,False
san bernardino chaffey union high,cross-tree-fold,SAN BERNARDINO CHAFFEY UNION HIGH,29907,1,SAN BERNARDINO CHAFFEY UNION HIGH,106492,True,False
el centro chamber of commerce visitors bureau,cross-tree,El Centro Chamber of Commerce & Visitors Bureau,130173,1,El Centro Chamber of Commerce & Visitor's Bureau,29969,False,False
costa mesa chamber of commerce,cross-tree,Costa Mesa Chamber of Commerce,130173,1,Costa Mesa Chamber of Commerce,29971,False,False
gardena valley chamber of commerce,cross-tree,Gardena Valley Chamber of Commerce,130173,1,Gardena Valley Chamber of Commerce,29973,False,False
greater merced chamber of commerce,cross-tree,GREATER MERCED CHAMBER OF COMMERCE,130173,1,Greater Merced Chamber of Commerce,29974,False,False
san diego chamber of commerce,cross-tree,San Diego Chamber of Commerce,130173,10,San Diego Chamber of Commerce,29975,False,False
city of san diego chamber of commerce,cross-tree,City of San Diego Chamber of Commerce,130173,1,City of San Diego Chamber of Commerce,29975,False,False
santa clarita valley chamber of commerce,cross-tree,Santa Clarita Valley Chamber of Commerce,130173,1,Santa Clarita Valley Chamber of Commerce,29979,False,False
bishop chamber of commerce and visitors bureau,cross-tree,Bishop Chamber of Commerce and Visitors Bureau,130173,1,Bishop Chamber of Commerce and Visitors Bureau,29983,False,False
laguna niguel chamber of commerce,cross-tree,Laguna Niguel Chamber of Commerce,130173,1,Laguna Niguel Chamber of Commerce,29985,False,False
los angeles chamber of commerce,cross-tree,Los Angeles Chamber of Commerce,130173,2,Los Angeles Chamber of Commerce,29986,False,False
los angeles gay lesbian chamber of commerce,cross-tree,LOS ANGELES GAY & LESBIAN CHAMBER OF COMMERCE,130173,4,Los Angeles Gay & Lesbian Chamber of Commerce,29986,False,False
downtown los angeles chamber of commerce,cross-tree,Downtown Los Angeles Chamber of Commerce,130173,1,Downtown Los Angeles Chamber of Commerce,29986,False,False
san jose silicon valley chamber of commerce,cross-tree,San Jose Silicon Valley Chamber of Commerce,130173,1,San Jose Silicon Valley Chamber of Commerce,29989,False,False
alhambra chamber of commerce,cross-tree,Alhambra Chamber of Commerce,130173,1,Alhambra Chamber of Commerce,29990,False,False
apple valley chamber of commerce,cross-tree,Apple Valley Chamber of Commerce,130173,1,Apple Valley Chamber Of Commerce,29992,False,False
azusa chamber of commerce,cross-tree,Azusa Chamber of Commerce,130173,1,Azusa Chamber of Commerce,29993,False,False
california chamber of commerce sempra energy,cross-tree,"California Chamber of Commerce, Sempra Energy",130173,1,"California Chamber of Commerce, Sempra Energy",29995,False,False
chico greater chamber of commerce,cross-tree,Chico Greater Chamber of Commerce,130173,1,Chico Greater Chamber of Commerce,29998,False,False
chico chamber of commerce,cross-tree,CHICO CHAMBER OF COMMERCE,130173,2,Chico Chamber Of Commerce,29998,False,False
fairfield suisun chamber of commerce,cross-tree,Fairfield Suisun Chamber of Commerce,130173,1,Fairfield- Suisun Chamber of Commerce,30001,False,False
fairfield suisun city chamber of commerce,cross-tree,Fairfield - Suisun City Chamber of Commerce,130173,1,Fairfield - Suisun City Chamber of Commerce,30001,False,False
greater bakersfield chamber of commerce,cross-tree,GREATER BAKERSFIELD CHAMBER OF COMMERCE,130173,1,Greater Bakersfield Chamber of Commerce,30002,False,False
fresno chamber of commerce,cross-tree,FRESNO CHAMBER OF COMMERCE,130173,1,Fresno Chamber of Commerce,30003,False,False
greater fresno area chamber of commerce,cross-tree,GREATER FRESNO AREA CHAMBER OF COMMERCE,130173,1,Greater Fresno Area Chamber of Commerce,30003,False,False
greater irvine chamber of commerce,cross-tree,GREATER IRVINE CHAMBER OF COMMERCE,130173,1,Greater Irvine Chamber of Commerce,30005,False,False
modesto chamber of commerce,cross-tree,MODESTO CHAMBER OF COMMERCE,130173,2,Modesto Chamber of Commerce,30010,False,False
napa chamber of commerce,cross-tree,Napa Chamber of Commerce,130173,1,Napa Chamber of Commerce,30012,False,False
newport beach chamber of commerce,cross-tree,Newport Beach Chamber of Commerce,130173,4,Newport Beach Chamber of Commerce,30013,False,False
redondo beach chamber of commerce,cross-tree,Redondo Beach Chamber of Commerce,130173,6,Redondo Beach Chamber of Commerce,30015,False,False
salinas valley chamber of commerce,cross-tree,Salinas Valley Chamber of Commerce,130173,1,Salinas Valley Chamber of Commerce,30017,False,False
temecula valley chamber of commerce,cross-tree,Temecula Valley Chamber of Commerce,130173,1,Temecula Valley Chamber of Commerce,30020,False,False
upland chamber of commerce,cross-tree,Upland Chamber of Commerce,130173,2,Upland Chamber of Commerce,30023,False,False
the chamber of the santa barbara region,cross-tree,THE CHAMBER OF THE SANTA BARBARA REGION,130173,1,The Chamber of the Santa Barbara Region,30047,False,False
chamber of the santa barbara region,cross-tree,CHAMBER OF THE SANTA BARBARA REGION,130173,1,Chamber of the Santa Barbara Region,30047,False,False
chambers of commerce alliance ventura santa barbara counties,cross-tree,Chambers of Commerce Alliance Ventura & Santa Barbara Counties,130173,1,"Chambers of Commerce Alliance, Ventura & Santa Barbara Counties",30062,False,False
chambers of commerce alliance ventura and santa barbara counties,cross-tree,Chambers of Commerce Alliance Ventura and Santa Barbara Counties,130173,1,Chambers of Commerce Alliance (Ventura and Santa Barbara Counties),30062,False,False
change beings with me indivisible chapter,cross-tree,Change Beings with ME - Indivisible Chapter,65521,1,Change Beings with ME - Indivisible Chapter,30139,False,False
change begins with me indivisible,cross-tree,Change Begins With Me- Indivisible,65521,1,Change Begins With Me (INDIVISIBLE),30139,False,False
change begins with me indivisible group,cross-tree,Change Begins with Me Indivisible Group,65521,6,Change Begins with ME Indivisible Group,30139,False,False
change begins with me indivisible in california assembly district 78,cross-tree,"Change Begins With ME, Indivisible in California Assembly District 78",65521,1,"Change Begins With ME, Indivisible in California Assembly District 78",30139,False,False
chauffeurs teamsters and helpers local 150,cross-tree,"Chauffeurs, Teamsters and Helpers Local 150",66855,1,"Chauffeurs, Teamsters and Helpers Local 150",30434,False,False
texaco inc,cross-tree,Texaco Inc,123863,1,"Texaco, Inc",30595,False,False
childrens defense fund california cdfca,cross-tree,Children's Defense Fund- California (CDF-CA),31110,1,Children's Defense Fund - California (CDF-CA),31111,False,False
childrens hospital central california,cross-tree,Children's Hospital Central California,31158,1,Children's Hospital Central California,31167,False,False
public counsel childrens rights project,cross-tree,Public Counsel - Children's Rights Project,31244,1,Public Counsel Children's Rights Project,99308,False,False
silicon valley citizens against lawsuit abuse,cross-tree,Silicon Valley Citizens Against Lawsuit Abuse,32062,1,Silicon Valley Citizens Against Lawsuit Abuse,114504,False,False
city and county of san francisco office of the district attorney,cross-tree,City and County of San Francisco Office of the District Attorney,46205,1,"City and County of San Francisco, Office of the District Attorney",32332,False,False
terence hallinan san francisco district attorney,cross-tree,"Terence Hallinan, San Francisco District Attorney",46205,1,"Terence Hallinan, San Francisco District Attorney",32332,False,False
london breed mayor of city county of san francisco,cross-tree,London Breed - Mayor of City & County of San Francisco,32332,1,"London Breed, Mayor of City & County of San Francisco",76006,False,False
mayor london breed san francisco,cross-tree,Mayor London Breed (San Francisco),32332,1,"Mayor London Breed, San Francisco",34355,False,False
department on the status of women city and county of san francisco,cross-tree,"Department on the Status of Women, City and County of San Francisco",32358,1,Department on the Status of Women (City and County of San Francisco),45179,False,False
city college of san francisco guardian scholars program,cross-tree,City College of San Francisco - Guardian Scholars Program,32398,1,City College of San Francisco Guardian Scholars Program,59997,False,False
the city of anaheim,cross-tree-fold,THE CITY OF ANAHEIM,32530,1,The City of Anaheim,37273,True,False
city of azusa police department,cross-tree,City of Azusa Police Department,97070,1,City of Azusa Police Department,32586,False,False
city of beverly hills police department,cross-tree,City of Beverly Hills Police Department,97070,1,"City of Beverly Hills, Police Department",32654,False,False
city of brea police department,cross-tree,City of Brea Police Department,97070,1,"City of Brea, Police Department",32672,False,False
city of buena park police department,cross-tree,City of Buena Park Police Department,97070,1,"City of Buena Park, Police Department",32682,False,False
city of carlsbad housing redevelopment department,cross-tree,City of Carlsbad - Housing & Redevelopment Department,32721,1,City of Carlsbad Housing & Redevelopment Department,32723,False,False
city of culver city police department,cross-tree,City of Culver City Police Department,97070,1,City of Culver City Police Department,33063,False,False
desert hot springs,cross-tree-fold,Desert Hot Springs,33107,1,Desert Hot Springs,45331,True,False
diamond bar,cross-tree-fold,Diamond Bar,33114,2,DIAMOND BAR,45647,True,False
city of folsom police department,cross-tree,City of Folsom Police Department,97070,1,City of Folsom Police Department,33244,False,False
city of fontana police department,cross-tree,City of Fontana Police Department,97070,1,"City of Fontana, Police Department",33252,False,False
city of fountain valley police department,cross-tree,City of Fountain Valley Police Department,97070,1,"City of Fountain Valley, Police Department",33273,False,False
city of fremont police department,cross-tree,City of Fremont Police Department,97070,1,"City of Fremont, Police Department",33280,False,False
city of fullerton police department,cross-tree,City of Fullerton Police Department,97070,1,"City of Fullerton, Police Department",33314,False,False
garden grove,cross-tree-fold,Garden Grove,33323,1,Garden Grove,56656,True,False
city of glendale public works dept,cross-tree,City of Glendale (Public Works Dept.),33336,1,City of Glendale Public Works Dept,33343,False,False
city of irvine police department,cross-tree,City of Irvine Police Department,97070,1,"City of Irvine, Police Department",33486,False,False
city of irwindale police department,cross-tree,City of Irwindale Police Department,97070,1,City of Irwindale Police Department,33490,False,False
long beach fire fighters local 372,cross-tree,"Long Beach Fire Fighters, Local 372",66740,1,"Long Beach Fire Fighters, Local 372",33642,False,False
city of los angeles office of the chief legislative analyst,cross-tree,City of Los Angeles - Office of the Chief Legislative Analyst,33668,1,"City of Los Angeles, Office of the Chief Legislative Analyst",33709,False,False
city of los angeles office of chief legislative analyst,cross-tree,"City of Los Angeles, Office of Chief Legislative Analyst",33709,1,City of Los Angeles Office of Chief Legislative Analyst,33678,False,False
los angeles county bar association family law section,cross-tree,Los Angeles County Bar Association Family Law Section,33686,1,Los Angeles County Bar Association - Family Law Section,52504,False,False
city of los angeles police department,cross-tree,City of Los Angeles Police Department,97070,1,City of Los Angeles Police Department,33710,False,False
city of madera police dept,cross-tree,City of Madera Police Dept,97070,1,City of Madera Police Dept,33747,False,False
city of monrovia police department,cross-tree,City of Monrovia Police Department,97070,1,"City of Monrovia, Police Department",33824,False,False
the newport beach police department,cross-tree,THE NEWPORT BEACH POLICE DEPARTMENT,97070,1,The Newport Beach Police Department,33911,False,False
city of norwalk,cross-tree,City of Norwalk,138592,9,CITY OF NORWALK,33922,False,False
mayor libby schaaf city of oakland,cross-tree,Mayor Libby Schaaf - City of Oakland,33931,1,Mayor Libby Schaaf- City of Oakland,33932,False,False
city of ontario police department,cross-tree,City of Ontario Police Department,97070,1,"City of Ontario, Police Department",33976,False,False
city of oxnard police department,cross-tree,City of Oxnard Police Department,97070,1,"City of Oxnard, Police Department",34002,False,False
pacific grove,cross-tree,Pacific Grove,34006,1,Pacific Grove,92928,False,False
pasadena fire fighters,cross-tree,Pasadena Fire Fighters,66740,7,Pasadena Fire Fighters,34045,False,False
pico rivera,cross-tree,Pico Rivera,34063,1,Pico Rivera,96073,False,False
the pomona police department,cross-tree,THE POMONA POLICE DEPARTMENT,97070,1,The Pomona Police Department,34098,False,False
city of redding police department,cross-tree,City of Redding Police Department,97070,1,"City of Redding, Police Department",34150,False,False
city of riverside police department,cross-tree,City of Riverside Police Department,97070,1,City of Riverside Police Department,34212,False,False
city of roseville police department,cross-tree,City of Roseville Police Department,97070,1,City of Roseville Police Department,34237,False,False
city of sacramento police department,cross-tree,City of Sacramento Police Department,97070,1,City of Sacramento Police Department,34256,False,False
city of san bruno mayor and chief of police,cross-tree,"City of San Bruno, Mayor and Chief of Police",34293,1,"City of San Bruno, Mayor and Chief of Police",34291,False,False
city of san diego police department,cross-tree,City of San Diego Police Department,97070,1,"City of San Diego, Police Department",34304,False,False
city of santa ana police department,cross-tree,City of Santa Ana Police Department,97070,1,"City of Santa Ana, Police Department",34431,False,False
city of signal hill police department,cross-tree,City of Signal Hill Police Department,97070,1,"City of Signal Hill, Police Department",34531,False,False
south el monte,cross-tree,South El Monte,49242,1,South El Monte,34564,False,False
city of south pasadena police department,cross-tree,City of South Pasadena Police Department,97070,1,City of South Pasadena Police Department,34576,False,False
city of torrance police department,cross-tree,City of Torrance Police Department,97070,1,City of Torrance Police Department,34651,False,False
city of torrence,cross-tree-fold,City of Torrence,34651,1,CITY OF TORRENCE,34655,True,False
the city of vista,cross-tree-fold,The City of Vista,34752,1,The City of Vista,140433,True,False
the city project,cross-tree-fold,THE CITY PROJECT,34844,2,The City Project,140434,True,False
city of claremont police department,cross-tree,City of Claremont Police Department,97070,1,City of Claremont Police Department,35005,False,False
cleanearth4kidsorg,cross-tree-fold,CleanEarth4/Kids.org,35233,1,Cleanearth4kids.org,35235,True,False
climate action campaign humboldt,cross-tree,"Climate Action Campaign, Humboldt",64390,1,"Climate Action Campaign, Humboldt",35410,False,False
climate reality project silicon valley,cross-tree-fold,Climate Reality Project - Silicon Valley,35468,1,"CLIMATE REALITY PROJECT, SILICON VALLEY",35487,True,False
the climate reality project san fernando valley,cross-tree,"The Climate Reality Project, San Fernando Valley",35468,1,The Climate Reality Project - San Fernando Valley,107680,False,False
california clinical laboratory association ccla,cross-tree,California Clinical Laboratory Association (CCLA),139667,1,California Clinical Laboratory Association (CCLA),35538,False,False
clorox,cross-tree,Clorox,35576,9,Clorox,138442,False,False
fresno clovis unified,cross-tree,FRESNO CLOVIS UNIFIED,55644,1,FRESNO CLOVIS UNIFIED,35648,False,False
coalition of small and disabled veteran businesses,cross-tree,Coalition of Small and Disabled Veteran Businesses,36145,1,Coalition of Small and Disabled Veteran Businesses,36344,False,False
coalition of parent support,cross-tree,Coalition of Parent Support,36322,1,Coalition of Parent Support,36324,False,False
cdf firefighters,cross-tree-fold,CDF Firefighters,66740,1,CDF Firefighters,37266,True,False
state franchise tax board,cross-tree-fold,State Franchise Tax Board,37269,1,State Franchise Tax Board,119731,True,False
orange county chamber of commerce,cross-tree,Orange County Chamber of Commerce,130173,2,Orange County Chamber of Commerce,37306,False,False
san francisco chamber of commerce,cross-tree,SAN FRANCISCO CHAMBER OF COMMERCE,130173,2,San Francisco Chamber of Commerce,37311,False,False
organization and economy little hoover commission,cross-tree,"Organization and Economy (""Little Hoover Commission"")",75369,1,Organization and Economy (Little Hoover Commission),37410,False,False
state public affairs committee junior leagues of california,cross-tree,"State Public Affairs Committee, Junior Leagues of California",119863,1,State Public Affairs Committee - Junior Leagues of California,37539,False,False
ed and toni eames,cross-tree,Ed and Toni Eames,85755,1,Ed and Toni Eames,37541,False,False
communications workers of america district 9 aflcio,cross-tree,"COMMUNICATIONS WORKERS OF AMERICA, DISTRICT 9, AFL-CIO",37684,1,"Communications Workers of America - District 9, AFL-CIO",37683,False,False
communications workers of america district 9 in california,cross-tree,"Communications Workers of America, District 9 in California",37684,1,"Communications Workers of America, District 9 in California",37683,False,False
community associations institutecalifornia legislative,cross-tree,Community Associations Institute-California Legislative,37705,1,Community Associations Institute/California Legislative,37890,False,False
community associations institutecalifornia legislative action,cross-tree,Community Associations Institute-California Legislative Action,37705,1,Community Associations Institute/California Legislative Action,37885,False,False
community clinic association of los angeles,cross-tree,Community Clinic Association of Los Angeles,37977,1,Community Clinic Association of Los Angeles,37976,False,False
council of community clinics san diego,cross-tree,"Council of Community Clinics, San Diego",38057,1,Council of Community Clinics (San Diego),40884,False,False
community medical centers fresno,cross-tree,Community Medical Centers (Fresno),38342,1,Community Medical Centers Fresno,38346,False,False
community memorial hospital of san buenaventura,cross-tree,Community Memorial Hospital of San: Buenaventura,38355,1,Community Memorial Hospital of San Buenaventura,38354,False,False
community residential care association of ca,cross-tree,Community Residential Care Association of CA,38444,1,Community Residential Care Association of CA,38445,False,False
community residential care association of california,cross-tree,COMMUNITY RESIDENTIAL CARE ASSOCIATION OF CALIFORNIA,38444,1,Community Residential Care Association of California,38445,False,False
computing technology industry association comptia,cross-tree,Computing Technology Industry Association (CompTIA),38817,1,Computing Technology Industry Association - CompTIA,38818,False,False
health access,cross-tree,Health Access,38975,17,Health Access,61141,False,False
university of california riverside college of engineering,cross-tree-fold,"University of California, Riverside - College of Engineering",38976,1,"University of California, Riverside College of Engineering",130704,True,False
university of california cooperative extension school nutrition education program,cross-tree,University of California Cooperative Extension School Nutrition Education Program,38976,1,University of California Cooperative Extension School: Nutrition Education Program,128919,False,False
university of california cooperative extension tulare county,cross-tree-fold,"University of California Cooperative Extension, Tulare County",38976,1,University of California Cooperative Extension - Tulare County,130564,True,False
university of california berkeley,cross-tree,"University of California, Berkeley",38976,1,University of California Berkeley,130536,False,False
conference of delegates of california bar associations,cross-tree,Conference of Delegates of California Bar Associations,39103,2,CONFERENCE OF DELEGATES OF CALIFORNIA BAR ASSOCIATIONS,39111,False,False
conference of delegates of the state bar of california,cross-tree,Conference of Delegates of the State Bar of California,119486,12,Conference of Delegates of the State Bar of California,39112,False,False
congregation kol ami west hollywood,cross-tree,Congregation Kol Ami (West Hollywood),39179,1,"Congregation Kol Ami, West Hollywood",71395,False,False
consumer attorneys of california caoc,cross-tree,"Consumer Attorneys of California, (CAOC)",39633,1,Consumer Attorneys of California (CAOC),124583,False,False
consumer protection policy center university of san diego school of law,cross-tree,Consumer Protection Policy Center - University of San Diego School of Law,39692,1,"Consumer Protection Policy Center, University of San Diego School of Law",39693,False,False
consumer protection policy center usd school of law,cross-tree,"Consumer Protection Policy Center, USD School of Law",39692,1,Consumer Protection Policy Center - USD School of Law,39694,False,False
consumer protection policy centeruniversity of san diego school of law,cross-tree,"Consumer Protection Policy Center-University of San Diego, School of Law",39692,1,Consumer Protection Policy Center/University of San Diego School of Law,39693,False,False
consumer protection policy centerusd school of law,cross-tree,Consumer Protection Policy Center/USD School of Law,39692,1,Consumer Protection Policy Center/usd School of Law,39694,False,False
continental rehabilitation hospital of san diego,cross-tree,Continental Rehabilitation Hospital of San: Diego,39827,1,Continental Rehabilitation Hospital of San Diego,39828,False,False
contra costa county deputy sheriffs association,cross-tree,CONTRA COSTA COUNTY DEPUTY SHERIFFS ASSOCIATION,45245,1,Contra Costa County Deputy Sheriffs' Association,39931,False,False
council of acupuncture and oriental medicine,cross-tree,Council of Acupuncture and Oriental Medicine,40847,1,Council of Acupuncture and Oriental Medicine,40844,False,False
california national council of jewish women,cross-tree,California National Council of Jewish Women,85556,1,California National Council of Jewish Women,40915,False,False
council of philippine american organizations of san diego,cross-tree,Council of Philippine American Organizations of San Diego,40931,1,Council of Philippine American Organizations of San Diego,40932,False,False
council of philippine american organizations of san diego county,cross-tree,Council of Philippine American Organizations of San Diego County,40931,1,Council of Philippine American Organizations of San Diego County,40932,False,False
santa clara and san benito counties building construction trades council,cross-tree,Santa Clara and San Benito Counties Building & Construction Trades Council,110044,1,Santa Clara and San Benito Counties Building & Construction: Trades Council,40993,False,False
county of lake administrative office lakeport calif,cross-tree,"County of Lake, Administrative Office -Lakeport, Calif",41625,1,"County of Lake, Administrative Office - Lakeport, Calif",41613,False,False
county of los angeles,cross-tree,County of Los Angeles,76649,1,County of Los Angeles,41644,False,False
county of los angeles board of supervisors,cross-tree,COUNTY OF LOS ANGELES BOARD OF SUPERVISORS,76649,1,County of Los Angeles Board of Supervisors,41646,False,False
los angeles county department of health services,cross-tree,Los Angeles County Department of Health Services,45066,1,Los Angeles County Department of Health Services,41663,False,False
veterans advisory council orange county,cross-tree,"Veterans Advisory Council, Orange County",41806,1,Veterans Advisory Council - Orange County,132660,False,False
county of sacramento,cross-tree,COUNTY OF SACRAMENTO,139503,2,County of Sacramento,41886,False,False
county of sacramento department of health and human services,cross-tree,County of Sacramento Department of Health and Human Services,105217,1,County of Sacramento - Department of Health and Human Services,41890,False,False
county board of san bernardino,cross-tree,County Board of San Bernardino,139505,1,County Board of San Bernardino,41925,False,False
san diego county office of the district attorney,cross-tree,San Diego County Office of the District Attorney,46205,1,"San Diego County, Office of the District Attorney",41945,False,False
county of ventura district attorney,cross-tree,County of Ventura District Attorney,46205,1,County of Ventura District Attorney,42183,False,False
stanislaus county police chiefs sheriffs and district attorneys association,cross-tree,"Stanislaus County Police Chiefs, Sheriffs and District Attorneys Association",119240,1,Stanislaus County Police Chiefs' Sheriff's and District Attorney's Association,42249,False,False
county recorders association of the state of california,cross-tree,County Recorders' Association of the State of California,42266,1,County Recorders' Association of the State of California,42269,False,False
california assn of county veterans service officers,cross-tree,California Assn of County Veterans Service Officers,85046,1,California Assn. of County Veterans Service Officers,42327,False,False
county welfare directors association of california cwda,cross-tree,County Welfare Directors Association of California (CWDA),134685,1,County Welfare Directors Association of California (CWDA),42338,False,False
court appointed special advocate association of los angeles,cross-tree,Court Appointed Special Advocate Association of Los Angeles,42356,1,Court Appointed Special Advocate Association of Los Angeles,42382,False,False
ca credit union league,cross-tree,CA Credit Union League,85623,1,CA Credit Union League,42711,False,False
creegan dangelo,cross-tree-fold,Creegan & D'Angelo,42721,1,Creegan + D'Angelo,42722,True,False
crime victims united of california cvuc,cross-tree,CRIME VICTIMS UNITED OF CALIFORNIA (CVUC),42851,1,Crime Victims United of California (CVUC),42852,False,False
cruz m bustamante lieutenant governor state of california,cross-tree,"Cruz M. Bustamante, Lieutenant Governor State of California",125233,1,"Cruz M. Bustamante, Lieutenant Governor, State of California",43115,False,False
csac excess insurance authority,cross-tree,CSAC EXCESS INSURANCE AUTHORITY,43173,13,CSAC - Excess Insurance Authority,43175,False,False
culver city fire fighters,cross-tree,Culver City Fire Fighters,66740,2,Culver City Fire Fighters,43392,False,False
santa clara cupertino union elementary,cross-tree-fold,SANTA CLARA CUPERTINO UNION ELEMENTARY,43448,1,SANTA CLARA CUPERTINO UNION ELEMENTARY,110222,True,False
daimlerchrysler,cross-tree-fold,Daimler-Chrysler,43771,1,DaimlerChrysler,43774,True,False
california dairy institute,cross-tree,California Dairy Institute,43781,1,California Dairy Institute,43782,False,False
sheriff del norte county,cross-tree,Sheriff - Del Norte County,113746,1,"Sheriff, Del Norte County",44552,False,False
delano union elementary,cross-tree,DELANO UNION ELEMENTARY,44630,1,DELANO UNION ELEMENTARY,44629,False,False
military order of the purple heart department of california,cross-tree,Military Order of the Purple Heart - Department of California,81830,1,"Military Order of the Purple Heart, Department of California",44986,False,False
veterans of foreign wars department of ca,cross-tree,Veterans of Foreign Wars - Department of CA,132744,1,Veterans of Foreign Wars - Department of CA,44987,False,False
veterans of foreign wars department of california,cross-tree,"Veterans of Foreign Wars, Department of California",132744,1,Veterans of Foreign Wars- Department of California,44987,False,False
department of children and family services los angeles county,cross-tree,"Department of Children and Family Services, Los Angeles County",76698,1,Department of Children and Family Services (Los Angeles County),44993,False,False
los angeles county department of children and family services,cross-tree,Los Angeles County Department of Children and Family Services,76698,1,Los Angeles County Department of Children and Family Services,44993,False,False
state department of corporations,cross-tree-fold,State Department of Corporations,45013,1,State Department of Corporations,119649,True,False
modoc county department of health services,cross-tree,Modoc County Department of Health Services,45067,1,Modoc County Department of Health Services,82545,False,False
insurance commissioner john garamendi,cross-tree,Insurance Commissioner John Garamendi,45088,1,Insurance Commissioner John Garamendi,69095,False,False
department of managed care,cross-tree,Department of Managed Care,45094,1,Department of Managed Care,119670,False,False
state department of pesticide regulation,cross-tree-fold,State Department of Pesticide Regulation,45116,1,State Department of Pesticide Regulation,119675,True,False
the department of pesticide registration,cross-tree-fold,The Department of Pesticide Registration,45116,1,The Department of Pesticide Registration,124659,True,False
depression and bipolar support alliance california,cross-tree,Depression and Bipolar Support Alliance California,45215,1,Depression and Bipolar Support Alliance - California,45217,False,False
mono county deputy sheriffs association,cross-tree,MONO COUNTY DEPUTY SHERIFFS ASSOCIATION,45245,2,Mono County Deputy Sheriff's Association,45231,False,False
placer county deputy sheriffs association,cross-tree,PLACER COUNTY DEPUTY SHERIFFS ASSOCIATION,45245,3,Placer County Deputy Sheriffs' Association,96432,False,False
deputy sheriffs association of monterey county,cross-tree,DEPUTY SHERIFFS ASSOCIATION OF MONTEREY COUNTY,45245,1,Deputy Sheriffs' Association of Monterey County,82992,False,False
deputy sheriffs association of san diego county,cross-tree,DEPUTY SHERIFFS ASSOCIATION OF SAN DIEGO COUNTY,45245,2,Deputy Sheriffs' Association of San Diego County,107044,False,False
solano county deputy sheriff association,cross-tree,SOLANO COUNTY DEPUTY SHERIFF ASSOCIATION,45245,1,Solano County Deputy Sheriff Association,115980,False,False
san mateo county deputy sheriffs association,cross-tree,SAN MATEO COUNTY DEPUTY SHERIFF'S ASSOCIATION,45245,1,San Mateo County Deputy Sheriffs Association,109351,False,False
designbuild institute of america,cross-tree,Design-Build Institute of America,45427,1,Design-Build Institute of America,45408,False,False
developmental disabilities area board i,cross-tree,Developmental Disabilities Area Board I,45514,1,Developmental Disabilities Area Board I,140784,False,False
dignity health,cross-tree,DIGNITY HEALTH,45833,4,Dignity Health,45828,False,False
county of riverside district attorney,cross-tree,County of Riverside District Attorney,46205,1,County of Riverside District Attorney,103528,False,False
county of shasta district attorney,cross-tree,County of Shasta District Attorney,46205,1,County of Shasta District Attorney,113433,False,False
ventura county office of the district attorney,cross-tree,Ventura County Office of the District Attorney,46205,1,Ventura County Office of the District Attorney,132368,False,False
district council of iron workers of the state of california and vicinity,cross-tree,DISTRICT COUNCIL OF IRON WORKERS OF THE STATE OF CALIFORNIA AND VICINITY,46213,1,District Council of Iron Workers of the State of California and Vicinity,46215,False,False
womens crisis center salinas,cross-tree,"Women's Crisis Center, Salinas",136735,2,Women's Crisis Center (Salinas),46635,False,False
drug alliance policy network,cross-tree,Drug Alliance Policy Network,47193,1,Drug Alliance Policy Network,47182,False,False
dry creek rancheria band of pomo indians,cross-tree,Dry Creek Rancheria - Band of Pomo Indians,47220,1,DRY CREEK RANCHERIA BAND OF POMO INDIANS,47221,False,False
earthjustice,cross-tree,Earthjustice,114111,1,EARTHJUSTICE,47733,False,False
east bay habitat for humanity oakland,cross-tree,"East Bay Habitat for Humanity, Oakland",60224,1,"East Bay Habitat for Humanity, Oakland",47846,False,False
eastwest bank,cross-tree-fold,East-West Bank,48096,1,EastWest Bank,48220,True,False
la opinión,cross-tree,La Opinión,48662,2,La Opinión,72076,False,False
los angeles times,cross-tree-fold,Los Angeles Times,77209,1,Los Angeles Times,48664,True,False
sacramento bee,cross-tree-fold,Sacramento Bee,105082,1,Sacramento Bee,48666,True,False
the sacramento bee,cross-tree-fold,The Sacramento Bee,105082,1,The Sacramento Bee,48672,True,False
the modesto bee,cross-tree-fold,The Modesto Bee,82500,1,The Modesto Bee,48670,True,False
san francisco chronicle,cross-tree,San Francisco Chronicle,48673,1,San Francisco Chronicle,107906,False,False
oakland tribune,cross-tree-fold,Oakland Tribune,89935,1,Oakland Tribune,48682,True,False
the brawley chamber of commerce,cross-tree,THE BRAWLEY CHAMBER OF COMMERCE,130173,1,The Brawley Chamber of Commerce,49013,False,False
el dorado county joint chamber commission,cross-tree,El Dorado County Joint Chamber Commission,130173,1,El Dorado County Joint Chamber Commission,49167,False,False
tim grimmond chief of police el segundo police department,cross-tree,"Tim Grimmond, Chief of Police, El Segundo Police Department",97070,1,"Tim Grimmond, Chief of Police, El Segundo Police Department",49303,False,False
elders climate action northern california chapter,cross-tree,Elders Climate Action Northern California Chapter,49389,1,"Elders Climate Action, Northern California Chapter",89034,False,False
elders climate action norcal and socal chapters,cross-tree,Elders Climate Action Norcal and Socal Chapters,49389,1,"Elders Climate Action, Norcal and Socal Chapters",88187,False,False
elders climate action norcal,cross-tree,Elders Climate Action NorCal,49389,1,Elder's Climate Action NorCal,88190,False,False
elders climate action norcal chapter,cross-tree,Elders Climate Action Norcal Chapter,49389,1,Elders Climate Action NorCal Chapter,88190,False,False
elders climate action socal chapter,cross-tree,Elders Climate Action Socal Chapter,49389,1,Elders Climate Action Socal Chapter,115546,False,False
emphesysemployers health insurance ehi,cross-tree,Emphesys/Employers Health Insurance (EHI),50072,1,Emphesys/Employers Health Insurance (EHI),138286,False,False
the legal aid society employment law center,cross-tree,THE LEGAL AID SOCIETY - EMPLOYMENT LAW CENTER,50091,1,The Legal Aid Society Employment Law Center,74277,False,False
legal aid society employment law center san francisco,cross-tree,Legal Aid Society - Employment Law Center (San Francisco),50091,1,"Legal Aid Society Employment Law Center, San Francisco",74289,False,False
legal aid society of san francisco employment law center,cross-tree,Legal Aid Society of San Francisco -- Employment Law Center,50091,1,Legal Aid Society of San Francisco Employment Law Center,74289,False,False
womens employment rights clinic golden gate university school of law,cross-tree,"Women's Employment Rights Clinic, Golden Gate University School of Law",136750,1,Women's Employment Rights Clinic - Golden Gate University School of Law,50101,False,False
womens employment rights clinic golden gate school of law,cross-tree,Women's Employment Rights Clinic (Golden Gate School of Law),50101,1,"Women's Employment Rights Clinic, Golden Gate School of Law",136748,False,False
grace end child poverty ca,cross-tree,GRACE - End Child Poverty CA,58758,1,Grace - End Child Poverty CA,50226,False,False
engineers and scientists of california mebaaflcio,cross-tree,Engineers and Scientists of California MEBA-A.F.L.C.I.O,50454,1,"Engineers and Scientists of California, MEBA,AFL-CIO",50462,False,False
international federation of professional technical engineers local 21,cross-tree,International Federation of Professional & Technical: Engineers Local 21,50454,1,International Federation of Professional & Technical Engineers Local 21,66952,False,False
equality ca,cross-tree,Equality CA,50993,1,Equality - CA,50989,False,False
ernst young llp,cross-tree,Ernst & Young LLP,51121,1,Ernst & Young LLP,51120,False,False
executives inc,cross-tree,"Executives, Inc",51763,1,"Executives, Inc.",51765,False,False
solano fairfieldsuisun unified,cross-tree-fold,SOLANO FAIRFIELD-SUISUN UNIFIED,52162,1,SOLANO FAIRFIELD-SUISUN UNIFIED,116040,True,False
fuel families united to end lwop,cross-tree,F.u.e.l.- Families United to End Lwop,52377,1,FUEL - Families United to End LWOP,56188,False,False
feminists in action formerly indivisible ca 34 womens,cross-tree,Feminists in Action (formerly Indivisible CA 34 Womens),65521,10,Feminists in Action (formerly Indivisible CA 34 Womens),53110,False,False
friends committee on legislation of california,cross-tree,Friends Committee on Legislation of California,53256,20,FRIENDS COMMITTEE ON LEGISLATION OF CALIFORNIA,55731,False,False
alpine firefighters association local 2638,cross-tree,"Alpine Firefighters Association, Local 2638",66740,1,"Alpine Firefighters Association, Local 2638",53298,False,False
kern county fire fighters union inc,cross-tree,Kern County Fire Fighters Union Inc,66740,1,"Kern County Fire Fighters Union, Inc",53512,False,False
kern county fire fighters union,cross-tree,Kern County Fire Fighters Union,66740,1,Kern County Fire Fighters Union,53512,False,False
kern county firefighters union inc,cross-tree,Kern County Firefighters Union Inc,66740,1,Kern County Firefighters Union Inc,53512,False,False
alpine firefighters association,cross-tree,Alpine Firefighters Association,66740,1,Alpine Firefighters Association,53565,False,False
sacramento folsomcordova unified,cross-tree-fold,SACRAMENTO FOLSOM-CORDOVA UNIFIED,54257,1,SACRAMENTO FOLSOM-CORDOVA UNIFIED,105306,True,False
united food and commercial workers western states council,cross-tree,UNITED FOOD AND COMMERCIAL WORKERS WESTERN STATES COUNCIL,129932,1,United Food and Commercial Workers Western States Council,54317,False,False
united food and commercial workers union western states council,cross-tree,United Food and Commercial Workers Union Western States Council,129932,1,United Food and Commercial Workers Union - Western States Council,54317,False,False
san francisco food security task force,cross-tree,SAN FRANCISCO FOOD SECURITY TASK FORCE,108048,2,San Francisco Food Security Task Force,54384,False,False
physicians for social responsibility san francisco bay area,cross-tree,Physicians for Social Responsibility- San Francisco Bay Area,95996,1,Physicians for Social Responsibility - San Francisco Bay Area,55060,False,False
fraternal order of police n california probation lodge 19,cross-tree,Fraternal Order of Police (N. California Probation Lodge 19),55173,1,Fraternal Order of Police N. California Probation Lodge 19,84318,False,False
fremont fire fighters local 1689,cross-tree,Fremont Fire Fighters Local 1689,66740,1,Fremont Fire Fighters Local 1689,55358,False,False
city of fremont police department animal services unit,cross-tree,"City of Fremont Police Department, Animal Services Unit",97070,1,"City of Fremont Police Department, Animal Services Unit",55377,False,False
fresno metro black chamber,cross-tree,Fresno Metro Black Chamber,130173,1,Fresno Metro Black Chamber,55598,False,False
city of fresno police department,cross-tree,City of Fresno Police Department,97070,1,City of Fresno Police Department,55610,False,False
public bank east bay,cross-tree-fold,Public Bank - East Bay,56032,1,Public Bank East Bay,99260,True,False
gte,cross-tree,GTE,56683,2,GTE,57126,False,False
milpitas chamber of commerce,cross-tree,Milpitas Chamber of Commerce,130173,2,Milpitas Chamber Of Commerce,56853,False,False
los angeles gay and lesbian center,cross-tree,Los Angeles Gay and Lesbian Center,56895,1,Los Angeles Gay and Lesbian Center,76962,False,False
general teamsters local 386,cross-tree,General Teamsters Local 386,66855,1,General Teamsters Local 386,57121,False,False
law center to prevent gun violence2,cross-tree,Law Center to Prevent Gun Violence[2],57499,1,Law Center to Prevent Gun Violence[2],73505,False,False
glendale fire fighters association,cross-tree,Glendale Fire Fighters' Association,66740,1,Glendale Fire Fighters' Association,57773,False,False
ywca glendale,cross-tree-fold,YWCA (Glendale),57804,1,YWCA Glendale,138023,True,False
glendora unified,cross-tree-fold,GLENDORA UNIFIED,57820,1,Glendora Unified,57819,True,False
glenn county human resource agency,cross-tree,Glenn County - Human Resource Agency,57829,1,Glenn County Human Resource Agency,57840,False,False
global green usa,cross-tree-fold,Global Green USA,57936,1,Global Green USA,57937,True,False
golden gate chapter safari club international,cross-tree,"Golden Gate Chapter, Safari Club International",105734,1,Golden Gate Chapter - Safari Club International,58203,False,False
golden gate university school of law womens employment rights clinic,cross-tree,Golden Gate University School of Law Women's Employment Rights Clinic,136750,1,"Golden Gate University - School of Law, Women's Employment Rights Clinic",58247,False,False
golden gate university womens employment rights clinic,cross-tree,Golden Gate University Women's Employment Rights Clinic,136749,2,Golden Gate University - Women's Employment Rights Clinic,58247,False,False
golden state manufacturedhome owners league super chapter 0016 pepper tree and 0018a colonial mobile manor,cross-tree,Golden State Manufactured-Home Owners League Super Chapter 0016 - Pepper Tree and 0018A - Colonial Mobile Manor,58346,1,Golden State Manufactured-Home Owners League Super Chapter 0016 - Pepper Tree and 0018A- Colonial Mobile Manor,58337,False,False
good foundation,cross-tree-fold,Good+ Foundation,58532,1,Good Foundation,58498,True,False
goodwill redwood empire,cross-tree,Goodwill Redwood Empire,58572,1,Goodwill (Redwood Empire),58560,False,False
office of child development and education,cross-tree-fold,Office of Child Development and Education,58692,1,Office of Child Development and Education,90349,True,False
grace end child poverty in ca,cross-tree,GRACE- End Child Poverty in CA,58743,1,GRACE - End Child Poverty in CA,58719,False,False
graceend child poverty in california,cross-tree,GRACE-End Child Poverty in California,58743,1,GRACE/End Child Poverty in California,58719,False,False
grace instituteend child poverty in ca,cross-tree,Grace Institute/end Child Poverty in Ca,58743,1,Grace Institute-End Child Poverty in CA,58719,False,False
graceend child poverty ca,cross-tree,GRACE/End Child Poverty CA,58758,1,GRACE/End Child Poverty CA,58719,False,False
graceend child poverty in ca,cross-tree,GRACE/End Child Poverty in CA,58743,1,GRACE-End Child Poverty in CA,58758,False,False
graphic communications union local no 583,cross-tree,Graphic Communications Union Local No. 583,58915,1,Graphic Communications Union Local No. 583,58916,False,False
grassroots recycling network dba zero waste usa,cross-tree,Grassroots Recycling Network DBA Zero Waste USA,138155,1,Grassroots Recycling Network (Dba Zero Waste USA),58958,False,False
gray panthers san francisco,cross-tree,"Gray Panthers, San Francisco",58984,1,Gray Panthers - San Francisco,59006,False,False
greater california livery association gcla,cross-tree,Greater California Livery Association (GCLA),59119,1,Greater California Livery Association (GCLA),124915,False,False
greater los angeles african american chamber,cross-tree,Greater Los Angeles African American Chamber,130173,1,Greater Los Angeles African American Chamber,59161,False,False
usgbc california,cross-tree,USGBC CALIFORNIA,131195,1,USGBC California,59303,False,False
greenling institute,cross-tree-fold,Greenling Institute,59551,1,GREENLING INSTITUTE,59549,True,False
having our say,cross-tree,HAVING OUR SAY,60914,1,Having Our Say,60913,False,False
health care for all sacramento valley,cross-tree,"Health Care for All, Sacramento Valley",61198,1,Health Care for All - Sacramento Valley,61216,False,False
health care for all california santa barbara,cross-tree,"Health Care for All - California, Santa Barbara",61198,1,Health Care for All California - Santa Barbara,61225,False,False
hearing healthcare providers of california,cross-tree-fold,Hearing Healthcare Providers of California,61576,1,HEARING HEALTHCARE PROVIDERS OF CALIFORNIA,61577,True,False
hemet city fire fighters association,cross-tree,Hemet City Fire Fighters Association,66740,1,Hemet City Fire Fighters Association,61862,False,False
hemet city firefighters association local 2342,cross-tree,"Hemet City Firefighters Association, Local 2342",66740,1,"Hemet City Firefighters Association, Local 2342",61862,False,False
hermandad mexicana nacional several members,cross-tree,Hermandad Mexicana Nacional -- several members,62069,1,Hermandad Mexicana Nacional-- several members,62066,False,False
hills 2000 friends of the hills,cross-tree,Hills 2000 - Friends of the Hills,62449,1,Hills 2000 Friends of The Hills,62432,False,False
hispanic chambers of commerce of san francisco,cross-tree,Hispanic Chambers of Commerce of San Francisco,130173,1,Hispanic Chambers of Commerce of San Francisco,62587,False,False
california hispanic chambers of commerce,cross-tree,CALIFORNIA HISPANIC CHAMBERS OF COMMERCE,130173,1,California Hispanic Chambers Of Commerce,62587,False,False
california hispanic chambers of commerce cahcc,cross-tree,California Hispanic Chambers of Commerce (CAHCC),130173,1,California Hispanic Chambers of Commerce (CAHCC),62587,False,False
california hispanic chambers of commerce chcc,cross-tree,CALIFORNIA HISPANIC CHAMBERS OF COMMERCE (CHCC),130173,1,California Hispanic Chambers of Commerce (CHCC),62587,False,False
california hispanic chamber,cross-tree,California Hispanic Chamber,130173,1,California Hispanic Chamber,62587,False,False
california hispanic chambers of commerce chdd,cross-tree,California Hispanic Chambers of Commerce (CHDD),130173,1,California Hispanic Chambers of Commerce (CHDD),62587,False,False
national organization for women hollywood chapter,cross-tree,National Organization for Women - Hollywood Chapter,86100,1,"National Organization for Women, Hollywood Chapter",62867,False,False
hotel employees restaurant employees international union aflcio,cross-tree,"Hotel Employees & Restaurant Employees International Union, AFL-CIO",63661,1,"Hotel Employees, Restaurant Employees International Union, AFL-CIO",63674,False,False
hotel employees and restaurant employees local no 49,cross-tree,Hotel Employees and Restaurant Employees Local No. 49,63663,1,Hotel Employees and Restaurant Employees Local No. 49,63666,False,False
hotel employees restaurant employees union,cross-tree,Hotel Employees & Restaurant Employees Union,63667,1,"Hotel Employees, Restaurant Employees Union",63663,False,False
housing ca,cross-tree,Housing CA,63738,1,Housing CA,63794,False,False
housing now california,cross-tree,HOUSING NOW! CALIFORNIA,63869,1,Housing Now! California,63870,False,False
human rightsfair housing commission of sacramento,cross-tree,Human Rights-Fair Housing Commission of Sacramento,64142,1,Human Rights/Fair Housing Commission of Sacramento,105345,False,False
human rightsfair housing commission sacramento,cross-tree,Human Rights/Fair Housing Commission (Sacramento),64142,1,"Human Rights/Fair Housing Commission, Sacramento",105345,False,False
makeup artists hair stylists guild iatse local 706,cross-tree,"Make-Up Artists & Hair Stylists Guild, IATSE Local 706",78391,1,Make-Up Artists & Hair Stylists Guild: IATSE Local 706,64640,False,False
ibew local 18,cross-tree,IBEW Local 18,66814,7,IBEW Local 18,64670,False,False
international brotherhood of electrical workers local 1245,cross-tree,International Brotherhood of Electrical Workers Local 1245,66814,1,"International Brotherhood of Electrical Workers, Local 1245",64685,False,False
the resistance northridgeindivisible,cross-tree,THE RESISTANCE NORTHRIDGE-INDIVISIBLE,65521,1,The Resistance Northridge-indivisible,125683,False,False
together we willindivisible los gatos,cross-tree,Together We Will/indivisible - Los Gatos,65521,9,Together We Will/Indivisible - Los Gatos,126790,False,False
inland empire waterkeeper,cross-tree,Inland Empire Waterkeeper,65907,1,Inland Empire Waterkeeper,90072,False,False
insurance agents,cross-tree,Insurance Agents,66321,2,Insurance Agents,66310,False,False
insurance agents and brokers legislative council abl,cross-tree,Insurance Agents and Brokers Legislative Council (ABL),66318,1,Insurance Agents and Brokers Legislative Council (ABL),66311,False,False
interagency council on child abuse and neglect,cross-tree,INTER-AGENCY COUNCIL ON CHILD ABUSE AND NEGLECT,66504,9,Interagency Council on Child abuse and Neglect,66547,False,False
iatse local 122,cross-tree,Iatse Local 122,66700,1,IATSE Local 122,118980,False,False
iatse local 33,cross-tree-fold,IATSE Local 33,66700,1,IATSE Local 33,139583,True,False
iatse local 600,cross-tree,Iatse Local 600,66700,1,IATSE Local 600,66887,False,False
set painters sign writers iatse local 729,cross-tree,Set Painters & Sign Writers: IATSE Local 729,66700,1,"Set Painters & Sign Writers, IATSE Local 729",113030,False,False
international association of machinists and aerospace workers district lodge 725,cross-tree,"International Association of Machinists and Aerospace Workers, District Lodge 725",66761,1,"International Association of Machinists and Aerospace: Workers, District Lodge 725",66715,False,False
international association of bridge structural ornamental and reinforcing iron workers local union 155,cross-tree,"International Association of Bridge, Structural, Ornamental and Reinforcing Iron Workers, Local Union 155",66727,1,"International Association of Bridge, Structural, Ornamental and Reinforcing Iron Workers, Local: Union 155",66778,False,False
international association of bridge structural ornamental and reinforcing iron workers local 155,cross-tree,"International Association of Bridge, Structural, Ornamental and Reinforcing: Iron Workers, Local 155",66727,1,"International Association of Bridge, Structural, Ornamental and Reinforcing Iron Workers, Local 155",66778,False,False
riverside city firefighters association,cross-tree,Riverside City Firefighters' Association,66740,1,Riverside City Firefighters' Association,103404,False,False
orange county professional firefighters association,cross-tree,Orange County Professional Firefighters Association,66740,2,Orange County Professional Firefighters' Association,69006,False,False
orange county professional firefighters association iaff,cross-tree,Orange County Professional Firefighters Association IAFF,66740,1,Orange County Professional Firefighters Association IAFF,91675,False,False
orange county professional firefighters,cross-tree,Orange County Professional Firefighters,66740,1,Orange County Professional Firefighters,91675,False,False
orange county professional firefighters local 3631,cross-tree,"Orange County Professional Firefighters, Local 3631",66740,1,"Orange County Professional Firefighters, Local 3631",91675,False,False
long beach firefighters local 372,cross-tree,"Long Beach Firefighters, Local 372",66740,1,"Long Beach Firefighters, Local 372",76108,False,False
ventura county professional firefighters association local 1364,cross-tree,Ventura County Professional Firefighters Association Local 1364,66740,1,"Ventura County Professional Firefighters Association, Local 1364",132405,False,False
torrance firefighters,cross-tree,Torrance Firefighters,66740,2,Torrance Firefighters,126995,False,False
san miguel fire fighters,cross-tree,San Miguel Fire Fighters,66740,5,San Miguel Fire Fighters,109482,False,False
united firefighters of los angeles city local 112,cross-tree,"United Firefighters of Los Angeles City, Local 112",66740,1,"United Firefighters of Los Angeles City, Local 112",129929,False,False
oceanside firefighters association local 3736,cross-tree,Oceanside Firefighters Association. Local 3736,66740,1,"Oceanside Firefighters Association, Local 3736",90246,False,False
burlingame city firefighters iaff local 2400,cross-tree-fold,Burlingame City Firefighters IAFF Local 2400,66740,1,Burlingame City Firefighters IAFF Local 2400,140788,True,False
california state legislative board of sheet metal air rail and transportation workers transportation division smarttd,cross-tree,"California State Legislative Board of Sheet Metal, Air, Rail and Transportation Workers - Transportation Division (SMART-TD)",66773,1,"California State Legislative Board of Sheet Metal, Air, Rail and Transportation Workers - Transportation Division (SMART-TD)",100175,False,False
california state legislative board sheet metal air rail and transportation workers transportation division smarttd,cross-tree,"California State Legislative Board, Sheet Metal, Air, Rail and Transportation Workers - Transportation Division (SMART-TD)",66773,1,"California State Legislative Board, Sheet Metal, Air, Rail and Transportation Workers - Transportation Division (SMART-TD)",100175,False,False
california state legislative board of the sheet metal air rail and transportation workers transportation division,cross-tree,"CALIFORNIA STATE LEGISLATIVE BOARD OF THE SHEET METAL, AIR, RAIL AND TRANSPORTATION WORKERS - TRANSPORTATION DIVISION",66773,1,"California State Legislative Board of the Sheet Metal, Air, Rail and Transportation Workers, Transportation Division",100175,False,False
california state legislative board sheet metal air rail and transportation,cross-tree,"California State Legislative Board, Sheet Metal, Air, Rail and Transportation",66773,1,"California State Legislative Board, Sheet Metal, Air, Rail and Transportation",138915,False,False
california state legislative board sheet metal air rail transportation workers transportation division,cross-tree,"California State Legislative Board, Sheet Metal, Air, Rail & Transportation Workers - Transportation Division",66773,1,"California State Legislative Board, Sheet Metal, Air, Rail & Transportation Workers - Transportation Division",100175,False,False
western state council sheet metal air rail and transportation,cross-tree,"Western State Council Sheet Metal, Air, Rail and Transportation",66773,1,"Western State Council Sheet Metal, Air, Rail and Transportation",135532,False,False
international association of sheet metal air rail and transportation workers sheet metal workers local union no 104,cross-tree,"International Association of Sheet Metal, Air, Rail and Transportation Workers, Sheet Metal Workers' Local Union No. 104",66773,1,"International Association of Sheet Metal, Air, Rail and Transportation Workers, Sheet Metal Workers' Local Union No. 104",113628,False,False
sheet metal air rail transportation workers local union 105,cross-tree,"Sheet Metal, Air, Rail, Transportation Workers Local Union 105",66773,1,"Sheet Metal, Air, Rail, Transportation Workers Local Union 105",113626,False,False
ibew local 1245,cross-tree,IBEW Local 1245,66814,2,IBEW Local 1245,66824,False,False
international brotherhood of electrical workers local union 18,cross-tree,International Brotherhood of Electrical Workers - Local Union 18,66814,1,International Brotherhood of Electrical Workers Local Union 18,66851,False,False
teamsters local 399,cross-tree,Teamsters Local 399,66855,5,Teamsters Local 399,123270,False,False
international cinematographers guild iatse local 600,cross-tree,International Cinematographers Guild: IATSE Local 600,66886,1,"International Cinematographers Guild, IATSE Local 600",66887,False,False
international health racquet sports club association,cross-tree,"International Health, Racquet & Sports Club Association",66992,1,"International Health, Racquet & Sports Club Association",66995,False,False
locals 777 792,cross-tree-fold,Locals 777 &792,67178,1,Locals 777 & 792,75858,True,False
warehouse processing distribution workers union local 26,cross-tree,Warehouse Processing & Distribution Workers' Union Local 26,134165,1,Warehouse Processing & Distribution Workers' Union Local 26,67251,False,False
florin japanese american citizens league,cross-tree,Florin Japanese American Citizens League,68301,1,Florin Japanese American Citizen's League,68297,False,False
japanese american citizens league san jose chapter,cross-tree,"Japanese American Citizens League, San Jose Chapter",68301,3,Japanese American Citizens League - San Jose Chapter,68324,False,False
jewish community relations council sacramento,cross-tree,Jewish Community Relations Council (SACRAMENTO),68649,1,Jewish Community Relations Council Sacramento,68659,False,False
jewish community relations council bay area,cross-tree,Jewish Community Relations Council - Bay Area,68657,1,Jewish Community Relations Council Bay Area,68664,False,False
jewish community relations council sacramento region,cross-tree,Jewish Community Relations Council (Sacramento Region),68659,1,Jewish Community Relations Council Sacramento Region,68665,False,False
jewish public affairs committee of california,cross-tree,JEWISH PUBLIC AFFAIRS COMMITTEE OF CALIFORNIA,68764,1,Jewish Public Affairs Committee of California,68766,False,False
the jewish public affairs committee of california,cross-tree,THE JEWISH PUBLIC AFFAIRS COMMITTEE OF CALIFORNIA,68764,1,The Jewish Public Affairs Committee of California,68766,False,False
santa clara county office of education cosponsor,cross-tree,Santa Clara County Office of Education - cosponsor,69052,1,Santa Clara County Office of Education - co-sponsor,110056,False,False
jp morgan chase,cross-tree,JP MORGAN CHASE,69487,3,JP Morgan Chase,69485,False,False
junior leagues of california state public affairs,cross-tree,Junior Leagues of California - State Public Affairs,69678,1,Junior Leagues of California State Public Affairs,69680,False,False
junior leagues of california state public affairs committee,cross-tree,Junior Leagues of California State Public Affairs Committee,69683,1,Junior Leagues of California - State Public Affairs Committee,69678,False,False
just cause oakland,cross-tree-fold,Just Cause - Oakland,69723,1,Just Cause Oakland,69724,True,False
k12 inc,cross-tree-fold,K-12 Inc,69980,1,"K12, Inc",139326,True,False
kaiser,cross-tree-fold,Kaiser,70061,1,Kaiser,70050,True,False
kindred hospital baldwin park,cross-tree,Kindred Hospital Baldwin Park,70998,1,Kindred Hospital - Baldwin Park,70999,False,False
la care health plan,cross-tree,La Care Health Plan,71838,2,L.A. Care Health Plan,71745,False,False
lazboy west,cross-tree-fold,La-Z-Boy West,72206,1,Lazboy West,73853,True,False
laborers international union of north america liuna,cross-tree,Laborers' International Union of North America (LIUNA),72284,2,Laborers' International Union of North America (LIUNA),72287,False,False
laborers international union of north america local 777 792,cross-tree,Laborers' International Union of North America Local 777 & 792,72284,1,"Laborers' International Union of North America, Local 777, 792",72307,False,False
laborers local 777,cross-tree,Laborers' Local 777,72284,1,Laborers' Local 777,75729,False,False
laborers locals 777 792,cross-tree,Laborers' Local's 777 &792,72284,1,Laborers Locals 777 & 792,72307,False,False
lake tahoe unified,cross-tree-fold,LAKE TAHOE UNIFIED,72634,1,LAKE TAHOE UNIFIED,140147,True,False
lamda letters project,cross-tree,Lamda Letters Project,72725,1,Lamda Letters Project,72746,False,False
lawyers committee for civil rights san francisco,cross-tree,Lawyers Committee for Civil Rights - San Francisco,73830,1,"Lawyer's Committee for Civil Rights, San Francisco",73808,False,False
lax coastal chamber of commerce,cross-tree,LAX COASTAL CHAMBER OF COMMERCE,130173,2,LAX Coastal Chamber of Commerce,73833,False,False
league of california cities los angeles county division,cross-tree,"LEAGUE OF CALIFORNIA CITIES, LOS ANGELES COUNTY DIVISION",73967,1,"League of California Cities, Los Angeles County Division",73963,False,False
league of ca cities,cross-tree,LEAGUE OF CA CITIES,73967,1,League of CA Cities,73963,False,False
league of california cities los angeles co div,cross-tree,League of California Cities (Los Angeles Co. Div),73967,1,League of California Cities (Los Angeles Co. Div),73963,False,False
league of california cities central valley division,cross-tree,LEAGUE OF CALIFORNIA CITIES CENTRAL VALLEY DIVISION,73967,1,League of California Cities - Central Valley Division,73963,False,False
league of california cities riverside county division,cross-tree,LEAGUE OF CALIFORNIA CITIES RIVERSIDE COUNTY DIVISION,73967,1,League of California Cities - Riverside County Division,73963,False,False
league of california cities los angeles,cross-tree,"League of California Cities, Los Angeles",73967,1,"League of California Cities, Los Angeles",73963,False,False
league of california cities san diego division,cross-tree,"League of California Cities, San Diego Division",73967,1,"League of California Cities, San Diego Division",73963,False,False
league of california citieslos angeles county,cross-tree,League of California Cities-Los Angeles County,73967,1,League of California Cities-Los Angeles County,73963,False,False
league of humane voters california chapter,cross-tree,"LEAGUE OF HUMANE VOTERS, CALIFORNIA CHAPTER",73996,5,League of Humane Voters - California Chapter,73995,False,False
salinas league of united latin americans lulac council 2055,cross-tree-fold,Salinas League of United Latin Americans (LULAC) Council 2055,74006,1,Salinas League of United Latin Americans (LULAC) Council 2055,106171,True,False
lieutenant governor gavin newsom,cross-tree,Lieutenant Governor Gavin Newsom,74876,1,"Lieutenant Governor, Gavin Newsom",90390,False,False
lieutenant governor gray davis,cross-tree,Lieutenant Governor Gray Davis,74876,1,"Lieutenant Governor, Gray Davis",90390,False,False
lieutenant governor gavin newsome,cross-tree,Lieutenant Governor Gavin Newsome,74876,1,"Lieutenant Governor, Gavin Newsome",90390,False,False
lieutenant governor cruz bustamante,cross-tree,Lieutenant Governor Cruz Bustamante,90390,1,Lieutenant Governor Cruz Bustamante,74877,False,False
life,cross-tree,LIFE,74920,1,LIFE,75639,False,False
mountain lion foundation,cross-tree,MOUNTAIN LION FOUNDATION,83635,1,Mountain Lion Foundation,75268,False,False
showing up for racial justice long beach,cross-tree-fold,Showing Up for Racial Justice - Long Beach,76067,1,Showing Up for Racial Justice Long Beach,113951,True,False
long beach police officers association lbpoa,cross-tree,LONG BEACH POLICE OFFICERS ASSOCIATION (LBPOA),97088,1,Long Beach Police Officers Association (LBPOA),76152,False,False
national lawyers guild los angeles chapter,cross-tree,National Lawyers Guild - Los Angeles Chapter,85992,1,National Lawyers Guild Los Angeles Chapter,76498,False,False
metropolitan transportation authority,cross-tree,METROPOLITAN TRANSPORTATION AUTHORITY,76786,1,Metropolitan Transportation Authority,138462,False,False
municipal court judges association of los angeles county,cross-tree,Municipal Court Judges Association of Los Angeles County,76789,1,Municipal Court Judges Association: of Los Angeles County,84037,False,False
los angeles professional peace officers association,cross-tree,Los Angeles Professional Peace Officers Association,77126,1,Los Angeles Professional Peace Officers Association,98471,False,False
los angeles school police association,cross-tree,Los Angeles School Police Association,97088,1,Los Angeles School Police Association,77182,False,False
los angeles unified school district police officers association,cross-tree,Los Angeles Unified School District Police Officers Association,97088,1,Los Angeles Unified School District Police Officers Association,77236,False,False
los angelessan diegosan luis obispo rail corridor,cross-tree,Los Angeles-San Diego-San Luis Obispo Rail Corridor,77301,1,Los Angeles-San Diego-San Luis Obispo Rail Corridor,77295,False,False
san luis obispo county employees association,cross-tree,San Luis Obispo County Employees Association,77682,1,San Luis Obispo County Employees Association,109146,False,False
madera county community action agency victim services,cross-tree,"Madera County Community Action Agency, Victim Services",78116,1,Madera County Community Action Agency - Victim Services,78115,False,False
maldef,cross-tree-fold,MALDEF,78421,1,Maldef,78420,True,False
mexican american legal defense education fund,cross-tree,MEXICAN AMERICAN LEGAL DEFENSE & EDUCATION FUND,81320,1,Mexican American Legal Defense Education Fund,78421,False,False
mexicanamerican legal defense and ed fund maldef,cross-tree,Mexican-American Legal Defense and Ed Fund (MALDEF),81321,1,Mexican-American Legal Defense and Ed Fund [MALDEF],78421,False,False
showing up for racial justice surj marin,cross-tree,Showing Up for Racial Justice (SURJ) - Marin,78889,1,Showing Up for Racial Justice (SURJ) Marin,121977,False,False
showing up for racial justice marin,cross-tree-fold,Showing Up for Racial Justice- Marin,78889,1,Showing Up for Racial Justice Marin,113952,True,False
marin county,cross-tree,Marin County,139494,3,Marin County,78918,False,False
mariposa county unified school district,cross-tree,Mariposa County Unified School District,79238,1,Mariposa County Unified School District,79239,False,False
mciworldcom,cross-tree,MCIWorldCom,80111,1,MCIWorldCom,80115,False,False
medamerica billing services modesto,cross-tree,MedAmerica Billing Services (Modesto),80292,1,"MedAmerica Billing Services, Modesto",80293,False,False
media guild of the west newsguildcwa local 39213,cross-tree,"Media Guild of The West, Newsguild-cwa Local 39213",80321,1,Media Guild of the West (NewsGuild-CWA Local 39213),80320,False,False
mental health advocacy systems inc,cross-tree,"Mental Health Advocacy Systems, Inc.",80774,1,"Mental Health Advocacy Systems, Inc.",80777,False,False
merced county,cross-tree,Merced County,139497,6,Merced County,80867,False,False
mercury insurance,cross-tree,Mercury Insurance,80962,1,Mercury Insurance,80963,False,False
mexicanamerican legal defense and education fund maldef,cross-tree,Mexican-American Legal Defense and Education Fund (MALDEF),81321,1,Mexican-American Legal Defense and Education Fund [MALDEF],81320,False,False
mexican american legal defense and educational fund maldef,cross-tree,Mexican American Legal Defense and Educational Fund (MALDEF),81321,1,Mexican American Legal Defense and Educational Fund (MALDEF),81320,False,False
mi familia vota,cross-tree,MI FAMILIA VOTA,81398,1,Mi Familia Vota,81399,False,False
midstate solid waste recycling,cross-tree,Mid-state Solid Waste & Recycling,81585,1,Midstate Solid Waste & Recycling,81694,False,False
mission readiness,cross-tree,MISSION: READINESS,82292,1,Mission Readiness,82242,False,False
money out voters in,cross-tree-fold,Money Out Voters In,82723,1,Money Out Voters In,138521,True,False
monterey bay central labor council aflcio,cross-tree,"Monterey Bay Central Labor Council, Afl-cio",82910,1,"Monterey Bay Central Labor Council, (AFL-CIO)",82909,False,False
mothers against drunk driving madd,cross-tree,Mothers Against Drunk Driving - MADD,83447,1,Mothers Against Drunk Driving (MADD),83450,False,False
san jacinto community college districts,cross-tree,San Jacinto Community College Districts,108574,2,San Jacinto Community College Districts,83581,False,False
movement science sport leisure studies westfield state university,cross-tree,"Movement Science Sport & Leisure Studies, Westfield State University",135618,1,"Movement Science Sport & Leisure Studies, Westfield State University",83749,False,False
national multiple sclerosis society california action network,cross-tree,National Multiple Sclerosis Society California Action Network,86041,1,National Multiple Sclerosis Society - California Action Network,84007,False,False
naifacalifornia,cross-tree,NAIFA-California,85107,1,NAIFA-California,84369,False,False
national association of industrial and office properties california,cross-tree,"National Association of Industrial and Office Properties, California",84375,1,National Association of Industrial and Office Properties - California,85101,False,False
naiop of california the commercial real estate development association,cross-tree,NAIOP of California - the Commercial Real Estate Development Association,84381,1,"NAIOP of California, The Commercial Real Estate Development Association",84388,False,False
national alliance on mental illness california namica,cross-tree,National Alliance on Mental Illness - California (NAMI-CA),84885,40,National Alliance on Mental Illness California (NAMI-CA),84419,False,False
nami nevada county,cross-tree-fold,NAMI - Nevada County,84426,1,Nami Nevada County,84443,True,False
national association of latino elected and appointed officials education fund,cross-tree,National Association of Latino Elected and Appointed Officials Education Fund,85115,1,National Association of Latino Elected and Appointed: Officials Education Fund,85117,False,False
national association of women business owners california,cross-tree,National Association of Women Business Owners - California,85240,1,National Association of Women Business Owners -California,85245,False,False
national council of jewish women ca,cross-tree,National Council Of Jewish Women Ca,85556,1,National Council of Jewish Women CA,85557,False,False
national council of jewish women ncjw ca,cross-tree,National Council of Jewish Women (NCJW) Ca,85556,1,National Council of Jewish Women (NCJW) CA,85582,False,False
national council of jewish women california,cross-tree,National Council of Jewish Women - California,85556,1,National Council of Jewish Women California,85557,False,False
national council of jewish womencalifornia,cross-tree,National Council of Jewish Women-california,85556,1,National Council of Jewish Women-California,85557,False,False
national council of jewish women los angeles,cross-tree,National Council of Jewish Women - Los Angeles,85557,1,National Council of Jewish Women (Los Angeles),85568,False,False
national council of jewish womenlos angeles,cross-tree,National Council of Jewish Women-Los Angeles,85557,1,National Council of Jewish Women/Los Angeles,85566,False,False
national council of senior citizensla chapter,cross-tree,National Council of Senior Citizens-LA Chapter,85596,1,National Council of Senior Citizens--LA Chapter,85595,False,False
national federation of the blind,cross-tree,National Federation of the Blind,85755,1,National Federation of the Blind,85733,False,False
national federation of independent business california,cross-tree,National Federation of Independent Business -- California,85743,1,National Federation of Independent Business California,85744,False,False
nfib california,cross-tree,NFIB California,85744,1,NFIB - California,87746,False,False
national lawyers guild san francisco bay area chapter,cross-tree,National Lawyers Guild - San Francisco Bay Area Chapter,85972,1,National Lawyers Guild San Francisco Bay Area Chapter,108425,False,False
national lawyers guild labor employment committee,cross-tree,National Lawyers Guild - Labor & Employment Committee,85972,1,National Lawyers Guild Labor & Employment Committee,85990,False,False
national lawyers guild sf bay area chapter,cross-tree,National Lawyers Guild- SF Bay Area Chapter,85972,1,National Lawyers Guild SF Bay Area Chapter,85988,False,False
california restaurant association,cross-tree,CALIFORNIA RESTAURANT ASSOCIATION,86242,8,California Restaurant Association,121825,False,False
california rifle and pistol assn,cross-tree,California Rifle and Pistol Assn,86250,1,California Rifle and Pistol Assn,103004,False,False
california rifle and pistol,cross-tree,California Rifle and Pistol,86250,1,California Rifle and Pistol,103004,False,False
neighbors united,cross-tree-fold,Neighbors United,132161,1,Neighbors United,86926,True,False
nextgen california,cross-tree-fold,NEXTGEN CALIFORNIA,87732,1,NextGen California,87698,True,False
no monterey county unified,cross-tree-fold,NO. MONTEREY COUNTY UNIFIED,88676,1,NO. MONTEREY COUNTY UNIFIED,88010,True,False
nontoxic schools,cross-tree-fold,Non-Toxic Schools,88093,1,Nontoxic Schools,88138,True,False
the nonprofit housing association of northern california,cross-tree,THE NON-PROFIT HOUSING ASSOCIATION OF NORTHERN CALIFORNIA,88098,1,The Nonprofit Housing Association of Northern California,88125,False,False
nonprofit housing of northern california,cross-tree,Non-Profit Housing of Northern California,88098,1,Nonprofit Housing of Northern California,88125,False,False
north county humane society atascadero,cross-tree,North County Humane Society - Atascadero,88566,1,"North County Humane Society, Atascadero",88565,False,False
northern neighbors,cross-tree,Northern Neighbors,89206,1,NORTHERN NEIGHBORS,89207,False,False
nurse family partnership,cross-tree,Nurse - Family Partnership,89574,1,Nurse Family Partnership,89567,False,False
organization of chinese americans sacramento,cross-tree,"Organization of Chinese Americans, Sacramento",92012,1,Organization of Chinese Americans - Sacramento,90097,False,False
office of the insurance advisor,cross-tree,Office of the Insurance Advisor,90460,1,Office of the Insurance Advisor,90383,False,False
office of ratepayer advocates ora,cross-tree,Office of Ratepayer Advocates - ORA,90402,1,Office of Ratepayer Advocates (ORA),99499,False,False
state controller,cross-tree-fold,State Controller,90415,4,STATE CONTROLLER,119618,True,False
city and county of san francisco office of the public defender,cross-tree,"City and County of San Francisco, Office of the Public Defender",90485,1,"City and County of San Francisco, Office of the Public Defender",99317,False,False
office of the secretary for education,cross-tree,Office of the Secretary for Education,90498,1,Office of the Secretary for Education,112061,False,False
police officers research association of california porac,cross-tree,POLICE OFFICERS RESEARCH ASSOCIATION OF CALIFORNIA (PORAC),97091,1,Police Officers Research Association of California (PORAC),90558,False,False
older womens league of ca,cross-tree,Older Women's League of CA,90786,1,Older Women's League of CA,90799,False,False
older womens league of california,cross-tree,Older Women's League of California,90786,1,Older Womens League of California,90797,False,False
older womens league,cross-tree,Older Womens League,90799,9,Older Women's League,90786,False,False
services of northern california,cross-tree-fold,Services of Northern California,90890,1,Services of Northern California,112977,True,False
onlok senior health,cross-tree,OnLok Senior Health,91092,3,OnLok Senior Health,90951,False,False
san bernardino ontariomontclair elementary,cross-tree-fold,SAN BERNARDINO ONTARIO-MONTCLAIR ELEMENTARY,91122,1,SAN BERNARDINO ONTARIO-MONTCLAIR ELEMENTARY,106628,True,False
orange county employees association ocea,cross-tree,Orange County Employees Association (OCEA),91549,9,ORANGE COUNTY EMPLOYEES' ASSOCIATION (OCEA),91551,False,False
orange county taxpayers association octax,cross-tree,Orange County Taxpayers Association (OCTAX),91729,1,Orange County Taxpayers Association (OCTax),91730,False,False
p g e,cross-tree,P. G. & E.,92913,1,P G & E,92636,False,False
pacific coast regional small business development corporation,cross-tree,Pacific Coast Regional Small Business Development Corporation,92828,1,Pacific Coast Regional Small Business Development Corporation,92829,False,False
pacific environment,cross-tree,Pacific Environment,138491,3,Pacific Environment,92891,False,False
pacific gas and electric pge,cross-tree,Pacific Gas and Electric (PG&E),92913,1,Pacific Gas and Electric (PG&E),92912,False,False
pacific gas electric co,cross-tree,Pacific Gas & Electric Co,92913,1,Pacific Gas & Electric Co,92912,False,False
cal asian pacific islander chamber of commerce,cross-tree,Cal Asian Pacific Islander Chamber of Commerce,130173,1,Cal Asian Pacific Islander Chamber of Commerce,92969,False,False
pacific media workers guild the newsguildcommunications workers of america local 39521,cross-tree,"Pacific Media Workers Guild, the Newsguild-Communications Workers of America Local 39521",93019,1,Pacific Media Workers Guild (the Newsguild-communications Workers of America Local 39521),93018,False,False
pacificare of california,cross-tree,Pacificare of California,93258,3,PacifiCare of California,93259,False,False
pflag san francisco,cross-tree-fold,PFLAG | San Francisco,94007,1,PFLAG San Francisco,95678,True,False
paul ganns citizens committee inc,cross-tree,Paul Gann's Citizens Committee Inc.,94593,1,Paul Gann's Citizens Committee Inc,94595,False,False
paul gannos citizens committee,cross-tree-fold,Paul Gannos Citizens Committee,94593,1,Paul Gannos Citizens Committee,94596,True,False
paula lane action network plan sonoma county ca,cross-tree,"Paula Lane Action Network (PLAN), Sonoma County, CA",94643,1,"Paula Lane Action Network (PLAN), Sonoma County, CA",138427,False,False
pawpac,cross-tree-fold,PAW-PAC,94663,1,Pawpac,94676,True,False
paw project,cross-tree-fold,PAW PROJECT,94666,3,Paw Project,139579,True,False
pcia the wireless infrastructure association,cross-tree,PCIA: The Wireless Infrastructure Association,136483,1,Pcia - the Wireless Infrastructure Association,94736,False,False
peace officers research association of california porac,cross-tree,"Peace Officers Research Association of California, PORAC",94793,2,Peace Officers' Research Association of California (PORAC),125533,False,False
porac,cross-tree,PORAC,94793,1,PORAC,94801,False,False
peoples selfhelp housing corporation san luis obispo,cross-tree,"People?s Self-Help Housing Corporation, San Luis Obispo",95229,1,"People's Self-Help Housing Corporation, San Luis Obispo",95228,False,False
peoples self help housing,cross-tree,Peoples Self Help Housing,95229,1,Peoples' Self Help Housing,95228,False,False
personal assistance services council of los angeles county pasc,cross-tree,Personal Assistance Services Council of Los Angeles County (PASC),95379,1,Personal Assistance Services Council of Los Angeles County (PASC),125548,False,False
personal insurance federation,cross-tree,Personal Insurance Federation,95391,1,PERSONAL INSURANCE FEDERATION,95390,False,False
pflag los angeles,cross-tree-fold,PFLAG | Los Angeles,95691,1,Pflag Los Angeles,95660,True,False
pflag oaklandeast bay,cross-tree,PFLAG Oakland/East Bay,95691,1,Pflag Oakland-east Bay,95669,False,False
pflag pasadena,cross-tree-fold,PFLAG | Pasadena,95691,1,PFLAG Pasadena,95671,True,False
pflag sacramento,cross-tree-fold,PFLAG | Sacramento,95691,1,Pflag Sacramento,95677,True,False
physicians for social responsibility san francisco chapter,cross-tree,Physicians for Social Responsibility (San Francisco Chapter),95996,1,"Physicians for Social Responsibility, San Francisco Chapter",95975,False,False
physicians for social responsibility san francisco,cross-tree,Physicians for Social Responsibility - San Francisco,95996,1,Physicians for Social Responsibility San Francisco,95976,False,False
physicians for social responsibility los angeles,cross-tree-fold,Physicians for Social Responsibility Los Angeles,95996,1,Physicians for Social Responsibility - Los Angeles,95998,True,False
physicians for social responsibility la,cross-tree,Physicians for Social Responsibility - LA,95996,1,Physicians for Social Responsibility LA,96002,False,False
physicians for social responsibility sacramento,cross-tree,Physicians for Social Responsibility - Sacramento,95996,1,Physicians for Social Responsibility- Sacramento,95997,False,False
physicians for social responsibility los,cross-tree,Physicians for Social Responsibility - Los,95996,1,"Physicians for Social Responsibility, Los",96012,False,False
physicians for social responsibility sf bay chapter,cross-tree,Physicians for Social Responsibility - SF Bay Chapter,95996,1,"Physicians for Social Responsibility, SF Bay Chapter",96000,False,False
physicians for social responsibility sacramento chapter,cross-tree,Physicians for Social Responsibility -Sacramento Chapter,95996,1,Physicians for Social Responsibility - Sacramento Chapter,96005,False,False
physicians for social responsibility san francisco bay chapter,cross-tree,Physicians for Social Responsibility- San Francisco Bay Chapter,95996,1,Physicians for Social Responsibility - San Francisco Bay Chapter,96000,False,False
physicians for social responsibilitysacramento,cross-tree,Physicians for Social Responsibility-Sacramento,95996,1,Physicians for Social Responsibility/sacramento,96005,False,False
san francisco bay area physicians for social responsibility,cross-tree,San Francisco Bay Area Physicians for Social Responsibility,95996,1,San Francisco Bay Area Physicians for Social Responsibility,96008,False,False
physicians for social responsibility san francisco bay,cross-tree,Physicians for Social Responsibility - San Francisco Bay,96009,1,Physicians for Social Responsibility San Francisco Bay,107825,False,False
the sheriff of placer county,cross-tree,THE SHERIFF OF PLACER COUNTY,113746,1,The Sheriff of Placer County,96461,False,False
planned parenthood shasta pacific action fund,cross-tree,Planned Parenthood Shasta Pacific Action Fund,96570,4,Planned Parenthood Shasta Pacific Action Fund,113531,False,False
sheriff plumas county,cross-tree,"Sheriff, Plumas County",113746,1,Sheriff - Plumas County,96841,False,False
plumbingheating cooling contractors association of california,cross-tree,Plumbing-Heating Cooling Contractors Association of California,96912,1,Plumbing-Heating- Cooling Contractors Association of California,96907,False,False
santa barbara chief of police,cross-tree,Santa Barbara Chief of Police,97070,1,Santa Barbara Chief of Police,109963,False,False
santa ana police chief paul walters,cross-tree,Santa Ana Police Chief: Paul Walters,97088,1,Santa Ana Police Chief Paul Walters,109747,False,False
postconviction justice project usc gould school of law,cross-tree,"Post-Conviction Justice Project, USC Gould School of Law",97501,1,Post-Conviction Justice Project - USC Gould School of Law,131305,False,False
power california,cross-tree-fold,POWER CALIFORNIA,97569,1,Power California,138489,True,False
pricewaterhouse coopers llp,cross-tree-fold,Pricewaterhouse Coopers LLP,98040,1,"Pricewaterhouse Coopers, LLP",98039,True,False
public counsel los angeles,cross-tree,Public Counsel (Los Angeles),99291,1,"Public Counsel, Los Angeles",99302,False,False
public counsel law center,cross-tree,Public Counsel Law Center,99297,1,Public Counsel Law Center,99311,False,False
strategic committee of public employees laborers international union of north america,cross-tree,"Strategic Committee of Public Employees, Laborers' International: Union of North America",120613,1,"Strategic Committee of Public Employees, Laborers' International Union of North America",99343,False,False
public law center,cross-tree,PUBLIC LAW CENTER,99418,4,Public Law Center,99419,False,False
public law center santa ana,cross-tree-fold,Public Law Center - Santa Ana,99419,1,"Public Law Center, Santa Ana",99420,True,False
state public utilities commission,cross-tree-fold,State Public Utilities Commission,99470,1,State Public Utilities Commission,119869,True,False
rady childrens hospital san diego,cross-tree,Rady Children's Hospital- San Diego,100141,1,Rady Children's Hospital - San Diego,100142,False,False
regional asthma management prevention,cross-tree,REGIONAL ASTHMA MANAGEMENT & PREVENTION,101622,1,Regional Asthma Management Prevention,100346,False,False
ravenswood city elementary,cross-tree-fold,RAVENSWOOD CITY ELEMENTARY,100635,1,RAVENSWOOD CITY ELEMENTARY,100634,True,False
redwood city elementary,cross-tree,REDWOOD CITY ELEMENTARY,101302,1,REDWOOD CITY ELEMENTARY,101289,False,False
region 8 states council of the united food and commercial workers,cross-tree,REGION 8 STATES COUNCIL OF THE UNITED FOOD AND COMMERCIAL WORKERS,101591,1,Region 8 States Council of the United Food and Commercial Workers,101587,False,False
regional black chamber of southern california,cross-tree,Regional Black Chamber of Southern California,130173,1,Regional Black Chamber of Southern California,101634,False,False
the regional hispanic chamber of commerce,cross-tree,THE REGIONAL HISPANIC CHAMBER OF COMMERCE,130173,1,The Regional Hispanic Chamber of Commerce,101688,False,False
respiratory care board,cross-tree,RESPIRATORY CARE BOARD,102441,5,Respiratory Care Board,102442,False,False
riteaid,cross-tree-fold,Rite-Aid,103250,1,RiteAid,103258,True,False
county of riverside,cross-tree,COUNTY OF RIVERSIDE,103420,6,County of Riverside,103525,False,False
riverside sheriffs association,cross-tree,RIVERSIDE SHERIFF'S ASSOCIATION,113751,15,Riverside Sheriff's Association,103583,False,False
root rebound,cross-tree,Root & Rebound,104242,3,Root& Rebound,104244,False,False
ryan llc,cross-tree,Ryan LLC,104879,1,Ryan LLC.,104882,False,False
showing up for racial justice surj sacramento,cross-tree-fold,Showing Up for Racial Justice (SURJ) - Sacramento,105116,1,Showing Up for Racial Justice (SURJ) Sacramento,113939,True,False
showing up for racial justice sacramento,cross-tree-fold,Showing Up for Racial Justice - Sacramento,105116,1,Showing Up for Racial Justice Sacramento,113954,True,False
sacramento metropolitan chamber of commerce,cross-tree,Sacramento Metropolitan Chamber of Commerce,130173,6,Sacramento Metropolitan Chamber of Commerce,105395,False,False
society for the prevention of cruelty to animals sacramento,cross-tree,Society for the Prevention of Cruelty to Animals - Sacramento,105522,1,"Society for the Prevention of Cruelty to Animals, Sacramento",105521,False,False
safari club international san francisco bay area chapter,cross-tree,"Safari Club International, San Francisco Bay Area Chapter",105734,1,Safari Club International - San Francisco Bay Area Chapter,105735,False,False
safe return project,cross-tree-fold,Safe Return Project,105831,1,SAFE RETURN PROJECT,105832,True,False
sag aftra,cross-tree-fold,SAG- AFTRA,111728,1,Sag Aftra,105962,True,False
san bernadino county sheriff,cross-tree,San Bernadino County Sheriff,113746,1,San Bernadino County Sheriff,106473,False,False
san bernardino county board of supervisors,cross-tree-fold,San Bernardino County Board of Supervisors.,139505,1,SAN BERNARDINO COUNTY BOARD OF SUPERVISORS,106519,True,False
san diego water authority,cross-tree,San Diego Water Authority,107142,1,San Diego Water Authority,106935,False,False
county of san diego board of supervisors,cross-tree,COUNTY OF SAN DIEGO BOARD OF SUPERVISORS,107001,1,County of San Diego Board of Supervisors,139624,False,False
sdcwa,cross-tree-fold,SDCWA,107142,1,SDCWA,138250,True,False
city of san diego regional chamber of commerce,cross-tree,City of San Diego Regional Chamber of Commerce,130173,1,City of San Diego Regional Chamber of Commerce,107429,False,False
deputy sheriffs association of san francisco,cross-tree,Deputy Sheriff's Association of San Francisco,107999,1,Deputy Sheriffs Association of San Francisco,113755,False,False
san gabriel valley coalition of chambers,cross-tree,San Gabriel Valley Coalition of Chambers,130173,1,San Gabriel Valley Coalition of Chambers,108443,False,False
san gabriel valley council of governments,cross-tree,SAN GABRIEL VALLEY COUNCIL OF GOVERNMENTS,108486,1,San Gabriel Valley Council of Governments,108488,False,False
san gabriel valley economic partnership,cross-tree,San Gabriel Valley Economic Partnership,108501,1,SAN GABRIEL VALLEY ECONOMIC PARTNERSHIP,109582,False,False
county of san joaquin,cross-tree,COUNTY OF SAN JOAQUIN,108615,1,County of San Joaquin,108591,False,False
san jose conservation corps charter school,cross-tree,SAN JOSE CONSERVATION CORPS & CHARTER SCHOOL,108874,3,San Jose Conservation Corps - Charter School,108873,False,False
san mateo county sheriff,cross-tree,SAN MATEO COUNTY SHERIFF,113746,3,San Mateo County Sheriff,109406,False,False
san mateofoster city elementary,cross-tree-fold,SAN MATEO-FOSTER CITY ELEMENTARY,109475,1,SAN MATEO-FOSTER CITY ELEMENTARY,109474,True,False
santa barbara south coast chamber of commerce,cross-tree,SANTA BARBARA SOUTH COAST CHAMBER OF COMMERCE,130173,1,Santa Barbara South Coast Chamber of Commerce,109779,False,False
santa barbara county sheriffcoroner,cross-tree,Santa Barbara County Sheriff-Coroner,113746,1,Santa Barbara County Sheriff-Coroner,109890,False,False
the sheriff of santa cruz county,cross-tree,THE SHERIFF OF SANTA CRUZ COUNTY,113746,1,The Sheriff of Santa Cruz County,110485,False,False
santa monica community college district,cross-tree-fold,Santa Monica Community College District,110665,1,Santa Monica Community College District,110674,True,False
santa monicamalibu unified,cross-tree,SANTA MONICA-MALIBU UNIFIED,110690,1,SANTA MONICA-MALIBU UNIFIED,110718,False,False
schiffer buus,cross-tree-fold,Schiffer & Buus,111368,1,Schiffer Buus,111369,True,False
school for integrated academics and technologies,cross-tree-fold,School for Integrated Academics and Technologies,111467,1,School for Integrated Academics and Technologies,139934,True,False
scope strategic community agenda,cross-tree-fold,SCOPE - Strategic Community Agenda,111640,1,Scope Strategic Community Agenda,111643,True,False
scripps health,cross-tree,Scripps Health,111746,3,Scripps Health,111737,False,False
second harvest food bank santa cruz county,cross-tree,Second Harvest Food Bank - Santa Cruz County,112041,1,Second Harvest Food Bank Santa Cruz County,112043,False,False
seiu united healthcare workers,cross-tree-fold,"SEIU, United Healthcare Workers",112846,1,SEIU - United Healthcare Workers,112226,True,False
service employees international union nurses alliance of california,cross-tree,"Service Employees International Union, Nurses Alliance of California",112846,1,Service Employees International Union - Nurses Alliance of California,112251,False,False
seiu state council,cross-tree-fold,SEIU State Council,112846,1,Seiu State Council,112252,True,False
seiu united healthcare workers west,cross-tree-fold,SEIU United Healthcare Workers - West,112846,1,SEIU United Healthcare Workers West,112254,True,False
seiu united long term care workers,cross-tree-fold,SEIU - United Long Term Care Workers,140789,1,SEIU United Long Term Care Workers,112255,True,False
service employees international union seiu locals 2006 247,cross-tree-fold,"Service Employees International Union (SEIU), Locals 2006 & 247 -",112846,1,"Service Employees International Union (SEIU), Locals 2006 & 247",112821,True,False
service employees international union california seiu,cross-tree,Service Employees International Union - California (SEIU),140789,1,Service Employees International Union California (SEIU),112825,False,False
service employees international union california state,cross-tree-fold,Service Employees International Union - California State,112846,1,Service Employees International Union California State,112838,True,False
service employees international union seiu seiu local 434b,cross-tree,Service Employees International Union (SEIU) : SEIU Local 434B,112846,1,Service Employees International Union (SEIU): SEIU Local 434B,112841,False,False
service employees international union local united long term care workers,cross-tree-fold,Service Employees International Union - Local United Long Term Care Workers,112846,1,Service Employees International Union Local United Long Term Care Workers,112842,True,False
service employee international union,cross-tree,SERVICE EMPLOYEE INTERNATIONAL UNION,140789,1,Service Employee International Union,112846,False,False
service employees international,cross-tree,SERVICE EMPLOYEES INTERNATIONAL,140789,6,Service Employees International,112846,False,False
service employees international union,cross-tree,Service Employees International Union,140789,262,Service Employees International Union,112846,False,False
service employees international union california state council seiu,cross-tree,Service Employees International Union California State Council (SEIU),112846,1,"Service Employees International Union California State Council, SEIU",112852,False,False
shasta county clerkregistrar of voters,cross-tree,Shasta County Clerk/Registrar of Voters,113451,1,Shasta County Clerk/Registrar of Voters,113493,False,False
shasta union high,cross-tree-fold,SHASTA UNION HIGH,113554,1,Shasta Union High,113553,True,False
sheet metal air rail and transportation workers local 105,cross-tree-fold,"Sheet Metal, Air, Rail, and Transportation Workers, Local 105",113623,1,"Sheet Metal, Air, Rail and Transportation Workers Local 105",139936,True,False
shelter services for women santa barbara,cross-tree-fold,Shelter Services for Women (Santa Barbara),113702,1,"Shelter Services for Women, Santa Barbara",113705,True,False
butte county sheriffcoroner,cross-tree-fold,Butte County Sheriff-Coroner,113746,1,Butte County Sheriff-Coroner,139581,True,False
stanislaus county sheriffs department,cross-tree,Stanislaus County Sheriff's Department,113746,2,Stanislaus County Sheriff's Department,119245,False,False
sheriff stanislaus county,cross-tree,Sheriff - Stanislaus County,113746,1,"Sheriff, Stanislaus County",119245,False,False
tuolumne county sheriffs office,cross-tree-fold,Tuolumne County Sheriffs Office,113746,1,Tuolumne County Sheriff's Office,139575,True,False
tehama county sheriffs department,cross-tree,Tehama County Sheriff's Department,113746,1,Tehama County Sheriff's Department,123480,False,False
siskiyou county sheriffs department,cross-tree,Siskiyou County Sheriff's Department,113746,1,Siskiyou County Sheriff's Department,114822,False,False
state sheriffs association,cross-tree-fold,State Sheriffs Association,113751,2,State Sheriffs Association,140456,True,False
shields for families los angeles,cross-tree-fold,Shields for Families - Los Angeles,113810,1,"Shields for Families, Los Angeles",113812,True,False
shingle springscameron park chamber of commerce,cross-tree,Shingle Springs/cameron Park Chamber of Commerce,130173,1,Shingle Springs/Cameron Park Chamber of Commerce,113833,False,False
showing up for racial justice san francisco surj sf,cross-tree-fold,Showing Up for Racial Justice - San Francisco (SURJ SF),113955,1,Showing Up for Racial Justice San Francisco - Surj Sf,113956,True,False
sisters of the holy family fremont,cross-tree-fold,Sisters of the Holy Family - Fremont,114928,1,"Sisters of the Holy Family, Fremont",114929,True,False
small school districts association,cross-tree,SMALL SCHOOL DISTRICT'S ASSOCIATION,115273,7,Small School Districts' Association,115275,False,False
socal edison,cross-tree-fold,So-Cal Edison,117479,1,SoCal Edison,115545,True,False
society of fearless grandmothers santa barbara,cross-tree-fold,Society of Fearless Grandmothers - Santa Barbara,115775,1,"Society of Fearless Grandmothers, Santa Barbara",139938,True,False
solar depot sacramento,cross-tree-fold,Solar Depot - Sacramento,116081,1,"Solar Depot, Sacramento",116083,True,False
solar energy industry association,cross-tree,Solar Energy Industry Association,116099,1,Solar Energy Industry Association,116100,False,False
south bay chamber of commerce,cross-tree,South Bay Chamber of Commerce,130173,1,South Bay Chamber of Commerce,116803,False,False
south bay association chamber of commerce,cross-tree,South Bay Association Chamber of Commerce,130173,1,South Bay Association Chamber of Commerce,116803,False,False
south bay union elementary,cross-tree-fold,SOUTH BAY UNION ELEMENTARY,116899,1,SOUTH BAY UNION ELEMENTARY,116898,True,False
south bay yimby,cross-tree-fold,SOUTH BAY YIMBY,137492,1,South Bay YIMBY,116907,True,False
south orange county chambers of commerce,cross-tree,South Orange County Chambers of Commerce,130173,1,South Orange County Chambers of Commerce,117122,False,False
southern ca tribal chairmens assn,cross-tree-fold,Southern CA Tribal Chairmen's Assn.,117698,1,Southern CA Tribal Chairmen's Assn,117318,True,False
southern california association of nonprofit,cross-tree,Southern California Association of Non-Profit,117369,1,Southern California Association of Nonprofit,117371,False,False
victorville chapter southern christian leadership conference,cross-tree,"Victorville Chapter, Southern Christian Leadership Conference",132948,2,"Victorville Chapter, Southern Christian Leadership: Conference",117740,False,False
sprinkler fitters and apprentices local 483,cross-tree,Sprinkler Fitters and Apprentices Local 483,129722,1,Sprinkler Fitters and Apprentices Local 483,118513,False,False
ssghopics,cross-tree-fold,SSG/HOPICS,118597,1,Ssg-hopics,118598,True,False
st johns well child family center,cross-tree,St. John's Well Child & Family Center,118776,1,ST. JOHN'S WELL CHILD & FAMILY CENTER,118749,False,False
st marys center oakland,cross-tree,"St. Mary's Center, Oakland",118892,1,St. Mary's Center - Oakland,118893,False,False
state farm,cross-tree-fold,State Farm,119710,1,State Farm,119707,True,False
strs,cross-tree,STRS,119893,1,STRS,120755,False,False
the state treasurer,cross-tree,THE STATE TREASURER,119904,1,The State Treasurer,119913,False,False
state water resources control bd,cross-tree-fold,State Water Resources Control Bd.,119932,1,State Water Resources Control Bd,119931,True,False
the university corporation dba strength united,cross-tree-fold,"The University Corporation D.B.A. ""Strength United",120709,1,The University Corporation dba Strength United,126032,True,False
sunnyvale elementary,cross-tree-fold,SUNNYVALE ELEMENTARY,121394,1,SUNNYVALE ELEMENTARY,140411,True,False
sylvan union elementary,cross-tree-fold,SYLVAN UNION ELEMENTARY,122535,1,SYLVAN UNION ELEMENTARY,122534,True,False
tenemos que reclamar y unidos salvar la tierra trust south la,cross-tree,Tenemos Que Reclamar Y Unidos Salvar LA Tierra - T.R.U.S.T. South LA,122698,1,TENEMOS QUE RECLAMAR Y UNIDOS SALVAR LA TIERRA (TRUST SOUTH LA),123723,False,False
triplea council of california,cross-tree,Triple-A- Council of California,128090,1,Triple-A Council of California,122713,False,False
tahoetruckee unified,cross-tree-fold,TAHOE-TRUCKEE UNIFIED,122843,1,TAHOE-TRUCKEE UNIFIED,122842,True,False
technet,cross-tree-fold,TECHNET,123345,7,TechNet,139026,True,False
technology association of america,cross-tree,TECHNOLOGY ASSOCIATION OF AMERICA,123370,3,Technology Association of America,123371,False,False
tenet health system,cross-tree-fold,Tenet Health System,123731,1,Tenet Health System,123730,True,False
tenet healthsystem,cross-tree,Tenet HealthSystem,123731,1,Tenet Healthsystem,123732,False,False
the california medical association cma,cross-tree,THE CALIFORNIA MEDICAL ASSOCIATION (CMA),139578,1,The California Medical Association (CMA),124307,False,False
the w haywood burns institute,cross-tree,THE W HAYWOOD BURNS INSTITUTE,133944,1,The W. Haywood Burns Institute,126089,False,False
w haywood burns institute,cross-tree,W HAYWOOD BURNS INSTITUTE,133944,1,W. Haywood Burns Institute,126089,False,False
the wall las memorias,cross-tree,The Wall - Las Memorias,134058,1,The Wall las Memorias,126096,False,False
time for change foundation,cross-tree,TIME FOR CHANGE FOUNDATION,126591,2,Time for Change Foundation,126590,False,False
together we will san jos,cross-tree-fold,Together We Will - San Jos,126791,1,Together We Will: San Jos,126795,True,False
transgender gender variant intersex justice project,cross-tree-fold,Transgender Gender Variant Intersex Justice Project,127484,1,"Transgender, Gender- Variant, & Intersex Justice Project",140472,True,False
transgender law center san francisco,cross-tree-fold,Transgender Law Center (San Francisco),127488,1,"Transgender Law Center, San Francisco",127490,True,False
trical inc,cross-tree,"Tri-Cal, Inc",127803,1,"TriCal, Inc",127967,False,False
truform construction corp,cross-tree-fold,Truform Construction Corp,128211,1,Tru-Form Construction Corp,140475,True,False
turning point of central california visalia,cross-tree-fold,Turning Point of Central California - Visalia,128567,1,"Turning Point of Central California, Visalia",128568,True,False
twentynine palms water district,cross-tree-fold,Twentynine Palms Water District,128646,1,Twenty-Nine Palms Water District,140503,True,False
tyme maidu tribe berry creek rancheria,cross-tree,Tyme Maidu Tribe (Berry Creek Rancheria),128717,1,Tyme Maidu Tribe - Berry Creek Rancheria,128718,False,False
us green building councilcalifornia,cross-tree,U.S. Green Building Council-California,131195,1,US Green Building Council-California,128801,False,False
us green building council california chapter,cross-tree,"US GREEN BUILDING COUNCIL, CALIFORNIA CHAPTER",131195,1,"U.S. Green Building Council, California Chapter",128804,False,False
united states green building council california,cross-tree,United States Green Building Council -- California,130204,1,United States Green Building Council California,128804,False,False
us green building council california,cross-tree,"U.s. Green Building Council, California",131195,4,"U.S. Green Building Council, California",128804,False,False
united states green building council los angeles chapter,cross-tree-fold,United States Green Building Council - Los Angeles Chapter,128808,1,"United States Green Building Council, Los Angeles Chapter",130207,True,False
uaw local 4811,cross-tree,UAW Local 4811,129758,1,UAW Local 4811,128867,False,False
utility consumers action network ucan,cross-tree,"Utility Consumers' Action Network, UCAN",131403,1,Utility Consumers Action Network (UCAN),129041,False,False
united cerebral palsy california,cross-tree,United Cerebral Palsy - California,129809,1,United Cerebral Palsy California,129827,False,False
united chambers of commerce san fernando valley,cross-tree,"United Chambers of Commerce, San Fernando Valley",130173,1,United Chambers of Commerce - San Fernando Valley,129845,False,False
united chambers of commerce san fernando valley and region,cross-tree,United Chambers of Commerce: San Fernando Valley and Region,129845,1,"United Chambers of Commerce, San Fernando Valley and Region",129846,False,False
united healthcare,cross-tree,United Healthcare,129961,1,United Healthcare,130402,False,False
united methodist church los angeles,cross-tree-fold,United Methodist Church (Los Angeles),130029,1,"UNITED METHODIST CHURCH, LOS ANGELES",130033,True,False
united nations association usa unesco santa barbara county chapters,cross-tree-fold,United Nations Association - USA & UNESCO Santa Barbara County: Chapters,130059,1,United Nations Association - USA & UNESCO Santa Barbara County Chapters,130060,True,False
ustelecom the broadband association,cross-tree,USTelecom - the Broadband Association,131383,1,USTelecom: The Broadband Association,130259,False,False
united teachers los angeles,cross-tree,United Teachers Los Angeles,130291,15,United Teachers Los Angeles,131430,False,False
united translators and interpreters of new jersey cwa locals 1034 9400 9415 9423,cross-tree-fold,"United Translators and Interpreters of New Jersey, CWA: Locals 1034, 9400, 9415, 9423",130304,1,"United Translators and Interpreters of New Jersey, CWA Locals 1034, 9400, 9415, 9423",130306,True,False
united transportation union california legislative board,cross-tree-fold,United Transportation Union - California Legislative Board,130309,1,"United Transportation Union, California Legislative Board",130311,True,False
university lutheran chapel berkeley,cross-tree-fold,University Lutheran Chapel (Berkeley),130507,1,University Lutheran Chapel Berkeley,130508,True,False
university of san diego school of law childrens advocacy institute,cross-tree,"University of San Diego School of Law, Children's Advocacy Institute",130788,1,University of San Diego School of Law - Children's Advocacy Institute,130782,False,False
university of san diego school of laws childrens advocacy institute,cross-tree,University of San Diego School of Law's Children's Advocacy Institute,130788,11,University of San Diego School of Law's Children's Advocacy Institute,130782,False,False
university of san diego hahn school of nursing,cross-tree-fold,"University of San Diego, Hahn School: of Nursing",130782,1,University of San Diego Hahn School of Nursing,130784,True,False
university of san francisco school of law racial justice clinic,cross-tree,University of San Francisco School of Law Racial Justice Clinic,130808,1,University of San Francisco School of Law | Racial Justice Clinic,131353,False,False
university of southern california department of ophthalmology,cross-tree-fold,University of Southern California Department of Ophthalmology,130815,1,University of Southern California Department of Ophthalmology,130820,True,False
university ywca berkeley,cross-tree-fold,University YWCA (Berkeley),130886,1,"University YWCA, Berkeley",130887,True,False
vfwdepartment of california,cross-tree,VFW-Department of California,132744,1,VFW-Department of California,132643,False,False
the vfw department of california,cross-tree,THE VFW - DEPARTMENT OF CALIFORNIA,132744,1,The VFW - Department of California,132643,False,False
veterans of foreign wars of the united states department of california,cross-tree,Veterans of Foreign Wars of the United States Department of California,132744,33,Veterans of Foreign Wars of the United States (Department of California),132643,False,False
walmart stores inc,cross-tree,Wal-Mart Stores Inc,134012,1,Walmart Stores Inc,134074,False,False
walmart,cross-tree-fold,Wal-Mart,134012,1,WALMART,134074,True,False
watereuse california,cross-tree,Watereuse California,134385,1,WateReuse California,134430,False,False
wattshealth foundation inc,cross-tree,"WattsHealth Foundation, Inc",134470,1,"WattsHealth Foundation, Inc",134480,False,False
western states council sheet metal air rail and transportation,cross-tree,"WESTERN STATES COUNCIL SHEET METAL, AIR, RAIL AND TRANSPORTATION",135530,1,"Western States Council Sheet Metal, Air, Rail and Transportation",135532,False,False
wspa,cross-tree-fold,WSPA,135545,1,Wspa,137272,True,False
wildcoast,cross-tree,WILDCOAST,136056,1,WILDCOAST,136054,False,False
womens center high desert inc,cross-tree,"Women's Center High Desert, Inc",136721,1,"Women's Center - High Desert, Inc",136715,False,False
the womens foundation of california womens policy institute,cross-tree,"The Women's Foundation of California, Women's Policy Institute",136757,1,THE WOMEN'S FOUNDATION OF CALIFORNIA - WOMEN'S POLICY INSTITUTE,136758,False,False
womens international league for peace and freedom fresno,cross-tree,Women's International League for Peace and Freedom - Fresno,136778,1,WOMEN'S INTERNATIONAL LEAGUE FOR PEACE AND FREEDOM -- FRESNO,136781,False,False
worksafe,cross-tree,Worksafe,137140,3,Worksafe,137138,False,False
slo county yimby,cross-tree,SLO COUNTY YIMBY,137492,1,SLO County YIMBY,139062,False,False
sloco yimby,cross-tree-fold,SLOCO YIMBY,137492,1,SloCo Yimby,139062,True,False
county of san bernardino,cross-tree-fold,COUNTY OF SAN BERNARDINO,139505,8,County of San Bernardino,140039,True,False
county of san diego,cross-tree-fold,COUNTY OF SAN DIEGO,139506,7,County of San Diego,139624,True,False
san francisco department of public health,cross-tree-fold,San Francisco Department of Public Health,139564,1,San Francisco Department of Public Health,140338,True,False
associated builders and contractors central california chapter,remove-descendant,Associated Builders and Contractors Central California Chapter,79,11,"Associated Builders and Contractors, Central California Chapter",79,False,False
associated builders and contractors southern california chapter,remove-descendant,Associated Builders and Contractors - Southern California Chapter,79,11,Associated Builders and Contractors Southern California Chapter,79,False,False
associated builders and contractors san diego chapter,remove-descendant,Associated Builders and Contractors - San Diego Chapter,79,18,Associated Builders and Contractors -San Diego Chapter,79,False,False
california dental association,remove-descendant,California Dental Association,5369,14,CALIFORNIA DENTAL ASSOCIATION,5369,False,False
los angeles county federation of labor aflcio,remove-descendant,"LOS ANGELES COUNTY FEDERATION OF LABOR, AFL-CIO",5449,7,Los Angeles County Federation of Labor (AFL-CIO),5449,False,False
sacramento central labor council aflcio,remove-descendant,"SACRAMENTO CENTRAL LABOR COUNCIL, AFL-CIO",5449,6,"Sacramento Central Labor Council, AFL-CIO",5449,False,False
san diego imperial counties labor council,remove-descendant,SAN DIEGO & IMPERIAL COUNTIES LABOR COUNCIL,5449,6,San Diego - Imperial Counties Labor Council,5449,False,False
san mateo county central labor council,remove-descendant,SAN MATEO COUNTY CENTRAL LABOR COUNCIL,5449,5,San Mateo County Central Labor Council,5449,False,False
south bay aflcio labor council,remove-descendant,SOUTH BAY AFL-CIO LABOR COUNCIL,5449,6,South Bay AFL-CIO Labor Council,5449,False,False
california union of safety employees cause,remove-descendant,California Union of Safety Employees (CAUSE),29266,6,California Union of Safety Employees (CAUSE),29266,False,False
fresno deputy sheriffs association,remove-descendant,FRESNO DEPUTY SHERIFF'S ASSOCIATION,45207,3,Fresno Deputy Sheriffs' Association,45207,False,False
county of santa clara district attorney,remove-descendant,County of Santa Clara District Attorney,46165,2,"County of Santa Clara, District Attorney",46165,False,False
emergency medical services administrators association of california,remove-descendant,Emergency Medical Services Administrator's Association of California,49831,9,Emergency Medical Services Administrators' Association: of California,49831,False,False
fight crime invest in kids california,remove-descendant,Fight Crime Invest In Kids California,53244,5,Fight Crime: Invest in Kids California,53244,False,False
indivisible auburn,remove-descendant,Indivisible Auburn,65469,4,Indivisible - Auburn,65469,False,False
indivisible sacramento,remove-descendant,INDIVISIBLE SACRAMENTO,65469,3,Indivisible - Sacramento,65469,False,False
indivisible san francisco,remove-descendant,INDIVISIBLE SAN FRANCISCO,65469,5,Indivisible San Francisco,65469,False,False
indivisible south bay la,remove-descendant,INDIVISIBLE SOUTH BAY LA,65469,5,Indivisible South Bay- LA,65469,False,False
resistance northridgeindivisible,remove-descendant,RESISTANCE NORTHRIDGE-INDIVISIBLE,65469,10,Resistance Northridge-Indivisible,65469,False,False
indivisible 30keep sherman accountable,remove-descendant,Indivisible 30/keep Sherman Accountable,65469,5,Indivisible 30/Keep Sherman Accountable,65469,False,False
indivisible 36,remove-descendant,Indivisible 36,65469,3,Indivisible 36,65469,False,False
indivisible 41,remove-descendant,Indivisible 41,65469,3,Indivisible 41,65469,False,False
indivisible alta pasadena,remove-descendant,Indivisible Alta Pasadena,65469,3,Indivisible Alta Pasadena,65469,False,False
indivisible beach cities,remove-descendant,Indivisible Beach Cities,65469,3,Indivisible Beach Cities,65469,False,False
indivisible california green team,remove-descendant,Indivisible California Green Team,65469,6,Indivisible California Green Team,65469,False,False
indivisible ca25 simi valley porter ranch,remove-descendant,Indivisible Ca-25 Simi Valley Porter Ranch,65469,10,Indivisible CA-25 Simi Valley Porter Ranch,65469,False,False
indivisible ca29,remove-descendant,Indivisible Ca29,65469,6,Indivisible CA-29,65469,False,False
indivisible central contra costa county,remove-descendant,Indivisible Central Contra Costa County,65469,2,Indivisible - Central Contra Costa County,65469,False,False
indivisible claremontinland valley,remove-descendant,Indivisible Claremont/inland Valley,65469,4,Indivisible Claremont/Inland Valley,65469,False,False
cloverdale indivisible,remove-descendant,Cloverdale Indivisible,65469,3,Cloverdale Indivisible,65469,False,False
indivisible colusa county,remove-descendant,Indivisible Colusa County,65469,3,Indivisible - Colusa County,65469,False,False
defending our future indivisible in ca,remove-descendant,Defending Our Future: Indivisible in Ca,65469,8,Defending Our Future: Indivisible in CA,65469,False,False
indivisible east bay,remove-descendant,Indivisible East Bay,65469,3,Indivisible - East Bay,65469,False,False
indivisible healdsburg,remove-descendant,Indivisible Healdsburg,65469,2,Indivisible - Healdsburg,65469,False,False
hillcrest indivisible,remove-descendant,Hillcrest Indivisible,65469,5,Hillcrest Indivisible,65469,False,False
livermore indivisible,remove-descendant,Livermore Indivisible,65469,3,Livermore Indivisible,65469,False,False
indivisible mendocino,remove-descendant,Indivisible Mendocino,65469,3,"Indivisible, Mendocino",65469,False,False
indivisible north san diego county,remove-descendant,Indivisible North San Diego County,65469,4,Indivisible North San Diego County,65469,False,False
indivisible oc 46,remove-descendant,Indivisible Oc 46,65469,4,Indivisible OC 46,65469,False,False
indivisible oc 48,remove-descendant,Indivisible Oc 48,65469,3,Indivisible OC 48,65469,False,False
indivisible petaluma,remove-descendant,Indivisible Petaluma,65469,3,Indivisible Petaluma,65469,False,False
indivisible resistance san diego,remove-descendant,Indivisible Resistance San Diego,65469,2,Indivisible Resistance San Diego,65469,False,False
indivisible riverside,remove-descendant,Indivisible Riverside,65469,2,Indivisible Riverside,65469,False,False
indivisible ross valley,remove-descendant,Indivisible Ross Valley,65469,3,Indivisible Ross Valley,65469,False,False
indivisible san bernardino,remove-descendant,Indivisible San Bernardino,65469,3,Indivisible San Bernardino,65469,False,False
indivisible san diego,remove-descendant,Indivisible San Diego,65469,3,Indivisible - San Diego,65469,False,False
indivisible san diego central,remove-descendant,Indivisible San Diego Central,65469,3,Indivisible - San Diego Central,65469,False,False
san diego indivisible downtown,remove-descendant,San Diego Indivisible Downtown,65469,3,San Diego Indivisible Downtown,65469,False,False
indivisible san pedro,remove-descendant,Indivisible San Pedro,65469,3,Indivisible San Pedro,65469,False,False
indivisible santa barbara,remove-descendant,Indivisible Santa Barbara,65469,3,Indivisible Santa Barbara,65469,False,False
indivisible santa cruz county,remove-descendant,Indivisible Santa Cruz County,65469,3,Indivisible Santa Cruz County,65469,False,False
indivisible sausalito,remove-descendant,Indivisible Sausalito,65469,3,Indivisible Sausalito,65469,False,False
indivisible sebastopol,remove-descendant,Indivisible Sebastopol,65469,3,Indivisible Sebastopol,65469,False,False
indivisible sf peninsula and ca14,remove-descendant,Indivisible Sf Peninsula and Ca-14,65469,10,Indivisible SF Peninsula and CA-14,65469,False,False
indivisible sonoma county,remove-descendant,Indivisible Sonoma County,65469,2,"Indivisible, Sonoma County",65469,False,False
stand strong la indivisible,remove-descendant,Stand Strong LA Indivisible,65469,3,Stand Strong LA Indivisible,65469,False,False
indivisible suffragists,remove-descendant,Indivisible Suffragists,65469,2,Indivisible Suffragists,65469,False,False
tehama indivisible,remove-descendant,Tehama Indivisible,65469,3,Tehama Indivisible,65469,False,False
vallejobenicia indivisible,remove-descendant,Vallejo-benicia Indivisible,65469,3,Vallejo-Benicia Indivisible,65469,False,False
indivisible ventura,remove-descendant,Indivisible Ventura,65469,2,Indivisible - Ventura,65469,False,False
indivisible watu,remove-descendant,Indivisible Watu,65469,2,Indivisible - Watu,65469,False,False
indivisible windsor,remove-descendant,Indivisible Windsor,65469,2,Indivisible Windsor,65469,False,False
yalla indivisible,remove-descendant,Yalla Indivisible,65469,2,Yalla Indivisible,65469,False,False
california professional firefighters,remove-descendant,California Professional Firefighters,66688,569,CALIFORNIA PROFESSIONAL FIREFIGHTERS,66688,False,False
san diego audubon society,remove-descendant,San Diego Audubon Society,85212,3,San Diego Audubon Society,85212,False,False
planned parenthood action fund of santa barbara ventura and san luis obispo counties,remove-descendant,"Planned Parenthood Action Fund of Santa Barbara, Ventura and San Luis Obispo Counties",96497,2,"Planned Parenthood Action Fund of Santa Barbara, Ventura, and San Luis Obispo Counties",96497,False,False
planned parenthood golden gate,remove-descendant,Planned Parenthood Golden Gate,96497,7,Planned Parenthood Golden Gate,96497,False,False
planned parenthood advocacy project los angeles county,remove-descendant,Planned Parenthood Advocacy Project Los Angeles County,96497,11,Planned Parenthood Advocacy Project Los Angeles County,96497,False,False
planned parenthood mar monte,remove-descendant,Planned Parenthood Mar Monte,96497,12,Planned Parenthood: Mar Monte,96497,False,False
planned parenthood shasta diablo,remove-descendant,Planned Parenthood Shasta Diablo,96497,2,"Planned Parenthood, Shasta Diablo",96497,False,False
planned parenthood shastadiablo action fund,remove-descendant,Planned Parenthood Shasta-Diablo Action Fund,96497,2,Planned Parenthood: Shasta-Diablo Action Fund,96497,False,False
planned parenthood of orange and san bernardino counties,remove-descendant,Planned Parenthood of Orange and San Bernardino Counties,96497,25,Planned Parenthood of Orange and San Bernardino Counties,96497,False,False
california public interest research group calpirg,remove-descendant,California Public Interest Research Group (CALPIRG),99327,48,California Public Interest Research Group - CALPIRG,99327,False,False
humboldt county sheriff,remove-descendant,HUMBOLDT COUNTY SHERIFF,113644,3,Humboldt County Sheriff,113644,False,False
los angeles county sheriffs department,remove-descendant,LOS ANGELES COUNTY SHERIFF'S DEPARTMENT,113644,6,Los Angeles County Sheriff's Department,113644,False,False
sierra club of california,remove-descendant,SIERRA CLUB OF CALIFORNIA,114003,3,Sierra Club of California,114003,False,False
tustin chamber of commerce,remove-descendant,Tustin Chamber of Commerce,130032,2,Tustin Chamber of commerce,130032,False,False
san diego regional chamber of commerce,remove-descendant,SAN DIEGO REGIONAL CHAMBER OF COMMERCE,130032,4,San Diego Regional Chamber of Commerce,130032,False,False
greater san fernando valley chamber of commerce,remove-descendant,Greater San Fernando Valley Chamber of Commerce,130032,6,GREATER SAN FERNANDO VALLEY CHAMBER OF COMMERCE,130032,False,False
walnut creek chamber of commerce,remove-descendant,Walnut Creek Chamber of Commerce,130032,5,WALNUT CREEK CHAMBER OF COMMERCE,130032,False,False
el dorado county chamber of commerce,remove-descendant,EL DORADO COUNTY CHAMBER OF COMMERCE,130032,2,El Dorado County Chamber of Commerce,130032,False,False
el dorado hills chamber of commerce,remove-descendant,EL DORADO HILLS CHAMBER OF COMMERCE,130032,2,El Dorado Hills Chamber of Commerce,130032,False,False
elk grove chamber of commerce,remove-descendant,ELK GROVE CHAMBER OF COMMERCE,130032,4,Elk Grove Chamber of Commerce,130032,False,False
national city chamber of commerce,remove-descendant,NATIONAL CITY CHAMBER OF COMMERCE,130032,2,National City chamber of Commerce,130032,False,False
vacaville chamber of commerce,remove-descendant,VACAVILLE CHAMBER OF COMMERCE,130032,2,Vacaville Chamber of Commerce,130032,False,False
la area chamber of commerce,remove-descendant,LA Area Chamber of Commerce,130032,2,L.A. Area Chamber of Commerce,130032,False,False
greater los angeles african american chamber of commerce,remove-descendant,Greater Los Angeles African American Chamber of Commerce,130032,10,GREATER LOS ANGELES AFRICAN AMERICAN CHAMBER OF COMMERCE,130032,False,False
chambers of commerce alliance of ventura and santa barbara counties,remove-descendant,CHAMBERS OF COMMERCE ALLIANCE OF VENTURA AND SANTA BARBARA COUNTIES,130032,10,Chambers of Commerce Alliance of Ventura and Santa Barbara Counties,130032,False,False
coalition of california chambers,remove-descendant,COALITION OF CALIFORNIA CHAMBERS,130032,3,Coalition of California Chambers,130032,False,False
gateway chambers alliance,remove-descendant,GATEWAY CHAMBERS ALLIANCE,130032,4,Gateway Chambers Alliance,130032,False,False
gateway regional chambers of commerce,remove-descendant,GATEWAY REGIONAL CHAMBERS OF COMMERCE,130032,2,Gateway Regional Chambers of Commerce,130032,False,False
inland empire chamber alliance,remove-descendant,INLAND EMPIRE CHAMBER ALLIANCE,130032,4,Inland Empire Chamber Alliance,130032,False,False
san gabriel valley legislative coalition of chambers,remove-descendant,SAN GABRIEL VALLEY LEGISLATIVE COALITION OF CHAMBERS,130032,3,San Gabriel Valley Legislative Coalition of Chambers,130032,False,False
south county chambers of commerce,remove-descendant,SOUTH COUNTY CHAMBERS OF COMMERCE,130032,2,South County Chambers of Commerce,130032,False,False
south orange county regional chambers of commerce,remove-descendant,SOUTH ORANGE COUNTY REGIONAL CHAMBERS OF COMMERCE,130032,5,South Orange County Regional Chambers of Commerce,130032,False,False
tri county chamber alliance,remove-descendant,TRI COUNTY CHAMBER ALLIANCE,130032,3,Tri County Chamber Alliance,130032,False,False
ucan chambers of commerce,remove-descendant,UCAN CHAMBERS OF COMMERCE,130032,2,Ucan Chambers of Commerce,130032,False,False
united chamber advocacy network,remove-descendant,UNITED CHAMBER ADVOCACY NETWORK,130032,5,United Chamber Advocacy Network,130032,False,False
united chambers of commerce,remove-descendant,UNITED CHAMBERS OF COMMERCE,130032,2,United Chambers of Commerce,130032,False,False
aarp los angeles,within-tree,AARP - Los Angeles,657,1,AARP - Los Angeles,657,False,False
childrens advocacy institute center for public interest law,within-tree,Children's Advocacy Institute Center for Public Interest Law,1703,1,Children's Advocacy Institute/ Center for Public Interest Law,1703,False,False
airconditioning and refrigeration contractors association,within-tree,Airconditioning and Refrigeration Contractors Association,2503,1,Air-conditioning and Refrigeration Contractors Association,2503,False,False
afscme california,within-tree,AFSCME California,5459,1,AFSCME California,5459,False,False
american federation of state county and municipal employees afscme local 2620,within-tree,"American Federation of State, County and Municipal Employees (AFSCME) Local 2620",5459,1,"American Federation of State, County and Municipal Employees (AFSCME) Local 2620",5459,False,False
american federation of state county and municipal employees local 2620,within-tree,"American Federation of State, County and Municipal Employees Local 2620",5459,2,"American Federation of State, County and Municipal Employees, Local 2620",5459,False,False
american federation of state county and municipal employees local 2620 aflcio,within-tree,"American Federation of State, County and Municipal Employees Local 2620, AFL-CIO",5459,1,"American Federation of State, County, and Municipal Employees Local 2620, AFL-CIO",5459,False,False
american federation of state county and municipal employees aflcio local 2620,within-tree,"American Federation of State, County and Municipal Employees, AFL-CIO, Local 2620",5459,1,"American Federation of State, County and Municipal Employees, AFL-CIO - Local 2620",5459,False,False
american federation of school county and municipal employees local 2620,within-tree,"American Federation of School, County, and Municipal Employees, Local 2620",5459,1,"American Federation of School, County and Municipal Employees, Local 2620",5459,False,False
american federation of state county and municipal employees afscme local 3299,within-tree,"American Federation of State, County and Municipal Employees (AFSCME), Local 3299",5459,1,"American Federation of State, County and Municipal Employees (AFSCME), Local 3299",5459,False,False
united domestic workers of americanafscme,within-tree,United Domestic Workers of American/AFSCME,5459,1,United Domestic Workers of American/AFSCME,5459,False,False
united domestic workers,within-tree,United Domestic Workers,5459,1,United Domestic Workers,5459,False,False
udw afscme local 3930,within-tree,UDW AFSCME Local 3930,5459,1,UDW AFSCME Local 3930,5459,False,False
udwafscme local 3930,within-tree,"UDW/AFSCME, Local 3930",5459,1,UDW/Afscme Local 3930,5459,False,False
united domestic workers of americaafscme local 3930aflcio,within-tree,United Domestic Workers Of America-AFSCME Local 3930/AFL-CIO,5459,1,United Domestic Workers of America-AFSCME Local 3930/AFL-CIO,5459,False,False
united domestic workers of america afscme local 3930aflcio,within-tree,United Domestic Workers of America AFSCME Local 3930/AFL-CIO,5459,1,United Domestic Workers of America- AFSCME Local 3930/AFL-CIO,5459,False,False
united domestic workers of america afscme local 3930,within-tree,"United Domestic Workers of America, AFSCME Local 3930",5459,1,"United Domestic Workers of America, AFSCME Local 3930",5459,False,False
united domestic workers of america afscme local 3930 aflcio,within-tree,"United Domestic Workers of America, AFSCME Local 3930, AFL-CIO",5459,1,"United Domestic Workers of America, AFSCME Local 3930, AFL-CIO",5459,False,False
united domestic workers of americaafscme local 3930,within-tree,United Domestic Workers of America-AFSCME Local 3930,5459,1,United Domestic Workers of America/AFSCME Local 3930,5459,False,False
united domestic workers of americaafscme local 3930 aflcio,within-tree,"United Domestic Workers of America-AFSCME Local 3930, AFL-CIO",5459,1,"United Domestic Workers of America-AFSCME Local 3930, AFL-CIO",5459,False,False
united domestic workers afscme local 3930,within-tree,"United Domestic Workers, AFSCME Local 3930",5459,1,"United Domestic Workers, AFSCME Local 3930",5459,False,False
afscme local 206 union of american physicians and dentists,within-tree,AFSCME Local 206 Union of American Physicians and Dentists,5459,1,"AFSCME, Local 206 Union of American Physicians and Dentists",5459,False,False
union of american physicians and dentists uapdafscme local 206,within-tree,Union of American Physicians and Dentists (UAPD)/AFSCME Local 206,5459,1,Union of American Physicians and Dentists - UAPD/AFSCME Local 206,5459,False,False
union of american physicians and dentists afscmelocal 206,within-tree,Union of American Physicians and Dentists / AFSCME-Local 206,5459,1,"Union of American Physicians and Dentists, AFSCME-Local 206",5459,False,False
union of american physicians and dentists afscme local 206,within-tree,"Union of American Physicians and Dentists, AFSCME Local 206",5459,1,"Union of American Physicians and Dentists, AFSCME Local 206",5459,False,False
union of american physicians and dentistsafscme local 206,within-tree,Union of American Physicians and Dentists/AFSCME - Local 206,5459,1,Union of American Physicians and Dentists/AFSCME Local 206,5459,False,False
united ems workers afscme local 4911,within-tree,United EMS Workers - AFSCME Local 4911,5459,1,United EMS Workers AFSCME Local 4911,5459,False,False
united ems workers local 4911 afscme aflcio,within-tree,United EMS Workers Local 4911 AFSCME AFL-CIO,5459,1,"United EMS Workers Local 4911, AFSCME, AFL-CIO",5459,False,False
los angeles county probation officers union afscme local 685,within-tree,Los Angeles County Probation Officers Union AFSCME Local 685,5459,1,"Los Angeles County Probation Officers' Union, AFSCME, Local 685",5459,False,False
los angeles county deputy probation officers union afscme local 685,within-tree,"Los Angeles County Deputy Probation Officers Union, AFSCME Local 685",5459,1,"Los Angeles County Deputy Probation Officers' Union, AFSCME, Local 685",5459,False,False
los angeles deputy probation officers union afscme local 685,within-tree,"Los Angeles Deputy Probation Officers Union, AFSCME Local 685",5459,1,"Los Angeles Deputy Probation Officers' Union, AFSCME, Local 685",5459,False,False
amvets dept of california,within-tree,"AMVETS, Dept. of California",6689,1,AMVETS - Dept of California,6689,False,False
asian law caucus inc san francisco,within-tree,"Asian Law Caucus, Inc., San Francisco",8922,1,"Asian Law Caucus, Inc., San Francisco",8922,False,False
asian law caucus inc,within-tree,"Asian Law Caucus, Inc",8922,1,"Asian Law Caucus, Inc",8922,False,False
asian law caucus alc,within-tree,Asian Law Caucus (ALC),8922,1,ASIAN LAW CAUCUS (ALC),8922,False,False
asian law caucas,within-tree,Asian Law Caucas,8922,1,Asian Law Caucas,8922,False,False
california state bar business law section,within-tree,"California State Bar, Business Law Section",22860,1,California State Bar Business Law Section,22860,False,False
business law section of the state bar of california,within-tree,Business Law Section of the State Bar of California,22860,1,Business Law Section of the State Bar of California,22860,False,False
california state council of the service employees international union,within-tree,California State Council of the Service Employees International Union,140599,1,CALIFORNIA STATE COUNCIL OF THE SERVICE EMPLOYEES INTERNATIONAL UNION,140599,False,False
the climate reality project silicon valley,within-tree,"THE CLIMATE REALITY PROJECT, SILICON VALLEY",35438,1,The Climate Reality Project: Silicon Valley,35438,False,False
orange county district attorney tony rackauckas,within-tree,"Orange County District Attorney, Tony Rackauckas",46165,1,Orange County District Attorney Tony Rackauckas,46165,False,False
san diego district attorney bonnie dumanis,within-tree,"San Diego, District Attorney Bonnie Dumanis",46165,1,"San Diego District Attorney, Bonnie Dumanis",46165,False,False
election integrity project california inc,within-tree,"Election Integrity Project California, Inc.",49364,1,"Election Integrity Project, California Inc",49364,False,False
habitat for humanity riverside inc,within-tree,"Habitat for Humanity Riverside, Inc",60173,1,"Habitat for Humanity Riverside, Inc",60173,False,False
habitat for humanity fresno county,within-tree,Habitat for Humanity Fresno County,60173,1,Habitat for Humanity Fresno County,60173,False,False
habitat for humanity east baysilicon valley,within-tree,HABITAT FOR HUMANITY EAST BAY/SILICON VALLEY,60173,1,Habitat for Humanity East Bay/Silicon Valley,60173,False,False
habitat for humanity east bay,within-tree,"Habitat for Humanity, East Bay",60173,1,Habitat for Humanity East Bay,60173,False,False
habitat for humanity east bay silicon valley,within-tree,HABITAT FOR HUMANITY EAST BAY / SILICON VALLEY,60173,1,Habitat for Humanity East Bay / Silicon Valley,60173,False,False
habitat for humanity of greater san francisco,within-tree,HABITAT FOR HUMANITY OF GREATER SAN FRANCISCO,60173,1,Habitat for Humanity of Greater San Francisco,60173,False,False
indivisible ca 37,within-tree,Indivisible CA - 37,65469,1,Indivisible CA 37,65469,False,False
indivisiblessherman oaks,within-tree,Indivisibles-sherman Oaks,65469,1,Indivisibles-sherman Oaks,65469,False,False
indivisible of sherman oaks,within-tree,Indivisible of Sherman Oaks,65469,1,Indivisible of Sherman Oaks,65469,False,False
indivisible normal heights,within-tree,Indivisible Normal Heights,65469,1,Indivisible Normal Heights,65469,False,False
indivisible santa cruz,within-tree,Indivisible Santa Cruz,65469,1,Indivisible Santa Cruz,65469,False,False
indivisible ca 33,within-tree,Indivisible CA 33,65469,1,Indivisible CA - 33,65469,False,False
indian valley indivisibe,within-tree,Indian Valley Indivisibe,65469,1,Indian Valley Indivisibe,65469,False,False
los angeles indivisible,within-tree,Los Angeles Indivisible,65469,1,Los Angeles Indivisible,65469,False,False
county of indivisible media city burbank,within-tree,County of Indivisible Media City Burbank,65469,1,County of Indivisible Media City Burbank,65469,False,False
indivisible westside los angeles,within-tree,Indivisible Westside Los Angeles,65469,1,Indivisible Westside Los Angeles,65469,False,False
indivisible west side la,within-tree,Indivisible West Side LA,65469,1,Indivisible West Side LA,65469,False,False
kern county firefighters union,within-tree,Kern County Firefighters Union,66688,1,Kern County Firefighters Union,66688,False,False
kern county firefighters local 1301 union,within-tree,Kern County Firefighters Local 1301 Union,66688,1,Kern County Firefighters Local 1301 Union,66688,False,False
kern county firefighters local 1301,within-tree,"Kern County Firefighters, Local 1301",66688,1,Kern County Firefighters Local 1301,66688,False,False
kern county fire fighters union inc local 1301,within-tree,"Kern County Fire Fighters Union Inc., Local 1301",66688,1,"Kern County Fire Fighters Union, Inc., Local 1301",66688,False,False
kern county firefighters iaff local 1301,within-tree,Kern County Firefighters IAFF Local 1301,66688,1,Kern County Firefighters IAFF Local 1301,66688,False,False
orange county professional firefighters association iaff local 3631,within-tree,"Orange County Professional Firefighters Association, IAFF Local 3631",66688,1,Orange County Professional Firefighters Association IAFF Local 3631,66688,False,False
los angeles county firefighters local 1014,within-tree,"Los Angeles County Firefighters, Local 1014",66688,1,"Los Angeles County Firefighters, Local 1014",66688,False,False
san francisco fire fighters iaff local 798,within-tree,San Francisco Fire Fighters IAFF Local 798,66688,1,San Francisco Fire Fighters IAFF Local 798,66688,False,False
marin professional firefighters local 1775,within-tree,"Marin Professional Firefighters, Local 1775",66688,1,"Marin Professional Firefighters, Local 1775",66688,False,False
long beach firefighters local 372,within-tree,"Long Beach Firefighters, Local 372",66688,1,"Long Beach Firefighters, Local 372",66688,False,False
torrance firefighters local 1138,within-tree,"Torrance Firefighters, Local 1138",66688,1,Torrance Firefighters Local 1138,66688,False,False
santa clara county firefighters,within-tree,Santa Clara County Firefighters,66688,1,Santa Clara County Firefighters,66688,False,False
santa clara county firefighters local 1165,within-tree,"Santa Clara County Firefighters, Local 1165",66688,1,"Santa Clara County Firefighters, Local 1165",66688,False,False
santa clara county firefighters local 1162,within-tree,Santa Clara County Firefighters Local 1162,66688,1,Santa Clara County Firefighters Local 1162,66688,False,False
santa clara county firefighters iaff local 1165,within-tree,"Santa Clara County Firefighters, IAFF Local 1165",66688,1,"Santa Clara County Firefighters, IAFF, Local 1165",66688,False,False
modesto city firefighters local 1289,within-tree,"Modesto City Firefighters, Local 1289",66688,1,Modesto City Firefighters Local 1289,66688,False,False
international association of firefighters local 55,within-tree,"International Association of Firefighters, Local 55",66688,1,International Association of Firefighters - Local 55,66688,False,False
union city firefighters local 1946,within-tree,Union City Firefighters Local 1946,66688,1,Union City Firefighters - Local 1946,66688,False,False
united firefighters of los angeles county local 112,within-tree,"United Firefighters of Los Angeles County, Local 112",66688,1,"United Firefighters of Los Angeles County, Local 112",66688,False,False
united firefighters of los angeles city uflac,within-tree,United Firefighters of Los Angeles City (UFLAC),66688,1,United Firefighters of Los Angeles City (UFLAC),66688,False,False
united professional firefighters of contra costa county iaff,within-tree,"United Professional Firefighters of Contra Costa County, IAFF",66688,1,"United Professional Firefighters of Contra Costa County, I.A.F.F.",66688,False,False
united professional firefighters of contra costa county iaff local 1230,within-tree,United Professional Firefighters of Contra Costa County I.A.F.F. Local 1230,66688,1,"United Professional Firefighters of Contra Costa County, I.A.F.F., Local 1230",66688,False,False
united professional fire fighters of contra costa county local 1230,within-tree,United Professional Fire Fighters of Contra Costa County (Local 1230),66688,1,"United Professional Fire Fighters of Contra Costa County, Local 1230",66688,False,False
united professional fire fighters,within-tree,United Professional Fire Fighters,66688,1,United Professional Fire Fighters,66688,False,False
united firefighters of los angeles city,within-tree,UNITED FIREFIGHTERS OF LOS ANGELES CITY,66688,1,United Firefighters of Los Angeles City,66688,False,False
santa clara city fire fighters local 1171,within-tree,"Santa Clara City Fire Fighters, Local 1171",66688,1,"Santa Clara City Fire Fighters, Local 1171",66688,False,False
santa clara city firefighters local 1171,within-tree,Santa Clara City Firefighters Local 1171,66688,1,"Santa Clara City Firefighters, Local 1171",66688,False,False
california state legislative board of the sheet metal air rail and transportation workers,within-tree,"California State Legislative Board of the Sheet Metal, Air, Rail and Transportation Workers",66721,1,"California State Legislative Board of the Sheet Metal, Air, Rail and Transportation Workers",66721,False,False
international brotherhood of electrical workers local 6 san francisco,within-tree,International Brotherhood of Electrical Workers Local 6 (San Francisco),66762,1,"International Brotherhood of Electrical Workers Local 6, San Francisco",66762,False,False
international brotherhood of electrical workers local 6,within-tree,International Brotherhood of Electrical Workers Local 6,66762,1,"International Brotherhood of Electrical Workers, Local 6",66762,False,False
international brotherhood of electrical workers local 11,within-tree,International Brotherhood of Electrical Workers Local 11,66762,1,International Brotherhood of Electrical Workers Local 11,66762,False,False
international brotherhood of electrical workers local 11 pasadena,within-tree,"International Brotherhood of Electrical Workers, Local 11, Pasadena",66762,1,"International Brotherhood of Electrical Workers, Local 11 (Pasadena)",66762,False,False
international brotherhood of electrical workers ibew local 11,within-tree,"International Brotherhood of Electrical Workers (IBEW), Local 11",66762,1,"International Brotherhood of Electrical Workers (IBEW), Local 11",66762,False,False
international brotherhood of electrical workers local 45,within-tree,International Brotherhood of Electrical Workers Local 45,66762,1,"International Brotherhood of Electrical Workers, Local 45",66762,False,False
international brotherhood of electrical workers local 47,within-tree,International Brotherhood of Electrical Workers Local 47,66762,1,"International Brotherhood of Electrical Workers, Local 47",66762,False,False
international brotherhood of electrical workers local 302,within-tree,International Brotherhood of Electrical Workers Local 302,66762,1,International Brotherhood of Electrical Workers Local 302,66762,False,False
international brotherhood of electrical workers local 302 contra costa,within-tree,International Brotherhood of Electrical Workers Local 302 (Contra Costa),66762,1,"International Brotherhood of Electrical Workers, Local 302 (Contra Costa)",66762,False,False
international brotherhood of electrical workers local 332,within-tree,International Brotherhood of Electrical Workers Local 332,66762,1,International Brotherhood of Electrical Workers - Local 332,66762,False,False
international brotherhood of electrical workers local 340,within-tree,International Brotherhood of Electrical Workers Local 340,66762,1,International Brotherhood of Electrical Workers Local 340,66762,False,False
international brotherhood of electrical workers local 340 sacramentoredding,within-tree,International Brotherhood of Electrical Workers Local 340 (Sacramento/Redding),66762,1,"International Brotherhood of Electrical Workers, Local 340 (Sacramento/Redding)",66762,False,False
international brotherhood of electrical workers local 441,within-tree,International Brotherhood of Electrical Workers Local 441,66762,1,International Brotherhood of Electrical Workers Local 441,66762,False,False
international brotherhood of electrical workers local 441 orange,within-tree,International Brotherhood of Electrical Workers Local 441 (Orange),66762,1,"International Brotherhood of Electrical Workers, Local 441 (Orange)",66762,False,False
international brotherhood of electrical workers local 551,within-tree,International Brotherhood of Electrical Workers Local 551,66762,1,International Brotherhood of Electrical Workers Local 551,66762,False,False
international brotherhood of electrical workers local 551 north coast,within-tree,International Brotherhood of Electrical Workers Local 551 (North Coast),66762,1,"International Brotherhood of Electrical Workers, Local 551 (North Coast)",66762,False,False
international brotherhood of electrical workers local 569,within-tree,International Brotherhood of Electrical Workers Local 569,66762,1,International Brotherhood of Electrical Workers Local 569,66762,False,False
international brotherhood of electrical workers local 569 san diego,within-tree,International Brotherhood of Electrical Workers Local 569 San Diego,66762,1,"International Brotherhood of Electrical Workers, Local 569 (San Diego)",66762,False,False
ibew local union 569,within-tree,IBEW LOCAL UNION 569,66762,1,IBEW Local Union 569,66762,False,False
international brotherhood of electrical workers local union 569,within-tree,INTERNATIONAL BROTHERHOOD OF ELECTRICAL WORKERS LOCAL UNION 569,66762,1,"International Brotherhood of Electrical Workers, Local Union 569",66762,False,False
teamsters union local 890,within-tree,Teamsters Union Local 890,66803,1,Teamsters Union Local 890,66803,False,False
general teamsters warehousemen and helpers union local 890,within-tree,"General Teamsters, Warehousemen and Helpers Union Local 890",66803,1,"General Teamsters, Warehousemen and Helpers Union, Local 890",66803,False,False
the los angeles times,within-tree,THE LOS ANGELES TIMES,77151,1,The Los Angeles Times,77151,False,False
modesto bee,within-tree,Modesto Bee,82441,1,Modesto Bee,82441,False,False
naral prochoice california,within-tree,NARAL Pro-Choice California,84758,6,Naral Pro-Choice California,84758,False,False
naacp california state conference,within-tree,"NAACP, California State Conference",84922,1,NAACP California State Conference,84922,False,False
oakland chapter naacp,within-tree,"Oakland Chapter, NAACP",84922,1,"Oakland Chapter, NAACP",84922,False,False
oakland naacp,within-tree,Oakland NAACP,84922,1,Oakland NAACP,84922,False,False
naacp pasadena,within-tree,NAACP Pasadena,84922,1,NAACP Pasadena,84922,False,False
pasadena naacp,within-tree,Pasadena NAACP,84922,1,Pasadena NAACP,84922,False,False
national association for the advancement of colored people pomona valley branch,within-tree,National Association for the Advancement of Colored People Pomona Valley Branch,84922,1,National Association for the Advancement of Colored People - Pomona Valley Branch,84922,False,False
national association for the advancement of colored people san josesilicon valley,within-tree,"National Association for the Advancement of Colored People, San Jose/Silicon Valley",84922,1,"National Association for the Advancement of Colored People, San Jose/Silicon Valley",84922,False,False
san josesilicon valley branch of the naacp,within-tree,SAN JOSE/SILICON VALLEY BRANCH OF THE NAACP,84922,1,San Jose/Silicon Valley Branch of the NAACP,84922,False,False
san josesilicon valley naacp,within-tree,SAN JOSE/SILICON VALLEY NAACP,84922,2,San Jose/Silicon Valley NAACP,84922,False,False
san josesilicon valley branch of the national association for the advancement of colored people,within-tree,San Jose/Silicon Valley Branch of the National Association for the Advancement of Colored People,84922,1,San Jose/Silicon Valley Branch of the National Association for the Advancement of Colored People,84922,False,False
naacp 1069,within-tree,NAACP 1069,84922,1,NAACP 1069,84922,False,False
naacp san pedrowilmington branch,within-tree,NAACP San Pedro-wilmington Branch,84922,1,NAACP San Pedro-Wilmington Branch,84922,False,False
national association for the advancement of colored people naacp 1069,within-tree,National Association for the Advancement of Colored People (NAACP) 1069,84922,1,National Association for the Advancement of Colored People (NAACP) 1069,84922,False,False
audubon center at debs park,within-tree,Audubon Center at Debs Park,85212,2,Audubon Center at Debs Park,85212,False,False
county of marin audubon society,within-tree,County of Marin Audubon Society,85212,1,County of Marin Audubon Society,85212,False,False
mt diablo audubon society,within-tree,Mt. Diablo Audubon Society,85212,1,Mt. Diablo Audubon Society,85212,False,False
ohlone audubon society inc,within-tree,"Ohlone Audubon Society, Inc",85212,1,"Ohlone Audubon Society, Inc",85212,False,False
palos verdessouth bay audubon,within-tree,PALOS VERDES/SOUTH BAY AUDUBON,85212,1,Palos Verdes/south Bay Audubon,85212,False,False
audubon society sea and sage chapter,within-tree,"Audubon Society, Sea and Sage Chapter",85212,1,"Audubon Society, Sea and Sage Chapter",85212,False,False
conservation of sea and sage audubon society,within-tree,Conservation of Sea and Sage Audubon Society,85212,1,Conservation of Sea and Sage Audubon Society,85212,False,False
sea sage audubon,within-tree,Sea & Sage Audubon,85212,1,Sea & Sage Audubon,85212,False,False
sea and sage audubon,within-tree,Sea and Sage Audubon,85212,1,Sea and Sage Audubon,85212,False,False
nextgen ca,within-tree,NextGen CA,87670,1,NextGen CA,87670,False,False
state controller john chiang,within-tree,State Controller John Chiang,90350,1,State Controller John Chiang,90350,False,False
peoples selfhelp housing corp,within-tree,People's Self-Help Housing Corp,95161,1,Peoples' Self-Help Housing Corp,95161,False,False
personal insurance federation of ca,within-tree,Personal Insurance Federation of CA,95323,1,Personal Insurance Federation of CA,95323,False,False
physicians for social responsibility los angeles chapter,within-tree,Physicians for Social Responsibility - Los Angeles Chapter,95924,1,"Physicians for Social Responsibility, Los Angeles Chapter",95924,False,False
planned parenthood action fund of santa barbara ventura san luis obispo,within-tree,"Planned Parenthood Action Fund of Santa Barbara, Ventura & San Luis Obispo",96497,1,"Planned Parenthood Action Fund of Santa Barbara, Ventura & San Luis Obispo",96497,False,False
planned parenthood action fund of the pacific southwest,within-tree,Planned Parenthood Action Fund of the Pacific Southwest,96497,4,Planned Parenthood Action Fund of the Pacific Southwest,96497,False,False
planned parenthood advocates pasadena and san gabriel valley,within-tree,Planned Parenthood Advocates Pasadena and San Gabriel Valley,96497,1,"Planned Parenthood Advocates, Pasadena and San Gabriel Valley",96497,False,False
plumbing heating cooling contractors association of california,within-tree,Plumbing - Heating - Cooling Contractors Association of California,96839,1,"Plumbing Heating, Cooling contractors Association of California",96839,False,False
the sacramento bee,within-tree,THE SACRAMENTO BEE,105004,1,The Sacramento Bee,105004,False,False
california state council of service employees international union california,within-tree,"California State Council of Service Employees International Union, California",140599,1,California State Council of Service Employees International Union - California,140599,False,False
earthjustice formerly the sierra club legal defense fund,within-tree,Earthjustice (formerly the Sierra Club Legal Defense Fund),114003,1,Earthjustice (formerly the Sierra Club Legal Defense Fund),114003,False,False
unitarian universalist legislative ministry action networkca,within-tree,Unitarian Universalist Legislative Ministry Action Network-CA,129510,1,Unitarian Universalist Legislative Ministry Action Network-CA,129510,False,False
university professional and technical employeescwa local 9119,within-tree,"University Professional and Technical Employees-CWA, Local 9119",130729,1,University Professional and Technical Employees-CWA Local 9119,130729,False,False
university professional and technical employeescommunications workers of america local 9119,within-tree,"University Professional and Technical Employees/Communications Workers of America, Local 9119",130729,1,University Professional and Technical Employees-Communications Workers of America Local 9119,130729,False,False
california welfare directors association,within-tree,California Welfare Directors Association,134533,1,California Welfare Directors Association,134533,False,False
sf yimby,within-tree,SF YIMBY,137339,1,SF Yimby,137339,False,False
slo county yimby,within-tree,SLO COUNTY YIMBY,137339,1,Slo County Yimby,137339,False,False
yimby slo,within-tree,YIMBY SLO,137339,1,Yimby SLO,137339,False,False
san luis obispo county yimby,within-tree,SAN LUIS OBISPO COUNTY YIMBY,137339,1,San Luis Obispo County YIMBY,137339,False,False
yimby la,within-tree,YIMBY LA,137339,1,YIMBY LA,137339,False,False
american institute of architects california council aiacc,cross-tree,"AMERICAN INSTITUTE OF ARCHITECTS, CALIFORNIA COUNCIL (AIACC)",77,1,American Institute of Architects California Council (AIACC),5673,False,False
american institute of architects california chapter,cross-tree,"American Institute of Architects, California Chapter",77,1,"American Institute of Architects, California Chapter",5684,False,False
american institute of architectscalifornia council,cross-tree,American Institute of Architects-California Council,77,1,American Institute of Architects-California Council,5673,False,False
california advocates for nursing home reform canhr sponsor,cross-tree,California Advocates for Nursing Home Reform (CANHR) - Sponsor,19102,1,California Advocates for Nursing Home Reform (CANHR)/ Sponsor,1741,False,False
california advocates for nursing home reform canhr,cross-tree,California Advocates for Nursing Home Reform (CANHR),19102,3,California Advocates for Nursing Home Reform (CANHR),1741,False,False
american college of emergency physicians california chapter,cross-tree,"American College of Emergency Physicians, California Chapter",5241,1,"American College of Emergency Physicians, California Chapter",20561,False,False
california chapter of the american college of emergency physicians,cross-tree,California Chapter of the American College of Emergency Physicians,5241,1,California Chapter of the American College of Emergency Physicians,20560,False,False
calacep,cross-tree,Cal-ACEP,5241,1,CAL/ACEP,19030,False,False
american congress of obstetricians and gynecologists district ix,cross-tree,American Congress of Obstetricians and Gynecologists District IX,5270,1,"American Congress of Obstetricians and Gynecologists, District IX",5319,False,False
contra costa aflcio labor council,cross-tree,CONTRA COSTA AFL-CIO LABOR COUNCIL,5449,1,Contra Costa AFL-CIO Labor Council,40004,False,False
california federation of teachers afl cio,cross-tree,California Federation of Teachers AFL - CIO,5460,1,California Federation of Teachers AFL - CIO,18305,False,False
california federation of teachers,cross-tree-fold,California Federation of Teachers,5460,2,California Federation of Teachers,18305,True,False
cft a union of educators classified professionals aft aflcio,cross-tree,"CFT a Union of Educators & Classified Professionals, AFT, AFL-CIO",5460,1,"CFT - a Union of Educators & Classified Professionals, AFT, AFL-CIO",43248,False,False
cft a union of educators classified professionals,cross-tree-fold,CFT- a Union of Educators & Classified Professionals,5460,1,CFT - a Union of Educators & Classified Professionals,43248,True,False
california hotel lodging association,cross-tree,CALIFORNIA HOTEL & LODGING ASSOCIATION,5608,1,California Hotel & Lodging Association,22498,False,False
california hotel lodging association chla,cross-tree,California Hotel & Lodging Association (CH&LA),5608,1,California Hotel & Lodging Association (CH&LA),22498,False,False
california optometric association,cross-tree,California Optometric Association,6021,10,California Optometric Association,91281,False,False
american planning association ca chapter,cross-tree,American Planning Association (CA Chapter),6079,1,American Planning Association CA Chapter,6077,False,False
american planning association california chapter,cross-tree,"American Planning Association, California Chapter",6079,15,"American Planning Association, California Chapter",6077,False,False
california psychiatric,cross-tree,California Psychiatric,6116,1,California Psychiatric,23913,False,False
american society of civil engineers region 9,cross-tree,"AMERICAN SOCIETY OF CIVIL ENGINEERS, REGION 9",6294,5,American Society of Civil Engineers - Region 9,6290,False,False
california speechlanguage hearing association csha,cross-tree,CALIFORNIA SPEECH-LANGUAGE HEARING ASSOCIATION (CSHA),6354,1,California Speech-Language Hearing Association (CSHA),24621,False,False
california speech language hearing association,cross-tree,California Speech Language Hearing Association,6354,1,California Speech Language Hearing Association,24621,False,False
california speechlanguagehearing association csha,cross-tree,California Speech-Language-Hearing Association (CSHA),6354,1,California Speech-Language-Hearing Association (CSHA),24621,False,False
california speechlanguagehearing association,cross-tree,California Speech-language-hearing Association,6354,1,California Speech-language-hearing Association,24621,False,False
california speech languagehearing association,cross-tree,California Speech Language-Hearing Association,6354,1,California Speech Language-Hearing Association,24621,False,False
california speechlanguage and hearing association,cross-tree,California Speech-Language and Hearing Association,6354,1,California Speech-Language and Hearing Association,24621,False,False
california speechhearinglanguage association,cross-tree,California Speech-Hearing-Language Association,6354,1,California Speech-Hearing-Language Association,24621,False,False
the arc and united cerebral palsy collaboration,cross-tree,The Arc and United Cerebral Palsy Collaboration,8060,1,THE ARC AND UNITED CEREBRAL PALSY COLLABORATION,8065,False,False
asian law alliance,cross-tree-fold,Asian Law Alliance,8922,1,ASIAN LAW ALLIANCE,8997,True,False
association of orange county deputy sheriffs association,cross-tree,Association of Orange County Deputy Sheriffs Association,45207,1,Association of Orange County Deputy Sheriff's Association,9411,False,False
association of los angeles deputy sheriffs,cross-tree,ASSOCIATION OF LOS ANGELES DEPUTY SHERIFFS,45207,1,Association of Los Angeles Deputy Sheriffs,9813,False,False
los angeles deputy sheriffs inc,cross-tree,"Los Angeles Deputy Sheriffs', Inc",45207,1,"Los Angeles Deputy Sheriffs, Inc",9813,False,False
association for los angeles deputy sheriffs inc,cross-tree,"Association for Los Angeles Deputy Sheriff's, Inc",45207,1,"Association for Los Angeles Deputy Sheriffs, Inc",9813,False,False
los angeles deputy sheriffs,cross-tree,Los Angeles Deputy Sheriffs,45207,1,Los Angeles Deputy Sheriffs,9813,False,False
the association for los angeles deputy sheriffs,cross-tree,THE ASSOCIATION FOR LOS ANGELES DEPUTY SHERIFFS,45207,1,The Association for Los Angeles Deputy Sheriffs,9813,False,False
association of los angeles deputy sheriffs inc,cross-tree,Association of Los Angeles Deputy Sheriffs Inc,45207,1,"Association of Los Angeles Deputy Sheriffs, Inc",9813,False,False
assoc for los angeles deputy sheriffs inc,cross-tree,"Assoc. for Los Angeles Deputy Sheriffs, Inc",45207,1,"Assoc. for Los Angeles Deputy Sheriffs, Inc",9813,False,False
los angeles deputy sheriffs association,cross-tree,Los Angeles Deputy Sheriffs' Association,45207,1,Los Angeles Deputy Sheriff's Association,9813,False,False
los angeles county deputy sheriffs inc,cross-tree,"Los Angeles County Deputy Sheriffs, Inc",45207,1,"Los Angeles County Deputy Sheriffs, Inc",9813,False,False
los angeles deputy sheriffs association inc,cross-tree,"Los Angeles Deputy Sheriffs Association, Inc",45207,1,"Los Angeles Deputy Sheriffs Association, Inc",9813,False,False
the association of los angeles deputy sheriffs,cross-tree,THE ASSOCIATION OF LOS ANGELES DEPUTY SHERIFFS,45207,1,The Association of Los Angeles Deputy Sheriffs,9813,False,False
association of california cities orange county,cross-tree,ASSOCIATION OF CALIFORNIA CITIES - ORANGE COUNTY,9960,7,"Association of California Cities, Orange County",9965,False,False
california association of county veterans service officers,cross-tree,California Association of County Veterans Service Officers,10110,1,CALIFORNIA ASSOCIATION OF COUNTY VETERANS SERVICE OFFICERS,84986,False,False
the national association of social workers california chapter,cross-tree,THE NATIONAL ASSOCIATION OF SOCIAL WORKERS - CALIFORNIA CHAPTER,85135,1,"The National Association of Social Workers, California Chapter",10423,False,False
national association of social workers ca chapter,cross-tree,"National Association of Social Workers, CA Chapter",85135,1,National Association of Social Workers - CA Chapter,10423,False,False
bizfed los angeles county business federation,cross-tree,BizFed (Los Angeles County Business Federation),17472,1,BizFed Los Angeles County Business Federation,14684,False,False
cal fire local 2881,cross-tree,CAL FIRE Local 2881,18368,3,"CAL FIRE, Local 2881",75635,False,False
canhr,cross-tree-fold,CANHR,19102,1,Canhr,26708,True,False
california hospital associationcalifornia association of hospitals and health systems,cross-tree,California Hospital Association/California Association Of Hospitals And Health Systems,22488,1,California Hospital Association/California Association of Hospitals and Health Systems,19725,False,False
california attorneys for criminal justice,cross-tree,CALIFORNIA ATTORNEY'S FOR CRIMINAL JUSTICE,20097,12,California Attorneys for Criminal Justice,20105,False,False
national association of social workers california chapter,cross-tree,National Association of Social Workers - California Chapter,85135,46,"National Association of Social Workers, California Chapter",20587,False,False
national electrical contractors association california chapter,cross-tree,"National Electrical Contractors Association, California Chapter",20639,1,National Electrical Contractors Association (California Chapter),85613,False,False
california child care resource and referral network,cross-tree,California Child Care Resource and Referral Network,30848,1,California Child care Resource and Referral Network,20676,False,False
first 5 california,cross-tree-fold,First 5 California,20701,1,First 5 California,139273,True,False
california commission on the status of women,cross-tree,CALIFORNIA COMMISSION ON THE STATUS OF WOMEN,21065,12,California Commission on the Status of Women,21064,False,False
california hiv advocacy coalition southern california region,cross-tree,"California HIV Advocacy Coalition, Southern California Region",22449,1,California HIV Advocacy Coalition Southern California Region,22453,False,False
california state council of service employees seiu,cross-tree,California State Council of Service Employees (SEIU),140599,1,California State Council of Service Employees (SEIU),24422,False,False
california state council of seiu,cross-tree,California State Council of SEIU,140599,1,California State Council of SEIU,24792,False,False
california state council of service employees international union seiu california,cross-tree,California State Council of Service Employees International Union - SEIU California,140599,1,California State Council of Service Employees International Union (Seiu California),24794,False,False
california state council of the service employees international union,cross-tree,California State Council of the Service Employees International Union,140599,1,California State Council of the Service Employees International Union,24794,False,False
california state council service employees international union,cross-tree,California State Council - Service Employees International Union,140599,1,California State Council Service Employees International Union,24794,False,False
california state council of service employees international union,cross-tree,California State Council of Service Employees International Union,140599,9,California State Council of Service Employees International Union,24794,False,False
california state council of the service employees international union seiu,cross-tree,CALIFORNIA STATE COUNCIL OF THE SERVICE EMPLOYEES INTERNATIONAL UNION (SEIU),140599,2,California State Council of the Service Employees International Union (SEIU),24794,False,False
california state legislative board smart transportation division,cross-tree,California State Legislative Board SMART - Transportation Division,66721,1,"California State Legislative Board, SMART - Transportation Division",24887,False,False
californianevada conference of operating engineers,cross-tree,CALIFORNIA-NEVADA CONFERENCE OF OPERATING ENGINEERS,25776,9,California-Nevada Conference of Operating Engineers,25777,False,False
california solar energy industries association calseia,cross-tree,California Solar Energy Industries Association/ CalSEIA,115987,1,California Solar Energy Industries Association (CALSEIA),26181,False,False
change begins with me indivisible ca district 78,cross-tree,Change Begins with Me - Indivisible CA District 78,65469,1,Change Begins with Me - Indivisible CA District 78,30113,False,False
silicon valley citizens against lawsuit abuse,cross-tree-fold,Silicon Valley Citizens Against Lawsuit Abuse,32034,1,Silicon Valley Citizens Against Lawsuit Abuse,139763,True,False
city of ontario police department,cross-tree,City of Ontario Police Department,96997,1,City of Ontario Police Department,33950,False,False
city of oxnard police department,cross-tree,City of Oxnard Police Department,96997,1,City of Oxnard Police Department,33977,False,False
city of signal hill police department,cross-tree,City of Signal Hill Police Department,96997,1,City of Signal Hill Police Department,34506,False,False
clorox company,cross-tree-fold,CLOROX COMPANY,35545,1,Clorox Company,138287,True,False
california college and university police chiefs association,cross-tree,CALIFORNIA COLLEGE AND UNIVERSITY POLICE CHIEF'S ASSOCIATION,96980,1,California College and University Police Chiefs Association,36852,False,False
state association of counties,cross-tree,State Association of Counties,38933,1,State Association of Counties,119336,False,False
health access california,cross-tree-fold,"Health Access, California",38941,1,Health Access California,61090,True,False
county of los angeles,cross-tree,County of Los Angeles,76591,2,County of Los Angeles,41611,False,False
csac excess insurance authority eia,cross-tree-fold,CSAC Excess Insurance Authority [EIA],43137,1,CSAC Excess Insurance Authority (EIA),43139,True,False
los angeles county department of health services,cross-tree,Los Angeles County Department of Health Services,45028,1,Los Angeles County Department of Health Services,76646,False,False
mono county deputy sheriffs association mcdsa,cross-tree,MONO COUNTY DEPUTY SHERIFFS ASSOCIATION (MCDSA),45207,1,Mono County Deputy Sheriffs Association (MCDSA),45193,False,False
placer county deputy sheriffs assocation,cross-tree,Placer County Deputy Sheriffs' Assocation,45207,1,Placer County Deputy Sheriffs' Assocation,96359,False,False
deputy sheriffs association of san diego,cross-tree,Deputy Sheriffs Association of San Diego,45207,1,Deputy Sheriffs Association of San Diego,106957,False,False
dignity health inland empire,cross-tree,Dignity Health - Inland Empire,45793,1,Dignity Health Inland Empire,65772,False,False
disability rights california,cross-tree,Disability Rights California,45972,15,"Disability Rights, California",45974,False,False
county of yolo district attorney,cross-tree,County of Yolo District Attorney,46165,1,County of Yolo District Attorney,139353,False,False
elders climate action norcal and socal chapters,cross-tree,Elders Climate Action Norcal and Socal Chapters,49343,1,"Elders Climate Action, NorCal and SoCal Chapters",88126,False,False
county of feminists in action los angeles indivisible ca 34 womens,cross-tree,County of Feminists in Action Los Angeles (Indivisible CA 34 Womens),65469,1,County of Feminists in Action Los Angeles (Indivisible CA 34 Womens),53064,False,False
feminists in action los angeles indivisible ca 34 womens,cross-tree,Feminists in Action Los Angeles (Indivisible CA 34 Womens),65469,1,Feminists in Action Los Angeles (Indivisible CA 34 Womens),53064,False,False
friends committee on legislation,cross-tree-fold,Friends Committee on Legislation,53210,1,FRIENDS COMMITTEE ON LEGISLATION,55685,True,False
city of fremont police department,cross-tree,City of Fremont Police Department,96997,1,City of Fremont Police Department,55331,False,False
milipitas chamber of commerce,cross-tree,Milipitas Chamber of Commerce,130032,1,Milipitas Chamber of Commerce,56806,False,False
gray panthers sacramento,cross-tree,Gray Panthers (Sacramento),58928,1,Gray Panthers Sacramento,58952,False,False
together we willindivisiblelos gatos,cross-tree,Together We Will/Indivisible-Los Gatos,65469,1,Together We Will/Indivisible-Los Gatos,126655,False,False
los angeles county interagency council on child abuse and neglect,cross-tree,Los Angeles County Inter-agency Council on Child Abuse and Neglect,66452,1,Los Angeles County Inter-Agency Council on Child Abuse and Neglect,76564,False,False
interagency council on child abuse,cross-tree-fold,Inter-Agency Council on Child Abuse,66452,1,Interagency Council on Child Abuse,66495,True,False
orange county professional firefighters association iaff local 3631,cross-tree,"Orange County Professional Firefighters Association, IAFF Local 3631",66688,1,"Orange County Professional Firefighters' Association, IAFF, Local 3631",91610,False,False
sheet metal air rail transportation workers local union 105,cross-tree,"Sheet Metal, Air, Rail, Transportation Workers Local Union 105",66721,1,"Sheet Metal, Air, Rail, Transportation Workers' Local Union 105",113522,False,False
lamda letters project,cross-tree-fold,Lamda Letters Project,72671,1,LAMDA LETTERS PROJECT,72693,True,False
county of los angeles board of supervisors,cross-tree,COUNTY OF LOS ANGELES BOARD OF SUPERVISORS,76591,1,County of Los Angeles (Board of Supervisors),139329,False,False
san luis obispo county employees association,cross-tree-fold,San Luis Obispo County Employees Association,77624,1,SAN LUIS OBISPO COUNTY EMPLOYEES ASSOCIATION,109060,True,False
mexicanamerican legal defense and ed fund maldef,cross-tree-fold,Mexican-American Legal Defense and Ed Fund (MALDEF),81262,1,Mexican-American Legal Defense and Ed Fund [Maldef],81294,True,False
city of monrovia police department,cross-tree,City of Monrovia Police Department,96997,1,City of Monrovia Police Department,82737,False,False
national alliance on mental illness california,cross-tree,National Alliance on Mental Illness - California,84825,1,"National Alliance on Mental Illness, California",84360,False,False
national alliance on mental illnesscalifornia,cross-tree,National Alliance on Mental Illness-California,84825,1,National Alliance on Mental Illness-California,84360,False,False
nami california,cross-tree-fold,NAMI - California,84825,1,NAMI California,84367,True,False
california association of health underwriters,cross-tree-fold,CALIFORNIA ASSOCIATION OF HEALTH UNDERWRITERS,85012,10,California Association of Health Underwriters,139761,True,False
california restaurant association cra,cross-tree,CALIFORNIA RESTAURANT ASSOCIATION (CRA),86182,1,California Restaurant Association (CRA),121697,False,False
california restaurant assn,cross-tree,California Restaurant Ass'n,86182,1,California Restaurant Ass'n,121697,False,False
california rifle and pistol association inc,cross-tree,California Rifle and Pistol Association Inc,86190,1,California Rifle and Pistol Association Inc,102927,False,False
norwalk,cross-tree-fold,Norwalk,138433,1,Norwalk,89278,True,False
older womens league of california,cross-tree,Older Women's League of California,90721,1,Older Womens League of California,90734,False,False
older womens league,cross-tree,Older Womens League,90734,8,Older Women's League,90731,False,False
orange county employees association,cross-tree-fold,Orange County Employees Association,91484,1,ORANGE COUNTY EMPLOYEES' ASSOCIATION,91486,True,False
peoples selfhelp housing corporation san luis obispo,cross-tree-fold,"People?s Self-Help Housing Corporation, San Luis Obispo",95161,1,Peoples Self-Help Housing Corporation - San Luis Obispo,95178,True,False
physicians for social responsibility san francisco bay area chapter,cross-tree-fold,Physicians for Social Responsibility (San Francisco Bay Area Chapter),95924,1,PHYSICIANS FOR SOCIAL RESPONSIBILITY - SAN FRANCISCO BAY AREA CHAPTER,95927,True,False
physicians for social responsibility san francisco bay area,cross-tree-fold,Physicians for Social Responsibility- San Francisco Bay Area,95924,1,"Physicians for Social Responsibility, San Francisco Bay Area",95935,True,False
physicians for social responsibility sacramento,cross-tree-fold,Physicians for Social Responsibility - Sacramento,95924,1,"Physicians for Social Responsibility, Sacramento",95932,True,False
physicians for social responsibility sacramento chapter,cross-tree,Physicians for Social Responsibility -Sacramento Chapter,95924,1,Physicians for Social Responsibility Sacramento Chapter,105033,False,False
physicians for social responsibility san francisco bay chapter,cross-tree,Physicians for Social Responsibility- San Francisco Bay Chapter,95924,1,"Physicians for Social Responsibility, San Francisco Bay Chapter",95937,False,False
plumbing heating cooling contractors of california,cross-tree,Plumbing Heating Cooling Contractors of California,96839,1,"Plumbing, Heating, Cooling Contractors of California",96834,False,False
city of santa ana police department,cross-tree,City of Santa Ana Police Department,96997,1,City of Santa Ana Police Department,109659,False,False
policylink,cross-tree-fold,POLICYLINK,97063,1,PolicyLink,138985,True,False
county of riverside,cross-tree-fold,COUNTY OF RIVERSIDE,103342,6,County of Riverside,139859,True,False
the riverside sheriffs association,cross-tree,THE RIVERSIDE SHERIFF'S ASSOCIATION,113649,1,The Riverside Sheriffs Association,103506,False,False
sacramento metro chamber,cross-tree,Sacramento Metro Chamber,130032,1,Sacramento Metro Chamber,105316,False,False
american college of surgeons san diegoimperial chapter,cross-tree,American College of Surgeons- San Diego-Imperial Chapter,106650,1,American College of Surgeons: San Diego-imperial Chapter,107518,False,False
san diego regional chamber,cross-tree,SAN DIEGO REGIONAL CHAMBER,130032,1,San Diego Regional Chamber,107342,False,False
county of san mateo office of the sheriff,cross-tree,County of San Mateo Office of the Sheriff,113644,1,County of San Mateo Office of the Sheriff,109319,False,False
usgbc california,cross-tree,USGBC CALIFORNIA,131045,1,USGBC California,111184,False,False
seiucalifornia,cross-tree,SEIU-California,140599,1,SEIU-California,112166,False,False
service employees international union seiu california,cross-tree,Service Employees International Union (SEIU) California,140599,1,Service Employees International Union (SEIU) California,112728,False,False
service employees international union of california,cross-tree,Service Employees International Union of California,140599,1,Service Employees International Union of California,112746,False,False
service employees international union seiu,cross-tree,Service Employees International Union (SEIU),140599,2,Service Employees International Union (SEIU),112747,False,False
seiu service employees international union,cross-tree,SEIU (Service Employees International Union),140599,2,SEIU - Service Employees International Union,112747,False,False
seiu cosponsor,cross-tree,SEIU Co-Sponsor,140599,1,SEIU -Co-Sponsor,112747,False,False
seiu california state council,cross-tree,SEIU - California State Council,140599,1,SEIU California State Council,112747,False,False
seiu local 1000,cross-tree,"SEIU, Local 1000",140599,1,SEIU - Local 1000,112747,False,False
seiu local 616,cross-tree,"SEIU, Local 616",140599,1,SEIU Local 616,112747,False,False
seiuuhw,cross-tree,SEIU/UHW,140599,1,SEIU-UHW,112747,False,False
service employees international union seiu local 660,cross-tree,"Service Employees International Union, SEIU Local 660",140599,1,"Service Employees International Union (SEIU), Local 660",112747,False,False
service employees international union ca,cross-tree,"Service Employees International Union, CA",140599,1,Service Employees International Union - CA,112747,False,False
service employees international union california,cross-tree,Service Employees International Union California,140599,1,Service Employees International Union - California,112747,False,False
service employees international union local 1000,cross-tree,"Service Employees' International Union, Local 1000",140599,1,Service Employees International Union - Local 1000,112747,False,False
service employees international union aflcio clc california,cross-tree,"Service Employees International Union AFL-CIO, CLC, California",140599,1,"Service Employees International Union, AFL-CIO, CLC, California",112747,False,False
service employees international union california state council,cross-tree,SERVICE EMPLOYEES INTERNATIONAL UNION - CALIFORNIA STATE COUNCIL,140599,3,"Service Employees International Union, California State Council",112747,False,False
service employees international union local 347,cross-tree,Service Employees International Union Local 347,140599,1,"Service Employees International Union, Local 347",112747,False,False
service employees international union local 434b,cross-tree,"Service Employees International Union, Local 434-B",140599,1,"Service Employees International Union, Local 434B",112747,False,False
service employees international union local 660 seiu,cross-tree,"Service Employees International Union Local 660, SEIU",140599,1,"Service Employees International Union, Local 660, SEIU",112747,False,False
service employees international union seiu local 1000,cross-tree,Service Employees International Union (SEIU) Local 1000,140599,1,"Service Employees International Union, SEIU Local 1000",112747,False,False
services employees international union local 1000,cross-tree,"Services Employees International Union, Local 1000",140599,1,Services Employees International Union Local 1000,112747,False,False
service employees international union local 1021,cross-tree,Service Employees International Union Local 1021,140599,1,"Service Employees International Union, Local 1021",112757,False,False
riverside sheriffs,cross-tree,Riverside Sheriff's,113644,1,RIVERSIDE SHERIFFS,113649,False,False
california state council of service employees international union seiu,cross-tree,California State Council of Service Employees International Union (SEIU),140599,1,California State Council of Service Employees International Union (SEIU),119509,False,False
state public affairs committee junior leagues of california,cross-tree,"State Public Affairs Committee, Junior Leagues of California",119738,1,State Public Affairs Committee Junior Leagues of California,119730,False,False
student senate for california community colleges,cross-tree,STUDENT SENATE FOR CALIFORNIA COMMUNITY COLLEGES,120703,13,Student Senate for California Community Colleges,120701,False,False
seiu california,cross-tree-fold,SEIU - California,140599,1,SEIU California,121686,True,False
technet california,cross-tree,Technet California,123214,1,TechNet California,123248,False,False
triplea council of california,cross-tree-fold,Triple-A- Council of California,127952,1,Triple-A Council Of California,140287,True,False
seiu united service workers west,cross-tree,SEIU - United Service Workers West,140599,2,Seiu United Service Workers West,130003,False,False
ustelecom the broadband association,cross-tree,USTelecom - the Broadband Association,131233,1,"USTelecom, the Broadband Association",131082,False,False
veterans of foreign wars department of california,cross-tree-fold,"Veterans of Foreign Wars, Department of California",132593,1,"Veterans of Foreign Wars, Department of California",132492,True,False
santa clara county board of supervisors,cross-tree,Santa Clara County Board of Supervisors,138141,26,Santa Clara County Board of Supervisors,139348,False,False
county of sacramento,cross-tree-fold,COUNTY OF SACRAMENTO,139340,2,County of Sacramento,139860,True,False
california union of safety employees,remove-descendant,California Union of Safety Employees,29263,3,California Union of Safety Employees,29263,False,False
emergency medical services administrators association of california emsaac,remove-descendant,EMERGENCY MEDICAL SERVICES ADMINISTRATORS' ASSOCIATION OF CALIFORNIA (EMSAAC),49826,3,Emergency Medical Services Administrators Association of California (EMSAAC),49826,False,False
california professional firefighters cpf,remove-descendant,CALIFORNIA PROFESSIONAL FIREFIGHTERS (CPF),66680,2,California Professional Firefighters (CPF),66680,False,False
san jose fire fighters,remove-descendant,San Jose Fire Fighters,66680,8,San Jose Fire Fighters,66680,False,False
alameda county firefighters iaff local 55,remove-descendant,Alameda County Firefighters IAFF Local 55,66680,5,"Alameda County Firefighters, IAFF, Local 55",66680,False,False
san diego city firefighters local 145,remove-descendant,"San Diego City Firefighters, Local 145",66680,2,San Diego City Firefighters Local 145,66680,False,False
santa rosa fire fighters,remove-descendant,Santa Rosa Fire Fighters,66680,5,Santa Rosa Fire Fighters,66680,False,False
california public interest research group,remove-descendant,CALIFORNIA PUBLIC INTEREST RESEARCH GROUP,99310,5,California Public Interest Research Group,99310,False,False
union of american physicians and dentists uapdafscme local 206,within-tree,Union of American Physicians and Dentists (UAPD)/AFSCME Local 206,5459,1,Union of American Physicians and Dentists (UAPD)/AFSCME Local 206,5459,False,False
union of american physicians and dentistsafscme local 206,within-tree,Union of American Physicians and Dentists/AFSCME - Local 206,5459,1,Union of American Physicians and Dentists/AFSCME - Local 206,5459,False,False
califonria federation of teachers,within-tree,Califonria Federation of Teachers,5460,1,Califonria Federation of Teachers,5460,False,False
cft,within-tree,CFT,5460,1,CFT,5460,False,False
cft aft aflcio,within-tree,"CFT, AFT, AFL-CIO",5460,1,"CFT, AFT, AFL-CIO",5460,False,False
cfta union of educators classified professionals aft aflcio,within-tree,"CFT-A Union of Educators & Classified Professionals, AFT, AFL-CIO",5460,1,"CFT-A Union of Educators & Classified Professionals AFT, AFL-CIO",5460,False,False
the california federation of teachers,within-tree,The California Federation of Teachers,5460,1,THE CALIFORNIA FEDERATION OF TEACHERS,5460,False,False
calif federation of teachers cft,within-tree,Calif. Federation of Teachers (CFT),5460,1,Calif. Federation of Teachers (CFT),5460,False,False
cft a union of educators and classified professionals aft aflcio,within-tree,"CFT - A Union of Educators and Classified Professionals, AFT, AFL-CIO",5460,1,"CFT- a Union of Educators and Classified Professionals, AFT, AFL-CIO",5460,False,False
california federation of teacher,within-tree,California Federation of Teacher,5460,1,California Federation of Teacher,5460,False,False
california federation of teachers cft aflcio,within-tree,"California Federation of Teachers (CFT), AFL-CIO",5460,1,"California Federation of Teachers (CFT), AFL-CIO",5460,False,False
california federation of teachers cft aft aflcio,within-tree,"California Federation of Teachers (CFT), AFT, AFL-CIO",5460,1,"California Federation of Teachers (CFT), AFT, AFL-CIO",5460,False,False
california federation of teachers a union of educators and classified professionals aft aflcio,within-tree,"California Federation of Teachers - a Union of Educators and Classified Professionals, AFT, AFL-CIO",5460,1,"California Federation of Teachers - a Union of Educators and Classified Professionals, AFT, AFL-CIO",5460,False,False
california federation of teachers california affiliate of the aft aflcio,within-tree,"California Federation of Teachers, California Affiliate of the AFT, AFL-CIO",5460,1,"California Federation of Teachers, California Affiliate of the AFT, AFL-CIO",5460,False,False
california federation of teachers cft a union of educators classified professionals aft aflcio,within-tree,"California Federation of Teachers (CFT) - A Union of Educators & Classified Professionals, AFT, AFL-CIO",5460,1,"California Federation of Teachers (CFT) - a Union of Educators & Classified Professionals, Aft, AFL-CIO",5460,False,False
california federation of teachers sections 17 and 25,within-tree,California Federation of Teachers (Sections 17 and 25),5460,1,California Federation of Teachers (Sections 17 and 25),5460,False,False
california federation of teachers a union of educators classified professionals,within-tree,California Federation of Teachers - a Union of Educators & Classified Professionals,5460,1,California Federation of Teachers - a Union of Educators & Classified Professionals,5460,False,False
cft a union of educators classified professionals aflcio,within-tree,"CFT - A Union of Educators & Classified Professionals, AFL-CIO",5460,1,"CFT- a Union of Educators & Classified Professionals, AFL-CIO",5460,False,False
cft a union of educators classified professionals aft aflcio,within-tree,"CFT -A Union of Educators & Classified Professionals, AFT, AFL-CIO",5460,1,"CFT a Union of Educators & Classified Professionals, AFT, AFL-CIO",5460,False,False
cft a union of educators classified professionals,within-tree,"CFT, a Union of Educators & Classified Professionals",5460,1,CFT- a Union of Educators & Classified Professionals,5460,False,False
california federation of teachers california,within-tree,California Federation of Teachers California,5460,1,California Federation of Teachers California,5460,False,False
california federation of techers aft aflcio,within-tree,"California Federation of Techers, AFT, AFL-CIO",5460,1,"California Federation of Techers, AFT, AFL-CIO",5460,False,False
california federtion of teachers,within-tree,California Federtion of Teachers,5460,1,California Federtion of Teachers,5460,False,False
cft a union of educators classified professional aft aftcio,within-tree,"CFT- A Union of Educators & Classified Professional, AFT, AFT-CIO",5460,1,"CFT- A Union of Educators & Classified Professional, AFT, AFT-CIO",5460,False,False
cft a union of educators classified professionals afl aflcio,within-tree,"CFT- a Union of Educators & Classified Professionals, AFL, AFL-CIO",5460,1,"CFT- a Union of Educators & Classified Professionals, AFL, AFL-CIO",5460,False,False
cft a union of educators classified professionals aft,within-tree,"CFT- a Union of Educators & Classified Professionals, AFT",5460,1,"CFT- a Union of Educators & Classified Professionals, AFT",5460,False,False
cfta union of educator classified professionals aft aflcio,within-tree,"CFT-A Union of Educator & Classified Professionals, AFT, AFL-CIO",5460,1,"CFT-A Union of Educator & Classified Professionals, AFT, AFL-CIO",5460,False,False
cfta union of educators classified professionals,within-tree,CFT-a Union of Educators & Classified Professionals,5460,1,CFT-a Union of Educators & Classified Professionals,5460,False,False
cft a union of educators and classified professionals,within-tree,CFT: A Union of Educators and Classified Professionals,5460,1,CFT - A Union of Educators and Classified Professionals,5460,False,False
ca association of county veterans service officers,within-tree,CA ASSOCIATION OF COUNTY VETERANS SERVICE OFFICERS,10109,1,CA Association of County Veterans Service Officers,10109,False,False
health access ca,within-tree,Health Access CA,38938,1,Health Access CA,38938,False,False
san diego district attorney bonnie dumanis,within-tree,"San Diego, District Attorney Bonnie Dumanis",46160,1,San Diego District Attorney Bonnie Dumanis,46160,False,False
friends committee on legislation california,within-tree,Friends Committee on Legislation California,53205,6,Friends Committee on Legislation - California,53205,False,False
naral prochoice ca,within-tree,NARAL Pro-Choice CA,84747,1,NARAL Pro-Choice CA,84747,False,False
namica,within-tree,NAMI-CA,84814,1,NAMI-CA,84814,False,False
national alliance for the mentally ill california,within-tree,National Alliance for the Mentally Ill California,84814,1,National Alliance for the Mentally Ill - California,84814,False,False
national alliance on mental illness nami california,within-tree,National Alliance on Mental Illness (NAMI) California,84814,1,National Alliance on Mental Illness (NAMI) - California,84814,False,False
nami ca,within-tree,NAMI - CA,84814,1,NAMI - CA,84814,False,False
san jose silicon valley naacp,within-tree,San Jose/ Silicon Valley NAACP,84911,1,San Jose / Silicon Valley NAACP,84911,False,False
peoples selfhelp housing corp,within-tree,People's Self-Help Housing Corp,95148,1,Peoples' Self-Help Housing Corp,95148,False,False
physicians for social responsibility san franciscobay area chapter,within-tree,Physicians for Social Responsibility - San Francisco-Bay Area Chapter,95910,1,"Physicians for Social Responsibility, San Francisco-Bay Area Chapter",95910,False,False
planned parenthood advocates pasadena and san gabriel valley,within-tree,Planned Parenthood Advocates Pasadena and San Gabriel Valley,96480,1,Planned Parenthood Advocates Pasadena and San Gabriel Valley,96480,False,False
university professional and technical employeescwa local 9119,within-tree,"University Professional and Technical Employees-CWA, Local 9119",130710,1,University Professional and Technical Employees-CWA Local 9119,130710,False,False
vfw department of california,within-tree,"VFW, Department of California",132573,1,"VFW, Department of California",132573,False,False
veterans of foreign wars department of california vfw,within-tree,"Veterans of Foreign Wars, Department of California (VFW)",132573,1,Veterans of Foreign Wars - Department of California (VFW),132573,False,False
veterans of foreign wars department of ca,within-tree,Veterans of Foreign Wars- Department of CA,132573,1,Veterans of Foreign Wars - Department of CA,132573,False,False
service employees international union seiu california,within-tree,Service Employees International Union (SEIU California),140571,1,Service Employees International Union (SEIU) California,140571,False,False
california chapter of the american college of emergency physicians,cross-tree,California Chapter of the American College of Emergency Physicians,5241,1,California Chapter of the American College of Emergency Physicians,20559,False,False
california federation of teachers,cross-tree,California Federation of Teachers,5460,45,California Federation of Teachers,23443,False,False
california chapter of the american planning association,cross-tree,California Chapter of the American Planning Association,6079,1,CALIFORNIA CHAPTER OF THE AMERICAN PLANNING ASSOCIATION,6077,False,False
american planning associationcalifornia chapter,cross-tree,AMERICAN PLANNING ASSOCIATION-CALIFORNIA CHAPTER,6079,1,American Planning Association-California Chapter,6077,False,False
american planning association california,cross-tree,American Planning Association - California,6079,1,American Planning Association California,6077,False,False
american planning associationcalifornia,cross-tree,American Planning Association-California,6079,1,American Planning Association-California,6083,False,False
asian law alliance,cross-tree,Asian Law Alliance,8922,4,Asian Law Alliance,8997,False,False
association of ca cities orange county,cross-tree,Association of CA Cities - Orange County,9959,1,Association of CA Cities Orange County,10033,False,False
california attorneys for criminal justice,cross-tree,CALIFORNIA ATTORNEY'S FOR CRIMINAL JUSTICE,20095,12,California Attorneys for Criminal Justice,20115,False,False
commission on the status of women california,cross-tree,Commission on the Status of Women (California),21063,1,"Commission on the Status of Women, California",37405,False,False
commission on status of women,cross-tree,Commission on Status of Women,21063,1,Commission on Status of Women,37405,False,False
disability rights ca,cross-tree,Disability Rights CA,45967,1,Disability Rights CA,45969,False,False
disability rights california drc,cross-tree,Disability Rights California (DRC),45967,1,DISABILITY RIGHTS CALIFORNIA (DRC),45969,False,False
county of los angeles,cross-tree,County of Los Angeles,76582,2,COUNTY OF LOS ANGELES,139306,False,False
national association of social work california chapter,cross-tree,National Association of Social Work - California Chapter,85124,1,"National Association of Social Work, California Chapter",84906,False,False
national association of social workers california chapter,cross-tree,National Association of Social Workers - California Chapter,85124,46,"National Association of Social Workers, California Chapter",85122,False,False
older womens league of california,cross-tree-fold,Older Women's League of California,90709,1,Older Women's League of California,90727,True,False
plumbing heating cooling contractors of california,cross-tree,Plumbing Heating Cooling Contractors of California,96822,1,Plumbing Heating Cooling Contractors of California,96818,False,False
california state council of service employees international union california,cross-tree,"California State Council of Service Employees International Union, California",140571,1,California State Council of Service Employees International Union - California,112735,False,False
service employees international union seiu,cross-tree,Service Employees International Union (SEIU),140571,2,Service Employees International Union (SEIU),112771,False,False
county of santa clara board of supervisors,cross-tree,COUNTY OF SANTA CLARA BOARD OF SUPERVISORS,138121,1,County of Santa Clara- Board of Supervisors,139325,False,False
california federation of teachers a union of educators classified professionals aft aflcio,within-tree,"California Federation of Teachers - A Union of Educators & Classified Professionals, AFT, AFL-CIO",5460,1,"California Federation of Teachers - A Union of Educators & Classified Professionals, AFT, AFL-CIO",5460,False,False
california federation of teachers a union of educators and classified professionals aflcio,within-tree,"California Federation of Teachers - a Union of Educators and Classified Professionals, Afl-cio",5460,1,"California Federation of Teachers - a Union of Educators and Classified Professionals, Afl-cio",5460,False,False
california federation of teachers union of educators classified professionals,within-tree,California Federation of Teachers - Union of Educators & Classified Professionals,5460,1,California Federation of Teachers - Union of Educators & Classified Professionals,5460,False,False
friends committee on legislation of ca,within-tree,Friends Committee On Legislation of CA,53205,1,Friends Committee on Legislation of CA,53205,False,False
the friends committee on legislation of california,within-tree,THE FRIENDS COMMITTEE ON LEGISLATION OF CALIFORNIA,53205,1,The Friends Committee on Legislation of California,53205,False,False
friends committee of legislation of california,within-tree,Friends Committee of Legislation of California,53205,1,Friends Committee of Legislation of California,53205,False,False
american planning association california,cross-tree,American Planning Association - California,6079,1,"American Planning Association, California",6083,False,False
national association of social workers ca,cross-tree,National Association of Social Workers - CA,85124,1,"National Association of Social Workers, CA",85123,False,False
california chapter national association of social workers,cross-tree,"California Chapter, National Association of Social Workers",85124,1,California Chapter - National Association of Social Workers,85123,False,False
national association of social workers california,cross-tree,"NATIONAL ASSOCIATION OF SOCIAL WORKERS, CALIFORNIA",85124,1,National Association of Social Workers -California,85123,False,False
national association of social workers california chapter,cross-tree,National Association of Social Workers - California Chapter,85124,46,National Association of Social Workers (California Chapter),85123,False,False
older womens league california,cross-tree,Older Women's League - California,90709,1,"Older Women's League, California",90722,False,False
the older womens league of california,cross-tree,The Older Women's League of California,90709,1,THE OLDER WOMEN'S LEAGUE OF CALIFORNIA,90722,False,False
national association of social workers california chapter naswca,cross-tree,"National Association of Social Workers, California Chapter (NASW-CA)",85124,1,National Association of Social Workers - California Chapter (NASW-CA),85123,False,False
national association of social workers ca chapter,cross-tree,"National Association of Social Workers, CA Chapter",85124,1,National Association of Social Workers - CA chapter,85123,False,False
national association of social workers california chapter nasw ca,cross-tree,"National Association of Social Workers, California Chapter (NASW - CA)",85124,1,"National Association of Social Workers, California Chapter (NASW- CA)",85123,False,False
national association of social workers nasw ca chapter,cross-tree,National Association of Social Workers (NASW) - CA Chapter,85124,1,"National Association of Social Workers (NASW), CA Chapter",85123,False,False
national association of social workers california chapter nasw,cross-tree,National Association of Social Workers - California Chapter (NASW),85124,1,"National Association of Social Workers, California Chapter (NASW)",85123,False,False
