the_version,non_the_version,the_count,non_the_count
The California Teachers Association,California Teachers Association,3,7344
The California District Attorneys Association,California District Attorneys Association,18,6445
The California School Employees Association,California School Employees Association,6,5954
the California School Employees Association,California School Employees Association,1,5954
The California,California,24,5396
the California,California,2,5396
The California Public Defenders Association,California Public Defenders Association,20,5249
The California Nurses Association,California Nurses Association,4,5072
the California Nurses Association,California Nurses Association,1,5072
The California Professional Firefighters,California Professional Firefighters,2,4986
The California State Sheriffs' Association,California State Sheriffs' Association,5,4962
the California State Sheriffs' Association,California State Sheriffs' Association,1,4962
The California Teamsters Public Affairs Council,California Teamsters Public Affairs Council,22,4314
the California Teamsters Public Affairs Council,California Teamsters Public Affairs Council,1,4314
The Department of Finance,Department of Finance,2,4284
The California Labor Federation,California Labor Federation,13,4100
the California Labor Federation,California Labor Federation,1,4100
The California Retailers Association,California Retailers Association,5,4003
The California Police Chiefs Association,California Police Chiefs Association,4,3856
The California Building Industry Association,California Building Industry Association,3,3410
the California Building Industry Association,California Building Industry Association,1,3410
The California Catholic Conference,California Catholic Conference,12,3389
the California Catholic Conference,California Catholic Conference,1,3389
The California Apartment Association,California Apartment Association,11,3368
the California Apartment Association,California Apartment Association,2,3368
The Sierra Club,Sierra Club,25,3052
The California School Boards Association,California School Boards Association,4,3060
the California School Boards Association,California School Boards Association,1,3060
The California Hospital Association,California Hospital Association,4,2844
the California Hospital Association,California Hospital Association,1,2844
The Association,Association,2,2750
The Los Angeles Unified School District,Los Angeles Unified School District,5,2717
The Service Employees International Union,Service Employees International Union,9,2686
the Service Employees International Union,Service Employees International Union,1,2686
the California Special Districts Association,California Special Districts Association,4,2439
The California Grocers Association,California Grocers Association,2,2388
the California Grocers Association,California Grocers Association,1,2388
The California Peace Officers' Association,California Peace Officers' Association,16,2305
the California Peace Officers' Association,California Peace Officers' Association,1,2305
The California Immigrant Policy Center,California Immigrant Policy Center,4,2267
The Howard Jarvis Taxpayers Association,Howard Jarvis Taxpayers Association,3,2227
The California Bankers Association,California Bankers Association,10,2206
the California Bankers Association,California Bankers Association,1,2206
The California Municipal Utilities Association,California Municipal Utilities Association,1,1940
the California Municipal Utilities Association,California Municipal Utilities Association,1,1940
The California Manufacturers & Technology Association,California Manufacturers & Technology Association,2,1897
The Riverside Sheriffs' Association,Riverside Sheriffs' Association,2,1884
the Riverside Sheriffs' Association,Riverside Sheriffs' Association,1,1884
The Los Angeles County District Attorney's Office,Los Angeles County District Attorney's Office,2,1879
The California Restaurant Association,California Restaurant Association,5,1842
the California Restaurant Association,California Restaurant Association,3,1842
The California Taxpayers Association,California Taxpayers Association,3,1820
the California Taxpayers Association,California Taxpayers Association,1,1820
The California Tax Reform Association,California Tax Reform Association,9,1744
The Western States Petroleum Association,Western States Petroleum Association,11,1709
The County of Los Angeles,County of Los Angeles,1,1680
The California Manufacturers Association,California Manufacturers Association,3,1654
The California Faculty Association,California Faculty Association,1,1602
The Bay Area Council,Bay Area Council,27,1564
The Public Counsel,Public Counsel,4,1465
The Association of California Insurance Companies,Association of California Insurance Companies,31,1435
the Public Counsel,Public Counsel,1,1465
The California Trucking Association,California Trucking Association,6,1448
The County of San Diego,County of San Diego,12,1421
The California Psychiatric Association,California Psychiatric Association,6,1425
The California Primary Care Association,California Primary Care Association,3,1425
the California Primary Care Association,California Primary Care Association,2,1425
The Los Angeles Police Protective League,Los Angeles Police Protective League,11,1399
The California State University,California State University,78,1325
the Los Angeles Police Protective League,Los Angeles Police Protective League,3,1399
The Nature Conservancy,Nature Conservancy,1095,228
The California Dental Association,California Dental Association,7,1295
the Attorney General,Attorney General,13,1282
The Attorney General,Attorney General,9,1282
The Wine Institute,Wine Institute,51,1181
The Los Angeles County Professional Peace Officers Association,Los Angeles County Professional Peace Officers Association,10,1208
the Los Angeles County Professional Peace Officers Association,Los Angeles County Professional Peace Officers Association,1,1208
The California Employment Lawyers Association,California Employment Lawyers Association,1,1204
The Urban Counties Caucus,Urban Counties Caucus,10,1189
The California Judges Association,California Judges Association,4,1194
the Urban Counties Caucus,Urban Counties Caucus,1,1189
the Wine Institute,Wine Institute,1,1181
The Department of Insurance,Department of Insurance,8,1165
The Southwest California Legislative Council,Southwest California Legislative Council,3,1165
The Drug Policy Alliance,Drug Policy Alliance,4,1157
The Los Angeles County Sheriff's Department,Los Angeles County Sheriff's Department,2,1119
The Doris Tate Crime Victims Bureau,Doris Tate Crime Victims Bureau,7,1101
The National Association of Social Workers,National Association of Social Workers,32,1055
The California Fire Chiefs Association,California Fire Chiefs Association,1,1080
The Office of the Attorney General,Office of the Attorney General,8,1068
The Judicial Council,Judicial Council,20,1028
The California Psychological Association,California Psychological Association,2,1043
The California Peace Officers Association,California Peace Officers Association,2,1039
The Association of California Life and Health Insurance Companies,Association of California Life and Health Insurance Companies,15,1022
the Judicial Council,Judicial Council,3,1028
The California Applicants' Attorneys Association,California Applicants' Attorneys Association,6,1018
the Association of California Life and Health Insurance Companies,Association of California Life and Health Insurance Companies,2,1022
The California Forestry Association,California Forestry Association,1,1022
The California Optometric Association,California Optometric Association,6,974
The Associated General Contractors,Associated General Contractors,11,965
The Gray Panthers,Gray Panthers,9,966
the Oakland Privacy,Oakland Privacy,1,967
the Associated General Contractors,Associated General Contractors,2,965
The American Insurance Association,American Insurance Association,8,951
The City of Lakewood,City of Lakewood,7,951
the California Police Chiefs' Association,California Police Chiefs' Association,1,952
The City Of Lakewood,City of Lakewood,1,951
The National Health Law Program,National Health Law Program,1,944
The California Newspaper Publishers Association,California Newspaper Publishers Association,1,931
The California Association of Clerks and Election Officials,California Association of Clerks and Election Officials,1,910
the California Association of Clerks and Election Officials,California Association of Clerks and Election Officials,1,910
The Faculty Association of California Community Colleges,Faculty Association of California Community Colleges,2,904
The California Pharmacists Association,California Pharmacists Association,1,887
The California School Nurses Organization,California School Nurses Organization,1,883
The American Cancer Society,American Cancer Society,3,880
The Little Hoover Commission,Little Hoover Commission,33,842
The American Heart Association,American Heart Association,5,846
The California Landscape Contractors Association,California Landscape Contractors Association,2,848
The Endangered Habitats League,Endangered Habitats League,1,849
The Clean Power Campaign,Clean Power Campaign,4,844
The California State Association of Counties (CSAC),California State Association of Counties (CSAC),6,799
the California State Association of Counties (CSAC),California State Association of Counties (CSAC),1,799
The Utility Reform Network,Utility Reform Network,777,17
The Orange County Transportation Authority,Orange County Transportation Authority,1,785
The American Electronics Association,American Electronics Association,6,777
The American Association of University Women,American Association of University Women,9,765
The California Taxpayers' Association,California Taxpayers' Association,4,762
The California Chiropractic Association,California Chiropractic Association,5,757
"The American Federation of State, County, and Municipal Employees","American Federation of State, County, and Municipal Employees",7,747
The California Mental Health Directors Association,California Mental Health Directors Association,3,746
The Electronic Frontier Foundation,Electronic Frontier Foundation,3,739
The American College of Obstetricians and Gynecologists,American College of Obstetricians and Gynecologists,125,614
The Steinberg Institute,Steinberg Institute,42,697
The California State Student Association,California State Student Association,3,729
The Children's Partnership,Children's Partnership,575,147
The Flasher Barricade Association,Flasher Barricade Association,1,710
the Flasher Barricade Association,Flasher Barricade Association,1,710
The Small School Districts' Association,Small School Districts' Association,7,702
The California Rifle and Pistol Association,California Rifle and Pistol Association,4,692
The San Bernardino County Sheriff's Department,San Bernardino County Sheriff's Department,1,695
The Engineering Contractors' Association,Engineering Contractors' Association,4,681
The California Financial Services Association,California Financial Services Association,2,681
The California Farm Bureau,California Farm Bureau,2,673
The Construction Employers' Association,Construction Employers' Association,1,671
"The American Federation of State, County, and Municipal","American Federation of State, County, and Municipal",12,656
The City of Berkeley,City of Berkeley,2,650
The California Land Title Association,California Land Title Association,4,640
The California Fence Contractors' Association,California Fence Contractors' Association,3,639
The International Longshore and Warehouse Union,International Longshore and Warehouse Union,1,639
The Capitol Resource Institute,Capitol Resource Institute,3,635
the Capitol Resource Institute,Capitol Resource Institute,2,635
The Department of General Services,Department of General Services,4,629
The County of Orange,County of Orange,2,631
the Department of General Services,Department of General Services,2,629
the San Bernardino County Sheriff,San Bernardino County Sheriff,8,618
The California State Sheriff's Association,California State Sheriff's Association,1,624
the California Bicycle Coalition,California Bicycle Coalition,2,620
The Orange County Board of Supervisors,Orange County Board of Supervisors,1,620
The County Welfare Directors Association,County Welfare Directors Association,8,611
The California Black Health Network,California Black Health Network,2,616
THE AMERICAN COLLEGE OF OBSTETRICIANS AND GYNECOLOGISTS,American College of Obstetricians and Gynecologists,1,614
the American College of Obstetricians and Gynecologists,American College of Obstetricians and Gynecologists,1,614
"The American Federation of State, County and Municipal Employees (AFSCME)","American Federation of State, County and Municipal Employees (AFSCME)",18,596
The Franchise Tax Board,Franchise Tax Board,1,612
The Ocean Conservancy,Ocean Conservancy,185,424
The California Mortgage Bankers Association,California Mortgage Bankers Association,4,603
The Greenlining Institute,GreenLining Institute,605,1
The Los Angeles District Attorney's Office,Los Angeles District Attorney's Office,2,604
The California New Car Dealers Association,California New Car Dealers Association,5,599
The California Organization of Police and Sheriffs,California Organization of Police and Sheriffs,6,595
the California New Car Dealers Association,California New Car Dealers Association,1,599
The California Department of Insurance,California Department of Insurance,2,597
the California Department of Insurance,California Department of Insurance,1,597
The Safari Club International,Safari Club International,2,594
The City of Moreno Valley,City of Moreno Valley,12,564
The California Union of Safety Employees,California Union of Safety Employees,3,567
The Anti-Defamation League,Anti-Defamation League,5,561
The Attorney General's Office,Attorney General's Office,25,539
The Santa Clara Valley Transportation Authority,Santa Clara Valley Transportation Authority,1,562
The Alzheimer's Association,Alzheimer's Association,6,555
The Department of Health Services,Department of Health Services,2,551
The Climate Center,Climate Center,495,55
The National Rifle Association,National Rifle Association,9,539
The California Waterfowl Association,California Waterfowl Association,4,542
The California-Nevada Conference of Operating Engineers,California-Nevada Conference of Operating Engineers,3,541
the California-Nevada Conference of Operating Engineers,California-Nevada Conference of Operating Engineers,1,541
The Flasher/Barricade Association,Flasher/Barricade Association,3,538
the Flasher/Barricade Association,Flasher/Barricade Association,1,538
The County,County,3,534
The Western Manufactured Housing Communities Association,Western Manufactured Housing Communities Association,1,534
The Environmental Defense Center,Environmental Defense Center,2,531
The California Association of Code Enforcement Officers,California Association of Code Enforcement Officers,3,528
the California Association of Code Enforcement Officers,California Association of Code Enforcement Officers,2,528
the Los Angeles Community College District,Los Angeles Community College District,1,526
The Los Angeles,Los Angeles,4,522
the Los Angeles,Los Angeles,1,522
The City of Santa Barbara,City of Santa Barbara,2,520
The Juvenile Court Judges of California,Juvenile Court Judges of California,2,518
The Children's Law Center of California,Children's Law Center of California,1,519
the California College and University Police Chiefs Association,California College and University Police Chiefs Association,4,512
The California College and University Police Chiefs Association,California College and University Police Chiefs Association,3,512
The Young Women's Freedom Center,Young Women's Freedom Center,60,441
The City of Rancho Cucamonga,City of Rancho Cucamonga,2,498
The Department of Consumer Affairs,Department of Consumer Affairs,2,495
The California Contract Cities Association,California Contract Cities Association,1,489
the Pacific Merchant Shipping Association,Pacific Merchant Shipping Association,1,488
The California Travel Association,California Travel Association,1,485
The California Narcotic Officers Association,California Narcotic Officers Association,4,480
the California Narcotic Officers Association,California Narcotic Officers Association,3,480
The California State Firefighters' Association,California State Firefighters' Association,1,478
The Riverside Sheriffs Association,Riverside Sheriffs Association,7,471
The Irvine Ranch Water District,Irvine Ranch Water District,3,472
the Claremont Police Officers Association,Claremont Police Officers Association,2,473
The National Association of Social Workers - California Chapter,National Association of Social Workers - California Chapter,2,472
The Coalition for Humane Immigrant Rights of Los Angeles,Coalition for Humane Immigrant Rights of Los Angeles,2,471
The County of Fresno,County of Fresno,1,472
the County of Fresno,County of Fresno,1,472
The California Family Council,California Family Council,2,470
The California Motor Car Dealers Association,California Motor Car Dealers Association,4,464
The State Bar of California,State Bar of California,51,416
The San Bernardino County,San Bernardino County,2,462
The California Assisted Living Association,California Assisted Living Association,7,454
The California Veterinary Medical Association,California Veterinary Medical Association,10,447
The Fair Political Practices Commission,Fair Political Practices Commission,1,456
The Advancement Project,Advancement Project,20,435
The Riverside Sheriff's Association,Riverside Sheriff's Association,3,452
the Riverside Sheriff's Association,Riverside Sheriff's Association,2,452
The California Council of Community Mental Health Agencies,California Council of Community Mental Health Agencies,1,453
The Child Abuse Prevention Center,Child Abuse Prevention Center,83,367
The California Alliance Against Domestic Violence,California Alliance Against Domestic Violence,8,440
the California Hotel and Lodging Association,California Hotel and Lodging Association,1,444
the Young Women's Freedom Center,Young Women's Freedom Center,1,441
The Alliance of American Insurers,Alliance of American Insurers,6,435
The Apartment Association of Greater Los Angeles,Apartment Association of Greater Los Angeles,1,440
The Contractors State License Board,Contractors State License Board,4,435
The County Behavioral Health Directors Association of California,County Behavioral Health Directors Association of California,1,438
The Service Employees International Union (SEIU),Service Employees International Union (SEIU),13,425
The Pacific Forest Trust,Pacific Forest Trust,20,417
the Alliance of American Insurers,Alliance of American Insurers,1,435
the City of Chula Vista,City of Chula Vista,2,430
The Association of California Life and Health Insurance,Association of California Life and Health Insurance,7,419
The California State,California State,3,423
the Service Employees International Union (SEIU),Service Employees International Union (SEIU),1,425
the State Bar of California,State Bar of California,9,416
The Superintendent of Public Instruction,Superintendent of Public Instruction,1,420
The Dolores Huerta Foundation,Dolores Huerta Foundation,2,415
The California Postsecondary Education Commission,California Postsecondary Education Commission,2,402
The American Cancer Society Cancer Action Network,American Cancer Society Cancer Action Network,2,396
The Trust for Public Land,TRUST FOR PUBLIC LAND,394,1
The California Correctional Supervisors Organization,California Correctional Supervisors Organization,1,394
The County Superintendents of Schools,County Superintendents of Schools,6,388
The San Diego County Board of Supervisors,San Diego County Board of Supervisors,1,392
The State Superintendent of Public Instruction,State Superintendent of Public Instruction,1,388
the County Superintendents of Schools,County Superintendents of Schools,1,388
The California Youth Connection,California Youth Connection,1,387
The Plastic Pollution Coalition,Plastic Pollution Coalition,4,382
the City of Glendale,City of Glendale,1,382
The California Broadcasters Association,California Broadcasters Association,1,380
The Traditional Values Coalition,Traditional Values Coalition,3,376
The California Sportsman's Lobby,California Sportsman's Lobby,58,320
The Legal Community Against Violence,Legal Community Against Violence,1,377
The Arc and United Cerebral Palsy California Collaboration,ARC and United Cerebral Palsy California Collaboration,373,4
the Traditional Values Coalition,Traditional Values Coalition,1,376
The Alliance of Catholic Health Care,Alliance of Catholic Health Care,11,361
The Association of California,Association of California,4,365
The California Alternative Payment Program Association,California Alternative Payment Program Association,1,366
The City of Santa Ana,City of Santa Ana,1,364
The California Teamsters,California Teamsters,3,359
The Alliance of Automobile Manufacturers,Alliance of Automobile Manufacturers,5,355
The National Audubon Society,National Audubon Society,4,355
The Personal Insurance Federation,Personal Insurance Federation,2,354
The Northern California Recycling Association,Northern California Recycling Association,6,348
The United Nurses Association of California,United Nurses Association of California,5,349
The Health Insurance Association of America,Health Insurance Association of America,1,353
The W. Haywood Burns Institute,W. Haywood Burns Institute,175,178
The Association of California Water Agencies (ACWA),Association of California Water Agencies (ACWA),1,351
the Northern California Recycling Association,Northern California Recycling Association,1,348
The Los Angeles County Business Federation,Los Angeles County Business Federation,2,346
The California Community Colleges,California Community Colleges,1,346
The Los Angeles District Attorney,Los Angeles District Attorney,2,343
The Anti-Recidivism Coalition,Anti-Recidivism Coalition,4,339
The National Multiple Sclerosis Society,National Multiple Sclerosis Society,1,342
the Amalgamated Transit Union,Amalgamated Transit Union,20,321
The Department of Corporations,Department of Corporations,3,338
The Environmental Health Coalition,Environmental Health Coalition,2,338
the Department of Corporations,Department of Corporations,1,338
The United Farm Workers,United Farm Workers,6,332
The Solid Waste Association of North America,Solid Waste Association of North America,4,334
The California Cannabis Industry Association,California Cannabis Industry Association,2,336
The California Partnership,California Partnership,18,319
the Media Alliance,Media Alliance,1,334
The California Assessors' Association,California Assessors' Association,3,331
The Environmental Protection Information Center,Environmental Protection Information Center,2,331
The Rural County Representatives of California (RCRC),Rural County Representatives of California (RCRC),1,331
The American Nurses Association of California,American Nurses Association of California,5,326
The California Association of Catholic Hospitals,California Association of Catholic Hospitals,2,327
The Immigrant Legal Resource Center,Immigrant Legal Resource Center,2,325
The Northern California Water Association,Northern California Water Association,2,325
The California Association of County Treasurers and Tax Collectors,California Association of County Treasurers and Tax Collectors,4,322
the Northern California Water Association,Northern California Water Association,1,325
The Amalgamated Transit Union,Amalgamated Transit Union,2,321
The California Association of Physician Groups,California Association of Physician Groups,1,322
The National Association of Mutual Insurance Companies,National Association of Mutual Insurance Companies,1,322
the California Association of Physician Groups,California Association of Physician Groups,1,322
The San Diego Community College District,San Diego Community College District,2,320
The Center,Center,19,301
The California Community Colleges Chancellor's Office,California Community Colleges Chancellor's Office,1,319
The California Immigrant Welfare Collaborative,California Immigrant Welfare Collaborative,11,308
The Mountain Lion Foundation,Mountain Lion Foundation,6,310
The California Library Association,California Library Association,6,308
The National Housing Law Project,National Housing Law Project,7,304
the Los Angeles County Democratic Party,Los Angeles County Democratic Party,1,310
The American,American,8,301
The United Transportation Union,United Transportation Union,1,308
The Department of Motor Vehicles,Department of Motor Vehicles,2,306
The 5 Gyres Institute,5 Gyres Institute,213,94
The California Agricultural Commissioners and Sealers Association,California Agricultural Commissioners and Sealers Association,4,303
The Los,Los,5,301
The Association of Deputy District Attorneys,Association of Deputy District Attorneys,4,300
The City of Whittier,City of Whittier,2,301
the Climate Resolve,Climate Resolve,4,297
the American Diabetes Association,American Diabetes Association,2,299
The Mexican American Legal Defense and Education Fund,Mexican American Legal Defense and Education Fund,2,297
the County of Sonoma,County of Sonoma,2,297
The Public Health Institute,Public Health Institute,2,295
The California Central Valley Flood Control Association,California Central Valley Flood Control Association,1,296
The Inland Empire Economic Partnership,Inland Empire Economic Partnership,3,293
The State Association of County Auditors,State Association of County Auditors,1,292
The California Trial Lawyers Association,California Trial Lawyers Association,2,290
The Association of Independent California Colleges and Universities,Association of Independent California Colleges and Universities,2,289
the Association of Independent California Colleges and Universities,Association of Independent California Colleges and Universities,1,289
The Marin Builders Association,Marin Builders Association,2,287
the Santa Cruz Climate Action Network,Santa Cruz Climate Action Network,1,288
The Big Sur Land Trust,Big Sur Land Trust,14,274
The State Department of Education,State Department of Education,2,286
The City of Modesto,City of Modesto,1,287
the AMVETS-Department of California,AMVETS-Department of California,1,287
The Women's Foundation California,Women's Foundation California,6,281
The Prevention Institute,Prevention Institute,1,285
The Trauma Foundation,Trauma Foundation,35,250
The Transgender Law Center,Transgender Law Center,3,282
The State Association of County Retirement Systems,State Association of County Retirement Systems,1,284
The San,San,2,281
"The Service Employees International Union, Local 1000","Service Employees International Union, Local 1000",1,281
the Pesticide Action Network,Pesticide Action Network,1,280
The California Highway Patrol,California Highway Patrol,1,279
The Central City Association of Los Angeles,Central City Association of Los Angeles,3,276
The City of Arcadia,City of Arcadia,1,278
The San Diego,San Diego,1,278
The Utility Reform Network (TURN),Utility Reform Network (TURN),274,4
the Peninsula Open Space Trust,Peninsula Open Space Trust,1,277
the Los Angeles Waterkeeper,Los Angeles Waterkeeper,1,276
The Coalition,Coalition,3,272
The California Low-Income Consumer Coalition,California Low-Income Consumer Coalition,1,274
The Independent Cities Association,Independent Cities Association,1,273
The Internet Association,Internet Association,53,219
"The Apartment Association, California Southern Cities","Apartment Association, California Southern Cities",2,267
"The American College of Obstetricians and Gynecologists, District IX","American College of Obstetricians and Gynecologists, District IX",22,245
The City of Fremont,City of Fremont,1,266
The California Democratic Party,California Democratic Party,2,264
The Jewish Public Affairs Committee of California,Jewish Public Affairs Committee of California,6,259
The City of Costa Mesa,City of Costa Mesa,1,264
the California Democratic Party,California Democratic Party,1,264
The United Way of Greater Los Angeles,United Way of Greater Los Angeles,41,223
THE AUTHOR,Author,1,262
The Author,Author,1,262
The Greater High Desert Chamber of Commerce,Greater High Desert Chamber of Commerce,1,259
The Town of Apple Valley,Town of Apple Valley,2,257
The Animal Protection Institute,Animal Protection Institute,1,258
The California Refuse Removal Council,California Refuse Removal Council,2,256
The California Family Resource Association,California Family Resource Association,1,257
the Natural Resources Defense Council (NRDC),Natural Resources Defense Council (NRDC),1,257
The Santa Monica Democratic Club,Santa Monica Democratic Club,19,237
The League of Women Voters,League of Women Voters,15,240
The Teamsters,Teamsters,40,214
The American Legion-Department of California,American Legion-Department of California,8,245
The City of Santa Cruz,City of Santa Cruz,3,250
the California News Publishers Association,California News Publishers Association,2,251
The California Association,California Association,1,252
The California Outdoor Heritage Alliance,California Outdoor Heritage Alliance,1,252
The Central California Asthma Collaborative,Central California Asthma Collaborative,2,250
The City of Tustin,City of Tustin,1,250
the Los Angeles Business Council,Los Angeles Business Council,3,247
The California Transportation Commission,California Transportation Commission,2,248
The California Mobilehome Parkowners Alliance,California Mobilehome Parkowners Alliance,1,249
The Department of Housing and Community Development,Department of Housing and Community Development,1,249
The Children's Defense Fund,Children's Defense Fund,11,238
The March of Dimes,March of Dimes,3,246
the Children's Defense Fund-California,Children's Defense Fund-California,1,247
the March of Dimes,March of Dimes,1,246
The County of Napa,County of Napa,4,242
The Department of Corrections,Department of Corrections,1,245
The Imperial Irrigation District,Imperial Irrigation District,1,245
the American Legion-Department of California,American Legion-Department of California,1,245
the National Electrical Contractors Association,National Electrical Contractors Association,2,243
The City of Cerritos,City of Cerritos,1,244
The Pharmaceutical Research and Manufacturers of America,Pharmaceutical Research and Manufacturers of America,1,244
The Community Associations Institute,Community Associations Institute,1,243
The City of Rosemead,City of Rosemead,1,241
The California Medical Association (CMA),California Medical Association (CMA),16,225
The San Bernardino County Board of Supervisors,San Bernardino County Board of Supervisors,2,239
The Construction Industry Legislative Council,Construction Industry Legislative Council,2,238
The National,National,7,232
The In Defense of Animals,In Defense of Animals,4,235
The Children's Law Center of Los Angeles,Children's Law Center of Los Angeles,2,236
The California Clinical Laboratory Association,California Clinical Laboratory Association,1,237
The California Clean Money Campaign,California Clean Money Campaign,2,235
the In Defense of Animals,In Defense of Animals,2,235
The Hollywood Chamber of Commerce,Hollywood Chamber of Commerce,2,233
The California Association of Life Underwriters,California Association of Life Underwriters,1,234
The Department of Industrial Relations,Department of Industrial Relations,1,234
The Land Trust of Santa Cruz County,Land Trust of Santa Cruz County,5,229
the American Council of Engineering Companies,American Council of Engineering Companies,1,233
The Executive Council of Homeowners,Executive Council of Homeowners,2,231
The Marin Builders' Association,Marin Builders' Association,1,232
The Humane Society of the United States,Humane Society Of The United States,231,1
The American Planning Association,American Planning Association,9,222
The Education Trust - West,Education Trust - West,215,15
The American Legion - Department of California,American Legion - Department of California,5,225
the Nature Conservancy,Nature Conservancy,2,228
the Early Edge California,Early Edge California,5,224
The Mosquito and Vector Control Association of California,Mosquito and Vector Control Association of California,2,227
The Regional Water Authority,Regional Water Authority,1,228
The County of San Luis Obispo,County of San Luis Obispo,1,227
the California Coalition on Workers' Compensation,California Coalition on Workers' Compensation,1,226
The United Food and Commercial Workers Western States Council,United Food and Commercial Workers Western States Council,18,208
The California Natural Gas Vehicle Coalition,California Natural Gas Vehicle Coalition,1,224
The Latin Business Association,Latin Business Association,2,222
the California Chapter of the American Fence Contractors' Association,California Chapter of the American Fence Contractors' Association,1,223
The Water Replenishment District of Southern California,Water Replenishment District of Southern California,3,219
The Fair Chance Project,Fair Chance Project,2,220
The Department of Fish and Game,Department of Fish and Game,3,218
the California State Teachers' Retirement System,California State Teachers' Retirement System,1,220
The California Federation of Republican Women,California Federation of Republican Women,1,219
The City of Emeryville,City of Emeryville,2,217
the Community Environmental Council,Community Environmental Council,2,216
"The Climate Reality Project, Los Angeles Chapter","Climate Reality Project, Los Angeles Chapter",55,161
"The Climate Reality Project, San Fernando Valley","Climate Reality Project, San Fernando Valley",16,200
The California Association of,California Association of,11,205
The California Chapter of the American Fence Association,California Chapter of the American Fence Association,3,213
The State Controller,State Controller,2,214
The California Physical Therapy Association,California Physical Therapy Association,1,215
The Riverside County Board of Supervisors,Riverside County Board of Supervisors,1,215
The Prison Law Office,Prison Law Office,2,213
The Monterey Bay Aquarium,Monterey Bay Aquarium,1,214
the County of Placer,County of Placer,1,214
The Women's Foundation of California,Women's Foundation Of California,212,1
The First Amendment Coalition,First Amendment Coalition,3,210
The City of Brea,City of Brea,1,212
The California Railroad Industry,California Railroad Industry,50,160
The California County Boards of Education,California County Boards of Education,2,207
The Transportation Agency for Monterey County,Transportation Agency for Monterey County,2,207
The City of Anaheim,City of Anaheim,3,205
The Association of California Cities - Orange County,Association of California Cities - Orange County,2,206
The Independent Energy Producers,Independent Energy Producers,1,207
The Vietnam Veterans of America-California State Council,Vietnam Veterans of America-California State Council,1,207
The State Humane Association of California,State Humane Association of California,2,205
The County of Tulare,County of Tulare,2,203
The California Domestic Workers Coalition,California Domestic Workers Coalition,3,201
The Foundation,Foundation,2,202
The National Association of Chain Drug Stores,National Association of Chain Drug Stores,2,202
The California Association of Collectors,California Association of Collectors,1,203
The California School Nurses Association,California School Nurses Association,3,199
The City of Watsonville,City of Watsonville,2,200
The Housing Rights Committee of San Francisco,Housing Rights Committee of San Francisco,1,200
the Sheriff,Sheriff,2,198
The City of Norco,City of Norco,1,199
"The Coalition of California Welfare Rights Organizations, Inc","Coalition of California Welfare Rights Organizations, Inc",1,199
The State Water Resources Control Board,State Water Resources Control Board,1,199
The American Council of Life Insurers,American Council of Life Insurers,5,192
The Barona Band of Mission Indians,Barona Band of Mission Indians,2,195
The Wildlands Conservancy,Wildlands Conservancy,153,43
The California Mental Health Planning Council,California Mental Health Planning Council,2,194
The Ecology Center,Ecology Center,1,195
The American Red Cross,American Red Cross,3,192
The Attorney,Attorney,2,193
The California District Attorney's Association,California District Attorney's Association,2,192
The Association of California Life Insurance Companies,Association of California Life Insurance Companies,1,193
the San Mateo County Transit District,San Mateo County Transit District,1,193
The Association of California State Supervisors,Association of California State Supervisors,1,192
the American Red Cross,American Red Cross,1,192
The California Board of Accountancy,California Board of Accountancy,5,187
The Seismic Safety Commission,Seismic Safety Commission,3,189
The Local Government Commission,Local Government Commission,2,190
The California Mining Association,California Mining Association,3,188
The Forest Resources Council,Forest Resources Council,1,190
the Ceres Community Project,Ceres Community Project,7,183
The Blood Centers of California,Blood Centers of California,5,185
The Diabetes Coalition of California,Diabetes Coalition of California,1,188
The Environmental Action Committee of West Marin,Environmental Action Committee of West Marin,1,188
The Governor's Office of Planning and Research,Governor's Office of Planning and Research,3,184
The Family Law Section of the State Bar,Family Law Section of the State Bar,2,185
The Justice,Justice,1,186
The California Attorney General,California Attorney General,8,178
The Youth Leadership Institute,Youth Leadership Institute,2,184
the Family Law Section of the State Bar,Family Law Section of the State Bar,1,185
The American Nurses Association/California,American Nurses Association/California,1,184
The National Resources Defense Council,National Resources Defense Council,3,181
the City of Azusa,City of Azusa,1,183
The 100% Campaign,100% Campaign,27,156
The City of Indian Wells,City of Indian Wells,1,182
The City of Pico Rivera,City of Pico Rivera,1,182
The California Public Parking Association,California Public Parking Association,2,180
The California Rental Housing Association,California Rental Housing Association,1,181
The Riverside,Riverside,1,180
The Alliance,Alliance,37,143
The California Thoroughbred Breeders Association,California Thoroughbred Breeders Association,2,177
The San Diego Hunger Coalition,San Diego Hunger Coalition,1,178
the California Attorney General,California Attorney General,1,178
the W. Haywood Burns Institute,W. Haywood Burns Institute,1,178
The California Association of Clerks and Elections Officials,California Association of Clerks and Elections Officials,2,176
The Applied Research Center,Applied Research Center,1,177
The California Teachers Association (CTA),California Teachers Association (CTA),1,177
The Los Angeles Conservation Corps,Los Angeles Conservation Corps,1,177
The National Federation of Independent Businesses,National Federation of Independent Businesses,2,175
The Vietnam Veterans of America - California State Council,Vietnam Veterans of America - California State Council,2,175
The California County Superintendents,California County Superintendents,2,174
The City of Pomona,City of Pomona,1,175
The Association of Los Angeles Deputy Sheriffs,Association of Los Angeles Deputy Sheriffs,5,170
The California Peace,California Peace,3,171
The San Francisco Bay Area Planning and Urban Research Association,San Francisco Bay Area Planning and Urban Research Association,1,173
The California Disability Services Association,California Disability Services Association,6,166
The California Asphalt Pavement Association,California Asphalt Pavement Association,2,170
The Bolsa Chica Land Trust,Bolsa Chica Land Trust,2,169
"The California Legislative Conference of the Plumbing, Heating and Piping","California Legislative Conference of the Plumbing, Heating and Piping",1,170
The California Society of Certified Public Accountants,California Society of Certified Public Accountants,1,170
The Department of Social Services,Department of Social Services,2,168
The San Francisco Bar Pilots,San Francisco Bar Pilots,3,164
The California Peace Officers,California Peace Officers,5,161
The Pest Control Operators of California,Pest Control Operators of California,2,164
The American Legion,American Legion,25,140
The Jockeys' Guild,Jockeys' Guild,16,149
The State Treasurer,State Treasurer,2,163
The Los Angeles Homeless Services Authority,Los Angeles Homeless Services Authority,1,162
The Employment Development Department,Employment Development Department,2,160
the Child Care Resource Center,Child Care Resource Center,3,158
The Academy of California Adoption Lawyers,Academy of California Adoption Lawyers,1,160
The Animal Council,Animal Council,125,35
The Education Trust-West,Education Trust-West,80,80
The Child Care Resource Center,Child Care Resource Center,1,158
"The Western Center on Law and Poverty, Inc","Western Center on Law and Poverty, Inc",1,158
the Board of Pharmacy,Board of Pharmacy,1,158
The California Work & Family Coalition,California Work & Family Coalition,2,156
The Lutheran Office of Public Policy,Lutheran Office of Public Policy,1,157
The Los Angeles Trust for Children's Health,Los Angeles Trust For Children's Health,156,1
The Church State Council,Church State Council,7,150
The Office of Criminal Justice Planning,Office of Criminal Justice Planning,1,155
The California Coalition for Children's Safety and Health,California Coalition for Children's Safety and Health,1,154
The Engineering and Utility Contractors Association,Engineering and Utility Contractors Association,4,149
The Marina Recreation Association,Marina Recreation Association,4,149
The San Francisco District Attorney's Office,San Francisco District Attorney's Office,3,150
The Armed Forces Retirees Association of California,Armed Forces Retirees Association of California,1,152
The California Association of Firearms Retailers,California Association of Firearms Retailers,2,150
The California Hunger Action Coalition,California Hunger Action Coalition,1,148
The Chinese Progressive Association,Chinese Progressive Association,1,148
The Association of American Publishers,Association of American Publishers,1,147
The California Alliance for Pride and Equality,California Alliance for Pride and Equality,1,147
The City of Stanton,City of Stanton,1,147
The Professional Fiduciary Association of California,Professional Fiduciary Association of California,1,147
the Children's Partnership,Children's Partnership,1,147
the American College of Emergency Physicians,American College of Emergency Physicians,4,143
The Asian Business Association,Asian Business Association,3,144
The American Federation of State County and Municipal Employees,American Federation of State County and Municipal Employees,1,146
The Violence Prevention Coalition of Greater Los Angeles,Violence Prevention Coalition of Greater Los Angeles,6,139
The American College of Emergency Physicians,American College of Emergency Physicians,2,143
the Biocom California,Biocom California,1,144
the National Consumer Law Center,National Consumer Law Center,1,144
The Central American Resource Center,Central American Resource Center,5,139
The City of Escondido,City of Escondido,2,142
The California Land Surveyors Association,California Land Surveyors Association,1,143
the Yocha Dehe Wintun Nation,Yocha Dehe Wintun Nation,1,143
"The American Federation of State, County & Municipal Employees","American Federation of State, County & Municipal Employees",1,142
the California African American Chamber of Commerce,California African American Chamber of Commerce,1,142
The People Concern,People Concern,139,3
the Hadassah,Hadassah,4,138
The California Self-Insurers Association,California Self-Insurers Association,1,141
The City of Daly City,City of Daly City,1,141
"The Communications Workers of America, District 9","Communications Workers of America, District 9",1,141
The California Narcotics Officers Association,California Narcotics Officers Association,1,140
The National Association,National Association,1,140
The California Association of Private Postsecondary Schools,California Association of Private Postsecondary Schools,6,134
The Tenderloin Housing Clinic,Tenderloin Housing Clinic,1,139
The Del Amo Action Committee,Del Amo Action Committee,4,135
The Crime Victims Bureau,Crime Victims Bureau,2,137
The California District Attorneys,California District Attorneys,1,138
The San Francisco Marin Medical Society,San Francisco Marin Medical Society,2,136
The Coalition to Abolish Slavery and Trafficking,Coalition to Abolish Slavery and Trafficking,1,137
the Coalition to Abolish Slavery and Trafficking,Coalition to Abolish Slavery and Trafficking,1,137
The California Airports Council,California Airports Council,2,135
The Yurok Tribe,Yurok Tribe,2,135
The Democrats of Rossmoor,Democrats of Rossmoor,11,125
The Insights Association,Insights Association,5,131
The California Energy Commission,California Energy Commission,1,135
the California Airports Council,California Airports Council,1,135
the California Energy Commission,California Energy Commission,1,135
The Brady Campaign,Brady Campaign,3,132
The Los Angeles City Attorney's Office,Los Angeles City Attorney's Office,2,133
The California Funeral Directors Association,California Funeral Directors Association,5,129
The Southern California Coalition,Southern California Coalition,3,131
"The American Federation of State, County, and Municipal Employees (AFSCME)","American Federation of State, County, and Municipal Employees (AFSCME)",1,133
The CA Conference Board of the Amalgamated Transit Union,CA Conference Board of the Amalgamated Transit Union,1,133
The Environmental Center of San Diego,Environmental Center of San Diego,1,133
the Children,Children,1,133
The Last Plastic Straw,Last Plastic Straw,123,10
The Los Angeles City Council,Los Angeles City Council,2,131
The League,League,1,132
The Michelson Center for Public Policy,Michelson Center for Public Policy,1,132
The Liberty Mutual Group,Liberty Mutual Group,8,124
The Can Manufacturers Institute,Can Manufacturers Institute,2,130
the Humane Society Veterinary Medical Association,Humane Society Veterinary Medical Association,2,130
the Republic Services - Western Region,Republic Services - Western Region,2,130
the Southern California Coalition,Southern California Coalition,1,131
The California Association of Licensed Repossessors,California Association of Licensed Repossessors,1,130
The Humane Society Veterinary Medical Association,Humane Society Veterinary Medical Association,1,130
the Long Beach Community College District,Long Beach Community College District,1,130
the Santa Clara County Wage Theft Coalition,Santa Clara County Wage Theft Coalition,1,130
The River Project,River Project,126,3
The Helix Water District,Helix Water District,2,127
the Association of,Association of,1,128
The Governor's Office,Governor's Office,8,120
The City of Menlo Park,City of Menlo Park,1,127
The Alliance of Western Milk Producers,Alliance of Western Milk Producers,9,118
The Citizens Commission on Human Rights,Citizens Commission on Human Rights,4,123
The City of Wasco,City of Wasco,1,126
The Division of Ratepayer Advocates,Division of Ratepayer Advocates,1,126
The Sycamores,Sycamores,1,126
the Stanford Health Care,Stanford Health Care,1,126
The Mission Economic Development Agency,Mission Economic Development Agency,8,117
The Dental Board of California,Dental Board of California,2,123
The Institute for College Access and Success,Institute for College Access and Success,102,22
The Administration,Administration,28,96
The Junior League of San Diego,Junior League of San Diego,17,107
the State Bar,State Bar,13,111
"The Motion Picture Association of America, Inc","Motion Picture Association of America, Inc",3,121
The Community Alliance with Family Farmers,Community Alliance With Family Farmers,1,123
The Department of Conservation,Department of Conservation,1,123
The Wilderness Society,Wilderness Society,106,17
The Violence Prevention Coalition of Orange County,Violence Prevention Coalition of Orange County,15,108
The American Congress of Obstetricians and Gynecologists,American Congress of Obstetricians and Gynecologists,12,111
The San Francisco Aids Foundation,San Francisco Aids Foundation,2,121
The City of Folsom,City of Folsom,1,122
The Office of the Governor,Office of the Governor,3,119
The California Association of Professional Liability Insurers,California Association of Professional Liability Insurers,1,121
The Little Tokyo Service Center,Little Tokyo Service Center,1,121
The California Attorney General's Office,California Attorney General's Office,3,118
The California Association of Environmental Health,California Association of Environmental Health,2,119
The Military Order of the Purple Heart,Military Order of the Purple Heart,1,120
The State Association of Electrical Workers,State Association of Electrical Workers,1,120
The Unity Council,Unity Council,97,23
The Cal State Student Association,Cal State Student Association,1,119
The California State Association of,California State Association of,1,119
The Network,Network,1,119
The American Heart Association/American Stroke Association,American Heart Association/American Stroke Association,3,116
The California Association of Public Authorities,California Association of Public Authorities,3,116
The Association of California Insurance Companies (ACIC),Association of California Insurance Companies (ACIC),2,117
The California Animal Welfare Association,California Animal Welfare Association,1,118
The California Hydrogen Coalition,California Hydrogen Coalition,1,118
the Western Boaters Safety Group,Western Boaters Safety Group,1,118
"The California Sportsman's Lobby, Inc","California Sportsman'S Lobby, Inc",117,1
The Trust for Public Lands,Trust for Public Lands,20,98
The Roofing Contractors Association of California,Roofing Contractors Association of California,3,115
"The California Probation, Parole and Correctional","California Probation, Parole and Correctional",1,117
the Health Care Without Harm,Health Care Without Harm,1,117
The State Bar,State Bar,6,111
The Story of Stuff Project,Story of Stuff Project,111,5
The Lambda Letters Project,LAMBDA Letters Project,104,12
The Bay Institute,Bay Institute,100,16
The Board of Governors of the California Community Colleges,Board of Governors of the California Community Colleges,4,112
The California Academy of Audiology,California Academy of Audiology,2,114
The Coalition to Stop Gun Violence,Coalition to Stop Gun Violence,1,115
The Breast Cancer Fund,Breast Cancer fund,114,1
The Clean Coalition,Clean Coalition,11,104
The Independent Employees of Merced County,Independent Employees of Merced County,6,109
The Santa Clara Valley Audubon Society,Santa Clara Valley Audubon Society,3,112
The Family Business Association,Family Business Association,1,114
The Maintenance Cooperation Trust Fund,Maintenance Cooperation Trust Fund,8,106
The Beverly Hills Bar Association,Beverly Hills Bar Association,4,110
The Civil Justice Association of California (CJAC),Civil Justice Association of California (CJAC),3,111
The Independent Insurance Agents and Brokers of California,Independent Insurance Agents and Brokers of California,2,112
"The Fund for Animals, Inc","Fund for Animals, Inc",81,32
The San Diego LGBT Community Center,San Diego LGBT Community Center,44,69
The Professional Insurance Agents of California and Nevada,Professional Insurance Agents of California and Nevada,5,107
The California Correctional Peace Officers Association (CCPOA),California Correctional Peace Officers Association (CCPOA),1,111
The City of Hope,City of Hope,1,111
The Engineering & Utility Contractors Association,Engineering & Utility Contractors Association,1,111
"The Agora Group, Goleta","Agora Group, Goleta",57,54
The Farmers Insurance Group,Farmers Insurance Group,3,108
The Golden Gate Audubon Society,Golden Gate Audubon Society,2,109
The Fund for Animals,Fund For Animals,103,7
The California Alliance for Consumer Protection,California Alliance For Consumer Protection,36,74
The Feminist Majority,Feminist Majority,16,94
The California Aquaculture Association,California Aquaculture Association,1,109
The County of Santa Clara Board of Supervisors,County of Santa Clara Board of Supervisors,1,109
The Otter Project,Otter Project,105,4
The Black Business Association,Black Business Association,2,107
The City of Ceres,City of Ceres,1,108
The City of Selma,City of Selma,1,108
The National Environmental Trust,National Environmental Trust,3,105
The City of Cathedral City,City of Cathedral City,1,107
The City of Hemet,City of Hemet,1,107
The American Institute of Architects,American Institute of Architects,8,99
The Associated General Contractors of San Diego,Associated General Contractors of San Diego,3,104
The California Association of Children's Homes,California Association of Children's Homes,3,104
The Driving School Association of California,Driving School Association of California,2,105
The National Day Laborer Organizing Network,National Day Laborer Organizing Network,2,105
The County Recorders Association of California,County Recorders Association of California,1,106
The Peace and Freedom Party of California,Peace and Freedom Party of California,1,106
the Plug in America,Plug in America,1,106
The Economic Empowerment Foundation,Economic Empowerment Foundation,45,61
The Agents and Brokers Legislative Council,Agents and Brokers Legislative Council,1,105
The California Court Appointed Special Advocate Association,California Court Appointed Special Advocate Association,1,105
The California Trade Coalition,California Trade Coalition,13,92
The Tree People,Tree People,2,103
The Automotive Repair Coalition,Automotive Repair Coalition,1,104
The California Applicants' Attorneys Association (CAAA),California Applicants' Attorneys Association (CAAA),1,104
The California Police Activities League,California Police Activities League,1,104
the Alameda County Waste Management Authority,Alameda County Waste Management Authority,1,104
The City of Pittsburg,City of Pittsburg,1,103
The Port of Long Beach,Port of Long Beach,1,103
The Marin Humane Society,Marin Humane Society,34,69
The City of Citrus Heights,City of Citrus Heights,2,101
The Region 8 States Council of the United Food & Commercial,Region 8 States Council of the United Food & Commercial,2,101
The San Francisco Foundation,San Francisco Foundation,35,67
The Legal Aid Society - Employment Law Center,Legal Aid Society - Employment Law Center,15,87
The Watsonville Law Center,Watsonville Law Center,11,91
The Legion of Valor,Legion of Valor,3,99
The Bay Planning Coalition,Bay Planning Coalition,1,101
The Trust For Public Lands,Trust for Public Lands,3,98
The Greater California Livery Association,Greater California Livery Association,2,99
the Legion of Valor,Legion of Valor,2,99
The Praxis Project,Praxis Project,99,1
The Clorox Company,Clorox Company,45,55
The American Kennel Club,American Kennel Club,24,76
The Glass Packaging Institute,Glass Packaging Institute,2,98
The American Petroleum and Convenience Store Association,American Petroleum and Convenience Store Association,1,99
The San Diego Unified Port District,San Diego Unified Port District,1,99
The California Public Defender's Association,California Public Defender's Association,2,97
the Community Action Partnership of Orange County,Community Action Partnership of Orange County,2,97
The Commission on Aging,Commission on Aging,1,98
The Legal Aid Society of San Mateo County,Legal Aid Society of San Mateo County,1,98
the Clean Earth 4 Kids,Clean Earth 4 Kids,1,98
The California Alliance,California Alliance,5,93
The Western Mobilehome Parkowners Association,Western Mobilehome Parkowners Association,2,96
"The Center for Oceanic Awareness, Research, and Education","Center For Oceanic Awareness, Research, And Education",89,8
The Brotherhood Crusade,Brotherhood Crusade,2,94
The California Correctional Peace Officers,California Correctional Peace Officers,2,94
The California Yacht Brokers Association,California Yacht Brokers Association,1,95
The Trevor Project,Trevor Project,77,18
The Governor,Governor,14,81
The American Coatings Association,American Coatings Association,1,94
the Feminist Majority,Feminist Majority,1,94
The Leukemia & Lymphoma Society,Leukemia & Lymphoma Society,62,32
"The American Congress of Obstetricians and Gynecologists, District IX","American Congress of Obstetricians and Gynecologists, District IX",6,88
The Sempervirens Fund,Sempervirens Fund,2,92
The California Community Land Trust Network,California Community Land Trust Network,1,93
The California Public Defenders,California Public Defenders,1,93
The Retail Industry Leaders Association,Retail Industry Leaders Association,1,93
the California Public Defenders,California Public Defenders,1,93
The Institute for College Access & Success,Institute for College Access & Success,81,12
The First American Corporation,First American Corporation,26,67
The Institute of Real Estate Management,Institute of Real Estate Management,10,83
the California State Bar,California State Bar,9,84
The California Independent Public Employees Legislative,California Independent Public Employees Legislative,5,88
The League of,League of,3,90
The California Dental Hygienists Association,California Dental Hygienists Association,1,92
The City of Petaluma,City of Petaluma,1,92
The Los Angeles Coalition to End Hunger and Homelessness,Los Angeles Coalition to End Hunger and Homelessness,1,92
the Climate Health Now,Climate Health Now,1,92
the Plastics Industry Association,Plastics Industry Association,1,92
The West Contra Costa Unified School District,West Contra Costa Unified School District,1,91
The Parent Company,Parent Company,89,2
The Association of California School Administrators (ACSA),Association of California School Administrators (ACSA),6,85
The State Controller's Office,State Controller's Office,6,85
The California Labor Federation AFL-CIO,California Labor Federation AFL-CIO,2,89
"The American College of Emergency Physicians, California","American College of Emergency Physicians, California",1,90
the Chief of Police,Chief of Police,1,90
the Children's Defense Fund - CA,Children's Defense Fund - CA,1,90
The Kennedy Commission,Kennedy Commission,45,45
The Black Brant Group,Black Brant Group,44,46
The Outdoor Sportsman's Coalition of California,Outdoor Sportsman's Coalition of California,5,85
The Right to Life League,Right to Life League,4,86
The Association of California State Attorneys and Administrative Law Judges,Association of California State Attorneys and Administrative Law Judges,2,88
The Department of Real Estate,Department of Real Estate,1,89
The School Transportation Coalition,School Transportation Coalition,1,89
The Governor's Office of Child Development and Education,Governor's Office of Child Development and Education,2,87
The Structural Engineers Association of California,Structural Engineers Association of California,1,88
the Paralyzed Veterans of America,Paralyzed Veterans of America,1,88
The Commerce Club,Commerce Club,11,77
The Pacific Lumber Company,Pacific Lumber Company,3,85
The California Department of Social Services,California Department of Social Services,2,86
The California Commission on Teacher Credentialing,California Commission on Teacher Credentialing,1,87
the Los Angeles County Bar Association,Los Angeles County Bar Association,1,87
The Home Depot,Home Depot,39,48
The Restaurant Opportunities Center of Los Angeles,Restaurant Opportunities Center of Los Angeles,20,67
The California Reinvestment Committee,California Reinvestment Committee,9,78
The Nonprofit Housing Association of Northern California,Nonprofit Housing Association of Northern California,4,83
The American Foundation for Suicide Prevention,American Foundation for Suicide Prevention,3,84
The National Association of Insurance and Financial Advisors of California,National Association of Insurance and Financial Advisors of California,3,84
The State of California Auto Dismantlers Association,State of California Auto Dismantlers Association,2,85
The Brawley Chamber of Commerce,Brawley Chamber of Commerce,1,86
The Marin,Marin,1,86
The Sikh Coalition,Sikh Coalition,31,55
The California State Bar,California State Bar,2,84
The Long Beach Immigrant Rights Coalition,Long Beach Immigrant Rights Coalition,1,85
The Marin Food Policy Council,Marin Food Policy Council,1,85
The Los Angeles Free Clinic,Los Angeles Free Clinic,36,49
The Professional Beauty Federation of California,Professional Beauty Federation of California,4,81
The California Preservation Foundation,California Preservation Foundation,1,84
The Coachella Valley Economic Partnership,Coachella Valley Economic Partnership,1,84
The State Center Community College District,State Center Community College District,1,84
The John Stewart Company,John Stewart Company,38,46
The Board of Psychology,Board of Psychology,5,79
The BOE,BOE,1,83
The California Association of Dental Plans,California Association of Dental Plans,1,83
The California Military Department,California Military Department,1,83
the Nonprofit Housing Association of Northern California,Nonprofit Housing Association of Northern California,1,83
The Stronger California Advocates Network,Stronger California Advocates Network,5,78
The California Coalition Against Gambling Expansion,California Coalition Against Gambling Expansion,1,82
The Center for Workers' Rights,Center for Workers' Rights,1,82
The Los Angeles Food Policy Council,Los Angeles Food Policy Council,1,82
The Arc of California,Arc Of California,79,3
The Dow Chemical Company,Dow Chemical Company,21,61
The Association of Regional Center Agencies (ARCA),Association of Regional Center Agencies (ARCA),3,79
The Jakara Movement,Jakara Movement,2,80
The Construction Materials Association of California,Construction Materials Association of California,1,81
the Governor,Governor,1,81
The California Association of School Transportation Officials,California Association of School Transportation Officials,2,79
The California Association of Federal Firearms Licensees,California Association of Federal Firearms Licensees,1,80
The Department of Pesticide Regulation,Department of Pesticide Regulation,1,80
The Rincon Band of Luiseño Indians,Rincon Band of Luiseño Indians,1,80
The Toy Association,Toy Association,74,6
The College Board,College Board,33,47
"The Laguna Greenbelt, Inc","Laguna Greenbelt, Inc",8,72
The California Alliance For Consumer Protection,California Alliance For Consumer Protection,6,74
The Mendocino Land Trust,Mendocino Land Trust,3,77
the Internet Coalition,Internet Coalition,2,78
The California Small Brewers Association,California Small Brewers Association,1,79
The Modesto Chamber of Commerce,Modesto Chamber of Commerce,1,79
The California Board of Psychology,California Board of Psychology,2,77
The Department of Parks and Recreation,Department of Parks and Recreation,2,77
The California Department of Forestry Employees Association,California Department of Forestry Employees Association,1,78
The Inter-Agency Council on Child Abuse and Neglect,Inter-Agency Council on Child Abuse and Neglect,1,78
The Pharmaceutical Care Management Association,Pharmaceutical Care Management Association,1,78
The Solar Alliance,Solar Alliance,32,46
The Wage Justice Center,Wage Justice Center,28,50
The John Burton Foundation,John Burton Foundation,3,75
The Alameda County Foster Youth Alliance,Alameda County Foster Youth Alliance,1,77
The Military Officers Association of America-California Council of Chapters,Military Officers Association of America-California Council of Chapters,1,77
The Fund,Fund,6,71
The United Chambers of Commerce of the San Fernando Valley,United Chambers of Commerce of the San Fernando Valley,6,71
The Cemetery and Mortuary Association of California,Cemetery and Mortuary Association of California,4,73
The Council of Acupuncture and Oriental Medicine Associations,Council of Acupuncture and Oriental Medicine Associations,1,76
The Kirsch Foundation,Kirsch Foundation,1,76
The Large-Scale Solar Association,Large-Scale Solar Association,1,76
The Bar Association of San Francisco,Bar Association of San Francisco,16,60
The Reserve Officers Association,Reserve Officers Association,3,73
the Reserve Officers Association,Reserve Officers Association,3,73
The East Bay Developmental Disabilities Legislative Coalition,East Bay Developmental Disabilities Legislative Coalition,1,75
The Veterans Caucus of the California Democratic Party,Veterans Caucus of the California Democratic Party,1,75
the City of Hawaiian Gardens,City of Hawaiian Gardens,1,75
the East Bay Developmental Disabilities Legislative Coalition,East Bay Developmental Disabilities Legislative Coalition,1,75
the Madera County,Madera County,1,75
The Public Interest Law Project,Public Interest law Project,71,4
The Hertz Corporation,Hertz Corporation,24,51
The Greater San Diego Chamber of Commerce,Greater San Diego Chamber of Commerce,15,60
The California Naturopathic Doctors Association,California Naturopathic Doctors Association,7,68
The San Diego Lgbt Community Center,San Diego LGBT Community Center,6,69
The American Cleaning Institute,American Cleaning Institute,2,73
The Racial and Ethnic Mental Health Disparities Coalition,Racial and Ethnic Mental Health Disparities Coalition,1,74
The California Association of Local Behavioral Health Boards and Commissions,California Association of Local Behavioral Health Boards and Commissions,31,43
The Port of San Diego,Port of San Diego,3,71
The California State Foster Parent Association,California State Foster Parent Association,1,73
The Legal,Legal,1,73
The Paw Project,PAW Project,69,4
The Ecological Farming Association,Ecological Farming Association,3,70
The Southern California Alliance of Law Enforcement,Southern California Alliance of Law Enforcement,1,72
The County Health Executives Association,County Health Executives Association,3,69
The California Academy of Ophthalmology,California Academy of Ophthalmology,1,71
The California District Attorneys Association (CDAA),California District Attorneys Association (CDAA),1,71
The California Insurance Guarantee Association,California Insurance Guarantee Association,4,67
The Marjaree Mason Center,Marjaree Mason Center,4,67
The Department of Personnel Administration (DPA),Department of Personnel Administration (DPA),2,69
the San Diego LGBT Community Center,San Diego LGBT Community Center,2,69
The California Association of Highway Patrolmen (CAHP),California Association of Highway Patrolmen (CAHP),1,70
The Housing,Housing,1,70
the California Judicial Council,California Judicial Council,1,70
The Children's Initiative,Children's Initiative,49,21
The California Pawnbrokers Association,California Pawnbrokers Association,1,69
The California State Park Rangers Association,California State Park Rangers Association,1,69
The City of Shafter,City of Shafter,1,69
The Respiratory Care Board of California,Respiratory Care Board of California,5,64
The Developmental Disabilities Area Board 10,Developmental Disabilities Area Board 10,4,65
The California State Coroners' Association,California State Coroners' Association,2,67
The City of Los,City of Los,1,68
The Off Road Vehicle Legislative Coalition,Off Road Vehicle Legislative Coalition,1,68
The Boeing Company,Boeing Company,42,26
The San Fernando Valley Young Democrats,San Fernando Valley Young Democrats,20,48
The Coalition of Orange County Community Health Centers,Coalition of Orange County Community Health Centers,11,57
The Inland Empire Immigrant Youth Collective,Inland Empire Immigrant Youth Collective,8,60
The R Street Institute,R Street Institute,5,63
The Land Conservancy of San Luis Obispo County,Land Conservancy of San Luis Obispo County,3,65
The Audubon Society,Audubon Society,2,66
The Board of Barbering and Cosmetology,Board of Barbering and Cosmetology,2,66
The Independent Hospitality Coalition,Independent Hospitality Coalition,2,66
The Sportfishing Association of California,Sportfishing Association of California,2,66
The California Federation of Interpreters,California Federation of Interpreters,1,67
"The Engineers and Scientists of California, Local 20","Engineers and Scientists of California, Local 20",1,67
The Junior League of California,Junior League of California,1,67
the Nature for All,Nature for All,1,67
the Sacramento Regional Coalition to End Homelessness,Sacramento Regional Coalition to End Homelessness,1,67
The Pacific Institute,Pacific Institute,3,64
The California Water Impact Network,California Water Impact Network,2,65
The Regional Council of Rural Counties (RCRC),Regional Council of Rural Counties (RCRC),2,65
The Wilmington Chamber of Commerce,Wilmington Chamber of Commerce,2,65
The Sports and Arms Show Producers of America,Sports and Arms Show Producers of America,1,66
the California Emerging Technology Fund,California Emerging Technology Fund,1,66
The Arc California,ARC California,46,20
The Fair Housing Council of San Diego,Fair Housing Council of San Diego,26,40
The Veterinary Medical Board,Veterinary Medical Board,6,60
The County of Orange Veterans Advisory Council,County of Orange Veterans Advisory Council,4,62
The Prison Policy Initiative,Prison Policy Initiative,3,63
the Bay Area,Bay Area,3,63
the Western Plastics Association,Western Plastics Association,3,63
"The American Association of University Women, California","American Association of University Women, California",2,64
The Insurance Commissioner Ricardo Lara,Insurance Commissioner Ricardo Lara,1,65
The Mojave Desert Air Quality Management District,Mojave Desert Air Quality Management District,1,65
The Foundation for Taxpayer and Consumer Rights,Foundation for Taxpayer And Consumer Rights,63,2
The San Francisco Financial Justice Project,San Francisco Financial Justice Project,11,54
the Climate Equity Policy Center,Climate Equity Policy Center,5,60
The State,State,3,62
the State,State,3,62
The Public Advocates Office,Public Advocates Office,2,63
The California Avocado Commission,California Avocado Commission,1,64
the Californiahealth+ Advocates,Californiahealth+ Advocates,1,64
the Respiratory Care Board of California,Respiratory Care Board of California,1,64
The California Association of Health,California Association of Health,35,29
The Dental Health Foundation,Dental Health Foundation,19,45
The Motion Picture Association,Motion Picture Association,3,61
The Insight Center for Community Economic Development,Insight Center for Community Economic Development,2,62
The Bay Area,Bay Area,1,63
The California Coalition for Immigration Reform,California Coalition for Immigration Reform,1,63
The California League of Savings Institutions,California League of Savings Institutions,1,63
The City of Coalinga,City of Coalinga,1,63
The Coalition for Quality Credit Counseling,Coalition for Quality Credit Counseling,1,63
The National Insurance Crime Bureau,National Insurance Crime Bureau,1,63
The Village Club,Village Club,11,52
The Mental Health Association of California,Mental Health Association of California,2,61
The Insight Center For Community Economic Development,Insight Center for Community Economic Development,1,62
the Aging,Aging,33,29
The Central Valley Urban Institute,Central Valley Urban Institute,28,34
The Service Employees International,Service Employees International,9,53
The Employers Group,Employers Group,7,55
The Dairy Institute,Dairy Institute,3,59
The Institute on Aging,Institute on Aging,1,61
The Regional Center of Orange County,Regional Center of Orange County,1,61
the Debt Free Justice California,Debt Free Justice California,1,61
The Arc,arc,59,2
The Kennedy Forum,Kennedy Forum,57,4
The Fresno Business Council,Fresno Business Council,6,55
The CalPERS Board of Administration,CalPERS Board of Administration,1,60
The California Association of Local Agency Formation,California Association of Local Agency Formation,1,60
"The Gay and Lesbian Adolescent Social Services, Inc","Gay and Lesbian Adolescent Social Services, Inc",1,60
The Orange County Food Access Coalition,Orange County Food Access Coalition,1,60
The San Francisco Living Wage Coalition,San Francisco Living Wage Coalition,1,60
the Tule River Tribe,Tule River Tribe,1,60
The Arc and United Cerebral Palsy in California,Arc and United Cerebral Palsy in California,59,1
The Pacific Companies,Pacific Companies,57,3
"The Climate Reality Project, California Coalition","Climate Reality Project, California Coalition",8,52
The Commerce Casino,Commerce Casino,4,56
The School for Integrated Academics and Technologies,School for Integrated Academics and Technologies,4,56
the United Food and Commercial Workers Union,United Food and Commercial Workers Union,2,58
The American Nurses Association,American Nurses Association,1,59
The Armenian National Committee of America - Western Region,Armenian National Committee of America - Western Region,1,59
The California Innocence Project,California Innocence Project,1,59
The Mercury Insurance Company,Mercury Insurance Company,1,59
The American Civil Liberties Union,American Civil LIberties Union,56,3
The First American Financial Corporation,First American Financial Corporation,26,33
The California Children's Trust,California Children's Trust,25,34
The Coalition of California Insurance Professionals,Coalition of California Insurance Professionals,3,56
The Hunger Advocacy Network,Hunger Advocacy Network,3,56
The Jewish Federation of Greater Los Angeles,Jewish Federation of Greater Los Angeles,2,57
The California Society of CPAs,California Society of CPAs,1,58
the California Alliance of Nurses for Healthy Environments,California Alliance of Nurses for Healthy Environments,1,58
the Netchoice,Netchoice,1,58
The Gubbio Project,Gubbio Project,57,1
The Doctors Company,Doctors Company,53,5
The Tobacco Institute,Tobacco Institute,52,6
The San Diego River Park Foundation,San Diego River Park Foundation,8,50
The California Applicant Attorneys Association,California Applicant Attorneys Association,3,55
The American Federation,American Federation,2,56
The California Department of Forestry and Fire Protection,California Department of Forestry and Fire Protection,2,56
the Los Angeles County Professional Peace Officers,Los Angeles County Professional Peace Officers,2,56
"The Climate Reality Project, Orange County","Climate Reality Project, Orange County",1,57
The Coalition Of Orange County Community Health Centers,Coalition of Orange County Community Health Centers,1,57
The Family Assistance Program,Family Assistance Program,1,57
The L.A. Gay and Lesbian Center,L.A. Gay and Lesbian Center,1,57
The Liberty Hill Foundation,Liberty Hill Foundation,1,57
the Breathe Southern California,Breathe Southern California,1,57
the California State Association of Psychiatrists (CSAP),California State Association of Psychiatrists (CSAP),1,57
The League of Women Voters of California,League of Women Voters Of California,50,7
The Marin Institute,Marin Institute,18,39
The Women's Foundation,Women's Foundation,15,42
The American River Conservancy,American River Conservancy,7,50
The American Medical Women's Association,American Medical Women's Association,4,53
The American Resort Development Association,American Resort Development Association,2,55
The California Association of Air Medical Services,California Association of Air Medical Services,1,56
The Learning Rights Law Center,Learning Rights Law Center,1,56
The Napa Valley Vintners,Napa Valley Vintners,1,56
The Charles R. Drew University of Medicine and Science,Charles R. Drew University of Medicine and Science,5,51
The Trusts and Estates Section of the State Bar of California,Trusts and Estates Section of the State Bar of California,5,51
The Association of California Insurance,Association of California Insurance,3,53
The Consulting Engineers and Land Surveyors of,Consulting Engineers and Land Surveyors of,2,54
The California Health Information Association,California Health Information Association,1,55
The Court Reporters Board of California,Court Reporters Board of California,1,55
The Sierra Fund,Sierra Fund,33,22
The Center for Popular Democracy,Center for Popular Democracy,26,29
The Vote Solar Initiative,Vote Solar Initiative,26,29
The Board of Supervisors of Marin County,Board of Supervisors of Marin County,11,44
The Juvenile Products Manufacturers Association,Juvenile Products Manufacturers Association,6,49
The San Francisco Bay Joint Venture,San Francisco Bay Joint Venture,6,49
The Train Riders Association of California,Train Riders Association of California,3,52
"The State Bar, Family Law Section","State Bar, Family Law Section",2,53
The Association of Global Automakers,Association of Global Automakers,1,54
The California Homeless and Housing Coalition,California Homeless and Housing Coalition,1,54
The California Nurses,California Nurses,1,54
The Alliance for Children's Rights,Alliance For Children's Rights,48,6
The Women's Building,Women's Building,46,8
The Military Officers Association of America,Military Officers Association of America,4,50
The Structural Pest Control Board,Structural Pest Control Board,4,50
"The National Association of Social Workers, California Chapter (NASW-CA)","National Association of Social Workers, California Chapter (NASW-CA)",3,51
The California Rangeland Trust,California Rangeland Trust,1,53
The Center for Employment Training,Center for Employment Training,1,53
The Crime Victims Alliance,Crime Victims Alliance,1,53
The St. James Infirmary,St. James Infirmary,1,53
the State Independent Living Council,State Independent Living Council,1,53
The Watershed Research and Training Center,Watershed Research and Training Center,47,6
The Silicon Valley Organization,Silicon Valley Organization,34,19
The Opportunity Institute,Opportunity Institute,31,22
The Humane Society,Humane Society,24,29
The Soap and Detergent Association,Soap and Detergent Association,17,36
The Children's Health Environmental Coalition,Children's Health Environmental Coalition,2,51
The County Welfare Directors Association (CWDA),County Welfare Directors Association (CWDA),2,51
"The California Chapter, American College of Cardiology","California Chapter, American College of Cardiology",1,52
The Commercial Real Estate Development Association,Commercial Real Estate Development Association,1,52
The Institute of Scrap Recycling Industries,Institute of Scrap Recycling Industries,1,52
The Ojai Valley Land Conservancy,Ojai Valley Land Conservancy,1,52
The Sober Living Network,Sober Living Network,1,52
The Campaign for College Opportunity,Campaign For College Opportunity,49,3
The Translatin@ Coalition,Translatin@ Coalition,43,9
The Council of Mexican Federations,Council of Mexican Federations,13,39
The Greater Merced Chamber of Commerce,Greater Merced Chamber of Commerce,6,46
The Sonoma County Human Services Department,Sonoma County Human Services Department,4,48
the United Food & Commercial Workers,United Food & Commercial Workers,4,48
The Lumber Association of California & Nevada,Lumber Association of California & Nevada,3,49
The Zenith Insurance Company,Zenith Insurance Company,3,49
The Board of Vocational Nursing and Psychiatric Technicians,Board of Vocational Nursing and Psychiatric Technicians,2,50
The California Horse Racing Board,California Horse Racing Board,2,50
The Land Trust for Santa Barbara County,Land Trust for Santa Barbara County,2,50
the Land Trust for Santa Barbara County,Land Trust for Santa Barbara County,2,50
The California Board of Pharmacy,California Board of Pharmacy,1,51
The Central Coast Center for Independent Living,Central Coast Center for Independent Living,1,51
The Delta Protection Commission,Delta Protection Commission,1,51
The National Asian Pacific American Women's Forum,National Asian Pacific American Women's Forum,1,51
the San Francisco Domestic Violence Consortium,San Francisco Domestic Violence Consortium,1,51
The Wall Las Memorias Project,Wall Las Memorias Project,50,1
The Century Foundation,Century Foundation,47,4
The City Project,City Project,47,4
The Climate Reality Project: Silicon Valley,Climate Reality Project: Silicon Valley,47,4
The Office of Kat Taylor,Office of Kat Taylor,18,33
The Bicycle Casino,Bicycle Casino,4,47
The Women's Community Clinic,Women's Community Clinic,3,48
The Simon Wiesenthal Center,Simon Wiesenthal Center,2,49
The California Assisted Living Facilities Association,California Assisted Living Facilities Association,1,50
The California District Attorney Association,California District Attorney Association,1,50
The Chemehuevi Indian Tribe,Chemehuevi Indian Tribe,1,50
The Jockey's Guild,Jockey's Guild,1,50
The Justice Fellowship,Justice Fellowship,1,50
The Watershed Conservation Authority,Watershed Conservation Authority,1,50
the Humboldt Redwood Company LLC,Humboldt Redwood Company LLC,1,50
the National Electrical Contractors Association (NECA),National Electrical Contractors Association (NECA),1,50
the Watershed Conservation Authority,Watershed Conservation Authority,1,50
The League of California Homeowners,League of California Homeowners,19,31
"The Fund For Animals, Inc","Fund for Animals, Inc",18,32
The Legal Aid Society-Employment Law Center,Legal Aid Society-Employment Law Center,9,41
The Leukemia and Lymphoma Society,Leukemia and Lymphoma Society,9,41
The Lambda Letters,Lambda Letters,6,44
The Elkhorn Slough Foundation,Elkhorn Slough Foundation,5,45
The California Sportsmen's Lobby,California Sportsmen's Lobby,4,46
The California Hospital Association (CHA),California Hospital Association (CHA),3,47
The Printed Circuit Alliance,Printed Circuit Alliance,3,47
The Los Angeles Police,Los Angeles Police,2,48
The National Association of,National Association of,2,48
The National Association of Insurance and Financial Advisors of,National Association of Insurance and Financial Advisors of,2,48
The San Mateo County Child Care Partnership Council,San Mateo County Child Care Partnership Council,2,48
The California Association of Health Facilities (CAHF),California Association of Health Facilities (CAHF),1,49
The California State Parent Teachers Association,California State Parent Teachers Association,1,49
The Capitol Corridor Joint Powers Authority,Capitol Corridor Joint Powers Authority,1,49
The Greater Coachella Valley Chamber of Commerce,Greater Coachella Valley Chamber Of Commerce,29,20
The Group,Group,5,44
The National Trust For Historic Preservation,National Trust for Historic Preservation,3,46
The California Association of Mental Health Patients' Rights Advocates,California Association of Mental Health Patients' Rights Advocates,2,47
The California Shooting Sports Association,California Shooting Sports Association,2,47
The Council of UC Faculty Associations,Council of UC Faculty Associations,1,48
The Northern California,Northern California,1,48
The Riverside Sheriffs,Riverside Sheriffs,1,48
The Sacramento Central Labor Council,Sacramento Central Labor Council,1,48
The Walnut Creek Chamber of Commerce,Walnut Creek Chamber of Commerce,1,48
The Fresno Center,Fresno Center,47,1
The Sentencing Project,Sentencing Project,43,5
The Black Alliance for Just Immigration,Black Alliance for Just Immigration,22,26
The National Tax Limitation Committee,National Tax Limitation Committee,3,45
The Port of Los Angeles,Port of Los Angeles,3,45
The Law Center,Law Center,2,46
The American Shooting Sports Council,American Shooting Sports Council,1,47
The California Bankers Association (CBA),California Bankers Association (CBA),1,47
The SF-Marin Food Bank,SF-Marin Food Bank,1,47
the California Association of Mental Health Patients' Rights Advocates,California Association of Mental Health Patients' Rights Advocates,1,47
The California Attorneys for Criminal Justice,California Attorneys For Criminal Justice,26,21
The Student Empowerment Project,Student Empowerment Project,19,28
The San Joaquin Valley Housing Collaborative,San Joaquin Valley Housing Collaborative,7,40
"The Board for Professional Engineers, Land Surveyors, and Geologists","Board for Professional Engineers, Land Surveyors, and Geologists",3,44
The California Department of Food and Agriculture,California Department of Food and Agriculture,2,45
The Forest Products Industry National Labor Management Committee,Forest Products Industry National Labor Management Committee,2,45
The California Association for Health Services at Home (CAHSAH),California Association for Health Services at Home (CAHSAH),1,46
the John Stewart Company,John Stewart Company,1,46
The Fund for Animals Inc,Fund for Animals Inc,43,3
The Steven and Michele Kirsch Foundation,Steven and Michele Kirsch Foundation,4,42
The Haywood Burns Institute,Haywood Burns Institute,3,43
The Junior League of Orange County,Junior League of Orange County,3,43
the Wildlands Conservancy,Wildlands Conservancy,3,43
The Beverly-Vermont Community Land Trust,Beverly-Vermont Community Land Trust,2,44
The California Community Colleges Board of Governors,California Community Colleges Board of Governors,2,44
The California Manufacturers and Technology,California Manufacturers and Technology,2,44
THE DENTAL HEALTH FOUNDATION,Dental Health Foundation,1,45
The California Manufactures and Technology Association,California Manufactures and Technology Association,1,45
The Hayward Chamber of Commerce,Hayward Chamber of Commerce,1,45
The Imperial County Schools Advocacy Association,Imperial County Schools Advocacy Association,1,45
The Escondido Creek Conservancy,Escondido Creek Conservancy,22,23
The San Francisco Housing Accelerator Fund,San Francisco Housing Accelerator Fund,19,26
The Professional Insurance Agents Group,Professional Insurance Agents Group,5,40
The California Alliance for Pride and Equality (CAPE),California Alliance for Pride and Equality (CAPE),4,41
The Legal Aid Society-Employment law Center,Legal Aid Society-Employment Law Center,4,41
The American Legion Department of California,American Legion Department of California,3,42
The Center for Genetics and Society,Center for Genetics and Society,3,42
The WildLands Conservancy,Wildlands Conservancy,2,43
"The American Federation of State, County","American Federation of State, County",1,44
The Black Organizing Project,Black Organizing Project,1,44
The California Farm Labor Contractor Association,California Farm Labor Contractor Association,1,44
The Department of Boating and Waterways,Department of Boating and Waterways,1,44
The Inland Regional Center,Inland Regional Center,1,44
The Metropolitan Water District of Southern California,Metropolitan Water District Of Southern California,42,2
The Land Trust of Napa County,Land Trust of Napa County,7,37
The California Chapter of the American Planning Association,California Chapter of the American Planning Association,6,38
The National Association of Insurance and Financial Advisors,National Association of Insurance and Financial Advisors,4,40
The Huntington Beach Tree Society,Huntington Beach Tree Society,3,41
The California Association of Environmental Health Administrators (CAEHA),California Association of Environmental Health Administrators (CAEHA),1,43
The Institute for Justice,Institute for Justice,1,43
The North San Diego Business Chamber,North San Diego Business Chamber,1,43
the UC Student Association,UC Student Association,1,43
The Media Coalition,Media Coalition,35,8
The Gathering for Justice,Gathering for Justice,34,9
The Impact Fund,Impact Fund,25,18
The League of California Cities,League Of California Cities,21,22
The Education Trust West,Education Trust West,7,36
The Los Angeles Conservancy,Los Angeles Conservancy,5,38
The Polaris Project,Polaris Project,5,38
The Plasma Protein Therapeutics Association,Plasma Protein Therapeutics Association,3,40
The Civil Justice,Civil Justice,2,41
The Indivisibles of Sherman Oaks,Indivisibles of Sherman Oaks,2,41
The Association for California,Association for California,1,42
The California Professional,California Professional,1,42
The Center for Law and Social Policy,Center for Law and Social Policy,1,42
The Executive Council of Homeowners (ECHO),Executive Council of Homeowners (ECHO),1,42
"The Professional & Technical Engineers, IFPTE Local 21, AFL-CIO","Professional & Technical Engineers, IFPTE Local 21, AFL-CIO",1,42
the Building the Base Face to Face,Building the Base Face to Face,1,42
The Doctors' Company,Doctors' Company,33,9
The Humane Farming Association,Humane Farming Association,13,29
The Enterprise Foundation,Enterprise Foundation,12,30
The Community Action Fund of Planned Parenthood of Orange and San Bernardino Counties,Community Action Fund of Planned Parenthood of Orange and San Bernardino Counties,6,36
The Hertz,Hertz,4,38
The National Writers Union,National Writers Union,4,38
"The American College of Obstetricians and Gynecologists, District IX/CA","American College of Obstetricians and Gynecologists, District IX/CA",3,39
The San Francisco 49ers,San Francisco 49ers,3,39
The California Managed Risk Medical Insurance Board,California Managed Risk Medical Insurance Board,2,40
The Justice Teams Network,Justice Teams Network,2,40
The California Professional Firefighters (Co-Sponsor),California Professional Firefighters (Co-Sponsor),1,41
The Cigar Association of America,Cigar Association of America,1,41
The Cooperative of American Physicians,Cooperative of American Physicians,1,41
The Sierra Consortium,Sierra Consortium,1,41
The Western States Council,Western States Council,1,41
the Million Mom March,Million Mom March,1,41
the Western States Council,Western States Council,1,41
The Help Group,Help Group,36,5
The Ecological Options Network,Ecological Options Network,9,32
The California Healthcare Association (CHA),California Healthcare Association (CHA),6,35
The American Institute of Architects California Council,American Institute of Architects California Council,3,38
The Maritime Museum of San Diego,Maritime Museum of San Diego,3,38
The California Association of Professional,California Association of Professional,2,39
The Interment Association of California,Interment Association of California,2,39
The Youth,Youth,2,39
the NRDC,Nrdc,2,39
The California Foundation for Independent Living,California Foundation for Independent Living,1,40
The Resighini Rancheria,Resighini Rancheria,1,40
The Children's Clinic,Children's Clinic,37,3
The Institute of Popular Education of Southern California,Institute of Popular Education of Southern California,6,34
The California Dental Association (CDA),California Dental Association (CDA),5,35
The Western Insurance Agents Association,Western Insurance Agents Association,4,36
The Professional Engineers in California,Professional Engineers in California,2,38
The Center for Democracy and Technology,Center for Democracy and Technology,1,39
The City of Grass Valley,City of Grass Valley,1,39
The Human Response Network,Human Response Network,1,39
The Inland Urban Forest Council,Inland Urban Forest Council,1,39
The Los Angeles Beautification Team,Los Angeles Beautification Team,1,39
The NRDC,Nrdc,1,39
The Western Manufactured Housing Communities,Western Manufactured Housing Communities,1,39
The Planning and Conservation League,PLANNING AND CONSERVATION LEAGUE,37,2
The Better World Group,Better World Group,8,31
The Episcopal Diocese of Los Angeles,Episcopal Diocese of Los Angeles,5,34
The California Alliance Against Domestic,California Alliance Against Domestic,4,35
The Gay and Lesbian Community Services Center of Orange County,Gay and Lesbian Community Services Center of Orange County,4,35
The California Chapters of the Brady Campaign to Prevent Gun,California Chapters of the Brady Campaign to Prevent Gun,3,36
The Association of Financial Development Corporations,Association of Financial Development Corporations,2,37
The Church,Church,2,37
The Consulting Engineers and Land Surveyors of California (CELSOC),Consulting Engineers and Land Surveyors of California (CELSOC),2,37
The County Welfare Directors,County Welfare Directors,2,37
The Family Council,Family Council,2,37
The National Compadres Network,National Compadres Network,2,37
The VFW - Department of California,VFW - Department of California,2,37
The Association for,Association for,1,38
The Los Angeles Metropolitan Churches,Los Angeles Metropolitan Churches,1,38
the Association For,Association for,1,38
The Climate Alliance of Santa Cruz County,Climate Alliance of Santa Cruz County,37,1
"The American Legion, Department of California","American Legion, Department Of California",31,7
The Walt Disney Company,Walt Disney Company,21,17
The Non-Profit Housing Association of Northern California,Non-Profit Housing Association Of Northern California,13,25
The Society of the Plastics Industry,Society of the Plastics Industry,7,31
The Center for Young Women's Development,Center for Young Women's Development,3,35
The California Agricultural Commissioners and Sealers,California Agricultural Commissioners and Sealers,2,36
the Soap and Detergent Association,Soap and Detergent Association,2,36
The Alliance for Democracy,Alliance for Democracy,1,37
The San Francisco Bar Pilots Association,San Francisco Bar Pilots Association,1,37
The San Francisco Human Services Agency,San Francisco Human Services Agency,1,37
the Building Industry Association,Building Industry Association,1,37
the Climate First: Replacing Oil & Gas (CFROG),Climate First: Replacing Oil & Gas (CFROG),1,37
the County Welfare Directors,County Welfare Directors,1,37
The Geriatric Circle,Geriatric Circle,36,1
The Chamber of the Santa Barbara Region,Chamber of the Santa Barbara Region,32,5
The Hustler Casino,Hustler Casino,9,28
The California State University (CSU),California State University (CSU),5,32
The Center for Independent Living,Center for Independent Living,5,32
The Legal Aid Society Employment Law Center,Legal Aid Society Employment Law Center,4,33
The Alliance for Children's Rights (Co-Sponsor),Alliance for Children's Rights (Co-Sponsor),3,34
the NAACP,NAACP,3,34
The California Society of Dermatology & Dermatologic Surgery,California Society of Dermatology & Dermatologic Surgery,2,35
The Northern California Land Trust,Northern California Land Trust,2,35
The Regional Hispanic Chamber of Commerce,Regional Hispanic Chamber of Commerce,2,35
the Association of Claims Professionals,Association of Claims Professionals,2,35
The City of Jackson,City of Jackson,1,36
The Civil Justice Association,Civil Justice Association,1,36
The State Privacy and Security Coalition,State Privacy and Security Coalition,1,36
the Bakersfield College,Bakersfield College,1,36
the Los Angeles County Probation Officers Union AFSCME Local 685,Los Angeles County Probation Officers Union AFSCME Local 685,1,36
The Trust For Public Land,TRUST FOR PUBLIC LAND,35,1
The Salvation Army,Salvation Army,25,11
The Harriett Buhai Center for Family Law,Harriett Buhai Center for Family Law,6,30
The Jacobs & Cushman San Diego Food Bank,Jacobs & Cushman San Diego Food Bank,5,31
The American Plastics Council,American Plastics Council,3,33
the Center for Public Environmental Oversight,Center for Public Environmental Oversight,3,33
The Children's,Children's,2,34
the University of the Pacific,University of the Pacific,2,34
The American Civil Liberties Union of California Center for Advocacy and Policy,American Civil Liberties Union of California Center for Advocacy and Policy,1,35
The Bay Area Partnership,Bay Area Partnership,1,35
The California Medical Transportation Association,California Medical Transportation Association,1,35
The Office of Insurance Advisor,Office of Insurance Advisor,1,35
"The Climate Reality Project, San Fernando Valley Chapter","Climate Reality Project, San Fernando Valley Chapter",22,13
the bill),bill),13,22
The Greenling Institute,Greenling Institute,11,24
The Climate Reality Project - Silicon Valley Chapter,Climate Reality Project - Silicon Valley Chapter,10,25
The American Waterways Operators,American Waterways Operators,7,28
The Bicycle Club,Bicycle Club,5,30
The AIDS Service Center,AIDS Service Center,4,31
The Domestic Abuse Center,Domestic Abuse Center,2,33
The Educational Community for Homeowners,Educational Community for Homeowners,2,33
The Secular Coalition for California,Secular Coalition for California,2,33
The Transformative In-Prison Workgroup,Transformative In-Prison Workgroup,2,33
The Attorney Generalos Office,Attorney Generalos Office,1,34
The LAX Coastal Chamber of Commerce,LAX Coastal Chamber of Commerce,1,34
The Legal Aid Society of Orange County,Legal Aid Society of Orange County,1,34
The Solano County Fair,Solano County Fair,1,34
The State Department of Mental Health,State Department of Mental Health,1,34
the Association of California Life and Health Insurance Companies (ACLHIC),Association of California Life and Health Insurance Companies (ACLHIC),1,34
The Law Foundation of Silicon Valley,Law Foundation Of Silicon Valley,31,3
The River Otter Ecology Project,River Otter Ecology Project,29,5
The Environmental Justice Coalition for Water,Environmental Justice Coalition For Water,23,11
The Cambodian Family Community Center,Cambodian Family Community Center,15,19
The Greater Corona Valley Chamber of Commerce,Greater Corona Valley Chamber of Commerce,15,19
The Cleaner Air Partnership,Cleaner Air Partnership,9,25
The Environmental Council of Sacramento,Environmental Council of Sacramento,3,31
The Federation for American Immigration Reform,Federation for American Immigration Reform,3,31
The Metropolitan Transportation Authority,Metropolitan Transportation Authority,3,31
The Religious Sisters of Charity,Religious Sisters of Charity,3,31
The Los Angeles County Board of,Los Angeles County Board of,2,32
The Torres Martinez Desert Cahuilla Indians,Torres Martinez Desert Cahuilla Indians,2,32
The Boeing,Boeing,1,33
The California Alliance for,California Alliance for,1,33
The California Association of Area Agencies on Aging (C4A),California Association of Area Agencies on Aging (C4A),1,33
The California Milk Producers,California Milk Producers,1,33
The California Sportfishing League,California Sportfishing League,1,33
The Howard Jarvis Taxpayers,Howard Jarvis Taxpayers,1,33
The National Animal Interest Alliance,National Animal Interest Alliance,1,33
The National Association of Consumer Advocates,National Association of Consumer Advocates,1,33
The National Hispanic Media Coalition,National Hispanic Media Coalition,1,33
The Southern California Coalition for Occupational Safety and Health,Southern California Coalition for Occupational Safety and Health,1,33
the California Taxpayer Protection Committee,California Taxpayer Protection Committee,1,33
the Coastal Corridor Alliance,Coastal Corridor Alliance,1,33
the East Bay,East Bay,1,33
the Marin Clean Energy (MCE),Marin Clean Energy (MCE),1,33
The University of California,University Of California,30,3
the Advancement of Colored People,Advancement of Colored People,29,4
The Animal Rescue Mission,Animal Rescue Mission,20,13
"The National Association of Social Workers, California Chapter","National Association Of Social Workers, California Chapter",12,21
The Mule Deer Foundation,Mule Deer Foundation,11,22
The Legal Aid Society,Legal Aid Society,10,23
The California Adoption Alliance,California Adoption Alliance,5,28
The California Association of Private Postsecondary Schools (CAPPS),California Association of Private Postsecondary Schools (CAPPS),5,28
The Happy City Coalition,Happy City Coalition,5,28
The Vet Voice Foundation,Vet Voice Foundation,5,28
The Driving School Association of the Americas,Driving School Association of the Americas,3,30
The California Newspaper Publishers Association (CNPA),California Newspaper Publishers Association (CNPA),2,31
The Jamul Indian Village,Jamul Indian Village,2,31
The Association of Low Wealth Schools,Association of Low Wealth Schools,1,32
The California Asian Pacific Islander Chamber of Commerce,California Asian Pacific Islander Chamber of Commerce,1,32
The California Department of Aging,California Department of Aging,1,32
The Card Coalition,Card Coalition,1,32
The Coachella Valley Unified School District,Coachella Valley Unified School District,1,32
The Collision Repair Association of California,Collision Repair Association of California,1,32
The Northern California Association of Counsel for Children,Northern California Association of Counsel for Children,1,32
The Personal Insurance,Personal Insurance,1,32
The Transportation Corridor Agencies of Orange County,Transportation Corridor Agencies of Orange County,1,32
"the Center on Race, Poverty, & the Environment","Center on Race, Poverty, & the Environment",1,32
The Last Beach Cleanup,Last Beach Cleanup,30,2
"The Climate Reality Project, California State Coalition","Climate Reality Project, California State Coalition",29,3
The Jewish Federation,Jewish Federation,25,7
The Fire Restoration Group,Fire Restoration Group,22,10
The Child Abuse Prevention Council,Child Abuse Prevention Council,5,27
The State Bar Family Law Section,State Bar Family Law Section,5,27
the LA Waterkeeper,LA Waterkeeper,5,27
The California Alliance of Child and Family,California Alliance of Child and Family,2,30
The Committee on Moral,Committee on Moral,2,30
The Judicial Council of CA,Judicial Council of CA,2,30
The Wireless Infrastructure Association,Wireless Infrastructure Association,2,30
The Alameda-Contra Costa Medical Association,Alameda-Contra Costa Medical Association,1,31
The American Society for Dermatologic Surgery Association,American Society for Dermatologic Surgery Association,1,31
The California Behavioral Health Directors Association,California Behavioral Health Directors Association,1,31
The Center for Third World Organizing,Center for Third World Organizing,1,31
"The Engineers and Scientists of California, MEBA, AFL-CIO","Engineers and Scientists of California, MEBA, AFL-CIO",1,31
The Enterprise Rancheria,Enterprise Rancheria,1,31
The League of Women Voters California,League of Women Voters California,1,31
The Office of,Office of,1,31
the Outward Bound Adventures,Outward Bound Adventures,1,31
The Conservation Fund,Conservation Fund,28,3
The Sportfishing Conservancy,Sportfishing Conservancy,20,11
The American College of,American College of,8,23
The Distilled Spirits Council,Distilled Spirits Council,6,25
The TMJ Society of California,TMJ Society of California,6,25
The Instituto de Educacion Popular del Sur de California,Instituto De Educacion Popular Del Sur De California,4,27
The American Red Cross of California,American Red Cross of California,3,28
The Association for Unmanned Vehicle Systems International,Association for Unmanned Vehicle Systems International,3,28
The Industrial Association of Contra Costa County,Industrial Association of Contra Costa County,2,29
The International Council of Cruise Lines,International Council of Cruise Lines,2,29
The American Economic Liberties Project,American Economic Liberties Project,1,30
The Board of Chiropractic Examiners,Board of Chiropractic Examiners,1,30
The Coalition of California Compensation Companies,Coalition of California Compensation Companies,1,30
The College,College,1,30
The Emergency Medical Services Administrators Association,Emergency Medical Services Administrators Association,1,30
The Faculty Association of California Community Colleges (FACCC),Faculty Association of California Community Colleges (FACCC),1,30
The Fair Share Network,Fair Share Network,1,30
The League of Women Prosecutors,League of Women Prosecutors,1,30
The Resources Agency,Resources Agency,1,30
The Speech-Language Pathology and Audiology and Hearing Aid Dispensers Board,Speech-Language Pathology and Audiology and Hearing Aid Dispensers Board,1,30
The Wholly H2O,Wholly H2o,1,30
The Association for Los Angeles Deputy Sheriffs,Association For Los Angeles Deputy Sheriffs,29,1
The Arc of Ventura County,Arc of Ventura County,25,5
"The Cat Fanciers' Association, Inc","Cat Fanciers' Association, Inc",21,9
The Responsible Business Lending Coalition,Responsible Business Lending Coalition,11,19
The Greater Antelope Valley Economic Alliance,Greater Antelope Valley Economic Alliance,6,24
The Association of Plastic Recyclers,Association of Plastic Recyclers,5,25
The California Cable & Telecommunications Association (CCTA),California Cable & Telecommunications Association (CCTA),4,26
The Association of California Life and Health,Association of California Life and Health,3,27
The Family,Family,3,27
The Jockeys Guild,Jockeys Guild,3,27
The National Association of Theatre Owners of California,National Association of Theatre Owners of California,3,27
The Pharmaceutical Research and Manufacturers of America (PhRMA),Pharmaceutical Research and Manufacturers of America (PhRMA),3,27
The Relational Culture Institute,Relational Culture Institute,3,27
"The American Academy of Pediatrics, California","American Academy Of Pediatrics, California",2,28
The California Association of Clerks and Election,California Association of Clerks and Election,2,28
The National Organization of Women,National Organization of Women,2,28
The Western Center on Law and Poverty (Co-Sponsor),Western Center on Law and Poverty (Co-Sponsor),2,28
the Breathe California Sacramento Region,Breathe California Sacramento Region,2,28
The California Attorney's for Criminal Justice,California Attorney's for Criminal Justice,1,29
The California Immigrant Policy Center (CIPC),California Immigrant Policy Center (CIPC),1,29
The National Collegiate Athletic Association,National Collegiate Athletic Association,1,29
The State Board of Control,State Board of Control,1,29
The West Company,West Company,1,29
the Communitiy Water Center,Communitiy Water Center,1,29
the National Electric Contractors Association,National Electric Contractors Association,1,29
"The Climate Reality Project, San Diego Chapter","Climate Reality Project, San Diego Chapter",28,1
The Watershed Project,Watershed Project,28,1
"The American Federation of State, County and Municipal","American Federation of State, County And Municipal",27,2
The Irvine Company,Irvine Company,26,3
The Place4grace,Place4grace,25,4
The Agora Group,Agora Group,20,9
The League to Save Lake Tahoe,League To Save Lake Tahoe,19,10
The Fund for Animals Wildlife Center,Fund for Animals Wildlife Center,15,14
The California Mental Health Directors,California Mental Health Directors,7,22
The League of Humane Voters,League of Humane Voters,6,23
the Climate Reality Project - Silicon Valley Chapter,Climate Reality Project - Silicon Valley Chapter,4,25
The California Air Pollution Control Officers' Association,California Air Pollution Control Officers' Association,3,26
The Chamber of Commerce Mountain View,Chamber of Commerce Mountain View,3,26
The Association for Children for Enforcement of,Association for Children for Enforcement of,2,27
The California Fish and Game Commission,California Fish and Game Commission,2,27
The California Manufacturers & Technology,California Manufacturers & Technology,2,27
The Roberts Enterprise Development Fund,Roberts Enterprise Development Fund,2,27
The Salvadoran American Leadership and Educational Fund,Salvadoran American Leadership and Educational Fund,2,27
The Society of California Accountants,Society of California Accountants,2,27
The California Association of Public Health Laboratory Directors,California Association of Public Health Laboratory Directors,1,28
The California Employment Lawyers Association (Co-Sponsor),California Employment Lawyers Association (Co-Sponsor),1,28
The California Horse Council,California Horse Council,1,28
The Chamber of Commerce Alliance of Ventura and Santa Barbara Counties,Chamber of Commerce Alliance of Ventura and Santa Barbara Counties,1,28
The FPPC,FPPC,1,28
The Los Angeles Breast Cancer Alliance,Los Angeles Breast Cancer Alliance,1,28
The Pasadena,Pasadena,1,28
The United Nurses Association of California/Union of Health Care,United Nurses Association of California/Union of Health Care,1,28
the Grove Collaborative,Grove Collaborative,1,28
the Pacific Coast Federation of Fisherman's Associations,Pacific Coast Federation of Fisherman's Associations,1,28
The Cat and Dog Rescue Association,Cat and Dog Rescue Association,27,1
The Climate Reality Project Orange County Chapter,Climate Reality Project Orange County Chapter,26,2
The Collective for Liberatory Lawyering,Collective for Liberatory Lawyering,26,2
The Village Family Services,Village Family Services,25,3
The Alaskan Malamute Club of America,Alaskan Malamute Club of America,17,11
The Human Society of the United States,Human Society of the United States,16,12
The Danny Foundation,Danny Foundation,15,13
The Gordian Group,Gordian Group,15,13
The Surplus Line Association of California,Surplus Line Association of California,9,19
The ARC California,ARC California,8,20
The Center for Media Justice,Center for Media Justice,4,24
The Alcohol Policy Network,Alcohol Policy Network,3,25
The California ALS Advocacy Committee,California ALS Advocacy Committee,3,25
The California WIC Association,California Wic Association,3,25
The City and County of San Francisco Human Services Agency,City and County of San Francisco Human Services Agency,3,25
The ALS Association Golden West Chapter,ALS Association Golden West Chapter,2,26
The Alliance of Communities for Sustainable Fisheries,Alliance of Communities for Sustainable Fisheries,2,26
The Central Coast Psychological Association,Central Coast Psychological Association,2,26
The Humane Society of the United,Humane Society of the United,2,26
The San Luis & Delta-Mendota Water Authority,San Luis & Delta-Mendota Water Authority,2,26
The American Civil Liberties Union of California (Co-Sponsor),American Civil Liberties Union of California (Co-Sponsor),1,27
The Association for Children For Enforcement of,Association for Children for Enforcement of,1,27
The City of Solvang,City of Solvang,1,27
"The County of Santa Cruz, Board of Supervisors","County of Santa Cruz, Board of Supervisors",1,27
The Humboldt And Mendocino Redwood Companies,Humboldt and Mendocino Redwood Companies,1,27
The Humboldt and Mendocino Redwood Companies,Humboldt and Mendocino Redwood Companies,1,27
The Los Angeles County Sheriff's Office,Los Angeles County Sheriff's Office,1,27
The San Diego Board of Supervisors,San Diego Board of Supervisors,1,27
The Keep a Breast Foundation,Keep A Breast Foundation,26,1
The Big Fresno Fair,Big Fresno Fair,20,7
The Humane Farming Action Fund,Humane Farming Action Fund,13,14
The Civil Justice Association of California,Civil Justice Association Of California,10,17
The California State PTA,California State Pta,8,19
"The Women's Foundation of California, Women's Policy Institute","Women's Foundation of California, Women's Policy Institute",5,22
The Episcopal Diocese of California,Episcopal Diocese of California,4,23
The Los Angeles LGBT Center,Los Angeles Lgbt Center,4,23
The Building Industry Credit and Supply Coalition,Building Industry Credit and Supply Coalition,3,24
The Alcohol Policy Network of Alameda County,Alcohol Policy Network of Alameda County,2,25
"The California School Employees Association (CSEA), AFL-CIO","California School Employees Association (CSEA), AFL-CIO",2,25
The Hollywood,Hollywood,2,25
The Irvine Community Land Trust,Irvine Community Land Trust,2,25
The DTSC,DTSC,1,26
The Fresno Area Hispanic Foundation,Fresno Area Hispanic Foundation,1,26
The Glendale City Employees Association (GCEA),Glendale City Employees Association (GCEA),1,26
The Jewish Community Relations Committee,Jewish Community Relations Committee,1,26
The Los Angeles Galaxy,Los Angeles Galaxy,1,26
"The National Alliance on Mental Illness, California","National Alliance on Mental Illness, California",1,26
The Vote Health Coalition,Vote Health Coalition,1,26
The Cambodian Family,Cambodian Family,22,4
The Classical Academies,Classical Academies,19,7
"The Media Coalition, Inc","Media Coalition, Inc",19,7
The Irish Water Spaniel Club of America,Irish Water Spaniel Club of America,18,8
The TransLatin@ Coalition,Translatin@ Coalition,17,9
The Health Trust,Health Trust,16,10
The Right to Know,Right to Know,16,10
The East Los Angeles Community Union,East Los Angeles Community Union,15,11
The Southland Corporation,Southland Corporation,9,17
The Humane Society of San Bernardino Valley,Humane Society of San Bernardino Valley,6,20
The Health Care Group,Health Care Group,4,22
The Trust,Trust,4,22
The Greenlining,Greenlining,3,23
The Legislative Women's Caucus,Legislative Women's Caucus,3,23
The Personal Assistance Services Council,Personal Assistance Services Council,3,23
The California Women's Agenda,California Women's Agenda,2,24
The Valley Economic Development Center,Valley Economic Development Center,2,24
"the Child Action, INC","Child Action, INC",2,24
The Coalition of California Welfare Rights Organizations (Co-Sponsor),Coalition of California Welfare Rights Organizations (Co-Sponsor),1,25
The Committee on,Committee on,1,25
The Geothermal Energy Association,Geothermal Energy Association,1,25
The League of California Cities (LCC),League of California Cities (LCC),1,25
The Los Angeles Police Protective,Los Angeles Police Protective,1,25
The National Association of Social,National Association of Social,1,25
the California Federation of,California Federation of,1,25
The Canine Condition,Canine Condition,24,1
The Personal Insurance Federation of California,Personal Insurance Federation Of California,24,1
The Century Council,Century Council,18,7
The Lion Electric Co,Lion Electric Co,17,8
"The California Sportsmen's Lobby, Inc","California Sportsmen's Lobby, Inc",10,15
The Travel Technology Association,Travel Technology Association,7,18
The Women's,Women's,6,19
The Federation of Hillside and Canyon Associations,Federation of Hillside and Canyon Associations,5,20
The LGBTQ Center of Long Beach,LGBTQ Center of Long Beach,5,20
The Institute For College Access And Success,Institute for College Access and Success,3,22
The Monterey Fish Market,Monterey Fish Market,3,22
The Office of the San Diego County District Attorney,Office of the San Diego County District Attorney,3,22
The Pasadena Humane Society & SPCA,Pasadena Humane Society & SPCA,3,22
The American Liver Foundation,American Liver Foundation,2,23
The California State Horsemen's Association,California State Horsemen's Association,2,23
The California Veterinary Medical Association (CVMA),California Veterinary Medical Association (CVMA),2,23
The Center for,Center for,2,23
The County Health Executives Association of,County Health Executives Association of,2,23
The Oakland Athletics,Oakland Athletics,2,23
The West Contra Costa Conservation League,West Contra Costa Conservation League,2,23
The Alhambra,Alhambra,1,24
The Associated General Contractors of America,Associated General Contractors of America,1,24
The Immigrant Youth Coalition,Immigrant Youth Coalition,1,24
The Los Angeles Dodgers,Los Angeles Dodgers,1,24
The Native American Land Conservancy,Native American Land Conservancy,1,24
The PUC,PUC,1,24
The Association of Regional Center Agencies,Association Of Regional Center Agencies,23,1
The Energy Coalition,Energy Coalition,23,1
The Resistance Northridge-Indivisible,Resistance Northridge-Indivisible,19,5
The Chamber of Commerce of the Santa Barbara Region,Chamber of Commerce of the Santa Barbara Region,17,7
The Cat Fanciers' Association,Cat Fanciers' Association,15,9
The Human Society of The United States,Human Society of the United States,12,12
The Comptche Land Conservancy,Comptche Land Conservancy,11,13
The Adult Entertainment Industry Education Fund,Adult Entertainment Industry Education Fund,10,14
The Pew Charitable Trusts,Pew Charitable Trusts,9,15
The National Tax-Limitation Committee,National Tax-Limitation Committee,8,16
The Committee on Moral Concerns,Committee On Moral Concerns,6,18
The California Association of Realtors,California Association Of Realtors,5,19
The Delta Kappa Gamma Society International,Delta Kappa Gamma Society International,4,20
The Fannie Lou Hamer Institute,Fannie Lou Hamer Institute,4,20
The Golden Retriever Club of Greater Los Angeles,Golden Retriever Club of Greater Los Angeles,3,21
the League of California Cities,League Of California Cities,2,22
The County Welfare,County Welfare,1,23
The Edgewood Center for Children and Families,Edgewood Center for Children and Families,1,23
The Ella Baker Center,Ella Baker Center,1,23
"The Greenlining Institute, Berkeley","Greenlining Institute, Berkeley",1,23
The Reinsurance Association of America,Reinsurance Association of America,1,23
The State Pipe Trades Council,State Pipe Trades Council,1,23
The California Chamber of Commerce,CALIFORNIA CHAMBER OF COMMERCE,21,2
"The Climate Reality Project, Bay Area Chapter","Climate Reality Project, Bay Area Chapter",20,3
The Latino Cancer Institute,Latino Cancer Institute,18,5
The Justice Project,Justice Project,16,7
The Retired Officers Association,Retired Officers Association,16,7
The Center for Public Interest Law,Center For Public Interest Law,15,8
The Alliance for Insurance Reform,Alliance for Insurance Reform,11,12
The League of American Bicyclists,League of American Bicyclists,11,12
The County of Santa Clara,County Of Santa Clara,10,13
The Marine Mammal Center,Marine Mammal Center,9,14
The American Civil Liberties Union of California,American Civil Liberties Union Of California,7,16
The California Respite Association,California Respite Association,7,16
The Jewish Federation of the Sacramento Region,Jewish Federation of The Sacramento Region,5,18
The Recording Academy,Recording Academy,3,20
The Weingart Center Association,Weingart Center Association,3,20
The Beagle Freedom Project,Beagle Freedom Project,2,21
The California Association of Environmental,California Association of Environmental,2,21
The California State Athletic Commission,California State Athletic Commission,2,21
The Children's Civil Rights Union,Children's Civil Rights Union,2,21
The Association for the Improvement of Secondary Education,Association for the Improvement of Secondary Education,1,22
The Association of Postconsumer Plastic Recyclers,Association of Postconsumer Plastic Recyclers,1,22
The BizParentz Foundation,BizParentz Foundation,1,22
The Board of Architectural Examiners,Board of Architectural Examiners,1,22
The California National Guard,California National Guard,1,22
The California Real Estate Inspection Association,California Real Estate Inspection Association,1,22
The Collateral Loan and Secondhand Dealers Association,Collateral Loan and Secondhand Dealers Association,1,22
The Green Schools Initiative,Green Schools Initiative,1,22
The Housing Authority,Housing Authority,1,22
The Los Angeles County Municipal Court Judges' Association,Los Angeles County Municipal Court Judges' Association,1,22
The Military Department,Military Department,1,22
The Sacramento Bee,Sacramento Bee,1,22
The Turlock Mosquito Abatement District,Turlock Mosquito Abatement District,1,22
the Council for A Strong America,Council for A Strong America,1,22
the Latino Diabetes Association,Latino Diabetes Association,1,22
the West,West,1,22
The Casita Coalition,CASITA COALITION,21,1
The Thursday Group,Thursday Group,21,1
The Greater Los Angeles Hospitality Association,Greater Los Angeles Hospitality Association,17,5
The Chevron Companies,Chevron Companies,14,8
The California Federation of Teachers,California Federation Of Teachers,11,11
The California Association of Health Plans (CAHP),California Association of Health Plans (CAHP),10,12
The Truck Renting and Leasing Association,Truck Renting and Leasing Association,9,13
The Association of California Commissions for Women,Association of California Commissions for Women,7,15
The Appraisal Institute,Appraisal Institute,6,16
The Normandie Club,Normandie Club,5,17
The Back Country Land Trust,Back Country Land Trust,4,18
The California Hospice & Palliative Care Association,California Hospice & Palliative Care Association,4,18
The Sacramento Environmental Justice Coalition,Sacramento Environmental Justice Coalition,4,18
The California Disabled Veteran Business Alliance,California Disabled Veteran Business Alliance,3,19
"The California State University, Bakersfield","California State University, Bakersfield",3,19
The Community Action Fund of Planned Parenthood of Orange and San Bernardino,Community Action Fund of Planned Parenthood of Orange and San Bernardino,3,19
The Los Angeles Memorial Coliseum Commission,Los Angeles Memorial Coliseum Commission,3,19
"The American Congress of Obstetricians and Gynecologists, District IX (California)","American Congress of Obstetricians and Gynecologists, District IX (California)",2,20
"The California Congress of Parents, Teachers and Students","California Congress of Parents, Teachers and Students",2,20
The Environmental Center of San Luis Obispo,Environmental Center of San Luis Obispo,2,20
The Labor/Community Strategy Center's Community Rights Campaign,Labor/Community Strategy Center's Community Rights Campaign,2,20
The Legal Aid,Legal Aid,2,20
The Women's Employment Rights Clinic of Golden Gate University School of Law,Women's Employment Rights Clinic of Golden Gate University School of Law,2,20
The California National Organization for Women (CANOW),California National Organization for Women (CANOW),1,21
The California Peace Officers' Association (CPOA),California Peace Officers' Association (CPOA),1,21
The California Retailers Association (CRA),California Retailers Association (CRA),1,21
The Coalition for Compassionate Care of California,Coalition for Compassionate Care of California,1,21
The El Monte Police Department,El Monte Police Department,1,21
The First,First,1,21
The Hispanic Chamber of Commerce Silicon Valley,Hispanic Chamber of Commerce Silicon Valley,1,21
"The Los Angeles County Probation Officers Union, AFSCME, Local 685","Los Angeles County Probation Officers Union, AFSCME, Local 685",1,21
The Newport Beach Police Department,Newport Beach Police Department,1,21
The San Jose Mercury News,San Jose Mercury News,1,21
The Siskiyou Land Trust,Siskiyou Land Trust,1,21
The Society of Hispanic Professional Engineers,Society of Hispanic Professional Engineers,1,21
the Status of Women,Status of Women,20,1
The Buckeye Conservancy,Buckeye Conservancy,19,2
The Dream Corps,Dream Corps,12,9
The Fremont-Rideout Health Group,Fremont-Rideout Health Group,11,10
"The American Brittany Club, Inc","American Brittany Club, Inc",10,11
The Pet Care Foundation,Pet Care Foundation,10,11
The San Joaquin Kennel Club,San Joaquin Kennel Club,10,11
The Homeless Prenatal Program,Homeless Prenatal Program,9,12
The California Parks Company,California Parks Company,8,13
"The Climate Reality Project, Silicon Valley","Climate Reality Project, Silicon Valley",7,14
The Samoyed Club of Los Angeles,Samoyed Club of Los Angeles,7,14
The Alliance of Motion Picture and Television Producers,Alliance of Motion Picture and Television Producers,5,16
The Polly Klaas Foundation,Polly Klaas Foundation,5,16
The Pacific Palisades Democratic Club,Pacific Palisades Democratic Club,4,17
The Center for Juvenile Law and Policy,Center for Juvenile Law and Policy,3,18
The Partnership for the Advancement of New Americans,Partnership for The Advancement of New Americans,3,18
"The American Federation of Teachers Guild, Local 1931","American Federation of Teachers Guild, Local 1931",2,19
The Automobile Club of,Automobile Club of,2,19
The California Kindergarten Association,California Kindergarten Association,2,19
The California Society of,California Society of,2,19
The California Vendors Policy Committee,California Vendors Policy Committee,2,19
The Coastal Commission,Coastal Commission,2,19
The National Foster Youth Institute,National Foster Youth Institute,2,19
The YMCA,YMCA,2,19
The American College of Obstetricians & Gynecologists,American College of Obstetricians & Gynecologists,1,20
"The American Institute of Architects, California Council (AIACC)","American Institute of Architects, California Council (AIACC)",1,20
The California Department of Forestry,California Department of Forestry,1,20
The County of Santa Cruz Human Services Department,County of Santa Cruz Human Services Department,1,20
The Family Law,Family Law,1,20
The Los Angeles College Faculty Guild,Los Angeles College Faculty Guild,1,20
The Los Angeles County Employees Retirement Association (LACERA),Los Angeles County Employees Retirement Association (LACERA),1,20
The Marin Builders,Marin Builders,1,20
The Mexican,Mexican,1,20
The National Center for Missing and Exploited Children,National Center for Missing and Exploited Children,1,20
The National Center for Victims of Crime,National Center for Victims of Crime,1,20
The Pacific,Pacific,1,20
The Peninsula Corridor Joint Powers Board (CalTrain),Peninsula Corridor Joint Powers Board (CALTRAIN),1,20
The Western Center on Law and Poverty (WCLP),Western Center on Law and Poverty (WCLP),1,20
The Youth Law Center (Co-Sponsor),Youth Law Center (Co-Sponsor),1,20
the Coalition on Homelessness San Francisco,Coalition on Homelessness San Francisco,1,20
the Consumers' Union,Consumers' Union,1,20
the LGBTQ Center of Long Beach,LGBTQ Center of Long Beach,1,20
the Pacific,Pacific,1,20
"The Center for Oceanic Awareness, Research, and Education (COARE)","Center for Oceanic Awareness, Research, and Education (COARE)",18,2
The Edible Schoolyard Project,Edible Schoolyard Project,18,2
The Nature of Wildworks,Nature of Wildworks,17,3
The Resource Connection Food Bank,Resource Connection Food Bank,17,3
The ARC and United Cerebral Palsy California Collaboration,ARC and United Cerebral Palsy California Collaboration,16,4
The English Shepherd Club,English Shepherd Club,16,4
The Health Alliance for Violence Intervention,Health Alliance for Violence Intervention,16,4
The Chamber of Commerce of West Covina,Chamber of Commerce of West Covina,11,9
The American Lhasa Apso Club,American Lhasa Apso Club,10,10
The Northern California Bearded Collie Fanciers,Northern California Bearded Collie Fanciers,10,10
The Northern California Keeshond Club,Northern California Keeshond Club,10,10
The American College of Obstetricians,American College of Obstetricians,8,12
The National Football League,National Football League,5,15
The Association of Community Human Services Agencies,Association of Community Human Services Agencies,4,16
The Climate Reality Project Bay Area Chapter,Climate Reality Project Bay Area Chapter,4,16
The Federation of Retired Union Members of Santa Clara County,Federation of Retired Union Members of Santa Clara County,4,16
The California Confederation of the Arts,California Confederation of the Arts,3,17
The California Geotechnical Engineering Association,California Geotechnical Engineering Association,3,17
The Campaign for the Fair Sentencing of Youth,Campaign for the Fair Sentencing of Youth,3,17
The Fund for Santa Barbara,Fund for Santa Barbara,3,17
The San Francisco Food Security Task Force,San Francisco Food Security Task Force,3,17
The Building Owners and Managers Association of,Building Owners and Managers Association of,2,18
The Fair,Fair,2,18
The Los Angeles County Education Foundation,Los Angeles County Education Foundation,2,18
The Naturopathic Medicine Committee,Naturopathic Medicine Committee,2,18
The Partnership for The Advancement of New Americans,Partnership for The Advancement of New Americans,2,18
The Sea Turtle Restoration Project,Sea Turtle Restoration Project,2,18
The Women's Employment Rights Clinic,Women's Employment Rights Clinic,2,18
The Alcohol Policy Panel of San Diego County,Alcohol Policy Panel of San Diego County,1,19
The California State Association of Electrical,California State Association of Electrical,1,19
The City of County of San Francisco,City of County of San Francisco,1,19
The Innocence Project,Innocence Project,1,19
The Municipal Court,Municipal Court,1,19
The Region 8 States Council of the United Food and Commercial Workers,Region 8 States Council of the United Food and Commercial Workers,1,19
The Society for California Archaeology,Society for California Archaeology,1,19
The South Gate Chamber of Commerce,South Gate Chamber of Commerce,1,19
the Dbsa California,Dbsa California,1,19
the League of California Cities Latino Caucus,League of California Cities Latino Caucus,1,19
the The Buckeye Conservancy,The Buckeye Conservancy,1,19
The Organization of SMUD Employees,Organization of Smud Employees,18,1
The Council of Autism Service Providers,Council of Autism Service Providers,16,3
"The Collie Club of America, Inc","Collie Club of America, Inc",12,7
"The Kennedy Commission, Lake Forest","Kennedy Commission, Lake Forest",12,7
The Greater Los Angeles Collective Alliance,Greater Los Angeles Collective Alliance,8,11
The Greater Conejo Valley Chamber of Commerce,Greater Conejo Valley Chamber Of Commerce,7,12
The Coalition for Clean Air,Coalition For Clean Air,5,14
The Creative Card Congress,Creative Card Congress,5,14
The Council of Asian American Business Associations,Council of Asian American Business Associations,4,15
The California Healthcare,California Healthcare,3,16
the Communities for a Better Environment,Communities For A Better Environment,3,16
The CLEAN Carwash Campaign,Clean Carwash Campaign,2,17
The Children's Lobby,Children's Lobby,2,17
The East Palo Alto Community Law Project,East Palo Alto Community Law Project,2,17
The Emergency Medical Services Administrators,Emergency Medical Services Administrators,2,17
the Walt Disney Company,Walt Disney Company,2,17
The Alliance for Boys and Men of Color (Co-Sponsor),Alliance for Boys and Men of Color (Co-Sponsor),1,18
"The Association of California Cities, Orange County","Association of California Cities, Orange County",1,18
The California Council of the Blind,California Council of The Blind,1,18
The California IATSE Council,California Iatse Council,1,18
The Corporation for Supportive Housing,Corporation For Supportive Housing,1,18
The Federation of California Racing Associations,Federation of California Racing Associations,1,18
The National Economic Development and Law Center,National Economic Development and Law Center,1,18
the Communities Actively Living Independent & Free,Communities Actively Living Independent & Free,1,18
the Trevor Project,Trevor Project,1,18
The Arc and United Cerebral Palsy,ARC and United Cerebral Palsy,17,1
The California Medical Association,California Medical ASsociation,16,2
The Amelia Ann Adams Whole Life Center,Amelia Ann Adams Whole Life Center,13,5
The City of Los Angeles,City Of Los Angeles,13,5
The National Center for Law & Policy,National Center for Law & Policy,13,5
The Climate Reality Project,Climate Reality Project,11,7
The Protect Our Communities Foundation,Protect Our Communities Foundation,11,7
The Coalition for Renewable Natural Gas,Coalition For Renewable Natural Gas,10,8
The Greyhound Club of America,Greyhound Club of America,10,8
The Xerces Society for Invertebrate Conservation,Xerces Society for Invertebrate Conservation,10,8
The Associated Builders and Contractors of,Associated Builders and Contractors of,8,10
The Catalyst Foundation,Catalyst Foundation,7,11
The San Diego Mountain Biking Association,San Diego Mountain Biking Association,7,11
The Christy Lynn Wilson Foundation,Christy Lynn Wilson Foundation,6,12
The Chrysalis Center,Chrysalis Center,5,13
"The Cosmetic, Toiletry, and Fragrance Association","Cosmetic, Toiletry, and Fragrance Association",4,14
The Executive Committee of the Family Law Section of the State Bar of,Executive Committee of the Family Law Section of the State Bar of,4,14
The Gardens,Gardens,4,14
The Ocean Institute,Ocean Institute,4,14
The Ballot Initiative Strategy Center,Ballot Initiative Strategy Center,3,15
The California Chapter of the National Association of Social,California Chapter of the National Association of Social,3,15
The California Media and Library Educators Association,California Media and Library Educators Association,3,15
"The American College of Obstetricians & Gynecologists, District IX","American College of Obstetricians & Gynecologists, District IX",2,16
"The Communications Workers of America, District 9, AFL-CIO","Communications Workers of America, District 9, AFL-CIO",2,16
The First Congregational Church of Long Beach,First Congregational Church of Long Beach,2,16
The Newhall Land and Farming Company,Newhall Land and Farming Company,2,16
The Personal Insurance Federation of,Personal Insurance Federation of,2,16
the Climate Health Now Action Fund,Climate Health Now Action Fund,2,16
the Communities for A Better Environment,Communities For A Better Environment,2,16
The Alameda County Chiefs of Police and Sheriff's Association,Alameda County Chiefs of Police and Sheriff's Association,1,17
The Area 1 Agency on Aging,Area 1 Agency on Aging,1,17
The California Association of Childrenos Homes,California Association of Childrenos Homes,1,17
The California Association of Public Authorities for IHSS (CAPA),California Association of Public Authorities for IHSS (CAPA),1,17
The California Coalition for Authentic Reform in Education,California Coalition for Authentic Reform in Education,1,17
The California Coalition of United Cerebral Palsy,California Coalition of United Cerebral Palsy,1,17
The California Guild,California Guild,1,17
The California Law Review Commission,California Law Review Commission,1,17
The California State Council of the Service Employees International Union (SEIU),California State Council of the Service Employees International Union (SEIU),1,17
The Contra Costa County Defenders Association,Contra Costa County Defenders Association,1,17
The Crash,CRASH,1,17
The Delta Kappa Gamma Society,Delta Kappa Gamma Society,1,17
The Department of Corrections and Rehabilitation,Department of Corrections and Rehabilitation,1,17
The Fund For Santa Barbara,Fund for Santa Barbara,1,17
"The Service Employees International Union (SEIU), Local 1000","Service Employees International Union (SEIU), Local 1000",1,17
The Service Employees International Union - California State Council,Service Employees International Union - California State Council,1,17
The Small School District's Association,Small School District's Association,1,17
The Urban County of California (UCC),Urban County of California (UCC),1,17
the Civil Justice Association of California,Civil Justice Association Of California,1,17
the Fervo Energy,Fervo Energy,1,17
the Fund for Santa Barbara,Fund for Santa Barbara,1,17
the Institute for Agriculture and Trade Policy,Institute for Agriculture and Trade Policy,1,17
the Normal Heights Indivisible,Normal Heights Indivisible,1,17
The City of San Diego,City Of San Diego,16,1
The Association of California Healthcare Districts,Association of California HealthCare Districts,15,2
The California Alliance of Child and Family Services,California Alliance Of Child And Family Services,15,2
The City and County of San Francisco,City And County of San Francisco,15,2
The Center for AI and Digital Policy,Center for Ai and Digital Policy,13,4
"The Vons Companies, Inc","Vons Companies, Inc",13,4
The Community College Foundation,Community College Foundation,12,5
The County Connection,County Connection,10,7
The French Bulldog Club of America,French Bulldog Club of America,10,7
The LGBTQ Center Long Beach,LGBTQ Center Long Beach,9,8
The Valley Economic Alliance,Valley Economic Alliance,8,9
"The Honorable Eric Garcetti, Mayor","Honorable Eric Garcetti, Mayor",7,10
The Alliance Supporting People with Intellectual and Developmental Disabilities,Alliance Supporting People with Intellectual and Developmental Disabilities,6,11
The Natural Gas Vehicle Coalition,Natural Gas Vehicle Coalition,6,11
The Pacific Institute for Community Organization,Pacific Institute for Community Organization,6,11
The Avian Welfare Coalition,Avian Welfare Coalition,5,12
"The Cosmetic, Toiletry and Fragrance Association","Cosmetic, Toiletry and Fragrance Association",4,13
The Council for Citizens Against Government Waste,Council for Citizens Against Government Waste,4,13
The Richmond Progressive Alliance,Richmond Progressive Alliance,4,13
The Cameron Park Community Services District,Cameron Park Community Services District,3,14
The Housing Trust of Santa Clara County,Housing Trust of Santa Clara County,3,14
The Latin American Agents Association,Latin American Agents Association,3,14
"The National Lawyers Guild, Los Angeles","National Lawyers Guild, Los Angeles",3,14
The California Association of Highway Patrolman,California Association of Highway Patrolman,2,15
The California Conference for Equality and Justice,California Conference for Equality and Justice,2,15
The Center for Biological Diversity,Center For Biological Diversity,2,15
The Greyhound Club of Northern California,Greyhound Club of Northern California,2,15
The Riverside Area Rape Crisis Center,Riverside Area Rape Crisis Center,2,15
"The State Bar, Estate Planning, Trust and Probate Law Section","State Bar, Estate Planning, Trust and Probate Law Section",2,15
The Waterfront Coalition,Waterfront Coalition,2,15
the San Fernando Valley,San Fernando Valley,2,15
The Armed Forces Retirees Association,Armed Forces Retirees Association,1,16
The Association of California School,Association of California School,1,16
The Center for Community Change,Center for Community Change,1,16
The Conservation Lands Foundation,Conservation Lands Foundation,1,16
The Junior League of San Francisco,Junior League of San Francisco,1,16
The Northern California Planned Giving Council,Northern California Planned Giving Council,1,16
The Professional Insurance Agents of California,Professional Insurance Agents of California,1,16
The Sacramento Hunger Coalition,Sacramento Hunger Coalition,1,16
The San Diego Association of Governments (SANDAG),San Diego Association of Governments (SANDAG),1,16
The Shasta County Farm Bureau,Shasta County Farm Bureau,1,16
The West Pasadena Residents' Association,West Pasadena Residents' Association,1,16
the Advocacy,Advocacy,1,16
the American Civil Liberties Union of California,American Civil Liberties Union Of California,1,16
the Board of Supervisors County of Madera,Board of Supervisors County of Madera,1,16
the Central California Food Bank,Central California Food Bank,1,16
the Zero Foodprint,Zero Foodprint,1,16
"The American Federation of State, County and Municipal Employees (AFSCME), AFL-CIO","American Federation Of State, County And Municipal Employees (AFSCME), AFL-CIO",15,1
The Chamber Newport Beach,Chamber Newport Beach,15,1
The Climate Reality Project Los Angeles Chapter,Climate Reality Project Los Angeles Chapter,15,1
The Mentoring Center,Mentoring Center,15,1
The Northcoast Environmental Center,NorthCoast Environmental Center,15,1
The California State Association of Counties,CALIFORNIA STATE ASSOCIATION OF COUNTIES,14,2
The California Association of Health Plans,California Association Of Health Plans,13,3
The North Face,North Face,13,3
"The Climate Reality Project, Orange County Chapter","Climate Reality Project, Orange County Chapter",12,4
The Standard Schnauzer Club of Southern California,Standard Schnauzer Club of Southern California,12,4
The Salt & Light Council,Salt & Light Council,10,6
The Independent Employees of Merced County (IEMC),Independent Employees of Merced County (IEMC),8,8
The Michael J. Fox Foundation for Parkinson's Research,Michael J. Fox Foundation for Parkinson's Research,7,9
The Nonprofit Alliance,Nonprofit Alliance,7,9
The California Abortion and Reproductive Rights Action,California Abortion and Reproductive Rights Action,6,10
The Valley Industry and Commerce Association,Valley Industry And Commerce Association,6,10
The City of Santa Monica,City Of Santa Monica,4,12
The City of Benicia Fire Department,City of Benicia Fire Department,3,13
The Governor's Administration,Governor's Administration,3,13
The Kennel Club of Palm Springs,Kennel Club of Palm Springs,3,13
The Law Enforcement Alliance of America,Law Enforcement Alliance of America,3,13
"The Association of Los Angeles Deputy Sheriffs, Inc","Association of Los Angeles Deputy Sheriffs, Inc",2,14
The California Association of Hospitals and Health Systems (CAHHS),California Association of Hospitals and Health Systems (CAHHS),2,14
The California Orthotics and Prosthetics Association,California Orthotics and Prosthetics Association,2,14
The California Society of Health-System,California Society of Health-System,2,14
The Council of Mexican Federations in North America,Council of Mexican Federations in North America,2,14
The Executive Committee of the Trusts and Estates Section of the State Bar of California,Executive Committee of the Trusts and Estates Section of the State Bar of California,2,14
The Impact,Impact,2,14
The Mathews Foundation for Prostate Cancer Research,Mathews Foundation for Prostate Cancer Research,2,14
The Principal Financial Group,Principal Financial Group,2,14
The University of,University of,2,14
The Woodwork Institute of California,Woodwork Institute of California,2,14
The American Osteopathic Association,American Osteopathic Association,1,15
The Association of Marin County Schools,Association of Marin County Schools,1,15
The Association of Northern California,Association of Northern California,1,15
The Coalition to Abolish Slavery and Trafficking (CAST),Coalition to Abolish Slavery and Trafficking (CAST),1,15
The Construction Employers' Association (CEA),Construction Employers' Association (CEA),1,15
The Domestic Violence Center of Santa Clarita Valley,Domestic Violence Center of Santa Clarita Valley,1,15
The Future of Life Institute,Future of Life Institute,1,15
The New Voice of Business,New Voice of Business,1,15
The Office of Real Estate Appraisers,Office of Real Estate Appraisers,1,15
The Office of the District Attorney of San Diego County,Office of the District Attorney of San Diego County,1,15
The Pajaro Valley Chamber of Commerce,Pajaro Valley Chamber of Commerce,1,15
The Program for Torture Victims,Program for Torture Victims,1,15
The San Francisco Symphony,San Francisco Symphony,1,15
The San Joaquin County District Attorney's Office,San Joaquin County District Attorney's Office,1,15
"The American Federation of State, County and Municipal Employees","American Federation of State, County And Municipal Employees",14,1
The Restaurant Opportunity Center of The Bay,Restaurant Opportunity Center of the Bay,14,1
The Western Center on Law and Poverty,Western Center on Law And Poverty,14,1
The Language Academy of Sacramento,Language Academy Of Sacramento,13,2
The Los Angeles County Board of Supervisors,Los Angeles County Board Of Supervisors,13,2
The Refill Shoppe,Refill Shoppe,13,2
The California Academy of Family Physicians,California Academy Of Family Physicians,12,3
"The Climate Reality Project, Riverside County Chapter","Climate Reality Project, Riverside County Chapter",12,3
The Staffordshire Bull Terrier Club of America,Staffordshire Bull Terrier Club of America,12,3
The County Welfare Directors Association of California,County Welfare Directors Association Of California,11,4
The Doctor's Company,Doctor's Company,11,4
The Los Angeles Coalition for The Economy & Jobs,Los Angeles Coalition for the Economy & Jobs,10,5
The Chance Theater,Chance Theater,7,8
The South Bay AFL-CIO Labor Council,South Bay Afl-cio Labor Council,7,8
The Repair Association,Repair Association,6,9
The California Association of Joint Powers Authorities,California Association Of Joint Powers Authorities,5,10
The Coalition for Family Equity,Coalition For Family Equity,5,10
The Land Conservancy of San Luis Obispo,Land Conservancy of San Luis Obispo,5,10
The SPCA for Monterey County,SPCA for Monterey County,5,10
"The Climate Reality Project, Silicon Valley Chapter","Climate Reality Project, Silicon Valley Chapter",4,11
The Orange County Interfaith Coalition for the Environment,Orange County Interfaith Coalition for the Environment,4,11
The Bay Area Rhodesian Ridgeback Club,Bay Area Rhodesian Ridgeback Club,3,12
The Borzoi Club of Northern California,Borzoi Club of Northern California,3,12
The California Association of Sheet Metal and Air,California Association of Sheet Metal and Air,3,12
The California Chapter of the American College of,California Chapter of the American College of,3,12
The California Community College Trustees,California Community College Trustees,3,12
The Coalition for Educational Justice,Coalition for Educational Justice,3,12
The Greater West Covina Business Association,Greater West Covina Business Association,3,12
The Valley Women's Club,Valley Women's Club,3,12
The California Organization of,California Organization of,2,13
The California Organization of Police,California Organization of Police,2,13
The Foundation for Advancing Alcohol Responsibility,Foundation for Advancing Alcohol Responsibility,2,13
The Reproductive Justice Coalition of Los Angeles,Reproductive Justice Coalition of Los Angeles,2,13
The Santa Clara County Bar Association,Santa Clara County Bar Association,2,13
The Technology Association of America,Technology Association of America,2,13
The Alliance to Stop Slavery and End Trafficking,Alliance to Stop Slavery and End Trafficking,1,14
The Bell,Bell,1,14
The Building Owners and Managers,Building Owners and Managers,1,14
The CDC,CDC,1,14
The California Alliance Against,California Alliance Against,1,14
The California Coalition of Nurse Practitioners (CCNP),California Coalition of Nurse Practitioners (CCNP),1,14
The California Environmental Health Initiative,California Environmental Health Initiative,1,14
The California Green Business Network,California Green Business Network,1,14
The California State Bar Association,California State Bar Association,1,14
The Center on Reproductive Rights and Justice at UC Berkeley School of Law,Center on Reproductive Rights and Justice at UC Berkeley School of Law,1,14
"The Cosmetic, Toiletry & Fragrance Association","Cosmetic, Toiletry & Fragrance Association",1,14
The Disability Rights California (DRC),Disability Rights California (DRC),1,14
The Five Star Education Coalition,Five Star Education Coalition,1,14
The GFWC California Federation of Women's Clubs,GFWC California Federation of Women's Clubs,1,14
The Natalie Giorgi Sunshine Foundation,Natalie Giorgi Sunshine Foundation,1,14
The National Center on Youth Law (NCYL),National Center on Youth Law (NCYL),1,14
The Riverside County Black Chamber of Commerce,Riverside County Black Chamber of Commerce,1,14
The Solid Waste Association of North America (SWANA),Solid Waste Association of North America (SWANA),1,14
The Steel Recycling Institute,Steel Recycling Institute,1,14
The Washington Union High School District,Washington Union High School District,1,14
the California Conference Board,California Conference Board,1,14
the California Immigrant Welfare,California Immigrant Welfare,1,14
the Coalition for Clean Air,Coalition For Clean Air,1,14
the Marine Mammal Center,Marine Mammal Center,1,14
The Food Bank of Contra Costa and Solano,Food Bank of Contra Costa And Solano,13,1
The Medical Board of California,Medical Board Of California,13,1
The Social Justice Law Project,Social Justice Law Project,12,2
The Arc & United Cerebral Palsy California Collaboration,Arc & United Cerebral Palsy California Collaboration,10,4
The Jamestown Community Center,Jamestown Community Center,9,5
The Laguna Greenbelt,Laguna Greenbelt,9,5
"The Society of the Plastics Industry, Inc","Society of the Plastics Industry, Inc",7,7
The Agricultural Council of California,Agricultural Council Of California,6,8
The Fashion Institute of Design and Merchandising,Fashion Institute of Design and Merchandising,6,8
"The Federation of Hillside and Canyon Associations, Inc","Federation of Hillside and Canyon Associations, Inc",6,8
The Greater Eureka Chamber of Commerce,Greater Eureka Chamber of Commerce,5,9
The Citizenship Project,Citizenship Project,4,10
The Lambda Letter Project,Lambda Letter Project,4,10
The Malibu Foundation,Malibu Foundation,4,10
The Tuolumne River Preservation Trust,Tuolumne River Preservation Trust,4,10
The Council on Alcoholism and Drug Abuse,Council on Alcoholism and Drug Abuse,3,11
The Council on American-Islamic Relations - California,Council on American-Islamic Relations - California,3,11
The Foundation for,Foundation for,3,11
The League of Women Voters of CA,League of Women Voters of CA,3,11
The Osteopathic Physicians and Surgeons,Osteopathic Physicians and Surgeons,3,11
"The Screen Actors Guild-American Federation of Television and Radio Artists, AFL-CIO","Screen Actors Guild-American Federation of Television and Radio Artists, AFL-CIO",3,11
The Stone Lakes Refuge Alliance,Stone Lakes Refuge Alliance,3,11
The Variable Annuity Life Insurance Company,Variable Annuity Life Insurance Company,3,11
The Allen Group,Allen Group,2,12
The Alliance of Catholic Healthcare,Alliance of Catholic Healthcare,2,12
The Association of California Life & Health Insurance Companies (ACLHIC),Association of California Life & Health Insurance Companies (ACLHIC),2,12
The Better Business Bureau,Better Business Bureau,2,12
The Child Abuse Prevention Council of Contra Costa,Child Abuse Prevention Council of Contra Costa,2,12
The Commission on Peace Officer Standards and Training (POST),Commission on Peace Officer Standards and Training (POST),2,12
The Forensic Mental Health Association of California,Forensic Mental Health Association of California,2,12
The Irrigation Association,Irrigation Association,2,12
The Jewish,Jewish,2,12
The National Kidney Foundation of Northern California,National Kidney Foundation of Northern California,2,12
The South Asian Bar Association of Northern California,South Asian Bar Association of Northern California,2,12
the California Association of Health Plans (CAHP),California Association of Health Plans (CAHP),2,12
The Acton Town Council,Acton Town Council,1,13
The California Association for,California Association for,1,13
The California Association of School,California Association of School,1,13
"The California Chapter, American College of","California Chapter, American College of",1,13
The California Chiropractic Association (CCA),California Chiropractic Association (CCA),1,13
The California State Association of Electrical Workers,California State Association Of Electrical Workers,1,13
The California State Conference of the National Association,California State Conference of the National Association,1,13
The California Taxpayer Association,California Taxpayer Association,1,13
The Center for Autism and Related Disorders (CARD),Center for Autism and Related Disorders (CARD),1,13
The Collins Pine Company,Collins Pine Company,1,13
The County Of Santa Clara,County Of Santa Clara,1,13
The Disability Resource Agency for Independent Living,Disability Resource Agency for Independent Living,1,13
The Huntington's Disease Society of America,Huntington's Disease Society of America,1,13
The Los Angeles Times,Los Angeles Times,1,13
The Lubrizol Corporation,Lubrizol Corporation,1,13
The Mendocino Food and Nutrition Program,Mendocino Food and Nutrition Program,1,13
The National Audubon Society - California,National Audubon Society - California,1,13
The Native American Heritage Commission,Native American Heritage Commission,1,13
The Office of the San Diego District Attorney,Office of the San Diego District Attorney,1,13
The Outdoor Sportsmen's Coalition of,Outdoor Sportsmen's Coalition of,1,13
The Pomona Police Department,Pomona Police Department,1,13
The Regional Council of,Regional Council of,1,13
The San Diego Hospice,San Diego Hospice,1,13
The State Athletic Commission,State Athletic Commission,1,13
The Story of Stuff,Story of Stuff,1,13
The Thousand Oaks-Westlake Village Regional Chamber of Commerce,Thousand Oaks-Westlake Village Regional Chamber of Commerce,1,13
The United Food & Commercial Workers Union,United Food & Commercial Workers Union,1,13
the County of Santa Clara,County Of Santa Clara,1,13
the Inland Empire,Inland Empire,1,13
The Anaheim Workforce Development Board,Anaheim Workforce Development Board,12,1
The Collective Healing and Transformation Project,Collective Healing and Transformation Project,12,1
The Outdoor Sportsmen's Coalition of California,Outdoor Sportsmen's Coalition Of California,12,1
The Salt and Light Council,Salt and Light Council,12,1
The Salvador E. Alvarez Institute for Non-Violence,Salvador E. Alvarez Institute for Non-Violence,12,1
The Scottish Terrier Club of California,Scottish Terrier Club of California,12,1
The Apex Group,APEX Group,11,2
The Burlington Northern and Santa Fe Railway Company,Burlington Northern and Santa Fe Railway Company,11,2
The Foundation For Taxpayer and Consumer Rights,Foundation for Taxpayer And Consumer Rights,11,2
The Glide Foundation,GLIDE Foundation,11,2
The Justice & Reconciliation Project,Justice & Reconciliation Project,11,2
The National Center for Youth Law,National Center for Youth law,11,2
The Alliance Supporting People with Intellectual and Developmental,Alliance Supporting People with Intellectual and Developmental,9,4
The Alliance for Solar Choice,Alliance for Solar Choice,9,4
The Gas Company,Gas Company,9,4
The Newport Conservancy,Newport Conservancy,8,5
The Story Of Stuff Project,Story of Stuff Project,8,5
The Center for Food Safety,Center For Food Safety,7,6
The German Shepherd Rescue of Orange County,German Shepherd Rescue of Orange County,7,6
The Midnight Mission,Midnight Mission,7,6
The Fund For Animals,Fund For Animals,6,7
The Teamsters Union,Teamsters Union,6,7
The Council for a Green Environment,Council for a Green Environment,4,9
The Greater Los Angeles African-American Chamber of Commerce,Greater Los Angeles African-American Chamber of Commerce,4,9
The California Conference of Local Health,California Conference of Local Health,3,10
The California Municipal Revenue & Tax Association,California Municipal Revenue & Tax Association,3,10
The Contra Costa Times,Contra Costa Times,3,10
The Golden Gate Shih Tzu Fanciers,Golden Gate Shih Tzu Fanciers,3,10
the Valley Industry and Commerce Association,Valley Industry And Commerce Association,3,10
The Brady Company,Brady Company,2,11
The Calexico New River Committee,Calexico New River Committee,2,11
"The California State Bar, Family Law Section","California State Bar, Family Law Section",2,11
The Catherine Fund,Catherine Fund,2,11
The Desert Protective Council,Desert Protective Council,2,11
The North County LGBTQ Resource Center,North County LGBTQ Resource Center,2,11
The Society for Cardiovascular Angiography and Interventions,Society for Cardiovascular Angiography and Interventions,2,11
The South Bay,South Bay,2,11
The Strategic Alliance,Strategic Alliance,2,11
the Humboldt Humane,Humboldt Humane,2,11
the Los Angeles County Public Defender's Office,Los Angeles County Public Defender's Office,2,11
"The American Congress of Obstetricians and Gynecologists, District IX, California","American Congress of Obstetricians and Gynecologists, District IX, California",1,12
"The American Federal of State, County and Municipal Employees","American Federal of State, County and Municipal Employees",1,12
"The Associated Builders and Contractors, Inc","Associated Builders and Contractors, Inc",1,12
The California Academy of Family Physicians (CAFP),California Academy of Family Physicians (CAFP),1,12
The California Chapter of the National Organization for the Reform of Marijuana Laws,California Chapter of the National Organization for the Reform of Marijuana Laws,1,12
The California Coin and Bullion Merchants Association,California Coin and Bullion Merchants Association,1,12
The California Judges Association (CJA),California Judges Association (CJA),1,12
The California League of Conservation,California League of Conservation,1,12
The Coalition of California Insurance Professionals (CCIP),Coalition of California Insurance Professionals (CCIP),1,12
"The Estate Planning, Trust and Probate Law Section of the State","Estate Planning, Trust and Probate Law Section of the State",1,12
The Five Branches University,Five Branches University,1,12
The Great Valley Center,Great Valley Center,1,12
The Human,Human,1,12
The Humboldt Food Policy Council,Humboldt Food Policy Council,1,12
The Information Technology Association of America (ITAA),Information Technology Association of America (ITAA),1,12
The Institute For College Access & Success,Institute for College Access & Success,1,12
The Kinship Center,Kinship Center,1,12
The Lambda,Lambda,1,12
The Little,Little,1,12
The Lutheran Office of Public,Lutheran Office of Public,1,12
The Lyme Disease Resource Center,Lyme Disease Resource Center,1,12
The Mexican-American Political Association,Mexican-American Political Association,1,12
The National Coalition Against Gambling Expansion,National Coalition Against Gambling Expansion,1,12
The Office of Homeland Security,Office of Homeland Security,1,12
The School for Integrated Academics and Technologies (SIATech),School for Integrated Academics and Technologies (SIATech),1,12
The Spectrum Institute,Spectrum Institute,1,12
The State Bar Business Law Section,State Bar Business Law Section,1,12
The United Way of San Diego County,United Way of San Diego County,1,12
the American College of Obstetricians,American College of Obstetricians,1,12
the Mexican American Legal Defense and Education,Mexican American Legal Defense and Education,1,12
The ALS Association,Als Association,11,1
The Children's Network of Solano County,Children's Network Of Solano County,11,1
The Farmers Guild,Farmers Guild,11,1
The Inkwell Theater,Inkwell Theater,11,1
The Learning Choice Academy,Learning Choice Academy,11,1
The International Bengal Cat Society,International Bengal Cat Society,10,2
The Justice & Diversity Center,Justice & Diversity Center,9,3
The Ark Trust,Ark Trust,8,4
The Greenlining Coalition,Greenlining Coalition,8,4
"The Permanente Medical Group, Inc","Permanente Medical Group, Inc",8,4
The Wonderful Company,Wonderful Company,8,4
The Authors Guild,Authors Guild,7,5
The Episcopal Home Communities,Episcopal Home Communities,7,5
The First Unitarian Universalist Society of San Francisco,First Unitarian Universalist Society of San Francisco,7,5
The LINKUP,LINKUP,7,5
The Five Gyres Institute,Five Gyres Institute,6,6
"The George G. Glenner Alzheimer's Family Centers, Inc","George G. Glenner Alzheimer's Family Centers, Inc",6,6
The McIntyre Company,McIntyre Company,6,6
The Foundation for Taxpayers and Consumer Rights,Foundation for Taxpayers and Consumer Rights,5,7
The Foundation on Economic Trends,Foundation on Economic Trends,5,7
The Archdiocese of San Francisco,Archdiocese of San Francisco,4,8
The Association of California School Administrators,Association Of California School Administrators,4,8
The Carpet and Rug Institute,Carpet and Rug Institute,4,8
The Environmental Priorities Network,Environmental Priorities Network,4,8
The Good Sam Club,Good Sam Club,4,8
The Governor's Office of the Secretary of Education,Governor's Office of the Secretary of Education,4,8
The Public Interest Law Project (Co-Sponsor),Public Interest Law Project (Co-Sponsor),4,8
The Sweetleaf Collective,Sweetleaf Collective,4,8
The Valley Trauma Center,Valley Trauma Center,4,8
The 100% Campaign: Health Insurance for Every California Child,100% Campaign: Health Insurance for Every California Child,3,9
"The AIDS Project, Los Angeles","Aids Project, Los Angeles",3,9
The American Quarter Horse Association,American Quarter Horse Association,3,9
The California Attorney Generalos Office,California Attorney Generalos Office,3,9
The California League of Independent Notaries,California League of Independent Notaries,3,9
"The California Right to Life Committee, Inc","California Right to Life Committee, INC",3,9
The California State Association of Public,California State Association of Public,3,9
"The State Bar, Business Law Section","State Bar, Business Law Section",3,9
the American Fence Contractors' Association,American Fence Contractors' Association,3,9
The American College of Obstetricians and Gynecologists (ACOG),American College of Obstetricians and Gynecologists (ACOG),2,10
"The American Shooting Sports Council, Inc","American Shooting Sports Council, Inc",2,10
The California Academy of Family,California Academy of Family,2,10
The California Chapter of the American,California Chapter of the American,2,10
The California LGBTQ Health and Human Services Network,California Lgbtq Health and Human Services Network,2,10
The Camino Real Siberian Husky Club,Camino Real Siberian Husky Club,2,10
The Child Abuse Prevention,Child Abuse Prevention,2,10
"The Public Interest Law Project, Oakland","Public Interest Law Project, Oakland",2,10
The United Way of Silicon Valley,United Way of Silicon Valley,2,10
The W. Hayward Burns Institute,W. Hayward Burns Institute,2,10
The Academy of California Adoption Professionals,Academy of California Adoption Professionals,1,11
The Accredited Out-of-State Colleges and Universities in,Accredited Out-of-State Colleges and Universities in,1,11
The American Lung Association in California,American Lung Association In California,1,11
The Animal Shelter Assistance Program,Animal Shelter Assistance Program,1,11
The Associated General,Associated General,1,11
The CSU-Emeritus and Retired Faculty Association,CSU-Emeritus and Retired Faculty Association,1,11
The California Hospital,California Hospital,1,11
The California Independent Oil Marketers Association (CIOMA),California Independent Oil Marketers Association (CIOMA),1,11
The California Infill Federation,California Infill Federation,1,11
The Council on American-Islamic Relations California,Council on American-Islamic Relations California,1,11
The Davis Administration,Davis Administration,1,11
The Debt Collective,Debt Collective,1,11
The Endangered Species Coalition,Endangered Species Coalition,1,11
The Labor Coalition,Labor Coalition,1,11
The Legal Aid Society- Employment Law Center,Legal Aid Society- Employment Law Center,1,11
The Mary Magdalene Project,Mary Magdalene Project,1,11
The Metropolitan,Metropolitan,1,11
The National Consumer Voice for Quality Long-Term Care,National Consumer Voice for Quality Long-Term Care,1,11
The People's Advocate,People's Advocate,1,11
The Scottish Deerhound Club of America,Scottish Deerhound Club of America,1,11
The Tenderloin AIDS Resource Center,Tenderloin AIDS Resource Center,1,11
The Western Mobilehome Parkowners Association (WMA),Western Mobilehome Parkowners Association (WMA),1,11
the Associated Students of UC Davis,Associated Students of UC Davis,1,11
the Bartz-Altadonna Community Health Centers,Bartz-Altadonna Community Health Centers,1,11
the Debt Collective,Debt Collective,1,11
the Salvation Army,Salvation Army,1,11
the Sycuan Band of The Kumeyaay Nation,Sycuan Band of The Kumeyaay Nation,1,11
The American Council for Evangelicals,American Council for Evangelicals,10,1
"The American Federation of State, County and Municipal Employees, AFL-CIO","AMERICAN FEDERATION OF STATE, COUNTY AND MUNICIPAL EMPLOYEES, AFL-CIO",10,1
"The American Shih Tzu Club, Inc","American Shih Tzu Club, Inc",10,1
The Border Terrier Club of the Redwoods,Border Terrier Club of the Redwoods,10,1
The Elizabeth Hospice,Elizabeth Hospice,10,1
The Greater Sacramento Smoke and Tobacco Free Coalition,Greater Sacramento Smoke and Tobacco Free Coalition,10,1
The Law Offices of Dale S. Wilson,Law Offices of Dale S. Wilson,10,1
The Maven Collaborative,Maven Collaborative,10,1
The Open Fist Theatre Company,Open Fist Theatre Company,10,1
The California Alliance for Student Parent Success,California Alliance for Student Parent Success,9,2
The Church of Jesus Christ of Latter-Day Saints,Church of Jesus Christ of Latter-day Saints,9,2
The Corky McMillin Companies,Corky McMillin Companies,9,2
The Glendale City Employees Association,Glendale city Employees Association,9,2
The Health Officers Association of California,Health Officers Association Of California,9,2
The Hood Incubator,Hood Incubator,9,2
The LGBT Asylum Project,LGBT Asylum Project,9,2
The Rural Caucus of the California Democratic Party,Rural Caucus of the California Democratic Party,9,2
The Urban Wildlands Group,Urban Wildlands Group,9,2
The Advocacy Group,Advocacy Group,8,3
The San Diego Foundation,San Diego Foundation,8,3
The Dial Corporation,Dial Corporation,7,4
The Emerald Exchange,Emerald Exchange,7,4
The Kern Audubon Society,Kern Audubon Society,7,4
The Achievable Foundation,Achievable Foundation,6,5
The Black AIDS Institute,Black Aids Institute,6,5
The Joint Custody Association,Joint Custody Association,6,5
the Grow the Richmond,Grow The Richmond,6,5
The Amanda Foundation,Amanda Foundation,5,6
The Global March for Elephants and Rhinos,Global March for Elephants and Rhinos,5,6
The Habematolel Pomo of Upper Lake,Habematolel Pomo Of Upper Lake,5,6
The Harriet Buhai Center for Family Law,Harriet Buhai Center for Family Law,5,6
The Latino Coalition,Latino Coalition,5,6
The Rock Found,Rock Found,5,6
The SPCA of Monterey County,SPCA of Monterey County,5,6
The Wilson Administration,Wilson Administration,5,6
The Community Church,Community Church,4,7
The Financial Counseling Association of America,Financial Counseling Association of America,4,7
"The League of Humane Voters, California Chapter","League of Humane Voters, California Chapter",4,7
The Marshal's Association of California,Marshal's Association of California,4,7
The Rightway Foundation,RightWay Foundation,4,7
The United Methodist Church,United Methodist Church,4,7
"The William S. Graham Foundation for Melanoma Research, Inc","William S. Graham Foundation for Melanoma Research, Inc",4,7
The AVID Center,Avid Center,3,8
The BF Goodrich Company,BF Goodrich Company,3,8
The California Coalition of Accredited Career Schools,California Coalition of Accredited Career Schools,3,8
The Chief Executive Officers of the California Community,Chief Executive Officers of the California Community,3,8
The City of Sacramento,City Of Sacramento,3,8
"The Climate Reality Project, San Diego","Climate Reality Project, San Diego",3,8
The Covello Group,Covello Group,3,8
The Girl Scouts,Girl Scouts,3,8
The International Corporate Accountability Roundtable,International Corporate Accountability Roundtable,3,8
The National Anti-Vivisection Society,National Anti-Vivisection Society,3,8
The National Hockey League,National Hockey League,3,8
The Salvadoran-American Leadership and Educational Fund,Salvadoran-American Leadership and Educational Fund,3,8
The San Elijo Lagoon Conservancy,San Elijo Lagoon Conservancy,3,8
"The AIDs Project, Los Angeles","Aids Project, Los Angeles",2,9
The Association of Woodworking and Furnishing Suppliers,Association of Woodworking and Furnishing Suppliers,2,9
The Attorney General's,Attorney General's,2,9
The Bay,Bay,2,9
The California Optometric Association (COA),California Optometric Association (COA),2,9
The High-Tech Trust Coalition,High-Tech Trust Coalition,2,9
The National Association of Theatre Owners,National Association of Theatre Owners,2,9
The New 49'ers,New 49'ers,2,9
The Procter & Gamble Company,Procter & Gamble Company,2,9
The Vinyl Institute,Vinyl Institute,2,9
the Alameda County Superior Court,Alameda County Superior Court,2,9
"The American College of Obstetricians and Gynecologists, District IX California","American College of Obstetricians and Gynecologists, District IX California",1,10
"The Bureau of Missing Heirs, Inc","Bureau of Missing Heirs, Inc",1,10
The California Association for the Education of Young,California Association for the Education of Young,1,10
The California Association of Clerks and Elections,California Association of Clerks and Elections,1,10
The California Public Utilities,California Public Utilities,1,10
The City of Angels Pomeranian Club,City of Angels Pomeranian Club,1,10
The Coastodian,Coastodian,1,10
The Cooperative Restraining Order Clinic,Cooperative Restraining Order Clinic,1,10
The County Alcohol & Drug Program Administrators Association of California,County Alcohol & Drug Program Administrators Association of California,1,10
The Emergency Food Bank Stockton/San Joaquin,Emergency Food Bank Stockton/San Joaquin,1,10
"The Federation of California Racing Associations, Inc","Federation of California Racing Associations, Inc",1,10
The Internet,Internet,1,10
The Internet Archive,Internet Archive,1,10
The Latino Council,Latino Council,1,10
The Liberty Coalition,Liberty Coalition,1,10
The Los Angeles Municipal Court,Los Angeles Municipal Court,1,10
The Los Angeles Probation Department Union,Los Angeles Probation Department Union,1,10
The Mission,Mission,1,10
The Monterey Bay Psychological Association,Monterey Bay Psychological Association,1,10
The National Board for Professional Teaching Standards,National Board for Professional Teaching Standards,1,10
The San Diego Hunger Advocacy Network,San Diego Hunger Advocacy Network,1,10
The Southern California Whippet Association,Southern California Whippet Association,1,10
The Utility,Utility,1,10
The Weingart East Los Angeles YMCA,Weingart East Los Angeles YMCA,1,10
The Women's Health Collaborative,Women's Health Collaborative,1,10
The Z-Best Products,Z-Best Products,1,10
the Bizfed - Los Angeles County,BizFed - Los Angeles County,1,10
the California Community College Board of Governors,California Community College Board of Governors,1,10
"the Center for Race, Poverty, and The Environment","Center for Race, Poverty, and The Environment",1,10
"the Los Angeles County Deputy Probation Officers Union, AFSCME, Local 685","Los Angeles County Deputy Probation Officers Union, AFSCME, Local 685",1,10
the Orange County Community Foundation,Orange County Community Foundation,1,10
the Trial Courts,Trial Courts,1,10
the W. Hayward Burns Institute,W. Hayward Burns Institute,1,10
The Money Services Round Table,Money Services Round Table,9,1
The New American Theatre,New American Theatre,9,1
The Reverence Project,Reverence Project,9,1
"The Village Project, Inc","Village Project, Inc",9,1
"the Center on Race, Poverty & the Environment","Center On Race, Poverty & the Environment",9,1
The California Chapter of the American College of Emergency Physicians,California Chapter of the American College Of Emergency Physicians,8,2
The Institute for Advanced Study of Human Sexuality,Institute for Advanced Study of Human Sexuality,8,2
The Surfrider Foundation,SurfRider Foundation,8,2
The Union of American Physicians and Dentists,Union Of American Physicians and Dentists,8,2
The National Guard Association of California,National Guard Association Of California,7,3
The West Contra Costa Alcohol Policy Coalition,West Contra Costa Alcohol Policy Coalition,7,3
The Williams Institute,Williams Institute,7,3
the bill,Bill,7,3
The Center for Voting and Democracy,Center for Voting and Democracy,6,4
"The Junior League of San Francisco, Inc","Junior League of San Francisco, Inc",6,4
The Place4Grace,Place4grace,6,4
"The Wilson Group, LLC","Wilson Group, LLC",6,4
The California Conference Board of the Amalgamated Transit Union,California Conference Board Of The Amalgamated Transit Union,5,5
The Foundation for a Smokefree America,Foundation for a Smokefree America,5,5
The Safety Institute,Safety Institute,5,5
The Surplus Lines Association of California,Surplus Lines Association of California,5,5
the San Francisco Bay Area,San Francisco Bay Area,5,5
The Achievement Council,Achievement Council,4,6
"The American College of Obstetricians and Gynecologists, District","American College of Obstetricians and Gynecologists, District",4,6
"The Coalition of Labor, Agriculture and Business","Coalition of Labor, Agriculture and Business",4,6
"The Honorable Dianne Feinstein, United States Senator","Honorable Dianne Feinstein, United States Senator",4,6
The Human Services Network,Human Services Network,4,6
The Young Women's Freedom Center (Co-Sponsor),Young Women's Freedom Center (Co-Sponsor),4,6
the National Association of Counsel for Children,National Association of Counsel for Children,4,6
"The American College of Emergency Physicians, California State","American College of Emergency Physicians, California State",3,7
The California State Council of SHRM,California State Council Of SHRM,3,7
The Coalition of Welfare Rights Organizations,Coalition of Welfare Rights Organizations,3,7
The Nicole Brown Simpson Charitable Foundation,Nicole Brown Simpson Charitable Foundation,3,7
The Southern California Chinese Lawyers Association,Southern California Chinese Lawyers Association,3,7
The Women's Center - Youth & Family Services,Women's Center - Youth & Family Services,3,7
The Yolo Land Trust,Yolo Land Trust,3,7
the Campaign for California Families,Campaign For California Families,3,7
"the United Food and Commercial Workers, Western States Council","United Food And Commercial Workers, Western States Council",3,7
The Brown Boi Project,Brown Boi Project,2,8
The California Family,California Family,2,8
"The Center For Oceanic Awareness, Research, And Education","Center For Oceanic Awareness, Research, And Education",2,8
The Center for HIV Law and Policy,Center for HIV Law and Policy,2,8
The Center of Policy Initiatives,Center of Policy Initiatives,2,8
The Child Abuse Prevention Center (CAP Center),Child Abuse Prevention Center (CAP Center),2,8
The Coalition of California Utility Employees (CUE),Coalition of California Utility Employees (CUE),2,8
The Community Coalition on High Speed Rail,Community Coalition on High Speed Rail,2,8
The Dr. Susan Love Research Foundation,Dr. Susan Love Research Foundation,2,8
The Equal,Equal,2,8
The Fly Fishers of Davis,Fly Fishers of Davis,2,8
The Foundation for Osteoporosis Research and Education,Foundation for Osteoporosis Research and Education,2,8
The Health Consumer Alliance,Health Consumer Alliance,2,8
The Lgbtq Center Long Beach,LGBTQ Center Long Beach,2,8
The National Association of Insurance and Financial,National Association of Insurance and Financial,2,8
The Schwarzenegger Administration,Schwarzenegger Administration,2,8
The Ultimutt Pet Spa in Ojai,Ultimutt Pet Spa in Ojai,2,8
the Children's Fund,Children's Fund,2,8
The American Association of Retired,American Association of Retired,1,9
The American Institute of Architects - California Council,American Institute of Architects - California Council,1,9
The Archaeological Conservancy,Archaeological Conservancy,1,9
The Association of Certified Family Law Specialists (ACFLS),Association of Certified Family Law Specialists (ACFLS),1,9
The California Association of Professional Liability,California Association of Professional Liability,1,9
"The California Association of the Deaf, Inc","California Association of the Deaf, Inc",1,9
The California Mental Health,California Mental Health,1,9
The Center on Reproductive Rights and Justice,Center on Reproductive Rights and Justice,1,9
The City of La Mirada,City of LA Mirada,1,9
The Food Bank of Contra Costa and Solano County,Food Bank of Contra Costa and Solano County,1,9
The Greater Huntington Park Area Chamber of Commerce,Greater Huntington Park Area Chamber of Commerce,1,9
The Health Officers Association of California (HOAC),Health Officers Association of California (HOAC),1,9
"The Honorable John Chiang, California State Controller","Honorable John Chiang, California State Controller",1,9
The Japanese Chamber of Commerce,Japanese Chamber of Commerce,1,9
The Kevin Collins Foundation for Missing Children,Kevin Collins Foundation for Missing Children,1,9
The Orange County Civic Engagement Table,Orange County Civic Engagement Table,1,9
The Pacific Association of Domestic Insurance Companies (PADIC),Pacific Association of Domestic Insurance Companies (PADIC),1,9
The Pasadena Humane Society,Pasadena Humane Society,1,9
The Rescue House,Rescue House,1,9
The Santa Cruz County Breastfeeding Coalition,Santa Cruz County Breastfeeding Coalition,1,9
The Sperantia Foundation,Sperantia Foundation,1,9
The Western Center on Law & Poverty,Western Center On Law & Poverty,1,9
the Archaeological Conservancy,Archaeological Conservancy,1,9
the Bay,Bay,1,9
the Economy,Economy,1,9
the Lake Tahoe Wildlife Care,Lake Tahoe Wildlife Care,1,9
the Long Beach Community College Distict,Long Beach Community College Distict,1,9
the Medical Board,Medical Board,1,9
the The Pew Charitable Trusts,The Pew Charitable Trusts,1,9
The American Academy of Pediatrics,American Academy Of Pediatrics,8,1
The Balloon Council,Balloon Council,8,1
"The California Labor Federation, AFL-CIO","CALIFORNIA LABOR FEDERATION, AFL-CIO",8,1
The California Manufacturers and Technology Association,CALIFORNIA MANUFACTURERS AND TECHNOLOGY ASSOCIATION,8,1
The California Women's Law Center,California Women's law Center,8,1
The Children's Advocacy Institute,CHILDREN'S ADVOCACY INSTITUTE,8,1
The East Cut Community Benefit District,East Cut Community Benefit District,8,1
The Fountain Theatre,Fountain Theatre,8,1
The Fund for,Fund for,8,1
The Lighthouse Group,Lighthouse Group,8,1
The National Federation of Independent Business,NATIONAL FEDERATION OF INDEPENDENT BUSINESS,8,1
The North Coast Stream Flow Coalition,North Coast Stream Flow Coalition,8,1
The Riley Center,Riley Center,8,1
The Western States Council of Sheet Metal Workers,Western States Council OF Sheet Metal Workers,8,1
The Williams Companies,Williams Companies,8,1
The ARC,arc,7,2
The American Council,American Council,7,2
The California State Pipe Trades Council,California State pipe Trades Council,7,2
"The Children's Clinic, Serving Children & Their Families","Children's Clinic, Serving Children & Their Families",7,2
"The Children's Collective, Inc","Children's Collective, Inc",7,2
The Coalition of California Welfare Rights Organizations,Coalition Of California Welfare Rights Organizations,7,2
The Life Settlement Institute,Life Settlement Institute,7,2
The Small Business Connection,Small Business Connection,7,2
The Arc of Riverside County,Arc of Riverside County,6,3
The Farm Mutual Water Company,Farm Mutual Water Company,6,3
The Oakland Institute,Oakland Institute,6,3
The Youth Law Center,Youth law Center,6,3
the Warner Bros. Discovery,Warner Bros. Discovery,6,3
The Art of Yoga Project,Art of Yoga Project,5,4
The California Wind Energy Association (CALWEA),California Wind Energy Association (CalWEA),5,4
The Capitol Corridor,Capitol Corridor,5,4
The Center for Ai and Digital Policy,Center for Ai and Digital Policy,5,4
The Child and Family Guidance Center,Child and Family Guidance Center,5,4
"The Covello Group, Inc","Covello Group, Inc",5,4
The Foundation for Early Childhood Education,Foundation for Early Childhood Education,5,4
The Home Inspectors,Home Inspectors,5,4
The Mechanics Bank,Mechanics Bank,5,4
The PAW Project,PAW Project,5,4
The San Diego Supercomputer Center,San Diego Supercomputer Center,5,4
The State Building and Construction Trades Council,State Building And Construction Trades Council,5,4
"the Directors Guild of America, Inc","Directors Guild of America, INC",5,4
The American Constitution Society Chapter for Santa Clara University School of Law,American Constitution Society Chapter for Santa Clara University School of Law,4,5
The California Commission on Aging,California Commission On Aging,4,5
The California Farm Bureau Federation,California farm Bureau Federation,4,5
The Children's Network,Children's Network,4,5
The City of West Hollywood,City Of West Hollywood,4,5
The Neighborhood House Association,Neighborhood House Association,4,5
The Privacy Rights Clearinghouse (PRC),Privacy Rights Clearinghouse (PRC),4,5
The San Diego Military Advisory Committee,San Diego Military Advisory Committee,4,5
The Sierra Club - Angeles Chapter,Sierra Club - Angeles Chapter,4,5
The Silver Fox,Silver Fox,4,5
The Valley Village Homeowners Association,Valley Village Homeowners Association,4,5
"The Water and Power Associates, Inc","Water and Power Associates, Inc",4,5
The Black Voice News,Black Voice News,3,6
The California League of United Latin American Citizens,California League Of United Latin American Citizens,3,6
The Democracy Collaborative,Democracy Collaborative,3,6
The Greater Oxnard Organization of Democrats,Greater Oxnard Organization of Democrats,3,6
The Latino and Latina Roundtable of the San Gabriel and Pomona Valley,Latino and Latina Roundtable of The San Gabriel and Pomona Valley,3,6
The National Economic Development & Law Center,National Economic Development & Law Center,3,6
The Pasadena Humane Society and SPCA,Pasadena Humane Society and SPCA,3,6
The Bear League,BEAR League,2,7
The California Alliance for Public Safety Communications,California Alliance for Public Safety Communications,2,7
The California Department of Fish and Wildlife,California Department of Fish and Wildlife,2,7
The California Psychological,California Psychological,2,7
The Cronos Group,Cronos Group,2,7
The Fair Lending Alliance,Fair Lending Alliance,2,7
The Foundation for Allied Dental Education,Foundation for Allied Dental Education,2,7
The Franchise of Americans Needing Sports,Franchise of Americans Needing Sports,2,7
The Golden 1 Credit Union,Golden 1 Credit Union,2,7
The Grandparent Autism Network,Grandparent Autism Network,2,7
The Klaas Foundation for Children,Klaas Foundation for Children,2,7
The National Center for Law and Policy,National Center for Law and Policy,2,7
The Oceans Conservancy,Oceans Conservancy,2,7
The Office of Governor Gray Davis,Office of Governor Gray Davis,2,7
The Parsons Corporation,Parsons Corporation,2,7
The Pro-Family Law Center,Pro-Family Law Center,2,7
The RightWay Foundation,RightWay Foundation,2,7
The Woodstock Institute,Woodstock Institute,2,7
the U.S,U.S,2,7
The American College of Obstetricians and Gynecologist,American College of Obstetricians and Gynecologist,1,8
The American Fox Terrier Club,American Fox Terrier Club,1,8
The American Occupational Therapy Association,American Occupational Therapy Association,1,8
The Association of Municipal Court Clerks of California,Association of Municipal Court Clerks of California,1,8
The Bakersfield ARC,Bakersfield ARC,1,8
The Black Property Owners Association,Black Property Owners Association,1,8
The California Association of Medical Laboratory Technology,California Association of Medical Laboratory Technology,1,8
The California Coalition for Youth,California Coalition For Youth,1,8
The California Conference Board of Amalgamated,California Conference Board of Amalgamated,1,8
The California County Superintendents Educational,California County Superintendents Educational,1,8
The California Judgment Preservation Alliance,California Judgment Preservation Alliance,1,8
The California Psychiatric Association (CPA),California Psychiatric Association (CPA),1,8
The California State Board of Guide Dogs for the Blind,California State Board of Guide Dogs for the Blind,1,8
The California State Horseman's Association,California State Horseman's Association,1,8
"The Center For Oceanic Awareness, Research, and Education","Center For Oceanic Awareness, Research, And Education",1,8
The Coalition For Renewable Natural Gas,Coalition For Renewable Natural Gas,1,8
The Community Associations Institute (CAI),Community Associations Institute (CAI),1,8
The English Setter Club of New England,English Setter Club of New England,1,8
The Farmworker Institute for Education and Leadership,Farmworker Institute for Education and Leadership,1,8
"The Federation of Hillside and Canyon Associations, INC","Federation of Hillside and Canyon Associations, Inc",1,8
The Financial Planning Association,Financial Planning Association,1,8
The Golden Retriever Club of America,Golden Retriever Club of America,1,8
The Guardian Life Insurance Company of America,Guardian Life Insurance Company of America,1,8
The League of Women Voters of Sonoma County,League of Women Voters of Sonoma County,1,8
The Los Angeles Police Protective League (Co-Sponsor),Los Angeles Police Protective League (Co-Sponsor),1,8
The Los Angeles Unified School,Los Angeles Unified School,1,8
The Mar Vista Community Council,Mar Vista Community Council,1,8
The Motion Picture Association of,Motion Picture Association of,1,8
The Renfrew Center for Eating Disorders,Renfrew Center for Eating Disorders,1,8
The San Diego East County Economic Development Council,San Diego East County Economic Development Council,1,8
"The San Diego, Southern California, and Central California Chapters of Associated Builders and Contractors","San Diego, Southern California, and Central California Chapters of Associated Builders and Contractors",1,8
The San Fernando Valley Interfaith Council,San Fernando Valley Interfaith Council,1,8
The Services Employees International Union (SEIU),Services Employees International Union (SEIU),1,8
The Sickle Cell Disease Foundation of California,Sickle Cell Disease Foundation of California,1,8
The Snack Food Association,Snack Food Association,1,8
The South Orange County Democratic Club,South Orange County Democratic Club,1,8
The Sportfishing Conservancy of California,Sportfishing Conservancy of California,1,8
The State Council on Developmental Disabilities (Co-Sponsor),State Council on Developmental Disabilities (Co-Sponsor),1,8
The Urban Counties of California,Urban Counties Of California,1,8
The Vanished Children's Alliance,Vanished Children's Alliance,1,8
The Venice Cookie Co,Venice Cookie Co,1,8
the Association of California School Administrators,Association Of California School Administrators,1,8
the California Conference Board of Amalgamated,California Conference Board of Amalgamated,1,8
the California Psychiatric Association (CPA),California Psychiatric Association (CPA),1,8
the Culturally Responsive Domestic Violence Network,Culturally Responsive Domestic Violence Network,1,8
the Los Angeles Unified School,Los Angeles Unified School,1,8
the Ocean Science Trust,Ocean Science Trust,1,8
The Alliance for Boys and Men of Color,Alliance for Boys and men of Color,7,1
The Automobile Club of Southern California,Automobile Club Of Southern California,7,1
The California Water Association,CALIFORNIA WATER ASSOCIATION,7,1
The Center on Juvenile and Criminal Justice,Center on Juvenile And Criminal Justice,7,1
The Climate Registry,Climate Registry,7,1
The Consumer Federation of California,CONSUMER FEDERATION OF CALIFORNIA,7,1
The Flannery Group,Flannery Group,7,1
The Giving Keys,Giving Keys,7,1
"The Honorable Betty T. Yee, California State Controller","Honorable Betty T. Yee, California State Controller",7,1
The LGBTQ Community Center of the Desert,LGBTQ Community Center of the Desert,7,1
The Latina Center,Latina Center,7,1
The Los Angeles Alliance for a New Economy,Los Angeles Alliance for a new Economy,7,1
The Paparazzi Reform Initiative,PAPARAZZI Reform Initiative,7,1
The Restaurant Opportunity Center of the Bay,Restaurant Opportunity Center of the Bay,7,1
The University of Southern California,University Of Southern California,7,1
the Women's Foundation of California,Women's Foundation Of California,7,1
The Area Agency on Aging Council of California,Area Agency on Aging Council of California,6,2
"The California Sportsmanos Lobby, Inc","California Sportsmanos Lobby, Inc",6,2
The Children's Advocacy Center for Child Abuse Assessment and Treatment,Children's Advocacy Center for Child Abuse Assessment and Treatment,6,2
The Emerald Cup,Emerald Cup,6,2
The Heart Matters Foster Family Agency,Heart Matters Foster Family Agency,6,2
"The Industrial Bank of Japan, Ltd","Industrial Bank of Japan, Ltd",6,2
The Rescue Train,Rescue Train,6,2
The Riley Center of St. Vincent De Paul Society,Riley Center of St. Vincent De Paul Society,6,2
The Brady Campaign to Prevent Gun Violence,BRADY Campaign to Prevent Gun Violence,5,3
The Cannabis Chamber of Commerce,Cannabis Chamber of Commerce,5,3
The Conco Companies,Conco Companies,5,3
The Fund For Animals Inc,Fund for Animals Inc,5,3
The Green Lining Institute,Green Lining Institute,5,3
The Grupe Company,Grupe Company,5,3
The Maritime Museum Association of San Diego,Maritime Museum Association of San Diego,5,3
The Port Costa Conservation Society,Port Costa Conservation Society,5,3
"The Sacramento Central Labor Council, AFL-CIO","Sacramento Central Labor Council, Afl-cio",5,3
The State Council on Developmental Disabilities,State Council On Developmental Disabilities,5,3
The Board of Supervisors of,Board of Supervisors of,4,4
The California Assisted Living Facilities,California Assisted Living Facilities,4,4
The Center for Bioethics and Culture,Center for Bioethics and Culture,4,4
The Coalition Against Domestic and Sexual Violence,Coalition Against Domestic and Sexual Violence,4,4
The Coalition for Adequate School Housing,Coalition For Adequate School Housing,4,4
The Ethnic Coalition of Southern California,Ethnic Coalition of Southern California,4,4
The Lake Bowl Cardroom,Lake Bowl Cardroom,4,4
"The Los Angeles County Federation of Labor, AFL-CIO","Los Angeles County Federation of Labor, Afl-cio",4,4
The People's Senate and Leadership Institute,People's Senate and Leadership Institute,4,4
The Players Club,Players Club,4,4
The Rancho Club,Rancho Club,4,4
The Real Facebook Oversight Board,Real Facebook Oversight Board,4,4
The River District Business Association,River District Business Association,4,4
The Surviving Parents Coalition,Surviving Parents Coalition,4,4
The Woolley Group,Woolley Group,4,4
the United States,United States,4,4
The American Plasma Users Coalition,American Plasma Users Coalition,3,5
The Arc South Bay,Arc South Bay,3,5
The Association for California Tort Reform (ACTR),Association for California Tort Reform (ACTR),3,5
The Birth Equity Advocacy Project,Birth Equity Advocacy Project,3,5
The California Association for Medical Laboratory,California Association for Medical Laboratory,3,5
The Cellular Telecommunications and Internet Association,Cellular Telecommunications and Internet Association,3,5
The Coalition to End Family Violence,Coalition to End Family Violence,3,5
The HELP Group,Help Group,3,5
The Jockey Guild,Jockey Guild,3,5
The Long Beach Area Chamber of Commerce,Long Beach Area Chamber Of Commerce,3,5
The Los Angeles Coalition for the Economy & Jobs,Los Angeles Coalition for the Economy & Jobs,3,5
The Media,Media,3,5
The Peterson Family,Peterson Family,3,5
The Soap & Detergent Association,Soap & Detergent Association,3,5
the Center for Progressive Reform,Center for Progressive Reform,3,5
The Alliance for Community Media,Alliance for Community Media,2,6
"The American Federation of Teachers, Local 1931","American Federation of Teachers, Local 1931",2,6
The California Chapter of the American College,California Chapter of the American College,2,6
The California Trucking Association (CTA),California Trucking Association (CTA),2,6
The Cambria Land Trust,Cambria Land Trust,2,6
The Coalition to End Sexual and Domestic Violence,Coalition to End Sexual and Domestic Violence,2,6
The Distance Learning Company,Distance Learning Company,2,6
The Family Winemakers of California,Family Winemakers Of California,2,6
The Humane,Humane,2,6
The Justice & Diversity Center of The Bar Association of San Francisco,Justice & Diversity Center of the Bar Association of San Francisco,2,6
The Los Angeles Alliance for a Drug Free Community,Los Angeles Alliance for a Drug Free Community,2,6
The Mutual,Mutual,2,6
The National Italian American Foundation,National Italian American Foundation,2,6
The Prisoner Hunger Strike Solidarity Coalition,Prisoner Hunger Strike Solidarity Coalition,2,6
The Torrance Area Chamber of Commerce,Torrance Area Chamber Of Commerce,2,6
the Bell's Healdsburg Ambulance Service,Bell's Healdsburg Ambulance Service,2,6
the Centro Del Pueblo,Centro Del Pueblo,2,6
The Acupuncture and Integrated Medicine Specialists,Acupuncture and Integrated Medicine Specialists,1,7
The Amber Foundation,Amber Foundation,1,7
"The American Federation Of State, County, Municipal Employees (AFSCME)","American Federation of State, County, Municipal Employees (AFSCME)",1,7
The CHA,CHA,1,7
The California Association of RV Parks and Campgrounds,California Association of RV Parks and Campgrounds,1,7
The California Chiropractic,California Chiropractic,1,7
The California Council for Adult Education,California Council For Adult Education,1,7
The California Major Risk Medical Insurance Board,California Major Risk Medical Insurance Board,1,7
The Center on Reproductive Rights and Justice at Berkeley Law,Center on Reproductive Rights and Justice At Berkeley Law,1,7
The Council of State Governments,Council of State Governments,1,7
The Department of Information Technology,Department of Information Technology,1,7
The Disease Management Association of America,Disease Management Association of America,1,7
The El Cajon Municipal Court,El Cajon Municipal Court,1,7
The Fathers' Rights and Equality Exchange,Fathers' Rights and Equality Exchange,1,7
The Fish Sniffer,Fish Sniffer,1,7
The National Association of Insurance and Financial Advisors of California (NAIFA-California),National Association of Insurance and Financial Advisors of California (NAIFA-California),1,7
The National Cartoonists Society,National Cartoonists Society,1,7
The Pacific Coast Legacy Emissions Action Network,Pacific Coast Legacy Emissions Action Network,1,7
The Personal Assistance Services Council of Los Angeles County,Personal Assistance Services Council of Los Angeles County,1,7
The Professional Engineers in California Government,Professional Engineers In California Government,1,7
The Sacramento Food Bank and Family Services,Sacramento Food Bank and Family Services,1,7
The San Mateo County Democratic Party,San Mateo County Democratic Party,1,7
The Sheriff of Alameda County,Sheriff of Alameda County,1,7
The Sheriff of Santa Cruz County,Sheriff of Santa Cruz County,1,7
The Sheriff of Shasta County,Sheriff of Shasta County,1,7
The Statewide Taskforce on Accessing Health Services for California Children in Foster Care,Statewide Taskforce on Accessing Health Services for California Children in Foster Care,1,7
"The United Transportation Union, AFL-CIO","United Transportation Union, AFL-CIO",1,7
The University of California Student Association,University Of California Student Association,1,7
the CA Rethink Disposables,CA Rethink Disposables,1,7
the California Statewide Law,California Statewide Law,1,7
the Climate Reality Project,Climate Reality Project,1,7
the Compassion & Choices Action Network,Compassion & Choices Action Network,1,7
the Jewish Federation,Jewish Federation,1,7
the League of Women Voters of California,League of Women Voters Of California,1,7
the National Association of Minority Contractors,National Association of Minority Contractors,1,7
the Peninsula,Peninsula,1,7
the Professional Engineers in California Government,Professional Engineers In California Government,1,7
The Adult Skills Center,Adult Skills Center,6,1
The Association of Settlement Companies,Association of Settlement Companies,6,1
The Atrium,Atrium,6,1
The Avanti Foundation,Avanti Foundation,6,1
The Bail Project,Bail Project,6,1
The Blue Star Moms,Blue star moms,6,1
The California Association of Food Banks,California Association of food Banks,6,1
The California Association of Licensed Investigators,California Association Of Licensed Investigators,6,1
The California Law Revision Commission,California law Revision Commission,6,1
The Center for Environmental Health,CENTER FOR ENVIRONMENTAL HEALTH,6,1
The Children's Center of the Antelope Valley,Children's Center of the Antelope Valley,6,1
The Children's Movement of California,Children's Movement of California,6,1
The Commission on Teacher Credentialing,Commission On Teacher Credentialing,6,1
The Consumer Attorneys of California,CONSUMER ATTORNEYS OF CALIFORNIA,6,1
The Friends of Tierrasanta Canyons,Friends of Tierrasanta Canyons,6,1
The Greater Los Angeles African American Chamber of Commerce,Greater Los Angeles African American Chamber Of Commerce,6,1
The Hollywood Schoolhouse,Hollywood Schoolhouse,6,1
The LGBTQ Community Center of The Desert,LGBTQ Community Center of the Desert,6,1
The Laogai Research Foundation,Laogai Research Foundation,6,1
The Los Angeles Trust For Children's Health,Los Angeles Trust For Children's Health,6,1
The Older Women's League,OLDER WOMEN'S LEAGUE,6,1
The Older Women's League of California,OLDER Women's League of California,6,1
The San Francisco Consortium for Elder Abuse Prevention,San Francisco Consortium for Elder Abuse Prevention,6,1
The Solis Group,Solis Group,6,1
the Association of Regional Center Agencies,Association Of Regional Center Agencies,6,1
The Arc and Cerebral Palsy California Collaboration,Arc and Cerebral Palsy California Collaboration,5,2
The Body Shop,Body Shop,5,2
The Executive Committee of the Trusts and Estates Section of the State Bar,Executive Committee of the Trusts and Estates Section of the State Bar,5,2
The Intersection of Faith and Culture,Intersection of Faith and Culture,5,2
The J. Paul Getty Trust,J. Paul Getty Trust,5,2
The Jed Foundation,JED Foundation,5,2
The Leap Institute,LEAP Institute,5,2
The Life Group LA,Life Group LA,5,2
"The Money Store, Inc","Money Store, Inc",5,2
The Music Center,Music Center,5,2
The Phluid Project,Phluid Project,5,2
The Santa Clara County Board of Supervisors,Santa Clara County Board Of Supervisors,5,2
"The Villa Center, Inc","Villa Center, Inc",5,2
The Willows,Willows,5,2
The ARC of California,Arc Of California,4,3
The Arc of San Diego,Arc of San Diego,4,3
The Baptist Ministers Conference of Los Angeles and Southern California,Baptist Ministers Conference of Los Angeles and Southern California,4,3
The Cahto Tribe of the Laytonville Rancheria,Cahto Tribe of The Laytonville Rancheria,4,3
The California Association for Health Services at Home,California Association for Health Services AT Home,4,3
The California National Organization for Women,California National Organization For Women,4,3
"The California Probation, Parole and Correctional Association","California Probation, Parole And Correctional Association",4,3
The Chamber of Commerce for Greater Brawley,Chamber of Commerce for Greater Brawley,4,3
The Crop Organization,CROP Organization,4,3
The Education Coalition,Education Coalition,4,3
The Joyful Child Foundation,Joyful Child Foundation,4,3
The Kings Fair,Kings Fair,4,3
The Law Foundation of Silicone Valley,Law Foundation of Silicone Valley,4,3
The Lunada Bay Corporation,Lunada Bay Corporation,4,3
The Union Ice Company,Union Ice Company,4,3
"The Urban Wildlands Group, Inc","Urban Wildlands Group, Inc",4,3
The Voice of Citizens Together,Voice of Citizens Together,4,3
The Women's Building of San Francisco,Women's Building of San Francisco,4,3
"The America Federation of State, County and Municipal Employees","America Federation of State, County and Municipal Employees",3,4
The American Brotherhood Aimed Toward Education,American Brotherhood Aimed Toward Education,3,4
The American Society for the Prevention of Cruelty to,American Society for the Prevention of Cruelty to,3,4
The Association of California Water Agencies,Association Of California Water Agencies,3,4
"The Climate Reality Project, Los Angeles","Climate Reality Project, Los Angeles",3,4
The Frostig Center,Frostig Center,3,4
The Lamba Letters Project,Lamba Letters Project,3,4
The Mechanical Contractors of Southern California,Mechanical Contractors of Southern California,3,4
"The National Gay and Lesbian Task Force, Inc","National Gay and Lesbian Task Force, Inc",3,4
The Nela Climate Collective,NELA Climate Collective,3,4
The Office of the City Attorney of Los Angeles,Office of the City Attorney of Los Angeles,3,4
The Peace Officers Research Association of California,Peace Officers Research Association Of California,3,4
The Proctor & Gamble Company,Proctor & Gamble Company,3,4
The Richstone Family Center,Richstone Family Center,3,4
The SIA Legal Team,SIA Legal Team,3,4
The Stop Hidden Taxes Coalition,STOP Hidden Taxes Coalition,3,4
The Tehama Colusa Canal Authority,Tehama Colusa Canal Authority,3,4
The United Coalition for Motor Club Safety,United Coalition for Motor Club Safety,3,4
the Clean Water Action,CLEAN WATER ACTION,3,4
"the Vons Companies, Inc","Vons Companies, Inc",3,4
The American College,American College,2,5
The Armenian American Republican Council,Armenian American Republican Council,2,5
The Black Leadership Kitchen Cabinet,Black Leadership Kitchen Cabinet,2,5
The Bridge Rail Foundation,Bridge Rail Foundation,2,5
The CA State University,CA State University,2,5
The California Sportsman's,California Sportsman's,2,5
The Coalition of Orange County,Coalition of Orange County,2,5
The Cosmetic,Cosmetic,2,5
The District Attorney of San Diego County,District Attorney of San Diego County,2,5
The Executive Committee of the Family Law Section of the State Bar of California,Executive Committee of the Family Law Section of the State Bar of California,2,5
The Glendale Historical Society,Glendale Historical Society,2,5
The Good Seed CDC,Good Seed CDC,2,5
The National Alliance for the Mentally Ill (NAMI),National Alliance for the Mentally Ill (NAMI),2,5
The Port,Port,2,5
The Salvation Army Harbor Light Center,Salvation Army Harbor Light Center,2,5
The San Francisco Bay Guardian,San Francisco Bay Guardian,2,5
The Society for Animal Protective Legislation,Society for Animal Protective Legislation,2,5
The South Bay Adoption Group,South Bay Adoption Group,2,5
The State Council on Developmental Disabilities (SCDD),State Council on Developmental Disabilities (SCDD),2,5
The SunSpec Alliance,SunSpec Alliance,2,5
The Technology Network (TechNet),Technology Network (TechNet),2,5
The Tiger Frances Foundation,Tiger Frances Foundation,2,5
The Vons Companies,Vons Companies,2,5
The Wonderful Company LLC,Wonderful Company LLC,2,5
the American College,American College,2,5
the Center for Science in The Public Interest,Center For Science in the Public Interest,2,5
the City and County of Sacramento,City and County of Sacramento,2,5
the City of Los Angeles,City Of Los Angeles,2,5
the Courts,Courts,2,5
the Juvenile Diabetes Research Foundation,Juvenile Diabetes Research Foundation,2,5
the The Association of Plastic Recyclers,The Association of Plastic Recyclers,2,5
The Alexander Neville Foundation,Alexander Neville Foundation,1,6
The Alliance For Children's Rights,Alliance For Children's Rights,1,6
The Alliance for Eating Disorders Awareness,Alliance for Eating Disorders Awareness,1,6
The Alliance for Hope,Alliance for Hope,1,6
The American Academy of Facial Plastic and Reconstructive Surgery,American Academy of Facial Plastic and Reconstructive Surgery,1,6
The American Federation of Labor and Congress of Industrial Organizations,American Federation of Labor and Congress of Industrial Organizations,1,6
The Association for Competitive Technology,Association for Competitive Technology,1,6
The Betty Clooney Foundation,Betty Clooney Foundation,1,6
The Board of Registration for Geologists and Geophysicists,Board of Registration for Geologists and Geophysicists,1,6
The California Association for Nurse,California Association for Nurse,1,6
The California Council for,California Council for,1,6
The California Land Title Association (CLTA),California Land Title Association (CLTA),1,6
The California STEM Network,California STEM Network,1,6
"The California State Association of Public Administrators, Public","California State Association of Public Administrators, Public",1,6
The Center for Humane Technology,Center for Humane Technology,1,6
"The Center for Race, Poverty & the Environment","Center for Race, Poverty & the Environment",1,6
The Center for WorkLife Law,Center for Worklife Law,1,6
The Claremont Graduate School,Claremont Graduate School,1,6
The Clorox Corporation,Clorox Corporation,1,6
The Coalition to End Domestic and Sexual Violence,Coalition to End Domestic and Sexual Violence,1,6
The Educational Small Business Association,Educational Small Business Association,1,6
The Elephant Sanctuary in Tennessee,Elephant Sanctuary in Tennessee,1,6
The Ethnic Health Institute,Ethnic Health Institute,1,6
The Fresno Chamber of Commerce,Fresno Chamber Of Commerce,1,6
The Governor's Secretary for Education,Governor's Secretary for Education,1,6
The Greater San Fernando Chamber of Commerce,Greater San Fernando Chamber of Commerce,1,6
The Having Our Say Coalition,Having our Say Coalition,1,6
The Hearing Healthcare Providers of California,Hearing HealthCare Providers of California,1,6
The Housing Authority of the County of Kern,Housing Authority of the County of Kern,1,6
The Juvenile Justice Program,Juvenile Justice Program,1,6
The League of California Cities (Co-Sponsor),League of California Cities (Co-Sponsor),1,6
"The Legal Aid Society, Employment Law Center","Legal Aid Society, Employment Law Center",1,6
The Metropolitan Area Child Care Committee,Metropolitan Area Child Care Committee,1,6
"The National Lawyers Guild, Labor and Employment Committee","National Lawyers Guild, Labor and Employment Committee",1,6
The Non-Bank Funds Transmitters Group,Non-Bank Funds Transmitters Group,1,6
The Northern California Guides and Sportsmen's Association,Northern California Guides and Sportsmen's Association,1,6
The Recycled Materials Association - West Coast Chapter,Recycled Materials Association - West Coast Chapter,1,6
The San Francisco Black & Jewish Unity Coalition,San Francisco Black & Jewish Unity Coalition,1,6
The San Gabriel Valley Education Coalition,San Gabriel Valley Education Coalition,1,6
The Seniors Coalition,Seniors Coalition,1,6
"The State Bar of California, Conference of Delegates","State Bar of California, Conference of Delegates",1,6
"The State Bar, Family Law","State Bar, Family Law",1,6
The Superior Court of Los Angeles,Superior Court of Los Angeles,1,6
"The Surfrider Foundation, Malibu Chapter","Surfrider Foundation, Malibu Chapter",1,6
The US Oncology Network,US Oncology Network,1,6
"The United Farmworkers of America, AFL-CIO","United Farmworkers of America, AFL-CIO",1,6
"The for Animals, Inc","for Animals, Inc",1,6
the Coalition for Community Solar Access,Coalition for Community Solar Access,1,6
the Los Angeles area,Los Angeles Area,1,6
the Moms Advocating Sustainability,MOMS Advocating Sustainability,1,6
The Alliance for Survival,Alliance for Survival,5,1
"The American Institute of Architects, California Council","American Institute Of Architects, California Council",5,1
The Associated Builders and Contractors of California,Associated Builders and Contractors Of California,5,1
The Association for Advanced Life Underwriting,Association for Advanced Life Underwriting,5,1
The Broadway League,Broadway League,5,1
The California Cattlemen's Association,California Cattlemen'S Association,5,1
The California Council of Land Trusts,California Council of land Trusts,5,1
The California Department of Education,California Department Of Education,5,1
The Cannabis Pharmaceutical Coalition,Cannabis Pharmaceutical Coalition,5,1
The Culture of Repair Project,Culture of Repair Project,5,1
The Dream Machine Foundation,Dream Machine Foundation,5,1
The Engineers and Scientists of California,Engineers And Scientists Of California,5,1
The Friends Committee on Legislation,Friends Committee On Legislation,5,1
The Green Cross,Green Cross,5,1
"The Honorable Sam Liccardo, Mayor","Honorable Sam Liccardo, Mayor",5,1
The Latino Arts Network of California,Latino Arts Network of California,5,1
The Legal Aid Foundation of Los Angeles,Legal Aid Foundation Of Los Angeles,5,1
The Manuscript Society,Manuscript Society,5,1
The Mexican Cancer Society,Mexican Cancer Society,5,1
The National Employment Law Project,National Employment law Project,5,1
The Nonprofit and Unincorporated Organizations Committee of the Business,Nonprofit and Unincorporated Organizations Committee of the Business,5,1
The Public Trust Group,Public Trust Group,5,1
The Regional Council of Rural Counties,REGIONAL COUNCIL OF RURAL COUNTIES,5,1
The Resistance Indivisible Northridge,Resistance Indivisible Northridge,5,1
The Resource Connection,Resource Connection,5,1
The Salk Institute for Biological Studies,Salk Institute for Biological Studies,5,1
The Sheep Heal Project,Sheep Heal Project,5,1
The Sierra Club of California,Sierra Club Of California,5,1
The Signal,Signal,5,1
The Steinfirst Group,Steinfirst Group,5,1
the Central California Environmental Justice Network,CENTRAL CALIFORNIA ENVIRONMENTAL JUSTICE NETWORK,5,1
the Children Now,Children now,5,1
the Trust for Public Land,TRUST FOR PUBLIC LAND,5,1
The Added Edge,Added Edge,4,2
The American Chemistry Council,AMERICAN CHEMISTRY COUNCIL,4,2
The American College of Obstetricians and,American College of Obstetricians and,4,2
The Association for Children for,Association for Children for,4,2
The Athenian School,Athenian School,4,2
The Book Club of California,Book Club of California,4,2
The California League of Conservation Voters,CALIFORNIA LEAGUE OF CONSERVATION VOTERS,4,2
The California Neighborworks Network,California Neighborworks Network,4,2
The Cedars of Marin,Cedars of Marin,4,2
The Center for Connection,Center for Connection,4,2
The Church of Jesus Christ of Latter-day Saints,Church of Jesus Christ of Latter-day Saints,4,2
The Easton Press,Easton Press,4,2
The Franchise of Americans Needing Sports (FANS),Franchise of Americans Needing Sports (FANS),4,2
The Genocide Education Project,Genocide Education Project,4,2
The Health Alliance of Northern California,Health Alliance Of Northern California,4,2
"The Hon. Daniel E. Lungren, Attorney General","Hon. Daniel E. Lungren, Attorney General",4,2
The Judicial Council of California,Judicial Council Of California,4,2
The L.A. Trust for Children's Health,L.A. Trust for Children's Health,4,2
The Latino Theater Company,Latino Theater Company,4,2
The League of Human Voters,League of Human Voters,4,2
The Natural Resources Defense Council,NATURAL RESOURCES DEFENSE COUNCIL,4,2
The Passive House Network,Passive House Network,4,2
The Shootist,Shootist,4,2
The Silver Council,Silver Council,4,2
The Social Equity Group,Social Equity Group,4,2
The Translatin@Coalition,TransLatin@Coalition,4,2
The Wallace Group,Wallace Group,4,2
The Willie C. Velasquez Institute,Willie C. Velasquez Institute,4,2
"The American Legion, Department of","American Legion, Department of",3,3
The Arc Butte County,Arc Butte County,3,3
"The Arthritis Foundation, California Chapters","Arthritis Foundation, California Chapters",3,3
The Association of Life & Health Insurance Companies,Association of Life & Health Insurance Companies,3,3
The Association of Settlement Companies (TASC),Association of Settlement Companies (TASC),3,3
The Brotherhood of Elders Network,Brotherhood of Elders Network,3,3
"The Center for Equity for English Learners, Loyola Marymount University","Center for Equity for English Learners, Loyola Marymount University",3,3
The Center for Institutional Courage,Center for Institutional Courage,3,3
The Congress of California Seniors,Congress Of California Seniors,3,3
"The Dahm Team Real Estate Company, Inc","Dahm Team Real Estate Company, Inc",3,3
"The Desert Protective Council, Inc","Desert Protective Council, Inc",3,3
The Feingold Association of The United States,Feingold Association of the United States,3,3
The Feingold Association of the United States,Feingold Association of the United States,3,3
The Food Initiative of Greater Stanislaus,Food Initiative of Greater Stanislaus,3,3
The Freshwater Trust,Freshwater Trust,3,3
The Gillette Company,Gillette Company,3,3
The Herald Fire Protection District,Herald Fire Protection District,3,3
"The Honorable Cruz Bustamante, Lieutenant Governor","Honorable Cruz Bustamante, Lieutenant Governor",3,3
The Humane League,Humane League,3,3
The Huntington,Huntington,3,3
The Imperial Valley LGBT Resource Center,Imperial Valley Lgbt Resource Center,3,3
The Innocent Justice Foundation,Innocent Justice Foundation,3,3
The Institute for Socio-Economic Justice,Institute for Socio-Economic Justice,3,3
The Justin Foundation,Justin Foundation,3,3
The Latino Coalition for a Healthy California,Latino Coalition For a Healthy California,3,3
The League of Women Voters of the Monterey Peninsula,League of Women Voters of the Monterey Peninsula,3,3
The People's Parity Project,People's Parity Project,3,3
The Professional Collegiate League,Professional Collegiate League,3,3
The Riverside County Democratic Party,Riverside County Democratic Party,3,3
The San Diego Chargers,San Diego Chargers,3,3
The Spahr Center,Spahr Center,3,3
The Spanish Speaking Unity Council,Spanish Speaking Unity Council,3,3
The Tulare Chamber of Commerce,Tulare Chamber Of Commerce,3,3
The W. Haywood Burns Institute (Co-Sponsor),W. Haywood Burns Institute (Co-Sponsor),3,3
"the Center for Oceanic Awareness, Research, & Education","Center For Oceanic Awareness, Research, & Education",3,3
the County Clerks,County Clerks,3,3
The Alliance for Human Rights,Alliance for Human Rights,2,4
The America Academy of Pediatrics,America Academy of Pediatrics,2,4
The Association of Family and Conciliation,Association of Family and Conciliation,2,4
The Beck Company,Beck Company,2,4
The California Chapter of the American College of Emergency Physicians (California ACEP),California Chapter of the American College of Emergency Physicians (California ACEP),2,4
"The California Legislative Conference of the Plumbing, Heating and Piping Industry","California Legislative Conference of The Plumbing, Heating and Piping Industry",2,4
The California Railroad Association,California Railroad Association,2,4
The California Veterinary Medical,California Veterinary Medical,2,4
The California Victims of Crime Committee,California Victims of Crime Committee,2,4
The Cornerstone,Cornerstone,2,4
The Democratic Women's Forum of San Francisco,Democratic Women's Forum of San Francisco,2,4
The Domestic,Domestic,2,4
The East Bay Refugee Forum,East Bay Refugee Forum,2,4
The Fresno Housing Authority,Fresno Housing Authority,2,4
The Hill Hikers of Livermore,Hill Hikers of Livermore,2,4
The Houston Group,Houston Group,2,4
"The Military Officers Association of America, California","Military Officers Association of America, California",2,4
"The Military Officers Association of America, California Council of Chapters","Military Officers Association Of America, California Council Of Chapters",2,4
The National Center for Lesbian Rights,National Center For Lesbian Rights,2,4
The Positive Results Corporation,Positive Results Corporation,2,4
The Samuel Lawrence Foundation,Samuel Lawrence Foundation,2,4
The State Bar Committee on Administration of Justice,State Bar Committee on Administration of Justice,2,4
"The State Bar, Legal Services Section","State Bar, Legal Services Section",2,4
The W Haywood Burns Institute,W Haywood Burns Institute,2,4
The Walt Disney Studios,Walt Disney Studios,2,4
The Yolo County Society for the Prevention of Cruelty to Animals,Yolo County Society for the Prevention of Cruelty to Animals,2,4
The Zoological Society of San Diego,Zoological Society of San Diego,2,4
the County Welfare Directors Association of California,County Welfare Directors Association Of California,2,4
the Department of Toxic Substance Control,Department of Toxic Substance Control,2,4
"The 100 Black Men of the Bay Area, Inc","100 Black Men of the Bay Area, Inc",1,5
The AMAAD Institute,AMAAD Institute,1,5
The ARC of Ventura County,Arc of Ventura County,1,5
The American Athletic Trainers Association and Certification Board,American Athletic Trainers Association and Certification Board,1,5
"The American Federation of State, County, and Municipal Employees (AFSCME) AFL-CIO","American Federation of State, County, and Municipal Employees (AFSCME) AFL-CIO",1,5
"The American Federation of State, County, and Municipal Employees (Co-Sponsor)","American Federation of State, County, and Municipal Employees (Co-Sponsor)",1,5
The Asian Pacific American Legal,Asian Pacific American Legal,1,5
The Association for Los Angeles Deputy Sheriffs (Co-Sponsor),Association for Los Angeles Deputy Sheriffs (Co-Sponsor),1,5
The Association of Career and College Readiness Organizations,Association of Career and College Readiness Organizations,1,5
The Bay Area Hindu Democratic Coalition,Bay Area Hindu Democratic Coalition,1,5
The California Association of Catholic,California Association of Catholic,1,5
The California Association of Private,California Association of Private,1,5
The California Cellular Phone Owners Association,California Cellular Phone Owners Association,1,5
The California Chapter of The National Emergency Number Association (CALNENA),California Chapter of the National Emergency Number Association (CalNENA),1,5
The California Long Term-Care Ombudsman Association,California Long Term-Care Ombudsman Association,1,5
The California Long-Term Care Ombudsman,California Long-Term Care Ombudsman,1,5
The California Partnership to End Domestic Violence,California Partnership To End Domestic Violence,1,5
The California Physical Therapy,California Physical Therapy,1,5
The California Promise Neighborhood Network,California Promise Neighborhood Network,1,5
The California Small Business Development Center Leadership Council,California Small Business Development Center Leadership Council,1,5
The Campaign for Quality Education,Campaign for Quality Education,1,5
The Center for Marine Conservation,Center For Marine Conservation,1,5
The Center for Public Interest,Center for Public Interest,1,5
The Center for Science in the Public Interest,Center For Science in the Public Interest,1,5
"The Center for the Study of Hate & Extremism at California State University, San Bernardino","Center for the Study of Hate & Extremism at California State University, San Bernardino",1,5
The Central California Alliance,Central California Alliance,1,5
The Commerce Hotel and Casino,Commerce Hotel and Casino,1,5
The Community Foundation of Mendocino County,Community Foundation of Mendocino County,1,5
"The Consumer's Ombudsman Program, Inc","Consumer's Ombudsman Program, Inc",1,5
The Costa Mesa Police Department,Costa Mesa Police Department,1,5
The Counseling,Counseling,1,5
The Department of Corporations (DOC),Department of Corporations (DOC),1,5
The Diverse Learners Coalition,Diverse Learners Coalition,1,5
The Emergency,Emergency,1,5
The Family Independence Initiative,Family Independence Initiative,1,5
The Foundation of Taxpayer and Consumer Rights,Foundation of Taxpayer and Consumer Rights,1,5
The Friends of the Desert Mountains,Friends of The Desert Mountains,1,5
The Gay and Lesbian Adolescent Social Services Inc,Gay and Lesbian Adolescent Social Services Inc,1,5
The HIT Living Foundation,Hit Living Foundation,1,5
The Holmby-Westwood Property Owners Association,Holmby-Westwood Property Owners Association,1,5
"The Humane Society of San Bernardino Valley, Inc","Humane Society of San Bernardino Valley, Inc",1,5
The Incredible Edible Community Garden,Incredible Edible Community Garden,1,5
The Inland Gateway Association of REALTORS,Inland Gateway Association of Realtors,1,5
The Inland Gateway Association of RealtoRs,Inland Gateway Association of Realtors,1,5
The Instituto de Educacion Popular del Sur de California (IDEPSCA),Instituto de Educacion Popular del Sur de California (IDEPSCA),1,5
"The Lawson Roofing Co., Inc","Lawson Roofing Co., Inc",1,5
The Lucile Packard Foundation For Children's Health,Lucile Packard Foundation for Children's Health,1,5
The Model Alliance,Model Alliance,1,5
The Museum of African American Art,Museum of African American Art,1,5
The NASCAR Foundation,NASCAR Foundation,1,5
The National Coalition Against Gambling,National Coalition Against Gambling,1,5
The Nevada County Department of Social Services,Nevada County Department of Social Services,1,5
The Office of Ratepayer Advocates,Office Of Ratepayer Advocates,1,5
The Older Women's League of San Francisco,Older Women's League of San Francisco,1,5
The Orfalea Foundation,Orfalea Foundation,1,5
The Peace Resource Center of San Diego,Peace Resource Center of San Diego,1,5
The Prudential,Prudential,1,5
The Sacramento County Bar Association,Sacramento County Bar Association,1,5
The San Diego County Apartment,San Diego County Apartment,1,5
The Security Industry and Financial Markets Association,Security Industry and Financial Markets Association,1,5
The Sierra Club Range of Light Group,Sierra Club Range of Light Group,1,5
The Society of Composers and Lyricists,Society of Composers and Lyricists,1,5
The Sonoma County Vintners,Sonoma County Vintners,1,5
The Southern California University of Health Services,Southern California University of Health Services,1,5
The Steinberg Institute (Co-Sponsor),Steinberg Institute (Co-Sponsor),1,5
The Student Veterans of California,Student Veterans of California,1,5
The Treasurer's Office,Treasurer's Office,1,5
the ALLY Foundation,ALLY Foundation,1,5
the California Partnership to End Domestic Violence,California Partnership To End Domestic Violence,1,5
the Child Parent Institute,Child Parent Institute,1,5
the City Attorney's Office,City Attorney's Office,1,5
the Communication Workers of America (CWA),Communication Workers of America (CWA),1,5
the Cosmetic,Cosmetic,1,5
the Environment,Environment,1,5
the Idle No More SF Bay,Idle No More Sf Bay,1,5
the Lieutenant Governor of California,Lieutenant Governor of California,1,5
the Move LA,MOVE LA,1,5
the Senior,Senior,1,5
the Sentencing Project,Sentencing Project,1,5
the State Long-Term Care Ombudsman,State Long-Term Care Ombudsman,1,5
The Acorn Group,Acorn Group,4,1
The Advocacy Coalition for Long Beach,Advocacy Coalition for Long Beach,4,1
The Alliance of California for Community Empowerment,Alliance of California for Community Empowerment,4,1
The Animals Voice,Animals Voice,4,1
"The Arc, California","Arc, California",4,1
The Bay Area Open Carry Movement,Bay Area Open Carry Movement,4,1
The Board of Equalization,Board Of Equalization,4,1
The California Association of Health Underwriters,California Association Of Health Underwriters,4,1
The California Native Plant Society,CALIFORNIA NATIVE PLANT SOCIETY,4,1
The Center on Policy Initiatives,Center On Policy Initiatives,4,1
"The Center on Race, Poverty, and the Environment","Center On Race, Poverty, And The Environment",4,1
The Child Abuse Prevention Council of Contra Costa County,Child Abuse Prevention Council Of Contra Costa County,4,1
The City of Thousand Oaks,City OF Thousand Oaks,4,1
The Climate Reality Project: Silicon Valley Chapter,Climate Reality Project: Silicon Valley Chapter,4,1
The Conference of California Bar Associations,Conference of California BAR Associations,4,1
The County of San Bernardino,COUNTY OF SAN BERNARDINO,4,1
The Doctors,Doctors,4,1
The Ecumenical Catholic Church,Ecumenical Catholic Church,4,1
The Ephemera Society of America,Ephemera Society of America,4,1
The Foreign Language Council of San Diego,Foreign Language Council of San Diego,4,1
The Friends Committee on Legislation of California,FRIENDS COMMITTEE ON LEGISLATION OF CALIFORNIA,4,1
The Gay and Lesbian Community Services of Orange County,Gay and Lesbian Community Services of Orange County,4,1
The Ghost Road Company,Ghost Road Company,4,1
The Grolier Club of New York,Grolier Club of New York,4,1
The Group Repertory Theatre,Group Repertory Theatre,4,1
The Harker School,Harker School,4,1
The Hollywood Community-Police Advisory Board,Hollywood Community-Police Advisory Board,4,1
"The Hope Center for College, Community and Justice","Hope Center for College, Community and Justice",4,1
The Huichol Center for Cultural Survival and Traditional Arts,Huichol Center for Cultural Survival and Traditional Arts,4,1
The Human Society Veterinary Medical Association,Human Society Veterinary Medical Association,4,1
The Humane Society of The United States,Humane Society Of The United States,4,1
The Institute for College Access and Success (TICAS),Institute for College Access and Success (TICAS),4,1
The International Union of Elevator Constructors,International Union Of Elevator Constructors,4,1
The John Burton Foundation for Children Without Homes,John Burton Foundation For Children Without Homes,4,1
The Justice and Reconciliation Project,Justice and Reconciliation Project,4,1
The Karuk Tribe,KARUK TRIBE,4,1
The Lawyers' Committee for Civil Rights of the San Francisco Bay Area,Lawyers' Committee For Civil Rights of the San Francisco Bay Area,4,1
The Los Angeles Regional Reentry Partnership,Los Angeles Regional ReEntry Partnership,4,1
The Money Store,Money Store,4,1
The Observer Media Group,OBSERVER Media Group,4,1
"The On-Line Traffic School, Inc","On-Line Traffic School, Inc",4,1
The Pacific Coast Federation of Fishermen's Associations,Pacific Coast Federation Of Fishermen's Associations,4,1
The Peace Officers Research Association of California (PORAC),Peace Officers Research Association Of California (PORAC),4,1
The Peace and Justice Commission of St. Mark Presbyterian Church,Peace and Justice Commission of St. Mark Presbyterian Church,4,1
The PetStaurant,PetStaurant,4,1
The Progress,Progress,4,1
The Rincon San Luiseno Band of Indians,Rincon San Luiseno Band Of Indians,4,1
The Robey Theatre Company,Robey Theatre Company,4,1
The San Francisco Society for the Prevention of Cruelty to Animals,San Francisco Society for The Prevention of Cruelty to Animals,4,1
"The State Bar, Estate Planning, Trust and Probate Law","State Bar, Estate Planning, Trust and Probate Law",4,1
The State Board of Equalization,State Board Of Equalization,4,1
The Tree Pledge,Tree Pledge,4,1
The Unitarian Society of Santa Barbara,Unitarian Society of Santa Barbara,4,1
"The Visiting Nurse Service, Inc","Visiting Nurse Service, Inc",4,1
The Wild Cat Education and Conservation Fund,Wild Cat Education and Conservation Fund,4,1
The Women's Foundation Of California,Women's Foundation Of California,4,1
The Youth Movement Against Alzheimer's,Youth Movement Against Alzheimer's,4,1
the West Gun Shows,West Gun Shows,4,1
The 101 Casino,101 Casino,3,2
The A21 Campaign,A21 Campaign,3,2
The American SPCA,American SPCA,3,2
The Animal,ANIMAL,3,2
The Board of Rabbis of Southern California,Board of Rabbis of Southern California,3,2
The California Association of Public,California Association of Public,3,2
The California Disabled Veterans Business Alliance,California Disabled Veterans Business Alliance,3,2
The California Pan-Ethnic Health Network,California PAN-Ethnic Health Network,3,2
"The Cat Fanciers Association, Inc","Cat Fanciers Association, Inc",3,2
The Center for Bio-Ethical Reform,Center for Bio-Ethical Reform,3,2
"The Climate Reality Project, South Central Coast","Climate Reality Project, South Central Coast",3,2
The Effort,Effort,3,2
The Foundation for Taxpayer & Consumer Rights,Foundation for Taxpayer & Consumer Rights,3,2
"The Honorable Tom Butt, Mayor","Honorable Tom Butt, Mayor",3,2
The Horror Writers Association,Horror Writers Association,3,2
The Humane Society of the North Bay Animal Services Division,Humane Society of the North Bay Animal Services Division,3,2
The Independent Online Booksellers Association,Independent Online Booksellers Association,3,2
"The International Cat Association, Inc","International Cat Association, Inc",3,2
The International League of Antiquarian Booksellers,International League of Antiquarian Booksellers,3,2
The LEAP Institute,LEAP Institute,3,2
"The Loftin Firm, P.C","Loftin Firm, P.C",3,2
"The Los Angeles Probation Department Union, AFSCME","Los Angeles Probation Department Union, AFSCME",3,2
The Mockingbird Society,Mockingbird Society,3,2
The Newspaper Guild,Newspaper Guild,3,2
The Northern California District Council of the International Longshore and Warehouse Union,Northern California District Council of The International Longshore and Warehouse Union,3,2
The Open Monterey Project,Open Monterey Project,3,2
The Pad Project,Pad Project,3,2
The Perrier Group of America,Perrier Group of America,3,2
The Pet,Pet,3,2
"The Retired Officers Association, California Council of","Retired Officers Association, California Council of",3,2
The San Fernando Valley Sun,San Fernando Valley Sun,3,2
The Sierra Club California,SIERRA CLUB CALIFORNIA,3,2
The Southland Corporation (7-Eleven Stores),Southland Corporation (7-Eleven Stores),3,2
The Stuart Foundation,Stuart Foundation,3,2
The Terraces of Los Gatos,Terraces of Los Gatos,3,2
The Villa Center,Villa Center,3,2
The Workmen's Circle,Workmen's Circle,3,2
The Yisrael Family Urban Farm,Yisrael Family Urban Farm,3,2
the California State Association of Counties,CALIFORNIA STATE ASSOCIATION OF COUNTIES,3,2
the Taxation Section of the State Bar of California,Taxation Section of the State Bar of California,3,2
The 5 Gyers Institute,5 Gyers Institute,2,3
The Airport Area Business Association,Airport Area Business Association,2,3
The Alhambra Retirement Community,Alhambra Retirement Community,2,3
"The American Occupational Therapy Association, Inc","American Occupational Therapy Association, Inc",2,3
The Animal Physical Therapy Coalition,Animal Physical Therapy Coalition,2,3
The Auburn Dam Coalition,Auburn Dam Coalition,2,3
The Black Jewish Justice Alliance,Black Jewish Justice Alliance,2,3
The Bradco Companies,Bradco Companies,2,3
The California Black Chamber of Commerce,California Black Chamber Of Commerce,2,3
"The California Lawyers Association, Trusts and Estates Section Executive Committee","California Lawyers Association, Trusts and Estates Section Executive Committee",2,3
"The California Rifle and Pistol Association, Inc","California Rifle And Pistol Association, Inc",2,3
The California Sportsmanos Lobby,California Sportsmanos Lobby,2,3
The California TGI Policy Alliance,California TGI Policy Alliance,2,3
The Century,Century,2,3
The Climate Reality Project California,Climate Reality Project California,2,3
The Consul General of Switzerland,Consul General of Switzerland,2,3
The County Health Executives Association of California,County Health Executives Association Of California,2,3
The Ecumenical,Ecumenical,2,3
The Environmental Working Group,ENVIRONMENTAL WORKING GROUP,2,3
The Federal Republic of Germany,Federal Republic of Germany,2,3
The Governoros Office,Governoros Office,2,3
The Harvest of Wellness Foundation,Harvest of Wellness Foundation,2,3
"The Honorable Paul Koretz, Los Angeles City Council, 5th District","Honorable Paul Koretz, Los Angeles City Council, 5th District",2,3
The Housing Committee of San Francisco,Housing Committee of San Francisco,2,3
The Jus Semper Global Alliance,Jus Semper Global Alliance,2,3
The Knox Company,Knox Company,2,3
The LA Trust for Children's Health,LA Trust for Children's Health,2,3
The Latina/Latino Roundtable,Latina/Latino Roundtable,2,3
The MWA,MWA,2,3
The Marketplace Lending Association,Marketplace Lending Association,2,3
"The Mexican American Community Services Agency, Inc","Mexican American Community Services Agency, INC",2,3
The Michael J. Fox Foundation,Michael J. Fox Foundation,2,3
The Ocean Project,Ocean Project,2,3
The Oncology Association of Naturopathic Physicians,Oncology Association of Naturopathic Physicians,2,3
The Parent,Parent,2,3
The Parents of Courtney Cheney,Parents of Courtney Cheney,2,3
The Peter Zippi Fund for Animals,Peter Zippi Fund for Animals,2,3
"The Pride Panthers Coalition, Inc","Pride Panthers Coalition, Inc",2,3
The Salvadoran American National Association,Salvadoran American National Association,2,3
The San Joaquin County Board of Supervisors,San Joaquin County Board Of Supervisors,2,3
The Sea Ranch Association,Sea Ranch Association,2,3
The Southern California Alliance of Law,Southern California Alliance of Law,2,3
The Stronger Calif♀rnia Advocates Network,Stronger Calif♀rnia Advocates Network,2,3
The Student Senate for California Community Colleges,Student Senate For California Community Colleges,2,3
The Town of Los Gatos,Town Of Los Gatos,2,3
The Transgender Gender-Variant Intersex Justice Project,Transgender Gender-Variant Intersex Justice Project,2,3
The Tri,Tri,2,3
The Victor Agencies,Victor Agencies,2,3
The West County Alcohol Policy Working Group,West County Alcohol Policy Working Group,2,3
the Coalition for A Safe Environment,Coalition for A Safe Environment,2,3
"the Military Officers Association of America, California Council of","Military Officers Association of America, California Council of",2,3
the Social Compassion in Legislation,Social Compassion In Legislation,2,3
The 2035 Initiative,2035 Initiative,1,4
The ARC & United Cerebral Palsy California Collaboration,Arc & United Cerebral Palsy California Collaboration,1,4
The Alliance for Retail Energy Markets (AReM),Alliance for Retail Energy Markets (AReM),1,4
"The American College of Obstetricians and Gynecologists, California","American College of Obstetricians and Gynecologists, California",1,4
The American Society for the Prevention of Cruelty to Animals (ASPCA),American Society for The Prevention of Cruelty to Animals (ASPCA),1,4
The Anti-Recidivism Coalition (ARC),Anti-Recidivism Coalition (ARC),1,4
The Area,area,1,4
The Area Agencies on Aging,Area Agencies on Aging,1,4
The Builders Exchanges,Builders Exchanges,1,4
The CA Trade and Commerce Agency,CA Trade and Commerce Agency,1,4
The California Agricultural Commissioners and Sealers Association (CACASA),California Agricultural Commissioners and Sealers Association (CACASA),1,4
The California Association of Dental Plans (CADP),California Association of Dental Plans (CADP),1,4
The California Association of Realtors (C.A.R.),California Association of Realtors (C.A.R.),1,4
The California Chapters of the Institute of Scrap Recycling,California Chapters of the Institute of Scrap Recycling,1,4
The California Children's Hospital,California Children's Hospital,1,4
The California Coalition for Children's Safety and Health (Co-Sponsor),California Coalition for Children's Safety and Health (Co-Sponsor),1,4
The California Credit Unions League,California Credit Unions League,1,4
The California Healthcare Interpreting Association,California Healthcare Interpreting Association,1,4
The California Hospice and Palliative Care,California Hospice and Palliative Care,1,4
The California Program of All-Inclusive Care for the Elderly,California Program of All-Inclusive Care for the Elderly,1,4
The California Psychological Association (CPA),California Psychological Association (CPA),1,4
The California Right to Life Committee,California Right To Life Committee,1,4
"The California Rural Indian Health Board, Inc","California Rural Indian Health Board, INC",1,4
The California Society of Certified Public Accountants (CalCPA),California Society of Certified Public Accountants (CalCPA),1,4
The California Society of Plastic Surgeons (CSPS),California Society of Plastic Surgeons (CSPS),1,4
The California Teachers' Association (CTA),California Teachers' Association (CTA),1,4
The California Wind Energy Association (Calwea),California Wind Energy Association (CalWEA),1,4
The Center for Bioethics and Culture Network,Center for Bioethics and Culture Network,1,4
The City of Garden,City of Garden,1,4
The Clean Water Action,CLEAN WATER ACTION,1,4
"The Coalition of Labor, Agriculture & Business","Coalition of Labor, Agriculture & Business",1,4
The Coca-Cola Company,Coca-Cola Company,1,4
The Collateral Loan & Secondhand Dealers,Collateral Loan & Secondhand Dealers,1,4
The College Preparatory School,College Preparatory School,1,4
The Concerned Women for America of California,Concerned Women For America of California,1,4
The Council for Amusement and Recreational Equipment Safety,Council for Amusement and Recreational Equipment Safety,1,4
The County of Inyo Board of Supervisors,County of Inyo Board of Supervisors,1,4
The David Toro Foundation,David Toro Foundation,1,4
The Diabetes Coalition,Diabetes Coalition,1,4
The Domestic Violence Center,Domestic Violence Center,1,4
The Elizabeth Center for Cancer Detection,Elizabeth Center for Cancer Detection,1,4
The Employers,Employers,1,4
The Employers Health Care Coalition of Los,Employers Health Care Coalition of Los,1,4
The English Cocker Spaniel Club of Southern California,English Cocker Spaniel Club of Southern California,1,4
The Fire Districts Association of,Fire Districts Association of,1,4
The Friends Committee on Legislation of California (FCLCA),Friends Committee on Legislation of California (FCLCA),1,4
"The Gap, Inc","Gap, INC",1,4
The Greater San Fernando Valley Chamber,Greater San Fernando Valley Chamber,1,4
The Health Officers Association of,Health Officers Association of,1,4
The Humane Society Veterinary Medical,Humane Society Veterinary Medical,1,4
The Imperial Valley Housing Authority,Imperial Valley Housing Authority,1,4
The Interfaith Environmental Council,Interfaith Environmental Council,1,4
"The International Anticounterfeiting Coalition, Inc","International Anticounterfeiting Coalition, Inc",1,4
The Jamul Indian Village of California,Jamul Indian Village Of California,1,4
The Junior League,Junior League,1,4
The Junior State of America,Junior State of America,1,4
The League of Women,League of Women,1,4
The Libertarian Party of Orange County,Libertarian Party of Orange County,1,4
The Local Health Plans of California (LHPC),Local Health Plans of California (LHPC),1,4
The Loftin Firm LLP,Loftin Firm LLP,1,4
The Los Angeles Coalition of County Unions,Los Angeles Coalition of County Unions,1,4
The Mental Health Association in,Mental Health Association in,1,4
"The Military Officers Association of America, California Council","Military Officers Association of America, California Council",1,4
The Money Services Roundtable,Money Services Roundtable,1,4
The NELA Climate Collective,NELA Climate Collective,1,4
The National Council of Jewish Women,National Council Of Jewish Women,1,4
The National Federation of the Blind of California,National Federation of The Blind of California,1,4
"The New Era Group, Inc","New Era Group, Inc",1,4
The Newport Center for Psychoanalytic Studies,Newport Center for Psychoanalytic Studies,1,4
The Oakland Better Birth Foundation,Oakland Better Birth Foundation,1,4
The Peace Officer's Research Association of California (PORAC),Peace Officer's Research Association of California (PORAC),1,4
The Protect Your Record Project,Protect Your Record Project,1,4
The Public Interest,Public Interest,1,4
The Reason Foundation,Reason Foundation,1,4
The Red and White Fleet,Red and White Fleet,1,4
The Risk Management Society,Risk Management Society,1,4
The Roberts Enterprise Development Fund (REDF),Roberts Enterprise Development Fund (REDF),1,4
The Safe Cities Foundation,Safe Cities Foundation,1,4
The Santa Clara County Office of Education,Santa Clara County Office Of Education,1,4
The Service Disabled Veteran-Owned Small Business Network,Service Disabled Veteran-Owned Small Business Network,1,4
The Society of Nuclear Medicine,Society of Nuclear Medicine,1,4
"The State Bar of California, Trusts and Estates Law Section","State Bar of California, Trusts and Estates Law Section",1,4
The Town Kitchen,Town Kitchen,1,4
The Unity Project,Unity Project,1,4
The Upstate California Connect Consortium,Upstate California Connect Consortium,1,4
The Variable Annuity Life Insurance Company (VALIC),Variable Annuity Life Insurance Company (VALIC),1,4
"The Watts Health Foundation, Inc","WATTS Health Foundation, Inc",1,4
The Waverly School,Waverly School,1,4
The Wella Corporation,Wella Corporation,1,4
The Western Electrical Contractors Association Inc,Western Electrical Contractors Association INC,1,4
The William S. Graham Foundation for Melanoma Research,William S. Graham Foundation for Melanoma Research,1,4
the Amalgamated Transit,Amalgamated Transit,1,4
the Association of California Water Agencies,Association Of California Water Agencies,1,4
the BRN,BRN,1,4
the California Right to Life Committee,California Right To Life Committee,1,4
the Center for Good Food Purchasing,Center for Good Food Purchasing,1,4
the League of Women,League of Women,1,4
the Masimo Corporation,Masimo Corporation,1,4
the National Association for the Advancement of,National Association for the Advancement of,1,4
the Oppose Unless Amended,OPPOSE UNLESS AMENDED,1,4
the PAW Project,PAW Project,1,4
the Place4Grace,Place4grace,1,4
the Society for Human Resource Management,Society For Human Resource Management,1,4
the Superior Court of,Superior Court of,1,4
the Trusts & Estates Section of the California Lawyers Association,Trusts & Estates Section of the California Lawyers Association,1,4
the Western States Council of,Western States Council of,1,4
"The AFT Guild, Local 1931","Aft Guild, Local 1931",3,1
The ARC and United Cerebral Palsy in California,Arc and United Cerebral Palsy in California,3,1
The American Federation of State,American Federation Of State,3,1
The American Society for the Prevention of Cruelty to Animals,American Society For The Prevention of Cruelty to Animals,3,1
The Appraisal Foundation,Appraisal Foundation,3,1
The Arc and United Cerebral Policy in California,Arc and United Cerebral Policy in California,3,1
The Archeological Conservancy,Archeological Conservancy,3,1
The Aresis Ensemble INC,Aresis Ensemble INC,3,1
The Association of General Contractors of America,Association of General Contractors of America,3,1
The Association of Northern California Oncologists,Association Of Northern California Oncologists,3,1
The Bob Bader Company,Bob Bader Company,3,1
The CA State Horsemen's Association,CA State Horsemen's Association,3,1
The California Academy of Child and Adolescent Psychiatry,California Academy of Child And Adolescent Psychiatry,3,1
The California Asian Pacific Chamber of Commerce,California Asian Pacific Chamber Of Commerce,3,1
The California Association of County Veterans Service Officers,CALIFORNIA ASSOCIATION OF COUNTY VETERANS SERVICE OFFICERS,3,1
The California Association of Health Facilities,California Association Of Health Facilities,3,1
The California Commission on the Status of Women and Girls,California Commission on the Status of Women And Girls,3,1
The California Environmental Health & Justice Team,California Environmental Health & Justice Team,3,1
The California Foundation for Independent Living Centers,California Foundation For Independent Living Centers,3,1
The California Hispanic Chamber of Commerce,California Hispanic Chamber of COmmerce,3,1
"The California School Employees Association, AFL-CIO","California School Employees Association, Afl-cio",3,1
"The California Sportman's Lobby, Inc","California Sportman's Lobby, Inc",3,1
The Cannabis Community Foundation,Cannabis Community Foundation,3,1
The Child Care Alliance of Los Angeles,Child Care Alliance Of Los Angeles,3,1
The Child and Adolescent Gender Center,Child and Adolescent Gender Center,3,1
The City of Long Beach,City of long Beach,3,1
The County of Santa Cruz,COUNTY OF SANTA CRUZ,3,1
The Dark Horse Inn,Dark Horse Inn,3,1
"The Dennehey Group, Inc","Dennehey Group, Inc",3,1
The Eating Disorder Foundation,Eating Disorder Foundation,3,1
The Ed Ladder,Ed Ladder,3,1
The Ella Baker Center for Human Rights,ELLA BAKER CENTER FOR HUMAN RIGHTS,3,1
The Federation of State Medical Boards,Federation of State Medical Boards,3,1
The Florence Firestone Walnut Park Chamber of Commerce,Florence Firestone Walnut Park Chamber of Commerce,3,1
The Grocery Manufacturers Association,GROCERY MANUFACTURERS ASSOCIATION,3,1
The Group B Strep Association,Group B Strep Association,3,1
The Gualco Group,Gualco Group,3,1
The Hertz Corp,Hertz Corp,3,1
The Insolvency Law Committee of the Business Law Section of the State Bar of California,Insolvency Law Committee of the Business Law Section of the State Bar of California,3,1
The Institute for Fisheries Resources,Institute For Fisheries Resources,3,1
The International Alliance of Theatrical State Employees Local 80,International Alliance of Theatrical State Employees Local 80,3,1
The International Brotherhood of Electrical Workers,International Brotherhood OF Electrical Workers,3,1
The Israel Christian Nexus,Israel Christian Nexus,3,1
The Klabin Company,Klabin Company,3,1
The LA Conservation Corps,La Conservation Corps,3,1
The Longfin Tackle Store,Longfin Tackle Store,3,1
The Los Angeles County Office of Education,LoS Angeles County Office of Education,3,1
The MADE,made,3,1
The Morrow Institute,Morrow Institute,3,1
The National Campaign to Prevent Teen and Unplanned Pregnancy,National Campaign to Prevent Teen and Unplanned Pregnancy,3,1
The National Humane Education Society,National Humane Education Society,3,1
The Nature Conservancy (Co-Sponsor),Nature Conservancy (Co-Sponsor),3,1
The Pacific Association of Domestic Insurance Companies,Pacific Association Of Domestic Insurance Companies,3,1
The Paralyzed Veterans of California,Paralyzed Veterans of California,3,1
The Procter and Gamble Company,Procter and Gamble Company,3,1
The Professional Engineers in California Government (PECG),Professional Engineers In California Government (PECG),3,1
The Recovery Advocacy Project,Recovery Advocacy Project,3,1
The Resilient Floor Covering Institute,Resilient Floor Covering Institute,3,1
The Rusty Hook Tackle Store,Rusty Hook Tackle Store,3,1
The Sierra Nevada Alliance,SIERRA NEVADA ALLIANCE,3,1
The Solar Connection,Solar Connection,3,1
The Sparkjoy Foundation,Sparkjoy Foundation,3,1
The Sturdevant Law Firm,Sturdevant Law Firm,3,1
The Sutton Law Firm,Sutton Law Firm,3,1
The Turlock Irrigation District,TURLOCK IRRIGATION DISTRICT,3,1
The UNIDOS Network,Unidos Network,3,1
The Utility Workers Union of America,Utility Workers Union Of America,3,1
The Westside Greens,Westside Greens,3,1
The Women's Christian Temperance Union of Southern California,Women's Christian Temperance Union of Southern California,3,1
The Women's Council,Women's Council,3,1
The Women's Foundation of California - Women's Policy Institute,Women's Foundation of California - Women's Policy Institute,3,1
the Administration of Justice,Administration of Justice,3,1
the California Court Clerks,California Court Clerks,3,1
the California Healthy Nail Salon Collaborative,California Healthy nail Salon Collaborative,3,1
the Fort Ord,Fort Ord,3,1
the National Association for the Advancement of Colored People,National Association for The Advancement of Colored People,3,1
the Walt Disney Company and its Affiliated Entities,Walt Disney Company and Its Affiliated Entities,3,1
The AMVETS - Department of California,Amvets - Department of California,2,2
The Addiction Studies Program at Los Angeles Pierce College,Addiction Studies Program at Los Angeles Pierce College,2,2
The African Parrot Society,African Parrot Society,2,2
The Alameda Business Association,Alameda Business Association,2,2
The Alessandra Advocacy Group,Alessandra Advocacy Group,2,2
The American Alliance for Medical Cannabis,American Alliance for Medical Cannabis,2,2
"The American College of Obstetricians and Gynecologists, Dist. IX","American College of Obstetricians and Gynecologists, Dist. IX",2,2
"The American Federation of State, County, and Municipal Employees, AFL-CIO","American Federation of State, County, And Municipal Employees, AFL-CIO",2,2
The American Institute of Aeronautics and Astronautics,American Institute of Aeronautics and Astronautics,2,2
The American Institute of Architects (AIA),American Institute of Architects (AIA),2,2
The Arc of Butte County,Arc of Butte County,2,2
The Arc of San Francisco,Arc of San Francisco,2,2
The Asian American Architects/Engineers Association,Asian American Architects/Engineers Association,2,2
The Asian Law Alliance,Asian law Alliance,2,2
The Board of Supervisors of Los Angeles County,Board of Supervisors of Los Angeles County,2,2
The CA Alliance for Consumer Protection,CA Alliance For Consumer Protection,2,2
The California Association of Area Agencies on Aging,California Association of Area Agencies On Aging,2,2
The California Association of Homes,California Association of Homes,2,2
The California Fire Training Alliance,California Fire Training Alliance,2,2
The California Food Project,California Food Project,2,2
The California Pharmacists Association (CPhA),California Pharmacists Association (CphA),2,2
The Center at Sierra Health Foundation,Center at Sierra Health Foundation,2,2
The Chiefs of,Chiefs of,2,2
The City of Livermore,City Of Livermore,2,2
The City of Torrance,City Of Torrance,2,2
The Classical Academy,Classical Academy,2,2
The Clorox Co,Clorox Co,2,2
The Coalition for Fair and Caring Schools,Coalition for Fair and Caring Schools,2,2
The Consulate General of Sweden,Consulate General of Sweden,2,2
The County of Santa Barbara,County Of Santa Barbara,2,2
"The Driving School Association of the Americas, Inc","Driving School Association of the Americas, INC",2,2
The Each One Teach One Foundation,Each One Teach One Foundation,2,2
The Education Trust,Education Trust,2,2
The Elephant Managers Association,Elephant Managers Association,2,2
The Empowerthem Collective,EmpowerTHEM Collective,2,2
The Executive Committee of the Family Law Section of the State,Executive Committee of the Family Law Section of the State,2,2
The Federation of Hillside and Canyon Association,Federation of Hillside and Canyon Association,2,2
The Fight for $15 and a Union,Fight for $15 and a Union,2,2
The Food Allergy and Anaphylaxis Network,Food Allergy and Anaphylaxis Network,2,2
The Gasser Foundation,Gasser Foundation,2,2
The Hartwell Corporation,Hartwell Corporation,2,2
The Inn at Mavericks,Inn At Mavericks,2,2
The Johns Hopkins Center for Health Security,Johns Hopkins Center for Health Security,2,2
The Laguna Playhouse,Laguna Playhouse,2,2
The Lange Foundation,Lange Foundation,2,2
The Latino and Latina Roundtable of the San Gabriel Valley and Pomona Valley,Latino and Latina Roundtable of the San Gabriel Valley and Pomona Valley,2,2
The Mangan Park Neighborhood Association,Mangan Park Neighborhood Association,2,2
The Mental Health Collaborative of Kern County,Mental Health Collaborative of Kern County,2,2
The Ministry in Action Commission,Ministry In Action Commission,2,2
The Natoma Company,Natoma Company,2,2
The Net at Two Rivers,Net at Two Rivers,2,2
The Network of California Fairs,Network of California Fairs,2,2
The Parkinson's Institute,Parkinson's Institute,2,2
The Partnership for Safe Families & Communities of Ventura County,Partnership for Safe Families & Communities of Ventura County,2,2
The Pet Pantry,Pet Pantry,2,2
The Pet Press,Pet Press,2,2
The REACH Project,REACH Project,2,2
The Riley Center of St. Vincent de Paul Society,Riley Center of St. Vincent De Paul Society,2,2
The Ronald Reagan Presidential Foundation,Ronald Reagan Presidential Foundation,2,2
The Sacramento Area Council of Governments,Sacramento Area Council Of Governments,2,2
The Student Housing Coalition,Student Housing Coalition,2,2
"The Surfrider Foundation, San Diego Chapter","Surfrider Foundation, San Diego Chapter",2,2
The Training Center,Training Center,2,2
The West Hollywood Project,West Hollywood Project,2,2
The Women's Center-High Desert,Women's Center-High Desert,2,2
The Wornick Company,Wornick Company,2,2
the Adjutant General,Adjutant General,2,2
the Chop Wood Carry Water CA Newsletter,Chop Wood Carry Water CA Newsletter,2,2
the City of Oakland,City Of Oakland,2,2
the County of Los Angeles Board of Supervisors,County of Los Angeles Board Of Supervisors,2,2
the STAND Foundation,Stand Foundation,2,2
the Sportfishing Financial Group,Sportfishing Financial Group,2,2
The A. L. Costa Community Development Center,A. L. Costa Community Development Center,1,3
"The Academic Senate, California State University","Academic Senate, California State University",1,3
The Advantage Group,Advantage Group,1,3
The Advocacy Respect Commitment of California,Advocacy Respect Commitment of California,1,3
The Affordable Housing Collaborative,Affordable Housing Collaborative,1,3
The Alliance for Toxic Free Fire Safety (ATFFS),Alliance for Toxic Free Fire Safety (ATFFS),1,3
"The American Academy of Pediatrics, California (AAP-CA)","American Academy of Pediatrics, California (AAP-CA)",1,3
"The American Association for Marriage and Family Therapy, California","American Association for Marriage and Family Therapy, California",1,3
The American College of Obstetricians and Gynecologists of,American College of Obstetricians and Gynecologists of,1,3
The American Congress of,American Congress of,1,3
"The American Parkinson Disease Association, Inc","American Parkinson Disease Association, Inc",1,3
The Anti,Anti,1,3
The Arc Of California,Arc Of California,1,3
The Associates Group for Affordable Housing,Associates Group for Affordable Housing,1,3
The Audrie Pott Foundation,Audrie Pott Foundation,1,3
The Bresee Foundation,Bresee Foundation,1,3
The CA,Ca,1,3
The CA Conference of Machinist,CA Conference of Machinist,1,3
The CROP Organization,CROP Organization,1,3
The Cahto Tribe Of The Laytonville Rancheria,Cahto Tribe of The Laytonville Rancheria,1,3
The Cahto Tribe of The Laytonville Rancheria,Cahto Tribe of The Laytonville Rancheria,1,3
The CalEITC Coalition,CalEITC Coalition,1,3
The California Advocates for Nursing,California Advocates for Nursing,1,3
The California Association for Nurse Practitioners (CANP),California Association for Nurse Practitioners (CANP),1,3
The California Association for Professionals in Infection Control & Epidemiology,California Association for Professionals in Infection Control & Epidemiology,1,3
The California Association of Mortgage Brokers (CAMB),California Association of Mortgage Brokers (CAMB),1,3
The California Association of Nurse Anesthetists (CANA),California Association of Nurse Anesthetists (CANA),1,3
The California Association of Obstetricians and Gynecologists (CAOG),California Association of Obstetricians and Gynecologists (CAOG),1,3
The California Bat Working Group,California Bat Working Group,1,3
The California Council of Community Behavioral Health Agencies,California Council Of Community Behavioral Health Agencies,1,3
The California Fair Services Authority,California Fair Services Authority,1,3
The California Lawyer's Association,California Lawyer's Association,1,3
The California Legislative Council for Older Americans,California Legislative Council For Older Americans,1,3
The California Ostrich Association,California Ostrich Association,1,3
The California Pharmacists,California Pharmacists,1,3
The California Railroad,California Railroad,1,3
"The California State Legislative Board of the Sheet Metal, Air, Rail and Transportation Workers - Transportation Division (SMART-TD)","California State Legislative Board of the Sheet Metal, Air, Rail and Transportation Workers - Transportation Division (SMART-TD)",1,3
The California-Mexico Studies Center,California-Mexico Studies Center,1,3
The Camp,Camp,1,3
The Center for LGBTQ and Gender Studies in Religion,Center for LGBTQ and Gender Studies in Religion,1,3
"The Center for Oceanic Awareness, Research, & Education","Center For Oceanic Awareness, Research, & Education",1,3
The Center for Violence-free Relationships,Center for Violence-Free Relationships,1,3
The Child Care Resource & Referral Network,Child Care Resource & Referral Network,1,3
The City of San Jose,City Of San Jose,1,3
The Climate Reality Project: San Fernando Valley Chapter,Climate Reality Project: San Fernando Valley Chapter,1,3
The Coalition of Franchise Associations,Coalition of Franchise Associations,1,3
The Committee of Bar Examiners,Committee of Bar Examiners,1,3
The Consul General of Austria,Consul General of Austria,1,3
"The Cow Palace, 1-A District Agricultural Association","Cow Palace, 1-A District Agricultural Association",1,3
The Davis Chamber of Commerce,Davis Chamber of Commerce,1,3
The Department of Housing and Community,Department of Housing and Community,1,3
"The Dixie Group, Inc","Dixie Group, Inc",1,3
The Duncan Group,Duncan Group,1,3
"The East Bay Consortium of Educational Institutions, Inc","East Bay Consortium of Educational Institutions, Inc",1,3
The Edge,Edge,1,3
The Education Trust - West Public Advocates,Education Trust - West Public Advocates,1,3
The End Police Violence Collective,End Police Violence Collective,1,3
The Environmental Coalition,Environmental Coalition,1,3
The Environmental Council of Santa Cruz County,Environmental Council of Santa Cruz County,1,3
The Executive Committee of the Family Law Section of the California State Bar,Executive Committee of the Family Law Section of the California State Bar,1,3
The Fellowship of Affirming Ministries,Fellowship of Affirming Ministries,1,3
The First American,First American,1,3
The Food Bank of Monterey County,Food Bank of Monterey County,1,3
The Foothill Collaborative for Sustainability,Foothill Collaborative For Sustainability,1,3
The Fund for Animals INC,Fund for Animals Inc,1,3
The Greater Bakersfield Chamber of Commerce,Greater Bakersfield Chamber Of Commerce,1,3
The Inland Empire Safe Kids Coalition,Inland Empire Safe Kids Coalition,1,3
The Inland Empire-Immigrant Youth Collective,Inland Empire-Immigrant Youth Collective,1,3
The Institute of London Underwriters,Institute of London Underwriters,1,3
The Interdisciplinary Council on Development and Learning,Interdisciplinary Council on Development and Learning,1,3
The KHEIR (Korean Health Education Information & Research) Center,KHEIR (Korean Health Education Information & Research) Center,1,3
The Kevin Collins Foundation,Kevin Collins Foundation,1,3
The Kitchen Rainmakers,Kitchen Rainmakers,1,3
The Laguna Greenbelt Inc,Laguna Greenbelt INC,1,3
The Land Conservancy,Land Conservancy,1,3
The Latino Coalition for A Healthy California,Latino Coalition For a Healthy California,1,3
The Latino Commission on Alcohol and Drug Abuse Services,Latino Commission on Alcohol and Drug Abuse Services,1,3
The Los Angeles County Solid Waste Management Committee/Integrated,Los Angeles County Solid Waste Management Committee/Integrated,1,3
The Lynch Foundation,Lynch Foundation,1,3
The Marin Cancer Project,Marin Cancer Project,1,3
The Marin County Board of Supervisors,Marin County Board Of Supervisors,1,3
The Men's Warehouse,Men's Warehouse,1,3
The Oregon State Ambulance Association,Oregon State Ambulance Association,1,3
The Orthopaedic Surgery Center of La Jolla,Orthopaedic Surgery Center of La Jolla,1,3
The Pacific Lumber Company (PALCO),Pacific Lumber Company (PALCO),1,3
The Paragon Companies,Paragon Companies,1,3
The Partnership for Los Angeles Schools,Partnership For Los Angeles Schools,1,3
The Placita Santa Fe Merchants Association,Placita Santa Fe Merchants Association,1,3
The Point,Point,1,3
The Professional Insurance Agents of California & Nevada,Professional Insurance Agents of California & Nevada,1,3
The Public Investors Arbitration Bar Association (PIABA),Public Investors Arbitration Bar Association (PIABA),1,3
The Redwood Empire Food Bank,Redwood Empire Food bank,1,3
The Safe Child Coalition,Safe Child Coalition,1,3
The San Francisco SPCA,San Francisco Spca,1,3
The Selma Enterprise,Selma Enterprise,1,3
The Sex Workers Project of The Urban Justice Center,Sex Workers Project of the Urban Justice Center,1,3
The Sheriff of Amador County,Sheriff of Amador County,1,3
The Social Justice,Social Justice,1,3
The Songwriters Guild of America,Songwriters Guild of America,1,3
The Southwestern California Legislative Council,Southwestern California Legislative Council,1,3
"The State Bar, Estate Planning, Trust","State Bar, Estate Planning, Trust",1,3
The State Coalition of Probation Organizations,State Coalition Of Probation Organizations,1,3
The State Department of Mental Health (SPONSOR),State Department of Mental Health (SPONSOR),1,3
The Stop ALD Foundation,Stop ALD Foundation,1,3
The Sutta Company,Sutta Company,1,3
The TG/ENBY Project,TG/ENBY Project,1,3
The Technology Network,Technology Network,1,3
The Torres Martinez Desert Cahuila Indians,Torres Martinez Desert Cahuila Indians,1,3
The TriCounty Watchdogs,TriCounty Watchdogs,1,3
The True Friendship Missionary Baptist Church,True Friendship Missionary Baptist Church,1,3
The Universal Fellowship,Universal Fellowship,1,3
The Ventura County Climate Hub,Ventura County Climate Hub,1,3
The Veterans Caucus of the Democratic Party,Veterans Caucus of the Democratic Party,1,3
The Welk Resort Group,Welk Resort Group,1,3
"The Willie L. Brown, Jr. Institute","Willie L. Brown, Jr. Institute",1,3
the American Civil Liberties Union,American Civil LIberties Union,1,3
the Aurora Santa Rosa Hospital,Aurora Santa Rosa Hospital,1,3
the Automobile Club of California,Automobile Club of California,1,3
the Bienestar Human Services,BIENESTAR Human Services,1,3
the Brady Campaign to Prevent Gun Violence,BRADY Campaign to Prevent Gun Violence,1,3
the California Academy of Family Physicians,California Academy Of Family Physicians,1,3
the California Association of Health Plans,California Association Of Health Plans,1,3
the City of San Jose,City Of San Jose,1,3
the Enviromental Health Coalition,Enviromental Health Coalition,1,3
the First Amendment,First Amendment,1,3
the Global Cannabinoid Research Center,Global Cannabinoid Research Center,1,3
the Law Foundation of Silicon Valley,Law Foundation Of Silicon Valley,1,3
the Medical Board of,Medical Board of,1,3
the Neighborhood Legal Services of Los Angeles County,Neighborhood Legal Services Of Los Angeles County,1,3
the River Project,River Project,1,3
the State Coalition of Probation Organizations,State Coalition Of Probation Organizations,1,3
the Trusts & Estates Section of the State Bar of California,Trusts & Estates Section of the State Bar of California,1,3
the Vallecito Union School District,Vallecito Union School District,1,3
the Vegan of La,Vegan of LA,1,3
the Village Family Services,Village Family Services,1,3
the Warner Bros. Entertainment INC,Warner Bros. Entertainment Inc,1,3
the Youth Law Center,Youth law Center,1,3
The Adult Entertainment Industry,Adult Entertainment Industry,2,1
The Alliance for School Boundary Change,Alliance for School Boundary Change,2,1
The American Board of Genetic Counseling,American Board of Genetic Counseling,2,1
The Antelope Valley Committee on Aging,Antelope Valley Committee on Aging,2,1
The Arc and United Cerebal Palsy California Collaboration,Arc and United Cerebal Palsy California Collaboration,2,1
The Arc of Riverside,Arc of Riverside,2,1
The Association for Multidisciplinary Education and Research in Substance Use and Addiction,Association for Multidisciplinary Education and Research in Substance Use and Addiction,2,1
The Association of Black Psychologists,Association of Black Psychologists,2,1
The Association of Financial Development Corporation,Association of Financial Development Corporation,2,1
"The Association of the United States Army, Northern California","Association of the United States Army, Northern California",2,1
The Audubon Center at Debs Park,Audubon Center At Debs Park,2,1
The Bedford Center,Bedford Center,2,1
The Board of Behavioral Sciences,Board Of Behavioral Sciences,2,1
The Branson School,Branson School,2,1
The British Government,British Government,2,1
The California Adult Webmasters Association,California Adult Webmasters Association,2,1
The California Alliance for Consumer,California Alliance For Consumer,2,1
The California Association of Environmental Health Administrators,California Association Of Environmental Health Administrators,2,1
The California Association of Highway Patrolmen,California Association Of Highway Patrolmen,2,1
The California Association of School Business Officials (CASBO),California Association of School Business Officials (Casbo),2,1
The California Business Properties Association,CALIFORNIA BUSINESS PROPERTIES ASSOCIATION,2,1
The California Children's Hospital Association,California Children'S Hospital Association,2,1
The California Commission on the Status of Women,California Commission on The Status of Women,2,1
The California Healthcare Association,California HEALTHCARE Association,2,1
The California League of Food Processors,California League Of Food Processors,2,1
The California Long Term Care Ombudsman Association,California Long term Care Ombudsman Association,2,1
The California Long-Term Care Ombudsman Association (CLTCOA),California Long-term Care Ombudsman Association (CLTCOA),2,1
The California Pool and Spa Association,California Pool and spa Association,2,1
The California Rail Foundation,California Rail Foundation,2,1
The California Society of Anesthesiologists,California Society Of Anesthesiologists,2,1
The California Society of Enrolled Agents,California Society Of Enrolled Agents,2,1
The California State Commanders Veterans Council,CALIFORNIA STATE COMMANDERS VETERANS COUNCIL,2,1
The California Taxpayers' Association (Cal-Tax),California Taxpayers' Association (Cal-TAX),2,1
The California Trade and Commerce,California Trade and Commerce,2,1
"The Carpet, Linoleum, and Soft Tile Workers Local Union 12","Carpet, Linoleum, and soft Tile Workers Local Union 12",2,1
The Cellular Network,Cellular Network,2,1
"The Center for Independent Living, INC","Center for Independent Living, INC",2,1
"The Center for Independent Living, Inc","Center for Independent Living, INC",2,1
"The Center, Orange County","Center, Orange County",2,1
"The Chamber of Commerce, Santa Barbara Region","Chamber of Commerce, Santa Barbara Region",2,1
The Chemical Industry Council of California,CHEMICAL INDUSTRY COUNCIL OF CALIFORNIA,2,1
The Children's Partnership (Co-Sponsor),Children's Partnership (Co-Sponsor),2,1
The Climate Reality Project - San Fernando Valley Chapter,Climate Reality Project - San Fernando Valley Chapter,2,1
The Coalition of California Utility Employees,Coalition OF California Utility Employees,2,1
The Collateral Loan and Secondhand Dealers Association (CLSDA),Collateral Loan and Secondhand Dealers Association (CLSDA),2,1
The Commerce Casino & Hotel,Commerce Casino & Hotel,2,1
The Commons,Commons,2,1
The Consul General of Spain,Consul General of Spain,2,1
The County of Alameda,County Of Alameda,2,1
The County of Butte,County Of Butte,2,1
The Distilled Spirits Council of the United States,Distilled Spirits Council Of The United States,2,1
The Diving Equipment and Marketing Association,Diving Equipment and Marketing Association,2,1
The Early Childhood Alliance,Early Childhood Alliance,2,1
The Episcopal Chaplaincy at San Jose State University,Episcopal Chaplaincy at San Jose State University,2,1
The Fashion Institute of Design and Merchandising (FIDM),Fashion Institute of Design and Merchandising (FIDM),2,1
The Father's Rights and Equality,Father's Rights and Equality,2,1
The Fatherso Rights and Equality Exchange,Fatherso Rights and Equality Exchange,2,1
The Filipino American Service Group Inc. (FASGI),Filipino American Service Group Inc. (FASGI),2,1
The Flea Market Inc,Flea Market Inc,2,1
The Food and Beverage Association,Food and Beverage Association,2,1
The Freel Agency,Freel Agency,2,1
The Fully Informed Jury Association,Fully Informed Jury Association,2,1
The Fund For,Fund for,2,1
The G.R.E.E.N Foundation,G.R.E.E.N Foundation,2,1
The Gamble Institute,Gamble Institute,2,1
The Government of Canada,Government of Canada,2,1
The Green Team at Francis Parker School,Green Team at Francis Parker School,2,1
The Guidance Charter School,Guidance Charter School,2,1
The Heal Project,HEAL Project,2,1
The Hollywood Women's Political Committee,Hollywood Women's Political Committee,2,1
The Humane Society of,Humane Society of,2,1
The Inclusion Collaborative,Inclusion Collaborative,2,1
The Institute for Socio-Economic Justice and Progressive Community,Institute for Socio-Economic Justice and Progressive Community,2,1
The Interior Design Society,Interior Design Society,2,1
The Juvenile Justice Project,Juvenile Justice Project,2,1
"The Kern, Inyo, and Mono Counties Central Labor Council","Kern, Inyo, and Mono Counties Central Labor Council",2,1
The Law Enforcement Chaplaincy-Sacramento,Law Enforcement Chaplaincy-Sacramento,2,1
The Los Angeles Foundation for the Circus Arts,Los Angeles Foundation for the Circus Arts,2,1
"The Los Angeles Probation Officers' Union, AFSCME Local 685","Los Angeles Probation Officers' Union, AFSCME Local 685",2,1
The Market Connection,Market Connection,2,1
The Marlene Chriss Gerspach-Warnes Cancer Research Fund,Marlene Chriss Gerspach-Warnes Cancer Research Fund,2,1
The Mary Byron Foundation,Mary Byron Foundation,2,1
The Merchants Association of Fresno,Merchants Association of Fresno,2,1
The Monterey County Board of Supervisors,Monterey County Board Of Supervisors,2,1
The Motion Picture Association of America,Motion Picture Association Of America,2,1
The National Association for the Advancement of Colored People,National Association for The Advancement of Colored People,2,1
The National Association of Recording Merchandisers,National Association of Recording Merchandisers,2,1
The National Football League (NFL),National Football League (NFL),2,1
The Office of the State Long-Term Care Ombudsman,Office of the State Long-term Care Ombudsman,2,1
The Pacific Unified School District,Pacific Unified School District,2,1
The Parker and Friends Fund,Parker and Friends Fund,2,1
The Partnership for Children,Partnership for Children,2,1
"The Peace, Earthcare and Social Witness Committee","Peace, Earthcare and Social Witness Committee",2,1
The Pride Panthers Coalition INC,Pride Panthers Coalition Inc,2,1
The Prudential Insurance Company of America,Prudential Insurance Company of America,2,1
The Read to Me Project,Read to Me Project,2,1
The Redwoods,Redwoods,2,1
The Rock Academy,Rock Academy,2,1
The San Diego Business Roundtable for Education,San Diego Business Roundtable for Education,2,1
The SeaChange Agency,Seachange Agency,2,1
The Secretary of State,Secretary Of State,2,1
The Seed Advisory Board,Seed Advisory Board,2,1
The South Bay Down Syndrome Association,South Bay Down Syndrome Association,2,1
The Southern California Gas Company,Southern California gas Company,2,1
The Stronger California Coalition,Stronger California Coalition,2,1
The Torrance Parents Organization,Torrance Parents Organization,2,1
"The Village Project, INC","Village Project, Inc",2,1
The Watershed Nursery,Watershed Nursery,2,1
The Westside Impact Coalition,Westside Impact Coalition,2,1
"The Women's Zionist Organization of America, Inc","Women's Zionist Organization of America, Inc",2,1
The YMCA of Metropolitan Los Angeles,YMCA Of Metropolitan Los Angeles,2,1
The Yolo County Ag & Food Alliance,Yolo County Ag & Food Alliance,2,1
The Zenith,Zenith,2,1
the Aura Seating,Aura Seating,2,1
the Cal Asian Chamber of Commerce,CAL Asian Chamber of Commerce,2,1
the California Association of Resource Conservation Districts,California Association Of Resource Conservation Districts,2,1
the City of,CITY OF,2,1
the Coalition for Elder & Disability Rights,Coalition for Elder & DisAbility Rights,2,1
the Coalition of California Utility Employees,Coalition OF California Utility Employees,2,1
the Consumer Attorneys of California,CONSUMER ATTORNEYS OF CALIFORNIA,2,1
the Consumer Federation of California,CONSUMER FEDERATION OF CALIFORNIA,2,1
the County Health Executives Association of California (CHEAC),County Health Executives Association of California (Cheac),2,1
the Friends Committee on Legislation of California,FRIENDS COMMITTEE ON LEGISLATION OF CALIFORNIA,2,1
the Legion of,Legion of,2,1
the Lutheran Office of Public Policy - California,LUTHERAN OFFICE OF PUBLIC POLICY - CALIFORNIA,2,1
"the Plumbing, Heating and Piping Industry","Plumbing, Heating and Piping Industry",2,1
the State Bar (FLEXCOM),State Bar (FLEXCOM),2,1
"the Wellhead Electric Company, Inc","Wellhead Electric Company, INC",2,1
The Adam Walsh Foundation,Adam Walsh Foundation,1,2
The African American Network for Violence Free Relationships,African American Network for Violence Free Relationships,1,2
The Agent and Brokers Legislative Council,Agent and Brokers Legislative Council,1,2
The American Cancer Society/Cancer Action Network,American Cancer Society/Cancer Action Network,1,2
"The American College of Obstetricians and Gynecologists, District IX, California","American College of Obstetricians and Gynecologists, District IX, California",1,2
"The American Federation of State, County and Municipal Employees, AFL-CIO (Co-Sponsor)","American Federation of State, County and Municipal Employees, Afl-cio (Co-Sponsor)",1,2
"The American Federation of State, County and State Employees, AFL-CIO","American Federation of State, County and State Employees, AFL-CIO",1,2
"The American Legion, Post 102","American Legion, Post 102",1,2
The Arc Riverside,ARC Riverside,1,2
The Arts and Healing Network,Arts and Healing Network,1,2
The Association for the Recovery of Children,Association for the Recovery of Children,1,2
The Association of African Americans in Fire Service,Association of African Americans in Fire Service,1,2
The Association of Destination Management Executives,Association of Destination Management Executives,1,2
"The Black Butte Saloon (Weed, California)","Black Butte Saloon (Weed, California)",1,2
"The Board of Supervisors, Madera County","Board of Supervisors, Madera County",1,2
The Bridge Bible Fellowship,Bridge Bible Fellowship,1,2
The Bureau for Private Postsecondary and Vocational Education,Bureau for Private Postsecondary and Vocational Education,1,2
The CA Chapter of the American College of Cardiology,CA Chapter of The American College of Cardiology,1,2
The CA Chapters of the Brady Campaign to Prevent Gun Violence,CA Chapters of the Brady Campaign to Prevent Gun Violence,1,2
The Cachil Dehe Band of Wintun Indians,Cachil dehe Band of Wintun Indians,1,2
The California Adult Business Association,California Adult Business Association,1,2
"The California Association for Health, Physical Education, Recreation and Dance","California Association For Health, Physical Education, Recreation and Dance",1,2
The California Association for Micro Enterprise Opportunity,California Association For Micro Enterprise Opportunity,1,2
The California Association of School Business Officials,California Association Of School Business Officials,1,2
The California Chapter of the National,California Chapter of the National,1,2
The California Coalition for Women Prisoners,California Coalition For Women Prisoners,1,2
The California Community Colleges Chancellors Office,California Community Colleges Chancellors Office,1,2
The California Council of Community,California Council of Community,1,2
The California Health Advocates (CHA),California Health Advocates (CHA),1,2
The California Healthcare Institute,California HealthCare Institute,1,2
The California League Of Conservation Voters,CALIFORNIA LEAGUE OF CONSERVATION VOTERS,1,2
The California Peace Officer' Association,California Peace Officer' Association,1,2
The California Solar and Storage Association,California Solar And Storage Association,1,2
The California State Superintendent of Public Instruction,California State Superintendent of Public Instruction,1,2
The California Welfare Directors,California Welfare Directors,1,2
The Campaign for A Safe and Healthy California,Campaign for A Safe and Healthy California,1,2
The Center At Sierra Health Foundation,Center at Sierra Health Foundation,1,2
"The Center For Oceanic Awareness, Research, and Education (COARE)","Center for Oceanic Awareness, Research, and Education (COARE)",1,2
The Center for Responsible Lending,Center For Responsible Lending,1,2
"The Central Labor Council of Contra Costa County, AFL-CIO","Central Labor Council of Contra Costa County, AFl-CIO",1,2
The Chicano/Latino Medical Association of California,Chicano/Latino Medical Association of California,1,2
"The Children's Collective, INC","Children's Collective, Inc",1,2
The Chinese Historical Society of Southern California,Chinese Historical Society of Southern California,1,2
The Chronic Care Coalition (CCC),Chronic Care Coalition (CCC),1,2
The Citizens Commission on Human Rights (CCHR),Citizens Commission on Human Rights (CCHR),1,2
The City of Del Mar,City Of Del Mar,1,2
The City of Glendora,City Of Glendora,1,2
The City of Hope International,City of Hope International,1,2
The City of Paso Robles,City Of Paso Robles,1,2
The City of Roseville,City Of Roseville,1,2
"The Climate Reality Project, Riverside County","Climate Reality Project, Riverside County",1,2
The Community Redevelopment Agency,Community Redevelopment Agency,1,2
The Council on Developmental Disabilities,Council on Developmental Disabilities,1,2
The County Alcohol and Drug Program Administrators Association of,County Alcohol and drug Program Administrators Association of,1,2
The County of Benito,County of Benito,1,2
The Crossroads of the West Gun Shows,Crossroads of The West Gun Shows,1,2
"The Department of General Services, Office of State Architect","Department of General Services, Office of State Architect",1,2
The East Bay Community Law Center,East Bay Community law Center,1,2
The Elk Grove CSD Fire Department,Elk Grove CSD Fire Department,1,2
The Environmental Defense Fund,Environmental Defense fund,1,2
The Environmental Finance Center for Region IX,Environmental Finance Center for Region IX,1,2
The FAIR Foundation,Fair Foundation,1,2
The Fashion Law Group,Fashion Law Group,1,2
The Foster Parent Association of Santa Cruz County,Foster Parent Association of Santa Cruz County,1,2
The Foundation For Taxpayer And Consumer Rights,Foundation for Taxpayer And Consumer Rights,1,2
The Free,Free,1,2
The Friends Committee on Legislation of CA (FCLCA),Friends Committee on Legislation of CA (FCLCA),1,2
The Gay and Lesbian Armenian Society,Gay and Lesbian Armenian Society,1,2
The Grandkidsandme Foundation,Grandkidsandme Foundation,1,2
The Guadalupe Art Program,Guadalupe Art Program,1,2
The Hand Up Youth Food Pantry Student Advisory Board,Hand Up Youth Food Pantry Student Advisory Board,1,2
The Heart and Soul Coalition,Heart and Soul Coalition,1,2
The Home Office and Business Opportunities Association of California,Home Office and Business Opportunities Association of California,1,2
"The Honorable Dean F. Andal, Member, Board of Equalization","Honorable Dean F. Andal, Member, Board of Equalization",1,2
"The Honorable Jerry Brown, Mayor of Oakland","Honorable Jerry Brown, Mayor of Oakland",1,2
The Humane Society of the U.S,Humane Society of the U.S,1,2
The Hungry Planet,Hungry Planet,1,2
The Huntington Group,Huntington Group,1,2
The IT Corporation,IT Corporation,1,2
The Immigrant Health Equity and Legal Partnership,Immigrant Health Equity and Legal Partnership,1,2
The In Home Supportive Services Advisory Committee San Bernardino,In Home Supportive Services Advisory Committee San Bernardino,1,2
The Inland Valley,Inland Valley,1,2
The John Burton Advocates for Youth,John Burton Advocates For Youth,1,2
The K.W. Lee Center for Leadership,K.W. Lee Center for Leadership,1,2
The LGBT Center Orange County,LGBT Center Orange County,1,2
The Law,law,1,2
The Legal Aid Society-Employment Law Center (Co-Sponsor),Legal Aid Society-Employment Law Center (Co-Sponsor),1,2
The Lgbt Asylum Project,LGBT Asylum Project,1,2
The London Group,London Group,1,2
The Los Angeles Institute and Society for Psychoanalytic Studies,Los Angeles Institute and Society for Psychoanalytic Studies,1,2
"The Los Angeles Kings Hockey Club, LP","Los Angeles Kings Hockey Club, LP",1,2
The Loyola Law School Center for Conflict Resolution,Loyola Law School Center for Conflict Resolution,1,2
The Market Street Association,Market Street Association,1,2
The Metropolitan Water District Of Southern California,Metropolitan Water District Of Southern California,1,2
The Michelson Center for Public Policy (Co-Sponsor),Michelson Center for Public Policy (Co-Sponsor),1,2
The Mimi and Peter Haas Fund,Mimi and Peter Haas Fund,1,2
The Myositis Association,Myositis Association,1,2
The National Accounting Firms,National Accounting Firms,1,2
The National Alliance for the Mentally,National Alliance for the Mentally,1,2
The National Business,National Business,1,2
The National Consumer Voice for Quality Long Term Care,National Consumer Voice for Quality Long Term Care,1,2
"The National Latina/o Lesbian, Gay, Bisexual & Transgender","National Latina/o Lesbian, Gay, Bisexual & Transgender",1,2
The National Native American AIDS Prevention Center,National Native American AIDS Prevention Center,1,2
The National Vehicle Protection Association,National Vehicle Protection Association,1,2
The Nature,Nature,1,2
The Non-Profit Housing Association of California,Non-Profit Housing Association of California,1,2
The Oakland Youth Commission,Oakland Youth Commission,1,2
The Office of Justice and Peace of the Archdiocese of Los,Office of Justice and Peace of the Archdiocese of Los,1,2
The Oley Foundation,Oley Foundation,1,2
The Osteopathic Physicians and Surgeons of,Osteopathic Physicians and Surgeons of,1,2
The Pacific Club IMPACT Foundation,Pacific Club IMPACT Foundation,1,2
The Pelagic Shark Research Foundation,Pelagic Shark Research Foundation,1,2
The Performance,Performance,1,2
The Pharmaceutical Researchers and Manufacturers Association,Pharmaceutical Researchers and Manufacturers Association,1,2
The Philanthropy Roundtable,Philanthropy Roundtable,1,2
The Ponderosa Telephone Company,Ponderosa Telephone Company,1,2
The Professional Insurance Agents Group (PIA),Professional Insurance Agents Group (PIA),1,2
The Remedy Pharm,Remedy Pharm,1,2
The Resolve LRA Crisis Initiative,Resolve LRA Crisis Initiative,1,2
"The Retired Officers Association, California Council of Chapters","Retired Officers Association, California Council of Chapters",1,2
The Retired Public Employees,Retired Public Employees,1,2
The Rich Pelletreau Wildlife Gallery and Studio,Rich Pelletreau Wildlife Gallery and Studio,1,2
The Riverside Sheriffs' Association (Co-Sponsor),Riverside Sheriffs' Association (Co-Sponsor),1,2
The Ron Finley Project,Ron Finley Project,1,2
The Rouse Company,Rouse Company,1,2
The Rural Quality Coalition of Nevada County,Rural Quality Coalition of Nevada County,1,2
The Samoan Community Development Center,Samoan Community Development Center,1,2
The San Francisco Childcare Planning and Advisory Council,San Francisco Childcare Planning and Advisory Council,1,2
The San Francisco Department of Emergency Management,San Francisco Department of Emergency Management,1,2
The San Francisco Wraparound Project,San Francisco Wraparound Project,1,2
"The Schaber Company, Ltd","Schaber Company, Ltd",1,2
The Sheriff of,Sheriff of,1,2
The Sheriff of Orange County,Sheriff of Orange County,1,2
The Sheriff of Placer County,Sheriff of Placer County,1,2
The Sierra Club Foundation,Sierra Club Foundation,1,2
The Sierra County Democratic Central Committee,Sierra County Democratic Central Committee,1,2
The Simon,Simon,1,2
The Southern Low Desert Resource Conservation and Development,Southern Low Desert Resource Conservation and Development,1,2
The Spectator,Spectator,1,2
The Sportfishing Financial Group,Sportfishing Financial Group,1,2
The Sports Club Company,Sports Club Company,1,2
The Sports Management Group,Sports Management Group,1,2
"The State Bar of California, Family Law","State Bar of California, Family Law",1,2
The State Public Affairs Committee (SPAC) of the Junior Leagues of California,State Public Affairs Committee (SPAC) of the Junior Leagues of California,1,2
The Tofurky Company,Tofurky Company,1,2
The TransLatin@Coalition,TransLatin@Coalition,1,2
The UCLA Economic and Crisis Response Team,UCLA Economic and Crisis Response Team,1,2
The UCLA Students Facilities Commission,UCLA Students Facilities Commission,1,2
The UCLA Undergraduate Students Association's Office of the External Vice President,UCLA Undergraduate Students Association's Office of the External Vice President,1,2
The VOICED Coalition,VOICED Coalition,1,2
"The Villa Center, INC","Villa Center, Inc",1,2
The Village Nation,Village Nation,1,2
The Voiced Coalition,VOICED Coalition,1,2
The Volvo Group,Volvo Group,1,2
The William D. Lynch Foundation for Children,William D. Lynch Foundation for Children,1,2
the AMVETS- Department of California,AMVETs- Department of California,1,2
the Avalon Medical Development Corporation,Avalon Medical Development Corporation,1,2
the Blue Shield of California,Blue Shield Of California,1,2
the CA State Sheriffs Association,CA State Sheriffs Association,1,2
the California Medical Association,California Medical ASsociation,1,2
the California Pan-Ethnic Health Network,California PAN-Ethnic Health Network,1,2
the City and County of San Francisco,City And County of San Francisco,1,2
the Coalition of California Welfare Rights Organizations,Coalition Of California Welfare Rights Organizations,1,2
the Collective for Liberatory Lawyering,Collective for Liberatory Lawyering,1,2
the County of Los Angeles Department of Parks and Recreation,County of Los Angeles Department of Parks and Recreation,1,2
the Diocese of Oakland,Diocese of Oakland,1,2
the Edge Coalition,Edge Coalition,1,2
"the JP Squared Consulting, LLC","JP Squared Consulting, LLC",1,2
the John Burton Advocates for Youth,John Burton Advocates For Youth,1,2
the K.W. Lee Center for Leadership,K.W. Lee Center for Leadership,1,2
the Living Desert Zoo and Garden,Living Desert Zoo and Garden,1,2
the Nicole Brown Simpson,Nicole Brown Simpson,1,2
the Planning and Conservation League,PLANNING AND CONSERVATION LEAGUE,1,2
the Redrover,Redrover,1,2
the Sacramento Area Coalition of Mobilehomeowner Associations,Sacramento Area Coalition of Mobilehomeowner Associations,1,2
the Santa Ynez Band of Chumash Indians,Santa Ynez Band Of Chumash Indians,1,2
the Securities Industry Association (SIA),Securities Industry Association (SIA),1,2
the Small Business Connection,Small Business Connection,1,2
the South Colton Diversity Committee,South Colton Diversity Committee,1,2
the State of California,State of California,1,2
the Superior Court of San Bernardino County,Superior Court of San Bernardino County,1,2
the Three Trees Delivery,Three Trees Delivery,1,2
the Wine,Wine,1,2
THE TRUST FOR PUBLIC LAND,TRUST FOR PUBLIC LAND,1,1
The 5 Gyres Institute (Co-Sponsor),5 Gyres Institute (Co-Sponsor),1,1
"The AFSCME, AFL-CIO","AFSCME, AFl-CIO",1,1
The AIDS Institute,Aids Institute,1,1
The ALS Association - Golden West Chapter,ALS Association - Golden West Chapter,1,1
The ARC and United Cerebral Palsy,ARC and United Cerebral Palsy,1,1
The Alameda County Board of Supervisors,ALAMEDA COUNTY BOARD OF SUPERVISORS,1,1
The Alameda County Breastfeeding Task Force,Alameda County Breastfeeding Task Force,1,1
The Alcohol and Drug Abuse Prevention Task Force Coalition,Alcohol and Drug Abuse Prevention Task Force Coalition,1,1
The Allergy Station,Allergy Station,1,1
The Alliance for Children's,Alliance for Children's,1,1
The Alliance for Nuclear Responsibility,Alliance For Nuclear Responsibility,1,1
The Alliance for a Better Community,Alliance For a Better Community,1,1
"The Alliance of Special Effects and Pyrotechnic Operators, Inc","Alliance of Special Effects and Pyrotechnic Operators, Inc",1,1
The American Association for Marriage and Family Therapy-California,American Association for Marriage and Family Therapy-California,1,1
The American Association of Retired Persons,American Association Of Retired Persons,1,1
The American Civil Liberties Coalition,American Civil Liberties Coalition,1,1
The American College of Obstetricians and Gynecologists District,American College of Obstetricians and Gynecologists District,1,1
"The American College of Obstetrics and Gynecologists, District IX (California)","American College of Obstetrics and Gynecologists, District IX (California)",1,1
The American Heart/American Stroke Association (AHA/ASA),American Heart/American Stroke Association (AHA/ASA),1,1
The American Legion Department of California Chinatown Post 628,American Legion Department of California Chinatown Post 628,1,1
"The American Legion, Dept. of California","American Legion, Dept. of California",1,1
The American Plasma Users Association,American Plasma Users Association,1,1
The Apartment Association of Orange County,Apartment Association Of Orange County,1,1
The Arc & United Cerebral Palsy CA Collaboration,Arc & United Cerebral Palsy CA Collaboration,1,1
The Arc and United Cerebral California Collaboration,Arc and United Cerebral California Collaboration,1,1
The Aresis Ensemble Inc,Aresis Ensemble INC,1,1
The Arms Control Association,Arms Control Association,1,1
The Assembly Insurance Committee,Assembly Insurance Committee,1,1
The Associated Students Council,Associated Students Council,1,1
The Association For Los Angeles Deputy Sheriffs,Association For Los Angeles Deputy Sheriffs,1,1
The Association for Los Angeles Deputy Sheriffs Association,Association for Los Angeles Deputy Sheriffs Association,1,1
The Association of California Construction Managers,Association Of California Construction Managers,1,1
The Association of California Life & Health Insurance Companies,Association of California life & Health Insurance Companies,1,1
The Association of Colleges for Tutoring and Learning Assistance,Association of Colleges for Tutoring and Learning Assistance,1,1
The Association of Community Human Services Agencies (ACHSA),Association of Community Human Services Agencies (ACHSA),1,1
The Association of General Contractors Of America,Association of General Contractors of America,1,1
The Audubon California,AUDUBON CALIFORNIA,1,1
The Awareness,Awareness,1,1
The BIPOC Student Midwives Fund,BIPOC Student Midwives Fund,1,1
The Berkeley Baby Book Project,Berkeley Baby Book Project,1,1
The Bipoc Student Midwives Fund,BIPOC Student Midwives Fund,1,1
The Black Caucus of the California Community Colleges,Black Caucus of the California Community Colleges,1,1
The Board of Governors of the State Bar of California,Board of Governors of the State Bar of California,1,1
"The Board of Supervisors, Alpine County","Board of Supervisors, Alpine County",1,1
"The Board of Supervisors, Placer County","Board of Supervisors, Placer County",1,1
The Business Roundtable for Education Foundation,Business Roundtable for Education Foundation,1,1
The C.O.O.K. Alliance,C.o.o.k. Alliance,1,1
The CalWORKs Association's Project SPARC,CalWORKs Association's Project SPARC,1,1
The Calasian Chamber of Commerce,CALAsian Chamber of Commerce,1,1
The Calguns Foundation,CalGuns Foundation,1,1
The California Academy of Audiology (CAA),California Academy of Audiology (CAA),1,1
The California Academy of Eye Physicians & Surgeons (CAEPS),California Academy of Eye Physicians & Surgeons (CAEPS),1,1
The California Association for Medical,California Association for Medical,1,1
The California Association for Medical Laboratory Technology,California Association For Medical Laboratory Technology,1,1
The California Association of Joint Powers Authorities (CJPA),California Association of Joint Powers Authorities (CJPA),1,1
The California Association of Local Conservation Corps,California Association Of Local Conservation Corps,1,1
The California Association of Marriage and Family Therapists,California Association Of Marriage And Family Therapists,1,1
The California Association of Nonprofits,California Association Of Nonprofits,1,1
The California Association of Professional Scientists,California Association Of Professional Scientists,1,1
The California Association of Public Administrators,California Association of Public Administrators,1,1
The California Association of Resource Conservation Districts,California Association Of Resource Conservation Districts,1,1
The California Cannabis Industry Association (CCIA),California Cannabis Industry Association (CCIA),1,1
The California Children and Families Commission,California Children And Families Commission,1,1
The California Clinical Laboratory,California Clinical Laboratory,1,1
The California Coalition for Equity in Early Care and Education,California Coalition for Equity in Early Care and Education,1,1
The California College and University Police Chief's Association,California College and University Police Chief's Association,1,1
"The California Congress of Parents, Teachers, and Students, Inc","California Congress of Parents, Teachers, and Students, INC",1,1
The California Export Finance Office,California Export Finance Office,1,1
"The California Federation of Teachers, California Teachers","California Federation of Teachers, California Teachers",1,1
The California Fish and Game Warden's Protective Association,California Fish and Game Warden's Protective Association,1,1
The California Food Literacy Center,California Food Literacy Center,1,1
The California Grape and Tree Fruit League,California Grape and tree Fruit League,1,1
The California Hispanic Chambers,California Hispanic Chambers,1,1
The California Manufactures & Technology Association,CALIFORNIA MANUFACTURES & TECHNOLOGY ASSOCIATION,1,1
The California New Care Dealers Association,California New Care Dealers Association,1,1
The California Rail Industry,California Rail Industry,1,1
The California Railroad Authority,California Railroad Authority,1,1
The California Sportsman Lobby,California Sportsman Lobby,1,1
The California State Council of the Service Employees International Union (SEIU California),California State Council of the Service Employees International Union (seiu California),1,1
The California State Fire Marshall,California State Fire Marshall,1,1
The California Tenants of the 710 Corridor,California Tenants of the 710 Corridor,1,1
The Campaign for Tobacco-Free Kids,Campaign for Tobacco-free Kids,1,1
The Camptonville Academy,Camptonville Academy,1,1
The Center for Independence of Individuals with Disabilities,Center for Independence of Individuals With Disabilities,1,1
The Center for Land-Based Learning,Center For Land-Based Learning,1,1
The Center for Law and Social Policy/The National Women's Law Center,Center for Law and Social Policy/The National Women's Law Center,1,1
The Center for Responsible Lending (CRL),Center For Responsible Lending (CRL),1,1
The Center for Science in the Public Interest (CSPI),Center for Science in the Public Interest (CSPI),1,1
The Center for Violence Free Relationships,Center for Violence Free Relationships,1,1
The Center for Young Women Development,Center for Young Women Development,1,1
"The Center on Race, Poverty & The Environment","Center On Race, Poverty & the Environment",1,1
"The Center on Race, Poverty & the Environment","Center On Race, Poverty & the Environment",1,1
The Certified Access Specialist Institute,Certified Access Specialist Institute,1,1
The Child Care Law Center,Child Care law Center,1,1
The Children's Network of San Bernardino County,Children's Network of San Bernardino County,1,1
The Cities Association of Santa Clara County,Cities Association Of Santa Clara County,1,1
The City of,CITY OF,1,1
The City of Redwood City,City of Redwood city,1,1
The City of San Marcos,City Of San Marcos,1,1
The City of Santa Rosa,City Of Santa Rosa,1,1
The City of Stockton,City Of Stockton,1,1
The Clean Power Campaign (CPC),Clean Power Campaign (CPC),1,1
The Climate Reality Project - San Francisco Bay Area,Climate Reality Project - San Francisco Bay Area,1,1
The Coalition Of Homeless Services Providers,Coalition of Homeless Services Providers,1,1
The Coalition for Adequate Funding for Special Education,Coalition For Adequate Funding for Special Education,1,1
The Coalition of Foreign Dental Graduates,Coalition of Foreign Dental Graduates,1,1
The Coalition of Homeless Services Providers,Coalition of Homeless Services Providers,1,1
The Coalition of Orange County Community Clinics,Coalition Of Orange County Community Clinics,1,1
The Coalition to Fight Hardcore Drunk Driving,Coalition to Fight Hardcore Drunk Driving,1,1
The Commission on the Status of Women,Commission On The Status Of Women,1,1
The Committee Opposed to Militarism and the Draft (COMD),Committee Opposed to Militarism and the Draft (COMD),1,1
The Committee of,Committee of,1,1
The Community Financial Services Association (CFSA),Community Financial Services Association (CFSA),1,1
The Community Residential Care,Community Residential Care,1,1
The Conference of the California Bar Association,Conference of the California Bar Association,1,1
The Council for Responsible Nutrition,Council For Responsible Nutrition,1,1
The Council of Insurance Agents and Brokers,Council of Insurance Agents and Brokers,1,1
The Council of Mexican,Council of Mexican,1,1
The County Health Executives Association of California (CHEAC),County Health Executives Association of California (Cheac),1,1
The County Recorder's Association of,County Recorder's Association of,1,1
The County of Riverside,County Of Riverside,1,1
The Courage Campaign,COURAGE CAMPAIGN,1,1
The Crohn's and Colitis Foundation of America,Crohn's and Colitis Foundation of America,1,1
The Daddio Collective,Daddio Collective,1,1
The Democratic Party of the San Fernando Valley,Democratic Party Of The San Fernando Valley,1,1
The Dentist's Choice,Dentist's Choice,1,1
The Department of California Military Order of the Purple Heart,Department of California Military Order of the Purple Heart,1,1
The Department of Employment Development,Department of Employment Development,1,1
The Department of Real Estate (SPONSOR),Department of Real Estate (SPONSOR),1,1
The District Attorney of San Diego,District Attorney of San Diego,1,1
The Economic Development and Justice Giving Circle of The Women's Foundation of CA,Economic Development and Justice Giving Circle of the Women's Foundation of CA,1,1
The Elizabeth Taylor Aids Foundation,Elizabeth Taylor AIDS Foundation,1,1
The Employers Health Care Coalition of,Employers Health Care Coalition of,1,1
The Employers Health Coalition of Los Angeles,Employers Health Coalition of Los Angeles,1,1
The Evans HR GROUP,Evans HR Group,1,1
The Evans HR Group,Evans HR Group,1,1
The Everychild,Everychild,1,1
The Executive Committee of the Family Law Section of the State Bar (FLEXCOM),Executive Committee of the Family Law Section of the State Bar (Flexcom),1,1
The Executive Committee of the Trusts & Estates Section of the State Bar,Executive Committee of the Trusts & Estates Section of the State Bar,1,1
The Executive Committee of the Trusts and Estates Section,Executive Committee of the Trusts and Estates Section,1,1
The Family Resource Center of the Redwoods,Family Resource Center of the Redwoods,1,1
The Family Winemakers of California (FWC),Family Winemakers of California (FWC),1,1
The Female Composer Safety League,Female Composer Safety League,1,1
The First 5 Association of California,First 5 Association Of California,1,1
The Food Bank for Monterey County,Food bank for Monterey County,1,1
The Foundation for Grandparenting,Foundation for Grandparenting,1,1
The Foundation for Taxpayer,Foundation for Taxpayer,1,1
The Friends of the Goleta Valley Library,Friends of the Goleta Valley Library,1,1
The Global Action Research Center,Global Action Research Center,1,1
The Global Center for Women & Justice at Vanguard University,Global Center for Women & Justice at Vanguard University,1,1
The Greater Livery Association,Greater Livery Association,1,1
The Green Team At Francis Parker School,Green Team at Francis Parker School,1,1
The Greenhorns,Greenhorns,1,1
The Harker Summer Programs,Harker Summer Programs,1,1
The Hawk Institute,HAWK Institute,1,1
The Hearing Well Club,Hearing Well Club,1,1
The Heart Project,Heart Project,1,1
The Home Office and Business Opportunities Association of California (SPONSOR),Home Office and Business Opportunities Association of California (SPONSOR),1,1
"The Honorable Bill Lockyer, California State Treasurer","Honorable Bill Lockyer, California State Treasurer",1,1
"The Honorable David Alvarez, Councilmember","Honorable David Alvarez, Councilmember",1,1
The Hospital Corporation of America,Hospital Corporation Of America,1,1
The Hot Springs Elementary School District,Hot Springs Elementary School District,1,1
The Human Services Network of Los Angeles,Human Services Network of Los Angeles,1,1
The Immunize LA Kids Coalition,Immunize LA Kids Coalition,1,1
The Indie-Activists,Indie-Activists,1,1
The Inland Coalition for Immigrant Justice,Inland Coalition For Immigrant Justice,1,1
The Institute for Rural Psychedelic Care,Institute for Rural Psychedelic Care,1,1
The Institute for The Building Envelope,Institute for the Building Envelope,1,1
"The Japanese American Citizens League, Marin County Chapter","Japanese American Citizens League, Marin County Chapter",1,1
The June Burnett Institute,June Burnett Institute,1,1
"The Junior League of Orange County, California, Inc","Junior League of Orange County, California, INC",1,1
The Kern County Board of Supervisors,Kern County Board Of Supervisors,1,1
The Lamda Letters Project,LAMDA Letters Project,1,1
The Land Trust of Santa Cruz,Land Trust of Santa Cruz,1,1
The Law Offices of Lurie and Zepeda,Law Offices of Lurie and Zepeda,1,1
The Lawyers Committee for Civil Rights of the San Francisco Bay Area,Lawyers Committee for Civil Rights of the San Francisco Bay area,1,1
The Learning Experience Corp,Learning Experience Corp,1,1
The Legal Aid Society - Employment Law Center (LAS-ELC),Legal Aid Society - Employment Law Center (LAS-ELC),1,1
The Lesbian & Gay Men's Community Center of San Diego,Lesbian & Gay Men's Community Center of San Diego,1,1
The Life Raft Group,Life Raft Group,1,1
"The Lighter Association, Inc","Lighter Association, Inc",1,1
The Los Angeles Area Chamber of Commerce,Los Angeles area Chamber of Commerce,1,1
The Lynch Foundation for Children,Lynch Foundation For Children,1,1
The Marlin Club,Marlin Club,1,1
The McConnell Foundation,McConnell Foundation,1,1
The Mental Health Services Oversight and Accountability Commission,Mental Health Services Oversight And Accountability Commission,1,1
The Mexican American Legal Defense and Educational Fund,Mexican American Legal Defense And Educational Fund,1,1
The Monterey County Superior Court,Monterey County Superior Court,1,1
The Museum of The San Fernando Valley,Museum of the San Fernando Valley,1,1
The Museum of the San Fernando Valley,Museum of the San Fernando Valley,1,1
The National Association of Securities Dealers,National Association of Securities Dealers,1,1
The National Bill of Rights Policy Partnership for Children of the Incarcerated,National Bill of Rights Policy Partnership for Children of the Incarcerated,1,1
The National Coalition,National Coalition,1,1
The National Day of the Cowboy Organization,National Day of the Cowboy Organization,1,1
The National Federation of Independent Business (NFIB),National Federation Of Independent Business (NFIB),1,1
The National Kidney Foundation of Northern,National Kidney Foundation of Northern,1,1
The National Panic/Anxiety Disorder Newsletter,National Panic/Anxiety Disorder Newsletter,1,1
"The Ness Counseling Center, Inc","NESS Counseling Center, Inc",1,1
The New Conservatory Theatre Center,New Conservatory Theatre Center,1,1
The Non Toxic Revolution,Non Toxic Revolution,1,1
The Nonprofit Housing Association of Northern California [SPONSOR,Nonprofit Housing Association of Northern California [SPONSOR,1,1
"The Office of the External Affairs Vice President of the Associated Students of the University of California, Davis","Office of the External Affairs Vice President of the Associated Students of the University of California, Davis",1,1
The Pacific Institute for Community Organization California,Pacific Institute for Community Organization California,1,1
The Palace,Palace,1,1
"The Palavra Tree, Inc","Palavra Tree, Inc",1,1
The Palms,Palms,1,1
The People's Community Organization for Reform and Empowerment (People's CORE),People's Community Organization for Reform and Empowerment (People's CORE),1,1
"The Personal Assistance Services Council, the Los Angeles County Public Authority","Personal Assistance Services Council, the Los Angeles County Public Authority",1,1
The Port of Oakland,Port Of Oakland,1,1
The Public Health Justice Collective,PUBLIC HEALTH JUSTICE COLLECTIVE,1,1
The Public Interest Law Project [SPONSOR,Public Interest Law Project [Sponsor,1,1
The Public Sector Marketing Group,Public Sector Marketing Group,1,1
"The Public Sector Marketing Group, Inc","Public Sector Marketing Group, Inc",1,1
The Punk Rock Therapist,Punk Rock Therapist,1,1
The Purple Heart Trail Committee of the Marine Corps League 680,Purple Heart Trail Committee of the Marine Corps League 680,1,1
The Recreational Aviation Foundation,Recreational Aviation Foundation,1,1
The Regency,Regency,1,1
The Region 8 States Council of the United Food & Commercial Workers,Region 8 States Council of the United food & Commercial Workers,1,1
The Retail Gift Card Association,Retail Gift Card Association,1,1
The Rose Foundation,Rose Foundation,1,1
The Roy W. Smith Charitable Foundation,Roy W. Smith Charitable Foundation,1,1
The Salvation Army Red Shield Youth & Community Center,Salvation Army Red Shield Youth & Community Center,1,1
The San Francisco Child Care Planning and Advisory Council,San Francisco Child Care Planning And Advisory Council,1,1
The San Pasqual Band of Mission Indians,San Pasqual Band Of Mission Indians,1,1
The Service State Employees International Union,Service State Employees International Union,1,1
The Sharmus Outlaw Advocacy and Rights (SOAR) Institute,Sharmus Outlaw Advocacy and Rights (SOAR) Institute,1,1
The Sheriff of Kern County,Sheriff of Kern County,1,1
The Silicon Valley Organization (The SVO),Silicon Valley Organization (The SVO),1,1
The Social Justice Committee of the First Unitarian Church,Social Justice Committee of the First Unitarian Church,1,1
The South Vallejo Neighborhood Association,South Vallejo Neighborhood Association,1,1
The Southern California Association of Governments,Southern California Association Of Governments,1,1
The Special Education Advocate Leaders,Special Education Advocate Leaders,1,1
"The Sporting Arms and Ammunition Manufacturers' Institute, Inc","Sporting Arms And Ammunition Manufacturers' Institute, Inc",1,1
The Standard,Standard,1,1
"The State Bar of California, Committee on Appellate Courts","State Bar of California, Committee on Appellate Courts",1,1
The Stockton Beagle Club,Stockton Beagle Club,1,1
The Stratford at Beyer Park,Stratford at Beyer Park,1,1
The Sun,Sun,1,1
The Tehachapi Mountain Democratic Club,Tehachapi Mountain Democratic Club,1,1
The Tempest Group,Tempest Group,1,1
"The Transgender, Gender Variant & Intersex Justice Project","Transgender, Gender Variant & Intersex Justice Project",1,1
The Trusts and Estates Section of the State Bar (TEXCOM),Trusts and Estates Section of the State Bar (TEXCOM),1,1
The Unidos Network,Unidos Network,1,1
The Unitarian Universalist Church of the Desert,Unitarian Universalist Church of the Desert,1,1
The Unitarian Universalist Church of the Verdugo Hills,Unitarian Universalist Church of the Verdugo Hills,1,1
The United Food and Commercial Workers,United food and Commercial Workers,1,1
The United Nations Association of the United States,United Nations Association of the United States,1,1
The United Veterans Council of Monterey County,United Veterans Council of Monterey County,1,1
The Unusual Suspects Theatre Company,Unusual Suspects Theatre Company,1,1
The Vanished Children's,Vanished Children's,1,1
The Vocal Group Hall of Fame Foundation,Vocal Group Hall of Fame Foundation,1,1
The Volunteers of The Burbank Animal Shelter,Volunteers of the Burbank Animal Shelter,1,1
The Walt Disney,Walt Disney,1,1
The Well In The Desert,Well in the Desert,1,1
"The Williams Institute, UCLA School of Law","Williams Institute, UCLA School of Law",1,1
The Wilson Group,Wilson Group,1,1
The Wine Growers Alliance,Wine Growers Alliance,1,1
The Wireless Association,Wireless Association,1,1
The Women's Employment Rights Clinic of Golden,Women's Employment Rights Clinic of Golden,1,1
The Women's Foundation of California (Co-Sponsor),Women's Foundation of California (Co-Sponsor),1,1
The Women's Foundation of California - Sponsor,Women's Foundation of California - Sponsor,1,1
The Women's Foundation of California Solis Policy Institute,Women's Foundation of California Solis Policy Institute,1,1
The Yucca Corridor Coalition,Yucca Corridor Coalition,1,1
the AARP,AarP,1,1
the Act,act,1,1
the African Immigrant and Refugee Resource Center,African Immigrant and Refugee Resource Center,1,1
the American Civil Liberty Union,American Civil Liberty Union,1,1
the Amputee Coalition,Amputee Coalition,1,1
the Arabic Cultural Center,Arabic Cultural Center,1,1
the Asian Americans Advancing Justice - California,ASIAN AMERICANS ADVANCING JUSTICE - CALIFORNIA,1,1
the Association of California Life & Health Insurance Companies,Association of California life & Health Insurance Companies,1,1
the Association of Diabetes Care and Education Specialists,Association of Diabetes Care and Education Specialists,1,1
the Automobile Club of Southern California,Automobile Club Of Southern California,1,1
the Black Women for Wellness,BLACK WOMEN FOR WELLNESS,1,1
the Board of Equalization,Board Of Equalization,1,1
the Cahdemo Association,Cahdemo Association,1,1
the California Association of County Veterans Service Officers,CALIFORNIA ASSOCIATION OF COUNTY VETERANS SERVICE OFFICERS,1,1
the California Association of Marriage and Family Therapists,California Association Of Marriage And Family Therapists,1,1
the California Children's Hospital Association,California Children'S Hospital Association,1,1
"the Center of Race, Poverty and The Environment","Center of Race, Poverty And The Environment",1,1
"the Center of Race, Poverty, and The Environment","Center of Race, Poverty, and the Environment",1,1
the Child Abuse Prevention Council of Contra Costa County,Child Abuse Prevention Council Of Contra Costa County,1,1
the Children's Advocacy Institute,CHILDREN'S ADVOCACY INSTITUTE,1,1
the City of Fresno,City Of Fresno,1,1
the Climeworks,ClimeWorks,1,1
the Community Legal Aid Socal,Community Legal Aid SOCAL,1,1
the Courage Campaign,COURAGE CAMPAIGN,1,1
the Cs Forward,CS Forward,1,1
the Division of the State Architect,Division of the State Architect,1,1
the Earthjustice,EARTHJUSTICE,1,1
the Ella Baker Center for Human Rights,ELLA BAKER CENTER FOR HUMAN RIGHTS,1,1
the Habitat Recovery Project,Habitat Recovery Project,1,1
the Health Net,Health net,1,1
the Hertz Corp,Hertz Corp,1,1
the Humane Society of The United States,Humane Society Of The United States,1,1
the Humane Society of the United States,Humane Society Of The United States,1,1
the IBEW Local Union 569,Ibew Local Union 569,1,1
the Janeunchained,JaneUnchained,1,1
the Johns Hopkins Center for a Livable Future,Johns Hopkins Center for a Livable Future,1,1
the Lawyers' Committee for Civil Rights of the San Francisco Bay Area,Lawyers' Committee For Civil Rights of the San Francisco Bay Area,1,1
the Los Angeles County Office of Education,LoS Angeles County Office of Education,1,1
the Macrebur Limited,Macrebur Limited,1,1
the Medical Board of California,Medical Board Of California,1,1
the Motion Picture Association of America,Motion Picture Association Of America,1,1
the NextGen California,NEXTGEN California,1,1
the Nextgen California,NEXTGEN California,1,1
the Oceana,OCEANA,1,1
the Organization of SMUD Employees,Organization of Smud Employees,1,1
the Pacific Association of Domestic Insurers Companies,Pacific Association of Domestic Insurers Companies,1,1
the Peace Officers Research Association of California (PORAC),Peace Officers Research Association Of California (PORAC),1,1
the Physicians for Social Responsibility - San Francisco Bay Area Chapter,PHYSICIANS FOR SOCIAL RESPONSIBILITY - SAN FRANCISCO BAY AREA CHAPTER,1,1
the Point Blue Conservation Science,Point blue Conservation Science,1,1
the Prevention of Gun Violence,Prevention of Gun Violence,1,1
the Regional Council of Rural Counties,REGIONAL COUNCIL OF RURAL COUNTIES,1,1
the Rural County Representatives of California,RURAL COUNTY REPRESENTATIVES OF CALIFORNIA,1,1
the San Manuel Band of Mission Indians,San Manuel Band Of Mission Indians,1,1
the Small School,Small School,1,1
the State Board of Equalization,State Board Of Equalization,1,1
the State Building and Construction Trades Council of CA,State Building and Construction Trades Council Of CA,1,1
"the U.S. Green Building Council, INC. (USGBC)","U.s. Green Building Council, INC. (USGBC)",1,1
the United Food and Commercial Workers,United food and Commercial Workers,1,1
the Valley Medical Center,Valley Medical Center,1,1
the Watershed Project,Watershed Project,1,1
the Western Center on Law and Poverty,Western Center on Law And Poverty,1,1
the ear,ear,1,1
the plan,Plan,1,1
